<?xml version="1.0" encoding="UTF-8"?>
<gpx xmlns:gpxdata="http://www.cluetrust.com/XML/GPXDATA/1/0" xmlns:xsi="http://www.w3.org/2001/XMLSchema-instance" xmlns="http://www.topografix.com/GPX/1/1" version="1.1" creator="http://ridewithgps.com/" xsi:schemaLocation="http://www.topografix.com/GPX/1/1 http://www.topografix.com/GPX/1/1/gpx.xsd http://www.cluetrust.com/XML/GPXDATA/1/0 http://www.cluetrust.com/Schemas/gpxdata10.xsd">
  <metadata>
    <name>Jour 14 - Marsannay-la-Côte @ Chalon-sur-Saône</name>
    <link href="https://ridewithgps.com/routes/56269293">
      <text>Jour 14 - Marsannay-la-Côte @ Chalon-sur-Saône</text>
    </link>
    <time>2026-07-22T10:50:10Z</time>
  </metadata>
  <trk>
    <name>Jour 14 - Marsannay-la-Côte @ Chalon-sur-Saône</name>
    <trkseg>
      <trkpt lat="47.27064" lon="4.98936">
        <ele>275.5</ele>
      </trkpt>
      <trkpt lat="47.27072" lon="4.98892">
        <ele>276.3</ele>
      </trkpt>
      <trkpt lat="47.27082" lon="4.98895">
        <ele>276.3</ele>
      </trkpt>
      <trkpt lat="47.27118" lon="4.98905">
        <ele>275.8</ele>
      </trkpt>
      <trkpt lat="47.27116" lon="4.98878">
        <ele>276.3</ele>
      </trkpt>
      <trkpt lat="47.27107" lon="4.98874">
        <ele>276.4</ele>
      </trkpt>
      <trkpt lat="47.27086" lon="4.98862">
        <ele>276.6</ele>
      </trkpt>
      <trkpt lat="47.27075" lon="4.98854">
        <ele>276.8</ele>
      </trkpt>
      <trkpt lat="47.27049" lon="4.98831">
        <ele>277.0</ele>
      </trkpt>
      <trkpt lat="47.26977" lon="4.98761">
        <ele>277.2</ele>
      </trkpt>
      <trkpt lat="47.26962" lon="4.98888">
        <ele>276.3</ele>
      </trkpt>
      <trkpt lat="47.26939" lon="4.98994">
        <ele>273.5</ele>
      </trkpt>
      <trkpt lat="47.26926" lon="4.99067">
        <ele>271.3</ele>
      </trkpt>
      <trkpt lat="47.26893" lon="4.99052">
        <ele>271.2</ele>
      </trkpt>
      <trkpt lat="47.26823" lon="4.99008">
        <ele>272.5</ele>
      </trkpt>
      <trkpt lat="47.26753" lon="4.98964">
        <ele>273.4</ele>
      </trkpt>
      <trkpt lat="47.26689" lon="4.98926">
        <ele>273.2</ele>
      </trkpt>
      <trkpt lat="47.26634" lon="4.98895">
        <ele>272.6</ele>
      </trkpt>
      <trkpt lat="47.26567" lon="4.98853">
        <ele>271.8</ele>
      </trkpt>
      <trkpt lat="47.26543" lon="4.98834">
        <ele>271.0</ele>
      </trkpt>
      <trkpt lat="47.26528" lon="4.98824">
        <ele>270.5</ele>
      </trkpt>
      <trkpt lat="47.26448" lon="4.9879">
        <ele>268.8</ele>
      </trkpt>
      <trkpt lat="47.26373" lon="4.98756">
        <ele>269.4</ele>
      </trkpt>
      <trkpt lat="47.26301" lon="4.98728">
        <ele>271.2</ele>
      </trkpt>
      <trkpt lat="47.26217" lon="4.98715">
        <ele>271.9</ele>
      </trkpt>
      <trkpt lat="47.26185" lon="4.98707">
        <ele>271.8</ele>
      </trkpt>
      <trkpt lat="47.26166" lon="4.98701">
        <ele>271.7</ele>
      </trkpt>
      <trkpt lat="47.26142" lon="4.98691">
        <ele>271.6</ele>
      </trkpt>
      <trkpt lat="47.26079" lon="4.98649">
        <ele>271.7</ele>
      </trkpt>
      <trkpt lat="47.26062" lon="4.98641">
        <ele>272.1</ele>
      </trkpt>
      <trkpt lat="47.26052" lon="4.98638">
        <ele>272.3</ele>
      </trkpt>
      <trkpt lat="47.26038" lon="4.98641">
        <ele>272.3</ele>
      </trkpt>
      <trkpt lat="47.2598" lon="4.98649">
        <ele>271.9</ele>
      </trkpt>
      <trkpt lat="47.25949" lon="4.98656">
        <ele>271.0</ele>
      </trkpt>
      <trkpt lat="47.25923" lon="4.98654">
        <ele>270.3</ele>
      </trkpt>
      <trkpt lat="47.25905" lon="4.9865">
        <ele>270.0</ele>
      </trkpt>
      <trkpt lat="47.25869" lon="4.98632">
        <ele>269.6</ele>
      </trkpt>
      <trkpt lat="47.25817" lon="4.98603">
        <ele>268.4</ele>
      </trkpt>
      <trkpt lat="47.25766" lon="4.98575">
        <ele>266.7</ele>
      </trkpt>
      <trkpt lat="47.25763" lon="4.98526">
        <ele>267.7</ele>
      </trkpt>
      <trkpt lat="47.25755" lon="4.98516">
        <ele>267.7</ele>
      </trkpt>
      <trkpt lat="47.25718" lon="4.98481">
        <ele>267.0</ele>
      </trkpt>
      <trkpt lat="47.25694" lon="4.98463">
        <ele>266.2</ele>
      </trkpt>
      <trkpt lat="47.25685" lon="4.98458">
        <ele>265.9</ele>
      </trkpt>
      <trkpt lat="47.25677" lon="4.98455">
        <ele>265.7</ele>
      </trkpt>
      <trkpt lat="47.25667" lon="4.98455">
        <ele>265.5</ele>
      </trkpt>
      <trkpt lat="47.2566" lon="4.98459">
        <ele>265.6</ele>
      </trkpt>
      <trkpt lat="47.25652" lon="4.9847">
        <ele>265.8</ele>
      </trkpt>
      <trkpt lat="47.25644" lon="4.98499">
        <ele>266.0</ele>
      </trkpt>
      <trkpt lat="47.25634" lon="4.98539">
        <ele>265.2</ele>
      </trkpt>
      <trkpt lat="47.25629" lon="4.98549">
        <ele>265.1</ele>
      </trkpt>
      <trkpt lat="47.25619" lon="4.98555">
        <ele>265.1</ele>
      </trkpt>
      <trkpt lat="47.25611" lon="4.98556">
        <ele>265.1</ele>
      </trkpt>
      <trkpt lat="47.25579" lon="4.98552">
        <ele>265.4</ele>
      </trkpt>
      <trkpt lat="47.25515" lon="4.98538">
        <ele>265.5</ele>
      </trkpt>
      <trkpt lat="47.25462" lon="4.98523">
        <ele>266.2</ele>
      </trkpt>
      <trkpt lat="47.25423" lon="4.98511">
        <ele>266.8</ele>
      </trkpt>
      <trkpt lat="47.2536" lon="4.98488">
        <ele>268.5</ele>
      </trkpt>
      <trkpt lat="47.25292" lon="4.98471">
        <ele>269.5</ele>
      </trkpt>
      <trkpt lat="47.25227" lon="4.98447">
        <ele>270.7</ele>
      </trkpt>
      <trkpt lat="47.25161" lon="4.98422">
        <ele>270.8</ele>
      </trkpt>
      <trkpt lat="47.25141" lon="4.98413">
        <ele>270.8</ele>
      </trkpt>
      <trkpt lat="47.25094" lon="4.98408">
        <ele>270.3</ele>
      </trkpt>
      <trkpt lat="47.25028" lon="4.98387">
        <ele>269.6</ele>
      </trkpt>
      <trkpt lat="47.24952" lon="4.98351">
        <ele>269.3</ele>
      </trkpt>
      <trkpt lat="47.24875" lon="4.98316">
        <ele>268.1</ele>
      </trkpt>
      <trkpt lat="47.24793" lon="4.98276">
        <ele>268.0</ele>
      </trkpt>
      <trkpt lat="47.24765" lon="4.98264">
        <ele>268.5</ele>
      </trkpt>
      <trkpt lat="47.24748" lon="4.9826">
        <ele>268.8</ele>
      </trkpt>
      <trkpt lat="47.24681" lon="4.98247">
        <ele>269.1</ele>
      </trkpt>
      <trkpt lat="47.24633" lon="4.98227">
        <ele>269.9</ele>
      </trkpt>
      <trkpt lat="47.24619" lon="4.98218">
        <ele>270.1</ele>
      </trkpt>
      <trkpt lat="47.24596" lon="4.98207">
        <ele>270.1</ele>
      </trkpt>
      <trkpt lat="47.24549" lon="4.98188">
        <ele>270.8</ele>
      </trkpt>
      <trkpt lat="47.24502" lon="4.98169">
        <ele>272.0</ele>
      </trkpt>
      <trkpt lat="47.24485" lon="4.98163">
        <ele>271.6</ele>
      </trkpt>
      <trkpt lat="47.24476" lon="4.98158">
        <ele>271.5</ele>
      </trkpt>
      <trkpt lat="47.24467" lon="4.98154">
        <ele>271.3</ele>
      </trkpt>
      <trkpt lat="47.24434" lon="4.98151">
        <ele>270.7</ele>
      </trkpt>
      <trkpt lat="47.24375" lon="4.98128">
        <ele>270.0</ele>
      </trkpt>
      <trkpt lat="47.24303" lon="4.98099">
        <ele>267.8</ele>
      </trkpt>
      <trkpt lat="47.24249" lon="4.98073">
        <ele>266.1</ele>
      </trkpt>
      <trkpt lat="47.24201" lon="4.98051">
        <ele>265.7</ele>
      </trkpt>
      <trkpt lat="47.24153" lon="4.98028">
        <ele>266.0</ele>
      </trkpt>
      <trkpt lat="47.24089" lon="4.98006">
        <ele>266.9</ele>
      </trkpt>
      <trkpt lat="47.24025" lon="4.97983">
        <ele>266.9</ele>
      </trkpt>
      <trkpt lat="47.23962" lon="4.9796">
        <ele>266.8</ele>
      </trkpt>
      <trkpt lat="47.23938" lon="4.97949">
        <ele>266.5</ele>
      </trkpt>
      <trkpt lat="47.23894" lon="4.97919">
        <ele>265.7</ele>
      </trkpt>
      <trkpt lat="47.23851" lon="4.97889">
        <ele>265.5</ele>
      </trkpt>
      <trkpt lat="47.23778" lon="4.97849">
        <ele>265.7</ele>
      </trkpt>
      <trkpt lat="47.23712" lon="4.97808">
        <ele>267.1</ele>
      </trkpt>
      <trkpt lat="47.23677" lon="4.9779">
        <ele>267.9</ele>
      </trkpt>
      <trkpt lat="47.23648" lon="4.97773">
        <ele>267.9</ele>
      </trkpt>
      <trkpt lat="47.23633" lon="4.97759">
        <ele>267.6</ele>
      </trkpt>
      <trkpt lat="47.23624" lon="4.97762">
        <ele>267.2</ele>
      </trkpt>
      <trkpt lat="47.23592" lon="4.97762">
        <ele>266.1</ele>
      </trkpt>
      <trkpt lat="47.23586" lon="4.97761">
        <ele>266.0</ele>
      </trkpt>
      <trkpt lat="47.23585" lon="4.97756">
        <ele>266.0</ele>
      </trkpt>
      <trkpt lat="47.23583" lon="4.97752">
        <ele>266.0</ele>
      </trkpt>
      <trkpt lat="47.2358" lon="4.97749">
        <ele>265.8</ele>
      </trkpt>
      <trkpt lat="47.23576" lon="4.97748">
        <ele>265.7</ele>
      </trkpt>
      <trkpt lat="47.23573" lon="4.97749">
        <ele>265.5</ele>
      </trkpt>
      <trkpt lat="47.23569" lon="4.97739">
        <ele>265.4</ele>
      </trkpt>
      <trkpt lat="47.23509" lon="4.97645">
        <ele>264.0</ele>
      </trkpt>
      <trkpt lat="47.23489" lon="4.97622">
        <ele>263.7</ele>
      </trkpt>
      <trkpt lat="47.23431" lon="4.97566">
        <ele>263.1</ele>
      </trkpt>
      <trkpt lat="47.2339" lon="4.97523">
        <ele>264.3</ele>
      </trkpt>
      <trkpt lat="47.23374" lon="4.97514">
        <ele>264.6</ele>
      </trkpt>
      <trkpt lat="47.23297" lon="4.97478">
        <ele>265.0</ele>
      </trkpt>
      <trkpt lat="47.23228" lon="4.97442">
        <ele>265.6</ele>
      </trkpt>
      <trkpt lat="47.23159" lon="4.97406">
        <ele>266.2</ele>
      </trkpt>
      <trkpt lat="47.23122" lon="4.97383">
        <ele>266.5</ele>
      </trkpt>
      <trkpt lat="47.23046" lon="4.97318">
        <ele>268.8</ele>
      </trkpt>
      <trkpt lat="47.23007" lon="4.97295">
        <ele>269.8</ele>
      </trkpt>
      <trkpt lat="47.22963" lon="4.97269">
        <ele>270.3</ele>
      </trkpt>
      <trkpt lat="47.22928" lon="4.97256">
        <ele>270.1</ele>
      </trkpt>
      <trkpt lat="47.22925" lon="4.97268">
        <ele>270.1</ele>
      </trkpt>
      <trkpt lat="47.22917" lon="4.97265">
        <ele>270.0</ele>
      </trkpt>
      <trkpt lat="47.22848" lon="4.97255">
        <ele>269.9</ele>
      </trkpt>
      <trkpt lat="47.22835" lon="4.9725">
        <ele>270.0</ele>
      </trkpt>
      <trkpt lat="47.22776" lon="4.9722">
        <ele>272.6</ele>
      </trkpt>
      <trkpt lat="47.22735" lon="4.97205">
        <ele>273.7</ele>
      </trkpt>
      <trkpt lat="47.22708" lon="4.97186">
        <ele>274.3</ele>
      </trkpt>
      <trkpt lat="47.22695" lon="4.97181">
        <ele>274.5</ele>
      </trkpt>
      <trkpt lat="47.22656" lon="4.97176">
        <ele>275.2</ele>
      </trkpt>
      <trkpt lat="47.22642" lon="4.97177">
        <ele>275.6</ele>
      </trkpt>
      <trkpt lat="47.22636" lon="4.9718">
        <ele>275.8</ele>
      </trkpt>
      <trkpt lat="47.22614" lon="4.97154">
        <ele>276.2</ele>
      </trkpt>
      <trkpt lat="47.22597" lon="4.97135">
        <ele>276.4</ele>
      </trkpt>
      <trkpt lat="47.22593" lon="4.97128">
        <ele>276.4</ele>
      </trkpt>
      <trkpt lat="47.2259" lon="4.97108">
        <ele>276.2</ele>
      </trkpt>
      <trkpt lat="47.22586" lon="4.97021">
        <ele>278.2</ele>
      </trkpt>
      <trkpt lat="47.22587" lon="4.97012">
        <ele>278.5</ele>
      </trkpt>
      <trkpt lat="47.22583" lon="4.97012">
        <ele>278.6</ele>
      </trkpt>
      <trkpt lat="47.22571" lon="4.97019">
        <ele>278.5</ele>
      </trkpt>
      <trkpt lat="47.22543" lon="4.97029">
        <ele>278.4</ele>
      </trkpt>
      <trkpt lat="47.22498" lon="4.97064">
        <ele>277.7</ele>
      </trkpt>
      <trkpt lat="47.22492" lon="4.97069">
        <ele>277.5</ele>
      </trkpt>
      <trkpt lat="47.2249" lon="4.97074">
        <ele>277.3</ele>
      </trkpt>
      <trkpt lat="47.22471" lon="4.97071">
        <ele>277.4</ele>
      </trkpt>
      <trkpt lat="47.22464" lon="4.97067">
        <ele>277.5</ele>
      </trkpt>
      <trkpt lat="47.22459" lon="4.97062">
        <ele>277.6</ele>
      </trkpt>
      <trkpt lat="47.2246" lon="4.97057">
        <ele>277.8</ele>
      </trkpt>
      <trkpt lat="47.22459" lon="4.97054">
        <ele>277.9</ele>
      </trkpt>
      <trkpt lat="47.22458" lon="4.97052">
        <ele>277.9</ele>
      </trkpt>
      <trkpt lat="47.22453" lon="4.9705">
        <ele>278.0</ele>
      </trkpt>
      <trkpt lat="47.22448" lon="4.9702">
        <ele>278.8</ele>
      </trkpt>
      <trkpt lat="47.22438" lon="4.97005">
        <ele>279.1</ele>
      </trkpt>
      <trkpt lat="47.22407" lon="4.96974">
        <ele>279.1</ele>
      </trkpt>
      <trkpt lat="47.22394" lon="4.96966">
        <ele>278.8</ele>
      </trkpt>
      <trkpt lat="47.22391" lon="4.96965">
        <ele>278.7</ele>
      </trkpt>
      <trkpt lat="47.22382" lon="4.96964">
        <ele>278.4</ele>
      </trkpt>
      <trkpt lat="47.22372" lon="4.96964">
        <ele>278.1</ele>
      </trkpt>
      <trkpt lat="47.22361" lon="4.96968">
        <ele>277.8</ele>
      </trkpt>
      <trkpt lat="47.22342" lon="4.96978">
        <ele>277.2</ele>
      </trkpt>
      <trkpt lat="47.22324" lon="4.96983">
        <ele>276.7</ele>
      </trkpt>
      <trkpt lat="47.22257" lon="4.96994">
        <ele>274.2</ele>
      </trkpt>
      <trkpt lat="47.22248" lon="4.96995">
        <ele>274.0</ele>
      </trkpt>
      <trkpt lat="47.22232" lon="4.96992">
        <ele>273.8</ele>
      </trkpt>
      <trkpt lat="47.22219" lon="4.96987">
        <ele>273.7</ele>
      </trkpt>
      <trkpt lat="47.22161" lon="4.96954">
        <ele>273.4</ele>
      </trkpt>
      <trkpt lat="47.22132" lon="4.96943">
        <ele>273.1</ele>
      </trkpt>
      <trkpt lat="47.22121" lon="4.96939">
        <ele>273.0</ele>
      </trkpt>
      <trkpt lat="47.22076" lon="4.96929">
        <ele>272.7</ele>
      </trkpt>
      <trkpt lat="47.22051" lon="4.96922">
        <ele>272.9</ele>
      </trkpt>
      <trkpt lat="47.21992" lon="4.96901">
        <ele>272.9</ele>
      </trkpt>
      <trkpt lat="47.21952" lon="4.96884">
        <ele>272.1</ele>
      </trkpt>
      <trkpt lat="47.21896" lon="4.96857">
        <ele>271.7</ele>
      </trkpt>
      <trkpt lat="47.21877" lon="4.9685">
        <ele>271.6</ele>
      </trkpt>
      <trkpt lat="47.21848" lon="4.96844">
        <ele>271.1</ele>
      </trkpt>
      <trkpt lat="47.21801" lon="4.96838">
        <ele>270.8</ele>
      </trkpt>
      <trkpt lat="47.2177" lon="4.96832">
        <ele>271.0</ele>
      </trkpt>
      <trkpt lat="47.21757" lon="4.96829">
        <ele>271.1</ele>
      </trkpt>
      <trkpt lat="47.2171" lon="4.96812">
        <ele>271.5</ele>
      </trkpt>
      <trkpt lat="47.21643" lon="4.96786">
        <ele>272.1</ele>
      </trkpt>
      <trkpt lat="47.2157" lon="4.96759">
        <ele>273.0</ele>
      </trkpt>
      <trkpt lat="47.21503" lon="4.96724">
        <ele>273.0</ele>
      </trkpt>
      <trkpt lat="47.21491" lon="4.96719">
        <ele>273.2</ele>
      </trkpt>
      <trkpt lat="47.21464" lon="4.96712">
        <ele>273.5</ele>
      </trkpt>
      <trkpt lat="47.21445" lon="4.96715">
        <ele>273.2</ele>
      </trkpt>
      <trkpt lat="47.21407" lon="4.96726">
        <ele>272.2</ele>
      </trkpt>
      <trkpt lat="47.21393" lon="4.96728">
        <ele>272.2</ele>
      </trkpt>
      <trkpt lat="47.21372" lon="4.96723">
        <ele>272.8</ele>
      </trkpt>
      <trkpt lat="47.21354" lon="4.96716">
        <ele>273.4</ele>
      </trkpt>
      <trkpt lat="47.21304" lon="4.96691">
        <ele>273.6</ele>
      </trkpt>
      <trkpt lat="47.21255" lon="4.96666">
        <ele>272.3</ele>
      </trkpt>
      <trkpt lat="47.21228" lon="4.96653">
        <ele>272.9</ele>
      </trkpt>
      <trkpt lat="47.21194" lon="4.96643">
        <ele>273.5</ele>
      </trkpt>
      <trkpt lat="47.21141" lon="4.96631">
        <ele>274.3</ele>
      </trkpt>
      <trkpt lat="47.21094" lon="4.96613">
        <ele>275.5</ele>
      </trkpt>
      <trkpt lat="47.21048" lon="4.96595">
        <ele>276.9</ele>
      </trkpt>
      <trkpt lat="47.21009" lon="4.96578">
        <ele>278.1</ele>
      </trkpt>
      <trkpt lat="47.20985" lon="4.96565">
        <ele>278.5</ele>
      </trkpt>
      <trkpt lat="47.20943" lon="4.96536">
        <ele>279.4</ele>
      </trkpt>
      <trkpt lat="47.20928" lon="4.96527">
        <ele>279.7</ele>
      </trkpt>
      <trkpt lat="47.20906" lon="4.96522">
        <ele>279.7</ele>
      </trkpt>
      <trkpt lat="47.20893" lon="4.96522">
        <ele>279.5</ele>
      </trkpt>
      <trkpt lat="47.20822" lon="4.96529">
        <ele>277.6</ele>
      </trkpt>
      <trkpt lat="47.20746" lon="4.96535">
        <ele>274.6</ele>
      </trkpt>
      <trkpt lat="47.20724" lon="4.96537">
        <ele>273.4</ele>
      </trkpt>
      <trkpt lat="47.20692" lon="4.96543">
        <ele>271.7</ele>
      </trkpt>
      <trkpt lat="47.20676" lon="4.96546">
        <ele>270.8</ele>
      </trkpt>
      <trkpt lat="47.20665" lon="4.96551">
        <ele>270.1</ele>
      </trkpt>
      <trkpt lat="47.20625" lon="4.96573">
        <ele>268.4</ele>
      </trkpt>
      <trkpt lat="47.20613" lon="4.96575">
        <ele>268.0</ele>
      </trkpt>
      <trkpt lat="47.20524" lon="4.96569">
        <ele>266.8</ele>
      </trkpt>
      <trkpt lat="47.20473" lon="4.96564">
        <ele>266.5</ele>
      </trkpt>
      <trkpt lat="47.20459" lon="4.96561">
        <ele>266.4</ele>
      </trkpt>
      <trkpt lat="47.20442" lon="4.96555">
        <ele>266.6</ele>
      </trkpt>
      <trkpt lat="47.20423" lon="4.96545">
        <ele>266.9</ele>
      </trkpt>
      <trkpt lat="47.20398" lon="4.96537">
        <ele>267.2</ele>
      </trkpt>
      <trkpt lat="47.20338" lon="4.96524">
        <ele>267.9</ele>
      </trkpt>
      <trkpt lat="47.20277" lon="4.96511">
        <ele>267.8</ele>
      </trkpt>
      <trkpt lat="47.20257" lon="4.96504">
        <ele>267.9</ele>
      </trkpt>
      <trkpt lat="47.20194" lon="4.96476">
        <ele>269.8</ele>
      </trkpt>
      <trkpt lat="47.2012" lon="4.96445">
        <ele>271.6</ele>
      </trkpt>
      <trkpt lat="47.201" lon="4.96437">
        <ele>272.0</ele>
      </trkpt>
      <trkpt lat="47.20025" lon="4.96407">
        <ele>273.3</ele>
      </trkpt>
      <trkpt lat="47.20002" lon="4.96395">
        <ele>273.5</ele>
      </trkpt>
      <trkpt lat="47.19983" lon="4.96383">
        <ele>274.0</ele>
      </trkpt>
      <trkpt lat="47.19974" lon="4.96373">
        <ele>274.4</ele>
      </trkpt>
      <trkpt lat="47.19959" lon="4.96351">
        <ele>275.3</ele>
      </trkpt>
      <trkpt lat="47.19946" lon="4.96328">
        <ele>276.6</ele>
      </trkpt>
      <trkpt lat="47.19929" lon="4.96302">
        <ele>277.9</ele>
      </trkpt>
      <trkpt lat="47.19921" lon="4.96284">
        <ele>278.7</ele>
      </trkpt>
      <trkpt lat="47.1991" lon="4.9625">
        <ele>279.8</ele>
      </trkpt>
      <trkpt lat="47.19904" lon="4.96238">
        <ele>280.1</ele>
      </trkpt>
      <trkpt lat="47.19898" lon="4.9623">
        <ele>280.3</ele>
      </trkpt>
      <trkpt lat="47.19892" lon="4.96224">
        <ele>280.3</ele>
      </trkpt>
      <trkpt lat="47.19886" lon="4.96221">
        <ele>280.3</ele>
      </trkpt>
      <trkpt lat="47.19878" lon="4.9622">
        <ele>280.1</ele>
      </trkpt>
      <trkpt lat="47.19868" lon="4.9622">
        <ele>279.9</ele>
      </trkpt>
      <trkpt lat="47.19855" lon="4.96229">
        <ele>279.3</ele>
      </trkpt>
      <trkpt lat="47.19844" lon="4.96241">
        <ele>278.6</ele>
      </trkpt>
      <trkpt lat="47.19837" lon="4.96247">
        <ele>278.2</ele>
      </trkpt>
      <trkpt lat="47.19828" lon="4.96248">
        <ele>277.8</ele>
      </trkpt>
      <trkpt lat="47.19814" lon="4.96244">
        <ele>277.3</ele>
      </trkpt>
      <trkpt lat="47.19789" lon="4.96232">
        <ele>276.4</ele>
      </trkpt>
      <trkpt lat="47.19763" lon="4.96224">
        <ele>275.3</ele>
      </trkpt>
      <trkpt lat="47.19739" lon="4.96213">
        <ele>274.2</ele>
      </trkpt>
      <trkpt lat="47.19731" lon="4.96211">
        <ele>273.7</ele>
      </trkpt>
      <trkpt lat="47.19697" lon="4.96209">
        <ele>271.5</ele>
      </trkpt>
      <trkpt lat="47.19673" lon="4.96211">
        <ele>269.8</ele>
      </trkpt>
      <trkpt lat="47.19653" lon="4.96209">
        <ele>268.9</ele>
      </trkpt>
      <trkpt lat="47.1957" lon="4.96182">
        <ele>266.3</ele>
      </trkpt>
      <trkpt lat="47.19561" lon="4.96181">
        <ele>266.1</ele>
      </trkpt>
      <trkpt lat="47.19555" lon="4.96181">
        <ele>266.0</ele>
      </trkpt>
      <trkpt lat="47.19511" lon="4.96148">
        <ele>266.1</ele>
      </trkpt>
      <trkpt lat="47.19468" lon="4.96115">
        <ele>265.8</ele>
      </trkpt>
      <trkpt lat="47.19435" lon="4.96092">
        <ele>265.4</ele>
      </trkpt>
      <trkpt lat="47.19367" lon="4.96053">
        <ele>264.4</ele>
      </trkpt>
      <trkpt lat="47.19302" lon="4.96005">
        <ele>265.4</ele>
      </trkpt>
      <trkpt lat="47.19299" lon="4.96008">
        <ele>265.2</ele>
      </trkpt>
      <trkpt lat="47.19294" lon="4.96008">
        <ele>265.2</ele>
      </trkpt>
      <trkpt lat="47.19281" lon="4.96001">
        <ele>265.3</ele>
      </trkpt>
      <trkpt lat="47.19264" lon="4.95996">
        <ele>265.5</ele>
      </trkpt>
      <trkpt lat="47.19229" lon="4.95997">
        <ele>265.5</ele>
      </trkpt>
      <trkpt lat="47.19197" lon="4.95989">
        <ele>266.4</ele>
      </trkpt>
      <trkpt lat="47.19171" lon="4.95981">
        <ele>267.1</ele>
      </trkpt>
      <trkpt lat="47.19154" lon="4.95978">
        <ele>267.3</ele>
      </trkpt>
      <trkpt lat="47.19145" lon="4.95979">
        <ele>267.2</ele>
      </trkpt>
      <trkpt lat="47.19127" lon="4.95987">
        <ele>266.7</ele>
      </trkpt>
      <trkpt lat="47.19079" lon="4.96024">
        <ele>265.4</ele>
      </trkpt>
      <trkpt lat="47.19052" lon="4.96044">
        <ele>264.8</ele>
      </trkpt>
      <trkpt lat="47.19036" lon="4.96052">
        <ele>264.4</ele>
      </trkpt>
      <trkpt lat="47.19003" lon="4.9606">
        <ele>263.9</ele>
      </trkpt>
      <trkpt lat="47.18989" lon="4.96059">
        <ele>264.0</ele>
      </trkpt>
      <trkpt lat="47.18937" lon="4.96053">
        <ele>264.8</ele>
      </trkpt>
      <trkpt lat="47.18896" lon="4.9605">
        <ele>264.6</ele>
      </trkpt>
      <trkpt lat="47.18877" lon="4.96049">
        <ele>264.1</ele>
      </trkpt>
      <trkpt lat="47.18844" lon="4.9605">
        <ele>263.1</ele>
      </trkpt>
      <trkpt lat="47.1883" lon="4.96049">
        <ele>262.8</ele>
      </trkpt>
      <trkpt lat="47.18784" lon="4.96038">
        <ele>262.2</ele>
      </trkpt>
      <trkpt lat="47.18738" lon="4.96028">
        <ele>261.4</ele>
      </trkpt>
      <trkpt lat="47.18719" lon="4.96024">
        <ele>261.1</ele>
      </trkpt>
      <trkpt lat="47.1865" lon="4.96024">
        <ele>259.7</ele>
      </trkpt>
      <trkpt lat="47.18628" lon="4.96022">
        <ele>259.3</ele>
      </trkpt>
      <trkpt lat="47.18623" lon="4.96009">
        <ele>259.4</ele>
      </trkpt>
      <trkpt lat="47.18619" lon="4.96003">
        <ele>259.4</ele>
      </trkpt>
      <trkpt lat="47.18615" lon="4.95998">
        <ele>259.4</ele>
      </trkpt>
      <trkpt lat="47.18598" lon="4.95985">
        <ele>259.4</ele>
      </trkpt>
      <trkpt lat="47.18578" lon="4.95974">
        <ele>259.2</ele>
      </trkpt>
      <trkpt lat="47.18534" lon="4.95956">
        <ele>258.6</ele>
      </trkpt>
      <trkpt lat="47.18521" lon="4.95949">
        <ele>258.4</ele>
      </trkpt>
      <trkpt lat="47.1848" lon="4.95924">
        <ele>258.5</ele>
      </trkpt>
      <trkpt lat="47.1845" lon="4.95909">
        <ele>259.4</ele>
      </trkpt>
      <trkpt lat="47.18383" lon="4.9589">
        <ele>260.5</ele>
      </trkpt>
      <trkpt lat="47.18366" lon="4.95884">
        <ele>260.7</ele>
      </trkpt>
      <trkpt lat="47.18353" lon="4.95878">
        <ele>260.9</ele>
      </trkpt>
      <trkpt lat="47.1829" lon="4.95846">
        <ele>262.3</ele>
      </trkpt>
      <trkpt lat="47.18249" lon="4.95827">
        <ele>263.2</ele>
      </trkpt>
      <trkpt lat="47.18232" lon="4.95818">
        <ele>263.6</ele>
      </trkpt>
      <trkpt lat="47.18226" lon="4.95814">
        <ele>263.7</ele>
      </trkpt>
      <trkpt lat="47.18223" lon="4.9581">
        <ele>263.9</ele>
      </trkpt>
      <trkpt lat="47.18208" lon="4.95798">
        <ele>264.5</ele>
      </trkpt>
      <trkpt lat="47.18178" lon="4.95775">
        <ele>265.7</ele>
      </trkpt>
      <trkpt lat="47.18169" lon="4.95772">
        <ele>265.9</ele>
      </trkpt>
      <trkpt lat="47.1815" lon="4.95755">
        <ele>267.1</ele>
      </trkpt>
      <trkpt lat="47.1807" lon="4.95705">
        <ele>271.4</ele>
      </trkpt>
      <trkpt lat="47.18031" lon="4.9568">
        <ele>272.0</ele>
      </trkpt>
      <trkpt lat="47.18013" lon="4.95667">
        <ele>272.3</ele>
      </trkpt>
      <trkpt lat="47.17986" lon="4.95639">
        <ele>272.7</ele>
      </trkpt>
      <trkpt lat="47.17966" lon="4.9563">
        <ele>272.1</ele>
      </trkpt>
      <trkpt lat="47.17912" lon="4.95617">
        <ele>269.5</ele>
      </trkpt>
      <trkpt lat="47.17876" lon="4.956">
        <ele>266.0</ele>
      </trkpt>
      <trkpt lat="47.1784" lon="4.95573">
        <ele>264.3</ele>
      </trkpt>
      <trkpt lat="47.17822" lon="4.9556">
        <ele>264.4</ele>
      </trkpt>
      <trkpt lat="47.1775" lon="4.95526">
        <ele>263.9</ele>
      </trkpt>
      <trkpt lat="47.17725" lon="4.95517">
        <ele>263.8</ele>
      </trkpt>
      <trkpt lat="47.1771" lon="4.95506">
        <ele>264.1</ele>
      </trkpt>
      <trkpt lat="47.177" lon="4.95496">
        <ele>264.3</ele>
      </trkpt>
      <trkpt lat="47.17687" lon="4.95488">
        <ele>264.0</ele>
      </trkpt>
      <trkpt lat="47.17676" lon="4.95485">
        <ele>263.5</ele>
      </trkpt>
      <trkpt lat="47.17656" lon="4.95488">
        <ele>262.0</ele>
      </trkpt>
      <trkpt lat="47.17642" lon="4.95493">
        <ele>260.9</ele>
      </trkpt>
      <trkpt lat="47.17629" lon="4.955">
        <ele>259.7</ele>
      </trkpt>
      <trkpt lat="47.17573" lon="4.9546">
        <ele>259.0</ele>
      </trkpt>
      <trkpt lat="47.17561" lon="4.95446">
        <ele>259.3</ele>
      </trkpt>
      <trkpt lat="47.17534" lon="4.95412">
        <ele>259.3</ele>
      </trkpt>
      <trkpt lat="47.17513" lon="4.95389">
        <ele>259.2</ele>
      </trkpt>
      <trkpt lat="47.1749" lon="4.95366">
        <ele>259.2</ele>
      </trkpt>
      <trkpt lat="47.17481" lon="4.95362">
        <ele>259.1</ele>
      </trkpt>
      <trkpt lat="47.17457" lon="4.95361">
        <ele>258.5</ele>
      </trkpt>
      <trkpt lat="47.17397" lon="4.95354">
        <ele>258.6</ele>
      </trkpt>
      <trkpt lat="47.1739" lon="4.95352">
        <ele>259.1</ele>
      </trkpt>
      <trkpt lat="47.17383" lon="4.95347">
        <ele>259.6</ele>
      </trkpt>
      <trkpt lat="47.17367" lon="4.95332">
        <ele>261.0</ele>
      </trkpt>
      <trkpt lat="47.17352" lon="4.95324">
        <ele>262.2</ele>
      </trkpt>
      <trkpt lat="47.17338" lon="4.95319">
        <ele>263.1</ele>
      </trkpt>
      <trkpt lat="47.1733" lon="4.95313">
        <ele>263.4</ele>
      </trkpt>
      <trkpt lat="47.17326" lon="4.95306">
        <ele>263.6</ele>
      </trkpt>
      <trkpt lat="47.17306" lon="4.95296">
        <ele>263.6</ele>
      </trkpt>
      <trkpt lat="47.17287" lon="4.95295">
        <ele>263.4</ele>
      </trkpt>
      <trkpt lat="47.17244" lon="4.95289">
        <ele>263.0</ele>
      </trkpt>
      <trkpt lat="47.172" lon="4.95276">
        <ele>262.4</ele>
      </trkpt>
      <trkpt lat="47.17129" lon="4.95265">
        <ele>262.1</ele>
      </trkpt>
      <trkpt lat="47.17094" lon="4.95264">
        <ele>262.4</ele>
      </trkpt>
      <trkpt lat="47.17082" lon="4.95266">
        <ele>262.3</ele>
      </trkpt>
      <trkpt lat="47.17068" lon="4.95266">
        <ele>261.7</ele>
      </trkpt>
      <trkpt lat="47.17054" lon="4.95264">
        <ele>261.1</ele>
      </trkpt>
      <trkpt lat="47.1704" lon="4.9526">
        <ele>260.6</ele>
      </trkpt>
      <trkpt lat="47.16993" lon="4.95238">
        <ele>258.9</ele>
      </trkpt>
      <trkpt lat="47.16962" lon="4.95229">
        <ele>258.0</ele>
      </trkpt>
      <trkpt lat="47.16928" lon="4.9522">
        <ele>257.1</ele>
      </trkpt>
      <trkpt lat="47.16864" lon="4.95199">
        <ele>256.6</ele>
      </trkpt>
      <trkpt lat="47.16801" lon="4.95178">
        <ele>257.5</ele>
      </trkpt>
      <trkpt lat="47.16774" lon="4.95175">
        <ele>258.2</ele>
      </trkpt>
      <trkpt lat="47.16719" lon="4.95172">
        <ele>259.2</ele>
      </trkpt>
      <trkpt lat="47.16672" lon="4.95168">
        <ele>259.9</ele>
      </trkpt>
      <trkpt lat="47.16625" lon="4.95164">
        <ele>260.1</ele>
      </trkpt>
      <trkpt lat="47.16609" lon="4.95165">
        <ele>260.0</ele>
      </trkpt>
      <trkpt lat="47.16575" lon="4.95174">
        <ele>259.8</ele>
      </trkpt>
      <trkpt lat="47.16549" lon="4.95175">
        <ele>259.4</ele>
      </trkpt>
      <trkpt lat="47.16494" lon="4.95167">
        <ele>258.9</ele>
      </trkpt>
      <trkpt lat="47.16464" lon="4.95161">
        <ele>258.7</ele>
      </trkpt>
      <trkpt lat="47.16453" lon="4.95158">
        <ele>258.6</ele>
      </trkpt>
      <trkpt lat="47.1642" lon="4.95153">
        <ele>258.2</ele>
      </trkpt>
      <trkpt lat="47.16427" lon="4.95092">
        <ele>259.1</ele>
      </trkpt>
      <trkpt lat="47.1643" lon="4.9507">
        <ele>259.7</ele>
      </trkpt>
      <trkpt lat="47.16435" lon="4.95046">
        <ele>260.5</ele>
      </trkpt>
      <trkpt lat="47.16441" lon="4.95029">
        <ele>261.0</ele>
      </trkpt>
      <trkpt lat="47.16435" lon="4.95026">
        <ele>261.0</ele>
      </trkpt>
      <trkpt lat="47.16421" lon="4.95024">
        <ele>261.1</ele>
      </trkpt>
      <trkpt lat="47.16398" lon="4.95022">
        <ele>261.5</ele>
      </trkpt>
      <trkpt lat="47.16393" lon="4.95023">
        <ele>261.5</ele>
      </trkpt>
      <trkpt lat="47.16389" lon="4.95027">
        <ele>261.5</ele>
      </trkpt>
      <trkpt lat="47.1638" lon="4.95048">
        <ele>261.0</ele>
      </trkpt>
      <trkpt lat="47.16371" lon="4.95058">
        <ele>260.9</ele>
      </trkpt>
      <trkpt lat="47.1635" lon="4.9507">
        <ele>261.0</ele>
      </trkpt>
      <trkpt lat="47.16329" lon="4.95076">
        <ele>261.1</ele>
      </trkpt>
      <trkpt lat="47.16306" lon="4.95079">
        <ele>260.5</ele>
      </trkpt>
      <trkpt lat="47.16285" lon="4.95076">
        <ele>260.1</ele>
      </trkpt>
      <trkpt lat="47.16256" lon="4.95069">
        <ele>259.6</ele>
      </trkpt>
      <trkpt lat="47.1624" lon="4.95068">
        <ele>259.5</ele>
      </trkpt>
      <trkpt lat="47.16228" lon="4.95069">
        <ele>259.3</ele>
      </trkpt>
      <trkpt lat="47.16218" lon="4.95072">
        <ele>259.1</ele>
      </trkpt>
      <trkpt lat="47.16206" lon="4.95079">
        <ele>258.7</ele>
      </trkpt>
      <trkpt lat="47.16181" lon="4.95087">
        <ele>258.0</ele>
      </trkpt>
      <trkpt lat="47.16166" lon="4.95087">
        <ele>257.8</ele>
      </trkpt>
      <trkpt lat="47.16095" lon="4.95071">
        <ele>256.9</ele>
      </trkpt>
      <trkpt lat="47.16081" lon="4.95134">
        <ele>253.5</ele>
      </trkpt>
      <trkpt lat="47.16073" lon="4.95153">
        <ele>252.2</ele>
      </trkpt>
      <trkpt lat="47.16068" lon="4.95162">
        <ele>251.5</ele>
      </trkpt>
      <trkpt lat="47.16054" lon="4.9518">
        <ele>250.2</ele>
      </trkpt>
      <trkpt lat="47.16051" lon="4.95188">
        <ele>249.9</ele>
      </trkpt>
      <trkpt lat="47.16046" lon="4.95204">
        <ele>249.3</ele>
      </trkpt>
      <trkpt lat="47.16036" lon="4.95257">
        <ele>247.7</ele>
      </trkpt>
      <trkpt lat="47.16004" lon="4.95239">
        <ele>247.2</ele>
      </trkpt>
      <trkpt lat="47.15918" lon="4.95223">
        <ele>245.0</ele>
      </trkpt>
      <trkpt lat="47.15909" lon="4.95218">
        <ele>245.3</ele>
      </trkpt>
      <trkpt lat="47.15899" lon="4.95209">
        <ele>245.8</ele>
      </trkpt>
      <trkpt lat="47.15892" lon="4.95197">
        <ele>246.3</ele>
      </trkpt>
      <trkpt lat="47.15879" lon="4.95173">
        <ele>247.3</ele>
      </trkpt>
      <trkpt lat="47.15861" lon="4.95132">
        <ele>249.9</ele>
      </trkpt>
      <trkpt lat="47.15855" lon="4.95124">
        <ele>250.4</ele>
      </trkpt>
      <trkpt lat="47.15849" lon="4.95118">
        <ele>250.8</ele>
      </trkpt>
      <trkpt lat="47.15836" lon="4.95112">
        <ele>251.3</ele>
      </trkpt>
      <trkpt lat="47.1578" lon="4.951">
        <ele>251.8</ele>
      </trkpt>
      <trkpt lat="47.15731" lon="4.95081">
        <ele>251.9</ele>
      </trkpt>
      <trkpt lat="47.15682" lon="4.95063">
        <ele>252.0</ele>
      </trkpt>
      <trkpt lat="47.15663" lon="4.95055">
        <ele>251.8</ele>
      </trkpt>
      <trkpt lat="47.15587" lon="4.95007">
        <ele>249.8</ele>
      </trkpt>
      <trkpt lat="47.15564" lon="4.94997">
        <ele>249.5</ele>
      </trkpt>
      <trkpt lat="47.15529" lon="4.94987">
        <ele>249.0</ele>
      </trkpt>
      <trkpt lat="47.155" lon="4.94975">
        <ele>248.8</ele>
      </trkpt>
      <trkpt lat="47.15481" lon="4.9497">
        <ele>248.2</ele>
      </trkpt>
      <trkpt lat="47.15471" lon="4.94969">
        <ele>247.8</ele>
      </trkpt>
      <trkpt lat="47.15434" lon="4.94973">
        <ele>245.8</ele>
      </trkpt>
      <trkpt lat="47.15421" lon="4.94974">
        <ele>245.1</ele>
      </trkpt>
      <trkpt lat="47.15399" lon="4.94969">
        <ele>245.3</ele>
      </trkpt>
      <trkpt lat="47.15373" lon="4.94956">
        <ele>246.1</ele>
      </trkpt>
      <trkpt lat="47.15324" lon="4.94939">
        <ele>246.9</ele>
      </trkpt>
      <trkpt lat="47.15282" lon="4.94912">
        <ele>248.3</ele>
      </trkpt>
      <trkpt lat="47.15261" lon="4.94901">
        <ele>249.0</ele>
      </trkpt>
      <trkpt lat="47.15246" lon="4.94895">
        <ele>249.4</ele>
      </trkpt>
      <trkpt lat="47.15222" lon="4.94892">
        <ele>250.0</ele>
      </trkpt>
      <trkpt lat="47.15203" lon="4.94894">
        <ele>250.3</ele>
      </trkpt>
      <trkpt lat="47.15184" lon="4.94893">
        <ele>250.8</ele>
      </trkpt>
      <trkpt lat="47.15168" lon="4.94888">
        <ele>251.4</ele>
      </trkpt>
      <trkpt lat="47.15154" lon="4.9488">
        <ele>251.7</ele>
      </trkpt>
      <trkpt lat="47.1513" lon="4.94865">
        <ele>252.2</ele>
      </trkpt>
      <trkpt lat="47.15095" lon="4.94847">
        <ele>252.6</ele>
      </trkpt>
      <trkpt lat="47.15066" lon="4.94834">
        <ele>253.0</ele>
      </trkpt>
      <trkpt lat="47.15021" lon="4.94812">
        <ele>253.6</ele>
      </trkpt>
      <trkpt lat="47.14998" lon="4.94794">
        <ele>253.9</ele>
      </trkpt>
      <trkpt lat="47.14987" lon="4.94783">
        <ele>254.0</ele>
      </trkpt>
      <trkpt lat="47.14966" lon="4.94757">
        <ele>254.0</ele>
      </trkpt>
      <trkpt lat="47.14928" lon="4.94724">
        <ele>253.3</ele>
      </trkpt>
      <trkpt lat="47.1492" lon="4.94716">
        <ele>253.1</ele>
      </trkpt>
      <trkpt lat="47.14884" lon="4.94676">
        <ele>251.8</ele>
      </trkpt>
      <trkpt lat="47.14848" lon="4.94636">
        <ele>250.9</ele>
      </trkpt>
      <trkpt lat="47.14827" lon="4.94616">
        <ele>250.5</ele>
      </trkpt>
      <trkpt lat="47.14815" lon="4.94607">
        <ele>250.5</ele>
      </trkpt>
      <trkpt lat="47.1479" lon="4.94593">
        <ele>250.4</ele>
      </trkpt>
      <trkpt lat="47.14778" lon="4.94584">
        <ele>250.3</ele>
      </trkpt>
      <trkpt lat="47.14746" lon="4.94548">
        <ele>250.3</ele>
      </trkpt>
      <trkpt lat="47.1473" lon="4.94534">
        <ele>250.1</ele>
      </trkpt>
      <trkpt lat="47.14697" lon="4.94511">
        <ele>249.6</ele>
      </trkpt>
      <trkpt lat="47.1467" lon="4.94491">
        <ele>249.3</ele>
      </trkpt>
      <trkpt lat="47.14648" lon="4.94472">
        <ele>249.0</ele>
      </trkpt>
      <trkpt lat="47.14609" lon="4.94423">
        <ele>247.6</ele>
      </trkpt>
      <trkpt lat="47.14565" lon="4.94377">
        <ele>245.5</ele>
      </trkpt>
      <trkpt lat="47.14521" lon="4.94331">
        <ele>244.5</ele>
      </trkpt>
      <trkpt lat="47.14513" lon="4.94346">
        <ele>244.2</ele>
      </trkpt>
      <trkpt lat="47.1446" lon="4.94441">
        <ele>244.1</ele>
      </trkpt>
      <trkpt lat="47.14407" lon="4.94536">
        <ele>244.4</ele>
      </trkpt>
      <trkpt lat="47.14349" lon="4.94627">
        <ele>244.2</ele>
      </trkpt>
      <trkpt lat="47.1432" lon="4.94669">
        <ele>243.7</ele>
      </trkpt>
      <trkpt lat="47.14308" lon="4.94685">
        <ele>243.6</ele>
      </trkpt>
      <trkpt lat="47.14299" lon="4.94689">
        <ele>243.4</ele>
      </trkpt>
      <trkpt lat="47.14285" lon="4.94691">
        <ele>243.1</ele>
      </trkpt>
      <trkpt lat="47.14279" lon="4.9469">
        <ele>243.0</ele>
      </trkpt>
      <trkpt lat="47.14274" lon="4.94688">
        <ele>242.8</ele>
      </trkpt>
      <trkpt lat="47.14265" lon="4.94682">
        <ele>242.5</ele>
      </trkpt>
      <trkpt lat="47.14245" lon="4.9466">
        <ele>242.0</ele>
      </trkpt>
      <trkpt lat="47.14187" lon="4.94605">
        <ele>242.6</ele>
      </trkpt>
      <trkpt lat="47.14228" lon="4.94511">
        <ele>243.1</ele>
      </trkpt>
      <trkpt lat="47.14199" lon="4.94488">
        <ele>243.6</ele>
      </trkpt>
      <trkpt lat="47.14176" lon="4.94475">
        <ele>243.9</ele>
      </trkpt>
      <trkpt lat="47.14131" lon="4.94445">
        <ele>243.2</ele>
      </trkpt>
      <trkpt lat="47.14093" lon="4.94413">
        <ele>242.2</ele>
      </trkpt>
      <trkpt lat="47.14087" lon="4.94405">
        <ele>242.1</ele>
      </trkpt>
      <trkpt lat="47.14076" lon="4.9441">
        <ele>241.9</ele>
      </trkpt>
      <trkpt lat="47.14068" lon="4.94413">
        <ele>241.8</ele>
      </trkpt>
      <trkpt lat="47.14056" lon="4.94415">
        <ele>241.7</ele>
      </trkpt>
      <trkpt lat="47.14042" lon="4.94414">
        <ele>241.5</ele>
      </trkpt>
      <trkpt lat="47.14034" lon="4.94412">
        <ele>241.5</ele>
      </trkpt>
      <trkpt lat="47.14029" lon="4.94408">
        <ele>241.5</ele>
      </trkpt>
      <trkpt lat="47.14028" lon="4.9439">
        <ele>241.8</ele>
      </trkpt>
      <trkpt lat="47.14026" lon="4.94375">
        <ele>242.0</ele>
      </trkpt>
      <trkpt lat="47.14026" lon="4.9436">
        <ele>242.3</ele>
      </trkpt>
      <trkpt lat="47.14023" lon="4.94339">
        <ele>242.6</ele>
      </trkpt>
      <trkpt lat="47.14017" lon="4.94318">
        <ele>242.8</ele>
      </trkpt>
      <trkpt lat="47.1401" lon="4.94309">
        <ele>242.9</ele>
      </trkpt>
      <trkpt lat="47.13974" lon="4.94296">
        <ele>243.0</ele>
      </trkpt>
      <trkpt lat="47.13932" lon="4.94284">
        <ele>243.2</ele>
      </trkpt>
      <trkpt lat="47.13922" lon="4.94286">
        <ele>243.1</ele>
      </trkpt>
      <trkpt lat="47.13905" lon="4.94299">
        <ele>242.9</ele>
      </trkpt>
      <trkpt lat="47.13894" lon="4.94273">
        <ele>243.7</ele>
      </trkpt>
      <trkpt lat="47.1387" lon="4.9429">
        <ele>243.3</ele>
      </trkpt>
      <trkpt lat="47.13849" lon="4.943">
        <ele>243.1</ele>
      </trkpt>
      <trkpt lat="47.13841" lon="4.94306">
        <ele>242.9</ele>
      </trkpt>
      <trkpt lat="47.13801" lon="4.94349">
        <ele>241.7</ele>
      </trkpt>
      <trkpt lat="47.13745" lon="4.94386">
        <ele>240.8</ele>
      </trkpt>
      <trkpt lat="47.1371" lon="4.94402">
        <ele>240.9</ele>
      </trkpt>
      <trkpt lat="47.13704" lon="4.94407">
        <ele>240.8</ele>
      </trkpt>
      <trkpt lat="47.13667" lon="4.94458">
        <ele>242.5</ele>
      </trkpt>
      <trkpt lat="47.13662" lon="4.94463">
        <ele>242.7</ele>
      </trkpt>
      <trkpt lat="47.13588" lon="4.9447">
        <ele>244.3</ele>
      </trkpt>
      <trkpt lat="47.13574" lon="4.94473">
        <ele>244.1</ele>
      </trkpt>
      <trkpt lat="47.13572" lon="4.94432">
        <ele>244.5</ele>
      </trkpt>
      <trkpt lat="47.13528" lon="4.94437">
        <ele>243.4</ele>
      </trkpt>
      <trkpt lat="47.13518" lon="4.94436">
        <ele>243.2</ele>
      </trkpt>
      <trkpt lat="47.13511" lon="4.94434">
        <ele>243.0</ele>
      </trkpt>
      <trkpt lat="47.13482" lon="4.94412">
        <ele>243.9</ele>
      </trkpt>
      <trkpt lat="47.13472" lon="4.94407">
        <ele>244.5</ele>
      </trkpt>
      <trkpt lat="47.13458" lon="4.94402">
        <ele>245.2</ele>
      </trkpt>
      <trkpt lat="47.13444" lon="4.94399">
        <ele>245.8</ele>
      </trkpt>
      <trkpt lat="47.13425" lon="4.94399">
        <ele>246.4</ele>
      </trkpt>
      <trkpt lat="47.13395" lon="4.94406">
        <ele>245.9</ele>
      </trkpt>
      <trkpt lat="47.13383" lon="4.94407">
        <ele>245.6</ele>
      </trkpt>
      <trkpt lat="47.13356" lon="4.94403">
        <ele>245.1</ele>
      </trkpt>
      <trkpt lat="47.13339" lon="4.94405">
        <ele>244.7</ele>
      </trkpt>
      <trkpt lat="47.13275" lon="4.9442">
        <ele>243.2</ele>
      </trkpt>
      <trkpt lat="47.13261" lon="4.94418">
        <ele>243.1</ele>
      </trkpt>
      <trkpt lat="47.13233" lon="4.94402">
        <ele>243.5</ele>
      </trkpt>
      <trkpt lat="47.13191" lon="4.94383">
        <ele>243.9</ele>
      </trkpt>
      <trkpt lat="47.13145" lon="4.94372">
        <ele>244.0</ele>
      </trkpt>
      <trkpt lat="47.13121" lon="4.94368">
        <ele>243.8</ele>
      </trkpt>
      <trkpt lat="47.13057" lon="4.94375">
        <ele>243.0</ele>
      </trkpt>
      <trkpt lat="47.13004" lon="4.94365">
        <ele>243.5</ele>
      </trkpt>
      <trkpt lat="47.12961" lon="4.9435">
        <ele>243.3</ele>
      </trkpt>
      <trkpt lat="47.12938" lon="4.94326">
        <ele>243.7</ele>
      </trkpt>
      <trkpt lat="47.12898" lon="4.94293">
        <ele>243.5</ele>
      </trkpt>
      <trkpt lat="47.12877" lon="4.9428">
        <ele>243.5</ele>
      </trkpt>
      <trkpt lat="47.12848" lon="4.94269">
        <ele>243.3</ele>
      </trkpt>
      <trkpt lat="47.12819" lon="4.94251">
        <ele>243.4</ele>
      </trkpt>
      <trkpt lat="47.12802" lon="4.94245">
        <ele>243.2</ele>
      </trkpt>
      <trkpt lat="47.12784" lon="4.94242">
        <ele>242.6</ele>
      </trkpt>
      <trkpt lat="47.12761" lon="4.94237">
        <ele>242.0</ele>
      </trkpt>
      <trkpt lat="47.12737" lon="4.94223">
        <ele>242.1</ele>
      </trkpt>
      <trkpt lat="47.1271" lon="4.9421">
        <ele>242.2</ele>
      </trkpt>
      <trkpt lat="47.12689" lon="4.94207">
        <ele>242.0</ele>
      </trkpt>
      <trkpt lat="47.12607" lon="4.94157">
        <ele>241.9</ele>
      </trkpt>
      <trkpt lat="47.12596" lon="4.94143">
        <ele>242.1</ele>
      </trkpt>
      <trkpt lat="47.12577" lon="4.94115">
        <ele>243.0</ele>
      </trkpt>
      <trkpt lat="47.12568" lon="4.94102">
        <ele>243.6</ele>
      </trkpt>
      <trkpt lat="47.12549" lon="4.94088">
        <ele>244.3</ele>
      </trkpt>
      <trkpt lat="47.12513" lon="4.94072">
        <ele>245.4</ele>
      </trkpt>
      <trkpt lat="47.12483" lon="4.94057">
        <ele>246.5</ele>
      </trkpt>
      <trkpt lat="47.1245" lon="4.94039">
        <ele>247.7</ele>
      </trkpt>
      <trkpt lat="47.1246" lon="4.93994">
        <ele>249.2</ele>
      </trkpt>
      <trkpt lat="47.12484" lon="4.93903">
        <ele>252.6</ele>
      </trkpt>
      <trkpt lat="47.12522" lon="4.93822">
        <ele>257.2</ele>
      </trkpt>
      <trkpt lat="47.12491" lon="4.93804">
        <ele>256.4</ele>
      </trkpt>
      <trkpt lat="47.12455" lon="4.93787">
        <ele>255.5</ele>
      </trkpt>
      <trkpt lat="47.1244" lon="4.93773">
        <ele>255.3</ele>
      </trkpt>
      <trkpt lat="47.12418" lon="4.93732">
        <ele>255.9</ele>
      </trkpt>
      <trkpt lat="47.12374" lon="4.93678">
        <ele>256.4</ele>
      </trkpt>
      <trkpt lat="47.12356" lon="4.93668">
        <ele>256.0</ele>
      </trkpt>
      <trkpt lat="47.12323" lon="4.93655">
        <ele>255.7</ele>
      </trkpt>
      <trkpt lat="47.12265" lon="4.93637">
        <ele>256.6</ele>
      </trkpt>
      <trkpt lat="47.12242" lon="4.93625">
        <ele>257.4</ele>
      </trkpt>
      <trkpt lat="47.12228" lon="4.93619">
        <ele>257.8</ele>
      </trkpt>
      <trkpt lat="47.12201" lon="4.93619">
        <ele>257.5</ele>
      </trkpt>
      <trkpt lat="47.12176" lon="4.93609">
        <ele>258.3</ele>
      </trkpt>
      <trkpt lat="47.12153" lon="4.93597">
        <ele>259.2</ele>
      </trkpt>
      <trkpt lat="47.12111" lon="4.93589">
        <ele>259.0</ele>
      </trkpt>
      <trkpt lat="47.12043" lon="4.93562">
        <ele>260.6</ele>
      </trkpt>
      <trkpt lat="47.12032" lon="4.93555">
        <ele>261.2</ele>
      </trkpt>
      <trkpt lat="47.11991" lon="4.93525">
        <ele>264.0</ele>
      </trkpt>
      <trkpt lat="47.1195" lon="4.93494">
        <ele>265.7</ele>
      </trkpt>
      <trkpt lat="47.11896" lon="4.93408">
        <ele>270.3</ele>
      </trkpt>
      <trkpt lat="47.11859" lon="4.93354">
        <ele>272.0</ele>
      </trkpt>
      <trkpt lat="47.11842" lon="4.93337">
        <ele>271.2</ele>
      </trkpt>
      <trkpt lat="47.11812" lon="4.93312">
        <ele>271.2</ele>
      </trkpt>
      <trkpt lat="47.11798" lon="4.93303">
        <ele>270.9</ele>
      </trkpt>
      <trkpt lat="47.11781" lon="4.9329">
        <ele>270.6</ele>
      </trkpt>
      <trkpt lat="47.11755" lon="4.93277">
        <ele>268.7</ele>
      </trkpt>
      <trkpt lat="47.11742" lon="4.93281">
        <ele>267.2</ele>
      </trkpt>
      <trkpt lat="47.11709" lon="4.93292">
        <ele>264.2</ele>
      </trkpt>
      <trkpt lat="47.11687" lon="4.93294">
        <ele>262.9</ele>
      </trkpt>
      <trkpt lat="47.11671" lon="4.93287">
        <ele>262.7</ele>
      </trkpt>
      <trkpt lat="47.11642" lon="4.93264">
        <ele>262.8</ele>
      </trkpt>
      <trkpt lat="47.11581" lon="4.93212">
        <ele>265.7</ele>
      </trkpt>
      <trkpt lat="47.1157" lon="4.93201">
        <ele>266.4</ele>
      </trkpt>
      <trkpt lat="47.11541" lon="4.93153">
        <ele>271.1</ele>
      </trkpt>
      <trkpt lat="47.11527" lon="4.93133">
        <ele>272.8</ele>
      </trkpt>
      <trkpt lat="47.11514" lon="4.93121">
        <ele>273.3</ele>
      </trkpt>
      <trkpt lat="47.11507" lon="4.9312">
        <ele>272.4</ele>
      </trkpt>
      <trkpt lat="47.11477" lon="4.93113">
        <ele>269.2</ele>
      </trkpt>
      <trkpt lat="47.11422" lon="4.93094">
        <ele>264.0</ele>
      </trkpt>
      <trkpt lat="47.11404" lon="4.93082">
        <ele>263.0</ele>
      </trkpt>
      <trkpt lat="47.11388" lon="4.93066">
        <ele>262.9</ele>
      </trkpt>
      <trkpt lat="47.11344" lon="4.93034">
        <ele>260.5</ele>
      </trkpt>
      <trkpt lat="47.11307" lon="4.92998">
        <ele>259.8</ele>
      </trkpt>
      <trkpt lat="47.11284" lon="4.92982">
        <ele>258.2</ele>
      </trkpt>
      <trkpt lat="47.1127" lon="4.92979">
        <ele>256.0</ele>
      </trkpt>
      <trkpt lat="47.11229" lon="4.92975">
        <ele>249.5</ele>
      </trkpt>
      <trkpt lat="47.11206" lon="4.92968">
        <ele>246.7</ele>
      </trkpt>
      <trkpt lat="47.11181" lon="4.92965">
        <ele>242.8</ele>
      </trkpt>
      <trkpt lat="47.11179" lon="4.92939">
        <ele>244.9</ele>
      </trkpt>
      <trkpt lat="47.11152" lon="4.92885">
        <ele>246.8</ele>
      </trkpt>
      <trkpt lat="47.11125" lon="4.92831">
        <ele>250.3</ele>
      </trkpt>
      <trkpt lat="47.11104" lon="4.9277">
        <ele>255.6</ele>
      </trkpt>
      <trkpt lat="47.11083" lon="4.92708">
        <ele>260.6</ele>
      </trkpt>
      <trkpt lat="47.11045" lon="4.92655">
        <ele>263.7</ele>
      </trkpt>
      <trkpt lat="47.11008" lon="4.92603">
        <ele>263.6</ele>
      </trkpt>
      <trkpt lat="47.10976" lon="4.92565">
        <ele>262.6</ele>
      </trkpt>
      <trkpt lat="47.10935" lon="4.92512">
        <ele>261.0</ele>
      </trkpt>
      <trkpt lat="47.10907" lon="4.9248">
        <ele>259.6</ele>
      </trkpt>
      <trkpt lat="47.10873" lon="4.92431">
        <ele>259.4</ele>
      </trkpt>
      <trkpt lat="47.1084" lon="4.92365">
        <ele>256.8</ele>
      </trkpt>
      <trkpt lat="47.10822" lon="4.92333">
        <ele>255.9</ele>
      </trkpt>
      <trkpt lat="47.10803" lon="4.92304">
        <ele>255.6</ele>
      </trkpt>
      <trkpt lat="47.10774" lon="4.92272">
        <ele>253.9</ele>
      </trkpt>
      <trkpt lat="47.10744" lon="4.92257">
        <ele>251.5</ele>
      </trkpt>
      <trkpt lat="47.10709" lon="4.9223">
        <ele>250.3</ele>
      </trkpt>
      <trkpt lat="47.10679" lon="4.92203">
        <ele>248.7</ele>
      </trkpt>
      <trkpt lat="47.10657" lon="4.92185">
        <ele>247.5</ele>
      </trkpt>
      <trkpt lat="47.10636" lon="4.92178">
        <ele>246.5</ele>
      </trkpt>
      <trkpt lat="47.10557" lon="4.92186">
        <ele>243.6</ele>
      </trkpt>
      <trkpt lat="47.10479" lon="4.92193">
        <ele>242.8</ele>
      </trkpt>
      <trkpt lat="47.10439" lon="4.92195">
        <ele>242.9</ele>
      </trkpt>
      <trkpt lat="47.10428" lon="4.92198">
        <ele>242.9</ele>
      </trkpt>
      <trkpt lat="47.10421" lon="4.92202">
        <ele>243.0</ele>
      </trkpt>
      <trkpt lat="47.10417" lon="4.92189">
        <ele>243.0</ele>
      </trkpt>
      <trkpt lat="47.10413" lon="4.92193">
        <ele>243.0</ele>
      </trkpt>
      <trkpt lat="47.10396" lon="4.92201">
        <ele>242.8</ele>
      </trkpt>
      <trkpt lat="47.10383" lon="4.92204">
        <ele>242.6</ele>
      </trkpt>
      <trkpt lat="47.10373" lon="4.92202">
        <ele>242.6</ele>
      </trkpt>
      <trkpt lat="47.10355" lon="4.92194">
        <ele>242.5</ele>
      </trkpt>
      <trkpt lat="47.103" lon="4.92165">
        <ele>241.0</ele>
      </trkpt>
      <trkpt lat="47.10285" lon="4.92151">
        <ele>240.0</ele>
      </trkpt>
      <trkpt lat="47.10253" lon="4.92116">
        <ele>237.6</ele>
      </trkpt>
      <trkpt lat="47.10236" lon="4.92103">
        <ele>236.8</ele>
      </trkpt>
      <trkpt lat="47.10228" lon="4.921">
        <ele>236.5</ele>
      </trkpt>
      <trkpt lat="47.10164" lon="4.92099">
        <ele>234.3</ele>
      </trkpt>
      <trkpt lat="47.10099" lon="4.92095">
        <ele>233.1</ele>
      </trkpt>
      <trkpt lat="47.10094" lon="4.92093">
        <ele>233.1</ele>
      </trkpt>
      <trkpt lat="47.10073" lon="4.9208">
        <ele>232.8</ele>
      </trkpt>
      <trkpt lat="47.10066" lon="4.92079">
        <ele>232.6</ele>
      </trkpt>
      <trkpt lat="47.10049" lon="4.92083">
        <ele>232.2</ele>
      </trkpt>
      <trkpt lat="47.10042" lon="4.92092">
        <ele>231.9</ele>
      </trkpt>
      <trkpt lat="47.10017" lon="4.92133">
        <ele>230.8</ele>
      </trkpt>
      <trkpt lat="47.0999" lon="4.92186">
        <ele>230.1</ele>
      </trkpt>
      <trkpt lat="47.09983" lon="4.92197">
        <ele>230.1</ele>
      </trkpt>
      <trkpt lat="47.09975" lon="4.92199">
        <ele>230.0</ele>
      </trkpt>
      <trkpt lat="47.09913" lon="4.92208">
        <ele>229.0</ele>
      </trkpt>
      <trkpt lat="47.09914" lon="4.92204">
        <ele>229.0</ele>
      </trkpt>
      <trkpt lat="47.09911" lon="4.92195">
        <ele>229.0</ele>
      </trkpt>
      <trkpt lat="47.09904" lon="4.92189">
        <ele>229.0</ele>
      </trkpt>
      <trkpt lat="47.09877" lon="4.92169">
        <ele>229.0</ele>
      </trkpt>
      <trkpt lat="47.09832" lon="4.92138">
        <ele>229.4</ele>
      </trkpt>
      <trkpt lat="47.09787" lon="4.92107">
        <ele>229.9</ele>
      </trkpt>
      <trkpt lat="47.09737" lon="4.92073">
        <ele>230.2</ele>
      </trkpt>
      <trkpt lat="47.09688" lon="4.92038">
        <ele>230.7</ele>
      </trkpt>
      <trkpt lat="47.0962" lon="4.91997">
        <ele>230.5</ele>
      </trkpt>
      <trkpt lat="47.09585" lon="4.91972">
        <ele>230.7</ele>
      </trkpt>
      <trkpt lat="47.09569" lon="4.91958">
        <ele>230.9</ele>
      </trkpt>
      <trkpt lat="47.09554" lon="4.91941">
        <ele>231.3</ele>
      </trkpt>
      <trkpt lat="47.09519" lon="4.9189">
        <ele>232.1</ele>
      </trkpt>
      <trkpt lat="47.09458" lon="4.91807">
        <ele>234.0</ele>
      </trkpt>
      <trkpt lat="47.09398" lon="4.91734">
        <ele>234.8</ele>
      </trkpt>
      <trkpt lat="47.09338" lon="4.91662">
        <ele>235.0</ele>
      </trkpt>
      <trkpt lat="47.0931" lon="4.91625">
        <ele>234.4</ele>
      </trkpt>
      <trkpt lat="47.09289" lon="4.91589">
        <ele>233.9</ele>
      </trkpt>
      <trkpt lat="47.0926" lon="4.91519">
        <ele>233.9</ele>
      </trkpt>
      <trkpt lat="47.09237" lon="4.91468">
        <ele>233.8</ele>
      </trkpt>
      <trkpt lat="47.0921" lon="4.91445">
        <ele>233.5</ele>
      </trkpt>
      <trkpt lat="47.09147" lon="4.91397">
        <ele>232.6</ele>
      </trkpt>
      <trkpt lat="47.09114" lon="4.91375">
        <ele>232.4</ele>
      </trkpt>
      <trkpt lat="47.09084" lon="4.9136">
        <ele>232.4</ele>
      </trkpt>
      <trkpt lat="47.0903" lon="4.91339">
        <ele>231.1</ele>
      </trkpt>
      <trkpt lat="47.09019" lon="4.91332">
        <ele>230.7</ele>
      </trkpt>
      <trkpt lat="47.08964" lon="4.91301">
        <ele>230.9</ele>
      </trkpt>
      <trkpt lat="47.08916" lon="4.91272">
        <ele>231.3</ele>
      </trkpt>
      <trkpt lat="47.08869" lon="4.91249">
        <ele>231.0</ele>
      </trkpt>
      <trkpt lat="47.08845" lon="4.91235">
        <ele>231.0</ele>
      </trkpt>
      <trkpt lat="47.08834" lon="4.91224">
        <ele>231.0</ele>
      </trkpt>
      <trkpt lat="47.08802" lon="4.91188">
        <ele>232.3</ele>
      </trkpt>
      <trkpt lat="47.08739" lon="4.91096">
        <ele>232.3</ele>
      </trkpt>
      <trkpt lat="47.08714" lon="4.91057">
        <ele>231.8</ele>
      </trkpt>
      <trkpt lat="47.0869" lon="4.9101">
        <ele>232.5</ele>
      </trkpt>
      <trkpt lat="47.0867" lon="4.90962">
        <ele>233.4</ele>
      </trkpt>
      <trkpt lat="47.08636" lon="4.90896">
        <ele>234.7</ele>
      </trkpt>
      <trkpt lat="47.08628" lon="4.90884">
        <ele>234.9</ele>
      </trkpt>
      <trkpt lat="47.08587" lon="4.90815">
        <ele>235.3</ele>
      </trkpt>
      <trkpt lat="47.08579" lon="4.90804">
        <ele>235.3</ele>
      </trkpt>
      <trkpt lat="47.08544" lon="4.90765">
        <ele>235.3</ele>
      </trkpt>
      <trkpt lat="47.08493" lon="4.90725">
        <ele>235.1</ele>
      </trkpt>
      <trkpt lat="47.08443" lon="4.90684">
        <ele>233.9</ele>
      </trkpt>
      <trkpt lat="47.08419" lon="4.90667">
        <ele>233.1</ele>
      </trkpt>
      <trkpt lat="47.08372" lon="4.90642">
        <ele>233.5</ele>
      </trkpt>
      <trkpt lat="47.08347" lon="4.90623">
        <ele>234.0</ele>
      </trkpt>
      <trkpt lat="47.08328" lon="4.90605">
        <ele>234.4</ele>
      </trkpt>
      <trkpt lat="47.08306" lon="4.90578">
        <ele>234.4</ele>
      </trkpt>
      <trkpt lat="47.08258" lon="4.90501">
        <ele>234.2</ele>
      </trkpt>
      <trkpt lat="47.08212" lon="4.9041">
        <ele>235.1</ele>
      </trkpt>
      <trkpt lat="47.08162" lon="4.90305">
        <ele>235.0</ele>
      </trkpt>
      <trkpt lat="47.08113" lon="4.902">
        <ele>234.6</ele>
      </trkpt>
      <trkpt lat="47.08094" lon="4.90154">
        <ele>234.0</ele>
      </trkpt>
      <trkpt lat="47.08069" lon="4.90087">
        <ele>232.1</ele>
      </trkpt>
      <trkpt lat="47.08043" lon="4.90024">
        <ele>231.7</ele>
      </trkpt>
      <trkpt lat="47.08017" lon="4.89961">
        <ele>230.7</ele>
      </trkpt>
      <trkpt lat="47.07979" lon="4.89855">
        <ele>228.8</ele>
      </trkpt>
      <trkpt lat="47.07946" lon="4.89781">
        <ele>227.7</ele>
      </trkpt>
      <trkpt lat="47.07925" lon="4.89743">
        <ele>227.1</ele>
      </trkpt>
      <trkpt lat="47.07899" lon="4.89712">
        <ele>226.1</ele>
      </trkpt>
      <trkpt lat="47.07875" lon="4.89659">
        <ele>224.9</ele>
      </trkpt>
      <trkpt lat="47.07842" lon="4.89547">
        <ele>223.3</ele>
      </trkpt>
      <trkpt lat="47.07826" lon="4.89478">
        <ele>223.4</ele>
      </trkpt>
      <trkpt lat="47.0781" lon="4.8941">
        <ele>224.5</ele>
      </trkpt>
      <trkpt lat="47.07803" lon="4.8937">
        <ele>225.0</ele>
      </trkpt>
      <trkpt lat="47.0779" lon="4.89332">
        <ele>225.5</ele>
      </trkpt>
      <trkpt lat="47.07765" lon="4.89276">
        <ele>225.3</ele>
      </trkpt>
      <trkpt lat="47.07731" lon="4.89208">
        <ele>226.3</ele>
      </trkpt>
      <trkpt lat="47.07714" lon="4.8917">
        <ele>227.1</ele>
      </trkpt>
      <trkpt lat="47.07697" lon="4.8912">
        <ele>226.4</ele>
      </trkpt>
      <trkpt lat="47.07686" lon="4.89097">
        <ele>225.9</ele>
      </trkpt>
      <trkpt lat="47.07676" lon="4.8906">
        <ele>226.0</ele>
      </trkpt>
      <trkpt lat="47.07669" lon="4.89021">
        <ele>226.6</ele>
      </trkpt>
      <trkpt lat="47.07663" lon="4.88956">
        <ele>226.7</ele>
      </trkpt>
      <trkpt lat="47.07654" lon="4.88901">
        <ele>226.3</ele>
      </trkpt>
      <trkpt lat="47.0764" lon="4.88854">
        <ele>225.6</ele>
      </trkpt>
      <trkpt lat="47.07614" lon="4.88781">
        <ele>224.5</ele>
      </trkpt>
      <trkpt lat="47.07589" lon="4.88689">
        <ele>224.0</ele>
      </trkpt>
      <trkpt lat="47.07563" lon="4.88596">
        <ele>223.8</ele>
      </trkpt>
      <trkpt lat="47.07561" lon="4.88583">
        <ele>223.9</ele>
      </trkpt>
      <trkpt lat="47.07541" lon="4.88497">
        <ele>223.0</ele>
      </trkpt>
      <trkpt lat="47.07518" lon="4.88408">
        <ele>222.7</ele>
      </trkpt>
      <trkpt lat="47.07491" lon="4.8833">
        <ele>221.9</ele>
      </trkpt>
      <trkpt lat="47.07468" lon="4.8827">
        <ele>221.6</ele>
      </trkpt>
      <trkpt lat="47.07445" lon="4.88211">
        <ele>221.2</ele>
      </trkpt>
      <trkpt lat="47.07422" lon="4.88146">
        <ele>220.4</ele>
      </trkpt>
      <trkpt lat="47.07399" lon="4.88081">
        <ele>221.0</ele>
      </trkpt>
      <trkpt lat="47.07376" lon="4.88013">
        <ele>220.2</ele>
      </trkpt>
      <trkpt lat="47.07353" lon="4.87946">
        <ele>219.6</ele>
      </trkpt>
      <trkpt lat="47.07323" lon="4.87863">
        <ele>218.9</ele>
      </trkpt>
      <trkpt lat="47.07338" lon="4.87844">
        <ele>219.1</ele>
      </trkpt>
      <trkpt lat="47.07341" lon="4.87839">
        <ele>219.3</ele>
      </trkpt>
      <trkpt lat="47.07348" lon="4.87847">
        <ele>219.5</ele>
      </trkpt>
      <trkpt lat="47.07355" lon="4.87836">
        <ele>219.8</ele>
      </trkpt>
      <trkpt lat="47.07398" lon="4.8777">
        <ele>221.0</ele>
      </trkpt>
      <trkpt lat="47.07449" lon="4.87686">
        <ele>224.0</ele>
      </trkpt>
      <trkpt lat="47.07488" lon="4.87616">
        <ele>228.8</ele>
      </trkpt>
      <trkpt lat="47.07502" lon="4.87584">
        <ele>231.2</ele>
      </trkpt>
      <trkpt lat="47.0752" lon="4.87543">
        <ele>234.7</ele>
      </trkpt>
      <trkpt lat="47.07521" lon="4.87536">
        <ele>235.2</ele>
      </trkpt>
      <trkpt lat="47.0752" lon="4.87519">
        <ele>236.1</ele>
      </trkpt>
      <trkpt lat="47.07517" lon="4.87501">
        <ele>236.7</ele>
      </trkpt>
      <trkpt lat="47.07514" lon="4.87493">
        <ele>237.1</ele>
      </trkpt>
      <trkpt lat="47.07503" lon="4.87471">
        <ele>238.1</ele>
      </trkpt>
      <trkpt lat="47.07502" lon="4.87467">
        <ele>238.4</ele>
      </trkpt>
      <trkpt lat="47.07502" lon="4.87461">
        <ele>239.0</ele>
      </trkpt>
      <trkpt lat="47.07504" lon="4.87455">
        <ele>239.7</ele>
      </trkpt>
      <trkpt lat="47.07514" lon="4.87422">
        <ele>243.7</ele>
      </trkpt>
      <trkpt lat="47.07515" lon="4.87416">
        <ele>244.3</ele>
      </trkpt>
      <trkpt lat="47.07515" lon="4.8741">
        <ele>244.9</ele>
      </trkpt>
      <trkpt lat="47.07514" lon="4.87405">
        <ele>245.3</ele>
      </trkpt>
      <trkpt lat="47.07497" lon="4.87371">
        <ele>247.1</ele>
      </trkpt>
      <trkpt lat="47.07478" lon="4.87328">
        <ele>249.4</ele>
      </trkpt>
      <trkpt lat="47.07461" lon="4.87286">
        <ele>250.0</ele>
      </trkpt>
      <trkpt lat="47.07458" lon="4.87284">
        <ele>249.8</ele>
      </trkpt>
      <trkpt lat="47.07454" lon="4.87283">
        <ele>249.5</ele>
      </trkpt>
      <trkpt lat="47.07438" lon="4.87268">
        <ele>248.6</ele>
      </trkpt>
      <trkpt lat="47.07419" lon="4.87254">
        <ele>247.0</ele>
      </trkpt>
      <trkpt lat="47.07386" lon="4.87234">
        <ele>246.4</ele>
      </trkpt>
      <trkpt lat="47.07379" lon="4.87227">
        <ele>246.5</ele>
      </trkpt>
      <trkpt lat="47.07327" lon="4.87155">
        <ele>248.0</ele>
      </trkpt>
      <trkpt lat="47.07303" lon="4.87118">
        <ele>248.2</ele>
      </trkpt>
      <trkpt lat="47.07295" lon="4.87104">
        <ele>248.5</ele>
      </trkpt>
      <trkpt lat="47.07285" lon="4.87081">
        <ele>249.2</ele>
      </trkpt>
      <trkpt lat="47.07265" lon="4.87048">
        <ele>249.7</ele>
      </trkpt>
      <trkpt lat="47.07258" lon="4.87033">
        <ele>249.9</ele>
      </trkpt>
      <trkpt lat="47.07243" lon="4.87">
        <ele>250.5</ele>
      </trkpt>
      <trkpt lat="47.07208" lon="4.86949">
        <ele>250.8</ele>
      </trkpt>
      <trkpt lat="47.07155" lon="4.86875">
        <ele>250.9</ele>
      </trkpt>
      <trkpt lat="47.07101" lon="4.8681">
        <ele>249.8</ele>
      </trkpt>
      <trkpt lat="47.0707" lon="4.86768">
        <ele>249.6</ele>
      </trkpt>
      <trkpt lat="47.07068" lon="4.86763">
        <ele>249.8</ele>
      </trkpt>
      <trkpt lat="47.07068" lon="4.86755">
        <ele>250.2</ele>
      </trkpt>
      <trkpt lat="47.07067" lon="4.86727">
        <ele>251.2</ele>
      </trkpt>
      <trkpt lat="47.07066" lon="4.86715">
        <ele>251.4</ele>
      </trkpt>
      <trkpt lat="47.07059" lon="4.86688">
        <ele>251.8</ele>
      </trkpt>
      <trkpt lat="47.07049" lon="4.8664">
        <ele>253.0</ele>
      </trkpt>
      <trkpt lat="47.07046" lon="4.8663">
        <ele>253.2</ele>
      </trkpt>
      <trkpt lat="47.07022" lon="4.86595">
        <ele>253.5</ele>
      </trkpt>
      <trkpt lat="47.06992" lon="4.86542">
        <ele>254.6</ele>
      </trkpt>
      <trkpt lat="47.06962" lon="4.86489">
        <ele>255.5</ele>
      </trkpt>
      <trkpt lat="47.06956" lon="4.86474">
        <ele>256.1</ele>
      </trkpt>
      <trkpt lat="47.06956" lon="4.86458">
        <ele>257.1</ele>
      </trkpt>
      <trkpt lat="47.06955" lon="4.86433">
        <ele>258.6</ele>
      </trkpt>
      <trkpt lat="47.06954" lon="4.86427">
        <ele>259.0</ele>
      </trkpt>
      <trkpt lat="47.06951" lon="4.86422">
        <ele>259.2</ele>
      </trkpt>
      <trkpt lat="47.06946" lon="4.86414">
        <ele>259.2</ele>
      </trkpt>
      <trkpt lat="47.06907" lon="4.86366">
        <ele>258.7</ele>
      </trkpt>
      <trkpt lat="47.06868" lon="4.86317">
        <ele>258.4</ele>
      </trkpt>
      <trkpt lat="47.06833" lon="4.86267">
        <ele>258.9</ele>
      </trkpt>
      <trkpt lat="47.06815" lon="4.86245">
        <ele>259.4</ele>
      </trkpt>
      <trkpt lat="47.06786" lon="4.86215">
        <ele>258.4</ele>
      </trkpt>
      <trkpt lat="47.06776" lon="4.86206">
        <ele>257.9</ele>
      </trkpt>
      <trkpt lat="47.06747" lon="4.86186">
        <ele>256.0</ele>
      </trkpt>
      <trkpt lat="47.0673" lon="4.86167">
        <ele>254.8</ele>
      </trkpt>
      <trkpt lat="47.06714" lon="4.86147">
        <ele>254.5</ele>
      </trkpt>
      <trkpt lat="47.06657" lon="4.86063">
        <ele>255.0</ele>
      </trkpt>
      <trkpt lat="47.06646" lon="4.86051">
        <ele>254.6</ele>
      </trkpt>
      <trkpt lat="47.06645" lon="4.86046">
        <ele>254.6</ele>
      </trkpt>
      <trkpt lat="47.0665" lon="4.86028">
        <ele>255.3</ele>
      </trkpt>
      <trkpt lat="47.06641" lon="4.8602">
        <ele>254.8</ele>
      </trkpt>
      <trkpt lat="47.06616" lon="4.86">
        <ele>253.4</ele>
      </trkpt>
      <trkpt lat="47.06612" lon="4.85995">
        <ele>253.1</ele>
      </trkpt>
      <trkpt lat="47.0661" lon="4.85988">
        <ele>253.0</ele>
      </trkpt>
      <trkpt lat="47.06613" lon="4.85975">
        <ele>253.3</ele>
      </trkpt>
      <trkpt lat="47.06595" lon="4.8596">
        <ele>252.3</ele>
      </trkpt>
      <trkpt lat="47.06592" lon="4.85951">
        <ele>252.2</ele>
      </trkpt>
      <trkpt lat="47.06587" lon="4.85967">
        <ele>251.6</ele>
      </trkpt>
      <trkpt lat="47.0658" lon="4.86002">
        <ele>250.6</ele>
      </trkpt>
      <trkpt lat="47.06561" lon="4.86072">
        <ele>248.3</ele>
      </trkpt>
      <trkpt lat="47.0653" lon="4.8616">
        <ele>243.6</ele>
      </trkpt>
      <trkpt lat="47.06518" lon="4.86201">
        <ele>241.7</ele>
      </trkpt>
      <trkpt lat="47.06488" lon="4.86156">
        <ele>240.5</ele>
      </trkpt>
      <trkpt lat="47.06448" lon="4.86108">
        <ele>238.3</ele>
      </trkpt>
      <trkpt lat="47.06409" lon="4.8606">
        <ele>236.1</ele>
      </trkpt>
      <trkpt lat="47.064" lon="4.85996">
        <ele>236.7</ele>
      </trkpt>
      <trkpt lat="47.06399" lon="4.8593">
        <ele>238.9</ele>
      </trkpt>
      <trkpt lat="47.06419" lon="4.85868">
        <ele>240.6</ele>
      </trkpt>
      <trkpt lat="47.06427" lon="4.85837">
        <ele>240.9</ele>
      </trkpt>
      <trkpt lat="47.06429" lon="4.85821">
        <ele>240.7</ele>
      </trkpt>
      <trkpt lat="47.0643" lon="4.85806">
        <ele>240.5</ele>
      </trkpt>
      <trkpt lat="47.06428" lon="4.85772">
        <ele>240.1</ele>
      </trkpt>
      <trkpt lat="47.06421" lon="4.8574">
        <ele>240.0</ele>
      </trkpt>
      <trkpt lat="47.0641" lon="4.85703">
        <ele>239.9</ele>
      </trkpt>
      <trkpt lat="47.06403" lon="4.85683">
        <ele>239.8</ele>
      </trkpt>
      <trkpt lat="47.06392" lon="4.85645">
        <ele>239.1</ele>
      </trkpt>
      <trkpt lat="47.06388" lon="4.85626">
        <ele>238.8</ele>
      </trkpt>
      <trkpt lat="47.06384" lon="4.85606">
        <ele>238.5</ele>
      </trkpt>
      <trkpt lat="47.06381" lon="4.85581">
        <ele>238.2</ele>
      </trkpt>
      <trkpt lat="47.06378" lon="4.85555">
        <ele>238.2</ele>
      </trkpt>
      <trkpt lat="47.06373" lon="4.85468">
        <ele>239.1</ele>
      </trkpt>
      <trkpt lat="47.06369" lon="4.85442">
        <ele>239.5</ele>
      </trkpt>
      <trkpt lat="47.06365" lon="4.85424">
        <ele>239.8</ele>
      </trkpt>
      <trkpt lat="47.0636" lon="4.85406">
        <ele>239.9</ele>
      </trkpt>
      <trkpt lat="47.06354" lon="4.85391">
        <ele>239.8</ele>
      </trkpt>
      <trkpt lat="47.06306" lon="4.8528">
        <ele>237.6</ele>
      </trkpt>
      <trkpt lat="47.06296" lon="4.85252">
        <ele>237.0</ele>
      </trkpt>
      <trkpt lat="47.06277" lon="4.8519">
        <ele>236.5</ele>
      </trkpt>
      <trkpt lat="47.06266" lon="4.85169">
        <ele>236.2</ele>
      </trkpt>
      <trkpt lat="47.06258" lon="4.85158">
        <ele>236.0</ele>
      </trkpt>
      <trkpt lat="47.06232" lon="4.85133">
        <ele>235.4</ele>
      </trkpt>
      <trkpt lat="47.06227" lon="4.85126">
        <ele>235.2</ele>
      </trkpt>
      <trkpt lat="47.06223" lon="4.85116">
        <ele>235.1</ele>
      </trkpt>
      <trkpt lat="47.06221" lon="4.8511">
        <ele>235.0</ele>
      </trkpt>
      <trkpt lat="47.06221" lon="4.85099">
        <ele>234.8</ele>
      </trkpt>
      <trkpt lat="47.06224" lon="4.85081">
        <ele>234.7</ele>
      </trkpt>
      <trkpt lat="47.06246" lon="4.8501">
        <ele>235.8</ele>
      </trkpt>
      <trkpt lat="47.06267" lon="4.8494">
        <ele>236.8</ele>
      </trkpt>
      <trkpt lat="47.06303" lon="4.84819">
        <ele>240.5</ele>
      </trkpt>
      <trkpt lat="47.0631" lon="4.84803">
        <ele>241.4</ele>
      </trkpt>
      <trkpt lat="47.06313" lon="4.84796">
        <ele>241.7</ele>
      </trkpt>
      <trkpt lat="47.06318" lon="4.84778">
        <ele>242.6</ele>
      </trkpt>
      <trkpt lat="47.06322" lon="4.84761">
        <ele>243.3</ele>
      </trkpt>
      <trkpt lat="47.06337" lon="4.84679">
        <ele>247.6</ele>
      </trkpt>
      <trkpt lat="47.06339" lon="4.8466">
        <ele>248.7</ele>
      </trkpt>
      <trkpt lat="47.06338" lon="4.84647">
        <ele>249.7</ele>
      </trkpt>
      <trkpt lat="47.06337" lon="4.8464">
        <ele>250.1</ele>
      </trkpt>
      <trkpt lat="47.06334" lon="4.84635">
        <ele>250.3</ele>
      </trkpt>
      <trkpt lat="47.06329" lon="4.84625">
        <ele>250.8</ele>
      </trkpt>
      <trkpt lat="47.06314" lon="4.84609">
        <ele>251.0</ele>
      </trkpt>
      <trkpt lat="47.06306" lon="4.84597">
        <ele>251.2</ele>
      </trkpt>
      <trkpt lat="47.06303" lon="4.84591">
        <ele>251.4</ele>
      </trkpt>
      <trkpt lat="47.06302" lon="4.84583">
        <ele>251.8</ele>
      </trkpt>
      <trkpt lat="47.06301" lon="4.84574">
        <ele>252.1</ele>
      </trkpt>
      <trkpt lat="47.06303" lon="4.8456">
        <ele>252.9</ele>
      </trkpt>
      <trkpt lat="47.06317" lon="4.84484">
        <ele>257.3</ele>
      </trkpt>
      <trkpt lat="47.06319" lon="4.84466">
        <ele>258.1</ele>
      </trkpt>
      <trkpt lat="47.06317" lon="4.84405">
        <ele>259.9</ele>
      </trkpt>
      <trkpt lat="47.06318" lon="4.8438">
        <ele>260.6</ele>
      </trkpt>
      <trkpt lat="47.06321" lon="4.8436">
        <ele>261.3</ele>
      </trkpt>
      <trkpt lat="47.06314" lon="4.84354">
        <ele>260.9</ele>
      </trkpt>
      <trkpt lat="47.06258" lon="4.84314">
        <ele>256.7</ele>
      </trkpt>
      <trkpt lat="47.06192" lon="4.8427">
        <ele>252.5</ele>
      </trkpt>
      <trkpt lat="47.0612" lon="4.8423">
        <ele>249.9</ele>
      </trkpt>
      <trkpt lat="47.06068" lon="4.84206">
        <ele>249.0</ele>
      </trkpt>
      <trkpt lat="47.06016" lon="4.84182">
        <ele>249.0</ele>
      </trkpt>
      <trkpt lat="47.06003" lon="4.84179">
        <ele>248.9</ele>
      </trkpt>
      <trkpt lat="47.05955" lon="4.84155">
        <ele>248.1</ele>
      </trkpt>
      <trkpt lat="47.05884" lon="4.84113">
        <ele>247.1</ele>
      </trkpt>
      <trkpt lat="47.05813" lon="4.8407">
        <ele>246.8</ele>
      </trkpt>
      <trkpt lat="47.05767" lon="4.84044">
        <ele>246.2</ele>
      </trkpt>
      <trkpt lat="47.05721" lon="4.84018">
        <ele>245.7</ele>
      </trkpt>
      <trkpt lat="47.05676" lon="4.83998">
        <ele>245.1</ele>
      </trkpt>
      <trkpt lat="47.05631" lon="4.83978">
        <ele>243.3</ele>
      </trkpt>
      <trkpt lat="47.05616" lon="4.83974">
        <ele>242.7</ele>
      </trkpt>
      <trkpt lat="47.05604" lon="4.83973">
        <ele>242.3</ele>
      </trkpt>
      <trkpt lat="47.05597" lon="4.83974">
        <ele>242.1</ele>
      </trkpt>
      <trkpt lat="47.0555" lon="4.83989">
        <ele>241.6</ele>
      </trkpt>
      <trkpt lat="47.05533" lon="4.83992">
        <ele>241.4</ele>
      </trkpt>
      <trkpt lat="47.05517" lon="4.83994">
        <ele>241.2</ele>
      </trkpt>
      <trkpt lat="47.05509" lon="4.83993">
        <ele>241.2</ele>
      </trkpt>
      <trkpt lat="47.05494" lon="4.83987">
        <ele>241.0</ele>
      </trkpt>
      <trkpt lat="47.05479" lon="4.83978">
        <ele>240.8</ele>
      </trkpt>
      <trkpt lat="47.05466" lon="4.83968">
        <ele>240.7</ele>
      </trkpt>
      <trkpt lat="47.0545" lon="4.83953">
        <ele>240.7</ele>
      </trkpt>
      <trkpt lat="47.05438" lon="4.83944">
        <ele>240.7</ele>
      </trkpt>
      <trkpt lat="47.05387" lon="4.839">
        <ele>240.7</ele>
      </trkpt>
      <trkpt lat="47.05361" lon="4.83884">
        <ele>240.6</ele>
      </trkpt>
      <trkpt lat="47.05358" lon="4.83878">
        <ele>240.6</ele>
      </trkpt>
      <trkpt lat="47.05333" lon="4.83856">
        <ele>240.7</ele>
      </trkpt>
      <trkpt lat="47.05329" lon="4.83853">
        <ele>240.8</ele>
      </trkpt>
      <trkpt lat="47.05307" lon="4.83876">
        <ele>240.5</ele>
      </trkpt>
      <trkpt lat="47.05291" lon="4.83889">
        <ele>240.3</ele>
      </trkpt>
      <trkpt lat="47.05281" lon="4.83896">
        <ele>240.2</ele>
      </trkpt>
      <trkpt lat="47.05266" lon="4.83904">
        <ele>240.2</ele>
      </trkpt>
      <trkpt lat="47.05257" lon="4.83907">
        <ele>240.1</ele>
      </trkpt>
      <trkpt lat="47.05224" lon="4.83916">
        <ele>239.7</ele>
      </trkpt>
      <trkpt lat="47.05206" lon="4.83919">
        <ele>239.5</ele>
      </trkpt>
      <trkpt lat="47.05159" lon="4.83925">
        <ele>239.1</ele>
      </trkpt>
      <trkpt lat="47.05112" lon="4.83931">
        <ele>239.1</ele>
      </trkpt>
      <trkpt lat="47.05046" lon="4.83938">
        <ele>238.7</ele>
      </trkpt>
      <trkpt lat="47.0498" lon="4.83945">
        <ele>237.9</ele>
      </trkpt>
      <trkpt lat="47.04929" lon="4.83949">
        <ele>236.7</ele>
      </trkpt>
      <trkpt lat="47.04878" lon="4.83954">
        <ele>236.0</ele>
      </trkpt>
      <trkpt lat="47.04808" lon="4.83955">
        <ele>235.3</ele>
      </trkpt>
      <trkpt lat="47.04739" lon="4.83957">
        <ele>234.9</ele>
      </trkpt>
      <trkpt lat="47.04695" lon="4.83956">
        <ele>234.3</ele>
      </trkpt>
      <trkpt lat="47.0461" lon="4.83952">
        <ele>234.3</ele>
      </trkpt>
      <trkpt lat="47.0456" lon="4.83953">
        <ele>234.6</ele>
      </trkpt>
      <trkpt lat="47.04511" lon="4.83954">
        <ele>234.9</ele>
      </trkpt>
      <trkpt lat="47.0446" lon="4.83955">
        <ele>234.3</ele>
      </trkpt>
      <trkpt lat="47.04398" lon="4.83955">
        <ele>233.1</ele>
      </trkpt>
      <trkpt lat="47.04351" lon="4.83956">
        <ele>232.0</ele>
      </trkpt>
      <trkpt lat="47.04307" lon="4.83963">
        <ele>231.7</ele>
      </trkpt>
      <trkpt lat="47.04247" lon="4.83977">
        <ele>232.6</ele>
      </trkpt>
      <trkpt lat="47.04239" lon="4.83977">
        <ele>232.4</ele>
      </trkpt>
      <trkpt lat="47.0422" lon="4.83981">
        <ele>231.9</ele>
      </trkpt>
      <trkpt lat="47.04203" lon="4.83986">
        <ele>231.3</ele>
      </trkpt>
      <trkpt lat="47.04185" lon="4.83997">
        <ele>230.7</ele>
      </trkpt>
      <trkpt lat="47.04172" lon="4.83998">
        <ele>230.2</ele>
      </trkpt>
      <trkpt lat="47.04168" lon="4.83994">
        <ele>230.1</ele>
      </trkpt>
      <trkpt lat="47.04164" lon="4.83991">
        <ele>230.1</ele>
      </trkpt>
      <trkpt lat="47.04159" lon="4.83991">
        <ele>230.0</ele>
      </trkpt>
      <trkpt lat="47.04155" lon="4.83993">
        <ele>229.9</ele>
      </trkpt>
      <trkpt lat="47.04151" lon="4.83996">
        <ele>229.8</ele>
      </trkpt>
      <trkpt lat="47.0415" lon="4.83999">
        <ele>229.8</ele>
      </trkpt>
      <trkpt lat="47.04138" lon="4.84002">
        <ele>229.7</ele>
      </trkpt>
      <trkpt lat="47.04114" lon="4.84005">
        <ele>229.4</ele>
      </trkpt>
      <trkpt lat="47.04059" lon="4.84016">
        <ele>228.8</ele>
      </trkpt>
      <trkpt lat="47.04057" lon="4.83912">
        <ele>229.1</ele>
      </trkpt>
      <trkpt lat="47.04049" lon="4.83812">
        <ele>230.1</ele>
      </trkpt>
      <trkpt lat="47.03967" lon="4.83797">
        <ele>230.2</ele>
      </trkpt>
      <trkpt lat="47.03914" lon="4.83784">
        <ele>230.3</ele>
      </trkpt>
      <trkpt lat="47.0386" lon="4.83771">
        <ele>228.9</ele>
      </trkpt>
      <trkpt lat="47.03846" lon="4.83769">
        <ele>228.5</ele>
      </trkpt>
      <trkpt lat="47.03774" lon="4.83768">
        <ele>228.4</ele>
      </trkpt>
      <trkpt lat="47.03689" lon="4.83769">
        <ele>226.1</ele>
      </trkpt>
      <trkpt lat="47.03649" lon="4.83774">
        <ele>225.4</ele>
      </trkpt>
      <trkpt lat="47.03604" lon="4.83783">
        <ele>225.8</ele>
      </trkpt>
      <trkpt lat="47.03582" lon="4.83786">
        <ele>225.9</ele>
      </trkpt>
      <trkpt lat="47.03522" lon="4.83807">
        <ele>224.0</ele>
      </trkpt>
      <trkpt lat="47.03515" lon="4.83785">
        <ele>224.0</ele>
      </trkpt>
      <trkpt lat="47.03503" lon="4.83755">
        <ele>224.0</ele>
      </trkpt>
      <trkpt lat="47.0348" lon="4.83717">
        <ele>223.1</ele>
      </trkpt>
      <trkpt lat="47.03465" lon="4.83699">
        <ele>222.6</ele>
      </trkpt>
      <trkpt lat="47.03437" lon="4.8367">
        <ele>222.0</ele>
      </trkpt>
      <trkpt lat="47.03399" lon="4.83626">
        <ele>222.1</ele>
      </trkpt>
      <trkpt lat="47.03372" lon="4.83595">
        <ele>222.5</ele>
      </trkpt>
      <trkpt lat="47.03354" lon="4.83576">
        <ele>222.8</ele>
      </trkpt>
      <trkpt lat="47.03344" lon="4.83568">
        <ele>222.9</ele>
      </trkpt>
      <trkpt lat="47.03293" lon="4.83518">
        <ele>223.0</ele>
      </trkpt>
      <trkpt lat="47.03246" lon="4.83482">
        <ele>223.2</ele>
      </trkpt>
      <trkpt lat="47.032" lon="4.83446">
        <ele>222.6</ele>
      </trkpt>
      <trkpt lat="47.03144" lon="4.83414">
        <ele>221.7</ele>
      </trkpt>
      <trkpt lat="47.03088" lon="4.83382">
        <ele>220.3</ele>
      </trkpt>
      <trkpt lat="47.03032" lon="4.8335">
        <ele>219.8</ele>
      </trkpt>
      <trkpt lat="47.02985" lon="4.83318">
        <ele>219.8</ele>
      </trkpt>
      <trkpt lat="47.0298" lon="4.83314">
        <ele>219.7</ele>
      </trkpt>
      <trkpt lat="47.02928" lon="4.83276">
        <ele>218.5</ele>
      </trkpt>
      <trkpt lat="47.02923" lon="4.83268">
        <ele>218.4</ele>
      </trkpt>
      <trkpt lat="47.0292" lon="4.83259">
        <ele>218.2</ele>
      </trkpt>
      <trkpt lat="47.02916" lon="4.83251">
        <ele>218.0</ele>
      </trkpt>
      <trkpt lat="47.02887" lon="4.83218">
        <ele>218.2</ele>
      </trkpt>
      <trkpt lat="47.02883" lon="4.83211">
        <ele>218.3</ele>
      </trkpt>
      <trkpt lat="47.0286" lon="4.83167">
        <ele>218.3</ele>
      </trkpt>
      <trkpt lat="47.02825" lon="4.83102">
        <ele>217.2</ele>
      </trkpt>
      <trkpt lat="47.0279" lon="4.83037">
        <ele>216.7</ele>
      </trkpt>
      <trkpt lat="47.02785" lon="4.83026">
        <ele>216.5</ele>
      </trkpt>
      <trkpt lat="47.0278" lon="4.83018">
        <ele>216.3</ele>
      </trkpt>
      <trkpt lat="47.02776" lon="4.83014">
        <ele>216.1</ele>
      </trkpt>
      <trkpt lat="47.02788" lon="4.82991">
        <ele>216.6</ele>
      </trkpt>
      <trkpt lat="47.02818" lon="4.82922">
        <ele>218.7</ele>
      </trkpt>
      <trkpt lat="47.02826" lon="4.829">
        <ele>219.7</ele>
      </trkpt>
      <trkpt lat="47.02804" lon="4.829">
        <ele>219.4</ele>
      </trkpt>
      <trkpt lat="47.02761" lon="4.82912">
        <ele>218.3</ele>
      </trkpt>
      <trkpt lat="47.02738" lon="4.82916">
        <ele>217.9</ele>
      </trkpt>
      <trkpt lat="47.02706" lon="4.82916">
        <ele>217.5</ele>
      </trkpt>
      <trkpt lat="47.02676" lon="4.82904">
        <ele>217.3</ele>
      </trkpt>
      <trkpt lat="47.02647" lon="4.82857">
        <ele>217.7</ele>
      </trkpt>
      <trkpt lat="47.02637" lon="4.82848">
        <ele>217.8</ele>
      </trkpt>
      <trkpt lat="47.02606" lon="4.8282">
        <ele>218.3</ele>
      </trkpt>
      <trkpt lat="47.02553" lon="4.82776">
        <ele>219.6</ele>
      </trkpt>
      <trkpt lat="47.02501" lon="4.82731">
        <ele>221.0</ele>
      </trkpt>
      <trkpt lat="47.02494" lon="4.82729">
        <ele>220.9</ele>
      </trkpt>
      <trkpt lat="47.02487" lon="4.82723">
        <ele>220.8</ele>
      </trkpt>
      <trkpt lat="47.02416" lon="4.82657">
        <ele>220.9</ele>
      </trkpt>
      <trkpt lat="47.02375" lon="4.82622">
        <ele>220.7</ele>
      </trkpt>
      <trkpt lat="47.02334" lon="4.82587">
        <ele>221.0</ele>
      </trkpt>
      <trkpt lat="47.02327" lon="4.82579">
        <ele>221.0</ele>
      </trkpt>
      <trkpt lat="47.02329" lon="4.82483">
        <ele>222.0</ele>
      </trkpt>
      <trkpt lat="47.02304" lon="4.82443">
        <ele>222.2</ele>
      </trkpt>
      <trkpt lat="47.02291" lon="4.82411">
        <ele>222.4</ele>
      </trkpt>
      <trkpt lat="47.02274" lon="4.82321">
        <ele>221.1</ele>
      </trkpt>
      <trkpt lat="47.02262" lon="4.82263">
        <ele>222.7</ele>
      </trkpt>
      <trkpt lat="47.02229" lon="4.82179">
        <ele>224.5</ele>
      </trkpt>
      <trkpt lat="47.02206" lon="4.8215">
        <ele>224.8</ele>
      </trkpt>
      <trkpt lat="47.02158" lon="4.82085">
        <ele>226.0</ele>
      </trkpt>
      <trkpt lat="47.0211" lon="4.82019">
        <ele>227.5</ele>
      </trkpt>
      <trkpt lat="47.02102" lon="4.82004">
        <ele>227.9</ele>
      </trkpt>
      <trkpt lat="47.02068" lon="4.81937">
        <ele>229.1</ele>
      </trkpt>
      <trkpt lat="47.02034" lon="4.81869">
        <ele>229.7</ele>
      </trkpt>
      <trkpt lat="47.02006" lon="4.8183">
        <ele>230.1</ele>
      </trkpt>
      <trkpt lat="47.01969" lon="4.81792">
        <ele>229.0</ele>
      </trkpt>
      <trkpt lat="47.01938" lon="4.81751">
        <ele>228.0</ele>
      </trkpt>
      <trkpt lat="47.01918" lon="4.8172">
        <ele>227.4</ele>
      </trkpt>
      <trkpt lat="47.01911" lon="4.81688">
        <ele>227.7</ele>
      </trkpt>
      <trkpt lat="47.01899" lon="4.81646">
        <ele>228.0</ele>
      </trkpt>
      <trkpt lat="47.01896" lon="4.81629">
        <ele>228.0</ele>
      </trkpt>
      <trkpt lat="47.01891" lon="4.81612">
        <ele>228.0</ele>
      </trkpt>
      <trkpt lat="47.01847" lon="4.81547">
        <ele>227.3</ele>
      </trkpt>
      <trkpt lat="47.01839" lon="4.81529">
        <ele>226.8</ele>
      </trkpt>
      <trkpt lat="47.01835" lon="4.81511">
        <ele>226.3</ele>
      </trkpt>
      <trkpt lat="47.01832" lon="4.81467">
        <ele>227.2</ele>
      </trkpt>
      <trkpt lat="47.01827" lon="4.81436">
        <ele>228.3</ele>
      </trkpt>
      <trkpt lat="47.01818" lon="4.81405">
        <ele>229.3</ele>
      </trkpt>
      <trkpt lat="47.01803" lon="4.81368">
        <ele>230.2</ele>
      </trkpt>
      <trkpt lat="47.01788" lon="4.81339">
        <ele>230.9</ele>
      </trkpt>
      <trkpt lat="47.01755" lon="4.81291">
        <ele>232.0</ele>
      </trkpt>
      <trkpt lat="47.01722" lon="4.81243">
        <ele>232.9</ele>
      </trkpt>
      <trkpt lat="47.01712" lon="4.81224">
        <ele>233.5</ele>
      </trkpt>
      <trkpt lat="47.01706" lon="4.8121">
        <ele>233.9</ele>
      </trkpt>
      <trkpt lat="47.01704" lon="4.81193">
        <ele>234.5</ele>
      </trkpt>
      <trkpt lat="47.017" lon="4.81143">
        <ele>236.2</ele>
      </trkpt>
      <trkpt lat="47.01695" lon="4.81116">
        <ele>237.0</ele>
      </trkpt>
      <trkpt lat="47.01689" lon="4.81097">
        <ele>237.4</ele>
      </trkpt>
      <trkpt lat="47.01678" lon="4.81066">
        <ele>237.9</ele>
      </trkpt>
      <trkpt lat="47.01669" lon="4.81022">
        <ele>238.6</ele>
      </trkpt>
      <trkpt lat="47.01652" lon="4.80971">
        <ele>239.9</ele>
      </trkpt>
      <trkpt lat="47.01646" lon="4.80951">
        <ele>240.5</ele>
      </trkpt>
      <trkpt lat="47.01631" lon="4.80917">
        <ele>241.6</ele>
      </trkpt>
      <trkpt lat="47.01625" lon="4.80899">
        <ele>242.2</ele>
      </trkpt>
      <trkpt lat="47.01618" lon="4.80874">
        <ele>243.1</ele>
      </trkpt>
      <trkpt lat="47.01613" lon="4.80863">
        <ele>243.3</ele>
      </trkpt>
      <trkpt lat="47.01567" lon="4.80813">
        <ele>243.1</ele>
      </trkpt>
      <trkpt lat="47.01523" lon="4.80767">
        <ele>243.1</ele>
      </trkpt>
      <trkpt lat="47.01508" lon="4.80744">
        <ele>243.4</ele>
      </trkpt>
      <trkpt lat="47.01503" lon="4.80733">
        <ele>243.7</ele>
      </trkpt>
      <trkpt lat="47.01475" lon="4.80637">
        <ele>245.6</ele>
      </trkpt>
      <trkpt lat="47.01466" lon="4.8061">
        <ele>246.0</ele>
      </trkpt>
      <trkpt lat="47.01453" lon="4.8055">
        <ele>246.9</ele>
      </trkpt>
      <trkpt lat="47.01445" lon="4.80521">
        <ele>247.0</ele>
      </trkpt>
      <trkpt lat="47.01436" lon="4.80501">
        <ele>246.9</ele>
      </trkpt>
      <trkpt lat="47.01429" lon="4.80481">
        <ele>246.8</ele>
      </trkpt>
      <trkpt lat="47.01427" lon="4.80471">
        <ele>246.8</ele>
      </trkpt>
      <trkpt lat="47.01424" lon="4.80446">
        <ele>246.9</ele>
      </trkpt>
      <trkpt lat="47.01422" lon="4.80413">
        <ele>247.2</ele>
      </trkpt>
      <trkpt lat="47.01421" lon="4.80371">
        <ele>247.8</ele>
      </trkpt>
      <trkpt lat="47.01418" lon="4.80348">
        <ele>247.9</ele>
      </trkpt>
      <trkpt lat="47.01412" lon="4.8032">
        <ele>248.4</ele>
      </trkpt>
      <trkpt lat="47.01391" lon="4.80251">
        <ele>250.4</ele>
      </trkpt>
      <trkpt lat="47.01375" lon="4.80204">
        <ele>250.6</ele>
      </trkpt>
      <trkpt lat="47.01362" lon="4.8015">
        <ele>251.2</ele>
      </trkpt>
      <trkpt lat="47.01351" lon="4.80109">
        <ele>252.3</ele>
      </trkpt>
      <trkpt lat="47.01348" lon="4.801">
        <ele>252.4</ele>
      </trkpt>
      <trkpt lat="47.01339" lon="4.80081">
        <ele>252.6</ele>
      </trkpt>
      <trkpt lat="47.01334" lon="4.80069">
        <ele>252.7</ele>
      </trkpt>
      <trkpt lat="47.0133" lon="4.80056">
        <ele>253.1</ele>
      </trkpt>
      <trkpt lat="47.01321" lon="4.80019">
        <ele>254.2</ele>
      </trkpt>
      <trkpt lat="47.01316" lon="4.80004">
        <ele>254.6</ele>
      </trkpt>
      <trkpt lat="47.01309" lon="4.79991">
        <ele>254.6</ele>
      </trkpt>
      <trkpt lat="47.0129" lon="4.79964">
        <ele>254.4</ele>
      </trkpt>
      <trkpt lat="47.01288" lon="4.79959">
        <ele>254.5</ele>
      </trkpt>
      <trkpt lat="47.01287" lon="4.79953">
        <ele>254.6</ele>
      </trkpt>
      <trkpt lat="47.01287" lon="4.79944">
        <ele>255.0</ele>
      </trkpt>
      <trkpt lat="47.01292" lon="4.79924">
        <ele>256.2</ele>
      </trkpt>
      <trkpt lat="47.01294" lon="4.79911">
        <ele>256.9</ele>
      </trkpt>
      <trkpt lat="47.01294" lon="4.79897">
        <ele>257.5</ele>
      </trkpt>
      <trkpt lat="47.01293" lon="4.79892">
        <ele>257.6</ele>
      </trkpt>
      <trkpt lat="47.0129" lon="4.79887">
        <ele>257.6</ele>
      </trkpt>
      <trkpt lat="47.0127" lon="4.79857">
        <ele>256.7</ele>
      </trkpt>
      <trkpt lat="47.01254" lon="4.79829">
        <ele>255.6</ele>
      </trkpt>
      <trkpt lat="47.01244" lon="4.79803">
        <ele>255.3</ele>
      </trkpt>
      <trkpt lat="47.01237" lon="4.7979">
        <ele>255.1</ele>
      </trkpt>
      <trkpt lat="47.01228" lon="4.79777">
        <ele>254.8</ele>
      </trkpt>
      <trkpt lat="47.01224" lon="4.79772">
        <ele>254.6</ele>
      </trkpt>
      <trkpt lat="47.01219" lon="4.7977">
        <ele>254.3</ele>
      </trkpt>
      <trkpt lat="47.01187" lon="4.79733">
        <ele>252.6</ele>
      </trkpt>
      <trkpt lat="47.01181" lon="4.79722">
        <ele>252.4</ele>
      </trkpt>
      <trkpt lat="47.01173" lon="4.79704">
        <ele>252.0</ele>
      </trkpt>
      <trkpt lat="47.0117" lon="4.797">
        <ele>251.8</ele>
      </trkpt>
      <trkpt lat="47.01096" lon="4.79638">
        <ele>249.4</ele>
      </trkpt>
      <trkpt lat="47.01046" lon="4.79585">
        <ele>247.9</ele>
      </trkpt>
      <trkpt lat="47.01044" lon="4.79575">
        <ele>248.0</ele>
      </trkpt>
      <trkpt lat="47.01033" lon="4.7955">
        <ele>248.3</ele>
      </trkpt>
      <trkpt lat="47.01028" lon="4.79542">
        <ele>248.3</ele>
      </trkpt>
      <trkpt lat="47.01003" lon="4.79507">
        <ele>248.1</ele>
      </trkpt>
      <trkpt lat="47.00994" lon="4.79496">
        <ele>248.0</ele>
      </trkpt>
      <trkpt lat="47.00981" lon="4.79484">
        <ele>247.9</ele>
      </trkpt>
      <trkpt lat="47.0098" lon="4.79486">
        <ele>247.9</ele>
      </trkpt>
      <trkpt lat="47.00979" lon="4.79485">
        <ele>247.9</ele>
      </trkpt>
      <trkpt lat="47.00976" lon="4.79481">
        <ele>247.9</ele>
      </trkpt>
      <trkpt lat="47.00947" lon="4.79441">
        <ele>247.6</ele>
      </trkpt>
      <trkpt lat="47.00943" lon="4.7944">
        <ele>247.5</ele>
      </trkpt>
      <trkpt lat="47.00929" lon="4.79447">
        <ele>247.2</ele>
      </trkpt>
      <trkpt lat="47.00916" lon="4.7943">
        <ele>247.0</ele>
      </trkpt>
      <trkpt lat="47.00896" lon="4.79408">
        <ele>247.3</ele>
      </trkpt>
      <trkpt lat="47.00853" lon="4.7935">
        <ele>249.0</ele>
      </trkpt>
      <trkpt lat="47.00805" lon="4.79311">
        <ele>249.9</ele>
      </trkpt>
      <trkpt lat="47.00799" lon="4.79301">
        <ele>250.0</ele>
      </trkpt>
      <trkpt lat="47.00795" lon="4.79294">
        <ele>250.0</ele>
      </trkpt>
      <trkpt lat="47.00789" lon="4.79272">
        <ele>250.2</ele>
      </trkpt>
      <trkpt lat="47.00778" lon="4.79245">
        <ele>250.4</ele>
      </trkpt>
      <trkpt lat="47.00764" lon="4.79214">
        <ele>250.9</ele>
      </trkpt>
      <trkpt lat="47.00746" lon="4.79165">
        <ele>252.1</ele>
      </trkpt>
      <trkpt lat="47.00736" lon="4.79144">
        <ele>252.9</ele>
      </trkpt>
      <trkpt lat="47.00713" lon="4.79103">
        <ele>254.6</ele>
      </trkpt>
      <trkpt lat="47.0068" lon="4.79026">
        <ele>258.8</ele>
      </trkpt>
      <trkpt lat="47.0067" lon="4.79">
        <ele>260.0</ele>
      </trkpt>
      <trkpt lat="47.00659" lon="4.78982">
        <ele>260.5</ele>
      </trkpt>
      <trkpt lat="47.00656" lon="4.78966">
        <ele>261.1</ele>
      </trkpt>
      <trkpt lat="47.00643" lon="4.78922">
        <ele>262.5</ele>
      </trkpt>
      <trkpt lat="47.00632" lon="4.78875">
        <ele>265.1</ele>
      </trkpt>
      <trkpt lat="47.00622" lon="4.78852">
        <ele>266.3</ele>
      </trkpt>
      <trkpt lat="47.00614" lon="4.78835">
        <ele>267.0</ele>
      </trkpt>
      <trkpt lat="47.00582" lon="4.78796">
        <ele>268.6</ele>
      </trkpt>
      <trkpt lat="47.00564" lon="4.78773">
        <ele>269.9</ele>
      </trkpt>
      <trkpt lat="47.00551" lon="4.78743">
        <ele>271.8</ele>
      </trkpt>
      <trkpt lat="47.00541" lon="4.78729">
        <ele>272.6</ele>
      </trkpt>
      <trkpt lat="47.00538" lon="4.78721">
        <ele>273.1</ele>
      </trkpt>
      <trkpt lat="47.00538" lon="4.78715">
        <ele>273.6</ele>
      </trkpt>
      <trkpt lat="47.00545" lon="4.78684">
        <ele>276.2</ele>
      </trkpt>
      <trkpt lat="47.00546" lon="4.78673">
        <ele>277.2</ele>
      </trkpt>
      <trkpt lat="47.00529" lon="4.78657">
        <ele>278.0</ele>
      </trkpt>
      <trkpt lat="47.00512" lon="4.78636">
        <ele>279.3</ele>
      </trkpt>
      <trkpt lat="47.00487" lon="4.78611">
        <ele>280.8</ele>
      </trkpt>
      <trkpt lat="47.0048" lon="4.78601">
        <ele>281.5</ele>
      </trkpt>
      <trkpt lat="47.0047" lon="4.78553">
        <ele>285.3</ele>
      </trkpt>
      <trkpt lat="47.00466" lon="4.78544">
        <ele>285.8</ele>
      </trkpt>
      <trkpt lat="47.00452" lon="4.78533">
        <ele>285.9</ele>
      </trkpt>
      <trkpt lat="47.00425" lon="4.78515">
        <ele>285.5</ele>
      </trkpt>
      <trkpt lat="47.00412" lon="4.78504">
        <ele>285.5</ele>
      </trkpt>
      <trkpt lat="47.00401" lon="4.7849">
        <ele>285.8</ele>
      </trkpt>
      <trkpt lat="47.00354" lon="4.78416">
        <ele>287.1</ele>
      </trkpt>
      <trkpt lat="47.00341" lon="4.78403">
        <ele>286.8</ele>
      </trkpt>
      <trkpt lat="47.00296" lon="4.78379">
        <ele>285.6</ele>
      </trkpt>
      <trkpt lat="47.00245" lon="4.78344">
        <ele>284.4</ele>
      </trkpt>
      <trkpt lat="47.00231" lon="4.7833">
        <ele>284.7</ele>
      </trkpt>
      <trkpt lat="47.0021" lon="4.78299">
        <ele>285.7</ele>
      </trkpt>
      <trkpt lat="47.00193" lon="4.78271">
        <ele>286.3</ele>
      </trkpt>
      <trkpt lat="47.0019" lon="4.78265">
        <ele>286.4</ele>
      </trkpt>
      <trkpt lat="47.00162" lon="4.78231">
        <ele>286.9</ele>
      </trkpt>
      <trkpt lat="47.00129" lon="4.78187">
        <ele>287.3</ele>
      </trkpt>
      <trkpt lat="47.00136" lon="4.78176">
        <ele>288.3</ele>
      </trkpt>
      <trkpt lat="47.00136" lon="4.78157">
        <ele>289.3</ele>
      </trkpt>
      <trkpt lat="47.00137" lon="4.78151">
        <ele>289.7</ele>
      </trkpt>
      <trkpt lat="47.00153" lon="4.78109">
        <ele>292.9</ele>
      </trkpt>
      <trkpt lat="47.00158" lon="4.78101">
        <ele>293.6</ele>
      </trkpt>
      <trkpt lat="47.00126" lon="4.78089">
        <ele>292.3</ele>
      </trkpt>
      <trkpt lat="47.00119" lon="4.7809">
        <ele>291.8</ele>
      </trkpt>
      <trkpt lat="47.00075" lon="4.78087">
        <ele>289.4</ele>
      </trkpt>
      <trkpt lat="47.00026" lon="4.78078">
        <ele>287.7</ele>
      </trkpt>
      <trkpt lat="47.00009" lon="4.78073">
        <ele>287.5</ele>
      </trkpt>
      <trkpt lat="46.99998" lon="4.781">
        <ele>285.1</ele>
      </trkpt>
      <trkpt lat="46.99967" lon="4.78168">
        <ele>281.7</ele>
      </trkpt>
      <trkpt lat="46.99937" lon="4.7822">
        <ele>277.7</ele>
      </trkpt>
      <trkpt lat="46.99888" lon="4.78318">
        <ele>269.3</ele>
      </trkpt>
      <trkpt lat="46.99854" lon="4.78377">
        <ele>265.1</ele>
      </trkpt>
      <trkpt lat="46.99846" lon="4.78368">
        <ele>265.3</ele>
      </trkpt>
      <trkpt lat="46.99836" lon="4.78382">
        <ele>264.2</ele>
      </trkpt>
      <trkpt lat="46.99817" lon="4.78414">
        <ele>261.8</ele>
      </trkpt>
      <trkpt lat="46.99795" lon="4.78463">
        <ele>259.7</ele>
      </trkpt>
      <trkpt lat="46.99787" lon="4.78479">
        <ele>259.0</ele>
      </trkpt>
      <trkpt lat="46.99777" lon="4.78486">
        <ele>258.4</ele>
      </trkpt>
      <trkpt lat="46.99759" lon="4.78488">
        <ele>257.7</ele>
      </trkpt>
      <trkpt lat="46.99745" lon="4.78492">
        <ele>257.0</ele>
      </trkpt>
      <trkpt lat="46.99733" lon="4.78502">
        <ele>255.9</ele>
      </trkpt>
      <trkpt lat="46.99718" lon="4.78513">
        <ele>254.8</ele>
      </trkpt>
      <trkpt lat="46.99702" lon="4.78519">
        <ele>253.8</ele>
      </trkpt>
      <trkpt lat="46.99685" lon="4.78535">
        <ele>252.6</ele>
      </trkpt>
      <trkpt lat="46.99663" lon="4.78541">
        <ele>251.3</ele>
      </trkpt>
      <trkpt lat="46.9965" lon="4.78549">
        <ele>250.6</ele>
      </trkpt>
      <trkpt lat="46.9964" lon="4.78564">
        <ele>249.8</ele>
      </trkpt>
      <trkpt lat="46.99631" lon="4.78583">
        <ele>248.9</ele>
      </trkpt>
      <trkpt lat="46.99604" lon="4.78562">
        <ele>247.9</ele>
      </trkpt>
      <trkpt lat="46.99542" lon="4.78525">
        <ele>246.3</ele>
      </trkpt>
      <trkpt lat="46.9952" lon="4.78506">
        <ele>245.8</ele>
      </trkpt>
      <trkpt lat="46.99496" lon="4.78481">
        <ele>245.5</ele>
      </trkpt>
      <trkpt lat="46.99472" lon="4.78452">
        <ele>245.5</ele>
      </trkpt>
      <trkpt lat="46.99427" lon="4.78415">
        <ele>244.5</ele>
      </trkpt>
      <trkpt lat="46.99382" lon="4.78379">
        <ele>244.5</ele>
      </trkpt>
      <trkpt lat="46.99364" lon="4.78361">
        <ele>244.7</ele>
      </trkpt>
      <trkpt lat="46.99332" lon="4.78336">
        <ele>244.8</ele>
      </trkpt>
      <trkpt lat="46.9931" lon="4.78323">
        <ele>244.2</ele>
      </trkpt>
      <trkpt lat="46.99252" lon="4.78295">
        <ele>242.0</ele>
      </trkpt>
      <trkpt lat="46.99218" lon="4.78275">
        <ele>240.9</ele>
      </trkpt>
      <trkpt lat="46.99202" lon="4.78271">
        <ele>240.2</ele>
      </trkpt>
      <trkpt lat="46.99175" lon="4.78257">
        <ele>239.3</ele>
      </trkpt>
      <trkpt lat="46.9915" lon="4.78236">
        <ele>239.3</ele>
      </trkpt>
      <trkpt lat="46.99139" lon="4.78224">
        <ele>239.7</ele>
      </trkpt>
      <trkpt lat="46.99114" lon="4.78196">
        <ele>240.7</ele>
      </trkpt>
      <trkpt lat="46.9908" lon="4.78167">
        <ele>241.8</ele>
      </trkpt>
      <trkpt lat="46.99067" lon="4.78128">
        <ele>242.6</ele>
      </trkpt>
      <trkpt lat="46.99062" lon="4.78116">
        <ele>242.8</ele>
      </trkpt>
      <trkpt lat="46.99041" lon="4.78088">
        <ele>242.8</ele>
      </trkpt>
      <trkpt lat="46.99011" lon="4.78065">
        <ele>242.2</ele>
      </trkpt>
      <trkpt lat="46.98951" lon="4.78036">
        <ele>240.3</ele>
      </trkpt>
      <trkpt lat="46.98905" lon="4.78021">
        <ele>238.9</ele>
      </trkpt>
      <trkpt lat="46.98836" lon="4.7799">
        <ele>238.4</ele>
      </trkpt>
      <trkpt lat="46.98806" lon="4.77966">
        <ele>238.1</ele>
      </trkpt>
      <trkpt lat="46.98774" lon="4.77924">
        <ele>237.9</ele>
      </trkpt>
      <trkpt lat="46.98762" lon="4.77902">
        <ele>237.9</ele>
      </trkpt>
      <trkpt lat="46.98761" lon="4.77883">
        <ele>238.3</ele>
      </trkpt>
      <trkpt lat="46.98774" lon="4.7782">
        <ele>240.5</ele>
      </trkpt>
      <trkpt lat="46.98776" lon="4.77781">
        <ele>241.7</ele>
      </trkpt>
      <trkpt lat="46.98774" lon="4.77772">
        <ele>241.9</ele>
      </trkpt>
      <trkpt lat="46.9879" lon="4.77695">
        <ele>244.2</ele>
      </trkpt>
      <trkpt lat="46.98769" lon="4.77668">
        <ele>243.9</ele>
      </trkpt>
      <trkpt lat="46.98754" lon="4.77651">
        <ele>243.6</ele>
      </trkpt>
      <trkpt lat="46.98726" lon="4.77628">
        <ele>243.7</ele>
      </trkpt>
      <trkpt lat="46.98695" lon="4.77611">
        <ele>243.7</ele>
      </trkpt>
      <trkpt lat="46.98676" lon="4.77596">
        <ele>243.8</ele>
      </trkpt>
      <trkpt lat="46.98658" lon="4.77579">
        <ele>243.7</ele>
      </trkpt>
      <trkpt lat="46.98648" lon="4.77565">
        <ele>243.6</ele>
      </trkpt>
      <trkpt lat="46.98643" lon="4.77555">
        <ele>243.5</ele>
      </trkpt>
      <trkpt lat="46.9864" lon="4.77545">
        <ele>243.5</ele>
      </trkpt>
      <trkpt lat="46.98651" lon="4.77509">
        <ele>244.3</ele>
      </trkpt>
      <trkpt lat="46.98653" lon="4.77498">
        <ele>244.5</ele>
      </trkpt>
      <trkpt lat="46.98637" lon="4.77474">
        <ele>244.3</ele>
      </trkpt>
      <trkpt lat="46.98616" lon="4.77451">
        <ele>244.1</ele>
      </trkpt>
      <trkpt lat="46.9857" lon="4.7741">
        <ele>243.8</ele>
      </trkpt>
      <trkpt lat="46.98555" lon="4.7739">
        <ele>243.8</ele>
      </trkpt>
      <trkpt lat="46.98527" lon="4.77322">
        <ele>243.3</ele>
      </trkpt>
      <trkpt lat="46.98517" lon="4.7733">
        <ele>242.8</ele>
      </trkpt>
      <trkpt lat="46.98507" lon="4.77331">
        <ele>242.3</ele>
      </trkpt>
      <trkpt lat="46.98483" lon="4.77326">
        <ele>241.5</ele>
      </trkpt>
      <trkpt lat="46.98464" lon="4.77318">
        <ele>240.9</ele>
      </trkpt>
      <trkpt lat="46.98418" lon="4.77286">
        <ele>239.6</ele>
      </trkpt>
      <trkpt lat="46.98372" lon="4.77254">
        <ele>240.0</ele>
      </trkpt>
      <trkpt lat="46.98361" lon="4.77242">
        <ele>240.3</ele>
      </trkpt>
      <trkpt lat="46.98357" lon="4.77215">
        <ele>241.3</ele>
      </trkpt>
      <trkpt lat="46.98349" lon="4.77206">
        <ele>241.6</ele>
      </trkpt>
      <trkpt lat="46.9829" lon="4.77165">
        <ele>242.5</ele>
      </trkpt>
      <trkpt lat="46.98231" lon="4.77125">
        <ele>242.7</ele>
      </trkpt>
      <trkpt lat="46.98202" lon="4.77092">
        <ele>243.5</ele>
      </trkpt>
      <trkpt lat="46.98176" lon="4.77068">
        <ele>243.8</ele>
      </trkpt>
      <trkpt lat="46.98107" lon="4.77008">
        <ele>244.5</ele>
      </trkpt>
      <trkpt lat="46.98088" lon="4.76989">
        <ele>244.9</ele>
      </trkpt>
      <trkpt lat="46.98065" lon="4.7698">
        <ele>245.8</ele>
      </trkpt>
      <trkpt lat="46.98071" lon="4.76911">
        <ele>245.2</ele>
      </trkpt>
      <trkpt lat="46.98063" lon="4.76864">
        <ele>244.5</ele>
      </trkpt>
      <trkpt lat="46.9799" lon="4.76879">
        <ele>245.8</ele>
      </trkpt>
      <trkpt lat="46.97973" lon="4.76863">
        <ele>245.4</ele>
      </trkpt>
      <trkpt lat="46.97957" lon="4.76851">
        <ele>245.2</ele>
      </trkpt>
      <trkpt lat="46.9794" lon="4.76845">
        <ele>245.1</ele>
      </trkpt>
      <trkpt lat="46.97932" lon="4.76841">
        <ele>245.1</ele>
      </trkpt>
      <trkpt lat="46.97917" lon="4.76838">
        <ele>245.2</ele>
      </trkpt>
      <trkpt lat="46.97885" lon="4.7683">
        <ele>245.2</ele>
      </trkpt>
      <trkpt lat="46.9788" lon="4.76847">
        <ele>245.9</ele>
      </trkpt>
      <trkpt lat="46.97877" lon="4.76862">
        <ele>246.5</ele>
      </trkpt>
      <trkpt lat="46.97838" lon="4.76865">
        <ele>247.1</ele>
      </trkpt>
      <trkpt lat="46.97783" lon="4.76836">
        <ele>244.9</ele>
      </trkpt>
      <trkpt lat="46.97779" lon="4.76846">
        <ele>245.4</ele>
      </trkpt>
      <trkpt lat="46.97774" lon="4.76892">
        <ele>247.7</ele>
      </trkpt>
      <trkpt lat="46.97771" lon="4.76901">
        <ele>248.1</ele>
      </trkpt>
      <trkpt lat="46.9775" lon="4.76886">
        <ele>247.1</ele>
      </trkpt>
      <trkpt lat="46.97727" lon="4.76876">
        <ele>244.6</ele>
      </trkpt>
      <trkpt lat="46.97677" lon="4.76868">
        <ele>239.9</ele>
      </trkpt>
      <trkpt lat="46.97666" lon="4.76864">
        <ele>238.8</ele>
      </trkpt>
      <trkpt lat="46.9765" lon="4.76853">
        <ele>237.5</ele>
      </trkpt>
      <trkpt lat="46.97589" lon="4.768">
        <ele>235.5</ele>
      </trkpt>
      <trkpt lat="46.97582" lon="4.76796">
        <ele>235.4</ele>
      </trkpt>
      <trkpt lat="46.97543" lon="4.768">
        <ele>235.2</ele>
      </trkpt>
      <trkpt lat="46.97535" lon="4.76801">
        <ele>235.2</ele>
      </trkpt>
      <trkpt lat="46.97517" lon="4.76798">
        <ele>235.1</ele>
      </trkpt>
      <trkpt lat="46.97488" lon="4.76777">
        <ele>235.1</ele>
      </trkpt>
      <trkpt lat="46.97434" lon="4.7674">
        <ele>235.8</ele>
      </trkpt>
      <trkpt lat="46.97381" lon="4.76704">
        <ele>235.3</ele>
      </trkpt>
      <trkpt lat="46.97376" lon="4.76713">
        <ele>235.3</ele>
      </trkpt>
      <trkpt lat="46.97325" lon="4.76674">
        <ele>233.9</ele>
      </trkpt>
      <trkpt lat="46.97273" lon="4.76635">
        <ele>233.2</ele>
      </trkpt>
      <trkpt lat="46.97238" lon="4.76601">
        <ele>233.4</ele>
      </trkpt>
      <trkpt lat="46.97195" lon="4.76552">
        <ele>233.2</ele>
      </trkpt>
      <trkpt lat="46.97176" lon="4.76524">
        <ele>232.6</ele>
      </trkpt>
      <trkpt lat="46.97148" lon="4.76491">
        <ele>231.9</ele>
      </trkpt>
      <trkpt lat="46.97109" lon="4.76451">
        <ele>231.9</ele>
      </trkpt>
      <trkpt lat="46.97083" lon="4.76429">
        <ele>231.8</ele>
      </trkpt>
      <trkpt lat="46.97053" lon="4.76407">
        <ele>231.6</ele>
      </trkpt>
      <trkpt lat="46.97028" lon="4.76382">
        <ele>231.3</ele>
      </trkpt>
      <trkpt lat="46.9702" lon="4.76377">
        <ele>231.2</ele>
      </trkpt>
      <trkpt lat="46.97047" lon="4.76344">
        <ele>231.6</ele>
      </trkpt>
      <trkpt lat="46.97041" lon="4.76313">
        <ele>231.8</ele>
      </trkpt>
      <trkpt lat="46.97036" lon="4.76297">
        <ele>232.1</ele>
      </trkpt>
      <trkpt lat="46.97022" lon="4.76281">
        <ele>232.0</ele>
      </trkpt>
      <trkpt lat="46.9701" lon="4.76273">
        <ele>231.9</ele>
      </trkpt>
      <trkpt lat="46.96996" lon="4.76258">
        <ele>231.8</ele>
      </trkpt>
      <trkpt lat="46.96981" lon="4.76236">
        <ele>232.0</ele>
      </trkpt>
      <trkpt lat="46.96947" lon="4.76192">
        <ele>232.4</ele>
      </trkpt>
      <trkpt lat="46.96932" lon="4.76165">
        <ele>232.7</ele>
      </trkpt>
      <trkpt lat="46.96905" lon="4.76129">
        <ele>234.8</ele>
      </trkpt>
      <trkpt lat="46.96888" lon="4.76108">
        <ele>236.3</ele>
      </trkpt>
      <trkpt lat="46.96877" lon="4.76094">
        <ele>237.3</ele>
      </trkpt>
      <trkpt lat="46.9687" lon="4.76088">
        <ele>237.7</ele>
      </trkpt>
      <trkpt lat="46.96851" lon="4.76077">
        <ele>238.6</ele>
      </trkpt>
      <trkpt lat="46.9684" lon="4.76073">
        <ele>238.9</ele>
      </trkpt>
      <trkpt lat="46.96827" lon="4.76071">
        <ele>238.9</ele>
      </trkpt>
      <trkpt lat="46.96812" lon="4.76073">
        <ele>238.3</ele>
      </trkpt>
      <trkpt lat="46.96801" lon="4.76079">
        <ele>237.6</ele>
      </trkpt>
      <trkpt lat="46.96792" lon="4.7608">
        <ele>237.3</ele>
      </trkpt>
      <trkpt lat="46.96722" lon="4.76078">
        <ele>236.3</ele>
      </trkpt>
      <trkpt lat="46.96698" lon="4.76073">
        <ele>236.5</ele>
      </trkpt>
      <trkpt lat="46.96683" lon="4.76069">
        <ele>236.6</ele>
      </trkpt>
      <trkpt lat="46.96667" lon="4.76071">
        <ele>236.4</ele>
      </trkpt>
      <trkpt lat="46.96625" lon="4.76065">
        <ele>235.4</ele>
      </trkpt>
      <trkpt lat="46.9662" lon="4.76057">
        <ele>235.5</ele>
      </trkpt>
      <trkpt lat="46.96599" lon="4.76029">
        <ele>235.3</ele>
      </trkpt>
      <trkpt lat="46.96578" lon="4.75974">
        <ele>237.0</ele>
      </trkpt>
      <trkpt lat="46.96531" lon="4.75878">
        <ele>240.6</ele>
      </trkpt>
      <trkpt lat="46.96484" lon="4.75782">
        <ele>242.4</ele>
      </trkpt>
      <trkpt lat="46.96465" lon="4.75731">
        <ele>244.3</ele>
      </trkpt>
      <trkpt lat="46.9645" lon="4.75707">
        <ele>244.9</ele>
      </trkpt>
      <trkpt lat="46.96428" lon="4.75683">
        <ele>244.9</ele>
      </trkpt>
      <trkpt lat="46.96389" lon="4.75626">
        <ele>247.5</ele>
      </trkpt>
      <trkpt lat="46.96364" lon="4.75585">
        <ele>249.3</ele>
      </trkpt>
      <trkpt lat="46.96306" lon="4.75518">
        <ele>252.3</ele>
      </trkpt>
      <trkpt lat="46.96295" lon="4.75503">
        <ele>253.0</ele>
      </trkpt>
      <trkpt lat="46.96261" lon="4.75446">
        <ele>254.4</ele>
      </trkpt>
      <trkpt lat="46.96237" lon="4.75421">
        <ele>254.5</ele>
      </trkpt>
      <trkpt lat="46.9616" lon="4.75361">
        <ele>255.4</ele>
      </trkpt>
      <trkpt lat="46.96096" lon="4.75304">
        <ele>255.5</ele>
      </trkpt>
      <trkpt lat="46.96033" lon="4.75247">
        <ele>256.3</ele>
      </trkpt>
      <trkpt lat="46.95969" lon="4.75191">
        <ele>255.2</ele>
      </trkpt>
      <trkpt lat="46.95929" lon="4.75161">
        <ele>254.7</ele>
      </trkpt>
      <trkpt lat="46.95887" lon="4.75135">
        <ele>253.9</ele>
      </trkpt>
      <trkpt lat="46.95846" lon="4.75102">
        <ele>253.1</ele>
      </trkpt>
      <trkpt lat="46.95806" lon="4.75069">
        <ele>252.9</ele>
      </trkpt>
      <trkpt lat="46.95796" lon="4.75059">
        <ele>253.1</ele>
      </trkpt>
      <trkpt lat="46.95787" lon="4.75046">
        <ele>253.5</ele>
      </trkpt>
      <trkpt lat="46.95767" lon="4.75007">
        <ele>254.9</ele>
      </trkpt>
      <trkpt lat="46.95743" lon="4.74977">
        <ele>255.7</ele>
      </trkpt>
      <trkpt lat="46.95722" lon="4.74959">
        <ele>256.0</ele>
      </trkpt>
      <trkpt lat="46.95688" lon="4.74916">
        <ele>257.3</ele>
      </trkpt>
      <trkpt lat="46.9563" lon="4.74835">
        <ele>259.0</ele>
      </trkpt>
      <trkpt lat="46.95571" lon="4.74754">
        <ele>263.3</ele>
      </trkpt>
      <trkpt lat="46.95548" lon="4.74728">
        <ele>264.4</ele>
      </trkpt>
      <trkpt lat="46.9553" lon="4.74714">
        <ele>265.0</ele>
      </trkpt>
      <trkpt lat="46.95492" lon="4.74694">
        <ele>265.0</ele>
      </trkpt>
      <trkpt lat="46.95472" lon="4.74676">
        <ele>263.2</ele>
      </trkpt>
      <trkpt lat="46.95452" lon="4.74651">
        <ele>260.8</ele>
      </trkpt>
      <trkpt lat="46.95431" lon="4.74626">
        <ele>258.2</ele>
      </trkpt>
      <trkpt lat="46.95407" lon="4.74603">
        <ele>255.9</ele>
      </trkpt>
      <trkpt lat="46.95361" lon="4.74571">
        <ele>251.9</ele>
      </trkpt>
      <trkpt lat="46.95315" lon="4.7454">
        <ele>248.6</ele>
      </trkpt>
      <trkpt lat="46.95307" lon="4.74535">
        <ele>248.2</ele>
      </trkpt>
      <trkpt lat="46.95282" lon="4.7451">
        <ele>247.3</ele>
      </trkpt>
      <trkpt lat="46.95229" lon="4.74449">
        <ele>246.4</ele>
      </trkpt>
      <trkpt lat="46.9519" lon="4.7441">
        <ele>246.5</ele>
      </trkpt>
      <trkpt lat="46.95165" lon="4.7438">
        <ele>247.1</ele>
      </trkpt>
      <trkpt lat="46.95138" lon="4.74356">
        <ele>247.4</ele>
      </trkpt>
      <trkpt lat="46.95111" lon="4.7434">
        <ele>247.0</ele>
      </trkpt>
      <trkpt lat="46.95083" lon="4.74316">
        <ele>247.0</ele>
      </trkpt>
      <trkpt lat="46.95059" lon="4.74302">
        <ele>247.1</ele>
      </trkpt>
      <trkpt lat="46.95027" lon="4.7429">
        <ele>246.9</ele>
      </trkpt>
      <trkpt lat="46.95011" lon="4.74279">
        <ele>247.2</ele>
      </trkpt>
      <trkpt lat="46.9499" lon="4.74255">
        <ele>248.3</ele>
      </trkpt>
      <trkpt lat="46.94977" lon="4.74244">
        <ele>248.5</ele>
      </trkpt>
      <trkpt lat="46.94929" lon="4.74214">
        <ele>248.2</ele>
      </trkpt>
      <trkpt lat="46.9491" lon="4.74198">
        <ele>248.3</ele>
      </trkpt>
      <trkpt lat="46.94905" lon="4.74195">
        <ele>248.3</ele>
      </trkpt>
      <trkpt lat="46.94882" lon="4.74183">
        <ele>248.3</ele>
      </trkpt>
      <trkpt lat="46.94837" lon="4.74167">
        <ele>248.0</ele>
      </trkpt>
      <trkpt lat="46.94813" lon="4.74153">
        <ele>248.4</ele>
      </trkpt>
      <trkpt lat="46.9477" lon="4.74118">
        <ele>249.1</ele>
      </trkpt>
      <trkpt lat="46.94728" lon="4.74083">
        <ele>249.2</ele>
      </trkpt>
      <trkpt lat="46.94709" lon="4.74067">
        <ele>249.1</ele>
      </trkpt>
      <trkpt lat="46.94636" lon="4.73998">
        <ele>249.4</ele>
      </trkpt>
      <trkpt lat="46.94612" lon="4.73984">
        <ele>249.4</ele>
      </trkpt>
      <trkpt lat="46.94549" lon="4.73953">
        <ele>249.3</ele>
      </trkpt>
      <trkpt lat="46.9453" lon="4.73938">
        <ele>249.6</ele>
      </trkpt>
      <trkpt lat="46.94518" lon="4.73926">
        <ele>249.9</ele>
      </trkpt>
      <trkpt lat="46.94482" lon="4.73882">
        <ele>251.1</ele>
      </trkpt>
      <trkpt lat="46.94474" lon="4.73876">
        <ele>251.2</ele>
      </trkpt>
      <trkpt lat="46.94438" lon="4.73849">
        <ele>251.2</ele>
      </trkpt>
      <trkpt lat="46.94402" lon="4.73829">
        <ele>250.6</ele>
      </trkpt>
      <trkpt lat="46.94353" lon="4.73794">
        <ele>249.8</ele>
      </trkpt>
      <trkpt lat="46.94304" lon="4.73759">
        <ele>248.1</ele>
      </trkpt>
      <trkpt lat="46.94258" lon="4.73732">
        <ele>245.5</ele>
      </trkpt>
      <trkpt lat="46.94242" lon="4.73723">
        <ele>244.4</ele>
      </trkpt>
      <trkpt lat="46.9422" lon="4.73704">
        <ele>242.6</ele>
      </trkpt>
      <trkpt lat="46.94196" lon="4.73676">
        <ele>240.5</ele>
      </trkpt>
      <trkpt lat="46.94139" lon="4.73628">
        <ele>236.8</ele>
      </trkpt>
      <trkpt lat="46.94082" lon="4.7358">
        <ele>235.1</ele>
      </trkpt>
      <trkpt lat="46.94068" lon="4.73572">
        <ele>235.4</ele>
      </trkpt>
      <trkpt lat="46.94038" lon="4.73567">
        <ele>235.8</ele>
      </trkpt>
      <trkpt lat="46.94025" lon="4.73563">
        <ele>236.1</ele>
      </trkpt>
      <trkpt lat="46.94019" lon="4.73557">
        <ele>236.3</ele>
      </trkpt>
      <trkpt lat="46.94012" lon="4.73563">
        <ele>236.3</ele>
      </trkpt>
      <trkpt lat="46.93977" lon="4.7351">
        <ele>238.0</ele>
      </trkpt>
      <trkpt lat="46.93942" lon="4.73458">
        <ele>238.8</ele>
      </trkpt>
      <trkpt lat="46.93916" lon="4.73422">
        <ele>239.0</ele>
      </trkpt>
      <trkpt lat="46.93888" lon="4.73388">
        <ele>239.2</ele>
      </trkpt>
      <trkpt lat="46.93859" lon="4.7336">
        <ele>239.2</ele>
      </trkpt>
      <trkpt lat="46.93811" lon="4.73317">
        <ele>239.3</ele>
      </trkpt>
      <trkpt lat="46.93788" lon="4.73271">
        <ele>240.7</ele>
      </trkpt>
      <trkpt lat="46.93777" lon="4.73257">
        <ele>241.1</ele>
      </trkpt>
      <trkpt lat="46.93742" lon="4.73239">
        <ele>241.0</ele>
      </trkpt>
      <trkpt lat="46.93719" lon="4.73229">
        <ele>240.9</ele>
      </trkpt>
      <trkpt lat="46.93697" lon="4.73226">
        <ele>240.6</ele>
      </trkpt>
      <trkpt lat="46.93681" lon="4.73226">
        <ele>240.5</ele>
      </trkpt>
      <trkpt lat="46.93664" lon="4.73222">
        <ele>240.3</ele>
      </trkpt>
      <trkpt lat="46.93645" lon="4.73214">
        <ele>240.3</ele>
      </trkpt>
      <trkpt lat="46.93626" lon="4.73205">
        <ele>240.3</ele>
      </trkpt>
      <trkpt lat="46.93612" lon="4.73191">
        <ele>240.5</ele>
      </trkpt>
      <trkpt lat="46.9356" lon="4.73124">
        <ele>240.4</ele>
      </trkpt>
      <trkpt lat="46.9352" lon="4.73081">
        <ele>238.9</ele>
      </trkpt>
      <trkpt lat="46.93516" lon="4.73077">
        <ele>238.7</ele>
      </trkpt>
      <trkpt lat="46.93478" lon="4.72999">
        <ele>236.2</ele>
      </trkpt>
      <trkpt lat="46.93464" lon="4.72965">
        <ele>236.9</ele>
      </trkpt>
      <trkpt lat="46.9345" lon="4.72925">
        <ele>237.9</ele>
      </trkpt>
      <trkpt lat="46.93422" lon="4.72883">
        <ele>238.8</ele>
      </trkpt>
      <trkpt lat="46.93352" lon="4.72808">
        <ele>240.1</ele>
      </trkpt>
      <trkpt lat="46.93337" lon="4.72782">
        <ele>240.4</ele>
      </trkpt>
      <trkpt lat="46.93281" lon="4.72711">
        <ele>240.5</ele>
      </trkpt>
      <trkpt lat="46.93259" lon="4.72739">
        <ele>238.1</ele>
      </trkpt>
      <trkpt lat="46.93232" lon="4.72791">
        <ele>235.5</ele>
      </trkpt>
      <trkpt lat="46.93198" lon="4.72842">
        <ele>233.5</ele>
      </trkpt>
      <trkpt lat="46.93125" lon="4.72903">
        <ele>230.3</ele>
      </trkpt>
      <trkpt lat="46.93104" lon="4.72934">
        <ele>229.6</ele>
      </trkpt>
      <trkpt lat="46.93066" lon="4.73007">
        <ele>227.4</ele>
      </trkpt>
      <trkpt lat="46.93028" lon="4.73079">
        <ele>225.4</ele>
      </trkpt>
      <trkpt lat="46.93022" lon="4.73088">
        <ele>225.1</ele>
      </trkpt>
      <trkpt lat="46.93017" lon="4.73093">
        <ele>224.9</ele>
      </trkpt>
      <trkpt lat="46.93006" lon="4.73101">
        <ele>224.4</ele>
      </trkpt>
      <trkpt lat="46.93004" lon="4.731">
        <ele>224.5</ele>
      </trkpt>
      <trkpt lat="46.92982" lon="4.73114">
        <ele>223.3</ele>
      </trkpt>
      <trkpt lat="46.92973" lon="4.73124">
        <ele>222.7</ele>
      </trkpt>
      <trkpt lat="46.92939" lon="4.73191">
        <ele>220.2</ele>
      </trkpt>
      <trkpt lat="46.92907" lon="4.73254">
        <ele>218.9</ele>
      </trkpt>
      <trkpt lat="46.92874" lon="4.73316">
        <ele>218.1</ele>
      </trkpt>
      <trkpt lat="46.92856" lon="4.73329">
        <ele>217.6</ele>
      </trkpt>
      <trkpt lat="46.92825" lon="4.73341">
        <ele>216.9</ele>
      </trkpt>
      <trkpt lat="46.9277" lon="4.73352">
        <ele>216.1</ele>
      </trkpt>
      <trkpt lat="46.92745" lon="4.73368">
        <ele>215.5</ele>
      </trkpt>
      <trkpt lat="46.92731" lon="4.73388">
        <ele>215.0</ele>
      </trkpt>
      <trkpt lat="46.92714" lon="4.73414">
        <ele>214.2</ele>
      </trkpt>
      <trkpt lat="46.92685" lon="4.73459">
        <ele>213.3</ele>
      </trkpt>
      <trkpt lat="46.92642" lon="4.73533">
        <ele>212.9</ele>
      </trkpt>
      <trkpt lat="46.92619" lon="4.73561">
        <ele>213.0</ele>
      </trkpt>
      <trkpt lat="46.9259" lon="4.73584">
        <ele>213.1</ele>
      </trkpt>
      <trkpt lat="46.92555" lon="4.73602">
        <ele>212.6</ele>
      </trkpt>
      <trkpt lat="46.92535" lon="4.73608">
        <ele>212.5</ele>
      </trkpt>
      <trkpt lat="46.92514" lon="4.73627">
        <ele>212.5</ele>
      </trkpt>
      <trkpt lat="46.92486" lon="4.73672">
        <ele>212.6</ele>
      </trkpt>
      <trkpt lat="46.92448" lon="4.73729">
        <ele>211.5</ele>
      </trkpt>
      <trkpt lat="46.92421" lon="4.73762">
        <ele>211.2</ele>
      </trkpt>
      <trkpt lat="46.92415" lon="4.73779">
        <ele>211.3</ele>
      </trkpt>
      <trkpt lat="46.92412" lon="4.73777">
        <ele>211.2</ele>
      </trkpt>
      <trkpt lat="46.92406" lon="4.73776">
        <ele>211.0</ele>
      </trkpt>
      <trkpt lat="46.924" lon="4.7378">
        <ele>211.0</ele>
      </trkpt>
      <trkpt lat="46.92398" lon="4.73784">
        <ele>210.9</ele>
      </trkpt>
      <trkpt lat="46.92396" lon="4.73791">
        <ele>211.0</ele>
      </trkpt>
      <trkpt lat="46.92396" lon="4.738">
        <ele>211.1</ele>
      </trkpt>
      <trkpt lat="46.92399" lon="4.73807">
        <ele>211.3</ele>
      </trkpt>
      <trkpt lat="46.92404" lon="4.73811">
        <ele>211.4</ele>
      </trkpt>
      <trkpt lat="46.92393" lon="4.73838">
        <ele>211.5</ele>
      </trkpt>
      <trkpt lat="46.92385" lon="4.73863">
        <ele>211.6</ele>
      </trkpt>
      <trkpt lat="46.92368" lon="4.73904">
        <ele>212.3</ele>
      </trkpt>
      <trkpt lat="46.92358" lon="4.73907">
        <ele>212.4</ele>
      </trkpt>
      <trkpt lat="46.9234" lon="4.73915">
        <ele>212.9</ele>
      </trkpt>
      <trkpt lat="46.92326" lon="4.73925">
        <ele>212.7</ele>
      </trkpt>
      <trkpt lat="46.92316" lon="4.73933">
        <ele>212.3</ele>
      </trkpt>
      <trkpt lat="46.92305" lon="4.73951">
        <ele>211.8</ele>
      </trkpt>
      <trkpt lat="46.92299" lon="4.73966">
        <ele>211.5</ele>
      </trkpt>
      <trkpt lat="46.92296" lon="4.73987">
        <ele>211.3</ele>
      </trkpt>
      <trkpt lat="46.923" lon="4.74048">
        <ele>211.0</ele>
      </trkpt>
      <trkpt lat="46.92305" lon="4.74105">
        <ele>210.9</ele>
      </trkpt>
      <trkpt lat="46.92311" lon="4.74139">
        <ele>210.9</ele>
      </trkpt>
      <trkpt lat="46.92316" lon="4.74167">
        <ele>210.8</ele>
      </trkpt>
      <trkpt lat="46.92325" lon="4.7421">
        <ele>211.4</ele>
      </trkpt>
      <trkpt lat="46.92341" lon="4.74271">
        <ele>212.2</ele>
      </trkpt>
      <trkpt lat="46.92358" lon="4.74302">
        <ele>212.8</ele>
      </trkpt>
      <trkpt lat="46.92382" lon="4.74338">
        <ele>213.8</ele>
      </trkpt>
      <trkpt lat="46.92423" lon="4.74389">
        <ele>215.1</ele>
      </trkpt>
      <trkpt lat="46.92448" lon="4.74423">
        <ele>215.7</ele>
      </trkpt>
      <trkpt lat="46.92452" lon="4.74433">
        <ele>215.9</ele>
      </trkpt>
      <trkpt lat="46.92454" lon="4.74442">
        <ele>215.9</ele>
      </trkpt>
      <trkpt lat="46.92396" lon="4.74504">
        <ele>214.7</ele>
      </trkpt>
      <trkpt lat="46.92335" lon="4.74567">
        <ele>213.2</ele>
      </trkpt>
      <trkpt lat="46.92287" lon="4.74618">
        <ele>211.6</ele>
      </trkpt>
      <trkpt lat="46.92238" lon="4.7467">
        <ele>209.9</ele>
      </trkpt>
      <trkpt lat="46.92228" lon="4.74682">
        <ele>209.8</ele>
      </trkpt>
      <trkpt lat="46.92216" lon="4.74698">
        <ele>209.7</ele>
      </trkpt>
      <trkpt lat="46.92191" lon="4.74735">
        <ele>209.9</ele>
      </trkpt>
      <trkpt lat="46.92153" lon="4.74801">
        <ele>210.9</ele>
      </trkpt>
      <trkpt lat="46.92113" lon="4.7487">
        <ele>210.4</ele>
      </trkpt>
      <trkpt lat="46.92074" lon="4.74938">
        <ele>209.2</ele>
      </trkpt>
      <trkpt lat="46.92035" lon="4.75007">
        <ele>207.4</ele>
      </trkpt>
      <trkpt lat="46.92015" lon="4.75039">
        <ele>207.1</ele>
      </trkpt>
      <trkpt lat="46.91974" lon="4.75096">
        <ele>206.7</ele>
      </trkpt>
      <trkpt lat="46.91921" lon="4.75163">
        <ele>206.1</ele>
      </trkpt>
      <trkpt lat="46.91868" lon="4.75229">
        <ele>205.1</ele>
      </trkpt>
      <trkpt lat="46.91815" lon="4.75296">
        <ele>205.1</ele>
      </trkpt>
      <trkpt lat="46.91762" lon="4.75363">
        <ele>204.3</ele>
      </trkpt>
      <trkpt lat="46.91722" lon="4.75414">
        <ele>203.7</ele>
      </trkpt>
      <trkpt lat="46.91682" lon="4.75465">
        <ele>204.7</ele>
      </trkpt>
      <trkpt lat="46.91662" lon="4.7549">
        <ele>205.1</ele>
      </trkpt>
      <trkpt lat="46.91626" lon="4.75531">
        <ele>205.9</ele>
      </trkpt>
      <trkpt lat="46.91607" lon="4.75548">
        <ele>205.8</ele>
      </trkpt>
      <trkpt lat="46.9157" lon="4.7558">
        <ele>205.3</ele>
      </trkpt>
      <trkpt lat="46.91485" lon="4.75598">
        <ele>207.2</ele>
      </trkpt>
      <trkpt lat="46.91476" lon="4.75604">
        <ele>207.4</ele>
      </trkpt>
      <trkpt lat="46.91472" lon="4.75607">
        <ele>207.5</ele>
      </trkpt>
      <trkpt lat="46.91448" lon="4.75531">
        <ele>206.8</ele>
      </trkpt>
      <trkpt lat="46.91425" lon="4.75451">
        <ele>205.6</ele>
      </trkpt>
      <trkpt lat="46.91402" lon="4.75371">
        <ele>205.6</ele>
      </trkpt>
      <trkpt lat="46.91395" lon="4.75354">
        <ele>205.8</ele>
      </trkpt>
      <trkpt lat="46.91391" lon="4.75349">
        <ele>205.9</ele>
      </trkpt>
      <trkpt lat="46.91384" lon="4.75343">
        <ele>205.9</ele>
      </trkpt>
      <trkpt lat="46.91374" lon="4.75338">
        <ele>206.0</ele>
      </trkpt>
      <trkpt lat="46.91351" lon="4.75335">
        <ele>206.0</ele>
      </trkpt>
      <trkpt lat="46.91266" lon="4.75327">
        <ele>207.6</ele>
      </trkpt>
      <trkpt lat="46.9126" lon="4.75329">
        <ele>207.8</ele>
      </trkpt>
      <trkpt lat="46.91255" lon="4.75334">
        <ele>207.9</ele>
      </trkpt>
      <trkpt lat="46.9125" lon="4.75341">
        <ele>207.9</ele>
      </trkpt>
      <trkpt lat="46.91248" lon="4.75347">
        <ele>207.9</ele>
      </trkpt>
      <trkpt lat="46.91241" lon="4.75378">
        <ele>207.6</ele>
      </trkpt>
      <trkpt lat="46.91231" lon="4.75402">
        <ele>207.4</ele>
      </trkpt>
      <trkpt lat="46.91224" lon="4.75415">
        <ele>207.3</ele>
      </trkpt>
      <trkpt lat="46.91208" lon="4.75437">
        <ele>207.6</ele>
      </trkpt>
      <trkpt lat="46.9118" lon="4.75462">
        <ele>208.3</ele>
      </trkpt>
      <trkpt lat="46.91156" lon="4.75481">
        <ele>209.0</ele>
      </trkpt>
      <trkpt lat="46.91131" lon="4.755">
        <ele>209.9</ele>
      </trkpt>
      <trkpt lat="46.91124" lon="4.75502">
        <ele>210.1</ele>
      </trkpt>
      <trkpt lat="46.91116" lon="4.75504">
        <ele>210.3</ele>
      </trkpt>
      <trkpt lat="46.91109" lon="4.75503">
        <ele>210.4</ele>
      </trkpt>
      <trkpt lat="46.91099" lon="4.75498">
        <ele>210.6</ele>
      </trkpt>
      <trkpt lat="46.91089" lon="4.75492">
        <ele>210.7</ele>
      </trkpt>
      <trkpt lat="46.91021" lon="4.75432">
        <ele>210.4</ele>
      </trkpt>
      <trkpt lat="46.90954" lon="4.75372">
        <ele>212.0</ele>
      </trkpt>
      <trkpt lat="46.90925" lon="4.75356">
        <ele>212.2</ele>
      </trkpt>
      <trkpt lat="46.90893" lon="4.75341">
        <ele>212.9</ele>
      </trkpt>
      <trkpt lat="46.9083" lon="4.75312">
        <ele>214.3</ele>
      </trkpt>
      <trkpt lat="46.90818" lon="4.75309">
        <ele>214.6</ele>
      </trkpt>
      <trkpt lat="46.90805" lon="4.75309">
        <ele>214.9</ele>
      </trkpt>
      <trkpt lat="46.90779" lon="4.75317">
        <ele>215.8</ele>
      </trkpt>
      <trkpt lat="46.90759" lon="4.75321">
        <ele>216.5</ele>
      </trkpt>
      <trkpt lat="46.90725" lon="4.75309">
        <ele>217.2</ele>
      </trkpt>
      <trkpt lat="46.90694" lon="4.75297">
        <ele>217.9</ele>
      </trkpt>
      <trkpt lat="46.90681" lon="4.75291">
        <ele>218.1</ele>
      </trkpt>
      <trkpt lat="46.90632" lon="4.75262">
        <ele>219.8</ele>
      </trkpt>
      <trkpt lat="46.90583" lon="4.75233">
        <ele>221.8</ele>
      </trkpt>
      <trkpt lat="46.90574" lon="4.75228">
        <ele>221.6</ele>
      </trkpt>
      <trkpt lat="46.90567" lon="4.75227">
        <ele>221.6</ele>
      </trkpt>
      <trkpt lat="46.90555" lon="4.75225">
        <ele>221.6</ele>
      </trkpt>
      <trkpt lat="46.90548" lon="4.75225">
        <ele>221.7</ele>
      </trkpt>
      <trkpt lat="46.9054" lon="4.75229">
        <ele>222.0</ele>
      </trkpt>
      <trkpt lat="46.90537" lon="4.75224">
        <ele>221.8</ele>
      </trkpt>
      <trkpt lat="46.90534" lon="4.75222">
        <ele>221.8</ele>
      </trkpt>
      <trkpt lat="46.90529" lon="4.75222">
        <ele>221.9</ele>
      </trkpt>
      <trkpt lat="46.90526" lon="4.75224">
        <ele>222.0</ele>
      </trkpt>
      <trkpt lat="46.90518" lon="4.75218">
        <ele>221.9</ele>
      </trkpt>
      <trkpt lat="46.90513" lon="4.75216">
        <ele>221.9</ele>
      </trkpt>
      <trkpt lat="46.9046" lon="4.75215">
        <ele>222.6</ele>
      </trkpt>
      <trkpt lat="46.90407" lon="4.75214">
        <ele>223.0</ele>
      </trkpt>
      <trkpt lat="46.90323" lon="4.75215">
        <ele>221.8</ele>
      </trkpt>
      <trkpt lat="46.90238" lon="4.75216">
        <ele>222.7</ele>
      </trkpt>
      <trkpt lat="46.9023" lon="4.75216">
        <ele>223.1</ele>
      </trkpt>
      <trkpt lat="46.9022" lon="4.75285">
        <ele>225.0</ele>
      </trkpt>
      <trkpt lat="46.90215" lon="4.75323">
        <ele>226.2</ele>
      </trkpt>
      <trkpt lat="46.90212" lon="4.7533">
        <ele>226.4</ele>
      </trkpt>
      <trkpt lat="46.90207" lon="4.75336">
        <ele>226.5</ele>
      </trkpt>
      <trkpt lat="46.90201" lon="4.75338">
        <ele>226.6</ele>
      </trkpt>
      <trkpt lat="46.90117" lon="4.75365">
        <ele>227.8</ele>
      </trkpt>
      <trkpt lat="46.90033" lon="4.75393">
        <ele>229.2</ele>
      </trkpt>
      <trkpt lat="46.89949" lon="4.7542">
        <ele>232.5</ele>
      </trkpt>
      <trkpt lat="46.89865" lon="4.75448">
        <ele>233.5</ele>
      </trkpt>
      <trkpt lat="46.89781" lon="4.75475">
        <ele>233.0</ele>
      </trkpt>
      <trkpt lat="46.89697" lon="4.75503">
        <ele>232.3</ele>
      </trkpt>
      <trkpt lat="46.89613" lon="4.75531">
        <ele>230.6</ele>
      </trkpt>
      <trkpt lat="46.89529" lon="4.75558">
        <ele>229.6</ele>
      </trkpt>
      <trkpt lat="46.89456" lon="4.75582">
        <ele>228.4</ele>
      </trkpt>
      <trkpt lat="46.89384" lon="4.75606">
        <ele>226.5</ele>
      </trkpt>
      <trkpt lat="46.89311" lon="4.7563">
        <ele>225.4</ele>
      </trkpt>
      <trkpt lat="46.89239" lon="4.75653">
        <ele>225.6</ele>
      </trkpt>
      <trkpt lat="46.89166" lon="4.75677">
        <ele>224.7</ele>
      </trkpt>
      <trkpt lat="46.89149" lon="4.75684">
        <ele>224.6</ele>
      </trkpt>
      <trkpt lat="46.89132" lon="4.75694">
        <ele>224.6</ele>
      </trkpt>
      <trkpt lat="46.89114" lon="4.75714">
        <ele>225.0</ele>
      </trkpt>
      <trkpt lat="46.89103" lon="4.75733">
        <ele>225.7</ele>
      </trkpt>
      <trkpt lat="46.89082" lon="4.7578">
        <ele>225.9</ele>
      </trkpt>
      <trkpt lat="46.89045" lon="4.7587">
        <ele>224.4</ele>
      </trkpt>
      <trkpt lat="46.89008" lon="4.75961">
        <ele>223.2</ele>
      </trkpt>
      <trkpt lat="46.8898" lon="4.76027">
        <ele>220.4</ele>
      </trkpt>
      <trkpt lat="46.8897" lon="4.76055">
        <ele>219.6</ele>
      </trkpt>
      <trkpt lat="46.88963" lon="4.76069">
        <ele>219.3</ele>
      </trkpt>
      <trkpt lat="46.88934" lon="4.76136">
        <ele>219.2</ele>
      </trkpt>
      <trkpt lat="46.889" lon="4.76217">
        <ele>218.2</ele>
      </trkpt>
      <trkpt lat="46.88867" lon="4.76298">
        <ele>217.2</ele>
      </trkpt>
      <trkpt lat="46.88833" lon="4.76379">
        <ele>216.5</ele>
      </trkpt>
      <trkpt lat="46.88822" lon="4.76398">
        <ele>216.7</ele>
      </trkpt>
      <trkpt lat="46.88812" lon="4.76413">
        <ele>216.7</ele>
      </trkpt>
      <trkpt lat="46.88795" lon="4.76425">
        <ele>216.6</ele>
      </trkpt>
      <trkpt lat="46.88761" lon="4.76442">
        <ele>216.2</ele>
      </trkpt>
      <trkpt lat="46.88713" lon="4.76463">
        <ele>216.0</ele>
      </trkpt>
      <trkpt lat="46.88665" lon="4.76485">
        <ele>216.0</ele>
      </trkpt>
      <trkpt lat="46.88643" lon="4.76492">
        <ele>215.4</ele>
      </trkpt>
      <trkpt lat="46.8858" lon="4.76501">
        <ele>213.9</ele>
      </trkpt>
      <trkpt lat="46.88554" lon="4.76503">
        <ele>213.4</ele>
      </trkpt>
      <trkpt lat="46.88487" lon="4.76494">
        <ele>212.4</ele>
      </trkpt>
      <trkpt lat="46.88463" lon="4.76488">
        <ele>213.0</ele>
      </trkpt>
      <trkpt lat="46.88397" lon="4.76469">
        <ele>213.2</ele>
      </trkpt>
      <trkpt lat="46.88352" lon="4.76456">
        <ele>211.3</ele>
      </trkpt>
      <trkpt lat="46.88317" lon="4.76452">
        <ele>210.6</ele>
      </trkpt>
      <trkpt lat="46.8829" lon="4.76453">
        <ele>210.9</ele>
      </trkpt>
      <trkpt lat="46.88266" lon="4.76462">
        <ele>211.4</ele>
      </trkpt>
      <trkpt lat="46.88245" lon="4.76477">
        <ele>211.7</ele>
      </trkpt>
      <trkpt lat="46.88228" lon="4.76497">
        <ele>211.7</ele>
      </trkpt>
      <trkpt lat="46.88216" lon="4.76517">
        <ele>211.4</ele>
      </trkpt>
      <trkpt lat="46.88206" lon="4.76539">
        <ele>211.0</ele>
      </trkpt>
      <trkpt lat="46.88199" lon="4.76558">
        <ele>210.7</ele>
      </trkpt>
      <trkpt lat="46.88193" lon="4.76574">
        <ele>210.4</ele>
      </trkpt>
      <trkpt lat="46.88175" lon="4.76615">
        <ele>210.1</ele>
      </trkpt>
      <trkpt lat="46.88138" lon="4.76692">
        <ele>209.3</ele>
      </trkpt>
      <trkpt lat="46.88102" lon="4.7677">
        <ele>208.4</ele>
      </trkpt>
      <trkpt lat="46.88095" lon="4.76782">
        <ele>208.3</ele>
      </trkpt>
      <trkpt lat="46.88088" lon="4.76793">
        <ele>208.1</ele>
      </trkpt>
      <trkpt lat="46.88069" lon="4.76815">
        <ele>207.4</ele>
      </trkpt>
      <trkpt lat="46.88023" lon="4.7685">
        <ele>206.4</ele>
      </trkpt>
      <trkpt lat="46.87978" lon="4.76885">
        <ele>206.2</ele>
      </trkpt>
      <trkpt lat="46.87963" lon="4.76896">
        <ele>206.0</ele>
      </trkpt>
      <trkpt lat="46.87938" lon="4.76922">
        <ele>205.8</ele>
      </trkpt>
      <trkpt lat="46.87924" lon="4.76945">
        <ele>205.6</ele>
      </trkpt>
      <trkpt lat="46.87895" lon="4.77013">
        <ele>205.0</ele>
      </trkpt>
      <trkpt lat="46.8786" lon="4.77074">
        <ele>204.5</ele>
      </trkpt>
      <trkpt lat="46.87811" lon="4.77172">
        <ele>204.0</ele>
      </trkpt>
      <trkpt lat="46.87791" lon="4.77202">
        <ele>203.4</ele>
      </trkpt>
      <trkpt lat="46.87766" lon="4.7723">
        <ele>203.0</ele>
      </trkpt>
      <trkpt lat="46.87717" lon="4.77274">
        <ele>202.6</ele>
      </trkpt>
      <trkpt lat="46.87642" lon="4.77333">
        <ele>200.4</ele>
      </trkpt>
      <trkpt lat="46.87628" lon="4.77354">
        <ele>200.2</ele>
      </trkpt>
      <trkpt lat="46.8762" lon="4.77375">
        <ele>200.1</ele>
      </trkpt>
      <trkpt lat="46.87605" lon="4.77467">
        <ele>199.3</ele>
      </trkpt>
      <trkpt lat="46.8759" lon="4.77559">
        <ele>199.0</ele>
      </trkpt>
      <trkpt lat="46.87576" lon="4.77651">
        <ele>199.6</ele>
      </trkpt>
      <trkpt lat="46.8757" lon="4.77668">
        <ele>199.5</ele>
      </trkpt>
      <trkpt lat="46.87563" lon="4.77683">
        <ele>199.3</ele>
      </trkpt>
      <trkpt lat="46.87549" lon="4.77704">
        <ele>198.8</ele>
      </trkpt>
      <trkpt lat="46.87499" lon="4.77758">
        <ele>197.2</ele>
      </trkpt>
      <trkpt lat="46.87444" lon="4.77811">
        <ele>196.8</ele>
      </trkpt>
      <trkpt lat="46.87391" lon="4.7786">
        <ele>196.5</ele>
      </trkpt>
      <trkpt lat="46.87332" lon="4.7791">
        <ele>196.9</ele>
      </trkpt>
      <trkpt lat="46.87309" lon="4.77925">
        <ele>196.8</ele>
      </trkpt>
      <trkpt lat="46.87233" lon="4.77968">
        <ele>196.0</ele>
      </trkpt>
      <trkpt lat="46.87216" lon="4.7798">
        <ele>195.9</ele>
      </trkpt>
      <trkpt lat="46.87204" lon="4.77993">
        <ele>195.6</ele>
      </trkpt>
      <trkpt lat="46.87195" lon="4.78005">
        <ele>195.4</ele>
      </trkpt>
      <trkpt lat="46.87188" lon="4.78024">
        <ele>195.5</ele>
      </trkpt>
      <trkpt lat="46.87181" lon="4.78054">
        <ele>195.5</ele>
      </trkpt>
      <trkpt lat="46.87167" lon="4.78128">
        <ele>196.1</ele>
      </trkpt>
      <trkpt lat="46.87153" lon="4.78203">
        <ele>197.8</ele>
      </trkpt>
      <trkpt lat="46.87142" lon="4.7825">
        <ele>198.7</ele>
      </trkpt>
      <trkpt lat="46.87135" lon="4.78275">
        <ele>199.2</ele>
      </trkpt>
      <trkpt lat="46.87123" lon="4.78307">
        <ele>199.5</ele>
      </trkpt>
      <trkpt lat="46.87099" lon="4.78368">
        <ele>199.3</ele>
      </trkpt>
      <trkpt lat="46.87089" lon="4.784">
        <ele>199.2</ele>
      </trkpt>
      <trkpt lat="46.8708" lon="4.7843">
        <ele>199.1</ele>
      </trkpt>
      <trkpt lat="46.87065" lon="4.78497">
        <ele>199.7</ele>
      </trkpt>
      <trkpt lat="46.87051" lon="4.78564">
        <ele>199.3</ele>
      </trkpt>
      <trkpt lat="46.87046" lon="4.78584">
        <ele>199.1</ele>
      </trkpt>
      <trkpt lat="46.8704" lon="4.78597">
        <ele>199.0</ele>
      </trkpt>
      <trkpt lat="46.87035" lon="4.78607">
        <ele>198.9</ele>
      </trkpt>
      <trkpt lat="46.87026" lon="4.78618">
        <ele>198.6</ele>
      </trkpt>
      <trkpt lat="46.87005" lon="4.78633">
        <ele>197.6</ele>
      </trkpt>
      <trkpt lat="46.86993" lon="4.78639">
        <ele>197.3</ele>
      </trkpt>
      <trkpt lat="46.86928" lon="4.78665">
        <ele>197.0</ele>
      </trkpt>
      <trkpt lat="46.86916" lon="4.78674">
        <ele>197.1</ele>
      </trkpt>
      <trkpt lat="46.86896" lon="4.78698">
        <ele>196.9</ele>
      </trkpt>
      <trkpt lat="46.86892" lon="4.78704">
        <ele>196.9</ele>
      </trkpt>
      <trkpt lat="46.86844" lon="4.78778">
        <ele>195.5</ele>
      </trkpt>
      <trkpt lat="46.86785" lon="4.78875">
        <ele>195.4</ele>
      </trkpt>
      <trkpt lat="46.86776" lon="4.78892">
        <ele>195.7</ele>
      </trkpt>
      <trkpt lat="46.8677" lon="4.78907">
        <ele>196.0</ele>
      </trkpt>
      <trkpt lat="46.86767" lon="4.78923">
        <ele>196.2</ele>
      </trkpt>
      <trkpt lat="46.86757" lon="4.78991">
        <ele>196.2</ele>
      </trkpt>
      <trkpt lat="46.8675" lon="4.79017">
        <ele>196.2</ele>
      </trkpt>
      <trkpt lat="46.86744" lon="4.79029">
        <ele>196.3</ele>
      </trkpt>
      <trkpt lat="46.86731" lon="4.7905">
        <ele>196.2</ele>
      </trkpt>
      <trkpt lat="46.86667" lon="4.79136">
        <ele>194.4</ele>
      </trkpt>
      <trkpt lat="46.86649" lon="4.79155">
        <ele>193.9</ele>
      </trkpt>
      <trkpt lat="46.86636" lon="4.79167">
        <ele>193.6</ele>
      </trkpt>
      <trkpt lat="46.8661" lon="4.79182">
        <ele>193.4</ele>
      </trkpt>
      <trkpt lat="46.86596" lon="4.79188">
        <ele>193.4</ele>
      </trkpt>
      <trkpt lat="46.86559" lon="4.79199">
        <ele>192.8</ele>
      </trkpt>
      <trkpt lat="46.8651" lon="4.79212">
        <ele>191.8</ele>
      </trkpt>
      <trkpt lat="46.86467" lon="4.79226">
        <ele>191.8</ele>
      </trkpt>
      <trkpt lat="46.86461" lon="4.79228">
        <ele>191.9</ele>
      </trkpt>
      <trkpt lat="46.86441" lon="4.7924">
        <ele>192.0</ele>
      </trkpt>
      <trkpt lat="46.86419" lon="4.7926">
        <ele>192.4</ele>
      </trkpt>
      <trkpt lat="46.86346" lon="4.79331">
        <ele>194.1</ele>
      </trkpt>
      <trkpt lat="46.86274" lon="4.79402">
        <ele>192.5</ele>
      </trkpt>
      <trkpt lat="46.86202" lon="4.79473">
        <ele>191.8</ele>
      </trkpt>
      <trkpt lat="46.86129" lon="4.79545">
        <ele>192.5</ele>
      </trkpt>
      <trkpt lat="46.86104" lon="4.79564">
        <ele>192.7</ele>
      </trkpt>
      <trkpt lat="46.86059" lon="4.79594">
        <ele>193.0</ele>
      </trkpt>
      <trkpt lat="46.86004" lon="4.79628">
        <ele>193.0</ele>
      </trkpt>
      <trkpt lat="46.85944" lon="4.79667">
        <ele>193.0</ele>
      </trkpt>
      <trkpt lat="46.85899" lon="4.79693">
        <ele>193.2</ele>
      </trkpt>
      <trkpt lat="46.85874" lon="4.79705">
        <ele>193.2</ele>
      </trkpt>
      <trkpt lat="46.85862" lon="4.79712">
        <ele>193.3</ele>
      </trkpt>
      <trkpt lat="46.85859" lon="4.79721">
        <ele>193.4</ele>
      </trkpt>
      <trkpt lat="46.85855" lon="4.79736">
        <ele>193.7</ele>
      </trkpt>
      <trkpt lat="46.85848" lon="4.79739">
        <ele>193.8</ele>
      </trkpt>
      <trkpt lat="46.85833" lon="4.79736">
        <ele>193.7</ele>
      </trkpt>
      <trkpt lat="46.8582" lon="4.79744">
        <ele>193.1</ele>
      </trkpt>
      <trkpt lat="46.85801" lon="4.79764">
        <ele>192.4</ele>
      </trkpt>
      <trkpt lat="46.85765" lon="4.79793">
        <ele>190.9</ele>
      </trkpt>
      <trkpt lat="46.85727" lon="4.79819">
        <ele>190.7</ele>
      </trkpt>
      <trkpt lat="46.85655" lon="4.79863">
        <ele>191.1</ele>
      </trkpt>
      <trkpt lat="46.85602" lon="4.79891">
        <ele>192.1</ele>
      </trkpt>
      <trkpt lat="46.85539" lon="4.79927">
        <ele>192.1</ele>
      </trkpt>
      <trkpt lat="46.85495" lon="4.7995">
        <ele>191.8</ele>
      </trkpt>
      <trkpt lat="46.85451" lon="4.79974">
        <ele>192.4</ele>
      </trkpt>
      <trkpt lat="46.85438" lon="4.79986">
        <ele>192.7</ele>
      </trkpt>
      <trkpt lat="46.8538" lon="4.80051">
        <ele>192.0</ele>
      </trkpt>
      <trkpt lat="46.85366" lon="4.80061">
        <ele>191.6</ele>
      </trkpt>
      <trkpt lat="46.85347" lon="4.80068">
        <ele>191.2</ele>
      </trkpt>
      <trkpt lat="46.85326" lon="4.8007">
        <ele>190.9</ele>
      </trkpt>
      <trkpt lat="46.85279" lon="4.80057">
        <ele>190.7</ele>
      </trkpt>
      <trkpt lat="46.85238" lon="4.80048">
        <ele>190.3</ele>
      </trkpt>
      <trkpt lat="46.85205" lon="4.80051">
        <ele>190.3</ele>
      </trkpt>
      <trkpt lat="46.85123" lon="4.80078">
        <ele>190.4</ele>
      </trkpt>
      <trkpt lat="46.85099" lon="4.80095">
        <ele>190.3</ele>
      </trkpt>
      <trkpt lat="46.85039" lon="4.80145">
        <ele>189.4</ele>
      </trkpt>
      <trkpt lat="46.84979" lon="4.80195">
        <ele>189.2</ele>
      </trkpt>
      <trkpt lat="46.84919" lon="4.80245">
        <ele>188.9</ele>
      </trkpt>
      <trkpt lat="46.84906" lon="4.80261">
        <ele>189.0</ele>
      </trkpt>
      <trkpt lat="46.84894" lon="4.80283">
        <ele>189.2</ele>
      </trkpt>
      <trkpt lat="46.84889" lon="4.80292">
        <ele>189.3</ele>
      </trkpt>
      <trkpt lat="46.84874" lon="4.80343">
        <ele>189.8</ele>
      </trkpt>
      <trkpt lat="46.84842" lon="4.80449">
        <ele>189.0</ele>
      </trkpt>
      <trkpt lat="46.84811" lon="4.80555">
        <ele>189.5</ele>
      </trkpt>
      <trkpt lat="46.84779" lon="4.80661">
        <ele>188.4</ele>
      </trkpt>
      <trkpt lat="46.84761" lon="4.80727">
        <ele>187.3</ele>
      </trkpt>
      <trkpt lat="46.84743" lon="4.80794">
        <ele>187.2</ele>
      </trkpt>
      <trkpt lat="46.8474" lon="4.80856">
        <ele>187.9</ele>
      </trkpt>
      <trkpt lat="46.84739" lon="4.80899">
        <ele>188.5</ele>
      </trkpt>
      <trkpt lat="46.8474" lon="4.80919">
        <ele>188.8</ele>
      </trkpt>
      <trkpt lat="46.8474" lon="4.80941">
        <ele>188.9</ele>
      </trkpt>
      <trkpt lat="46.84738" lon="4.80957">
        <ele>188.9</ele>
      </trkpt>
      <trkpt lat="46.84737" lon="4.8099">
        <ele>189.1</ele>
      </trkpt>
      <trkpt lat="46.84734" lon="4.8101">
        <ele>189.0</ele>
      </trkpt>
      <trkpt lat="46.8473" lon="4.81028">
        <ele>188.8</ele>
      </trkpt>
      <trkpt lat="46.84719" lon="4.81062">
        <ele>188.3</ele>
      </trkpt>
      <trkpt lat="46.84715" lon="4.81078">
        <ele>188.1</ele>
      </trkpt>
      <trkpt lat="46.84712" lon="4.81112">
        <ele>187.8</ele>
      </trkpt>
      <trkpt lat="46.84723" lon="4.81176">
        <ele>187.6</ele>
      </trkpt>
      <trkpt lat="46.84743" lon="4.81282">
        <ele>186.9</ele>
      </trkpt>
      <trkpt lat="46.84762" lon="4.81389">
        <ele>187.9</ele>
      </trkpt>
      <trkpt lat="46.84765" lon="4.81413">
        <ele>188.1</ele>
      </trkpt>
      <trkpt lat="46.84765" lon="4.8143">
        <ele>188.0</ele>
      </trkpt>
      <trkpt lat="46.84763" lon="4.81456">
        <ele>187.8</ele>
      </trkpt>
      <trkpt lat="46.8476" lon="4.8148">
        <ele>187.5</ele>
      </trkpt>
      <trkpt lat="46.84739" lon="4.81593">
        <ele>187.4</ele>
      </trkpt>
      <trkpt lat="46.84718" lon="4.81706">
        <ele>185.8</ele>
      </trkpt>
      <trkpt lat="46.84716" lon="4.81728">
        <ele>185.4</ele>
      </trkpt>
      <trkpt lat="46.84714" lon="4.81755">
        <ele>185.2</ele>
      </trkpt>
      <trkpt lat="46.84715" lon="4.8178">
        <ele>185.2</ele>
      </trkpt>
      <trkpt lat="46.84724" lon="4.81879">
        <ele>186.1</ele>
      </trkpt>
      <trkpt lat="46.84722" lon="4.8192">
        <ele>186.3</ele>
      </trkpt>
      <trkpt lat="46.84716" lon="4.81951">
        <ele>186.4</ele>
      </trkpt>
      <trkpt lat="46.8469" lon="4.82032">
        <ele>187.4</ele>
      </trkpt>
      <trkpt lat="46.84679" lon="4.82054">
        <ele>187.3</ele>
      </trkpt>
      <trkpt lat="46.84631" lon="4.82135">
        <ele>186.1</ele>
      </trkpt>
      <trkpt lat="46.84615" lon="4.82178">
        <ele>186.5</ele>
      </trkpt>
      <trkpt lat="46.84597" lon="4.82243">
        <ele>187.5</ele>
      </trkpt>
      <trkpt lat="46.84588" lon="4.82265">
        <ele>187.6</ele>
      </trkpt>
      <trkpt lat="46.84575" lon="4.82284">
        <ele>187.0</ele>
      </trkpt>
      <trkpt lat="46.8456" lon="4.82301">
        <ele>186.6</ele>
      </trkpt>
      <trkpt lat="46.8454" lon="4.82312">
        <ele>186.5</ele>
      </trkpt>
      <trkpt lat="46.8453" lon="4.82315">
        <ele>186.5</ele>
      </trkpt>
      <trkpt lat="46.84514" lon="4.82318">
        <ele>186.6</ele>
      </trkpt>
      <trkpt lat="46.84498" lon="4.82314">
        <ele>186.5</ele>
      </trkpt>
      <trkpt lat="46.84444" lon="4.82297">
        <ele>184.5</ele>
      </trkpt>
      <trkpt lat="46.84421" lon="4.82297">
        <ele>183.8</ele>
      </trkpt>
      <trkpt lat="46.84409" lon="4.823">
        <ele>183.8</ele>
      </trkpt>
      <trkpt lat="46.8439" lon="4.82313">
        <ele>184.1</ele>
      </trkpt>
      <trkpt lat="46.8435" lon="4.82349">
        <ele>184.4</ele>
      </trkpt>
      <trkpt lat="46.84311" lon="4.82386">
        <ele>184.0</ele>
      </trkpt>
      <trkpt lat="46.84286" lon="4.82414">
        <ele>183.8</ele>
      </trkpt>
      <trkpt lat="46.8425" lon="4.8248">
        <ele>185.3</ele>
      </trkpt>
      <trkpt lat="46.8424" lon="4.82488">
        <ele>185.1</ele>
      </trkpt>
      <trkpt lat="46.84233" lon="4.82497">
        <ele>185.1</ele>
      </trkpt>
      <trkpt lat="46.84228" lon="4.82507">
        <ele>185.1</ele>
      </trkpt>
      <trkpt lat="46.84221" lon="4.82517">
        <ele>184.9</ele>
      </trkpt>
      <trkpt lat="46.8417" lon="4.82553">
        <ele>183.4</ele>
      </trkpt>
      <trkpt lat="46.8414" lon="4.82567">
        <ele>183.0</ele>
      </trkpt>
      <trkpt lat="46.84116" lon="4.82582">
        <ele>182.8</ele>
      </trkpt>
      <trkpt lat="46.84095" lon="4.82599">
        <ele>182.5</ele>
      </trkpt>
      <trkpt lat="46.84084" lon="4.82615">
        <ele>182.4</ele>
      </trkpt>
      <trkpt lat="46.84078" lon="4.82625">
        <ele>182.3</ele>
      </trkpt>
      <trkpt lat="46.84054" lon="4.82685">
        <ele>182.3</ele>
      </trkpt>
      <trkpt lat="46.84039" lon="4.8272">
        <ele>182.7</ele>
      </trkpt>
      <trkpt lat="46.84024" lon="4.82741">
        <ele>183.0</ele>
      </trkpt>
      <trkpt lat="46.84004" lon="4.82759">
        <ele>183.3</ele>
      </trkpt>
      <trkpt lat="46.83987" lon="4.82772">
        <ele>183.2</ele>
      </trkpt>
      <trkpt lat="46.83968" lon="4.82783">
        <ele>182.9</ele>
      </trkpt>
      <trkpt lat="46.83946" lon="4.82789">
        <ele>182.3</ele>
      </trkpt>
      <trkpt lat="46.83922" lon="4.82794">
        <ele>181.7</ele>
      </trkpt>
      <trkpt lat="46.83908" lon="4.82799">
        <ele>181.4</ele>
      </trkpt>
      <trkpt lat="46.83895" lon="4.82807">
        <ele>181.2</ele>
      </trkpt>
      <trkpt lat="46.83874" lon="4.82829">
        <ele>180.9</ele>
      </trkpt>
      <trkpt lat="46.83859" lon="4.82851">
        <ele>181.0</ele>
      </trkpt>
      <trkpt lat="46.83832" lon="4.82899">
        <ele>181.5</ele>
      </trkpt>
      <trkpt lat="46.83816" lon="4.82922">
        <ele>181.7</ele>
      </trkpt>
      <trkpt lat="46.83797" lon="4.82944">
        <ele>181.9</ele>
      </trkpt>
      <trkpt lat="46.83762" lon="4.8297">
        <ele>182.1</ele>
      </trkpt>
      <trkpt lat="46.83733" lon="4.82986">
        <ele>182.1</ele>
      </trkpt>
      <trkpt lat="46.83691" lon="4.82997">
        <ele>181.5</ele>
      </trkpt>
      <trkpt lat="46.83621" lon="4.83005">
        <ele>182.3</ele>
      </trkpt>
      <trkpt lat="46.83605" lon="4.83014">
        <ele>182.9</ele>
      </trkpt>
      <trkpt lat="46.83581" lon="4.83039">
        <ele>183.9</ele>
      </trkpt>
      <trkpt lat="46.83566" lon="4.83065">
        <ele>185.0</ele>
      </trkpt>
      <trkpt lat="46.83548" lon="4.83099">
        <ele>186.3</ele>
      </trkpt>
      <trkpt lat="46.83533" lon="4.83137">
        <ele>187.3</ele>
      </trkpt>
      <trkpt lat="46.83525" lon="4.83163">
        <ele>188.2</ele>
      </trkpt>
      <trkpt lat="46.83522" lon="4.83186">
        <ele>188.0</ele>
      </trkpt>
      <trkpt lat="46.83517" lon="4.83209">
        <ele>187.7</ele>
      </trkpt>
      <trkpt lat="46.83507" lon="4.83237">
        <ele>187.3</ele>
      </trkpt>
      <trkpt lat="46.83502" lon="4.83243">
        <ele>187.2</ele>
      </trkpt>
      <trkpt lat="46.83496" lon="4.83257">
        <ele>187.0</ele>
      </trkpt>
      <trkpt lat="46.83488" lon="4.83281">
        <ele>186.9</ele>
      </trkpt>
      <trkpt lat="46.83467" lon="4.83354">
        <ele>186.0</ele>
      </trkpt>
      <trkpt lat="46.83445" lon="4.83426">
        <ele>182.6</ele>
      </trkpt>
      <trkpt lat="46.83432" lon="4.83468">
        <ele>182.0</ele>
      </trkpt>
      <trkpt lat="46.834" lon="4.83548">
        <ele>180.9</ele>
      </trkpt>
      <trkpt lat="46.83394" lon="4.8358">
        <ele>181.1</ele>
      </trkpt>
      <trkpt lat="46.8339" lon="4.83616">
        <ele>181.6</ele>
      </trkpt>
      <trkpt lat="46.83389" lon="4.83711">
        <ele>182.0</ele>
      </trkpt>
      <trkpt lat="46.83385" lon="4.83744">
        <ele>181.5</ele>
      </trkpt>
      <trkpt lat="46.833683" lon="4.838322">
        <ele>182.6</ele>
      </trkpt>
      <trkpt lat="46.83368" lon="4.83834">
        <ele>182.7</ele>
      </trkpt>
      <trkpt lat="46.83368" lon="4.83834">
        <ele>182.7</ele>
      </trkpt>
      <trkpt lat="46.83339" lon="4.83816">
        <ele>180.9</ele>
      </trkpt>
      <trkpt lat="46.83327" lon="4.83811">
        <ele>180.4</ele>
      </trkpt>
      <trkpt lat="46.83307" lon="4.83808">
        <ele>180.2</ele>
      </trkpt>
      <trkpt lat="46.833" lon="4.83807">
        <ele>180.1</ele>
      </trkpt>
      <trkpt lat="46.83251" lon="4.838">
        <ele>179.6</ele>
      </trkpt>
      <trkpt lat="46.83231" lon="4.83793">
        <ele>179.9</ele>
      </trkpt>
      <trkpt lat="46.83227" lon="4.83817">
        <ele>180.1</ele>
      </trkpt>
      <trkpt lat="46.83219" lon="4.83821">
        <ele>180.3</ele>
      </trkpt>
      <trkpt lat="46.83205" lon="4.83823">
        <ele>180.5</ele>
      </trkpt>
      <trkpt lat="46.83191" lon="4.83818">
        <ele>180.7</ele>
      </trkpt>
      <trkpt lat="46.8318" lon="4.83808">
        <ele>180.8</ele>
      </trkpt>
      <trkpt lat="46.83174" lon="4.838">
        <ele>180.9</ele>
      </trkpt>
      <trkpt lat="46.83166" lon="4.83775">
        <ele>181.0</ele>
      </trkpt>
      <trkpt lat="46.83159" lon="4.83772">
        <ele>181.3</ele>
      </trkpt>
      <trkpt lat="46.83118" lon="4.8377">
        <ele>182.8</ele>
      </trkpt>
      <trkpt lat="46.83071" lon="4.83763">
        <ele>184.1</ele>
      </trkpt>
      <trkpt lat="46.8306" lon="4.83767">
        <ele>184.2</ele>
      </trkpt>
      <trkpt lat="46.83056" lon="4.83772">
        <ele>184.3</ele>
      </trkpt>
      <trkpt lat="46.83038" lon="4.8381">
        <ele>185.2</ele>
      </trkpt>
      <trkpt lat="46.83029" lon="4.83817">
        <ele>185.6</ele>
      </trkpt>
      <trkpt lat="46.83016" lon="4.83824">
        <ele>186.1</ele>
      </trkpt>
      <trkpt lat="46.83" lon="4.83824">
        <ele>186.7</ele>
      </trkpt>
      <trkpt lat="46.82985" lon="4.83816">
        <ele>186.2</ele>
      </trkpt>
      <trkpt lat="46.82953" lon="4.8379">
        <ele>185.5</ele>
      </trkpt>
      <trkpt lat="46.82947" lon="4.83785">
        <ele>185.5</ele>
      </trkpt>
      <trkpt lat="46.82899" lon="4.83839">
        <ele>185.7</ele>
      </trkpt>
      <trkpt lat="46.82869" lon="4.83902">
        <ele>187.7</ele>
      </trkpt>
      <trkpt lat="46.82858" lon="4.83899">
        <ele>188.2</ele>
      </trkpt>
      <trkpt lat="46.82813" lon="4.83876">
        <ele>188.9</ele>
      </trkpt>
      <trkpt lat="46.82768" lon="4.83853">
        <ele>187.9</ele>
      </trkpt>
      <trkpt lat="46.82722" lon="4.83834">
        <ele>186.7</ele>
      </trkpt>
      <trkpt lat="46.82716" lon="4.8383">
        <ele>186.5</ele>
      </trkpt>
      <trkpt lat="46.82681" lon="4.83811">
        <ele>185.7</ele>
      </trkpt>
      <trkpt lat="46.8269" lon="4.83774">
        <ele>185.1</ele>
      </trkpt>
      <trkpt lat="46.82686" lon="4.83745">
        <ele>184.5</ele>
      </trkpt>
      <trkpt lat="46.82686" lon="4.83742">
        <ele>184.5</ele>
      </trkpt>
      <trkpt lat="46.82682" lon="4.83733">
        <ele>184.5</ele>
      </trkpt>
      <trkpt lat="46.82674" lon="4.83729">
        <ele>184.4</ele>
      </trkpt>
      <trkpt lat="46.8266" lon="4.83724">
        <ele>184.5</ele>
      </trkpt>
      <trkpt lat="46.82654" lon="4.83723">
        <ele>184.7</ele>
      </trkpt>
      <trkpt lat="46.82648" lon="4.83726">
        <ele>184.9</ele>
      </trkpt>
      <trkpt lat="46.82643" lon="4.83733">
        <ele>185.0</ele>
      </trkpt>
      <trkpt lat="46.82636" lon="4.83754">
        <ele>185.2</ele>
      </trkpt>
      <trkpt lat="46.82633" lon="4.83778">
        <ele>185.7</ele>
      </trkpt>
      <trkpt lat="46.82633" lon="4.83801">
        <ele>186.2</ele>
      </trkpt>
      <trkpt lat="46.82618" lon="4.83801">
        <ele>186.6</ele>
      </trkpt>
      <trkpt lat="46.82593" lon="4.83798">
        <ele>187.3</ele>
      </trkpt>
      <trkpt lat="46.8254" lon="4.83794">
        <ele>187.0</ele>
      </trkpt>
      <trkpt lat="46.82483" lon="4.8379">
        <ele>186.2</ele>
      </trkpt>
      <trkpt lat="46.82463" lon="4.83786">
        <ele>185.8</ele>
      </trkpt>
      <trkpt lat="46.82442" lon="4.8378">
        <ele>185.4</ele>
      </trkpt>
      <trkpt lat="46.82427" lon="4.83773">
        <ele>185.2</ele>
      </trkpt>
      <trkpt lat="46.82402" lon="4.83758">
        <ele>185.1</ele>
      </trkpt>
      <trkpt lat="46.82331" lon="4.83713">
        <ele>185.6</ele>
      </trkpt>
      <trkpt lat="46.82302" lon="4.83695">
        <ele>185.8</ele>
      </trkpt>
      <trkpt lat="46.82245" lon="4.83644">
        <ele>186.9</ele>
      </trkpt>
      <trkpt lat="46.82187" lon="4.83596">
        <ele>186.2</ele>
      </trkpt>
      <trkpt lat="46.82177" lon="4.83588">
        <ele>186.1</ele>
      </trkpt>
      <trkpt lat="46.8217" lon="4.8358">
        <ele>186.1</ele>
      </trkpt>
      <trkpt lat="46.82155" lon="4.83598">
        <ele>185.9</ele>
      </trkpt>
      <trkpt lat="46.82097" lon="4.83645">
        <ele>185.2</ele>
      </trkpt>
      <trkpt lat="46.8204" lon="4.83692">
        <ele>184.2</ele>
      </trkpt>
      <trkpt lat="46.81983" lon="4.83734">
        <ele>182.4</ele>
      </trkpt>
      <trkpt lat="46.81942" lon="4.83766">
        <ele>181.3</ele>
      </trkpt>
      <trkpt lat="46.81901" lon="4.83798">
        <ele>179.8</ele>
      </trkpt>
      <trkpt lat="46.81868" lon="4.83824">
        <ele>179.4</ele>
      </trkpt>
      <trkpt lat="46.81852" lon="4.83836">
        <ele>179.5</ele>
      </trkpt>
      <trkpt lat="46.81789" lon="4.83886">
        <ele>179.6</ele>
      </trkpt>
      <trkpt lat="46.81725" lon="4.83936">
        <ele>181.0</ele>
      </trkpt>
      <trkpt lat="46.81662" lon="4.83986">
        <ele>185.3</ele>
      </trkpt>
      <trkpt lat="46.81643" lon="4.84">
        <ele>185.7</ele>
      </trkpt>
      <trkpt lat="46.81642" lon="4.84002">
        <ele>185.7</ele>
      </trkpt>
      <trkpt lat="46.81637" lon="4.83998">
        <ele>185.6</ele>
      </trkpt>
      <trkpt lat="46.81633" lon="4.84001">
        <ele>185.6</ele>
      </trkpt>
      <trkpt lat="46.81616" lon="4.84016">
        <ele>185.6</ele>
      </trkpt>
      <trkpt lat="46.81578" lon="4.84043">
        <ele>185.9</ele>
      </trkpt>
      <trkpt lat="46.81521" lon="4.84089">
        <ele>185.6</ele>
      </trkpt>
      <trkpt lat="46.81509" lon="4.84096">
        <ele>185.5</ele>
      </trkpt>
      <trkpt lat="46.81477" lon="4.84114">
        <ele>185.8</ele>
      </trkpt>
      <trkpt lat="46.81445" lon="4.8413">
        <ele>186.5</ele>
      </trkpt>
      <trkpt lat="46.8143" lon="4.84136">
        <ele>186.8</ele>
      </trkpt>
      <trkpt lat="46.81355" lon="4.84163">
        <ele>187.1</ele>
      </trkpt>
      <trkpt lat="46.81272" lon="4.84193">
        <ele>187.1</ele>
      </trkpt>
      <trkpt lat="46.81235" lon="4.84206">
        <ele>187.7</ele>
      </trkpt>
      <trkpt lat="46.81231" lon="4.84209">
        <ele>187.9</ele>
      </trkpt>
      <trkpt lat="46.8123" lon="4.84216">
        <ele>188.1</ele>
      </trkpt>
      <trkpt lat="46.81229" lon="4.8422">
        <ele>188.2</ele>
      </trkpt>
      <trkpt lat="46.8116" lon="4.84244">
        <ele>188.9</ele>
      </trkpt>
      <trkpt lat="46.81092" lon="4.84269">
        <ele>188.1</ele>
      </trkpt>
      <trkpt lat="46.81036" lon="4.8429">
        <ele>187.2</ele>
      </trkpt>
      <trkpt lat="46.80979" lon="4.8431">
        <ele>186.3</ele>
      </trkpt>
      <trkpt lat="46.8096" lon="4.84315">
        <ele>186.2</ele>
      </trkpt>
      <trkpt lat="46.80898" lon="4.84338">
        <ele>186.3</ele>
      </trkpt>
      <trkpt lat="46.80835" lon="4.84361">
        <ele>187.0</ele>
      </trkpt>
      <trkpt lat="46.80773" lon="4.84385">
        <ele>186.9</ele>
      </trkpt>
      <trkpt lat="46.80767" lon="4.84387">
        <ele>187.0</ele>
      </trkpt>
      <trkpt lat="46.80695" lon="4.84415">
        <ele>187.3</ele>
      </trkpt>
      <trkpt lat="46.80618" lon="4.84438">
        <ele>186.3</ele>
      </trkpt>
      <trkpt lat="46.80601" lon="4.84445">
        <ele>186.1</ele>
      </trkpt>
      <trkpt lat="46.80524" lon="4.84476">
        <ele>187.4</ele>
      </trkpt>
      <trkpt lat="46.80505" lon="4.84483">
        <ele>187.9</ele>
      </trkpt>
      <trkpt lat="46.80497" lon="4.84482">
        <ele>188.0</ele>
      </trkpt>
      <trkpt lat="46.80483" lon="4.84484">
        <ele>188.2</ele>
      </trkpt>
      <trkpt lat="46.80424" lon="4.84505">
        <ele>188.8</ele>
      </trkpt>
      <trkpt lat="46.80394" lon="4.84516">
        <ele>188.4</ele>
      </trkpt>
      <trkpt lat="46.80384" lon="4.84521">
        <ele>188.2</ele>
      </trkpt>
      <trkpt lat="46.80377" lon="4.8452">
        <ele>188.2</ele>
      </trkpt>
      <trkpt lat="46.8031" lon="4.84544">
        <ele>187.2</ele>
      </trkpt>
      <trkpt lat="46.80244" lon="4.84568">
        <ele>186.7</ele>
      </trkpt>
      <trkpt lat="46.80217" lon="4.84578">
        <ele>186.1</ele>
      </trkpt>
      <trkpt lat="46.80209" lon="4.8459">
        <ele>186.1</ele>
      </trkpt>
      <trkpt lat="46.80192" lon="4.8459">
        <ele>185.7</ele>
      </trkpt>
      <trkpt lat="46.80161" lon="4.84602">
        <ele>185.2</ele>
      </trkpt>
      <trkpt lat="46.80115" lon="4.84619">
        <ele>185.3</ele>
      </trkpt>
      <trkpt lat="46.80068" lon="4.84636">
        <ele>186.0</ele>
      </trkpt>
      <trkpt lat="46.80058" lon="4.84642">
        <ele>186.3</ele>
      </trkpt>
      <trkpt lat="46.80048" lon="4.84643">
        <ele>186.4</ele>
      </trkpt>
      <trkpt lat="46.80002" lon="4.84659">
        <ele>186.9</ele>
      </trkpt>
      <trkpt lat="46.79956" lon="4.84675">
        <ele>188.0</ele>
      </trkpt>
      <trkpt lat="46.7988" lon="4.84702">
        <ele>188.6</ele>
      </trkpt>
      <trkpt lat="46.79875" lon="4.8471">
        <ele>188.5</ele>
      </trkpt>
      <trkpt lat="46.79843" lon="4.84722">
        <ele>188.6</ele>
      </trkpt>
      <trkpt lat="46.79765" lon="4.84751">
        <ele>188.8</ele>
      </trkpt>
      <trkpt lat="46.79759" lon="4.8475">
        <ele>188.9</ele>
      </trkpt>
      <trkpt lat="46.79747" lon="4.84754">
        <ele>189.0</ele>
      </trkpt>
      <trkpt lat="46.79743" lon="4.84756">
        <ele>188.9</ele>
      </trkpt>
      <trkpt lat="46.79737" lon="4.84754">
        <ele>188.8</ele>
      </trkpt>
      <trkpt lat="46.79698" lon="4.84768">
        <ele>188.4</ele>
      </trkpt>
      <trkpt lat="46.79693" lon="4.84768">
        <ele>188.3</ele>
      </trkpt>
      <trkpt lat="46.79633" lon="4.8479">
        <ele>188.2</ele>
      </trkpt>
      <trkpt lat="46.79574" lon="4.84811">
        <ele>188.3</ele>
      </trkpt>
      <trkpt lat="46.79552" lon="4.84818">
        <ele>188.2</ele>
      </trkpt>
      <trkpt lat="46.79549" lon="4.84826">
        <ele>188.1</ele>
      </trkpt>
      <trkpt lat="46.79522" lon="4.84836">
        <ele>188.1</ele>
      </trkpt>
      <trkpt lat="46.79454" lon="4.84859">
        <ele>189.3</ele>
      </trkpt>
      <trkpt lat="46.79387" lon="4.84883">
        <ele>188.5</ele>
      </trkpt>
      <trkpt lat="46.79329" lon="4.84904">
        <ele>187.1</ele>
      </trkpt>
      <trkpt lat="46.79272" lon="4.84925">
        <ele>187.9</ele>
      </trkpt>
      <trkpt lat="46.79203" lon="4.84949">
        <ele>188.4</ele>
      </trkpt>
      <trkpt lat="46.79133" lon="4.84976">
        <ele>188.6</ele>
      </trkpt>
      <trkpt lat="46.79116" lon="4.84981">
        <ele>188.6</ele>
      </trkpt>
      <trkpt lat="46.7906" lon="4.85002">
        <ele>189.0</ele>
      </trkpt>
      <trkpt lat="46.79004" lon="4.85023">
        <ele>189.0</ele>
      </trkpt>
      <trkpt lat="46.78976" lon="4.85032">
        <ele>188.8</ele>
      </trkpt>
      <trkpt lat="46.7894" lon="4.85045">
        <ele>188.7</ele>
      </trkpt>
      <trkpt lat="46.78858" lon="4.85076">
        <ele>189.8</ele>
      </trkpt>
      <trkpt lat="46.78777" lon="4.85105">
        <ele>190.9</ele>
      </trkpt>
      <trkpt lat="46.78696" lon="4.85134">
        <ele>192.9</ele>
      </trkpt>
      <trkpt lat="46.78696" lon="4.85135">
        <ele>192.9</ele>
      </trkpt>
      <trkpt lat="46.78691" lon="4.85143">
        <ele>193.1</ele>
      </trkpt>
      <trkpt lat="46.78687" lon="4.85145">
        <ele>193.2</ele>
      </trkpt>
      <trkpt lat="46.78676" lon="4.85128">
        <ele>193.3</ele>
      </trkpt>
      <trkpt lat="46.78628" lon="4.85075">
        <ele>192.2</ele>
      </trkpt>
      <trkpt lat="46.7858" lon="4.85022">
        <ele>190.4</ele>
      </trkpt>
      <trkpt lat="46.78542" lon="4.85002">
        <ele>188.5</ele>
      </trkpt>
      <trkpt lat="46.78508" lon="4.84986">
        <ele>187.4</ele>
      </trkpt>
      <trkpt lat="46.78479" lon="4.84985">
        <ele>186.4</ele>
      </trkpt>
      <trkpt lat="46.78423" lon="4.84987">
        <ele>184.3</ele>
      </trkpt>
      <trkpt lat="46.78367" lon="4.849879">
        <ele>183.9</ele>
      </trkpt>
      <trkpt lat="46.78283" lon="4.84991">
        <ele>182.1</ele>
      </trkpt>
      <trkpt lat="46.78219" lon="4.84993">
        <ele>179.5</ele>
      </trkpt>
      <trkpt lat="46.78155" lon="4.84994">
        <ele>177.3</ele>
      </trkpt>
      <trkpt lat="46.78148" lon="4.84995">
        <ele>177.3</ele>
      </trkpt>
      <trkpt lat="46.78126" lon="4.85002">
        <ele>177.5</ele>
      </trkpt>
      <trkpt lat="46.78072" lon="4.8503">
        <ele>177.7</ele>
      </trkpt>
      <trkpt lat="46.77993" lon="4.85077">
        <ele>179.1</ele>
      </trkpt>
      <trkpt lat="46.77981" lon="4.85086">
        <ele>179.6</ele>
      </trkpt>
      <trkpt lat="46.77975" lon="4.85095">
        <ele>179.9</ele>
      </trkpt>
      <trkpt lat="46.77943" lon="4.85102">
        <ele>180.7</ele>
      </trkpt>
      <trkpt lat="46.77916" lon="4.85028">
        <ele>182.3</ele>
      </trkpt>
      <trkpt lat="46.77985" lon="4.84975">
        <ele>179.1</ele>
      </trkpt>
      <trkpt lat="46.78053" lon="4.84922">
        <ele>178.3</ele>
      </trkpt>
      <trkpt lat="46.78093" lon="4.84892">
        <ele>178.7</ele>
      </trkpt>
      <trkpt lat="46.78104" lon="4.84928">
        <ele>178.8</ele>
      </trkpt>
      <trkpt lat="46.78104" lon="4.84928">
        <ele>178.8</ele>
      </trkpt>
    </trkseg>
  </trk>
</gpx>
