<?xml version="1.0" encoding="UTF-8"?>
<gpx xmlns:gpxdata="http://www.cluetrust.com/XML/GPXDATA/1/0" xmlns:xsi="http://www.w3.org/2001/XMLSchema-instance" xmlns="http://www.topografix.com/GPX/1/1" version="1.1" creator="http://ridewithgps.com/" xsi:schemaLocation="http://www.topografix.com/GPX/1/1 http://www.topografix.com/GPX/1/1/gpx.xsd http://www.cluetrust.com/XML/GPXDATA/1/0 http://www.cluetrust.com/Schemas/gpxdata10.xsd">
  <metadata>
    <name>Jour 16 - Tournus @ Belleville-en-Beaujolais</name>
    <link href="https://ridewithgps.com/routes/56273559">
      <text>Jour 16 - Tournus @ Belleville-en-Beaujolais</text>
    </link>
    <time>2026-07-22T15:37:00Z</time>
  </metadata>
  <trk>
    <name>Jour 16 - Tournus @ Belleville-en-Beaujolais</name>
    <trkseg>
      <trkpt lat="46.56338" lon="4.91014">
        <ele>184.4</ele>
      </trkpt>
      <trkpt lat="46.56336" lon="4.91015">
        <ele>184.3</ele>
      </trkpt>
      <trkpt lat="46.56349" lon="4.91059">
        <ele>185.3</ele>
      </trkpt>
      <trkpt lat="46.56366" lon="4.91103">
        <ele>185.2</ele>
      </trkpt>
      <trkpt lat="46.56396" lon="4.91199">
        <ele>179.4</ele>
      </trkpt>
      <trkpt lat="46.56399" lon="4.91211">
        <ele>178.1</ele>
      </trkpt>
      <trkpt lat="46.56334" lon="4.91247">
        <ele>179.1</ele>
      </trkpt>
      <trkpt lat="46.56318" lon="4.91257">
        <ele>179.2</ele>
      </trkpt>
      <trkpt lat="46.56293" lon="4.91277">
        <ele>178.8</ele>
      </trkpt>
      <trkpt lat="46.56232" lon="4.91327">
        <ele>178.4</ele>
      </trkpt>
      <trkpt lat="46.56172" lon="4.91377">
        <ele>178.5</ele>
      </trkpt>
      <trkpt lat="46.56141" lon="4.91405">
        <ele>178.6</ele>
      </trkpt>
      <trkpt lat="46.56087" lon="4.91462">
        <ele>174.8</ele>
      </trkpt>
      <trkpt lat="46.56022" lon="4.91534">
        <ele>172.9</ele>
      </trkpt>
      <trkpt lat="46.5601" lon="4.91544">
        <ele>172.7</ele>
      </trkpt>
      <trkpt lat="46.55944" lon="4.91588">
        <ele>174.3</ele>
      </trkpt>
      <trkpt lat="46.55877" lon="4.91631">
        <ele>175.1</ele>
      </trkpt>
      <trkpt lat="46.55834" lon="4.91658">
        <ele>175.9</ele>
      </trkpt>
      <trkpt lat="46.55788" lon="4.91684">
        <ele>174.1</ele>
      </trkpt>
      <trkpt lat="46.55742" lon="4.9171">
        <ele>172.1</ele>
      </trkpt>
      <trkpt lat="46.55704" lon="4.9173">
        <ele>172.4</ele>
      </trkpt>
      <trkpt lat="46.55643" lon="4.91749">
        <ele>174.3</ele>
      </trkpt>
      <trkpt lat="46.55587" lon="4.91763">
        <ele>174.0</ele>
      </trkpt>
      <trkpt lat="46.55551" lon="4.91779">
        <ele>173.2</ele>
      </trkpt>
      <trkpt lat="46.55496" lon="4.91801">
        <ele>172.7</ele>
      </trkpt>
      <trkpt lat="46.55443" lon="4.91828">
        <ele>175.7</ele>
      </trkpt>
      <trkpt lat="46.55419" lon="4.91845">
        <ele>176.6</ele>
      </trkpt>
      <trkpt lat="46.55394" lon="4.91856">
        <ele>175.5</ele>
      </trkpt>
      <trkpt lat="46.55332" lon="4.91888">
        <ele>174.7</ele>
      </trkpt>
      <trkpt lat="46.5527" lon="4.91921">
        <ele>173.7</ele>
      </trkpt>
      <trkpt lat="46.55208" lon="4.91954">
        <ele>173.1</ele>
      </trkpt>
      <trkpt lat="46.55125" lon="4.91992">
        <ele>175.1</ele>
      </trkpt>
      <trkpt lat="46.55072" lon="4.9201">
        <ele>173.3</ele>
      </trkpt>
      <trkpt lat="46.55055" lon="4.92018">
        <ele>172.9</ele>
      </trkpt>
      <trkpt lat="46.55006" lon="4.92037">
        <ele>172.5</ele>
      </trkpt>
      <trkpt lat="46.54957" lon="4.92055">
        <ele>172.9</ele>
      </trkpt>
      <trkpt lat="46.54913" lon="4.92079">
        <ele>172.3</ele>
      </trkpt>
      <trkpt lat="46.54885" lon="4.92094">
        <ele>172.9</ele>
      </trkpt>
      <trkpt lat="46.54838" lon="4.92126">
        <ele>177.2</ele>
      </trkpt>
      <trkpt lat="46.54792" lon="4.92175">
        <ele>175.8</ele>
      </trkpt>
      <trkpt lat="46.54769" lon="4.92199">
        <ele>172.1</ele>
      </trkpt>
      <trkpt lat="46.54753" lon="4.92211">
        <ele>170.6</ele>
      </trkpt>
      <trkpt lat="46.54718" lon="4.92245">
        <ele>171.1</ele>
      </trkpt>
      <trkpt lat="46.5467" lon="4.92276">
        <ele>172.3</ele>
      </trkpt>
      <trkpt lat="46.54622" lon="4.92306">
        <ele>173.2</ele>
      </trkpt>
      <trkpt lat="46.5458" lon="4.9233">
        <ele>175.8</ele>
      </trkpt>
      <trkpt lat="46.54519" lon="4.92375">
        <ele>173.7</ele>
      </trkpt>
      <trkpt lat="46.54469" lon="4.92417">
        <ele>174.3</ele>
      </trkpt>
      <trkpt lat="46.5441" lon="4.92454">
        <ele>172.5</ele>
      </trkpt>
      <trkpt lat="46.54381" lon="4.92467">
        <ele>172.4</ele>
      </trkpt>
      <trkpt lat="46.54369" lon="4.92464">
        <ele>172.9</ele>
      </trkpt>
      <trkpt lat="46.54327" lon="4.92491">
        <ele>173.1</ele>
      </trkpt>
      <trkpt lat="46.54257" lon="4.92534">
        <ele>170.8</ele>
      </trkpt>
      <trkpt lat="46.54199" lon="4.92564">
        <ele>171.7</ele>
      </trkpt>
      <trkpt lat="46.5414" lon="4.92593">
        <ele>172.5</ele>
      </trkpt>
      <trkpt lat="46.54081" lon="4.92622">
        <ele>171.2</ele>
      </trkpt>
      <trkpt lat="46.54004" lon="4.92651">
        <ele>173.8</ele>
      </trkpt>
      <trkpt lat="46.53942" lon="4.92678">
        <ele>172.7</ele>
      </trkpt>
      <trkpt lat="46.53893" lon="4.92698">
        <ele>171.5</ele>
      </trkpt>
      <trkpt lat="46.53838" lon="4.92732">
        <ele>171.7</ele>
      </trkpt>
      <trkpt lat="46.53782" lon="4.92766">
        <ele>171.9</ele>
      </trkpt>
      <trkpt lat="46.53712" lon="4.92805">
        <ele>172.8</ele>
      </trkpt>
      <trkpt lat="46.53643" lon="4.92843">
        <ele>172.9</ele>
      </trkpt>
      <trkpt lat="46.53605" lon="4.92867">
        <ele>173.0</ele>
      </trkpt>
      <trkpt lat="46.53553" lon="4.92892">
        <ele>173.6</ele>
      </trkpt>
      <trkpt lat="46.53492" lon="4.92934">
        <ele>172.5</ele>
      </trkpt>
      <trkpt lat="46.53458" lon="4.92952">
        <ele>172.8</ele>
      </trkpt>
      <trkpt lat="46.5342" lon="4.92984">
        <ele>172.7</ele>
      </trkpt>
      <trkpt lat="46.53376" lon="4.93015">
        <ele>173.9</ele>
      </trkpt>
      <trkpt lat="46.53333" lon="4.93046">
        <ele>175.4</ele>
      </trkpt>
      <trkpt lat="46.53292" lon="4.93084">
        <ele>173.5</ele>
      </trkpt>
      <trkpt lat="46.53276" lon="4.93097">
        <ele>172.6</ele>
      </trkpt>
      <trkpt lat="46.53233" lon="4.93125">
        <ele>173.5</ele>
      </trkpt>
      <trkpt lat="46.53189" lon="4.93163">
        <ele>174.1</ele>
      </trkpt>
      <trkpt lat="46.53148" lon="4.9319">
        <ele>175.6</ele>
      </trkpt>
      <trkpt lat="46.53107" lon="4.93218">
        <ele>176.9</ele>
      </trkpt>
      <trkpt lat="46.53069" lon="4.9325">
        <ele>176.0</ele>
      </trkpt>
      <trkpt lat="46.53015" lon="4.93303">
        <ele>178.5</ele>
      </trkpt>
      <trkpt lat="46.5296" lon="4.93356">
        <ele>179.4</ele>
      </trkpt>
      <trkpt lat="46.52905" lon="4.93409">
        <ele>175.6</ele>
      </trkpt>
      <trkpt lat="46.52872" lon="4.93435">
        <ele>177.4</ele>
      </trkpt>
      <trkpt lat="46.52796" lon="4.93489">
        <ele>178.7</ele>
      </trkpt>
      <trkpt lat="46.52768" lon="4.93514">
        <ele>177.7</ele>
      </trkpt>
      <trkpt lat="46.52707" lon="4.93543">
        <ele>175.8</ele>
      </trkpt>
      <trkpt lat="46.52647" lon="4.93572">
        <ele>172.9</ele>
      </trkpt>
      <trkpt lat="46.52587" lon="4.93597">
        <ele>175.4</ele>
      </trkpt>
      <trkpt lat="46.52566" lon="4.93601">
        <ele>175.3</ele>
      </trkpt>
      <trkpt lat="46.52546" lon="4.93602">
        <ele>175.2</ele>
      </trkpt>
      <trkpt lat="46.52529" lon="4.93603">
        <ele>175.1</ele>
      </trkpt>
      <trkpt lat="46.52513" lon="4.93608">
        <ele>174.7</ele>
      </trkpt>
      <trkpt lat="46.52495" lon="4.93615">
        <ele>174.0</ele>
      </trkpt>
      <trkpt lat="46.5247" lon="4.93626">
        <ele>173.1</ele>
      </trkpt>
      <trkpt lat="46.52384" lon="4.9364">
        <ele>172.5</ele>
      </trkpt>
      <trkpt lat="46.52359" lon="4.93649">
        <ele>171.6</ele>
      </trkpt>
      <trkpt lat="46.52334" lon="4.93665">
        <ele>170.1</ele>
      </trkpt>
      <trkpt lat="46.52299" lon="4.93679">
        <ele>170.2</ele>
      </trkpt>
      <trkpt lat="46.52231" lon="4.9369">
        <ele>170.8</ele>
      </trkpt>
      <trkpt lat="46.52154" lon="4.93692">
        <ele>172.1</ele>
      </trkpt>
      <trkpt lat="46.5212" lon="4.93695">
        <ele>172.4</ele>
      </trkpt>
      <trkpt lat="46.52072" lon="4.93705">
        <ele>172.6</ele>
      </trkpt>
      <trkpt lat="46.52046" lon="4.93707">
        <ele>171.9</ele>
      </trkpt>
      <trkpt lat="46.5201" lon="4.93703">
        <ele>171.0</ele>
      </trkpt>
      <trkpt lat="46.51933" lon="4.93684">
        <ele>172.0</ele>
      </trkpt>
      <trkpt lat="46.51882" lon="4.93669">
        <ele>172.1</ele>
      </trkpt>
      <trkpt lat="46.51832" lon="4.93653">
        <ele>171.5</ele>
      </trkpt>
      <trkpt lat="46.51786" lon="4.93633">
        <ele>172.4</ele>
      </trkpt>
      <trkpt lat="46.5174" lon="4.93612">
        <ele>172.3</ele>
      </trkpt>
      <trkpt lat="46.51687" lon="4.93576">
        <ele>173.3</ele>
      </trkpt>
      <trkpt lat="46.51634" lon="4.9354">
        <ele>173.0</ele>
      </trkpt>
      <trkpt lat="46.51561" lon="4.93475">
        <ele>171.4</ele>
      </trkpt>
      <trkpt lat="46.51506" lon="4.93415">
        <ele>173.8</ele>
      </trkpt>
      <trkpt lat="46.51451" lon="4.93356">
        <ele>169.6</ele>
      </trkpt>
      <trkpt lat="46.51397" lon="4.93296">
        <ele>168.2</ele>
      </trkpt>
      <trkpt lat="46.51342" lon="4.93237">
        <ele>169.3</ele>
      </trkpt>
      <trkpt lat="46.51297" lon="4.93195">
        <ele>169.7</ele>
      </trkpt>
      <trkpt lat="46.51251" lon="4.93154">
        <ele>169.2</ele>
      </trkpt>
      <trkpt lat="46.51203" lon="4.93106">
        <ele>170.9</ele>
      </trkpt>
      <trkpt lat="46.51163" lon="4.93074">
        <ele>172.7</ele>
      </trkpt>
      <trkpt lat="46.51123" lon="4.93042">
        <ele>171.7</ele>
      </trkpt>
      <trkpt lat="46.5106" lon="4.92998">
        <ele>173.2</ele>
      </trkpt>
      <trkpt lat="46.51024" lon="4.92976">
        <ele>173.3</ele>
      </trkpt>
      <trkpt lat="46.50977" lon="4.92953">
        <ele>173.0</ele>
      </trkpt>
      <trkpt lat="46.50917" lon="4.92927">
        <ele>173.4</ele>
      </trkpt>
      <trkpt lat="46.50856" lon="4.92901">
        <ele>170.8</ele>
      </trkpt>
      <trkpt lat="46.50805" lon="4.92893">
        <ele>170.1</ele>
      </trkpt>
      <trkpt lat="46.50781" lon="4.92881">
        <ele>170.4</ele>
      </trkpt>
      <trkpt lat="46.50695" lon="4.92859">
        <ele>170.6</ele>
      </trkpt>
      <trkpt lat="46.50638" lon="4.92837">
        <ele>171.6</ele>
      </trkpt>
      <trkpt lat="46.50584" lon="4.92818">
        <ele>172.8</ele>
      </trkpt>
      <trkpt lat="46.50529" lon="4.92799">
        <ele>171.6</ele>
      </trkpt>
      <trkpt lat="46.5052" lon="4.92798">
        <ele>171.5</ele>
      </trkpt>
      <trkpt lat="46.50496" lon="4.92787">
        <ele>171.8</ele>
      </trkpt>
      <trkpt lat="46.50485" lon="4.92776">
        <ele>172.4</ele>
      </trkpt>
      <trkpt lat="46.50475" lon="4.92762">
        <ele>173.3</ele>
      </trkpt>
      <trkpt lat="46.50441" lon="4.92737">
        <ele>173.7</ele>
      </trkpt>
      <trkpt lat="46.50419" lon="4.92723">
        <ele>173.4</ele>
      </trkpt>
      <trkpt lat="46.50415" lon="4.92717">
        <ele>173.2</ele>
      </trkpt>
      <trkpt lat="46.50406" lon="4.92719">
        <ele>173.1</ele>
      </trkpt>
      <trkpt lat="46.50399" lon="4.92718">
        <ele>173.0</ele>
      </trkpt>
      <trkpt lat="46.50376" lon="4.92696">
        <ele>172.2</ele>
      </trkpt>
      <trkpt lat="46.50366" lon="4.92689">
        <ele>171.9</ele>
      </trkpt>
      <trkpt lat="46.50349" lon="4.92686">
        <ele>171.6</ele>
      </trkpt>
      <trkpt lat="46.50333" lon="4.92679">
        <ele>171.3</ele>
      </trkpt>
      <trkpt lat="46.50273" lon="4.92642">
        <ele>171.5</ele>
      </trkpt>
      <trkpt lat="46.5023" lon="4.92622">
        <ele>170.4</ele>
      </trkpt>
      <trkpt lat="46.50216" lon="4.92617">
        <ele>170.0</ele>
      </trkpt>
      <trkpt lat="46.50161" lon="4.92615">
        <ele>168.9</ele>
      </trkpt>
      <trkpt lat="46.50105" lon="4.92612">
        <ele>170.1</ele>
      </trkpt>
      <trkpt lat="46.50068" lon="4.92608">
        <ele>171.0</ele>
      </trkpt>
      <trkpt lat="46.50048" lon="4.92604">
        <ele>171.6</ele>
      </trkpt>
      <trkpt lat="46.50027" lon="4.92597">
        <ele>172.4</ele>
      </trkpt>
      <trkpt lat="46.50002" lon="4.92586">
        <ele>173.8</ele>
      </trkpt>
      <trkpt lat="46.49924" lon="4.9254">
        <ele>172.5</ele>
      </trkpt>
      <trkpt lat="46.49847" lon="4.92499">
        <ele>172.7</ele>
      </trkpt>
      <trkpt lat="46.4977" lon="4.92457">
        <ele>172.4</ele>
      </trkpt>
      <trkpt lat="46.4975" lon="4.92445">
        <ele>172.9</ele>
      </trkpt>
      <trkpt lat="46.49719" lon="4.92422">
        <ele>172.5</ele>
      </trkpt>
      <trkpt lat="46.49672" lon="4.92378">
        <ele>173.7</ele>
      </trkpt>
      <trkpt lat="46.49643" lon="4.92344">
        <ele>175.3</ele>
      </trkpt>
      <trkpt lat="46.49616" lon="4.92308">
        <ele>173.8</ele>
      </trkpt>
      <trkpt lat="46.49599" lon="4.92285">
        <ele>174.1</ele>
      </trkpt>
      <trkpt lat="46.49564" lon="4.92227">
        <ele>174.8</ele>
      </trkpt>
      <trkpt lat="46.49527" lon="4.92158">
        <ele>175.5</ele>
      </trkpt>
      <trkpt lat="46.49479" lon="4.92079">
        <ele>173.5</ele>
      </trkpt>
      <trkpt lat="46.49428" lon="4.91998">
        <ele>176.3</ele>
      </trkpt>
      <trkpt lat="46.494" lon="4.91951">
        <ele>174.5</ele>
      </trkpt>
      <trkpt lat="46.49354" lon="4.91888">
        <ele>171.9</ele>
      </trkpt>
      <trkpt lat="46.49308" lon="4.91824">
        <ele>173.2</ele>
      </trkpt>
      <trkpt lat="46.4927" lon="4.91776">
        <ele>172.9</ele>
      </trkpt>
      <trkpt lat="46.49233" lon="4.91727">
        <ele>172.1</ele>
      </trkpt>
      <trkpt lat="46.49213" lon="4.91697">
        <ele>170.4</ele>
      </trkpt>
      <trkpt lat="46.49195" lon="4.91665">
        <ele>169.4</ele>
      </trkpt>
      <trkpt lat="46.49166" lon="4.91602">
        <ele>172.8</ele>
      </trkpt>
      <trkpt lat="46.49137" lon="4.91537">
        <ele>171.5</ele>
      </trkpt>
      <trkpt lat="46.49125" lon="4.91505">
        <ele>171.0</ele>
      </trkpt>
      <trkpt lat="46.49112" lon="4.91478">
        <ele>171.2</ele>
      </trkpt>
      <trkpt lat="46.4909" lon="4.9144">
        <ele>171.7</ele>
      </trkpt>
      <trkpt lat="46.49044" lon="4.91394">
        <ele>172.1</ele>
      </trkpt>
      <trkpt lat="46.48982" lon="4.91338">
        <ele>171.5</ele>
      </trkpt>
      <trkpt lat="46.48904" lon="4.91294">
        <ele>172.7</ele>
      </trkpt>
      <trkpt lat="46.48823" lon="4.91262">
        <ele>173.1</ele>
      </trkpt>
      <trkpt lat="46.48774" lon="4.91247">
        <ele>173.0</ele>
      </trkpt>
      <trkpt lat="46.4877" lon="4.91246">
        <ele>173.0</ele>
      </trkpt>
      <trkpt lat="46.48762" lon="4.91253">
        <ele>173.0</ele>
      </trkpt>
      <trkpt lat="46.48701" lon="4.9124">
        <ele>173.0</ele>
      </trkpt>
      <trkpt lat="46.48639" lon="4.91226">
        <ele>173.1</ele>
      </trkpt>
      <trkpt lat="46.48585" lon="4.91228">
        <ele>173.5</ele>
      </trkpt>
      <trkpt lat="46.4854" lon="4.91238">
        <ele>172.8</ele>
      </trkpt>
      <trkpt lat="46.48495" lon="4.91247">
        <ele>172.0</ele>
      </trkpt>
      <trkpt lat="46.4844" lon="4.91255">
        <ele>171.8</ele>
      </trkpt>
      <trkpt lat="46.48372" lon="4.91255">
        <ele>172.8</ele>
      </trkpt>
      <trkpt lat="46.48305" lon="4.91254">
        <ele>173.5</ele>
      </trkpt>
      <trkpt lat="46.48298" lon="4.91255">
        <ele>173.4</ele>
      </trkpt>
      <trkpt lat="46.48242" lon="4.91265">
        <ele>173.2</ele>
      </trkpt>
      <trkpt lat="46.48164" lon="4.91256">
        <ele>173.3</ele>
      </trkpt>
      <trkpt lat="46.48111" lon="4.91256">
        <ele>173.8</ele>
      </trkpt>
      <trkpt lat="46.48076" lon="4.91261">
        <ele>174.1</ele>
      </trkpt>
      <trkpt lat="46.48022" lon="4.91261">
        <ele>173.0</ele>
      </trkpt>
      <trkpt lat="46.47937" lon="4.91275">
        <ele>173.9</ele>
      </trkpt>
      <trkpt lat="46.47889" lon="4.91281">
        <ele>173.1</ele>
      </trkpt>
      <trkpt lat="46.4784" lon="4.91286">
        <ele>171.2</ele>
      </trkpt>
      <trkpt lat="46.47791" lon="4.91297">
        <ele>170.5</ele>
      </trkpt>
      <trkpt lat="46.47741" lon="4.9132">
        <ele>170.3</ele>
      </trkpt>
      <trkpt lat="46.47714" lon="4.91327">
        <ele>171.3</ele>
      </trkpt>
      <trkpt lat="46.47653" lon="4.91334">
        <ele>172.8</ele>
      </trkpt>
      <trkpt lat="46.47647" lon="4.91334">
        <ele>172.7</ele>
      </trkpt>
      <trkpt lat="46.47623" lon="4.91343">
        <ele>172.1</ele>
      </trkpt>
      <trkpt lat="46.47606" lon="4.91354">
        <ele>171.5</ele>
      </trkpt>
      <trkpt lat="46.47589" lon="4.91362">
        <ele>171.0</ele>
      </trkpt>
      <trkpt lat="46.47542" lon="4.91379">
        <ele>170.2</ele>
      </trkpt>
      <trkpt lat="46.47477" lon="4.91393">
        <ele>170.2</ele>
      </trkpt>
      <trkpt lat="46.47438" lon="4.91403">
        <ele>170.4</ele>
      </trkpt>
      <trkpt lat="46.47364" lon="4.91415">
        <ele>172.5</ele>
      </trkpt>
      <trkpt lat="46.47292" lon="4.91415">
        <ele>171.5</ele>
      </trkpt>
      <trkpt lat="46.47221" lon="4.91416">
        <ele>170.4</ele>
      </trkpt>
      <trkpt lat="46.47151" lon="4.91412">
        <ele>173.5</ele>
      </trkpt>
      <trkpt lat="46.47081" lon="4.91408">
        <ele>175.7</ele>
      </trkpt>
      <trkpt lat="46.4704" lon="4.91411">
        <ele>171.5</ele>
      </trkpt>
      <trkpt lat="46.46988" lon="4.91413">
        <ele>167.8</ele>
      </trkpt>
      <trkpt lat="46.46975" lon="4.91412">
        <ele>168.4</ele>
      </trkpt>
      <trkpt lat="46.46931" lon="4.91413">
        <ele>170.4</ele>
      </trkpt>
      <trkpt lat="46.46887" lon="4.91416">
        <ele>171.4</ele>
      </trkpt>
      <trkpt lat="46.4686" lon="4.91421">
        <ele>171.5</ele>
      </trkpt>
      <trkpt lat="46.46851" lon="4.91422">
        <ele>171.6</ele>
      </trkpt>
      <trkpt lat="46.46842" lon="4.91421">
        <ele>171.8</ele>
      </trkpt>
      <trkpt lat="46.46794" lon="4.91416">
        <ele>172.5</ele>
      </trkpt>
      <trkpt lat="46.46761" lon="4.91403">
        <ele>172.5</ele>
      </trkpt>
      <trkpt lat="46.46736" lon="4.91384">
        <ele>172.2</ele>
      </trkpt>
      <trkpt lat="46.46732" lon="4.9138">
        <ele>172.1</ele>
      </trkpt>
      <trkpt lat="46.46712" lon="4.9137">
        <ele>171.9</ele>
      </trkpt>
      <trkpt lat="46.46698" lon="4.91368">
        <ele>171.8</ele>
      </trkpt>
      <trkpt lat="46.46665" lon="4.91375">
        <ele>172.0</ele>
      </trkpt>
      <trkpt lat="46.46645" lon="4.91371">
        <ele>171.4</ele>
      </trkpt>
      <trkpt lat="46.4656" lon="4.91332">
        <ele>170.7</ele>
      </trkpt>
      <trkpt lat="46.46532" lon="4.9133">
        <ele>170.4</ele>
      </trkpt>
      <trkpt lat="46.46484" lon="4.91313">
        <ele>170.1</ele>
      </trkpt>
      <trkpt lat="46.46445" lon="4.91301">
        <ele>170.4</ele>
      </trkpt>
      <trkpt lat="46.46414" lon="4.91301">
        <ele>170.6</ele>
      </trkpt>
      <trkpt lat="46.46395" lon="4.91303">
        <ele>170.7</ele>
      </trkpt>
      <trkpt lat="46.46366" lon="4.91297">
        <ele>170.6</ele>
      </trkpt>
      <trkpt lat="46.46324" lon="4.91282">
        <ele>170.3</ele>
      </trkpt>
      <trkpt lat="46.46278" lon="4.91267">
        <ele>171.3</ele>
      </trkpt>
      <trkpt lat="46.46232" lon="4.91252">
        <ele>173.3</ele>
      </trkpt>
      <trkpt lat="46.46156" lon="4.91211">
        <ele>172.8</ele>
      </trkpt>
      <trkpt lat="46.46121" lon="4.91191">
        <ele>171.6</ele>
      </trkpt>
      <trkpt lat="46.46086" lon="4.91168">
        <ele>171.9</ele>
      </trkpt>
      <trkpt lat="46.46066" lon="4.91153">
        <ele>171.2</ele>
      </trkpt>
      <trkpt lat="46.46015" lon="4.91112">
        <ele>169.8</ele>
      </trkpt>
      <trkpt lat="46.45969" lon="4.91061">
        <ele>169.7</ele>
      </trkpt>
      <trkpt lat="46.45951" lon="4.91044">
        <ele>169.8</ele>
      </trkpt>
      <trkpt lat="46.45937" lon="4.91027">
        <ele>170.1</ele>
      </trkpt>
      <trkpt lat="46.4591" lon="4.90999">
        <ele>170.8</ele>
      </trkpt>
      <trkpt lat="46.45885" lon="4.90966">
        <ele>170.0</ele>
      </trkpt>
      <trkpt lat="46.45839" lon="4.9089">
        <ele>169.3</ele>
      </trkpt>
      <trkpt lat="46.45773" lon="4.90815">
        <ele>171.1</ele>
      </trkpt>
      <trkpt lat="46.45745" lon="4.9078">
        <ele>170.6</ele>
      </trkpt>
      <trkpt lat="46.45705" lon="4.9072">
        <ele>170.0</ele>
      </trkpt>
      <trkpt lat="46.45677" lon="4.90672">
        <ele>171.6</ele>
      </trkpt>
      <trkpt lat="46.45631" lon="4.90583">
        <ele>170.2</ele>
      </trkpt>
      <trkpt lat="46.45585" lon="4.90493">
        <ele>170.9</ele>
      </trkpt>
      <trkpt lat="46.45556" lon="4.90436">
        <ele>170.6</ele>
      </trkpt>
      <trkpt lat="46.45527" lon="4.90379">
        <ele>170.7</ele>
      </trkpt>
      <trkpt lat="46.45497" lon="4.90326">
        <ele>170.1</ele>
      </trkpt>
      <trkpt lat="46.45472" lon="4.90291">
        <ele>170.7</ele>
      </trkpt>
      <trkpt lat="46.45419" lon="4.90222">
        <ele>172.3</ele>
      </trkpt>
      <trkpt lat="46.45357" lon="4.9013">
        <ele>173.6</ele>
      </trkpt>
      <trkpt lat="46.45318" lon="4.90077">
        <ele>171.4</ele>
      </trkpt>
      <trkpt lat="46.45279" lon="4.90025">
        <ele>171.2</ele>
      </trkpt>
      <trkpt lat="46.4524" lon="4.89964">
        <ele>171.5</ele>
      </trkpt>
      <trkpt lat="46.45201" lon="4.89903">
        <ele>172.4</ele>
      </trkpt>
      <trkpt lat="46.45164" lon="4.89836">
        <ele>171.2</ele>
      </trkpt>
      <trkpt lat="46.45136" lon="4.89793">
        <ele>171.9</ele>
      </trkpt>
      <trkpt lat="46.45114" lon="4.89763">
        <ele>172.4</ele>
      </trkpt>
      <trkpt lat="46.45065" lon="4.89704">
        <ele>172.4</ele>
      </trkpt>
      <trkpt lat="46.45025" lon="4.89661">
        <ele>174.0</ele>
      </trkpt>
      <trkpt lat="46.44985" lon="4.89615">
        <ele>173.6</ele>
      </trkpt>
      <trkpt lat="46.44923" lon="4.89562">
        <ele>174.3</ele>
      </trkpt>
      <trkpt lat="46.44882" lon="4.89528">
        <ele>172.6</ele>
      </trkpt>
      <trkpt lat="46.44841" lon="4.89495">
        <ele>172.2</ele>
      </trkpt>
      <trkpt lat="46.44828" lon="4.89494">
        <ele>172.0</ele>
      </trkpt>
      <trkpt lat="46.44801" lon="4.89497">
        <ele>170.9</ele>
      </trkpt>
      <trkpt lat="46.44786" lon="4.89493">
        <ele>170.6</ele>
      </trkpt>
      <trkpt lat="46.44773" lon="4.8948">
        <ele>170.8</ele>
      </trkpt>
      <trkpt lat="46.44759" lon="4.8945">
        <ele>172.1</ele>
      </trkpt>
      <trkpt lat="46.4475" lon="4.89427">
        <ele>173.4</ele>
      </trkpt>
      <trkpt lat="46.44747" lon="4.89409">
        <ele>173.9</ele>
      </trkpt>
      <trkpt lat="46.44732" lon="4.89394">
        <ele>173.4</ele>
      </trkpt>
      <trkpt lat="46.44679" lon="4.89347">
        <ele>172.7</ele>
      </trkpt>
      <trkpt lat="46.44626" lon="4.89301">
        <ele>172.8</ele>
      </trkpt>
      <trkpt lat="46.44599" lon="4.89287">
        <ele>172.8</ele>
      </trkpt>
      <trkpt lat="46.44556" lon="4.89267">
        <ele>174.1</ele>
      </trkpt>
      <trkpt lat="46.44512" lon="4.89246">
        <ele>175.7</ele>
      </trkpt>
      <trkpt lat="46.44459" lon="4.89222">
        <ele>173.5</ele>
      </trkpt>
      <trkpt lat="46.44406" lon="4.89198">
        <ele>171.8</ele>
      </trkpt>
      <trkpt lat="46.44329" lon="4.89155">
        <ele>170.7</ele>
      </trkpt>
      <trkpt lat="46.44274" lon="4.89122">
        <ele>170.4</ele>
      </trkpt>
      <trkpt lat="46.44219" lon="4.89089">
        <ele>170.7</ele>
      </trkpt>
      <trkpt lat="46.44175" lon="4.89062">
        <ele>169.2</ele>
      </trkpt>
      <trkpt lat="46.44191" lon="4.88994">
        <ele>168.4</ele>
      </trkpt>
      <trkpt lat="46.44221" lon="4.88876">
        <ele>168.5</ele>
      </trkpt>
      <trkpt lat="46.44251" lon="4.88758">
        <ele>172.7</ele>
      </trkpt>
      <trkpt lat="46.4428" lon="4.8864">
        <ele>171.7</ele>
      </trkpt>
      <trkpt lat="46.4431" lon="4.88522">
        <ele>171.4</ele>
      </trkpt>
      <trkpt lat="46.4431" lon="4.88514">
        <ele>171.6</ele>
      </trkpt>
      <trkpt lat="46.44295" lon="4.88508">
        <ele>172.2</ele>
      </trkpt>
      <trkpt lat="46.44286" lon="4.88502">
        <ele>172.7</ele>
      </trkpt>
      <trkpt lat="46.44282" lon="4.88493">
        <ele>172.7</ele>
      </trkpt>
      <trkpt lat="46.44274" lon="4.88486">
        <ele>172.8</ele>
      </trkpt>
      <trkpt lat="46.44192" lon="4.88446">
        <ele>171.3</ele>
      </trkpt>
      <trkpt lat="46.44109" lon="4.88405">
        <ele>170.6</ele>
      </trkpt>
      <trkpt lat="46.44027" lon="4.88365">
        <ele>171.1</ele>
      </trkpt>
      <trkpt lat="46.43978" lon="4.88341">
        <ele>171.1</ele>
      </trkpt>
      <trkpt lat="46.43929" lon="4.88318">
        <ele>171.0</ele>
      </trkpt>
      <trkpt lat="46.43916" lon="4.88315">
        <ele>171.0</ele>
      </trkpt>
      <trkpt lat="46.43908" lon="4.88317">
        <ele>171.0</ele>
      </trkpt>
      <trkpt lat="46.439" lon="4.88322">
        <ele>171.0</ele>
      </trkpt>
      <trkpt lat="46.43896" lon="4.88371">
        <ele>171.8</ele>
      </trkpt>
      <trkpt lat="46.43883" lon="4.88465">
        <ele>172.2</ele>
      </trkpt>
      <trkpt lat="46.43877" lon="4.88486">
        <ele>171.8</ele>
      </trkpt>
      <trkpt lat="46.43874" lon="4.8849">
        <ele>171.6</ele>
      </trkpt>
      <trkpt lat="46.4387" lon="4.88492">
        <ele>171.3</ele>
      </trkpt>
      <trkpt lat="46.43847" lon="4.88485">
        <ele>170.2</ele>
      </trkpt>
      <trkpt lat="46.43785" lon="4.88463">
        <ele>169.6</ele>
      </trkpt>
      <trkpt lat="46.43724" lon="4.88441">
        <ele>169.7</ele>
      </trkpt>
      <trkpt lat="46.43662" lon="4.8842">
        <ele>169.1</ele>
      </trkpt>
      <trkpt lat="46.43624" lon="4.88405">
        <ele>168.2</ele>
      </trkpt>
      <trkpt lat="46.43614" lon="4.88403">
        <ele>168.0</ele>
      </trkpt>
      <trkpt lat="46.43608" lon="4.88403">
        <ele>167.9</ele>
      </trkpt>
      <trkpt lat="46.43602" lon="4.88406">
        <ele>167.7</ele>
      </trkpt>
      <trkpt lat="46.43595" lon="4.88414">
        <ele>167.4</ele>
      </trkpt>
      <trkpt lat="46.43568" lon="4.88481">
        <ele>172.2</ele>
      </trkpt>
      <trkpt lat="46.43541" lon="4.88549">
        <ele>173.0</ele>
      </trkpt>
      <trkpt lat="46.43497" lon="4.88653">
        <ele>169.8</ele>
      </trkpt>
      <trkpt lat="46.43475" lon="4.88714">
        <ele>169.6</ele>
      </trkpt>
      <trkpt lat="46.43466" lon="4.88746">
        <ele>169.4</ele>
      </trkpt>
      <trkpt lat="46.4346" lon="4.88759">
        <ele>169.4</ele>
      </trkpt>
      <trkpt lat="46.43458" lon="4.88754">
        <ele>169.5</ele>
      </trkpt>
      <trkpt lat="46.43449" lon="4.88749">
        <ele>169.6</ele>
      </trkpt>
      <trkpt lat="46.43442" lon="4.88751">
        <ele>169.7</ele>
      </trkpt>
      <trkpt lat="46.43433" lon="4.88756">
        <ele>169.8</ele>
      </trkpt>
      <trkpt lat="46.43423" lon="4.8876">
        <ele>169.8</ele>
      </trkpt>
      <trkpt lat="46.43336" lon="4.88743">
        <ele>169.9</ele>
      </trkpt>
      <trkpt lat="46.43249" lon="4.88727">
        <ele>169.0</ele>
      </trkpt>
      <trkpt lat="46.43225" lon="4.88728">
        <ele>169.1</ele>
      </trkpt>
      <trkpt lat="46.43161" lon="4.88729">
        <ele>169.3</ele>
      </trkpt>
      <trkpt lat="46.43132" lon="4.88734">
        <ele>169.5</ele>
      </trkpt>
      <trkpt lat="46.43095" lon="4.88747">
        <ele>169.8</ele>
      </trkpt>
      <trkpt lat="46.43053" lon="4.88767">
        <ele>170.4</ele>
      </trkpt>
      <trkpt lat="46.42978" lon="4.88817">
        <ele>169.8</ele>
      </trkpt>
      <trkpt lat="46.42969" lon="4.88819">
        <ele>169.8</ele>
      </trkpt>
      <trkpt lat="46.42963" lon="4.88817">
        <ele>169.9</ele>
      </trkpt>
      <trkpt lat="46.42954" lon="4.88818">
        <ele>169.9</ele>
      </trkpt>
      <trkpt lat="46.42905" lon="4.88834">
        <ele>169.9</ele>
      </trkpt>
      <trkpt lat="46.4287" lon="4.88844">
        <ele>169.4</ele>
      </trkpt>
      <trkpt lat="46.42841" lon="4.88849">
        <ele>169.1</ele>
      </trkpt>
      <trkpt lat="46.42794" lon="4.88848">
        <ele>169.4</ele>
      </trkpt>
      <trkpt lat="46.42723" lon="4.88843">
        <ele>170.2</ele>
      </trkpt>
      <trkpt lat="46.42653" lon="4.88838">
        <ele>170.7</ele>
      </trkpt>
      <trkpt lat="46.42583" lon="4.88834">
        <ele>170.0</ele>
      </trkpt>
      <trkpt lat="46.42517" lon="4.8883">
        <ele>169.2</ele>
      </trkpt>
      <trkpt lat="46.42474" lon="4.88825">
        <ele>169.1</ele>
      </trkpt>
      <trkpt lat="46.42407" lon="4.88813">
        <ele>168.5</ele>
      </trkpt>
      <trkpt lat="46.42341" lon="4.88801">
        <ele>166.0</ele>
      </trkpt>
      <trkpt lat="46.42275" lon="4.88789">
        <ele>169.5</ele>
      </trkpt>
      <trkpt lat="46.42199" lon="4.88773">
        <ele>170.7</ele>
      </trkpt>
      <trkpt lat="46.42123" lon="4.88758">
        <ele>170.3</ele>
      </trkpt>
      <trkpt lat="46.42064" lon="4.88742">
        <ele>168.4</ele>
      </trkpt>
      <trkpt lat="46.41993" lon="4.88729">
        <ele>165.1</ele>
      </trkpt>
      <trkpt lat="46.41923" lon="4.88716">
        <ele>171.3</ele>
      </trkpt>
      <trkpt lat="46.41879" lon="4.8871">
        <ele>170.4</ele>
      </trkpt>
      <trkpt lat="46.41845" lon="4.88709">
        <ele>169.3</ele>
      </trkpt>
      <trkpt lat="46.41795" lon="4.88701">
        <ele>169.5</ele>
      </trkpt>
      <trkpt lat="46.4178" lon="4.88696">
        <ele>169.8</ele>
      </trkpt>
      <trkpt lat="46.41763" lon="4.88683">
        <ele>170.4</ele>
      </trkpt>
      <trkpt lat="46.41753" lon="4.88674">
        <ele>170.8</ele>
      </trkpt>
      <trkpt lat="46.41747" lon="4.88671">
        <ele>170.8</ele>
      </trkpt>
      <trkpt lat="46.41736" lon="4.88671">
        <ele>170.6</ele>
      </trkpt>
      <trkpt lat="46.41707" lon="4.88673">
        <ele>169.9</ele>
      </trkpt>
      <trkpt lat="46.41696" lon="4.88672">
        <ele>169.6</ele>
      </trkpt>
      <trkpt lat="46.41634" lon="4.88655">
        <ele>168.9</ele>
      </trkpt>
      <trkpt lat="46.4158" lon="4.88636">
        <ele>169.0</ele>
      </trkpt>
      <trkpt lat="46.41547" lon="4.88624">
        <ele>168.3</ele>
      </trkpt>
      <trkpt lat="46.41499" lon="4.8861">
        <ele>167.0</ele>
      </trkpt>
      <trkpt lat="46.41451" lon="4.88597">
        <ele>168.4</ele>
      </trkpt>
      <trkpt lat="46.41424" lon="4.8859">
        <ele>169.6</ele>
      </trkpt>
      <trkpt lat="46.4135" lon="4.88583">
        <ele>170.0</ele>
      </trkpt>
      <trkpt lat="46.41277" lon="4.88576">
        <ele>171.4</ele>
      </trkpt>
      <trkpt lat="46.41203" lon="4.88568">
        <ele>171.4</ele>
      </trkpt>
      <trkpt lat="46.4119" lon="4.88568">
        <ele>171.3</ele>
      </trkpt>
      <trkpt lat="46.41111" lon="4.88576">
        <ele>170.3</ele>
      </trkpt>
      <trkpt lat="46.41032" lon="4.88584">
        <ele>171.8</ele>
      </trkpt>
      <trkpt lat="46.41007" lon="4.88566">
        <ele>172.5</ele>
      </trkpt>
      <trkpt lat="46.40998" lon="4.88558">
        <ele>172.6</ele>
      </trkpt>
      <trkpt lat="46.40989" lon="4.88563">
        <ele>172.4</ele>
      </trkpt>
      <trkpt lat="46.40978" lon="4.88572">
        <ele>172.0</ele>
      </trkpt>
      <trkpt lat="46.40928" lon="4.88631">
        <ele>169.2</ele>
      </trkpt>
      <trkpt lat="46.40917" lon="4.88643">
        <ele>169.0</ele>
      </trkpt>
      <trkpt lat="46.40903" lon="4.88651">
        <ele>169.1</ele>
      </trkpt>
      <trkpt lat="46.40865" lon="4.88667">
        <ele>169.0</ele>
      </trkpt>
      <trkpt lat="46.40839" lon="4.88674">
        <ele>169.0</ele>
      </trkpt>
      <trkpt lat="46.40799" lon="4.88681">
        <ele>169.3</ele>
      </trkpt>
      <trkpt lat="46.40753" lon="4.88692">
        <ele>169.4</ele>
      </trkpt>
      <trkpt lat="46.40706" lon="4.88703">
        <ele>168.8</ele>
      </trkpt>
      <trkpt lat="46.4068" lon="4.88715">
        <ele>168.5</ele>
      </trkpt>
      <trkpt lat="46.40651" lon="4.88727">
        <ele>168.4</ele>
      </trkpt>
      <trkpt lat="46.40628" lon="4.88733">
        <ele>168.5</ele>
      </trkpt>
      <trkpt lat="46.40606" lon="4.88735">
        <ele>168.6</ele>
      </trkpt>
      <trkpt lat="46.40544" lon="4.88727">
        <ele>168.8</ele>
      </trkpt>
      <trkpt lat="46.40509" lon="4.88721">
        <ele>168.8</ele>
      </trkpt>
      <trkpt lat="46.40482" lon="4.88713">
        <ele>168.7</ele>
      </trkpt>
      <trkpt lat="46.40444" lon="4.88692">
        <ele>168.5</ele>
      </trkpt>
      <trkpt lat="46.4041" lon="4.88667">
        <ele>168.0</ele>
      </trkpt>
      <trkpt lat="46.40378" lon="4.88636">
        <ele>168.7</ele>
      </trkpt>
      <trkpt lat="46.40343" lon="4.88606">
        <ele>170.0</ele>
      </trkpt>
      <trkpt lat="46.40309" lon="4.88581">
        <ele>170.1</ele>
      </trkpt>
      <trkpt lat="46.40275" lon="4.88558">
        <ele>169.0</ele>
      </trkpt>
      <trkpt lat="46.40215" lon="4.88512">
        <ele>168.9</ele>
      </trkpt>
      <trkpt lat="46.4019" lon="4.8849">
        <ele>169.1</ele>
      </trkpt>
      <trkpt lat="46.40168" lon="4.88464">
        <ele>169.4</ele>
      </trkpt>
      <trkpt lat="46.40153" lon="4.88449">
        <ele>169.2</ele>
      </trkpt>
      <trkpt lat="46.40113" lon="4.88421">
        <ele>168.1</ele>
      </trkpt>
      <trkpt lat="46.40042" lon="4.88376">
        <ele>168.0</ele>
      </trkpt>
      <trkpt lat="46.39977" lon="4.88313">
        <ele>168.7</ele>
      </trkpt>
      <trkpt lat="46.39909" lon="4.88251">
        <ele>169.7</ele>
      </trkpt>
      <trkpt lat="46.3984" lon="4.88189">
        <ele>169.2</ele>
      </trkpt>
      <trkpt lat="46.39815" lon="4.8817">
        <ele>169.3</ele>
      </trkpt>
      <trkpt lat="46.39761" lon="4.88132">
        <ele>168.5</ele>
      </trkpt>
      <trkpt lat="46.39718" lon="4.88106">
        <ele>170.0</ele>
      </trkpt>
      <trkpt lat="46.39675" lon="4.88079">
        <ele>172.6</ele>
      </trkpt>
      <trkpt lat="46.39605" lon="4.88039">
        <ele>169.5</ele>
      </trkpt>
      <trkpt lat="46.39531" lon="4.88005">
        <ele>168.1</ele>
      </trkpt>
      <trkpt lat="46.39488" lon="4.87982">
        <ele>166.9</ele>
      </trkpt>
      <trkpt lat="46.39446" lon="4.87957">
        <ele>168.1</ele>
      </trkpt>
      <trkpt lat="46.39404" lon="4.87929">
        <ele>169.9</ele>
      </trkpt>
      <trkpt lat="46.39362" lon="4.87895">
        <ele>168.1</ele>
      </trkpt>
      <trkpt lat="46.39301" lon="4.87836">
        <ele>166.4</ele>
      </trkpt>
      <trkpt lat="46.39241" lon="4.87778">
        <ele>168.2</ele>
      </trkpt>
      <trkpt lat="46.39209" lon="4.87756">
        <ele>167.9</ele>
      </trkpt>
      <trkpt lat="46.39169" lon="4.87704">
        <ele>169.8</ele>
      </trkpt>
      <trkpt lat="46.39155" lon="4.87683">
        <ele>170.5</ele>
      </trkpt>
      <trkpt lat="46.39132" lon="4.87664">
        <ele>170.1</ele>
      </trkpt>
      <trkpt lat="46.39112" lon="4.87643">
        <ele>170.1</ele>
      </trkpt>
      <trkpt lat="46.39093" lon="4.87622">
        <ele>170.6</ele>
      </trkpt>
      <trkpt lat="46.39026" lon="4.87556">
        <ele>170.6</ele>
      </trkpt>
      <trkpt lat="46.39003" lon="4.87536">
        <ele>171.1</ele>
      </trkpt>
      <trkpt lat="46.38951" lon="4.87496">
        <ele>170.1</ele>
      </trkpt>
      <trkpt lat="46.38924" lon="4.87473">
        <ele>169.4</ele>
      </trkpt>
      <trkpt lat="46.38871" lon="4.87422">
        <ele>172.1</ele>
      </trkpt>
      <trkpt lat="46.38856" lon="4.8741">
        <ele>172.4</ele>
      </trkpt>
      <trkpt lat="46.3884" lon="4.87399">
        <ele>172.3</ele>
      </trkpt>
      <trkpt lat="46.38808" lon="4.87382">
        <ele>171.3</ele>
      </trkpt>
      <trkpt lat="46.38782" lon="4.87362">
        <ele>170.8</ele>
      </trkpt>
      <trkpt lat="46.38767" lon="4.87346">
        <ele>170.9</ele>
      </trkpt>
      <trkpt lat="46.38757" lon="4.87339">
        <ele>170.9</ele>
      </trkpt>
      <trkpt lat="46.38751" lon="4.87336">
        <ele>170.9</ele>
      </trkpt>
      <trkpt lat="46.38736" lon="4.87332">
        <ele>170.4</ele>
      </trkpt>
      <trkpt lat="46.38724" lon="4.87327">
        <ele>169.9</ele>
      </trkpt>
      <trkpt lat="46.3864" lon="4.87287">
        <ele>170.9</ele>
      </trkpt>
      <trkpt lat="46.38603" lon="4.87272">
        <ele>173.1</ele>
      </trkpt>
      <trkpt lat="46.38585" lon="4.8726">
        <ele>174.9</ele>
      </trkpt>
      <trkpt lat="46.3857" lon="4.87244">
        <ele>174.6</ele>
      </trkpt>
      <trkpt lat="46.38538" lon="4.8722">
        <ele>172.1</ele>
      </trkpt>
      <trkpt lat="46.38497" lon="4.87202">
        <ele>169.8</ele>
      </trkpt>
      <trkpt lat="46.38437" lon="4.87162">
        <ele>171.2</ele>
      </trkpt>
      <trkpt lat="46.38376" lon="4.87121">
        <ele>170.6</ele>
      </trkpt>
      <trkpt lat="46.38352" lon="4.87106">
        <ele>171.7</ele>
      </trkpt>
      <trkpt lat="46.38337" lon="4.87095">
        <ele>172.9</ele>
      </trkpt>
      <trkpt lat="46.38327" lon="4.87083">
        <ele>173.5</ele>
      </trkpt>
      <trkpt lat="46.38274" lon="4.87038">
        <ele>169.9</ele>
      </trkpt>
      <trkpt lat="46.38236" lon="4.87002">
        <ele>169.4</ele>
      </trkpt>
      <trkpt lat="46.38192" lon="4.86955">
        <ele>170.3</ele>
      </trkpt>
      <trkpt lat="46.38158" lon="4.86917">
        <ele>172.4</ele>
      </trkpt>
      <trkpt lat="46.38127" lon="4.86878">
        <ele>170.8</ele>
      </trkpt>
      <trkpt lat="46.38063" lon="4.86813">
        <ele>171.0</ele>
      </trkpt>
      <trkpt lat="46.37997" lon="4.86758">
        <ele>173.1</ele>
      </trkpt>
      <trkpt lat="46.37964" lon="4.86727">
        <ele>171.5</ele>
      </trkpt>
      <trkpt lat="46.37925" lon="4.86687">
        <ele>172.3</ele>
      </trkpt>
      <trkpt lat="46.37896" lon="4.86656">
        <ele>172.3</ele>
      </trkpt>
      <trkpt lat="46.3784" lon="4.86609">
        <ele>170.6</ele>
      </trkpt>
      <trkpt lat="46.37784" lon="4.86562">
        <ele>169.9</ele>
      </trkpt>
      <trkpt lat="46.37712" lon="4.86511">
        <ele>169.4</ele>
      </trkpt>
      <trkpt lat="46.37646" lon="4.86457">
        <ele>169.2</ele>
      </trkpt>
      <trkpt lat="46.37612" lon="4.86417">
        <ele>171.6</ele>
      </trkpt>
      <trkpt lat="46.37574" lon="4.86382">
        <ele>172.6</ele>
      </trkpt>
      <trkpt lat="46.37563" lon="4.86368">
        <ele>172.1</ele>
      </trkpt>
      <trkpt lat="46.37544" lon="4.86351">
        <ele>170.9</ele>
      </trkpt>
      <trkpt lat="46.37514" lon="4.86332">
        <ele>168.5</ele>
      </trkpt>
      <trkpt lat="46.37478" lon="4.86297">
        <ele>170.3</ele>
      </trkpt>
      <trkpt lat="46.37419" lon="4.86245">
        <ele>173.3</ele>
      </trkpt>
      <trkpt lat="46.3736" lon="4.86192">
        <ele>173.3</ele>
      </trkpt>
      <trkpt lat="46.37305" lon="4.86132">
        <ele>173.2</ele>
      </trkpt>
      <trkpt lat="46.37275" lon="4.86104">
        <ele>172.3</ele>
      </trkpt>
      <trkpt lat="46.372" lon="4.86037">
        <ele>171.1</ele>
      </trkpt>
      <trkpt lat="46.37156" lon="4.85996">
        <ele>171.5</ele>
      </trkpt>
      <trkpt lat="46.37113" lon="4.85955">
        <ele>170.2</ele>
      </trkpt>
      <trkpt lat="46.37071" lon="4.85922">
        <ele>170.1</ele>
      </trkpt>
      <trkpt lat="46.37029" lon="4.8589">
        <ele>172.2</ele>
      </trkpt>
      <trkpt lat="46.36985" lon="4.85856">
        <ele>172.2</ele>
      </trkpt>
      <trkpt lat="46.36942" lon="4.85822">
        <ele>172.0</ele>
      </trkpt>
      <trkpt lat="46.36862" lon="4.85765">
        <ele>171.6</ele>
      </trkpt>
      <trkpt lat="46.36843" lon="4.85748">
        <ele>172.2</ele>
      </trkpt>
      <trkpt lat="46.36792" lon="4.85713">
        <ele>171.5</ele>
      </trkpt>
      <trkpt lat="46.3674" lon="4.85679">
        <ele>172.8</ele>
      </trkpt>
      <trkpt lat="46.36684" lon="4.85638">
        <ele>173.6</ele>
      </trkpt>
      <trkpt lat="46.36629" lon="4.85598">
        <ele>174.8</ele>
      </trkpt>
      <trkpt lat="46.36586" lon="4.85562">
        <ele>178.0</ele>
      </trkpt>
      <trkpt lat="46.36528" lon="4.85512">
        <ele>179.5</ele>
      </trkpt>
      <trkpt lat="46.36486" lon="4.85478">
        <ele>180.2</ele>
      </trkpt>
      <trkpt lat="46.36437" lon="4.85443">
        <ele>177.4</ele>
      </trkpt>
      <trkpt lat="46.36376" lon="4.85402">
        <ele>178.2</ele>
      </trkpt>
      <trkpt lat="46.36324" lon="4.85378">
        <ele>177.6</ele>
      </trkpt>
      <trkpt lat="46.36273" lon="4.85354">
        <ele>175.8</ele>
      </trkpt>
      <trkpt lat="46.36189" lon="4.85325">
        <ele>175.1</ele>
      </trkpt>
      <trkpt lat="46.36186" lon="4.85321">
        <ele>175.1</ele>
      </trkpt>
      <trkpt lat="46.36177" lon="4.85321">
        <ele>174.7</ele>
      </trkpt>
      <trkpt lat="46.36164" lon="4.85317">
        <ele>174.4</ele>
      </trkpt>
      <trkpt lat="46.36126" lon="4.85302">
        <ele>174.3</ele>
      </trkpt>
      <trkpt lat="46.36071" lon="4.85284">
        <ele>173.5</ele>
      </trkpt>
      <trkpt lat="46.36059" lon="4.85286">
        <ele>172.7</ele>
      </trkpt>
      <trkpt lat="46.36048" lon="4.85284">
        <ele>172.1</ele>
      </trkpt>
      <trkpt lat="46.35997" lon="4.85259">
        <ele>170.7</ele>
      </trkpt>
      <trkpt lat="46.35945" lon="4.85227">
        <ele>173.7</ele>
      </trkpt>
      <trkpt lat="46.35932" lon="4.85212">
        <ele>173.7</ele>
      </trkpt>
      <trkpt lat="46.35867" lon="4.85169">
        <ele>174.3</ele>
      </trkpt>
      <trkpt lat="46.35802" lon="4.85126">
        <ele>172.0</ele>
      </trkpt>
      <trkpt lat="46.35765" lon="4.85106">
        <ele>169.9</ele>
      </trkpt>
      <trkpt lat="46.357" lon="4.85067">
        <ele>168.8</ele>
      </trkpt>
      <trkpt lat="46.35637" lon="4.85034">
        <ele>169.8</ele>
      </trkpt>
      <trkpt lat="46.3559" lon="4.85017">
        <ele>171.6</ele>
      </trkpt>
      <trkpt lat="46.35543" lon="4.85">
        <ele>172.5</ele>
      </trkpt>
      <trkpt lat="46.35524" lon="4.84995">
        <ele>172.4</ele>
      </trkpt>
      <trkpt lat="46.35463" lon="4.84986">
        <ele>172.9</ele>
      </trkpt>
      <trkpt lat="46.35401" lon="4.84977">
        <ele>173.4</ele>
      </trkpt>
      <trkpt lat="46.35347" lon="4.84974">
        <ele>172.8</ele>
      </trkpt>
      <trkpt lat="46.35305" lon="4.84977">
        <ele>173.1</ele>
      </trkpt>
      <trkpt lat="46.35283" lon="4.84976">
        <ele>173.6</ele>
      </trkpt>
      <trkpt lat="46.35274" lon="4.84974">
        <ele>173.8</ele>
      </trkpt>
      <trkpt lat="46.35248" lon="4.84974">
        <ele>174.4</ele>
      </trkpt>
      <trkpt lat="46.35235" lon="4.84978">
        <ele>174.8</ele>
      </trkpt>
      <trkpt lat="46.35215" lon="4.84986">
        <ele>175.4</ele>
      </trkpt>
      <trkpt lat="46.35171" lon="4.84997">
        <ele>177.0</ele>
      </trkpt>
      <trkpt lat="46.35101" lon="4.8501">
        <ele>176.5</ele>
      </trkpt>
      <trkpt lat="46.35043" lon="4.85023">
        <ele>174.6</ele>
      </trkpt>
      <trkpt lat="46.34984" lon="4.85037">
        <ele>172.4</ele>
      </trkpt>
      <trkpt lat="46.34916" lon="4.85046">
        <ele>170.7</ele>
      </trkpt>
      <trkpt lat="46.34869" lon="4.85052">
        <ele>173.6</ele>
      </trkpt>
      <trkpt lat="46.34823" lon="4.85059">
        <ele>176.2</ele>
      </trkpt>
      <trkpt lat="46.34775" lon="4.85073">
        <ele>175.9</ele>
      </trkpt>
      <trkpt lat="46.34727" lon="4.85086">
        <ele>175.4</ele>
      </trkpt>
      <trkpt lat="46.34685" lon="4.85097">
        <ele>173.9</ele>
      </trkpt>
      <trkpt lat="46.34654" lon="4.85099">
        <ele>173.1</ele>
      </trkpt>
      <trkpt lat="46.34564" lon="4.851">
        <ele>170.5</ele>
      </trkpt>
      <trkpt lat="46.345" lon="4.85104">
        <ele>168.5</ele>
      </trkpt>
      <trkpt lat="46.34436" lon="4.85107">
        <ele>169.4</ele>
      </trkpt>
      <trkpt lat="46.3439" lon="4.85112">
        <ele>169.9</ele>
      </trkpt>
      <trkpt lat="46.34344" lon="4.85117">
        <ele>170.3</ele>
      </trkpt>
      <trkpt lat="46.34263" lon="4.85118">
        <ele>170.8</ele>
      </trkpt>
      <trkpt lat="46.34214" lon="4.85114">
        <ele>169.7</ele>
      </trkpt>
      <trkpt lat="46.34184" lon="4.8511">
        <ele>168.8</ele>
      </trkpt>
      <trkpt lat="46.34111" lon="4.85096">
        <ele>169.3</ele>
      </trkpt>
      <trkpt lat="46.34037" lon="4.85082">
        <ele>171.1</ele>
      </trkpt>
      <trkpt lat="46.33964" lon="4.85068">
        <ele>173.6</ele>
      </trkpt>
      <trkpt lat="46.33945" lon="4.85077">
        <ele>174.2</ele>
      </trkpt>
      <trkpt lat="46.33926" lon="4.85082">
        <ele>174.7</ele>
      </trkpt>
      <trkpt lat="46.33868" lon="4.85082">
        <ele>172.7</ele>
      </trkpt>
      <trkpt lat="46.33793" lon="4.85073">
        <ele>171.1</ele>
      </trkpt>
      <trkpt lat="46.33719" lon="4.85064">
        <ele>170.9</ele>
      </trkpt>
      <trkpt lat="46.3368" lon="4.8506">
        <ele>170.8</ele>
      </trkpt>
      <trkpt lat="46.33659" lon="4.85065">
        <ele>170.8</ele>
      </trkpt>
      <trkpt lat="46.33627" lon="4.85054">
        <ele>170.5</ele>
      </trkpt>
      <trkpt lat="46.33543" lon="4.85051">
        <ele>171.0</ele>
      </trkpt>
      <trkpt lat="46.33454" lon="4.85062">
        <ele>172.8</ele>
      </trkpt>
      <trkpt lat="46.33365" lon="4.85073">
        <ele>172.0</ele>
      </trkpt>
      <trkpt lat="46.3329" lon="4.85081">
        <ele>171.0</ele>
      </trkpt>
      <trkpt lat="46.33214" lon="4.8509">
        <ele>170.3</ele>
      </trkpt>
      <trkpt lat="46.33169" lon="4.85088">
        <ele>169.9</ele>
      </trkpt>
      <trkpt lat="46.33115" lon="4.85083">
        <ele>169.4</ele>
      </trkpt>
      <trkpt lat="46.33062" lon="4.85079">
        <ele>169.8</ele>
      </trkpt>
      <trkpt lat="46.3299" lon="4.85066">
        <ele>171.8</ele>
      </trkpt>
      <trkpt lat="46.32919" lon="4.85052">
        <ele>172.0</ele>
      </trkpt>
      <trkpt lat="46.32849" lon="4.85025">
        <ele>170.2</ele>
      </trkpt>
      <trkpt lat="46.32816" lon="4.84963">
        <ele>171.4</ele>
      </trkpt>
      <trkpt lat="46.32783" lon="4.84901">
        <ele>170.5</ele>
      </trkpt>
      <trkpt lat="46.32761" lon="4.84865">
        <ele>169.6</ele>
      </trkpt>
      <trkpt lat="46.32701" lon="4.84806">
        <ele>169.0</ele>
      </trkpt>
      <trkpt lat="46.32662" lon="4.84738">
        <ele>169.3</ele>
      </trkpt>
      <trkpt lat="46.32622" lon="4.84676">
        <ele>171.0</ele>
      </trkpt>
      <trkpt lat="46.32597" lon="4.84589">
        <ele>171.7</ele>
      </trkpt>
      <trkpt lat="46.32574" lon="4.845">
        <ele>171.9</ele>
      </trkpt>
      <trkpt lat="46.32549" lon="4.84504">
        <ele>171.6</ele>
      </trkpt>
      <trkpt lat="46.32544" lon="4.84502">
        <ele>171.5</ele>
      </trkpt>
      <trkpt lat="46.32541" lon="4.84502">
        <ele>171.5</ele>
      </trkpt>
      <trkpt lat="46.32539" lon="4.84503">
        <ele>171.5</ele>
      </trkpt>
      <trkpt lat="46.3253" lon="4.84503">
        <ele>171.4</ele>
      </trkpt>
      <trkpt lat="46.32531" lon="4.84499">
        <ele>171.4</ele>
      </trkpt>
      <trkpt lat="46.3253" lon="4.84494">
        <ele>171.4</ele>
      </trkpt>
      <trkpt lat="46.32448" lon="4.84489">
        <ele>172.2</ele>
      </trkpt>
      <trkpt lat="46.32365" lon="4.84484">
        <ele>172.3</ele>
      </trkpt>
      <trkpt lat="46.32283" lon="4.84479">
        <ele>171.5</ele>
      </trkpt>
      <trkpt lat="46.32216" lon="4.84479">
        <ele>171.8</ele>
      </trkpt>
      <trkpt lat="46.32173" lon="4.84485">
        <ele>172.3</ele>
      </trkpt>
      <trkpt lat="46.32162" lon="4.84489">
        <ele>172.3</ele>
      </trkpt>
      <trkpt lat="46.32159" lon="4.84493">
        <ele>172.2</ele>
      </trkpt>
      <trkpt lat="46.32159" lon="4.84499">
        <ele>172.1</ele>
      </trkpt>
      <trkpt lat="46.32158" lon="4.84502">
        <ele>172.1</ele>
      </trkpt>
      <trkpt lat="46.32144" lon="4.8452">
        <ele>172.9</ele>
      </trkpt>
      <trkpt lat="46.32135" lon="4.84536">
        <ele>173.8</ele>
      </trkpt>
      <trkpt lat="46.32127" lon="4.84555">
        <ele>175.0</ele>
      </trkpt>
      <trkpt lat="46.32117" lon="4.84586">
        <ele>177.0</ele>
      </trkpt>
      <trkpt lat="46.32053" lon="4.84536">
        <ele>175.2</ele>
      </trkpt>
      <trkpt lat="46.31989" lon="4.84486">
        <ele>176.6</ele>
      </trkpt>
      <trkpt lat="46.31926" lon="4.84437">
        <ele>172.5</ele>
      </trkpt>
      <trkpt lat="46.31854" lon="4.84366">
        <ele>171.5</ele>
      </trkpt>
      <trkpt lat="46.31783" lon="4.84296">
        <ele>171.4</ele>
      </trkpt>
      <trkpt lat="46.31712" lon="4.84226">
        <ele>170.9</ele>
      </trkpt>
      <trkpt lat="46.31699" lon="4.84215">
        <ele>170.6</ele>
      </trkpt>
      <trkpt lat="46.31659" lon="4.84181">
        <ele>172.1</ele>
      </trkpt>
      <trkpt lat="46.31616" lon="4.84155">
        <ele>175.7</ele>
      </trkpt>
      <trkpt lat="46.31559" lon="4.84123">
        <ele>175.4</ele>
      </trkpt>
      <trkpt lat="46.31516" lon="4.84095">
        <ele>178.2</ele>
      </trkpt>
      <trkpt lat="46.31472" lon="4.84068">
        <ele>176.2</ele>
      </trkpt>
      <trkpt lat="46.31413" lon="4.84023">
        <ele>174.6</ele>
      </trkpt>
      <trkpt lat="46.31396" lon="4.84008">
        <ele>174.5</ele>
      </trkpt>
      <trkpt lat="46.3135" lon="4.83991">
        <ele>170.1</ele>
      </trkpt>
      <trkpt lat="46.31336" lon="4.83997">
        <ele>167.8</ele>
      </trkpt>
      <trkpt lat="46.31304" lon="4.83986">
        <ele>168.8</ele>
      </trkpt>
      <trkpt lat="46.31277" lon="4.83972">
        <ele>170.6</ele>
      </trkpt>
      <trkpt lat="46.31228" lon="4.83935">
        <ele>173.3</ele>
      </trkpt>
      <trkpt lat="46.31179" lon="4.83899">
        <ele>170.4</ele>
      </trkpt>
      <trkpt lat="46.31135" lon="4.83861">
        <ele>171.1</ele>
      </trkpt>
      <trkpt lat="46.31109" lon="4.8385">
        <ele>169.4</ele>
      </trkpt>
      <trkpt lat="46.31051" lon="4.83827">
        <ele>167.5</ele>
      </trkpt>
      <trkpt lat="46.30992" lon="4.83805">
        <ele>170.1</ele>
      </trkpt>
      <trkpt lat="46.3098" lon="4.838">
        <ele>170.6</ele>
      </trkpt>
      <trkpt lat="46.30962" lon="4.83805">
        <ele>170.1</ele>
      </trkpt>
      <trkpt lat="46.3092" lon="4.83789">
        <ele>171.8</ele>
      </trkpt>
      <trkpt lat="46.30903" lon="4.8377">
        <ele>173.5</ele>
      </trkpt>
      <trkpt lat="46.30895" lon="4.83767">
        <ele>173.7</ele>
      </trkpt>
      <trkpt lat="46.30848" lon="4.83749">
        <ele>174.4</ele>
      </trkpt>
      <trkpt lat="46.30801" lon="4.83732">
        <ele>172.9</ele>
      </trkpt>
      <trkpt lat="46.30775" lon="4.8372">
        <ele>172.4</ele>
      </trkpt>
      <trkpt lat="46.30727" lon="4.83703">
        <ele>173.6</ele>
      </trkpt>
      <trkpt lat="46.30725" lon="4.83707">
        <ele>173.1</ele>
      </trkpt>
      <trkpt lat="46.30679" lon="4.83689">
        <ele>176.9</ele>
      </trkpt>
      <trkpt lat="46.30632" lon="4.83671">
        <ele>174.8</ele>
      </trkpt>
      <trkpt lat="46.30607" lon="4.8366">
        <ele>171.9</ele>
      </trkpt>
      <trkpt lat="46.30562" lon="4.83621">
        <ele>173.1</ele>
      </trkpt>
      <trkpt lat="46.30517" lon="4.83583">
        <ele>170.0</ele>
      </trkpt>
      <trkpt lat="46.30501" lon="4.83567">
        <ele>169.0</ele>
      </trkpt>
      <trkpt lat="46.30459" lon="4.83531">
        <ele>172.9</ele>
      </trkpt>
      <trkpt lat="46.30416" lon="4.83495">
        <ele>176.1</ele>
      </trkpt>
      <trkpt lat="46.3039" lon="4.83473">
        <ele>174.4</ele>
      </trkpt>
      <trkpt lat="46.30345" lon="4.83437">
        <ele>173.7</ele>
      </trkpt>
      <trkpt lat="46.30301" lon="4.83401">
        <ele>172.7</ele>
      </trkpt>
      <trkpt lat="46.30238" lon="4.83345">
        <ele>174.3</ele>
      </trkpt>
      <trkpt lat="46.30176" lon="4.8329">
        <ele>171.8</ele>
      </trkpt>
      <trkpt lat="46.30171" lon="4.83289">
        <ele>171.6</ele>
      </trkpt>
      <trkpt lat="46.30157" lon="4.83288">
        <ele>171.8</ele>
      </trkpt>
      <trkpt lat="46.30154" lon="4.83287">
        <ele>172.0</ele>
      </trkpt>
      <trkpt lat="46.30145" lon="4.8328">
        <ele>173.2</ele>
      </trkpt>
      <trkpt lat="46.30104" lon="4.83244">
        <ele>179.2</ele>
      </trkpt>
      <trkpt lat="46.30063" lon="4.83209">
        <ele>176.6</ele>
      </trkpt>
      <trkpt lat="46.29987" lon="4.83168">
        <ele>177.2</ele>
      </trkpt>
      <trkpt lat="46.29911" lon="4.83126">
        <ele>177.1</ele>
      </trkpt>
      <trkpt lat="46.29905" lon="4.83109">
        <ele>176.3</ele>
      </trkpt>
      <trkpt lat="46.29854" lon="4.83084">
        <ele>175.2</ele>
      </trkpt>
      <trkpt lat="46.29803" lon="4.83058">
        <ele>174.5</ele>
      </trkpt>
      <trkpt lat="46.29801" lon="4.83066">
        <ele>174.2</ele>
      </trkpt>
      <trkpt lat="46.29798" lon="4.83072">
        <ele>174.0</ele>
      </trkpt>
      <trkpt lat="46.29795" lon="4.83075">
        <ele>173.8</ele>
      </trkpt>
      <trkpt lat="46.29791" lon="4.83075">
        <ele>173.7</ele>
      </trkpt>
      <trkpt lat="46.2977" lon="4.83068">
        <ele>173.1</ele>
      </trkpt>
      <trkpt lat="46.29761" lon="4.8307">
        <ele>172.7</ele>
      </trkpt>
      <trkpt lat="46.29754" lon="4.8307">
        <ele>172.5</ele>
      </trkpt>
      <trkpt lat="46.29737" lon="4.83061">
        <ele>172.0</ele>
      </trkpt>
      <trkpt lat="46.29725" lon="4.83051">
        <ele>172.1</ele>
      </trkpt>
      <trkpt lat="46.29717" lon="4.83047">
        <ele>172.1</ele>
      </trkpt>
      <trkpt lat="46.29701" lon="4.83041">
        <ele>172.2</ele>
      </trkpt>
      <trkpt lat="46.29693" lon="4.83036">
        <ele>172.4</ele>
      </trkpt>
      <trkpt lat="46.2969" lon="4.8303">
        <ele>172.9</ele>
      </trkpt>
      <trkpt lat="46.29689" lon="4.83022">
        <ele>173.6</ele>
      </trkpt>
      <trkpt lat="46.29691" lon="4.83009">
        <ele>174.7</ele>
      </trkpt>
      <trkpt lat="46.29721" lon="4.83022">
        <ele>173.5</ele>
      </trkpt>
      <trkpt lat="46.2974" lon="4.83029">
        <ele>173.2</ele>
      </trkpt>
      <trkpt lat="46.29743" lon="4.83031">
        <ele>173.2</ele>
      </trkpt>
      <trkpt lat="46.29746" lon="4.83036">
        <ele>173.1</ele>
      </trkpt>
      <trkpt lat="46.29748" lon="4.8304">
        <ele>173.0</ele>
      </trkpt>
      <trkpt lat="46.29748" lon="4.83051">
        <ele>172.7</ele>
      </trkpt>
      <trkpt lat="46.29747" lon="4.83063">
        <ele>172.3</ele>
      </trkpt>
      <trkpt lat="46.29738" lon="4.83157">
        <ele>167.5</ele>
      </trkpt>
      <trkpt lat="46.2973" lon="4.8325">
        <ele>167.0</ele>
      </trkpt>
      <trkpt lat="46.29722" lon="4.83344">
        <ele>169.2</ele>
      </trkpt>
      <trkpt lat="46.29715" lon="4.834">
        <ele>170.0</ele>
      </trkpt>
      <trkpt lat="46.29709" lon="4.83403">
        <ele>170.0</ele>
      </trkpt>
      <trkpt lat="46.29704" lon="4.83409">
        <ele>169.9</ele>
      </trkpt>
      <trkpt lat="46.297" lon="4.83418">
        <ele>169.8</ele>
      </trkpt>
      <trkpt lat="46.29698" lon="4.83429">
        <ele>169.7</ele>
      </trkpt>
      <trkpt lat="46.2969" lon="4.83435">
        <ele>169.6</ele>
      </trkpt>
      <trkpt lat="46.29651" lon="4.83453">
        <ele>169.6</ele>
      </trkpt>
      <trkpt lat="46.29623" lon="4.83462">
        <ele>170.1</ele>
      </trkpt>
      <trkpt lat="46.29613" lon="4.83459">
        <ele>170.2</ele>
      </trkpt>
      <trkpt lat="46.29601" lon="4.83463">
        <ele>170.3</ele>
      </trkpt>
      <trkpt lat="46.29559" lon="4.83477">
        <ele>170.9</ele>
      </trkpt>
      <trkpt lat="46.29521" lon="4.83493">
        <ele>171.5</ele>
      </trkpt>
      <trkpt lat="46.29497" lon="4.83507">
        <ele>171.9</ele>
      </trkpt>
      <trkpt lat="46.29477" lon="4.83521">
        <ele>171.8</ele>
      </trkpt>
      <trkpt lat="46.29434" lon="4.83557">
        <ele>171.9</ele>
      </trkpt>
      <trkpt lat="46.29377" lon="4.83603">
        <ele>172.6</ele>
      </trkpt>
      <trkpt lat="46.29321" lon="4.8365">
        <ele>172.6</ele>
      </trkpt>
      <trkpt lat="46.29274" lon="4.83687">
        <ele>171.3</ele>
      </trkpt>
      <trkpt lat="46.29241" lon="4.8371">
        <ele>170.4</ele>
      </trkpt>
      <trkpt lat="46.29215" lon="4.8372">
        <ele>170.1</ele>
      </trkpt>
      <trkpt lat="46.29184" lon="4.83725">
        <ele>169.7</ele>
      </trkpt>
      <trkpt lat="46.2916" lon="4.83724">
        <ele>169.6</ele>
      </trkpt>
      <trkpt lat="46.29145" lon="4.83721">
        <ele>169.4</ele>
      </trkpt>
      <trkpt lat="46.2913" lon="4.83715">
        <ele>169.3</ele>
      </trkpt>
      <trkpt lat="46.29101" lon="4.837">
        <ele>168.8</ele>
      </trkpt>
      <trkpt lat="46.29084" lon="4.83684">
        <ele>168.2</ele>
      </trkpt>
      <trkpt lat="46.29075" lon="4.83676">
        <ele>168.2</ele>
      </trkpt>
      <trkpt lat="46.29059" lon="4.83656">
        <ele>168.6</ele>
      </trkpt>
      <trkpt lat="46.29042" lon="4.83629">
        <ele>169.2</ele>
      </trkpt>
      <trkpt lat="46.29034" lon="4.83613">
        <ele>169.4</ele>
      </trkpt>
      <trkpt lat="46.29026" lon="4.83594">
        <ele>169.5</ele>
      </trkpt>
      <trkpt lat="46.29017" lon="4.83569">
        <ele>169.5</ele>
      </trkpt>
      <trkpt lat="46.28983" lon="4.83456">
        <ele>168.7</ele>
      </trkpt>
      <trkpt lat="46.28949" lon="4.83344">
        <ele>166.9</ele>
      </trkpt>
      <trkpt lat="46.28942" lon="4.83326">
        <ele>166.8</ele>
      </trkpt>
      <trkpt lat="46.28928" lon="4.83296">
        <ele>167.5</ele>
      </trkpt>
      <trkpt lat="46.28899" lon="4.83245">
        <ele>169.1</ele>
      </trkpt>
      <trkpt lat="46.28892" lon="4.83233">
        <ele>169.1</ele>
      </trkpt>
      <trkpt lat="46.28887" lon="4.83227">
        <ele>169.2</ele>
      </trkpt>
      <trkpt lat="46.28881" lon="4.8324">
        <ele>169.4</ele>
      </trkpt>
      <trkpt lat="46.28861" lon="4.83221">
        <ele>169.9</ele>
      </trkpt>
      <trkpt lat="46.28843" lon="4.83207">
        <ele>170.7</ele>
      </trkpt>
      <trkpt lat="46.2883" lon="4.832">
        <ele>171.2</ele>
      </trkpt>
      <trkpt lat="46.28777" lon="4.83179">
        <ele>171.1</ele>
      </trkpt>
      <trkpt lat="46.28724" lon="4.83159">
        <ele>170.8</ele>
      </trkpt>
      <trkpt lat="46.28682" lon="4.83141">
        <ele>171.5</ele>
      </trkpt>
      <trkpt lat="46.28667" lon="4.83131">
        <ele>172.3</ele>
      </trkpt>
      <trkpt lat="46.28651" lon="4.83119">
        <ele>172.7</ele>
      </trkpt>
      <trkpt lat="46.28618" lon="4.83083">
        <ele>173.4</ele>
      </trkpt>
      <trkpt lat="46.28603" lon="4.83072">
        <ele>172.4</ele>
      </trkpt>
      <trkpt lat="46.28588" lon="4.83064">
        <ele>171.6</ele>
      </trkpt>
      <trkpt lat="46.28575" lon="4.8306">
        <ele>171.2</ele>
      </trkpt>
      <trkpt lat="46.28556" lon="4.83057">
        <ele>170.7</ele>
      </trkpt>
      <trkpt lat="46.28547" lon="4.83057">
        <ele>170.5</ele>
      </trkpt>
      <trkpt lat="46.28498" lon="4.83063">
        <ele>170.0</ele>
      </trkpt>
      <trkpt lat="46.28461" lon="4.83062">
        <ele>170.1</ele>
      </trkpt>
      <trkpt lat="46.28386" lon="4.83037">
        <ele>169.6</ele>
      </trkpt>
      <trkpt lat="46.2831" lon="4.83013">
        <ele>168.3</ele>
      </trkpt>
      <trkpt lat="46.28234" lon="4.82989">
        <ele>168.3</ele>
      </trkpt>
      <trkpt lat="46.28173" lon="4.82975">
        <ele>168.1</ele>
      </trkpt>
      <trkpt lat="46.28113" lon="4.82962">
        <ele>169.2</ele>
      </trkpt>
      <trkpt lat="46.28052" lon="4.82948">
        <ele>170.5</ele>
      </trkpt>
      <trkpt lat="46.27985" lon="4.82934">
        <ele>170.9</ele>
      </trkpt>
      <trkpt lat="46.27918" lon="4.82921">
        <ele>169.0</ele>
      </trkpt>
      <trkpt lat="46.27851" lon="4.82907">
        <ele>171.4</ele>
      </trkpt>
      <trkpt lat="46.27784" lon="4.82893">
        <ele>172.3</ele>
      </trkpt>
      <trkpt lat="46.27765" lon="4.82888">
        <ele>172.3</ele>
      </trkpt>
      <trkpt lat="46.27758" lon="4.82891">
        <ele>172.3</ele>
      </trkpt>
      <trkpt lat="46.27739" lon="4.82912">
        <ele>172.9</ele>
      </trkpt>
      <trkpt lat="46.27734" lon="4.82903">
        <ele>172.7</ele>
      </trkpt>
      <trkpt lat="46.27724" lon="4.82893">
        <ele>172.5</ele>
      </trkpt>
      <trkpt lat="46.27719" lon="4.82889">
        <ele>172.5</ele>
      </trkpt>
      <trkpt lat="46.2771" lon="4.82886">
        <ele>172.4</ele>
      </trkpt>
      <trkpt lat="46.27697" lon="4.82884">
        <ele>172.5</ele>
      </trkpt>
      <trkpt lat="46.27678" lon="4.82879">
        <ele>172.5</ele>
      </trkpt>
      <trkpt lat="46.27643" lon="4.82864">
        <ele>172.3</ele>
      </trkpt>
      <trkpt lat="46.27622" lon="4.82856">
        <ele>172.1</ele>
      </trkpt>
      <trkpt lat="46.27591" lon="4.8284">
        <ele>172.0</ele>
      </trkpt>
      <trkpt lat="46.27557" lon="4.82821">
        <ele>170.5</ele>
      </trkpt>
      <trkpt lat="46.27532" lon="4.82804">
        <ele>169.0</ele>
      </trkpt>
      <trkpt lat="46.27517" lon="4.82787">
        <ele>168.2</ele>
      </trkpt>
      <trkpt lat="46.27496" lon="4.82776">
        <ele>167.7</ele>
      </trkpt>
      <trkpt lat="46.27483" lon="4.82764">
        <ele>167.5</ele>
      </trkpt>
      <trkpt lat="46.27461" lon="4.82741">
        <ele>167.4</ele>
      </trkpt>
      <trkpt lat="46.27452" lon="4.82733">
        <ele>167.5</ele>
      </trkpt>
      <trkpt lat="46.2744" lon="4.82719">
        <ele>167.5</ele>
      </trkpt>
      <trkpt lat="46.27375" lon="4.82683">
        <ele>167.2</ele>
      </trkpt>
      <trkpt lat="46.27332" lon="4.82673">
        <ele>167.1</ele>
      </trkpt>
      <trkpt lat="46.27313" lon="4.82665">
        <ele>166.8</ele>
      </trkpt>
      <trkpt lat="46.27259" lon="4.82624">
        <ele>168.4</ele>
      </trkpt>
      <trkpt lat="46.27205" lon="4.82583">
        <ele>171.0</ele>
      </trkpt>
      <trkpt lat="46.27182" lon="4.82561">
        <ele>169.9</ele>
      </trkpt>
      <trkpt lat="46.27136" lon="4.82513">
        <ele>167.5</ele>
      </trkpt>
      <trkpt lat="46.27102" lon="4.8248">
        <ele>167.0</ele>
      </trkpt>
      <trkpt lat="46.27046" lon="4.82443">
        <ele>167.3</ele>
      </trkpt>
      <trkpt lat="46.26974" lon="4.82388">
        <ele>168.2</ele>
      </trkpt>
      <trkpt lat="46.26905" lon="4.82327">
        <ele>167.5</ele>
      </trkpt>
      <trkpt lat="46.26859" lon="4.82282">
        <ele>168.1</ele>
      </trkpt>
      <trkpt lat="46.26812" lon="4.82236">
        <ele>167.4</ele>
      </trkpt>
      <trkpt lat="46.2675" lon="4.82164">
        <ele>167.0</ele>
      </trkpt>
      <trkpt lat="46.26689" lon="4.82091">
        <ele>167.2</ele>
      </trkpt>
      <trkpt lat="46.26655" lon="4.82056">
        <ele>167.4</ele>
      </trkpt>
      <trkpt lat="46.26593" lon="4.81975">
        <ele>167.0</ele>
      </trkpt>
      <trkpt lat="46.26531" lon="4.81895">
        <ele>168.4</ele>
      </trkpt>
      <trkpt lat="46.26469" lon="4.81814">
        <ele>167.6</ele>
      </trkpt>
      <trkpt lat="46.26425" lon="4.81884">
        <ele>169.0</ele>
      </trkpt>
      <trkpt lat="46.26381" lon="4.81954">
        <ele>167.5</ele>
      </trkpt>
      <trkpt lat="46.26347" lon="4.81927">
        <ele>166.7</ele>
      </trkpt>
      <trkpt lat="46.26328" lon="4.81918">
        <ele>166.4</ele>
      </trkpt>
      <trkpt lat="46.26314" lon="4.81916">
        <ele>167.1</ele>
      </trkpt>
      <trkpt lat="46.26289" lon="4.81917">
        <ele>168.7</ele>
      </trkpt>
      <trkpt lat="46.2628" lon="4.81914">
        <ele>169.2</ele>
      </trkpt>
      <trkpt lat="46.26271" lon="4.81907">
        <ele>169.5</ele>
      </trkpt>
      <trkpt lat="46.26264" lon="4.81897">
        <ele>169.7</ele>
      </trkpt>
      <trkpt lat="46.26255" lon="4.81879">
        <ele>169.8</ele>
      </trkpt>
      <trkpt lat="46.26249" lon="4.81855">
        <ele>169.6</ele>
      </trkpt>
      <trkpt lat="46.2623" lon="4.81754">
        <ele>169.5</ele>
      </trkpt>
      <trkpt lat="46.26222" lon="4.8174">
        <ele>170.1</ele>
      </trkpt>
      <trkpt lat="46.26202" lon="4.81711">
        <ele>171.1</ele>
      </trkpt>
      <trkpt lat="46.26191" lon="4.81702">
        <ele>171.3</ele>
      </trkpt>
      <trkpt lat="46.26186" lon="4.81699">
        <ele>171.5</ele>
      </trkpt>
      <trkpt lat="46.26177" lon="4.81697">
        <ele>171.8</ele>
      </trkpt>
      <trkpt lat="46.26172" lon="4.81674">
        <ele>171.2</ele>
      </trkpt>
      <trkpt lat="46.26169" lon="4.81667">
        <ele>171.0</ele>
      </trkpt>
      <trkpt lat="46.26139" lon="4.81616">
        <ele>170.7</ele>
      </trkpt>
      <trkpt lat="46.26108" lon="4.81565">
        <ele>169.3</ele>
      </trkpt>
      <trkpt lat="46.26065" lon="4.81496">
        <ele>166.2</ele>
      </trkpt>
      <trkpt lat="46.26021" lon="4.81426">
        <ele>169.2</ele>
      </trkpt>
      <trkpt lat="46.25998" lon="4.81393">
        <ele>169.2</ele>
      </trkpt>
      <trkpt lat="46.25972" lon="4.81365">
        <ele>168.8</ele>
      </trkpt>
      <trkpt lat="46.25969" lon="4.81374">
        <ele>169.2</ele>
      </trkpt>
      <trkpt lat="46.25966" lon="4.81382">
        <ele>169.6</ele>
      </trkpt>
      <trkpt lat="46.25952" lon="4.81448">
        <ele>171.4</ele>
      </trkpt>
      <trkpt lat="46.25933" lon="4.81546">
        <ele>172.5</ele>
      </trkpt>
      <trkpt lat="46.25913" lon="4.81644">
        <ele>172.8</ele>
      </trkpt>
      <trkpt lat="46.25894" lon="4.81743">
        <ele>170.2</ele>
      </trkpt>
      <trkpt lat="46.25892" lon="4.81748">
        <ele>170.0</ele>
      </trkpt>
      <trkpt lat="46.25888" lon="4.81752">
        <ele>170.0</ele>
      </trkpt>
      <trkpt lat="46.25882" lon="4.81754">
        <ele>170.0</ele>
      </trkpt>
      <trkpt lat="46.25812" lon="4.81729">
        <ele>169.2</ele>
      </trkpt>
      <trkpt lat="46.25779" lon="4.81711">
        <ele>168.5</ele>
      </trkpt>
      <trkpt lat="46.2577" lon="4.81709">
        <ele>168.3</ele>
      </trkpt>
      <trkpt lat="46.25764" lon="4.8171">
        <ele>168.2</ele>
      </trkpt>
      <trkpt lat="46.25758" lon="4.81718">
        <ele>167.9</ele>
      </trkpt>
      <trkpt lat="46.25752" lon="4.81757">
        <ele>167.2</ele>
      </trkpt>
      <trkpt lat="46.25746" lon="4.81783">
        <ele>167.7</ele>
      </trkpt>
      <trkpt lat="46.25724" lon="4.8187">
        <ele>169.5</ele>
      </trkpt>
      <trkpt lat="46.25718" lon="4.81892">
        <ele>170.2</ele>
      </trkpt>
      <trkpt lat="46.2571" lon="4.81917">
        <ele>171.0</ele>
      </trkpt>
      <trkpt lat="46.25705" lon="4.81925">
        <ele>170.9</ele>
      </trkpt>
      <trkpt lat="46.25697" lon="4.8193">
        <ele>170.9</ele>
      </trkpt>
      <trkpt lat="46.25688" lon="4.81927">
        <ele>170.9</ele>
      </trkpt>
      <trkpt lat="46.25665" lon="4.81915">
        <ele>170.8</ele>
      </trkpt>
      <trkpt lat="46.25605" lon="4.81899">
        <ele>167.2</ele>
      </trkpt>
      <trkpt lat="46.25597" lon="4.81894">
        <ele>166.5</ele>
      </trkpt>
      <trkpt lat="46.25578" lon="4.81872">
        <ele>165.1</ele>
      </trkpt>
      <trkpt lat="46.25523" lon="4.81843">
        <ele>166.7</ele>
      </trkpt>
      <trkpt lat="46.25468" lon="4.81814">
        <ele>168.1</ele>
      </trkpt>
      <trkpt lat="46.25464" lon="4.81809">
        <ele>168.0</ele>
      </trkpt>
      <trkpt lat="46.25461" lon="4.81804">
        <ele>168.0</ele>
      </trkpt>
      <trkpt lat="46.25459" lon="4.81796">
        <ele>167.8</ele>
      </trkpt>
      <trkpt lat="46.25459" lon="4.8179">
        <ele>167.7</ele>
      </trkpt>
      <trkpt lat="46.25462" lon="4.81769">
        <ele>167.3</ele>
      </trkpt>
      <trkpt lat="46.25481" lon="4.81695">
        <ele>165.5</ele>
      </trkpt>
      <trkpt lat="46.255" lon="4.81622">
        <ele>167.7</ele>
      </trkpt>
      <trkpt lat="46.25499" lon="4.81614">
        <ele>168.1</ele>
      </trkpt>
      <trkpt lat="46.25496" lon="4.81611">
        <ele>168.1</ele>
      </trkpt>
      <trkpt lat="46.2543" lon="4.81603">
        <ele>164.1</ele>
      </trkpt>
      <trkpt lat="46.25364" lon="4.81595">
        <ele>168.6</ele>
      </trkpt>
      <trkpt lat="46.25354" lon="4.81594">
        <ele>169.6</ele>
      </trkpt>
      <trkpt lat="46.25349" lon="4.81597">
        <ele>170.1</ele>
      </trkpt>
      <trkpt lat="46.25344" lon="4.81602">
        <ele>170.5</ele>
      </trkpt>
      <trkpt lat="46.25325" lon="4.81678">
        <ele>169.5</ele>
      </trkpt>
      <trkpt lat="46.25306" lon="4.81755">
        <ele>170.0</ele>
      </trkpt>
      <trkpt lat="46.25306" lon="4.81773">
        <ele>170.1</ele>
      </trkpt>
      <trkpt lat="46.2531" lon="4.81782">
        <ele>169.9</ele>
      </trkpt>
      <trkpt lat="46.25328" lon="4.81802">
        <ele>169.2</ele>
      </trkpt>
      <trkpt lat="46.2533" lon="4.81811">
        <ele>169.1</ele>
      </trkpt>
      <trkpt lat="46.2533" lon="4.81822">
        <ele>169.2</ele>
      </trkpt>
      <trkpt lat="46.25315" lon="4.81915">
        <ele>172.1</ele>
      </trkpt>
      <trkpt lat="46.253" lon="4.82008">
        <ele>169.0</ele>
      </trkpt>
      <trkpt lat="46.25297" lon="4.82013">
        <ele>168.6</ele>
      </trkpt>
      <trkpt lat="46.25295" lon="4.82015">
        <ele>168.4</ele>
      </trkpt>
      <trkpt lat="46.2529" lon="4.82016">
        <ele>168.2</ele>
      </trkpt>
      <trkpt lat="46.25214" lon="4.81988">
        <ele>166.2</ele>
      </trkpt>
      <trkpt lat="46.25138" lon="4.8196">
        <ele>166.2</ele>
      </trkpt>
      <trkpt lat="46.25062" lon="4.81932">
        <ele>168.6</ele>
      </trkpt>
      <trkpt lat="46.24986" lon="4.81904">
        <ele>171.3</ele>
      </trkpt>
      <trkpt lat="46.24982" lon="4.81902">
        <ele>170.8</ele>
      </trkpt>
      <trkpt lat="46.24958" lon="4.81892">
        <ele>168.6</ele>
      </trkpt>
      <trkpt lat="46.24949" lon="4.81886">
        <ele>167.7</ele>
      </trkpt>
      <trkpt lat="46.24975" lon="4.81813">
        <ele>169.1</ele>
      </trkpt>
      <trkpt lat="46.25001" lon="4.81739">
        <ele>176.1</ele>
      </trkpt>
      <trkpt lat="46.25005" lon="4.81724">
        <ele>174.7</ele>
      </trkpt>
      <trkpt lat="46.24981" lon="4.81719">
        <ele>172.4</ele>
      </trkpt>
      <trkpt lat="46.24897" lon="4.817">
        <ele>166.4</ele>
      </trkpt>
      <trkpt lat="46.24861" lon="4.81688">
        <ele>167.8</ele>
      </trkpt>
      <trkpt lat="46.24825" lon="4.81668">
        <ele>168.5</ele>
      </trkpt>
      <trkpt lat="46.24803" lon="4.81642">
        <ele>169.2</ele>
      </trkpt>
      <trkpt lat="46.24766" lon="4.81586">
        <ele>170.3</ele>
      </trkpt>
      <trkpt lat="46.24758" lon="4.81579">
        <ele>170.6</ele>
      </trkpt>
      <trkpt lat="46.24748" lon="4.81576">
        <ele>170.8</ele>
      </trkpt>
      <trkpt lat="46.24732" lon="4.81572">
        <ele>170.9</ele>
      </trkpt>
      <trkpt lat="46.24665" lon="4.81552">
        <ele>171.3</ele>
      </trkpt>
      <trkpt lat="46.24611" lon="4.81543">
        <ele>171.7</ele>
      </trkpt>
      <trkpt lat="46.24566" lon="4.81536">
        <ele>172.0</ele>
      </trkpt>
      <trkpt lat="46.24533" lon="4.81538">
        <ele>171.9</ele>
      </trkpt>
      <trkpt lat="46.24498" lon="4.81537">
        <ele>171.9</ele>
      </trkpt>
      <trkpt lat="46.24475" lon="4.81536">
        <ele>171.7</ele>
      </trkpt>
      <trkpt lat="46.24455" lon="4.81539">
        <ele>171.7</ele>
      </trkpt>
      <trkpt lat="46.24447" lon="4.81542">
        <ele>171.7</ele>
      </trkpt>
      <trkpt lat="46.24434" lon="4.81548">
        <ele>171.7</ele>
      </trkpt>
      <trkpt lat="46.24399" lon="4.81552">
        <ele>171.9</ele>
      </trkpt>
      <trkpt lat="46.24382" lon="4.81553">
        <ele>172.2</ele>
      </trkpt>
      <trkpt lat="46.24357" lon="4.81551">
        <ele>172.5</ele>
      </trkpt>
      <trkpt lat="46.24325" lon="4.81546">
        <ele>172.3</ele>
      </trkpt>
      <trkpt lat="46.24299" lon="4.81526">
        <ele>170.6</ele>
      </trkpt>
      <trkpt lat="46.24242" lon="4.8147">
        <ele>168.4</ele>
      </trkpt>
      <trkpt lat="46.24185" lon="4.81413">
        <ele>169.0</ele>
      </trkpt>
      <trkpt lat="46.24128" lon="4.81356">
        <ele>169.6</ele>
      </trkpt>
      <trkpt lat="46.24072" lon="4.81297">
        <ele>170.1</ele>
      </trkpt>
      <trkpt lat="46.2406" lon="4.81283">
        <ele>170.1</ele>
      </trkpt>
      <trkpt lat="46.24052" lon="4.81269">
        <ele>170.1</ele>
      </trkpt>
      <trkpt lat="46.24045" lon="4.81254">
        <ele>170.0</ele>
      </trkpt>
      <trkpt lat="46.24039" lon="4.81238">
        <ele>170.0</ele>
      </trkpt>
      <trkpt lat="46.24035" lon="4.8121">
        <ele>170.1</ele>
      </trkpt>
      <trkpt lat="46.24036" lon="4.81182">
        <ele>170.1</ele>
      </trkpt>
      <trkpt lat="46.24039" lon="4.81133">
        <ele>170.5</ele>
      </trkpt>
      <trkpt lat="46.24036" lon="4.81124">
        <ele>170.7</ele>
      </trkpt>
      <trkpt lat="46.24031" lon="4.81119">
        <ele>170.8</ele>
      </trkpt>
      <trkpt lat="46.2402" lon="4.81117">
        <ele>171.1</ele>
      </trkpt>
      <trkpt lat="46.24002" lon="4.81106">
        <ele>171.7</ele>
      </trkpt>
      <trkpt lat="46.2398" lon="4.81103">
        <ele>171.5</ele>
      </trkpt>
      <trkpt lat="46.23925" lon="4.81087">
        <ele>171.0</ele>
      </trkpt>
      <trkpt lat="46.23859" lon="4.81074">
        <ele>169.9</ele>
      </trkpt>
      <trkpt lat="46.2378" lon="4.81044">
        <ele>168.6</ele>
      </trkpt>
      <trkpt lat="46.23708" lon="4.81007">
        <ele>165.8</ele>
      </trkpt>
      <trkpt lat="46.23654" lon="4.80971">
        <ele>165.3</ele>
      </trkpt>
      <trkpt lat="46.23601" lon="4.80936">
        <ele>166.9</ele>
      </trkpt>
      <trkpt lat="46.23532" lon="4.80875">
        <ele>167.9</ele>
      </trkpt>
      <trkpt lat="46.23525" lon="4.80869">
        <ele>167.9</ele>
      </trkpt>
      <trkpt lat="46.23482" lon="4.80833">
        <ele>167.2</ele>
      </trkpt>
      <trkpt lat="46.23448" lon="4.80798">
        <ele>167.6</ele>
      </trkpt>
      <trkpt lat="46.23398" lon="4.80748">
        <ele>168.8</ele>
      </trkpt>
      <trkpt lat="46.23349" lon="4.80698">
        <ele>168.6</ele>
      </trkpt>
      <trkpt lat="46.23313" lon="4.80657">
        <ele>167.9</ele>
      </trkpt>
      <trkpt lat="46.23264" lon="4.80596">
        <ele>169.6</ele>
      </trkpt>
      <trkpt lat="46.23214" lon="4.80534">
        <ele>168.6</ele>
      </trkpt>
      <trkpt lat="46.23164" lon="4.80473">
        <ele>168.4</ele>
      </trkpt>
      <trkpt lat="46.23117" lon="4.80422">
        <ele>168.8</ele>
      </trkpt>
      <trkpt lat="46.23069" lon="4.80371">
        <ele>169.6</ele>
      </trkpt>
      <trkpt lat="46.23051" lon="4.8035">
        <ele>169.8</ele>
      </trkpt>
      <trkpt lat="46.23024" lon="4.80324">
        <ele>170.4</ele>
      </trkpt>
      <trkpt lat="46.22986" lon="4.80293">
        <ele>171.5</ele>
      </trkpt>
      <trkpt lat="46.22953" lon="4.80269">
        <ele>171.8</ele>
      </trkpt>
      <trkpt lat="46.22924" lon="4.80251">
        <ele>172.0</ele>
      </trkpt>
      <trkpt lat="46.2291" lon="4.80241">
        <ele>171.3</ele>
      </trkpt>
      <trkpt lat="46.22896" lon="4.8023">
        <ele>170.6</ele>
      </trkpt>
      <trkpt lat="46.22852" lon="4.8019">
        <ele>169.1</ele>
      </trkpt>
      <trkpt lat="46.22812" lon="4.8016">
        <ele>168.9</ele>
      </trkpt>
      <trkpt lat="46.22749" lon="4.80123">
        <ele>170.1</ele>
      </trkpt>
      <trkpt lat="46.22686" lon="4.80086">
        <ele>171.0</ele>
      </trkpt>
      <trkpt lat="46.22628" lon="4.80062">
        <ele>169.6</ele>
      </trkpt>
      <trkpt lat="46.2257" lon="4.80038">
        <ele>168.6</ele>
      </trkpt>
      <trkpt lat="46.22512" lon="4.80013">
        <ele>169.6</ele>
      </trkpt>
      <trkpt lat="46.22453" lon="4.79987">
        <ele>169.5</ele>
      </trkpt>
      <trkpt lat="46.22395" lon="4.79962">
        <ele>168.7</ele>
      </trkpt>
      <trkpt lat="46.22335" lon="4.79932">
        <ele>169.6</ele>
      </trkpt>
      <trkpt lat="46.22274" lon="4.79903">
        <ele>168.3</ele>
      </trkpt>
      <trkpt lat="46.2223" lon="4.79882">
        <ele>167.7</ele>
      </trkpt>
      <trkpt lat="46.22186" lon="4.79862">
        <ele>168.6</ele>
      </trkpt>
      <trkpt lat="46.22139" lon="4.79836">
        <ele>169.3</ele>
      </trkpt>
      <trkpt lat="46.22096" lon="4.79809">
        <ele>167.4</ele>
      </trkpt>
      <trkpt lat="46.2203" lon="4.79763">
        <ele>168.4</ele>
      </trkpt>
      <trkpt lat="46.21968" lon="4.79723">
        <ele>169.0</ele>
      </trkpt>
      <trkpt lat="46.21906" lon="4.79682">
        <ele>167.8</ele>
      </trkpt>
      <trkpt lat="46.2184" lon="4.79643">
        <ele>169.0</ele>
      </trkpt>
      <trkpt lat="46.21793" lon="4.79622">
        <ele>169.6</ele>
      </trkpt>
      <trkpt lat="46.21747" lon="4.796">
        <ele>171.0</ele>
      </trkpt>
      <trkpt lat="46.21668" lon="4.79575">
        <ele>170.6</ele>
      </trkpt>
      <trkpt lat="46.2159" lon="4.79549">
        <ele>169.6</ele>
      </trkpt>
      <trkpt lat="46.21525" lon="4.79529">
        <ele>169.6</ele>
      </trkpt>
      <trkpt lat="46.21461" lon="4.7951">
        <ele>168.4</ele>
      </trkpt>
      <trkpt lat="46.21397" lon="4.7949">
        <ele>167.6</ele>
      </trkpt>
      <trkpt lat="46.21375" lon="4.79486">
        <ele>168.3</ele>
      </trkpt>
      <trkpt lat="46.21291" lon="4.79477">
        <ele>170.4</ele>
      </trkpt>
      <trkpt lat="46.21206" lon="4.79468">
        <ele>171.4</ele>
      </trkpt>
      <trkpt lat="46.21122" lon="4.7946">
        <ele>170.9</ele>
      </trkpt>
      <trkpt lat="46.21033" lon="4.79457">
        <ele>169.3</ele>
      </trkpt>
      <trkpt lat="46.20985" lon="4.79458">
        <ele>168.8</ele>
      </trkpt>
      <trkpt lat="46.20896" lon="4.79465">
        <ele>170.1</ele>
      </trkpt>
      <trkpt lat="46.20868" lon="4.79469">
        <ele>170.1</ele>
      </trkpt>
      <trkpt lat="46.20846" lon="4.79474">
        <ele>169.9</ele>
      </trkpt>
      <trkpt lat="46.20798" lon="4.79484">
        <ele>170.9</ele>
      </trkpt>
      <trkpt lat="46.2075" lon="4.79493">
        <ele>173.4</ele>
      </trkpt>
      <trkpt lat="46.20726" lon="4.79494">
        <ele>172.4</ele>
      </trkpt>
      <trkpt lat="46.20711" lon="4.79488">
        <ele>171.4</ele>
      </trkpt>
      <trkpt lat="46.20694" lon="4.79469">
        <ele>169.7</ele>
      </trkpt>
      <trkpt lat="46.20686" lon="4.79467">
        <ele>169.3</ele>
      </trkpt>
      <trkpt lat="46.20646" lon="4.79477">
        <ele>168.8</ele>
      </trkpt>
      <trkpt lat="46.20635" lon="4.79488">
        <ele>168.9</ele>
      </trkpt>
      <trkpt lat="46.20622" lon="4.79507">
        <ele>168.8</ele>
      </trkpt>
      <trkpt lat="46.20607" lon="4.79523">
        <ele>168.3</ele>
      </trkpt>
      <trkpt lat="46.20574" lon="4.7954">
        <ele>167.6</ele>
      </trkpt>
      <trkpt lat="46.20525" lon="4.79562">
        <ele>168.1</ele>
      </trkpt>
      <trkpt lat="46.20452" lon="4.79576">
        <ele>169.3</ele>
      </trkpt>
      <trkpt lat="46.20392" lon="4.79591">
        <ele>168.8</ele>
      </trkpt>
      <trkpt lat="46.20371" lon="4.79593">
        <ele>167.9</ele>
      </trkpt>
      <trkpt lat="46.20309" lon="4.79581">
        <ele>166.6</ele>
      </trkpt>
      <trkpt lat="46.20296" lon="4.79581">
        <ele>166.9</ele>
      </trkpt>
      <trkpt lat="46.20258" lon="4.79571">
        <ele>167.7</ele>
      </trkpt>
      <trkpt lat="46.20227" lon="4.79558">
        <ele>168.8</ele>
      </trkpt>
      <trkpt lat="46.20205" lon="4.79528">
        <ele>170.0</ele>
      </trkpt>
      <trkpt lat="46.20174" lon="4.79503">
        <ele>172.4</ele>
      </trkpt>
      <trkpt lat="46.20166" lon="4.79497">
        <ele>172.8</ele>
      </trkpt>
      <trkpt lat="46.20163" lon="4.79497">
        <ele>172.8</ele>
      </trkpt>
      <trkpt lat="46.20125" lon="4.79461">
        <ele>170.9</ele>
      </trkpt>
      <trkpt lat="46.20065" lon="4.79391">
        <ele>169.0</ele>
      </trkpt>
      <trkpt lat="46.20005" lon="4.79321">
        <ele>167.8</ele>
      </trkpt>
      <trkpt lat="46.19946" lon="4.7925">
        <ele>167.7</ele>
      </trkpt>
      <trkpt lat="46.19898" lon="4.79191">
        <ele>168.4</ele>
      </trkpt>
      <trkpt lat="46.1985" lon="4.79131">
        <ele>169.5</ele>
      </trkpt>
      <trkpt lat="46.19787" lon="4.79056">
        <ele>169.8</ele>
      </trkpt>
      <trkpt lat="46.19723" lon="4.78982">
        <ele>170.5</ele>
      </trkpt>
      <trkpt lat="46.19667" lon="4.78914">
        <ele>171.8</ele>
      </trkpt>
      <trkpt lat="46.1961" lon="4.78847">
        <ele>169.2</ele>
      </trkpt>
      <trkpt lat="46.19553" lon="4.78779">
        <ele>168.8</ele>
      </trkpt>
      <trkpt lat="46.19496" lon="4.78712">
        <ele>168.7</ele>
      </trkpt>
      <trkpt lat="46.19428" lon="4.78628">
        <ele>168.9</ele>
      </trkpt>
      <trkpt lat="46.19373" lon="4.78572">
        <ele>167.0</ele>
      </trkpt>
      <trkpt lat="46.19318" lon="4.78515">
        <ele>167.4</ele>
      </trkpt>
      <trkpt lat="46.19246" lon="4.78446">
        <ele>167.7</ele>
      </trkpt>
      <trkpt lat="46.19179" lon="4.7838">
        <ele>167.8</ele>
      </trkpt>
      <trkpt lat="46.19113" lon="4.78314">
        <ele>168.9</ele>
      </trkpt>
      <trkpt lat="46.19046" lon="4.78249">
        <ele>170.0</ele>
      </trkpt>
      <trkpt lat="46.18979" lon="4.78183">
        <ele>167.7</ele>
      </trkpt>
      <trkpt lat="46.18955" lon="4.78167">
        <ele>168.1</ele>
      </trkpt>
      <trkpt lat="46.18931" lon="4.78156">
        <ele>168.4</ele>
      </trkpt>
      <trkpt lat="46.18891" lon="4.78143">
        <ele>168.2</ele>
      </trkpt>
      <trkpt lat="46.18842" lon="4.78129">
        <ele>167.6</ele>
      </trkpt>
      <trkpt lat="46.18829" lon="4.78116">
        <ele>167.5</ele>
      </trkpt>
      <trkpt lat="46.18816" lon="4.78117">
        <ele>167.6</ele>
      </trkpt>
      <trkpt lat="46.18803" lon="4.7812">
        <ele>167.9</ele>
      </trkpt>
      <trkpt lat="46.18779" lon="4.78136">
        <ele>168.9</ele>
      </trkpt>
      <trkpt lat="46.18764" lon="4.78145">
        <ele>169.6</ele>
      </trkpt>
      <trkpt lat="46.1875" lon="4.78149">
        <ele>170.1</ele>
      </trkpt>
      <trkpt lat="46.18691" lon="4.78156">
        <ele>169.9</ele>
      </trkpt>
      <trkpt lat="46.18669" lon="4.78159">
        <ele>169.7</ele>
      </trkpt>
      <trkpt lat="46.18639" lon="4.78163">
        <ele>171.1</ele>
      </trkpt>
      <trkpt lat="46.18593" lon="4.78174">
        <ele>173.2</ele>
      </trkpt>
      <trkpt lat="46.18576" lon="4.78175">
        <ele>173.4</ele>
      </trkpt>
      <trkpt lat="46.18559" lon="4.78179">
        <ele>172.8</ele>
      </trkpt>
      <trkpt lat="46.18526" lon="4.78179">
        <ele>171.9</ele>
      </trkpt>
      <trkpt lat="46.18511" lon="4.78183">
        <ele>171.6</ele>
      </trkpt>
      <trkpt lat="46.18459" lon="4.78188">
        <ele>170.0</ele>
      </trkpt>
      <trkpt lat="46.18406" lon="4.78192">
        <ele>168.8</ele>
      </trkpt>
      <trkpt lat="46.18337" lon="4.78195">
        <ele>169.9</ele>
      </trkpt>
      <trkpt lat="46.18268" lon="4.78199">
        <ele>170.8</ele>
      </trkpt>
      <trkpt lat="46.18199" lon="4.78202">
        <ele>171.5</ele>
      </trkpt>
      <trkpt lat="46.18112" lon="4.78207">
        <ele>171.9</ele>
      </trkpt>
      <trkpt lat="46.18026" lon="4.78211">
        <ele>169.2</ele>
      </trkpt>
      <trkpt lat="46.17939" lon="4.78216">
        <ele>168.2</ele>
      </trkpt>
      <trkpt lat="46.17853" lon="4.78221">
        <ele>167.3</ele>
      </trkpt>
      <trkpt lat="46.17766" lon="4.78226">
        <ele>167.6</ele>
      </trkpt>
      <trkpt lat="46.17716" lon="4.78231">
        <ele>168.1</ele>
      </trkpt>
      <trkpt lat="46.17642" lon="4.78243">
        <ele>169.4</ele>
      </trkpt>
      <trkpt lat="46.17568" lon="4.78254">
        <ele>169.8</ele>
      </trkpt>
      <trkpt lat="46.17504" lon="4.78269">
        <ele>166.1</ele>
      </trkpt>
      <trkpt lat="46.1744" lon="4.78284">
        <ele>167.2</ele>
      </trkpt>
      <trkpt lat="46.17376" lon="4.78299">
        <ele>167.6</ele>
      </trkpt>
      <trkpt lat="46.17297" lon="4.78328">
        <ele>169.2</ele>
      </trkpt>
      <trkpt lat="46.17235" lon="4.78363">
        <ele>169.7</ele>
      </trkpt>
      <trkpt lat="46.17173" lon="4.78398">
        <ele>167.2</ele>
      </trkpt>
      <trkpt lat="46.17111" lon="4.78433">
        <ele>167.2</ele>
      </trkpt>
      <trkpt lat="46.17069" lon="4.78459">
        <ele>168.2</ele>
      </trkpt>
      <trkpt lat="46.17028" lon="4.78486">
        <ele>169.8</ele>
      </trkpt>
      <trkpt lat="46.16981" lon="4.78508">
        <ele>169.8</ele>
      </trkpt>
      <trkpt lat="46.16923" lon="4.78553">
        <ele>170.0</ele>
      </trkpt>
      <trkpt lat="46.16865" lon="4.78597">
        <ele>172.1</ele>
      </trkpt>
      <trkpt lat="46.16849" lon="4.78604">
        <ele>172.0</ele>
      </trkpt>
      <trkpt lat="46.1683" lon="4.7861">
        <ele>171.9</ele>
      </trkpt>
      <trkpt lat="46.16821" lon="4.78616">
        <ele>171.5</ele>
      </trkpt>
      <trkpt lat="46.16764" lon="4.78682">
        <ele>171.8</ele>
      </trkpt>
      <trkpt lat="46.16726" lon="4.78719">
        <ele>169.5</ele>
      </trkpt>
      <trkpt lat="46.16715" lon="4.78734">
        <ele>168.6</ele>
      </trkpt>
      <trkpt lat="46.16664" lon="4.78834">
        <ele>168.0</ele>
      </trkpt>
      <trkpt lat="46.16613" lon="4.78935">
        <ele>168.4</ele>
      </trkpt>
      <trkpt lat="46.16562" lon="4.79035">
        <ele>170.0</ele>
      </trkpt>
      <trkpt lat="46.16548" lon="4.79052">
        <ele>171.3</ele>
      </trkpt>
      <trkpt lat="46.16528" lon="4.79098">
        <ele>173.6</ele>
      </trkpt>
      <trkpt lat="46.16513" lon="4.79152">
        <ele>172.5</ele>
      </trkpt>
      <trkpt lat="46.16512" lon="4.7917">
        <ele>172.0</ele>
      </trkpt>
      <trkpt lat="46.16516" lon="4.79203">
        <ele>171.6</ele>
      </trkpt>
      <trkpt lat="46.16512" lon="4.79221">
        <ele>171.4</ele>
      </trkpt>
      <trkpt lat="46.16495" lon="4.79253">
        <ele>170.7</ele>
      </trkpt>
      <trkpt lat="46.16456" lon="4.79332">
        <ele>168.0</ele>
      </trkpt>
      <trkpt lat="46.1645" lon="4.79344">
        <ele>168.2</ele>
      </trkpt>
      <trkpt lat="46.16399" lon="4.79437">
        <ele>170.7</ele>
      </trkpt>
      <trkpt lat="46.16352" lon="4.7953">
        <ele>168.4</ele>
      </trkpt>
      <trkpt lat="46.16333" lon="4.796">
        <ele>168.8</ele>
      </trkpt>
      <trkpt lat="46.16291" lon="4.79703">
        <ele>168.6</ele>
      </trkpt>
      <trkpt lat="46.16244" lon="4.79784">
        <ele>170.2</ele>
      </trkpt>
      <trkpt lat="46.16198" lon="4.79866">
        <ele>168.6</ele>
      </trkpt>
      <trkpt lat="46.16143" lon="4.79966">
        <ele>168.5</ele>
      </trkpt>
      <trkpt lat="46.16089" lon="4.80066">
        <ele>168.3</ele>
      </trkpt>
      <trkpt lat="46.16063" lon="4.80105">
        <ele>168.2</ele>
      </trkpt>
      <trkpt lat="46.16044" lon="4.80122">
        <ele>168.4</ele>
      </trkpt>
      <trkpt lat="46.16017" lon="4.80164">
        <ele>169.9</ele>
      </trkpt>
      <trkpt lat="46.15985" lon="4.80216">
        <ele>168.4</ele>
      </trkpt>
      <trkpt lat="46.15954" lon="4.80267">
        <ele>168.9</ele>
      </trkpt>
      <trkpt lat="46.15945" lon="4.80279">
        <ele>169.4</ele>
      </trkpt>
      <trkpt lat="46.15902" lon="4.80333">
        <ele>171.6</ele>
      </trkpt>
      <trkpt lat="46.15857" lon="4.80383">
        <ele>171.1</ele>
      </trkpt>
      <trkpt lat="46.15822" lon="4.80414">
        <ele>171.6</ele>
      </trkpt>
      <trkpt lat="46.15795" lon="4.80434">
        <ele>170.3</ele>
      </trkpt>
      <trkpt lat="46.15785" lon="4.80439">
        <ele>169.9</ele>
      </trkpt>
      <trkpt lat="46.15774" lon="4.80444">
        <ele>169.4</ele>
      </trkpt>
      <trkpt lat="46.15717" lon="4.80455">
        <ele>168.9</ele>
      </trkpt>
      <trkpt lat="46.15663" lon="4.80471">
        <ele>169.7</ele>
      </trkpt>
      <trkpt lat="46.15609" lon="4.80486">
        <ele>170.4</ele>
      </trkpt>
      <trkpt lat="46.15568" lon="4.80506">
        <ele>171.0</ele>
      </trkpt>
      <trkpt lat="46.15528" lon="4.80521">
        <ele>171.1</ele>
      </trkpt>
      <trkpt lat="46.15499" lon="4.80527">
        <ele>171.3</ele>
      </trkpt>
      <trkpt lat="46.15476" lon="4.80529">
        <ele>171.2</ele>
      </trkpt>
      <trkpt lat="46.15439" lon="4.80524">
        <ele>171.1</ele>
      </trkpt>
      <trkpt lat="46.15393" lon="4.80514">
        <ele>170.7</ele>
      </trkpt>
      <trkpt lat="46.15348" lon="4.80505">
        <ele>170.2</ele>
      </trkpt>
      <trkpt lat="46.15266" lon="4.80479">
        <ele>168.8</ele>
      </trkpt>
      <trkpt lat="46.15185" lon="4.80454">
        <ele>168.3</ele>
      </trkpt>
      <trkpt lat="46.15104" lon="4.80429">
        <ele>167.7</ele>
      </trkpt>
      <trkpt lat="46.15071" lon="4.80413">
        <ele>167.7</ele>
      </trkpt>
      <trkpt lat="46.15035" lon="4.80403">
        <ele>167.0</ele>
      </trkpt>
      <trkpt lat="46.15004" lon="4.80394">
        <ele>166.6</ele>
      </trkpt>
      <trkpt lat="46.14944" lon="4.80372">
        <ele>167.7</ele>
      </trkpt>
      <trkpt lat="46.14885" lon="4.8035">
        <ele>168.5</ele>
      </trkpt>
      <trkpt lat="46.14825" lon="4.80328">
        <ele>169.9</ele>
      </trkpt>
      <trkpt lat="46.14815" lon="4.8032">
        <ele>169.8</ele>
      </trkpt>
      <trkpt lat="46.14739" lon="4.80293">
        <ele>169.4</ele>
      </trkpt>
      <trkpt lat="46.14692" lon="4.80272">
        <ele>168.4</ele>
      </trkpt>
      <trkpt lat="46.14643" lon="4.80245">
        <ele>166.7</ele>
      </trkpt>
      <trkpt lat="46.14627" lon="4.80239">
        <ele>166.6</ele>
      </trkpt>
      <trkpt lat="46.14604" lon="4.80249">
        <ele>166.3</ele>
      </trkpt>
      <trkpt lat="46.1457" lon="4.80246">
        <ele>166.7</ele>
      </trkpt>
      <trkpt lat="46.1454" lon="4.80236">
        <ele>167.9</ele>
      </trkpt>
      <trkpt lat="46.14489" lon="4.80223">
        <ele>168.9</ele>
      </trkpt>
      <trkpt lat="46.14431" lon="4.8021">
        <ele>168.1</ele>
      </trkpt>
      <trkpt lat="46.14384" lon="4.80193">
        <ele>168.5</ele>
      </trkpt>
      <trkpt lat="46.14323" lon="4.80165">
        <ele>169.7</ele>
      </trkpt>
      <trkpt lat="46.14276" lon="4.80141">
        <ele>168.4</ele>
      </trkpt>
      <trkpt lat="46.14227" lon="4.80111">
        <ele>168.3</ele>
      </trkpt>
      <trkpt lat="46.14173" lon="4.80073">
        <ele>168.8</ele>
      </trkpt>
      <trkpt lat="46.14117" lon="4.80029">
        <ele>168.7</ele>
      </trkpt>
      <trkpt lat="46.14061" lon="4.79969">
        <ele>168.5</ele>
      </trkpt>
      <trkpt lat="46.14005" lon="4.79909">
        <ele>170.8</ele>
      </trkpt>
      <trkpt lat="46.13949" lon="4.79849">
        <ele>166.2</ele>
      </trkpt>
      <trkpt lat="46.13895" lon="4.79792">
        <ele>168.0</ele>
      </trkpt>
      <trkpt lat="46.13854" lon="4.79748">
        <ele>170.2</ele>
      </trkpt>
      <trkpt lat="46.13847" lon="4.7974">
        <ele>170.1</ele>
      </trkpt>
      <trkpt lat="46.13844" lon="4.79736">
        <ele>170.0</ele>
      </trkpt>
      <trkpt lat="46.13843" lon="4.79729">
        <ele>169.7</ele>
      </trkpt>
      <trkpt lat="46.13778" lon="4.79657">
        <ele>168.3</ele>
      </trkpt>
      <trkpt lat="46.13728" lon="4.79605">
        <ele>169.0</ele>
      </trkpt>
      <trkpt lat="46.13678" lon="4.79552">
        <ele>168.5</ele>
      </trkpt>
      <trkpt lat="46.13628" lon="4.795">
        <ele>168.0</ele>
      </trkpt>
      <trkpt lat="46.13562" lon="4.79438">
        <ele>168.4</ele>
      </trkpt>
      <trkpt lat="46.13495" lon="4.79376">
        <ele>168.5</ele>
      </trkpt>
      <trkpt lat="46.13429" lon="4.79313">
        <ele>168.8</ele>
      </trkpt>
      <trkpt lat="46.13362" lon="4.79251">
        <ele>169.0</ele>
      </trkpt>
      <trkpt lat="46.13354" lon="4.79244">
        <ele>168.8</ele>
      </trkpt>
      <trkpt lat="46.13348" lon="4.79238">
        <ele>168.7</ele>
      </trkpt>
      <trkpt lat="46.13332" lon="4.79226">
        <ele>168.5</ele>
      </trkpt>
      <trkpt lat="46.13287" lon="4.79179">
        <ele>169.0</ele>
      </trkpt>
      <trkpt lat="46.13247" lon="4.79143">
        <ele>170.8</ele>
      </trkpt>
      <trkpt lat="46.1321" lon="4.79102">
        <ele>171.4</ele>
      </trkpt>
      <trkpt lat="46.13188" lon="4.79071">
        <ele>171.0</ele>
      </trkpt>
      <trkpt lat="46.13137" lon="4.79008">
        <ele>168.8</ele>
      </trkpt>
      <trkpt lat="46.13087" lon="4.78946">
        <ele>167.3</ele>
      </trkpt>
      <trkpt lat="46.13079" lon="4.7893">
        <ele>167.2</ele>
      </trkpt>
      <trkpt lat="46.13069" lon="4.78917">
        <ele>167.2</ele>
      </trkpt>
      <trkpt lat="46.13037" lon="4.78895">
        <ele>167.2</ele>
      </trkpt>
      <trkpt lat="46.13018" lon="4.78885">
        <ele>167.1</ele>
      </trkpt>
      <trkpt lat="46.1301" lon="4.78879">
        <ele>167.0</ele>
      </trkpt>
      <trkpt lat="46.12981" lon="4.78849">
        <ele>167.2</ele>
      </trkpt>
      <trkpt lat="46.12941" lon="4.78798">
        <ele>168.5</ele>
      </trkpt>
      <trkpt lat="46.12875" lon="4.78712">
        <ele>168.8</ele>
      </trkpt>
      <trkpt lat="46.12809" lon="4.78625">
        <ele>169.8</ele>
      </trkpt>
      <trkpt lat="46.12742" lon="4.78538">
        <ele>168.7</ele>
      </trkpt>
      <trkpt lat="46.12676" lon="4.78452">
        <ele>169.3</ele>
      </trkpt>
      <trkpt lat="46.12625" lon="4.78384">
        <ele>168.3</ele>
      </trkpt>
      <trkpt lat="46.12575" lon="4.78316">
        <ele>169.2</ele>
      </trkpt>
      <trkpt lat="46.12524" lon="4.78249">
        <ele>171.8</ele>
      </trkpt>
      <trkpt lat="46.12473" lon="4.78181">
        <ele>170.2</ele>
      </trkpt>
      <trkpt lat="46.12422" lon="4.78114">
        <ele>169.7</ele>
      </trkpt>
      <trkpt lat="46.1237" lon="4.78047">
        <ele>168.2</ele>
      </trkpt>
      <trkpt lat="46.12315" lon="4.77984">
        <ele>168.4</ele>
      </trkpt>
      <trkpt lat="46.1225" lon="4.7792">
        <ele>169.9</ele>
      </trkpt>
      <trkpt lat="46.12223" lon="4.77886">
        <ele>170.8</ele>
      </trkpt>
      <trkpt lat="46.1219" lon="4.77839">
        <ele>172.1</ele>
      </trkpt>
      <trkpt lat="46.1218" lon="4.77818">
        <ele>171.3</ele>
      </trkpt>
      <trkpt lat="46.12166" lon="4.778">
        <ele>170.2</ele>
      </trkpt>
      <trkpt lat="46.1215" lon="4.77792">
        <ele>170.0</ele>
      </trkpt>
      <trkpt lat="46.12141" lon="4.77782">
        <ele>169.7</ele>
      </trkpt>
      <trkpt lat="46.12085" lon="4.77726">
        <ele>171.3</ele>
      </trkpt>
      <trkpt lat="46.12051" lon="4.77695">
        <ele>171.2</ele>
      </trkpt>
      <trkpt lat="46.12028" lon="4.77677">
        <ele>171.4</ele>
      </trkpt>
      <trkpt lat="46.1199" lon="4.77653">
        <ele>172.3</ele>
      </trkpt>
      <trkpt lat="46.11948" lon="4.7763">
        <ele>172.1</ele>
      </trkpt>
      <trkpt lat="46.11885" lon="4.77601">
        <ele>171.1</ele>
      </trkpt>
      <trkpt lat="46.11802" lon="4.77555">
        <ele>171.2</ele>
      </trkpt>
      <trkpt lat="46.11738" lon="4.77514">
        <ele>169.4</ele>
      </trkpt>
      <trkpt lat="46.11683" lon="4.77472">
        <ele>169.3</ele>
      </trkpt>
      <trkpt lat="46.11628" lon="4.77429">
        <ele>168.9</ele>
      </trkpt>
      <trkpt lat="46.11574" lon="4.77403">
        <ele>168.0</ele>
      </trkpt>
      <trkpt lat="46.11521" lon="4.77376">
        <ele>169.0</ele>
      </trkpt>
      <trkpt lat="46.11482" lon="4.77363">
        <ele>169.7</ele>
      </trkpt>
      <trkpt lat="46.11459" lon="4.77359">
        <ele>169.8</ele>
      </trkpt>
      <trkpt lat="46.11432" lon="4.77355">
        <ele>170.0</ele>
      </trkpt>
      <trkpt lat="46.11401" lon="4.77345">
        <ele>170.1</ele>
      </trkpt>
      <trkpt lat="46.11339" lon="4.77334">
        <ele>170.9</ele>
      </trkpt>
      <trkpt lat="46.11283" lon="4.77326">
        <ele>170.3</ele>
      </trkpt>
      <trkpt lat="46.11227" lon="4.77318">
        <ele>170.1</ele>
      </trkpt>
      <trkpt lat="46.1116" lon="4.77304">
        <ele>170.8</ele>
      </trkpt>
      <trkpt lat="46.11127" lon="4.77295">
        <ele>171.5</ele>
      </trkpt>
      <trkpt lat="46.11101" lon="4.77288">
        <ele>172.0</ele>
      </trkpt>
      <trkpt lat="46.11087" lon="4.77288">
        <ele>172.4</ele>
      </trkpt>
      <trkpt lat="46.11079" lon="4.77291">
        <ele>172.4</ele>
      </trkpt>
      <trkpt lat="46.11071" lon="4.7729">
        <ele>172.1</ele>
      </trkpt>
      <trkpt lat="46.11058" lon="4.77284">
        <ele>171.7</ele>
      </trkpt>
      <trkpt lat="46.11049" lon="4.77266">
        <ele>171.3</ele>
      </trkpt>
      <trkpt lat="46.10992" lon="4.77217">
        <ele>169.7</ele>
      </trkpt>
      <trkpt lat="46.10943" lon="4.77169">
        <ele>171.0</ele>
      </trkpt>
      <trkpt lat="46.10917" lon="4.7714">
        <ele>171.7</ele>
      </trkpt>
      <trkpt lat="46.109" lon="4.77119">
        <ele>171.6</ele>
      </trkpt>
      <trkpt lat="46.10867" lon="4.77069">
        <ele>170.9</ele>
      </trkpt>
      <trkpt lat="46.1083" lon="4.77021">
        <ele>169.8</ele>
      </trkpt>
      <trkpt lat="46.10801" lon="4.76985">
        <ele>169.5</ele>
      </trkpt>
      <trkpt lat="46.10749" lon="4.76924">
        <ele>171.9</ele>
      </trkpt>
      <trkpt lat="46.10709" lon="4.76882">
        <ele>169.0</ele>
      </trkpt>
      <trkpt lat="46.10668" lon="4.7684">
        <ele>168.0</ele>
      </trkpt>
      <trkpt lat="46.10609" lon="4.76781">
        <ele>167.0</ele>
      </trkpt>
      <trkpt lat="46.10551" lon="4.76721">
        <ele>166.8</ele>
      </trkpt>
      <trkpt lat="46.10519" lon="4.76683">
        <ele>166.5</ele>
      </trkpt>
      <trkpt lat="46.10484" lon="4.76652">
        <ele>166.5</ele>
      </trkpt>
      <trkpt lat="46.10419" lon="4.76585">
        <ele>166.0</ele>
      </trkpt>
      <trkpt lat="46.10382" lon="4.76555">
        <ele>166.8</ele>
      </trkpt>
      <trkpt lat="46.10354" lon="4.76529">
        <ele>166.8</ele>
      </trkpt>
      <trkpt lat="46.10335" lon="4.76508">
        <ele>166.3</ele>
      </trkpt>
      <trkpt lat="46.10307" lon="4.76482">
        <ele>167.2</ele>
      </trkpt>
      <trkpt lat="46.10274" lon="4.76443">
        <ele>167.1</ele>
      </trkpt>
      <trkpt lat="46.10239" lon="4.76378">
        <ele>166.5</ele>
      </trkpt>
      <trkpt lat="46.10219" lon="4.76333">
        <ele>166.0</ele>
      </trkpt>
      <trkpt lat="46.10213" lon="4.76303">
        <ele>166.0</ele>
      </trkpt>
      <trkpt lat="46.102079" lon="4.762964">
        <ele>166.0</ele>
      </trkpt>
      <trkpt lat="46.10203" lon="4.7629">
        <ele>166.0</ele>
      </trkpt>
      <trkpt lat="46.10182" lon="4.76292">
        <ele>166.0</ele>
      </trkpt>
      <trkpt lat="46.1017" lon="4.7629">
        <ele>166.0</ele>
      </trkpt>
      <trkpt lat="46.10158" lon="4.76285">
        <ele>166.3</ele>
      </trkpt>
      <trkpt lat="46.10162" lon="4.76293">
        <ele>166.2</ele>
      </trkpt>
      <trkpt lat="46.10171" lon="4.76303">
        <ele>166.0</ele>
      </trkpt>
      <trkpt lat="46.10192" lon="4.76324">
        <ele>166.0</ele>
      </trkpt>
      <trkpt lat="46.10204" lon="4.76298">
        <ele>166.0</ele>
      </trkpt>
      <trkpt lat="46.10252" lon="4.76191">
        <ele>166.1</ele>
      </trkpt>
      <trkpt lat="46.10285" lon="4.76121">
        <ele>169.3</ele>
      </trkpt>
      <trkpt lat="46.10296" lon="4.76102">
        <ele>170.5</ele>
      </trkpt>
      <trkpt lat="46.10316" lon="4.76065">
        <ele>173.1</ele>
      </trkpt>
      <trkpt lat="46.10324" lon="4.76045">
        <ele>174.4</ele>
      </trkpt>
      <trkpt lat="46.10345" lon="4.75981">
        <ele>176.2</ele>
      </trkpt>
      <trkpt lat="46.10366" lon="4.75917">
        <ele>175.6</ele>
      </trkpt>
      <trkpt lat="46.1039" lon="4.75849">
        <ele>174.8</ele>
      </trkpt>
      <trkpt lat="46.10392" lon="4.75844">
        <ele>174.7</ele>
      </trkpt>
      <trkpt lat="46.10399" lon="4.75836">
        <ele>174.4</ele>
      </trkpt>
      <trkpt lat="46.10403" lon="4.75835">
        <ele>174.4</ele>
      </trkpt>
      <trkpt lat="46.10405" lon="4.75833">
        <ele>174.3</ele>
      </trkpt>
      <trkpt lat="46.10409" lon="4.75827">
        <ele>174.0</ele>
      </trkpt>
      <trkpt lat="46.1041" lon="4.75819">
        <ele>173.7</ele>
      </trkpt>
      <trkpt lat="46.10409" lon="4.75814">
        <ele>173.5</ele>
      </trkpt>
      <trkpt lat="46.10416" lon="4.75799">
        <ele>172.8</ele>
      </trkpt>
      <trkpt lat="46.1042" lon="4.75792">
        <ele>172.5</ele>
      </trkpt>
      <trkpt lat="46.10444" lon="4.75762">
        <ele>171.6</ele>
      </trkpt>
      <trkpt lat="46.10481" lon="4.75714">
        <ele>171.5</ele>
      </trkpt>
      <trkpt lat="46.10518" lon="4.75666">
        <ele>172.4</ele>
      </trkpt>
      <trkpt lat="46.10556" lon="4.75616">
        <ele>174.0</ele>
      </trkpt>
      <trkpt lat="46.10611" lon="4.75547">
        <ele>173.3</ele>
      </trkpt>
      <trkpt lat="46.10647" lon="4.75502">
        <ele>173.7</ele>
      </trkpt>
      <trkpt lat="46.10683" lon="4.75457">
        <ele>173.9</ele>
      </trkpt>
    </trkseg>
  </trk>
</gpx>
