<?xml version="1.0" encoding="UTF-8"?>
<gpx xmlns:gpxdata="http://www.cluetrust.com/XML/GPXDATA/1/0" xmlns:xsi="http://www.w3.org/2001/XMLSchema-instance" xmlns="http://www.topografix.com/GPX/1/1" version="1.1" creator="http://ridewithgps.com/" xsi:schemaLocation="http://www.topografix.com/GPX/1/1 http://www.topografix.com/GPX/1/1/gpx.xsd http://www.cluetrust.com/XML/GPXDATA/1/0 http://www.cluetrust.com/Schemas/gpxdata10.xsd">
  <metadata>
    <name>Jour 05 — Strasbourg → Barr</name>
    <link href="https://ridewithgps.com/routes/56990566">
      <text>Jour 05 — Strasbourg → Barr</text>
    </link>
    <time>2026-09-03T15:42:06Z</time>
  </metadata>
  <trk>
    <name>Jour 05 — Strasbourg → Barr</name>
    <trkseg>
      <trkpt lat="48.58232" lon="7.74913">
        <ele>154.2</ele>
      </trkpt>
      <trkpt lat="48.58225" lon="7.74917">
        <ele>154.3</ele>
      </trkpt>
      <trkpt lat="48.58201" lon="7.74936">
        <ele>154.3</ele>
      </trkpt>
      <trkpt lat="48.582" lon="7.74933">
        <ele>154.4</ele>
      </trkpt>
      <trkpt lat="48.58181" lon="7.74891">
        <ele>155.4</ele>
      </trkpt>
      <trkpt lat="48.58181" lon="7.7489">
        <ele>154.1</ele>
      </trkpt>
      <trkpt lat="48.58169" lon="7.7487">
        <ele>153.4</ele>
      </trkpt>
      <trkpt lat="48.58161" lon="7.74855">
        <ele>152.6</ele>
      </trkpt>
      <trkpt lat="48.58158" lon="7.74853">
        <ele>151.8</ele>
      </trkpt>
      <trkpt lat="48.5816" lon="7.74841">
        <ele>151.2</ele>
      </trkpt>
      <trkpt lat="48.58163" lon="7.74838">
        <ele>151.6</ele>
      </trkpt>
      <trkpt lat="48.58157" lon="7.74838">
        <ele>151.0</ele>
      </trkpt>
      <trkpt lat="48.58154" lon="7.74841">
        <ele>150.5</ele>
      </trkpt>
      <trkpt lat="48.58151" lon="7.74845">
        <ele>150.0</ele>
      </trkpt>
      <trkpt lat="48.58147" lon="7.74853">
        <ele>149.3</ele>
      </trkpt>
      <trkpt lat="48.58145" lon="7.74858">
        <ele>149.7</ele>
      </trkpt>
      <trkpt lat="48.58143" lon="7.7486">
        <ele>149.9</ele>
      </trkpt>
      <trkpt lat="48.58127" lon="7.74878">
        <ele>150.3</ele>
      </trkpt>
      <trkpt lat="48.58123" lon="7.74883">
        <ele>150.9</ele>
      </trkpt>
      <trkpt lat="48.5812" lon="7.7489">
        <ele>150.5</ele>
      </trkpt>
      <trkpt lat="48.58113" lon="7.74897">
        <ele>148.8</ele>
      </trkpt>
      <trkpt lat="48.58084" lon="7.74927">
        <ele>148.4</ele>
      </trkpt>
      <trkpt lat="48.5806" lon="7.74951">
        <ele>147.8</ele>
      </trkpt>
      <trkpt lat="48.58052" lon="7.74961">
        <ele>147.1</ele>
      </trkpt>
      <trkpt lat="48.58049" lon="7.74963">
        <ele>146.8</ele>
      </trkpt>
      <trkpt lat="48.58042" lon="7.74963">
        <ele>146.1</ele>
      </trkpt>
      <trkpt lat="48.58041" lon="7.74964">
        <ele>145.0</ele>
      </trkpt>
      <trkpt lat="48.57993" lon="7.75017">
        <ele>143.8</ele>
      </trkpt>
      <trkpt lat="48.57992" lon="7.75027">
        <ele>142.5</ele>
      </trkpt>
      <trkpt lat="48.57992" lon="7.75033">
        <ele>141.8</ele>
      </trkpt>
      <trkpt lat="48.57991" lon="7.75039">
        <ele>141.0</ele>
      </trkpt>
      <trkpt lat="48.57989" lon="7.75041">
        <ele>141.0</ele>
      </trkpt>
      <trkpt lat="48.57963" lon="7.75067">
        <ele>141.1</ele>
      </trkpt>
      <trkpt lat="48.57944" lon="7.75089">
        <ele>143.5</ele>
      </trkpt>
      <trkpt lat="48.57942" lon="7.75093">
        <ele>143.9</ele>
      </trkpt>
      <trkpt lat="48.57937" lon="7.75102">
        <ele>144.7</ele>
      </trkpt>
      <trkpt lat="48.57936" lon="7.75104">
        <ele>144.8</ele>
      </trkpt>
      <trkpt lat="48.57931" lon="7.75111">
        <ele>145.5</ele>
      </trkpt>
      <trkpt lat="48.57927" lon="7.75116">
        <ele>146.0</ele>
      </trkpt>
      <trkpt lat="48.57923" lon="7.75121">
        <ele>146.6</ele>
      </trkpt>
      <trkpt lat="48.57916" lon="7.75129">
        <ele>146.9</ele>
      </trkpt>
      <trkpt lat="48.57909" lon="7.75137">
        <ele>146.9</ele>
      </trkpt>
      <trkpt lat="48.57905" lon="7.75139">
        <ele>147.3</ele>
      </trkpt>
      <trkpt lat="48.57903" lon="7.7514">
        <ele>147.5</ele>
      </trkpt>
      <trkpt lat="48.57897" lon="7.75143">
        <ele>147.6</ele>
      </trkpt>
      <trkpt lat="48.57889" lon="7.75144">
        <ele>147.5</ele>
      </trkpt>
      <trkpt lat="48.57883" lon="7.75144">
        <ele>148.0</ele>
      </trkpt>
      <trkpt lat="48.57876" lon="7.75142">
        <ele>148.0</ele>
      </trkpt>
      <trkpt lat="48.57867" lon="7.75138">
        <ele>148.1</ele>
      </trkpt>
      <trkpt lat="48.57862" lon="7.75133">
        <ele>148.2</ele>
      </trkpt>
      <trkpt lat="48.57856" lon="7.75128">
        <ele>148.5</ele>
      </trkpt>
      <trkpt lat="48.57854" lon="7.75126">
        <ele>148.7</ele>
      </trkpt>
      <trkpt lat="48.57798" lon="7.75085">
        <ele>147.5</ele>
      </trkpt>
      <trkpt lat="48.57792" lon="7.75079">
        <ele>146.4</ele>
      </trkpt>
      <trkpt lat="48.57787" lon="7.75074">
        <ele>145.5</ele>
      </trkpt>
      <trkpt lat="48.57785" lon="7.75071">
        <ele>144.8</ele>
      </trkpt>
      <trkpt lat="48.57782" lon="7.75068">
        <ele>143.7</ele>
      </trkpt>
      <trkpt lat="48.5775" lon="7.7504">
        <ele>144.1</ele>
      </trkpt>
      <trkpt lat="48.57746" lon="7.75036">
        <ele>144.3</ele>
      </trkpt>
      <trkpt lat="48.57742" lon="7.75029">
        <ele>144.8</ele>
      </trkpt>
      <trkpt lat="48.57729" lon="7.75004">
        <ele>144.8</ele>
      </trkpt>
      <trkpt lat="48.57724" lon="7.74995">
        <ele>145.3</ele>
      </trkpt>
      <trkpt lat="48.57718" lon="7.74982">
        <ele>145.5</ele>
      </trkpt>
      <trkpt lat="48.57708" lon="7.74952">
        <ele>144.4</ele>
      </trkpt>
      <trkpt lat="48.57706" lon="7.74954">
        <ele>144.2</ele>
      </trkpt>
      <trkpt lat="48.57699" lon="7.74959">
        <ele>143.8</ele>
      </trkpt>
      <trkpt lat="48.57685" lon="7.7497">
        <ele>143.0</ele>
      </trkpt>
      <trkpt lat="48.57681" lon="7.74973">
        <ele>142.8</ele>
      </trkpt>
      <trkpt lat="48.57677" lon="7.74976">
        <ele>142.5</ele>
      </trkpt>
      <trkpt lat="48.57674" lon="7.74984">
        <ele>142.2</ele>
      </trkpt>
      <trkpt lat="48.5767" lon="7.74992">
        <ele>141.9</ele>
      </trkpt>
      <trkpt lat="48.57666" lon="7.75001">
        <ele>141.8</ele>
      </trkpt>
      <trkpt lat="48.57648" lon="7.75022">
        <ele>142.0</ele>
      </trkpt>
      <trkpt lat="48.57618" lon="7.7504">
        <ele>142.6</ele>
      </trkpt>
      <trkpt lat="48.57608" lon="7.75045">
        <ele>143.0</ele>
      </trkpt>
      <trkpt lat="48.57598" lon="7.75046">
        <ele>143.9</ele>
      </trkpt>
      <trkpt lat="48.57588" lon="7.75045">
        <ele>144.4</ele>
      </trkpt>
      <trkpt lat="48.57578" lon="7.75041">
        <ele>144.5</ele>
      </trkpt>
      <trkpt lat="48.5757" lon="7.75035">
        <ele>144.2</ele>
      </trkpt>
      <trkpt lat="48.57559" lon="7.75023">
        <ele>144.8</ele>
      </trkpt>
      <trkpt lat="48.57536" lon="7.74996">
        <ele>145.3</ele>
      </trkpt>
      <trkpt lat="48.57523" lon="7.74984">
        <ele>146.0</ele>
      </trkpt>
      <trkpt lat="48.57518" lon="7.74982">
        <ele>146.0</ele>
      </trkpt>
      <trkpt lat="48.57517" lon="7.74981">
        <ele>145.4</ele>
      </trkpt>
      <trkpt lat="48.57503" lon="7.74976">
        <ele>144.4</ele>
      </trkpt>
      <trkpt lat="48.57474" lon="7.74979">
        <ele>142.8</ele>
      </trkpt>
      <trkpt lat="48.57463" lon="7.74981">
        <ele>141.3</ele>
      </trkpt>
      <trkpt lat="48.57453" lon="7.74983">
        <ele>140.4</ele>
      </trkpt>
      <trkpt lat="48.5745" lon="7.74972">
        <ele>140.1</ele>
      </trkpt>
      <trkpt lat="48.57448" lon="7.7496">
        <ele>139.6</ele>
      </trkpt>
      <trkpt lat="48.57443" lon="7.74936">
        <ele>139.4</ele>
      </trkpt>
      <trkpt lat="48.5744" lon="7.74918">
        <ele>139.3</ele>
      </trkpt>
      <trkpt lat="48.57438" lon="7.74908">
        <ele>138.7</ele>
      </trkpt>
      <trkpt lat="48.57436" lon="7.74899">
        <ele>139.1</ele>
      </trkpt>
      <trkpt lat="48.57427" lon="7.74879">
        <ele>139.1</ele>
      </trkpt>
      <trkpt lat="48.57409" lon="7.74753">
        <ele>139.7</ele>
      </trkpt>
      <trkpt lat="48.57404" lon="7.74717">
        <ele>139.8</ele>
      </trkpt>
      <trkpt lat="48.57396" lon="7.74638">
        <ele>140.6</ele>
      </trkpt>
      <trkpt lat="48.57391" lon="7.74525">
        <ele>140.4</ele>
      </trkpt>
      <trkpt lat="48.5739" lon="7.74454">
        <ele>140.7</ele>
      </trkpt>
      <trkpt lat="48.57395" lon="7.74313">
        <ele>140.5</ele>
      </trkpt>
      <trkpt lat="48.57396" lon="7.74288">
        <ele>140.7</ele>
      </trkpt>
      <trkpt lat="48.57397" lon="7.74277">
        <ele>140.5</ele>
      </trkpt>
      <trkpt lat="48.57397" lon="7.74273">
        <ele>140.6</ele>
      </trkpt>
      <trkpt lat="48.57397" lon="7.74266">
        <ele>140.2</ele>
      </trkpt>
      <trkpt lat="48.57398" lon="7.7426">
        <ele>141.0</ele>
      </trkpt>
      <trkpt lat="48.57402" lon="7.74203">
        <ele>141.5</ele>
      </trkpt>
      <trkpt lat="48.57411" lon="7.74053">
        <ele>142.1</ele>
      </trkpt>
      <trkpt lat="48.57418" lon="7.73932">
        <ele>143.1</ele>
      </trkpt>
      <trkpt lat="48.57422" lon="7.73886">
        <ele>144.2</ele>
      </trkpt>
      <trkpt lat="48.57425" lon="7.7386">
        <ele>144.0</ele>
      </trkpt>
      <trkpt lat="48.57426" lon="7.73848">
        <ele>144.1</ele>
      </trkpt>
      <trkpt lat="48.57428" lon="7.73843">
        <ele>144.3</ele>
      </trkpt>
      <trkpt lat="48.57432" lon="7.73838">
        <ele>144.2</ele>
      </trkpt>
      <trkpt lat="48.57434" lon="7.73831">
        <ele>143.6</ele>
      </trkpt>
      <trkpt lat="48.57435" lon="7.73827">
        <ele>143.2</ele>
      </trkpt>
      <trkpt lat="48.57436" lon="7.73824">
        <ele>143.1</ele>
      </trkpt>
      <trkpt lat="48.57438" lon="7.73811">
        <ele>143.0</ele>
      </trkpt>
      <trkpt lat="48.57439" lon="7.73796">
        <ele>142.9</ele>
      </trkpt>
      <trkpt lat="48.5744" lon="7.73787">
        <ele>143.5</ele>
      </trkpt>
      <trkpt lat="48.5744" lon="7.73785">
        <ele>143.0</ele>
      </trkpt>
      <trkpt lat="48.5744" lon="7.73783">
        <ele>142.6</ele>
      </trkpt>
      <trkpt lat="48.57441" lon="7.73776">
        <ele>142.0</ele>
      </trkpt>
      <trkpt lat="48.57443" lon="7.7377">
        <ele>141.6</ele>
      </trkpt>
      <trkpt lat="48.57445" lon="7.73766">
        <ele>141.1</ele>
      </trkpt>
      <trkpt lat="48.57446" lon="7.73764">
        <ele>141.8</ele>
      </trkpt>
      <trkpt lat="48.57447" lon="7.73761">
        <ele>142.4</ele>
      </trkpt>
      <trkpt lat="48.57451" lon="7.73753">
        <ele>141.7</ele>
      </trkpt>
      <trkpt lat="48.57461" lon="7.73695">
        <ele>141.5</ele>
      </trkpt>
      <trkpt lat="48.57477" lon="7.73611">
        <ele>140.7</ele>
      </trkpt>
      <trkpt lat="48.57481" lon="7.73583">
        <ele>140.4</ele>
      </trkpt>
      <trkpt lat="48.57484" lon="7.73562">
        <ele>140.2</ele>
      </trkpt>
      <trkpt lat="48.57485" lon="7.73544">
        <ele>140.1</ele>
      </trkpt>
      <trkpt lat="48.57486" lon="7.73525">
        <ele>140.5</ele>
      </trkpt>
      <trkpt lat="48.57486" lon="7.73504">
        <ele>140.9</ele>
      </trkpt>
      <trkpt lat="48.57485" lon="7.73488">
        <ele>140.9</ele>
      </trkpt>
      <trkpt lat="48.57485" lon="7.73475">
        <ele>140.9</ele>
      </trkpt>
      <trkpt lat="48.57486" lon="7.73449">
        <ele>141.0</ele>
      </trkpt>
      <trkpt lat="48.57487" lon="7.7343">
        <ele>141.1</ele>
      </trkpt>
      <trkpt lat="48.57488" lon="7.73409">
        <ele>141.3</ele>
      </trkpt>
      <trkpt lat="48.57489" lon="7.73399">
        <ele>141.6</ele>
      </trkpt>
      <trkpt lat="48.57489" lon="7.73393">
        <ele>141.8</ele>
      </trkpt>
      <trkpt lat="48.57489" lon="7.73389">
        <ele>142.8</ele>
      </trkpt>
      <trkpt lat="48.57488" lon="7.73382">
        <ele>142.5</ele>
      </trkpt>
      <trkpt lat="48.57486" lon="7.73372">
        <ele>142.6</ele>
      </trkpt>
      <trkpt lat="48.57484" lon="7.73364">
        <ele>143.3</ele>
      </trkpt>
      <trkpt lat="48.57481" lon="7.73355">
        <ele>143.2</ele>
      </trkpt>
      <trkpt lat="48.57462" lon="7.73325">
        <ele>142.5</ele>
      </trkpt>
      <trkpt lat="48.57455" lon="7.73312">
        <ele>142.4</ele>
      </trkpt>
      <trkpt lat="48.57445" lon="7.73297">
        <ele>141.8</ele>
      </trkpt>
      <trkpt lat="48.57436" lon="7.73282">
        <ele>140.2</ele>
      </trkpt>
      <trkpt lat="48.57433" lon="7.73278">
        <ele>139.5</ele>
      </trkpt>
      <trkpt lat="48.57428" lon="7.73274">
        <ele>138.8</ele>
      </trkpt>
      <trkpt lat="48.57426" lon="7.73271">
        <ele>138.2</ele>
      </trkpt>
      <trkpt lat="48.57423" lon="7.73266">
        <ele>137.9</ele>
      </trkpt>
      <trkpt lat="48.57421" lon="7.7326">
        <ele>138.2</ele>
      </trkpt>
      <trkpt lat="48.57417" lon="7.73251">
        <ele>138.5</ele>
      </trkpt>
      <trkpt lat="48.57416" lon="7.73244">
        <ele>138.6</ele>
      </trkpt>
      <trkpt lat="48.57415" lon="7.73236">
        <ele>138.6</ele>
      </trkpt>
      <trkpt lat="48.57414" lon="7.73229">
        <ele>138.4</ele>
      </trkpt>
      <trkpt lat="48.57413" lon="7.73218">
        <ele>138.8</ele>
      </trkpt>
      <trkpt lat="48.57406" lon="7.73218">
        <ele>139.0</ele>
      </trkpt>
      <trkpt lat="48.57395" lon="7.7321">
        <ele>139.3</ele>
      </trkpt>
      <trkpt lat="48.57368" lon="7.73168">
        <ele>139.6</ele>
      </trkpt>
      <trkpt lat="48.57363" lon="7.73163">
        <ele>140.2</ele>
      </trkpt>
      <trkpt lat="48.57361" lon="7.73161">
        <ele>140.2</ele>
      </trkpt>
      <trkpt lat="48.57357" lon="7.7316">
        <ele>140.3</ele>
      </trkpt>
      <trkpt lat="48.57352" lon="7.7316">
        <ele>140.3</ele>
      </trkpt>
      <trkpt lat="48.57302" lon="7.73181">
        <ele>140.4</ele>
      </trkpt>
      <trkpt lat="48.57297" lon="7.7318">
        <ele>140.3</ele>
      </trkpt>
      <trkpt lat="48.57292" lon="7.73175">
        <ele>140.1</ele>
      </trkpt>
      <trkpt lat="48.5729" lon="7.73171">
        <ele>140.0</ele>
      </trkpt>
      <trkpt lat="48.57287" lon="7.73164">
        <ele>140.0</ele>
      </trkpt>
      <trkpt lat="48.57282" lon="7.73128">
        <ele>139.9</ele>
      </trkpt>
      <trkpt lat="48.57277" lon="7.73082">
        <ele>140.3</ele>
      </trkpt>
      <trkpt lat="48.57272" lon="7.73019">
        <ele>140.5</ele>
      </trkpt>
      <trkpt lat="48.57269" lon="7.72991">
        <ele>141.0</ele>
      </trkpt>
      <trkpt lat="48.57266" lon="7.72963">
        <ele>139.6</ele>
      </trkpt>
      <trkpt lat="48.57264" lon="7.72951">
        <ele>138.3</ele>
      </trkpt>
      <trkpt lat="48.57264" lon="7.72946">
        <ele>137.8</ele>
      </trkpt>
      <trkpt lat="48.57264" lon="7.72942">
        <ele>137.5</ele>
      </trkpt>
      <trkpt lat="48.57261" lon="7.72931">
        <ele>136.9</ele>
      </trkpt>
      <trkpt lat="48.57257" lon="7.72913">
        <ele>138.0</ele>
      </trkpt>
      <trkpt lat="48.57253" lon="7.72894">
        <ele>139.3</ele>
      </trkpt>
      <trkpt lat="48.57244" lon="7.72858">
        <ele>139.9</ele>
      </trkpt>
      <trkpt lat="48.57236" lon="7.72818">
        <ele>140.7</ele>
      </trkpt>
      <trkpt lat="48.57233" lon="7.72802">
        <ele>141.7</ele>
      </trkpt>
      <trkpt lat="48.57231" lon="7.72783">
        <ele>142.5</ele>
      </trkpt>
      <trkpt lat="48.57229" lon="7.72766">
        <ele>143.2</ele>
      </trkpt>
      <trkpt lat="48.57228" lon="7.72745">
        <ele>143.3</ele>
      </trkpt>
      <trkpt lat="48.57226" lon="7.72714">
        <ele>143.2</ele>
      </trkpt>
      <trkpt lat="48.57227" lon="7.72695">
        <ele>143.0</ele>
      </trkpt>
      <trkpt lat="48.57227" lon="7.72673">
        <ele>142.8</ele>
      </trkpt>
      <trkpt lat="48.57228" lon="7.72659">
        <ele>142.8</ele>
      </trkpt>
      <trkpt lat="48.5723" lon="7.72642">
        <ele>143.4</ele>
      </trkpt>
      <trkpt lat="48.57233" lon="7.7261">
        <ele>144.1</ele>
      </trkpt>
      <trkpt lat="48.57238" lon="7.72583">
        <ele>144.9</ele>
      </trkpt>
      <trkpt lat="48.57239" lon="7.72577">
        <ele>145.4</ele>
      </trkpt>
      <trkpt lat="48.57239" lon="7.72571">
        <ele>145.5</ele>
      </trkpt>
      <trkpt lat="48.57238" lon="7.72563">
        <ele>145.4</ele>
      </trkpt>
      <trkpt lat="48.57236" lon="7.72548">
        <ele>144.9</ele>
      </trkpt>
      <trkpt lat="48.57235" lon="7.72534">
        <ele>144.3</ele>
      </trkpt>
      <trkpt lat="48.57235" lon="7.72527">
        <ele>144.2</ele>
      </trkpt>
      <trkpt lat="48.57231" lon="7.72524">
        <ele>144.0</ele>
      </trkpt>
      <trkpt lat="48.57227" lon="7.72521">
        <ele>143.9</ele>
      </trkpt>
      <trkpt lat="48.57223" lon="7.7252">
        <ele>144.0</ele>
      </trkpt>
      <trkpt lat="48.57216" lon="7.72516">
        <ele>143.5</ele>
      </trkpt>
      <trkpt lat="48.57211" lon="7.72512">
        <ele>143.2</ele>
      </trkpt>
      <trkpt lat="48.57205" lon="7.72505">
        <ele>143.0</ele>
      </trkpt>
      <trkpt lat="48.57198" lon="7.72499">
        <ele>141.8</ele>
      </trkpt>
      <trkpt lat="48.57195" lon="7.72493">
        <ele>140.8</ele>
      </trkpt>
      <trkpt lat="48.57187" lon="7.72481">
        <ele>140.7</ele>
      </trkpt>
      <trkpt lat="48.57184" lon="7.72474">
        <ele>140.0</ele>
      </trkpt>
      <trkpt lat="48.57181" lon="7.72465">
        <ele>139.1</ele>
      </trkpt>
      <trkpt lat="48.57179" lon="7.72456">
        <ele>139.1</ele>
      </trkpt>
      <trkpt lat="48.57177" lon="7.72446">
        <ele>139.1</ele>
      </trkpt>
      <trkpt lat="48.57177" lon="7.72435">
        <ele>138.7</ele>
      </trkpt>
      <trkpt lat="48.57177" lon="7.72421">
        <ele>138.7</ele>
      </trkpt>
      <trkpt lat="48.57179" lon="7.72387">
        <ele>139.1</ele>
      </trkpt>
      <trkpt lat="48.57179" lon="7.72376">
        <ele>139.3</ele>
      </trkpt>
      <trkpt lat="48.57193" lon="7.72363">
        <ele>139.7</ele>
      </trkpt>
      <trkpt lat="48.57195" lon="7.72358">
        <ele>140.2</ele>
      </trkpt>
      <trkpt lat="48.57184" lon="7.72308">
        <ele>140.8</ele>
      </trkpt>
      <trkpt lat="48.57185" lon="7.72295">
        <ele>141.1</ele>
      </trkpt>
      <trkpt lat="48.57173" lon="7.72256">
        <ele>141.3</ele>
      </trkpt>
      <trkpt lat="48.57171" lon="7.72251">
        <ele>141.4</ele>
      </trkpt>
      <trkpt lat="48.57146" lon="7.72166">
        <ele>141.4</ele>
      </trkpt>
      <trkpt lat="48.57136" lon="7.72134">
        <ele>141.5</ele>
      </trkpt>
      <trkpt lat="48.57127" lon="7.72103">
        <ele>141.5</ele>
      </trkpt>
      <trkpt lat="48.57109" lon="7.72037">
        <ele>141.6</ele>
      </trkpt>
      <trkpt lat="48.57101" lon="7.71993">
        <ele>141.3</ele>
      </trkpt>
      <trkpt lat="48.57095" lon="7.71962">
        <ele>141.1</ele>
      </trkpt>
      <trkpt lat="48.57091" lon="7.71936">
        <ele>140.7</ele>
      </trkpt>
      <trkpt lat="48.57084" lon="7.71861">
        <ele>140.8</ele>
      </trkpt>
      <trkpt lat="48.57084" lon="7.71815">
        <ele>142.1</ele>
      </trkpt>
      <trkpt lat="48.57088" lon="7.71797">
        <ele>142.7</ele>
      </trkpt>
      <trkpt lat="48.5709" lon="7.71788">
        <ele>143.0</ele>
      </trkpt>
      <trkpt lat="48.57101" lon="7.71759">
        <ele>143.9</ele>
      </trkpt>
      <trkpt lat="48.57113" lon="7.71724">
        <ele>143.9</ele>
      </trkpt>
      <trkpt lat="48.57121" lon="7.71693">
        <ele>143.5</ele>
      </trkpt>
      <trkpt lat="48.57126" lon="7.71666">
        <ele>143.2</ele>
      </trkpt>
      <trkpt lat="48.5714" lon="7.71611">
        <ele>142.5</ele>
      </trkpt>
      <trkpt lat="48.57147" lon="7.71589">
        <ele>141.7</ele>
      </trkpt>
      <trkpt lat="48.57148" lon="7.71579">
        <ele>141.9</ele>
      </trkpt>
      <trkpt lat="48.57148" lon="7.71567">
        <ele>142.1</ele>
      </trkpt>
      <trkpt lat="48.57147" lon="7.71565">
        <ele>142.2</ele>
      </trkpt>
      <trkpt lat="48.5714" lon="7.71549">
        <ele>142.5</ele>
      </trkpt>
      <trkpt lat="48.57133" lon="7.71527">
        <ele>142.9</ele>
      </trkpt>
      <trkpt lat="48.57128" lon="7.71512">
        <ele>142.9</ele>
      </trkpt>
      <trkpt lat="48.57122" lon="7.715">
        <ele>142.8</ele>
      </trkpt>
      <trkpt lat="48.57097" lon="7.71468">
        <ele>143.1</ele>
      </trkpt>
      <trkpt lat="48.57031" lon="7.71396">
        <ele>143.2</ele>
      </trkpt>
      <trkpt lat="48.57007" lon="7.71368">
        <ele>143.4</ele>
      </trkpt>
      <trkpt lat="48.56985" lon="7.71343">
        <ele>143.7</ele>
      </trkpt>
      <trkpt lat="48.56976" lon="7.71327">
        <ele>144.0</ele>
      </trkpt>
      <trkpt lat="48.56973" lon="7.71316">
        <ele>144.3</ele>
      </trkpt>
      <trkpt lat="48.56973" lon="7.7131">
        <ele>144.3</ele>
      </trkpt>
      <trkpt lat="48.56971" lon="7.71258">
        <ele>144.2</ele>
      </trkpt>
      <trkpt lat="48.56974" lon="7.71242">
        <ele>143.9</ele>
      </trkpt>
      <trkpt lat="48.56983" lon="7.71219">
        <ele>143.7</ele>
      </trkpt>
      <trkpt lat="48.56996" lon="7.71184">
        <ele>143.5</ele>
      </trkpt>
      <trkpt lat="48.56998" lon="7.71176">
        <ele>143.4</ele>
      </trkpt>
      <trkpt lat="48.57" lon="7.71166">
        <ele>143.0</ele>
      </trkpt>
      <trkpt lat="48.57003" lon="7.71151">
        <ele>142.6</ele>
      </trkpt>
      <trkpt lat="48.57008" lon="7.71131">
        <ele>142.3</ele>
      </trkpt>
      <trkpt lat="48.57018" lon="7.71104">
        <ele>141.9</ele>
      </trkpt>
      <trkpt lat="48.57032" lon="7.71073">
        <ele>141.4</ele>
      </trkpt>
      <trkpt lat="48.57039" lon="7.71056">
        <ele>141.0</ele>
      </trkpt>
      <trkpt lat="48.57044" lon="7.71037">
        <ele>140.9</ele>
      </trkpt>
      <trkpt lat="48.57045" lon="7.71022">
        <ele>140.8</ele>
      </trkpt>
      <trkpt lat="48.57044" lon="7.71006">
        <ele>140.7</ele>
      </trkpt>
      <trkpt lat="48.57046" lon="7.70996">
        <ele>140.6</ele>
      </trkpt>
      <trkpt lat="48.57049" lon="7.70983">
        <ele>140.8</ele>
      </trkpt>
      <trkpt lat="48.57052" lon="7.70976">
        <ele>140.9</ele>
      </trkpt>
      <trkpt lat="48.57054" lon="7.7097">
        <ele>141.0</ele>
      </trkpt>
      <trkpt lat="48.57056" lon="7.70965">
        <ele>140.9</ele>
      </trkpt>
      <trkpt lat="48.57062" lon="7.70959">
        <ele>140.8</ele>
      </trkpt>
      <trkpt lat="48.57063" lon="7.70954">
        <ele>140.7</ele>
      </trkpt>
      <trkpt lat="48.57065" lon="7.70947">
        <ele>140.6</ele>
      </trkpt>
      <trkpt lat="48.57074" lon="7.70922">
        <ele>140.5</ele>
      </trkpt>
      <trkpt lat="48.57075" lon="7.70915">
        <ele>140.3</ele>
      </trkpt>
      <trkpt lat="48.57069" lon="7.70909">
        <ele>140.2</ele>
      </trkpt>
      <trkpt lat="48.57062" lon="7.70906">
        <ele>139.9</ele>
      </trkpt>
      <trkpt lat="48.57059" lon="7.70901">
        <ele>139.7</ele>
      </trkpt>
      <trkpt lat="48.57059" lon="7.70894">
        <ele>140.1</ele>
      </trkpt>
      <trkpt lat="48.57077" lon="7.70825">
        <ele>140.3</ele>
      </trkpt>
      <trkpt lat="48.5713" lon="7.70652">
        <ele>140.9</ele>
      </trkpt>
      <trkpt lat="48.57132" lon="7.70647">
        <ele>141.7</ele>
      </trkpt>
      <trkpt lat="48.57135" lon="7.70643">
        <ele>142.4</ele>
      </trkpt>
      <trkpt lat="48.57137" lon="7.7064">
        <ele>142.7</ele>
      </trkpt>
      <trkpt lat="48.57139" lon="7.70636">
        <ele>142.9</ele>
      </trkpt>
      <trkpt lat="48.57147" lon="7.70609">
        <ele>142.8</ele>
      </trkpt>
      <trkpt lat="48.57147" lon="7.70604">
        <ele>142.7</ele>
      </trkpt>
      <trkpt lat="48.57148" lon="7.70595">
        <ele>142.7</ele>
      </trkpt>
      <trkpt lat="48.5715" lon="7.70586">
        <ele>143.0</ele>
      </trkpt>
      <trkpt lat="48.57171" lon="7.70509">
        <ele>144.5</ele>
      </trkpt>
      <trkpt lat="48.57195" lon="7.70426">
        <ele>144.5</ele>
      </trkpt>
      <trkpt lat="48.57215" lon="7.70357">
        <ele>144.6</ele>
      </trkpt>
      <trkpt lat="48.57255" lon="7.70218">
        <ele>144.6</ele>
      </trkpt>
      <trkpt lat="48.57279" lon="7.70132">
        <ele>144.4</ele>
      </trkpt>
      <trkpt lat="48.57283" lon="7.70084">
        <ele>143.5</ele>
      </trkpt>
      <trkpt lat="48.57281" lon="7.70042">
        <ele>143.7</ele>
      </trkpt>
      <trkpt lat="48.57281" lon="7.70023">
        <ele>144.0</ele>
      </trkpt>
      <trkpt lat="48.57285" lon="7.69998">
        <ele>143.5</ele>
      </trkpt>
      <trkpt lat="48.57289" lon="7.69988">
        <ele>143.2</ele>
      </trkpt>
      <trkpt lat="48.57314" lon="7.69954">
        <ele>142.5</ele>
      </trkpt>
      <trkpt lat="48.57392" lon="7.69872">
        <ele>142.4</ele>
      </trkpt>
      <trkpt lat="48.57468" lon="7.69838">
        <ele>142.2</ele>
      </trkpt>
      <trkpt lat="48.57488" lon="7.69822">
        <ele>143.0</ele>
      </trkpt>
      <trkpt lat="48.57498" lon="7.69811">
        <ele>144.1</ele>
      </trkpt>
      <trkpt lat="48.57529" lon="7.69772">
        <ele>144.2</ele>
      </trkpt>
      <trkpt lat="48.57554" lon="7.69737">
        <ele>144.8</ele>
      </trkpt>
      <trkpt lat="48.57566" lon="7.69706">
        <ele>145.3</ele>
      </trkpt>
      <trkpt lat="48.57571" lon="7.69672">
        <ele>145.2</ele>
      </trkpt>
      <trkpt lat="48.57572" lon="7.6964">
        <ele>144.7</ele>
      </trkpt>
      <trkpt lat="48.5757" lon="7.69623">
        <ele>144.7</ele>
      </trkpt>
      <trkpt lat="48.57566" lon="7.69607">
        <ele>144.0</ele>
      </trkpt>
      <trkpt lat="48.57556" lon="7.69587">
        <ele>143.2</ele>
      </trkpt>
      <trkpt lat="48.5754" lon="7.69576">
        <ele>142.7</ele>
      </trkpt>
      <trkpt lat="48.57505" lon="7.69552">
        <ele>142.4</ele>
      </trkpt>
      <trkpt lat="48.57446" lon="7.69495">
        <ele>142.8</ele>
      </trkpt>
      <trkpt lat="48.57422" lon="7.69464">
        <ele>143.1</ele>
      </trkpt>
      <trkpt lat="48.57416" lon="7.69447">
        <ele>143.6</ele>
      </trkpt>
      <trkpt lat="48.57414" lon="7.69425">
        <ele>144.6</ele>
      </trkpt>
      <trkpt lat="48.57414" lon="7.69385">
        <ele>145.9</ele>
      </trkpt>
      <trkpt lat="48.57416" lon="7.69368">
        <ele>145.5</ele>
      </trkpt>
      <trkpt lat="48.57418" lon="7.69354">
        <ele>145.7</ele>
      </trkpt>
      <trkpt lat="48.5742" lon="7.69342">
        <ele>146.0</ele>
      </trkpt>
      <trkpt lat="48.57425" lon="7.69324">
        <ele>145.8</ele>
      </trkpt>
      <trkpt lat="48.57427" lon="7.69319">
        <ele>145.0</ele>
      </trkpt>
      <trkpt lat="48.57433" lon="7.69303">
        <ele>145.6</ele>
      </trkpt>
      <trkpt lat="48.57451" lon="7.69273">
        <ele>145.6</ele>
      </trkpt>
      <trkpt lat="48.57461" lon="7.69261">
        <ele>145.5</ele>
      </trkpt>
      <trkpt lat="48.5747" lon="7.69246">
        <ele>145.3</ele>
      </trkpt>
      <trkpt lat="48.5747" lon="7.69239">
        <ele>145.5</ele>
      </trkpt>
      <trkpt lat="48.57474" lon="7.69228">
        <ele>145.7</ele>
      </trkpt>
      <trkpt lat="48.57475" lon="7.69218">
        <ele>145.9</ele>
      </trkpt>
      <trkpt lat="48.57475" lon="7.69207">
        <ele>146.0</ele>
      </trkpt>
      <trkpt lat="48.57474" lon="7.69196">
        <ele>146.4</ele>
      </trkpt>
      <trkpt lat="48.57472" lon="7.69188">
        <ele>146.5</ele>
      </trkpt>
      <trkpt lat="48.57468" lon="7.69177">
        <ele>146.2</ele>
      </trkpt>
      <trkpt lat="48.57464" lon="7.69169">
        <ele>146.2</ele>
      </trkpt>
      <trkpt lat="48.57452" lon="7.69155">
        <ele>145.9</ele>
      </trkpt>
      <trkpt lat="48.57446" lon="7.69146">
        <ele>145.4</ele>
      </trkpt>
      <trkpt lat="48.57441" lon="7.69138">
        <ele>145.0</ele>
      </trkpt>
      <trkpt lat="48.57437" lon="7.69129">
        <ele>144.9</ele>
      </trkpt>
      <trkpt lat="48.57435" lon="7.69121">
        <ele>144.4</ele>
      </trkpt>
      <trkpt lat="48.57433" lon="7.69112">
        <ele>144.3</ele>
      </trkpt>
      <trkpt lat="48.57432" lon="7.69094">
        <ele>143.9</ele>
      </trkpt>
      <trkpt lat="48.57433" lon="7.69082">
        <ele>143.8</ele>
      </trkpt>
      <trkpt lat="48.57435" lon="7.6905">
        <ele>143.6</ele>
      </trkpt>
      <trkpt lat="48.57441" lon="7.69006">
        <ele>143.5</ele>
      </trkpt>
      <trkpt lat="48.57445" lon="7.68962">
        <ele>143.7</ele>
      </trkpt>
      <trkpt lat="48.57452" lon="7.68898">
        <ele>144.0</ele>
      </trkpt>
      <trkpt lat="48.57459" lon="7.68838">
        <ele>144.1</ele>
      </trkpt>
      <trkpt lat="48.57466" lon="7.68758">
        <ele>144.2</ele>
      </trkpt>
      <trkpt lat="48.57471" lon="7.68697">
        <ele>144.7</ele>
      </trkpt>
      <trkpt lat="48.57471" lon="7.68694">
        <ele>144.3</ele>
      </trkpt>
      <trkpt lat="48.57472" lon="7.68684">
        <ele>144.4</ele>
      </trkpt>
      <trkpt lat="48.57473" lon="7.68675">
        <ele>144.5</ele>
      </trkpt>
      <trkpt lat="48.57476" lon="7.68653">
        <ele>144.4</ele>
      </trkpt>
      <trkpt lat="48.57478" lon="7.68635">
        <ele>144.3</ele>
      </trkpt>
      <trkpt lat="48.57492" lon="7.68503">
        <ele>144.3</ele>
      </trkpt>
      <trkpt lat="48.57492" lon="7.68502">
        <ele>144.0</ele>
      </trkpt>
      <trkpt lat="48.57495" lon="7.68476">
        <ele>143.2</ele>
      </trkpt>
      <trkpt lat="48.57502" lon="7.6844">
        <ele>142.7</ele>
      </trkpt>
      <trkpt lat="48.57507" lon="7.68423">
        <ele>143.1</ele>
      </trkpt>
      <trkpt lat="48.57538" lon="7.6835">
        <ele>143.3</ele>
      </trkpt>
      <trkpt lat="48.57584" lon="7.68242">
        <ele>143.4</ele>
      </trkpt>
      <trkpt lat="48.57642" lon="7.68105">
        <ele>143.9</ele>
      </trkpt>
      <trkpt lat="48.57676" lon="7.68025">
        <ele>144.2</ele>
      </trkpt>
      <trkpt lat="48.57689" lon="7.67996">
        <ele>143.4</ele>
      </trkpt>
      <trkpt lat="48.57693" lon="7.67983">
        <ele>142.8</ele>
      </trkpt>
      <trkpt lat="48.57697" lon="7.67969">
        <ele>142.6</ele>
      </trkpt>
      <trkpt lat="48.57735" lon="7.67787">
        <ele>142.8</ele>
      </trkpt>
      <trkpt lat="48.57766" lon="7.67656">
        <ele>142.8</ele>
      </trkpt>
      <trkpt lat="48.57774" lon="7.6762">
        <ele>144.2</ele>
      </trkpt>
      <trkpt lat="48.57825" lon="7.67383">
        <ele>145.3</ele>
      </trkpt>
      <trkpt lat="48.57862" lon="7.67203">
        <ele>146.8</ele>
      </trkpt>
      <trkpt lat="48.57885" lon="7.67092">
        <ele>146.7</ele>
      </trkpt>
      <trkpt lat="48.5789" lon="7.6708">
        <ele>146.8</ele>
      </trkpt>
      <trkpt lat="48.57916" lon="7.66954">
        <ele>145.7</ele>
      </trkpt>
      <trkpt lat="48.57928" lon="7.66895">
        <ele>145.9</ele>
      </trkpt>
      <trkpt lat="48.57943" lon="7.66828">
        <ele>145.0</ele>
      </trkpt>
      <trkpt lat="48.57965" lon="7.66727">
        <ele>145.9</ele>
      </trkpt>
      <trkpt lat="48.5797" lon="7.66705">
        <ele>146.2</ele>
      </trkpt>
      <trkpt lat="48.57975" lon="7.66681">
        <ele>146.7</ele>
      </trkpt>
      <trkpt lat="48.57977" lon="7.66664">
        <ele>146.3</ele>
      </trkpt>
      <trkpt lat="48.57979" lon="7.66657">
        <ele>146.3</ele>
      </trkpt>
      <trkpt lat="48.57982" lon="7.66644">
        <ele>145.6</ele>
      </trkpt>
      <trkpt lat="48.57986" lon="7.66634">
        <ele>145.7</ele>
      </trkpt>
      <trkpt lat="48.57996" lon="7.66589">
        <ele>145.5</ele>
      </trkpt>
      <trkpt lat="48.58009" lon="7.6654">
        <ele>145.3</ele>
      </trkpt>
      <trkpt lat="48.58029" lon="7.66459">
        <ele>145.4</ele>
      </trkpt>
      <trkpt lat="48.58035" lon="7.66435">
        <ele>145.9</ele>
      </trkpt>
      <trkpt lat="48.58042" lon="7.66405">
        <ele>145.6</ele>
      </trkpt>
      <trkpt lat="48.58044" lon="7.66389">
        <ele>145.5</ele>
      </trkpt>
      <trkpt lat="48.58046" lon="7.66366">
        <ele>145.6</ele>
      </trkpt>
      <trkpt lat="48.58046" lon="7.66356">
        <ele>145.3</ele>
      </trkpt>
      <trkpt lat="48.58046" lon="7.66342">
        <ele>145.3</ele>
      </trkpt>
      <trkpt lat="48.58038" lon="7.66271">
        <ele>145.5</ele>
      </trkpt>
      <trkpt lat="48.58022" lon="7.66136">
        <ele>146.0</ele>
      </trkpt>
      <trkpt lat="48.58019" lon="7.66122">
        <ele>145.7</ele>
      </trkpt>
      <trkpt lat="48.58015" lon="7.66111">
        <ele>145.5</ele>
      </trkpt>
      <trkpt lat="48.57978" lon="7.66047">
        <ele>144.9</ele>
      </trkpt>
      <trkpt lat="48.57966" lon="7.66022">
        <ele>144.6</ele>
      </trkpt>
      <trkpt lat="48.57955" lon="7.65994">
        <ele>143.9</ele>
      </trkpt>
      <trkpt lat="48.5795" lon="7.65976">
        <ele>143.8</ele>
      </trkpt>
      <trkpt lat="48.57946" lon="7.65959">
        <ele>143.8</ele>
      </trkpt>
      <trkpt lat="48.57943" lon="7.65946">
        <ele>143.9</ele>
      </trkpt>
      <trkpt lat="48.5794" lon="7.65927">
        <ele>143.9</ele>
      </trkpt>
      <trkpt lat="48.5794" lon="7.65914">
        <ele>144.2</ele>
      </trkpt>
      <trkpt lat="48.57941" lon="7.65893">
        <ele>144.5</ele>
      </trkpt>
      <trkpt lat="48.57944" lon="7.65857">
        <ele>144.6</ele>
      </trkpt>
      <trkpt lat="48.57944" lon="7.65839">
        <ele>144.9</ele>
      </trkpt>
      <trkpt lat="48.57943" lon="7.65828">
        <ele>145.1</ele>
      </trkpt>
      <trkpt lat="48.57935" lon="7.65797">
        <ele>145.3</ele>
      </trkpt>
      <trkpt lat="48.57934" lon="7.65794">
        <ele>145.5</ele>
      </trkpt>
      <trkpt lat="48.57933" lon="7.65789">
        <ele>146.1</ele>
      </trkpt>
      <trkpt lat="48.5793" lon="7.65774">
        <ele>146.6</ele>
      </trkpt>
      <trkpt lat="48.5793" lon="7.65763">
        <ele>146.9</ele>
      </trkpt>
      <trkpt lat="48.57931" lon="7.6575">
        <ele>147.1</ele>
      </trkpt>
      <trkpt lat="48.57932" lon="7.65744">
        <ele>146.6</ele>
      </trkpt>
      <trkpt lat="48.57934" lon="7.65736">
        <ele>145.9</ele>
      </trkpt>
      <trkpt lat="48.57949" lon="7.657">
        <ele>145.2</ele>
      </trkpt>
      <trkpt lat="48.57957" lon="7.6568">
        <ele>144.6</ele>
      </trkpt>
      <trkpt lat="48.57961" lon="7.65663">
        <ele>144.0</ele>
      </trkpt>
      <trkpt lat="48.57963" lon="7.65648">
        <ele>144.0</ele>
      </trkpt>
      <trkpt lat="48.57963" lon="7.65622">
        <ele>144.1</ele>
      </trkpt>
      <trkpt lat="48.57963" lon="7.65566">
        <ele>144.2</ele>
      </trkpt>
      <trkpt lat="48.57962" lon="7.65546">
        <ele>144.2</ele>
      </trkpt>
      <trkpt lat="48.5796" lon="7.65531">
        <ele>144.3</ele>
      </trkpt>
      <trkpt lat="48.57956" lon="7.65518">
        <ele>144.4</ele>
      </trkpt>
      <trkpt lat="48.57949" lon="7.65496">
        <ele>144.5</ele>
      </trkpt>
      <trkpt lat="48.57931" lon="7.6545">
        <ele>144.6</ele>
      </trkpt>
      <trkpt lat="48.57929" lon="7.65439">
        <ele>144.7</ele>
      </trkpt>
      <trkpt lat="48.57928" lon="7.6543">
        <ele>145.0</ele>
      </trkpt>
      <trkpt lat="48.57928" lon="7.65422">
        <ele>144.9</ele>
      </trkpt>
      <trkpt lat="48.57944" lon="7.65255">
        <ele>144.8</ele>
      </trkpt>
      <trkpt lat="48.57954" lon="7.6515">
        <ele>144.7</ele>
      </trkpt>
      <trkpt lat="48.57956" lon="7.65128">
        <ele>145.1</ele>
      </trkpt>
      <trkpt lat="48.57974" lon="7.64951">
        <ele>145.4</ele>
      </trkpt>
      <trkpt lat="48.57989" lon="7.64801">
        <ele>146.2</ele>
      </trkpt>
      <trkpt lat="48.58002" lon="7.64686">
        <ele>146.9</ele>
      </trkpt>
      <trkpt lat="48.58006" lon="7.64636">
        <ele>147.5</ele>
      </trkpt>
      <trkpt lat="48.58007" lon="7.64632">
        <ele>148.2</ele>
      </trkpt>
      <trkpt lat="48.58007" lon="7.64629">
        <ele>149.1</ele>
      </trkpt>
      <trkpt lat="48.58011" lon="7.64583">
        <ele>149.3</ele>
      </trkpt>
      <trkpt lat="48.58024" lon="7.64463">
        <ele>148.8</ele>
      </trkpt>
      <trkpt lat="48.58037" lon="7.64339">
        <ele>149.5</ele>
      </trkpt>
      <trkpt lat="48.5804" lon="7.6424">
        <ele>148.6</ele>
      </trkpt>
      <trkpt lat="48.58041" lon="7.64134">
        <ele>148.8</ele>
      </trkpt>
      <trkpt lat="48.58037" lon="7.64034">
        <ele>149.4</ele>
      </trkpt>
      <trkpt lat="48.58032" lon="7.63855">
        <ele>150.4</ele>
      </trkpt>
      <trkpt lat="48.5803" lon="7.63823">
        <ele>150.3</ele>
      </trkpt>
      <trkpt lat="48.58022" lon="7.63785">
        <ele>151.2</ele>
      </trkpt>
      <trkpt lat="48.58021" lon="7.63767">
        <ele>149.8</ele>
      </trkpt>
      <trkpt lat="48.58027" lon="7.63713">
        <ele>149.2</ele>
      </trkpt>
      <trkpt lat="48.58029" lon="7.63659">
        <ele>148.3</ele>
      </trkpt>
      <trkpt lat="48.58028" lon="7.63543">
        <ele>148.0</ele>
      </trkpt>
      <trkpt lat="48.5803" lon="7.63493">
        <ele>148.1</ele>
      </trkpt>
      <trkpt lat="48.58032" lon="7.63475">
        <ele>148.9</ele>
      </trkpt>
      <trkpt lat="48.58078" lon="7.63383">
        <ele>149.0</ele>
      </trkpt>
      <trkpt lat="48.58083" lon="7.63365">
        <ele>149.7</ele>
      </trkpt>
      <trkpt lat="48.58083" lon="7.63347">
        <ele>148.9</ele>
      </trkpt>
      <trkpt lat="48.58078" lon="7.63331">
        <ele>147.9</ele>
      </trkpt>
      <trkpt lat="48.58035" lon="7.63281">
        <ele>146.9</ele>
      </trkpt>
      <trkpt lat="48.57992" lon="7.63234">
        <ele>146.2</ele>
      </trkpt>
      <trkpt lat="48.57988" lon="7.6323">
        <ele>145.6</ele>
      </trkpt>
      <trkpt lat="48.57945" lon="7.63192">
        <ele>145.6</ele>
      </trkpt>
      <trkpt lat="48.5793" lon="7.63178">
        <ele>145.6</ele>
      </trkpt>
      <trkpt lat="48.57897" lon="7.63139">
        <ele>145.6</ele>
      </trkpt>
      <trkpt lat="48.5786" lon="7.63098">
        <ele>145.6</ele>
      </trkpt>
      <trkpt lat="48.57825" lon="7.6306">
        <ele>145.8</ele>
      </trkpt>
      <trkpt lat="48.57772" lon="7.63005">
        <ele>146.4</ele>
      </trkpt>
      <trkpt lat="48.57721" lon="7.6295">
        <ele>147.1</ele>
      </trkpt>
      <trkpt lat="48.57675" lon="7.62903">
        <ele>147.9</ele>
      </trkpt>
      <trkpt lat="48.57659" lon="7.62889">
        <ele>148.3</ele>
      </trkpt>
      <trkpt lat="48.57634" lon="7.62869">
        <ele>148.6</ele>
      </trkpt>
      <trkpt lat="48.57632" lon="7.62867">
        <ele>148.5</ele>
      </trkpt>
      <trkpt lat="48.57629" lon="7.62864">
        <ele>148.4</ele>
      </trkpt>
      <trkpt lat="48.57626" lon="7.62863">
        <ele>148.7</ele>
      </trkpt>
      <trkpt lat="48.57607" lon="7.62848">
        <ele>149.9</ele>
      </trkpt>
      <trkpt lat="48.57591" lon="7.62837">
        <ele>150.4</ele>
      </trkpt>
      <trkpt lat="48.5757" lon="7.62825">
        <ele>151.0</ele>
      </trkpt>
      <trkpt lat="48.57563" lon="7.62819">
        <ele>151.8</ele>
      </trkpt>
      <trkpt lat="48.57558" lon="7.62815">
        <ele>152.4</ele>
      </trkpt>
      <trkpt lat="48.57552" lon="7.62808">
        <ele>150.9</ele>
      </trkpt>
      <trkpt lat="48.57545" lon="7.62799">
        <ele>150.3</ele>
      </trkpt>
      <trkpt lat="48.57537" lon="7.62782">
        <ele>149.4</ele>
      </trkpt>
      <trkpt lat="48.57508" lon="7.62722">
        <ele>148.3</ele>
      </trkpt>
      <trkpt lat="48.57499" lon="7.62708">
        <ele>147.6</ele>
      </trkpt>
      <trkpt lat="48.57491" lon="7.627">
        <ele>148.0</ele>
      </trkpt>
      <trkpt lat="48.57485" lon="7.62695">
        <ele>148.3</ele>
      </trkpt>
      <trkpt lat="48.57477" lon="7.62689">
        <ele>148.5</ele>
      </trkpt>
      <trkpt lat="48.57449" lon="7.62676">
        <ele>148.5</ele>
      </trkpt>
      <trkpt lat="48.57379" lon="7.62643">
        <ele>148.1</ele>
      </trkpt>
      <trkpt lat="48.57299" lon="7.62608">
        <ele>147.9</ele>
      </trkpt>
      <trkpt lat="48.57231" lon="7.62578">
        <ele>147.6</ele>
      </trkpt>
      <trkpt lat="48.572" lon="7.62562">
        <ele>147.9</ele>
      </trkpt>
      <trkpt lat="48.57176" lon="7.62552">
        <ele>148.6</ele>
      </trkpt>
      <trkpt lat="48.57136" lon="7.62533">
        <ele>148.8</ele>
      </trkpt>
      <trkpt lat="48.57122" lon="7.62526">
        <ele>148.9</ele>
      </trkpt>
      <trkpt lat="48.57109" lon="7.62522">
        <ele>148.9</ele>
      </trkpt>
      <trkpt lat="48.57104" lon="7.6252">
        <ele>149.4</ele>
      </trkpt>
      <trkpt lat="48.57098" lon="7.62517">
        <ele>149.4</ele>
      </trkpt>
      <trkpt lat="48.57094" lon="7.62515">
        <ele>149.4</ele>
      </trkpt>
      <trkpt lat="48.57088" lon="7.62511">
        <ele>149.3</ele>
      </trkpt>
      <trkpt lat="48.57082" lon="7.62506">
        <ele>150.5</ele>
      </trkpt>
      <trkpt lat="48.57073" lon="7.62497">
        <ele>151.1</ele>
      </trkpt>
      <trkpt lat="48.57047" lon="7.62456">
        <ele>153.2</ele>
      </trkpt>
      <trkpt lat="48.57018" lon="7.62414">
        <ele>154.2</ele>
      </trkpt>
      <trkpt lat="48.56985" lon="7.62364">
        <ele>156.0</ele>
      </trkpt>
      <trkpt lat="48.56945" lon="7.62316">
        <ele>156.1</ele>
      </trkpt>
      <trkpt lat="48.56905" lon="7.62267">
        <ele>155.0</ele>
      </trkpt>
      <trkpt lat="48.56854" lon="7.62231">
        <ele>152.9</ele>
      </trkpt>
      <trkpt lat="48.5681" lon="7.62211">
        <ele>152.0</ele>
      </trkpt>
      <trkpt lat="48.5677" lon="7.62185">
        <ele>150.7</ele>
      </trkpt>
      <trkpt lat="48.56745" lon="7.62157">
        <ele>150.3</ele>
      </trkpt>
      <trkpt lat="48.56729" lon="7.62128">
        <ele>150.7</ele>
      </trkpt>
      <trkpt lat="48.56707" lon="7.62104">
        <ele>150.6</ele>
      </trkpt>
      <trkpt lat="48.56661" lon="7.62065">
        <ele>150.7</ele>
      </trkpt>
      <trkpt lat="48.56652" lon="7.62057">
        <ele>150.7</ele>
      </trkpt>
      <trkpt lat="48.56591" lon="7.62008">
        <ele>150.2</ele>
      </trkpt>
      <trkpt lat="48.56565" lon="7.61988">
        <ele>149.8</ele>
      </trkpt>
      <trkpt lat="48.56496" lon="7.61941">
        <ele>149.8</ele>
      </trkpt>
      <trkpt lat="48.5643" lon="7.61887">
        <ele>149.6</ele>
      </trkpt>
      <trkpt lat="48.56405" lon="7.61861">
        <ele>150.2</ele>
      </trkpt>
      <trkpt lat="48.56376" lon="7.61835">
        <ele>150.8</ele>
      </trkpt>
      <trkpt lat="48.5635" lon="7.61822">
        <ele>151.7</ele>
      </trkpt>
      <trkpt lat="48.56331" lon="7.61818">
        <ele>151.6</ele>
      </trkpt>
      <trkpt lat="48.56313" lon="7.61819">
        <ele>152.2</ele>
      </trkpt>
      <trkpt lat="48.56298" lon="7.61827">
        <ele>151.7</ele>
      </trkpt>
      <trkpt lat="48.56286" lon="7.61839">
        <ele>151.2</ele>
      </trkpt>
      <trkpt lat="48.56276" lon="7.61853">
        <ele>150.9</ele>
      </trkpt>
      <trkpt lat="48.56258" lon="7.61872">
        <ele>151.2</ele>
      </trkpt>
      <trkpt lat="48.56235" lon="7.61888">
        <ele>150.6</ele>
      </trkpt>
      <trkpt lat="48.5618" lon="7.61911">
        <ele>150.4</ele>
      </trkpt>
      <trkpt lat="48.56157" lon="7.61915">
        <ele>150.3</ele>
      </trkpt>
      <trkpt lat="48.56139" lon="7.61913">
        <ele>149.9</ele>
      </trkpt>
      <trkpt lat="48.56111" lon="7.61904">
        <ele>149.9</ele>
      </trkpt>
      <trkpt lat="48.56083" lon="7.61892">
        <ele>150.4</ele>
      </trkpt>
      <trkpt lat="48.56068" lon="7.6189">
        <ele>150.7</ele>
      </trkpt>
      <trkpt lat="48.56013" lon="7.61901">
        <ele>151.2</ele>
      </trkpt>
      <trkpt lat="48.55964" lon="7.619">
        <ele>151.4</ele>
      </trkpt>
      <trkpt lat="48.5595" lon="7.61897">
        <ele>151.6</ele>
      </trkpt>
      <trkpt lat="48.55907" lon="7.61875">
        <ele>151.6</ele>
      </trkpt>
      <trkpt lat="48.55875" lon="7.61857">
        <ele>152.7</ele>
      </trkpt>
      <trkpt lat="48.55827" lon="7.61829">
        <ele>153.4</ele>
      </trkpt>
      <trkpt lat="48.55777" lon="7.61797">
        <ele>154.4</ele>
      </trkpt>
      <trkpt lat="48.55736" lon="7.61773">
        <ele>155.0</ele>
      </trkpt>
      <trkpt lat="48.55702" lon="7.61754">
        <ele>155.9</ele>
      </trkpt>
      <trkpt lat="48.55674" lon="7.61738">
        <ele>155.9</ele>
      </trkpt>
      <trkpt lat="48.55671" lon="7.61736">
        <ele>155.9</ele>
      </trkpt>
      <trkpt lat="48.55669" lon="7.61735">
        <ele>156.2</ele>
      </trkpt>
      <trkpt lat="48.55667" lon="7.61742">
        <ele>156.5</ele>
      </trkpt>
      <trkpt lat="48.55663" lon="7.61739">
        <ele>156.8</ele>
      </trkpt>
      <trkpt lat="48.55659" lon="7.61737">
        <ele>156.4</ele>
      </trkpt>
      <trkpt lat="48.55658" lon="7.61736">
        <ele>156.2</ele>
      </trkpt>
      <trkpt lat="48.55648" lon="7.6173">
        <ele>155.9</ele>
      </trkpt>
      <trkpt lat="48.55641" lon="7.61723">
        <ele>155.2</ele>
      </trkpt>
      <trkpt lat="48.55632" lon="7.61714">
        <ele>154.0</ele>
      </trkpt>
      <trkpt lat="48.55623" lon="7.61705">
        <ele>153.6</ele>
      </trkpt>
      <trkpt lat="48.55615" lon="7.61696">
        <ele>153.1</ele>
      </trkpt>
      <trkpt lat="48.55608" lon="7.61685">
        <ele>152.6</ele>
      </trkpt>
      <trkpt lat="48.55607" lon="7.61683">
        <ele>152.1</ele>
      </trkpt>
      <trkpt lat="48.55598" lon="7.6166">
        <ele>152.1</ele>
      </trkpt>
      <trkpt lat="48.55583" lon="7.6161">
        <ele>151.9</ele>
      </trkpt>
      <trkpt lat="48.55578" lon="7.61594">
        <ele>151.5</ele>
      </trkpt>
      <trkpt lat="48.55566" lon="7.61574">
        <ele>151.0</ele>
      </trkpt>
      <trkpt lat="48.55552" lon="7.61553">
        <ele>151.0</ele>
      </trkpt>
      <trkpt lat="48.55528" lon="7.61494">
        <ele>151.2</ele>
      </trkpt>
      <trkpt lat="48.55511" lon="7.61448">
        <ele>152.1</ele>
      </trkpt>
      <trkpt lat="48.55503" lon="7.61423">
        <ele>152.8</ele>
      </trkpt>
      <trkpt lat="48.55494" lon="7.61372">
        <ele>153.0</ele>
      </trkpt>
      <trkpt lat="48.55486" lon="7.61331">
        <ele>153.3</ele>
      </trkpt>
      <trkpt lat="48.55478" lon="7.61296">
        <ele>153.3</ele>
      </trkpt>
      <trkpt lat="48.55462" lon="7.61253">
        <ele>152.8</ele>
      </trkpt>
      <trkpt lat="48.55418" lon="7.61099">
        <ele>152.6</ele>
      </trkpt>
      <trkpt lat="48.55405" lon="7.61058">
        <ele>152.4</ele>
      </trkpt>
      <trkpt lat="48.554" lon="7.61034">
        <ele>152.5</ele>
      </trkpt>
      <trkpt lat="48.55398" lon="7.61028">
        <ele>152.5</ele>
      </trkpt>
      <trkpt lat="48.55389" lon="7.60958">
        <ele>152.6</ele>
      </trkpt>
      <trkpt lat="48.55388" lon="7.60946">
        <ele>152.6</ele>
      </trkpt>
      <trkpt lat="48.5538" lon="7.6087">
        <ele>152.8</ele>
      </trkpt>
      <trkpt lat="48.55377" lon="7.60806">
        <ele>153.5</ele>
      </trkpt>
      <trkpt lat="48.55375" lon="7.60756">
        <ele>154.8</ele>
      </trkpt>
      <trkpt lat="48.55374" lon="7.60702">
        <ele>156.0</ele>
      </trkpt>
      <trkpt lat="48.55373" lon="7.60662">
        <ele>156.3</ele>
      </trkpt>
      <trkpt lat="48.55373" lon="7.60655">
        <ele>156.3</ele>
      </trkpt>
      <trkpt lat="48.55373" lon="7.6064">
        <ele>156.4</ele>
      </trkpt>
      <trkpt lat="48.55373" lon="7.60632">
        <ele>156.5</ele>
      </trkpt>
      <trkpt lat="48.55373" lon="7.60622">
        <ele>156.6</ele>
      </trkpt>
      <trkpt lat="48.55377" lon="7.60586">
        <ele>156.8</ele>
      </trkpt>
      <trkpt lat="48.55377" lon="7.60554">
        <ele>155.9</ele>
      </trkpt>
      <trkpt lat="48.55375" lon="7.60514">
        <ele>155.2</ele>
      </trkpt>
      <trkpt lat="48.55374" lon="7.60456">
        <ele>155.2</ele>
      </trkpt>
      <trkpt lat="48.55376" lon="7.60404">
        <ele>157.1</ele>
      </trkpt>
      <trkpt lat="48.55381" lon="7.6033">
        <ele>158.2</ele>
      </trkpt>
      <trkpt lat="48.55387" lon="7.60198">
        <ele>158.4</ele>
      </trkpt>
      <trkpt lat="48.55394" lon="7.60116">
        <ele>158.3</ele>
      </trkpt>
      <trkpt lat="48.55396" lon="7.60058">
        <ele>158.4</ele>
      </trkpt>
      <trkpt lat="48.55389" lon="7.60014">
        <ele>157.6</ele>
      </trkpt>
      <trkpt lat="48.5538" lon="7.59949">
        <ele>156.9</ele>
      </trkpt>
      <trkpt lat="48.55377" lon="7.59882">
        <ele>157.1</ele>
      </trkpt>
      <trkpt lat="48.5537" lon="7.59839">
        <ele>156.9</ele>
      </trkpt>
      <trkpt lat="48.55355" lon="7.59812">
        <ele>157.5</ele>
      </trkpt>
      <trkpt lat="48.5532" lon="7.5976">
        <ele>157.2</ele>
      </trkpt>
      <trkpt lat="48.55289" lon="7.59709">
        <ele>157.0</ele>
      </trkpt>
      <trkpt lat="48.55273" lon="7.59677">
        <ele>157.2</ele>
      </trkpt>
      <trkpt lat="48.55268" lon="7.59642">
        <ele>158.2</ele>
      </trkpt>
      <trkpt lat="48.55263" lon="7.59578">
        <ele>157.3</ele>
      </trkpt>
      <trkpt lat="48.55263" lon="7.59534">
        <ele>157.2</ele>
      </trkpt>
      <trkpt lat="48.55274" lon="7.5946">
        <ele>156.9</ele>
      </trkpt>
      <trkpt lat="48.55288" lon="7.59327">
        <ele>156.5</ele>
      </trkpt>
      <trkpt lat="48.55293" lon="7.59304">
        <ele>156.4</ele>
      </trkpt>
      <trkpt lat="48.55303" lon="7.59277">
        <ele>156.9</ele>
      </trkpt>
      <trkpt lat="48.55332" lon="7.59232">
        <ele>156.4</ele>
      </trkpt>
      <trkpt lat="48.55395" lon="7.59147">
        <ele>157.5</ele>
      </trkpt>
      <trkpt lat="48.55475" lon="7.59037">
        <ele>157.7</ele>
      </trkpt>
      <trkpt lat="48.55486" lon="7.59017">
        <ele>157.6</ele>
      </trkpt>
      <trkpt lat="48.55491" lon="7.59003">
        <ele>157.6</ele>
      </trkpt>
      <trkpt lat="48.55493" lon="7.58999">
        <ele>158.5</ele>
      </trkpt>
      <trkpt lat="48.55495" lon="7.58993">
        <ele>158.0</ele>
      </trkpt>
      <trkpt lat="48.55519" lon="7.58952">
        <ele>158.4</ele>
      </trkpt>
      <trkpt lat="48.55578" lon="7.58856">
        <ele>159.6</ele>
      </trkpt>
      <trkpt lat="48.55602" lon="7.58801">
        <ele>159.4</ele>
      </trkpt>
      <trkpt lat="48.55628" lon="7.58725">
        <ele>159.5</ele>
      </trkpt>
      <trkpt lat="48.55663" lon="7.58608">
        <ele>160.2</ele>
      </trkpt>
      <trkpt lat="48.55677" lon="7.58537">
        <ele>159.7</ele>
      </trkpt>
      <trkpt lat="48.5568" lon="7.58512">
        <ele>158.6</ele>
      </trkpt>
      <trkpt lat="48.55687" lon="7.58484">
        <ele>159.7</ele>
      </trkpt>
      <trkpt lat="48.55695" lon="7.58457">
        <ele>158.4</ele>
      </trkpt>
      <trkpt lat="48.55705" lon="7.58428">
        <ele>157.3</ele>
      </trkpt>
      <trkpt lat="48.55738" lon="7.58354">
        <ele>157.7</ele>
      </trkpt>
      <trkpt lat="48.55774" lon="7.58312">
        <ele>157.3</ele>
      </trkpt>
      <trkpt lat="48.55808" lon="7.5827">
        <ele>156.4</ele>
      </trkpt>
      <trkpt lat="48.55815" lon="7.58248">
        <ele>156.6</ele>
      </trkpt>
      <trkpt lat="48.55816" lon="7.58218">
        <ele>156.6</ele>
      </trkpt>
      <trkpt lat="48.55733" lon="7.5789">
        <ele>156.4</ele>
      </trkpt>
      <trkpt lat="48.55705" lon="7.57786">
        <ele>156.7</ele>
      </trkpt>
      <trkpt lat="48.55674" lon="7.57724">
        <ele>157.9</ele>
      </trkpt>
      <trkpt lat="48.55665" lon="7.57688">
        <ele>158.8</ele>
      </trkpt>
      <trkpt lat="48.55666" lon="7.57641">
        <ele>159.1</ele>
      </trkpt>
      <trkpt lat="48.55675" lon="7.57609">
        <ele>160.1</ele>
      </trkpt>
      <trkpt lat="48.55738" lon="7.57418">
        <ele>161.0</ele>
      </trkpt>
      <trkpt lat="48.55768" lon="7.57327">
        <ele>162.2</ele>
      </trkpt>
      <trkpt lat="48.55771" lon="7.57313">
        <ele>163.7</ele>
      </trkpt>
      <trkpt lat="48.55772" lon="7.57301">
        <ele>165.9</ele>
      </trkpt>
      <trkpt lat="48.55773" lon="7.57289">
        <ele>167.1</ele>
      </trkpt>
      <trkpt lat="48.55767" lon="7.57219">
        <ele>167.7</ele>
      </trkpt>
      <trkpt lat="48.55767" lon="7.57199">
        <ele>167.2</ele>
      </trkpt>
      <trkpt lat="48.55768" lon="7.57178">
        <ele>166.1</ele>
      </trkpt>
      <trkpt lat="48.5577" lon="7.57159">
        <ele>164.7</ele>
      </trkpt>
      <trkpt lat="48.55772" lon="7.57139">
        <ele>163.4</ele>
      </trkpt>
      <trkpt lat="48.55777" lon="7.57112">
        <ele>163.7</ele>
      </trkpt>
      <trkpt lat="48.55807" lon="7.56993">
        <ele>163.6</ele>
      </trkpt>
      <trkpt lat="48.55858" lon="7.56793">
        <ele>162.6</ele>
      </trkpt>
      <trkpt lat="48.55874" lon="7.56731">
        <ele>161.6</ele>
      </trkpt>
      <trkpt lat="48.5589" lon="7.56673">
        <ele>160.7</ele>
      </trkpt>
      <trkpt lat="48.55892" lon="7.56664">
        <ele>159.0</ele>
      </trkpt>
      <trkpt lat="48.55894" lon="7.56657">
        <ele>157.6</ele>
      </trkpt>
      <trkpt lat="48.55895" lon="7.56653">
        <ele>157.5</ele>
      </trkpt>
      <trkpt lat="48.55897" lon="7.56647">
        <ele>157.6</ele>
      </trkpt>
      <trkpt lat="48.55902" lon="7.56636">
        <ele>157.8</ele>
      </trkpt>
      <trkpt lat="48.55912" lon="7.5662">
        <ele>158.3</ele>
      </trkpt>
      <trkpt lat="48.55927" lon="7.56599">
        <ele>159.3</ele>
      </trkpt>
      <trkpt lat="48.55966" lon="7.56556">
        <ele>160.6</ele>
      </trkpt>
      <trkpt lat="48.5604" lon="7.56477">
        <ele>161.8</ele>
      </trkpt>
      <trkpt lat="48.56059" lon="7.56454">
        <ele>163.3</ele>
      </trkpt>
      <trkpt lat="48.56088" lon="7.56413">
        <ele>163.0</ele>
      </trkpt>
      <trkpt lat="48.56121" lon="7.56371">
        <ele>163.8</ele>
      </trkpt>
      <trkpt lat="48.56161" lon="7.5632">
        <ele>162.6</ele>
      </trkpt>
      <trkpt lat="48.56178" lon="7.56302">
        <ele>161.5</ele>
      </trkpt>
      <trkpt lat="48.56209" lon="7.56277">
        <ele>160.8</ele>
      </trkpt>
      <trkpt lat="48.56222" lon="7.56264">
        <ele>160.8</ele>
      </trkpt>
      <trkpt lat="48.56234" lon="7.5625">
        <ele>159.2</ele>
      </trkpt>
      <trkpt lat="48.5632" lon="7.5613">
        <ele>159.5</ele>
      </trkpt>
      <trkpt lat="48.56354" lon="7.56087">
        <ele>159.5</ele>
      </trkpt>
      <trkpt lat="48.5636" lon="7.56078">
        <ele>158.6</ele>
      </trkpt>
      <trkpt lat="48.56363" lon="7.5607">
        <ele>160.6</ele>
      </trkpt>
      <trkpt lat="48.56366" lon="7.56053">
        <ele>161.8</ele>
      </trkpt>
      <trkpt lat="48.56375" lon="7.55942">
        <ele>162.9</ele>
      </trkpt>
      <trkpt lat="48.56383" lon="7.55849">
        <ele>164.0</ele>
      </trkpt>
      <trkpt lat="48.56382" lon="7.55827">
        <ele>167.4</ele>
      </trkpt>
      <trkpt lat="48.56381" lon="7.55812">
        <ele>167.6</ele>
      </trkpt>
      <trkpt lat="48.56373" lon="7.55749">
        <ele>168.5</ele>
      </trkpt>
      <trkpt lat="48.56369" lon="7.55717">
        <ele>169.4</ele>
      </trkpt>
      <trkpt lat="48.56368" lon="7.55701">
        <ele>170.9</ele>
      </trkpt>
      <trkpt lat="48.56369" lon="7.55686">
        <ele>169.2</ele>
      </trkpt>
      <trkpt lat="48.56374" lon="7.55665">
        <ele>167.7</ele>
      </trkpt>
      <trkpt lat="48.56386" lon="7.55634">
        <ele>166.7</ele>
      </trkpt>
      <trkpt lat="48.56406" lon="7.55584">
        <ele>165.9</ele>
      </trkpt>
      <trkpt lat="48.56514" lon="7.55319">
        <ele>165.4</ele>
      </trkpt>
      <trkpt lat="48.56517" lon="7.55305">
        <ele>165.5</ele>
      </trkpt>
      <trkpt lat="48.56519" lon="7.55293">
        <ele>166.6</ele>
      </trkpt>
      <trkpt lat="48.5652" lon="7.55273">
        <ele>167.1</ele>
      </trkpt>
      <trkpt lat="48.5652" lon="7.55251">
        <ele>168.0</ele>
      </trkpt>
      <trkpt lat="48.56522" lon="7.55227">
        <ele>168.1</ele>
      </trkpt>
      <trkpt lat="48.56524" lon="7.55204">
        <ele>168.8</ele>
      </trkpt>
      <trkpt lat="48.5653" lon="7.5517">
        <ele>169.2</ele>
      </trkpt>
      <trkpt lat="48.5654" lon="7.55111">
        <ele>169.0</ele>
      </trkpt>
      <trkpt lat="48.56547" lon="7.55085">
        <ele>168.8</ele>
      </trkpt>
      <trkpt lat="48.5656" lon="7.55057">
        <ele>167.5</ele>
      </trkpt>
      <trkpt lat="48.56596" lon="7.55018">
        <ele>166.0</ele>
      </trkpt>
      <trkpt lat="48.56643" lon="7.54973">
        <ele>164.2</ele>
      </trkpt>
      <trkpt lat="48.56686" lon="7.54917">
        <ele>163.0</ele>
      </trkpt>
      <trkpt lat="48.56719" lon="7.54853">
        <ele>161.7</ele>
      </trkpt>
      <trkpt lat="48.56742" lon="7.54803">
        <ele>162.1</ele>
      </trkpt>
      <trkpt lat="48.5675" lon="7.54779">
        <ele>163.3</ele>
      </trkpt>
      <trkpt lat="48.56755" lon="7.54754">
        <ele>165.1</ele>
      </trkpt>
      <trkpt lat="48.5676" lon="7.54704">
        <ele>166.7</ele>
      </trkpt>
      <trkpt lat="48.56763" lon="7.546">
        <ele>169.6</ele>
      </trkpt>
      <trkpt lat="48.5676" lon="7.54351">
        <ele>171.3</ele>
      </trkpt>
      <trkpt lat="48.56757" lon="7.54289">
        <ele>171.1</ele>
      </trkpt>
      <trkpt lat="48.56746" lon="7.54137">
        <ele>170.4</ele>
      </trkpt>
      <trkpt lat="48.56739" lon="7.5405">
        <ele>169.6</ele>
      </trkpt>
      <trkpt lat="48.56738" lon="7.53973">
        <ele>166.5</ele>
      </trkpt>
      <trkpt lat="48.56734" lon="7.53897">
        <ele>164.2</ele>
      </trkpt>
      <trkpt lat="48.56732" lon="7.53826">
        <ele>163.0</ele>
      </trkpt>
      <trkpt lat="48.56719" lon="7.53762">
        <ele>161.8</ele>
      </trkpt>
      <trkpt lat="48.5668" lon="7.53628">
        <ele>162.5</ele>
      </trkpt>
      <trkpt lat="48.56666" lon="7.53508">
        <ele>163.3</ele>
      </trkpt>
      <trkpt lat="48.56657" lon="7.53408">
        <ele>164.3</ele>
      </trkpt>
      <trkpt lat="48.56655" lon="7.53384">
        <ele>165.2</ele>
      </trkpt>
      <trkpt lat="48.56656" lon="7.53284">
        <ele>165.6</ele>
      </trkpt>
      <trkpt lat="48.56666" lon="7.53196">
        <ele>165.1</ele>
      </trkpt>
      <trkpt lat="48.56673" lon="7.53113">
        <ele>165.2</ele>
      </trkpt>
      <trkpt lat="48.56678" lon="7.53051">
        <ele>164.5</ele>
      </trkpt>
      <trkpt lat="48.56688" lon="7.5296">
        <ele>164.3</ele>
      </trkpt>
      <trkpt lat="48.56697" lon="7.52875">
        <ele>164.6</ele>
      </trkpt>
      <trkpt lat="48.56698" lon="7.5287">
        <ele>164.6</ele>
      </trkpt>
      <trkpt lat="48.567" lon="7.52866">
        <ele>164.5</ele>
      </trkpt>
      <trkpt lat="48.567" lon="7.52861">
        <ele>164.5</ele>
      </trkpt>
      <trkpt lat="48.56703" lon="7.52848">
        <ele>164.2</ele>
      </trkpt>
      <trkpt lat="48.5673" lon="7.52712">
        <ele>164.1</ele>
      </trkpt>
      <trkpt lat="48.56753" lon="7.52534">
        <ele>164.4</ele>
      </trkpt>
      <trkpt lat="48.56754" lon="7.52509">
        <ele>165.0</ele>
      </trkpt>
      <trkpt lat="48.56754" lon="7.52482">
        <ele>166.8</ele>
      </trkpt>
      <trkpt lat="48.56752" lon="7.52373">
        <ele>167.2</ele>
      </trkpt>
      <trkpt lat="48.56748" lon="7.52191">
        <ele>167.2</ele>
      </trkpt>
      <trkpt lat="48.56744" lon="7.52039">
        <ele>167.1</ele>
      </trkpt>
      <trkpt lat="48.56739" lon="7.51864">
        <ele>166.6</ele>
      </trkpt>
      <trkpt lat="48.56734" lon="7.51817">
        <ele>165.2</ele>
      </trkpt>
      <trkpt lat="48.56729" lon="7.51782">
        <ele>165.9</ele>
      </trkpt>
      <trkpt lat="48.56712" lon="7.517">
        <ele>166.7</ele>
      </trkpt>
      <trkpt lat="48.56707" lon="7.51668">
        <ele>167.1</ele>
      </trkpt>
      <trkpt lat="48.56704" lon="7.51637">
        <ele>167.5</ele>
      </trkpt>
      <trkpt lat="48.56699" lon="7.51604">
        <ele>167.6</ele>
      </trkpt>
      <trkpt lat="48.56688" lon="7.51544">
        <ele>167.1</ele>
      </trkpt>
      <trkpt lat="48.56673" lon="7.51472">
        <ele>166.7</ele>
      </trkpt>
      <trkpt lat="48.56663" lon="7.51427">
        <ele>166.4</ele>
      </trkpt>
      <trkpt lat="48.56661" lon="7.51422">
        <ele>166.3</ele>
      </trkpt>
      <trkpt lat="48.5666" lon="7.51416">
        <ele>167.0</ele>
      </trkpt>
      <trkpt lat="48.5666" lon="7.51415">
        <ele>170.1</ele>
      </trkpt>
      <trkpt lat="48.56641" lon="7.51346">
        <ele>172.4</ele>
      </trkpt>
      <trkpt lat="48.56623" lon="7.51262">
        <ele>174.2</ele>
      </trkpt>
      <trkpt lat="48.56614" lon="7.51192">
        <ele>175.9</ele>
      </trkpt>
      <trkpt lat="48.56604" lon="7.51102">
        <ele>176.4</ele>
      </trkpt>
      <trkpt lat="48.56604" lon="7.5109">
        <ele>175.8</ele>
      </trkpt>
      <trkpt lat="48.56606" lon="7.51079">
        <ele>175.4</ele>
      </trkpt>
      <trkpt lat="48.56609" lon="7.51072">
        <ele>175.2</ele>
      </trkpt>
      <trkpt lat="48.56619" lon="7.51056">
        <ele>174.2</ele>
      </trkpt>
      <trkpt lat="48.56624" lon="7.5105">
        <ele>173.2</ele>
      </trkpt>
      <trkpt lat="48.56663" lon="7.51004">
        <ele>171.3</ele>
      </trkpt>
      <trkpt lat="48.567" lon="7.50964">
        <ele>169.9</ele>
      </trkpt>
      <trkpt lat="48.56724" lon="7.50928">
        <ele>168.3</ele>
      </trkpt>
      <trkpt lat="48.56733" lon="7.50896">
        <ele>167.7</ele>
      </trkpt>
      <trkpt lat="48.56735" lon="7.50858">
        <ele>167.7</ele>
      </trkpt>
      <trkpt lat="48.56731" lon="7.50805">
        <ele>167.8</ele>
      </trkpt>
      <trkpt lat="48.56719" lon="7.5072">
        <ele>167.7</ele>
      </trkpt>
      <trkpt lat="48.56719" lon="7.50612">
        <ele>167.8</ele>
      </trkpt>
      <trkpt lat="48.56716" lon="7.50576">
        <ele>168.0</ele>
      </trkpt>
      <trkpt lat="48.56707" lon="7.5053">
        <ele>167.9</ele>
      </trkpt>
      <trkpt lat="48.56705" lon="7.50511">
        <ele>167.6</ele>
      </trkpt>
      <trkpt lat="48.56704" lon="7.50452">
        <ele>167.8</ele>
      </trkpt>
      <trkpt lat="48.567" lon="7.5042">
        <ele>168.4</ele>
      </trkpt>
      <trkpt lat="48.56693" lon="7.50379">
        <ele>168.8</ele>
      </trkpt>
      <trkpt lat="48.56685" lon="7.50349">
        <ele>169.6</ele>
      </trkpt>
      <trkpt lat="48.56668" lon="7.50312">
        <ele>170.8</ele>
      </trkpt>
      <trkpt lat="48.56658" lon="7.50271">
        <ele>170.8</ele>
      </trkpt>
      <trkpt lat="48.5665" lon="7.50198">
        <ele>170.3</ele>
      </trkpt>
      <trkpt lat="48.56622" lon="7.50109">
        <ele>170.0</ele>
      </trkpt>
      <trkpt lat="48.56614" lon="7.50076">
        <ele>169.4</ele>
      </trkpt>
      <trkpt lat="48.56609" lon="7.50038">
        <ele>167.9</ele>
      </trkpt>
      <trkpt lat="48.56608" lon="7.50011">
        <ele>168.0</ele>
      </trkpt>
      <trkpt lat="48.56608" lon="7.49986">
        <ele>168.6</ele>
      </trkpt>
      <trkpt lat="48.56609" lon="7.49961">
        <ele>169.0</ele>
      </trkpt>
      <trkpt lat="48.5661" lon="7.49952">
        <ele>169.6</ele>
      </trkpt>
      <trkpt lat="48.56616" lon="7.49917">
        <ele>169.9</ele>
      </trkpt>
      <trkpt lat="48.56619" lon="7.49897">
        <ele>169.7</ele>
      </trkpt>
      <trkpt lat="48.56635" lon="7.49821">
        <ele>169.7</ele>
      </trkpt>
      <trkpt lat="48.56641" lon="7.49798">
        <ele>169.4</ele>
      </trkpt>
      <trkpt lat="48.5665" lon="7.49769">
        <ele>169.2</ele>
      </trkpt>
      <trkpt lat="48.56663" lon="7.49731">
        <ele>169.5</ele>
      </trkpt>
      <trkpt lat="48.56675" lon="7.49706">
        <ele>170.1</ele>
      </trkpt>
      <trkpt lat="48.56686" lon="7.4968">
        <ele>170.2</ele>
      </trkpt>
      <trkpt lat="48.56698" lon="7.4965">
        <ele>170.3</ele>
      </trkpt>
      <trkpt lat="48.56706" lon="7.49635">
        <ele>170.7</ele>
      </trkpt>
      <trkpt lat="48.56715" lon="7.49623">
        <ele>171.3</ele>
      </trkpt>
      <trkpt lat="48.5676" lon="7.49568">
        <ele>171.6</ele>
      </trkpt>
      <trkpt lat="48.56792" lon="7.49532">
        <ele>172.1</ele>
      </trkpt>
      <trkpt lat="48.5685" lon="7.49476">
        <ele>173.1</ele>
      </trkpt>
      <trkpt lat="48.56878" lon="7.49451">
        <ele>173.6</ele>
      </trkpt>
      <trkpt lat="48.56887" lon="7.49441">
        <ele>173.9</ele>
      </trkpt>
      <trkpt lat="48.56891" lon="7.49432">
        <ele>174.0</ele>
      </trkpt>
      <trkpt lat="48.56908" lon="7.49384">
        <ele>173.2</ele>
      </trkpt>
      <trkpt lat="48.56915" lon="7.49366">
        <ele>172.9</ele>
      </trkpt>
      <trkpt lat="48.56925" lon="7.49337">
        <ele>172.4</ele>
      </trkpt>
      <trkpt lat="48.56942" lon="7.49281">
        <ele>171.7</ele>
      </trkpt>
      <trkpt lat="48.56942" lon="7.4927">
        <ele>171.3</ele>
      </trkpt>
      <trkpt lat="48.56929" lon="7.49247">
        <ele>171.3</ele>
      </trkpt>
      <trkpt lat="48.56922" lon="7.49233">
        <ele>171.3</ele>
      </trkpt>
      <trkpt lat="48.5692" lon="7.49229">
        <ele>171.4</ele>
      </trkpt>
      <trkpt lat="48.56913" lon="7.49215">
        <ele>171.5</ele>
      </trkpt>
      <trkpt lat="48.56904" lon="7.49196">
        <ele>171.4</ele>
      </trkpt>
      <trkpt lat="48.56883" lon="7.49213">
        <ele>171.0</ele>
      </trkpt>
      <trkpt lat="48.56814" lon="7.49283">
        <ele>170.7</ele>
      </trkpt>
      <trkpt lat="48.56715" lon="7.49381">
        <ele>170.9</ele>
      </trkpt>
      <trkpt lat="48.56643" lon="7.49457">
        <ele>170.9</ele>
      </trkpt>
      <trkpt lat="48.56583" lon="7.49521">
        <ele>171.0</ele>
      </trkpt>
      <trkpt lat="48.56533" lon="7.49577">
        <ele>171.5</ele>
      </trkpt>
      <trkpt lat="48.56446" lon="7.49667">
        <ele>171.9</ele>
      </trkpt>
      <trkpt lat="48.56353" lon="7.49768">
        <ele>171.5</ele>
      </trkpt>
      <trkpt lat="48.56286" lon="7.4983">
        <ele>172.2</ele>
      </trkpt>
      <trkpt lat="48.56243" lon="7.49868">
        <ele>173.0</ele>
      </trkpt>
      <trkpt lat="48.56207" lon="7.49894">
        <ele>173.0</ele>
      </trkpt>
      <trkpt lat="48.56146" lon="7.49946">
        <ele>173.1</ele>
      </trkpt>
      <trkpt lat="48.56139" lon="7.49955">
        <ele>173.4</ele>
      </trkpt>
      <trkpt lat="48.56134" lon="7.49958">
        <ele>172.6</ele>
      </trkpt>
      <trkpt lat="48.5613" lon="7.49961">
        <ele>172.0</ele>
      </trkpt>
      <trkpt lat="48.56049" lon="7.50033">
        <ele>172.1</ele>
      </trkpt>
      <trkpt lat="48.55997" lon="7.5008">
        <ele>173.0</ele>
      </trkpt>
      <trkpt lat="48.55959" lon="7.50112">
        <ele>174.3</ele>
      </trkpt>
      <trkpt lat="48.55909" lon="7.50144">
        <ele>176.0</ele>
      </trkpt>
      <trkpt lat="48.55829" lon="7.5017">
        <ele>175.7</ele>
      </trkpt>
      <trkpt lat="48.55784" lon="7.50174">
        <ele>175.2</ele>
      </trkpt>
      <trkpt lat="48.55708" lon="7.50177">
        <ele>174.0</ele>
      </trkpt>
      <trkpt lat="48.5569" lon="7.50178">
        <ele>172.5</ele>
      </trkpt>
      <trkpt lat="48.5562" lon="7.50181">
        <ele>170.9</ele>
      </trkpt>
      <trkpt lat="48.55483" lon="7.50189">
        <ele>171.2</ele>
      </trkpt>
      <trkpt lat="48.554" lon="7.50191">
        <ele>172.3</ele>
      </trkpt>
      <trkpt lat="48.55342" lon="7.50188">
        <ele>173.6</ele>
      </trkpt>
      <trkpt lat="48.55285" lon="7.50172">
        <ele>175.1</ele>
      </trkpt>
      <trkpt lat="48.55228" lon="7.5015">
        <ele>175.6</ele>
      </trkpt>
      <trkpt lat="48.55182" lon="7.50127">
        <ele>176.0</ele>
      </trkpt>
      <trkpt lat="48.55146" lon="7.5011">
        <ele>176.4</ele>
      </trkpt>
      <trkpt lat="48.55101" lon="7.50088">
        <ele>176.0</ele>
      </trkpt>
      <trkpt lat="48.55038" lon="7.50063">
        <ele>175.3</ele>
      </trkpt>
      <trkpt lat="48.55018" lon="7.5006">
        <ele>175.5</ele>
      </trkpt>
      <trkpt lat="48.54972" lon="7.50053">
        <ele>175.4</ele>
      </trkpt>
      <trkpt lat="48.54921" lon="7.50056">
        <ele>174.7</ele>
      </trkpt>
      <trkpt lat="48.54869" lon="7.50067">
        <ele>174.2</ele>
      </trkpt>
      <trkpt lat="48.54832" lon="7.50079">
        <ele>174.2</ele>
      </trkpt>
      <trkpt lat="48.54798" lon="7.50098">
        <ele>173.8</ele>
      </trkpt>
      <trkpt lat="48.54709" lon="7.5015">
        <ele>174.2</ele>
      </trkpt>
      <trkpt lat="48.54625" lon="7.50199">
        <ele>174.9</ele>
      </trkpt>
      <trkpt lat="48.54563" lon="7.50236">
        <ele>175.0</ele>
      </trkpt>
      <trkpt lat="48.54559" lon="7.50239">
        <ele>175.1</ele>
      </trkpt>
      <trkpt lat="48.54528" lon="7.50259">
        <ele>175.1</ele>
      </trkpt>
      <trkpt lat="48.54525" lon="7.50261">
        <ele>175.2</ele>
      </trkpt>
      <trkpt lat="48.54367" lon="7.50358">
        <ele>175.6</ele>
      </trkpt>
      <trkpt lat="48.54364" lon="7.50364">
        <ele>175.0</ele>
      </trkpt>
      <trkpt lat="48.54362" lon="7.50376">
        <ele>174.3</ele>
      </trkpt>
      <trkpt lat="48.54357" lon="7.50384">
        <ele>174.2</ele>
      </trkpt>
      <trkpt lat="48.54304" lon="7.50449">
        <ele>174.2</ele>
      </trkpt>
      <trkpt lat="48.54297" lon="7.50455">
        <ele>174.4</ele>
      </trkpt>
      <trkpt lat="48.54273" lon="7.50486">
        <ele>174.6</ele>
      </trkpt>
      <trkpt lat="48.54266" lon="7.50495">
        <ele>174.9</ele>
      </trkpt>
      <trkpt lat="48.54258" lon="7.50509">
        <ele>175.2</ele>
      </trkpt>
      <trkpt lat="48.54257" lon="7.50516">
        <ele>175.5</ele>
      </trkpt>
      <trkpt lat="48.54256" lon="7.50524">
        <ele>175.5</ele>
      </trkpt>
      <trkpt lat="48.54258" lon="7.50529">
        <ele>175.7</ele>
      </trkpt>
      <trkpt lat="48.54259" lon="7.50532">
        <ele>175.8</ele>
      </trkpt>
      <trkpt lat="48.54257" lon="7.50538">
        <ele>175.8</ele>
      </trkpt>
      <trkpt lat="48.54252" lon="7.50547">
        <ele>175.8</ele>
      </trkpt>
      <trkpt lat="48.54252" lon="7.50551">
        <ele>175.8</ele>
      </trkpt>
      <trkpt lat="48.54245" lon="7.50548">
        <ele>175.7</ele>
      </trkpt>
      <trkpt lat="48.54239" lon="7.50549">
        <ele>175.6</ele>
      </trkpt>
      <trkpt lat="48.54234" lon="7.5055">
        <ele>175.4</ele>
      </trkpt>
      <trkpt lat="48.5423" lon="7.50554">
        <ele>175.3</ele>
      </trkpt>
      <trkpt lat="48.54226" lon="7.50548">
        <ele>175.2</ele>
      </trkpt>
      <trkpt lat="48.5422" lon="7.5054">
        <ele>175.2</ele>
      </trkpt>
      <trkpt lat="48.54218" lon="7.50533">
        <ele>175.3</ele>
      </trkpt>
      <trkpt lat="48.54219" lon="7.50519">
        <ele>175.4</ele>
      </trkpt>
      <trkpt lat="48.5422" lon="7.50506">
        <ele>175.4</ele>
      </trkpt>
      <trkpt lat="48.54216" lon="7.50494">
        <ele>175.5</ele>
      </trkpt>
      <trkpt lat="48.54213" lon="7.50484">
        <ele>175.5</ele>
      </trkpt>
      <trkpt lat="48.54212" lon="7.50474">
        <ele>175.5</ele>
      </trkpt>
      <trkpt lat="48.54211" lon="7.50462">
        <ele>175.3</ele>
      </trkpt>
      <trkpt lat="48.5421" lon="7.50457">
        <ele>175.2</ele>
      </trkpt>
      <trkpt lat="48.54207" lon="7.50451">
        <ele>175.0</ele>
      </trkpt>
      <trkpt lat="48.54201" lon="7.50438">
        <ele>174.8</ele>
      </trkpt>
      <trkpt lat="48.54161" lon="7.50443">
        <ele>174.5</ele>
      </trkpt>
      <trkpt lat="48.54132" lon="7.50442">
        <ele>174.7</ele>
      </trkpt>
      <trkpt lat="48.54116" lon="7.50441">
        <ele>174.7</ele>
      </trkpt>
      <trkpt lat="48.54083" lon="7.5043">
        <ele>175.1</ele>
      </trkpt>
      <trkpt lat="48.54068" lon="7.50426">
        <ele>175.1</ele>
      </trkpt>
      <trkpt lat="48.5405" lon="7.50417">
        <ele>175.2</ele>
      </trkpt>
      <trkpt lat="48.54025" lon="7.50399">
        <ele>175.2</ele>
      </trkpt>
      <trkpt lat="48.53996" lon="7.50379">
        <ele>175.3</ele>
      </trkpt>
      <trkpt lat="48.53977" lon="7.50354">
        <ele>175.0</ele>
      </trkpt>
      <trkpt lat="48.53957" lon="7.50329">
        <ele>175.1</ele>
      </trkpt>
      <trkpt lat="48.53939" lon="7.50304">
        <ele>175.3</ele>
      </trkpt>
      <trkpt lat="48.53935" lon="7.50299">
        <ele>175.4</ele>
      </trkpt>
      <trkpt lat="48.539" lon="7.50247">
        <ele>175.5</ele>
      </trkpt>
      <trkpt lat="48.53896" lon="7.50239">
        <ele>175.6</ele>
      </trkpt>
      <trkpt lat="48.53893" lon="7.5023">
        <ele>175.8</ele>
      </trkpt>
      <trkpt lat="48.5389" lon="7.50223">
        <ele>175.9</ele>
      </trkpt>
      <trkpt lat="48.53866" lon="7.50181">
        <ele>176.0</ele>
      </trkpt>
      <trkpt lat="48.53803" lon="7.5008">
        <ele>176.2</ele>
      </trkpt>
      <trkpt lat="48.53794" lon="7.50075">
        <ele>176.4</ele>
      </trkpt>
      <trkpt lat="48.53751" lon="7.50005">
        <ele>176.7</ele>
      </trkpt>
      <trkpt lat="48.53749" lon="7.5">
        <ele>177.0</ele>
      </trkpt>
      <trkpt lat="48.53727" lon="7.49964">
        <ele>177.2</ele>
      </trkpt>
      <trkpt lat="48.53722" lon="7.49966">
        <ele>177.2</ele>
      </trkpt>
      <trkpt lat="48.53714" lon="7.49953">
        <ele>177.2</ele>
      </trkpt>
      <trkpt lat="48.53696" lon="7.49923">
        <ele>177.2</ele>
      </trkpt>
      <trkpt lat="48.53693" lon="7.49919">
        <ele>177.0</ele>
      </trkpt>
      <trkpt lat="48.53689" lon="7.49914">
        <ele>177.2</ele>
      </trkpt>
      <trkpt lat="48.53662" lon="7.4987">
        <ele>177.4</ele>
      </trkpt>
      <trkpt lat="48.53599" lon="7.49763">
        <ele>177.6</ele>
      </trkpt>
      <trkpt lat="48.53566" lon="7.49708">
        <ele>177.8</ele>
      </trkpt>
      <trkpt lat="48.53569" lon="7.49705">
        <ele>178.1</ele>
      </trkpt>
      <trkpt lat="48.53483" lon="7.49558">
        <ele>178.2</ele>
      </trkpt>
      <trkpt lat="48.53454" lon="7.49507">
        <ele>178.4</ele>
      </trkpt>
      <trkpt lat="48.53428" lon="7.49461">
        <ele>178.6</ele>
      </trkpt>
      <trkpt lat="48.53411" lon="7.49426">
        <ele>178.7</ele>
      </trkpt>
      <trkpt lat="48.53401" lon="7.49404">
        <ele>178.8</ele>
      </trkpt>
      <trkpt lat="48.53391" lon="7.49381">
        <ele>178.8</ele>
      </trkpt>
      <trkpt lat="48.53372" lon="7.49334">
        <ele>178.9</ele>
      </trkpt>
      <trkpt lat="48.53358" lon="7.49293">
        <ele>179.1</ele>
      </trkpt>
      <trkpt lat="48.53352" lon="7.49269">
        <ele>179.2</ele>
      </trkpt>
      <trkpt lat="48.5334" lon="7.49225">
        <ele>179.4</ele>
      </trkpt>
      <trkpt lat="48.53321" lon="7.49149">
        <ele>179.5</ele>
      </trkpt>
      <trkpt lat="48.5332" lon="7.49147">
        <ele>179.7</ele>
      </trkpt>
      <trkpt lat="48.5332" lon="7.49145">
        <ele>179.7</ele>
      </trkpt>
      <trkpt lat="48.53317" lon="7.49147">
        <ele>179.8</ele>
      </trkpt>
      <trkpt lat="48.53312" lon="7.49149">
        <ele>179.9</ele>
      </trkpt>
      <trkpt lat="48.53309" lon="7.4915">
        <ele>180.0</ele>
      </trkpt>
      <trkpt lat="48.53304" lon="7.49153">
        <ele>180.0</ele>
      </trkpt>
      <trkpt lat="48.53302" lon="7.49153">
        <ele>179.9</ele>
      </trkpt>
      <trkpt lat="48.53301" lon="7.49152">
        <ele>179.9</ele>
      </trkpt>
      <trkpt lat="48.53297" lon="7.4915">
        <ele>179.8</ele>
      </trkpt>
      <trkpt lat="48.53297" lon="7.49143">
        <ele>179.8</ele>
      </trkpt>
      <trkpt lat="48.53293" lon="7.49125">
        <ele>179.9</ele>
      </trkpt>
      <trkpt lat="48.53283" lon="7.49047">
        <ele>180.0</ele>
      </trkpt>
      <trkpt lat="48.53237" lon="7.49016">
        <ele>180.0</ele>
      </trkpt>
      <trkpt lat="48.53233" lon="7.49012">
        <ele>180.0</ele>
      </trkpt>
      <trkpt lat="48.53226" lon="7.49008">
        <ele>181.0</ele>
      </trkpt>
      <trkpt lat="48.53148" lon="7.48955">
        <ele>181.7</ele>
      </trkpt>
      <trkpt lat="48.53059" lon="7.48899">
        <ele>182.3</ele>
      </trkpt>
      <trkpt lat="48.53042" lon="7.48888">
        <ele>181.9</ele>
      </trkpt>
      <trkpt lat="48.53023" lon="7.48874">
        <ele>181.6</ele>
      </trkpt>
      <trkpt lat="48.5301" lon="7.48867">
        <ele>181.4</ele>
      </trkpt>
      <trkpt lat="48.52968" lon="7.48841">
        <ele>180.6</ele>
      </trkpt>
      <trkpt lat="48.52925" lon="7.48815">
        <ele>180.4</ele>
      </trkpt>
      <trkpt lat="48.52886" lon="7.4879">
        <ele>180.7</ele>
      </trkpt>
      <trkpt lat="48.52795" lon="7.48731">
        <ele>181.0</ele>
      </trkpt>
      <trkpt lat="48.52786" lon="7.48727">
        <ele>181.4</ele>
      </trkpt>
      <trkpt lat="48.5278" lon="7.48726">
        <ele>181.5</ele>
      </trkpt>
      <trkpt lat="48.52768" lon="7.48726">
        <ele>181.6</ele>
      </trkpt>
      <trkpt lat="48.52727" lon="7.48731">
        <ele>181.4</ele>
      </trkpt>
      <trkpt lat="48.52705" lon="7.48731">
        <ele>181.5</ele>
      </trkpt>
      <trkpt lat="48.52705" lon="7.48737">
        <ele>181.6</ele>
      </trkpt>
      <trkpt lat="48.52702" lon="7.48893">
        <ele>181.4</ele>
      </trkpt>
      <trkpt lat="48.52695" lon="7.48898">
        <ele>181.0</ele>
      </trkpt>
      <trkpt lat="48.52688" lon="7.4892">
        <ele>181.1</ele>
      </trkpt>
      <trkpt lat="48.52661" lon="7.48975">
        <ele>180.9</ele>
      </trkpt>
      <trkpt lat="48.5265" lon="7.48993">
        <ele>180.8</ele>
      </trkpt>
      <trkpt lat="48.52642" lon="7.49007">
        <ele>181.3</ele>
      </trkpt>
      <trkpt lat="48.52634" lon="7.49023">
        <ele>181.6</ele>
      </trkpt>
      <trkpt lat="48.52617" lon="7.49051">
        <ele>181.1</ele>
      </trkpt>
      <trkpt lat="48.52596" lon="7.49085">
        <ele>180.7</ele>
      </trkpt>
      <trkpt lat="48.52579" lon="7.49112">
        <ele>180.8</ele>
      </trkpt>
      <trkpt lat="48.52562" lon="7.49114">
        <ele>180.8</ele>
      </trkpt>
      <trkpt lat="48.52536" lon="7.49107">
        <ele>180.8</ele>
      </trkpt>
      <trkpt lat="48.5253" lon="7.49106">
        <ele>181.6</ele>
      </trkpt>
      <trkpt lat="48.52526" lon="7.49105">
        <ele>181.9</ele>
      </trkpt>
      <trkpt lat="48.52497" lon="7.49103">
        <ele>181.6</ele>
      </trkpt>
      <trkpt lat="48.52445" lon="7.49111">
        <ele>181.6</ele>
      </trkpt>
      <trkpt lat="48.52444" lon="7.49117">
        <ele>181.5</ele>
      </trkpt>
      <trkpt lat="48.52432" lon="7.49116">
        <ele>181.4</ele>
      </trkpt>
      <trkpt lat="48.52416" lon="7.49116">
        <ele>181.3</ele>
      </trkpt>
      <trkpt lat="48.52408" lon="7.49122">
        <ele>181.2</ele>
      </trkpt>
      <trkpt lat="48.52379" lon="7.49123">
        <ele>181.0</ele>
      </trkpt>
      <trkpt lat="48.52354" lon="7.49127">
        <ele>181.0</ele>
      </trkpt>
      <trkpt lat="48.5234" lon="7.4913">
        <ele>180.9</ele>
      </trkpt>
      <trkpt lat="48.52327" lon="7.49133">
        <ele>181.0</ele>
      </trkpt>
      <trkpt lat="48.52327" lon="7.49124">
        <ele>181.3</ele>
      </trkpt>
      <trkpt lat="48.52325" lon="7.49053">
        <ele>181.7</ele>
      </trkpt>
      <trkpt lat="48.52324" lon="7.49013">
        <ele>181.9</ele>
      </trkpt>
      <trkpt lat="48.52323" lon="7.48976">
        <ele>182.1</ele>
      </trkpt>
      <trkpt lat="48.52321" lon="7.48927">
        <ele>182.3</ele>
      </trkpt>
      <trkpt lat="48.52322" lon="7.48915">
        <ele>182.4</ele>
      </trkpt>
      <trkpt lat="48.52323" lon="7.48903">
        <ele>182.3</ele>
      </trkpt>
      <trkpt lat="48.52326" lon="7.48888">
        <ele>182.4</ele>
      </trkpt>
      <trkpt lat="48.52329" lon="7.48876">
        <ele>182.3</ele>
      </trkpt>
      <trkpt lat="48.52332" lon="7.48865">
        <ele>182.2</ele>
      </trkpt>
      <trkpt lat="48.5234" lon="7.48841">
        <ele>182.1</ele>
      </trkpt>
      <trkpt lat="48.52347" lon="7.48819">
        <ele>182.0</ele>
      </trkpt>
      <trkpt lat="48.52361" lon="7.48785">
        <ele>181.9</ele>
      </trkpt>
      <trkpt lat="48.52371" lon="7.48729">
        <ele>182.1</ele>
      </trkpt>
      <trkpt lat="48.5238" lon="7.4865">
        <ele>182.5</ele>
      </trkpt>
      <trkpt lat="48.52383" lon="7.48592">
        <ele>182.8</ele>
      </trkpt>
      <trkpt lat="48.52384" lon="7.48572">
        <ele>183.0</ele>
      </trkpt>
      <trkpt lat="48.52384" lon="7.48555">
        <ele>183.1</ele>
      </trkpt>
      <trkpt lat="48.52383" lon="7.48538">
        <ele>183.2</ele>
      </trkpt>
      <trkpt lat="48.52379" lon="7.48507">
        <ele>183.7</ele>
      </trkpt>
      <trkpt lat="48.52368" lon="7.48452">
        <ele>184.1</ele>
      </trkpt>
      <trkpt lat="48.52357" lon="7.48398">
        <ele>184.4</ele>
      </trkpt>
      <trkpt lat="48.52354" lon="7.48379">
        <ele>184.9</ele>
      </trkpt>
      <trkpt lat="48.5235" lon="7.48315">
        <ele>185.2</ele>
      </trkpt>
      <trkpt lat="48.5235" lon="7.48297">
        <ele>185.1</ele>
      </trkpt>
      <trkpt lat="48.52354" lon="7.48291">
        <ele>185.1</ele>
      </trkpt>
      <trkpt lat="48.5236" lon="7.48281">
        <ele>185.2</ele>
      </trkpt>
      <trkpt lat="48.52362" lon="7.48282">
        <ele>185.2</ele>
      </trkpt>
      <trkpt lat="48.52364" lon="7.48282">
        <ele>185.1</ele>
      </trkpt>
      <trkpt lat="48.52366" lon="7.48281">
        <ele>185.1</ele>
      </trkpt>
      <trkpt lat="48.52368" lon="7.48279">
        <ele>185.2</ele>
      </trkpt>
      <trkpt lat="48.52369" lon="7.48276">
        <ele>185.4</ele>
      </trkpt>
      <trkpt lat="48.5237" lon="7.48274">
        <ele>185.5</ele>
      </trkpt>
      <trkpt lat="48.5237" lon="7.48271">
        <ele>185.7</ele>
      </trkpt>
      <trkpt lat="48.5237" lon="7.48268">
        <ele>185.9</ele>
      </trkpt>
      <trkpt lat="48.52369" lon="7.48266">
        <ele>185.8</ele>
      </trkpt>
      <trkpt lat="48.52368" lon="7.48263">
        <ele>185.8</ele>
      </trkpt>
      <trkpt lat="48.52366" lon="7.48261">
        <ele>185.7</ele>
      </trkpt>
      <trkpt lat="48.52363" lon="7.48261">
        <ele>185.6</ele>
      </trkpt>
      <trkpt lat="48.52361" lon="7.48261">
        <ele>185.5</ele>
      </trkpt>
      <trkpt lat="48.5236" lon="7.48254">
        <ele>185.6</ele>
      </trkpt>
      <trkpt lat="48.52353" lon="7.48245">
        <ele>185.7</ele>
      </trkpt>
      <trkpt lat="48.52342" lon="7.48232">
        <ele>186.7</ele>
      </trkpt>
      <trkpt lat="48.52321" lon="7.48207">
        <ele>187.7</ele>
      </trkpt>
      <trkpt lat="48.52291" lon="7.48173">
        <ele>189.0</ele>
      </trkpt>
      <trkpt lat="48.52259" lon="7.48126">
        <ele>190.2</ele>
      </trkpt>
      <trkpt lat="48.5223" lon="7.48059">
        <ele>191.2</ele>
      </trkpt>
      <trkpt lat="48.52217" lon="7.48018">
        <ele>191.6</ele>
      </trkpt>
      <trkpt lat="48.52211" lon="7.47989">
        <ele>191.8</ele>
      </trkpt>
      <trkpt lat="48.522" lon="7.47926">
        <ele>191.9</ele>
      </trkpt>
      <trkpt lat="48.52195" lon="7.47857">
        <ele>192.1</ele>
      </trkpt>
      <trkpt lat="48.52193" lon="7.47817">
        <ele>192.4</ele>
      </trkpt>
      <trkpt lat="48.52191" lon="7.47776">
        <ele>192.6</ele>
      </trkpt>
      <trkpt lat="48.52097" lon="7.47809">
        <ele>192.8</ele>
      </trkpt>
      <trkpt lat="48.5209" lon="7.47807">
        <ele>192.8</ele>
      </trkpt>
      <trkpt lat="48.52049" lon="7.47754">
        <ele>192.7</ele>
      </trkpt>
      <trkpt lat="48.52049" lon="7.47753">
        <ele>192.5</ele>
      </trkpt>
      <trkpt lat="48.51994" lon="7.47673">
        <ele>192.3</ele>
      </trkpt>
      <trkpt lat="48.51967" lon="7.47645">
        <ele>192.4</ele>
      </trkpt>
      <trkpt lat="48.51959" lon="7.47639">
        <ele>192.3</ele>
      </trkpt>
      <trkpt lat="48.51955" lon="7.47636">
        <ele>192.2</ele>
      </trkpt>
      <trkpt lat="48.5194" lon="7.47629">
        <ele>192.9</ele>
      </trkpt>
      <trkpt lat="48.51904" lon="7.47616">
        <ele>193.4</ele>
      </trkpt>
      <trkpt lat="48.51869" lon="7.47593">
        <ele>193.8</ele>
      </trkpt>
      <trkpt lat="48.51833" lon="7.47568">
        <ele>194.3</ele>
      </trkpt>
      <trkpt lat="48.51822" lon="7.47562">
        <ele>195.0</ele>
      </trkpt>
      <trkpt lat="48.51809" lon="7.4755">
        <ele>194.8</ele>
      </trkpt>
      <trkpt lat="48.51778" lon="7.47504">
        <ele>194.7</ele>
      </trkpt>
      <trkpt lat="48.51758" lon="7.47482">
        <ele>195.0</ele>
      </trkpt>
      <trkpt lat="48.51754" lon="7.4748">
        <ele>195.2</ele>
      </trkpt>
      <trkpt lat="48.51725" lon="7.4746">
        <ele>195.5</ele>
      </trkpt>
      <trkpt lat="48.51684" lon="7.4744">
        <ele>196.5</ele>
      </trkpt>
      <trkpt lat="48.5168" lon="7.47438">
        <ele>197.9</ele>
      </trkpt>
      <trkpt lat="48.5164" lon="7.47418">
        <ele>198.4</ele>
      </trkpt>
      <trkpt lat="48.51621" lon="7.47414">
        <ele>199.4</ele>
      </trkpt>
      <trkpt lat="48.51599" lon="7.47412">
        <ele>200.8</ele>
      </trkpt>
      <trkpt lat="48.51582" lon="7.47407">
        <ele>202.1</ele>
      </trkpt>
      <trkpt lat="48.51568" lon="7.47401">
        <ele>204.7</ele>
      </trkpt>
      <trkpt lat="48.51557" lon="7.47392">
        <ele>207.4</ele>
      </trkpt>
      <trkpt lat="48.51512" lon="7.47334">
        <ele>211.8</ele>
      </trkpt>
      <trkpt lat="48.51498" lon="7.47322">
        <ele>215.7</ele>
      </trkpt>
      <trkpt lat="48.5148" lon="7.47309">
        <ele>219.4</ele>
      </trkpt>
      <trkpt lat="48.51458" lon="7.47289">
        <ele>221.4</ele>
      </trkpt>
      <trkpt lat="48.51438" lon="7.47263">
        <ele>225.7</ele>
      </trkpt>
      <trkpt lat="48.51416" lon="7.47232">
        <ele>227.0</ele>
      </trkpt>
      <trkpt lat="48.51398" lon="7.47211">
        <ele>230.2</ele>
      </trkpt>
      <trkpt lat="48.51382" lon="7.47192">
        <ele>232.7</ele>
      </trkpt>
      <trkpt lat="48.5137" lon="7.47182">
        <ele>235.7</ele>
      </trkpt>
      <trkpt lat="48.5135" lon="7.4717">
        <ele>237.2</ele>
      </trkpt>
      <trkpt lat="48.51335" lon="7.47167">
        <ele>240.2</ele>
      </trkpt>
      <trkpt lat="48.51276" lon="7.47195">
        <ele>241.9</ele>
      </trkpt>
      <trkpt lat="48.51241" lon="7.47205">
        <ele>244.4</ele>
      </trkpt>
      <trkpt lat="48.51221" lon="7.47206">
        <ele>247.3</ele>
      </trkpt>
      <trkpt lat="48.51187" lon="7.47197">
        <ele>249.8</ele>
      </trkpt>
      <trkpt lat="48.51158" lon="7.47179">
        <ele>251.6</ele>
      </trkpt>
      <trkpt lat="48.51032" lon="7.47114">
        <ele>252.4</ele>
      </trkpt>
      <trkpt lat="48.51018" lon="7.47109">
        <ele>252.8</ele>
      </trkpt>
      <trkpt lat="48.51" lon="7.47103">
        <ele>252.1</ele>
      </trkpt>
      <trkpt lat="48.50983" lon="7.47099">
        <ele>251.4</ele>
      </trkpt>
      <trkpt lat="48.50967" lon="7.47097">
        <ele>250.7</ele>
      </trkpt>
      <trkpt lat="48.50952" lon="7.47098">
        <ele>250.1</ele>
      </trkpt>
      <trkpt lat="48.50945" lon="7.47099">
        <ele>249.2</ele>
      </trkpt>
      <trkpt lat="48.50935" lon="7.471">
        <ele>248.4</ele>
      </trkpt>
      <trkpt lat="48.50922" lon="7.47099">
        <ele>247.6</ele>
      </trkpt>
      <trkpt lat="48.50912" lon="7.47095">
        <ele>246.4</ele>
      </trkpt>
      <trkpt lat="48.50878" lon="7.4707">
        <ele>245.2</ele>
      </trkpt>
      <trkpt lat="48.50848" lon="7.47039">
        <ele>244.0</ele>
      </trkpt>
      <trkpt lat="48.5083" lon="7.47022">
        <ele>242.9</ele>
      </trkpt>
      <trkpt lat="48.50812" lon="7.47013">
        <ele>241.8</ele>
      </trkpt>
      <trkpt lat="48.508" lon="7.4701">
        <ele>241.0</ele>
      </trkpt>
      <trkpt lat="48.50782" lon="7.47011">
        <ele>240.0</ele>
      </trkpt>
      <trkpt lat="48.50774" lon="7.47014">
        <ele>239.2</ele>
      </trkpt>
      <trkpt lat="48.5074" lon="7.47027">
        <ele>238.4</ele>
      </trkpt>
      <trkpt lat="48.50729" lon="7.4703">
        <ele>237.5</ele>
      </trkpt>
      <trkpt lat="48.50719" lon="7.47032">
        <ele>236.8</ele>
      </trkpt>
      <trkpt lat="48.50705" lon="7.47029">
        <ele>236.2</ele>
      </trkpt>
      <trkpt lat="48.50692" lon="7.47023">
        <ele>235.3</ele>
      </trkpt>
      <trkpt lat="48.50673" lon="7.47004">
        <ele>234.8</ele>
      </trkpt>
      <trkpt lat="48.50649" lon="7.46972">
        <ele>233.3</ele>
      </trkpt>
      <trkpt lat="48.50625" lon="7.46949">
        <ele>231.2</ele>
      </trkpt>
      <trkpt lat="48.50561" lon="7.46904">
        <ele>229.1</ele>
      </trkpt>
      <trkpt lat="48.50518" lon="7.4688">
        <ele>226.8</ele>
      </trkpt>
      <trkpt lat="48.50492" lon="7.4687">
        <ele>223.3</ele>
      </trkpt>
      <trkpt lat="48.50448" lon="7.46859">
        <ele>220.7</ele>
      </trkpt>
      <trkpt lat="48.50411" lon="7.46839">
        <ele>217.9</ele>
      </trkpt>
      <trkpt lat="48.50393" lon="7.46834">
        <ele>214.8</ele>
      </trkpt>
      <trkpt lat="48.5035" lon="7.46839">
        <ele>212.2</ele>
      </trkpt>
      <trkpt lat="48.50324" lon="7.46843">
        <ele>209.8</ele>
      </trkpt>
      <trkpt lat="48.50319" lon="7.46843">
        <ele>207.7</ele>
      </trkpt>
      <trkpt lat="48.5026" lon="7.46852">
        <ele>205.9</ele>
      </trkpt>
      <trkpt lat="48.50208" lon="7.46862">
        <ele>204.8</ele>
      </trkpt>
      <trkpt lat="48.50191" lon="7.46867">
        <ele>203.3</ele>
      </trkpt>
      <trkpt lat="48.50173" lon="7.46874">
        <ele>202.2</ele>
      </trkpt>
      <trkpt lat="48.50115" lon="7.46911">
        <ele>201.5</ele>
      </trkpt>
      <trkpt lat="48.5011" lon="7.46914">
        <ele>201.2</ele>
      </trkpt>
      <trkpt lat="48.50106" lon="7.46916">
        <ele>200.5</ele>
      </trkpt>
      <trkpt lat="48.50069" lon="7.46929">
        <ele>199.9</ele>
      </trkpt>
      <trkpt lat="48.50002" lon="7.46951">
        <ele>199.3</ele>
      </trkpt>
      <trkpt lat="48.49934" lon="7.46988">
        <ele>198.8</ele>
      </trkpt>
      <trkpt lat="48.49924" lon="7.46993">
        <ele>197.8</ele>
      </trkpt>
      <trkpt lat="48.4991" lon="7.47001">
        <ele>197.2</ele>
      </trkpt>
      <trkpt lat="48.49884" lon="7.47017">
        <ele>197.2</ele>
      </trkpt>
      <trkpt lat="48.49881" lon="7.47019">
        <ele>197.0</ele>
      </trkpt>
      <trkpt lat="48.49879" lon="7.4702">
        <ele>196.8</ele>
      </trkpt>
      <trkpt lat="48.49878" lon="7.47018">
        <ele>196.7</ele>
      </trkpt>
      <trkpt lat="48.49876" lon="7.47016">
        <ele>197.0</ele>
      </trkpt>
      <trkpt lat="48.49875" lon="7.47015">
        <ele>197.1</ele>
      </trkpt>
      <trkpt lat="48.49873" lon="7.47014">
        <ele>197.4</ele>
      </trkpt>
      <trkpt lat="48.4987" lon="7.47015">
        <ele>197.6</ele>
      </trkpt>
      <trkpt lat="48.49868" lon="7.47017">
        <ele>197.8</ele>
      </trkpt>
      <trkpt lat="48.49867" lon="7.47015">
        <ele>197.9</ele>
      </trkpt>
      <trkpt lat="48.49866" lon="7.47014">
        <ele>197.9</ele>
      </trkpt>
      <trkpt lat="48.49854" lon="7.47022">
        <ele>197.9</ele>
      </trkpt>
      <trkpt lat="48.49851" lon="7.47026">
        <ele>197.3</ele>
      </trkpt>
      <trkpt lat="48.49849" lon="7.47033">
        <ele>196.7</ele>
      </trkpt>
      <trkpt lat="48.49786" lon="7.47056">
        <ele>196.1</ele>
      </trkpt>
      <trkpt lat="48.49774" lon="7.47059">
        <ele>195.5</ele>
      </trkpt>
      <trkpt lat="48.4977" lon="7.4706">
        <ele>195.2</ele>
      </trkpt>
      <trkpt lat="48.49764" lon="7.4706">
        <ele>195.7</ele>
      </trkpt>
      <trkpt lat="48.49759" lon="7.47057">
        <ele>196.0</ele>
      </trkpt>
      <trkpt lat="48.49738" lon="7.4705">
        <ele>196.3</ele>
      </trkpt>
      <trkpt lat="48.49734" lon="7.47046">
        <ele>196.5</ele>
      </trkpt>
      <trkpt lat="48.49728" lon="7.47036">
        <ele>196.4</ele>
      </trkpt>
      <trkpt lat="48.49721" lon="7.47019">
        <ele>196.4</ele>
      </trkpt>
      <trkpt lat="48.49717" lon="7.47008">
        <ele>196.3</ele>
      </trkpt>
      <trkpt lat="48.49707" lon="7.46999">
        <ele>196.2</ele>
      </trkpt>
      <trkpt lat="48.49698" lon="7.46981">
        <ele>196.1</ele>
      </trkpt>
      <trkpt lat="48.49691" lon="7.46959">
        <ele>196.3</ele>
      </trkpt>
      <trkpt lat="48.49686" lon="7.46931">
        <ele>196.3</ele>
      </trkpt>
      <trkpt lat="48.4967" lon="7.46936">
        <ele>196.2</ele>
      </trkpt>
      <trkpt lat="48.49654" lon="7.46942">
        <ele>196.0</ele>
      </trkpt>
      <trkpt lat="48.49635" lon="7.46949">
        <ele>196.0</ele>
      </trkpt>
      <trkpt lat="48.49637" lon="7.46958">
        <ele>195.4</ele>
      </trkpt>
      <trkpt lat="48.49641" lon="7.4698">
        <ele>195.0</ele>
      </trkpt>
      <trkpt lat="48.49649" lon="7.4704">
        <ele>194.4</ele>
      </trkpt>
      <trkpt lat="48.49656" lon="7.47098">
        <ele>193.5</ele>
      </trkpt>
      <trkpt lat="48.49658" lon="7.47113">
        <ele>193.3</ele>
      </trkpt>
      <trkpt lat="48.4966" lon="7.47122">
        <ele>193.2</ele>
      </trkpt>
      <trkpt lat="48.49661" lon="7.4713">
        <ele>193.1</ele>
      </trkpt>
      <trkpt lat="48.49664" lon="7.47148">
        <ele>192.8</ele>
      </trkpt>
      <trkpt lat="48.49667" lon="7.4716">
        <ele>192.6</ele>
      </trkpt>
      <trkpt lat="48.4967" lon="7.47176">
        <ele>192.5</ele>
      </trkpt>
      <trkpt lat="48.49672" lon="7.47192">
        <ele>192.3</ele>
      </trkpt>
      <trkpt lat="48.49675" lon="7.47212">
        <ele>192.1</ele>
      </trkpt>
      <trkpt lat="48.49676" lon="7.47216">
        <ele>191.6</ele>
      </trkpt>
      <trkpt lat="48.49682" lon="7.47263">
        <ele>190.4</ele>
      </trkpt>
      <trkpt lat="48.49685" lon="7.47292">
        <ele>189.3</ele>
      </trkpt>
      <trkpt lat="48.49688" lon="7.47337">
        <ele>188.2</ele>
      </trkpt>
      <trkpt lat="48.49689" lon="7.4735">
        <ele>187.0</ele>
      </trkpt>
      <trkpt lat="48.4969" lon="7.47365">
        <ele>186.9</ele>
      </trkpt>
      <trkpt lat="48.49693" lon="7.47388">
        <ele>186.8</ele>
      </trkpt>
      <trkpt lat="48.49694" lon="7.47397">
        <ele>186.7</ele>
      </trkpt>
      <trkpt lat="48.49695" lon="7.474">
        <ele>186.7</ele>
      </trkpt>
      <trkpt lat="48.49708" lon="7.47442">
        <ele>186.4</ele>
      </trkpt>
      <trkpt lat="48.49713" lon="7.47458">
        <ele>186.0</ele>
      </trkpt>
      <trkpt lat="48.49721" lon="7.47479">
        <ele>185.7</ele>
      </trkpt>
      <trkpt lat="48.49756" lon="7.4756">
        <ele>185.4</ele>
      </trkpt>
      <trkpt lat="48.49799" lon="7.47658">
        <ele>184.8</ele>
      </trkpt>
      <trkpt lat="48.49807" lon="7.47692">
        <ele>185.1</ele>
      </trkpt>
      <trkpt lat="48.49811" lon="7.47716">
        <ele>185.8</ele>
      </trkpt>
      <trkpt lat="48.49823" lon="7.47798">
        <ele>186.0</ele>
      </trkpt>
      <trkpt lat="48.49824" lon="7.47809">
        <ele>186.4</ele>
      </trkpt>
      <trkpt lat="48.49825" lon="7.4783">
        <ele>186.9</ele>
      </trkpt>
      <trkpt lat="48.4983" lon="7.47852">
        <ele>186.6</ele>
      </trkpt>
      <trkpt lat="48.49824" lon="7.47853">
        <ele>186.2</ele>
      </trkpt>
      <trkpt lat="48.49803" lon="7.47843">
        <ele>186.2</ele>
      </trkpt>
      <trkpt lat="48.49787" lon="7.47835">
        <ele>185.7</ele>
      </trkpt>
      <trkpt lat="48.49763" lon="7.47828">
        <ele>185.1</ele>
      </trkpt>
      <trkpt lat="48.49739" lon="7.47823">
        <ele>184.6</ele>
      </trkpt>
      <trkpt lat="48.49721" lon="7.4782">
        <ele>183.9</ele>
      </trkpt>
      <trkpt lat="48.4971" lon="7.47819">
        <ele>183.6</ele>
      </trkpt>
      <trkpt lat="48.497" lon="7.47821">
        <ele>184.2</ele>
      </trkpt>
      <trkpt lat="48.49677" lon="7.47823">
        <ele>185.1</ele>
      </trkpt>
      <trkpt lat="48.49643" lon="7.47832">
        <ele>186.2</ele>
      </trkpt>
      <trkpt lat="48.49632" lon="7.47835">
        <ele>187.3</ele>
      </trkpt>
      <trkpt lat="48.49616" lon="7.47842">
        <ele>188.9</ele>
      </trkpt>
      <trkpt lat="48.49602" lon="7.47848">
        <ele>189.1</ele>
      </trkpt>
      <trkpt lat="48.49592" lon="7.47853">
        <ele>189.1</ele>
      </trkpt>
      <trkpt lat="48.49586" lon="7.47858">
        <ele>189.0</ele>
      </trkpt>
      <trkpt lat="48.49581" lon="7.47864">
        <ele>189.0</ele>
      </trkpt>
      <trkpt lat="48.49577" lon="7.47873">
        <ele>188.6</ele>
      </trkpt>
      <trkpt lat="48.49574" lon="7.47885">
        <ele>189.1</ele>
      </trkpt>
      <trkpt lat="48.49567" lon="7.4789">
        <ele>189.6</ele>
      </trkpt>
      <trkpt lat="48.49562" lon="7.47893">
        <ele>190.0</ele>
      </trkpt>
      <trkpt lat="48.49559" lon="7.47894">
        <ele>190.3</ele>
      </trkpt>
      <trkpt lat="48.49555" lon="7.47894">
        <ele>190.0</ele>
      </trkpt>
      <trkpt lat="48.49552" lon="7.47892">
        <ele>189.7</ele>
      </trkpt>
      <trkpt lat="48.49548" lon="7.47892">
        <ele>190.6</ele>
      </trkpt>
      <trkpt lat="48.49545" lon="7.47893">
        <ele>190.4</ele>
      </trkpt>
      <trkpt lat="48.49541" lon="7.47896">
        <ele>190.3</ele>
      </trkpt>
      <trkpt lat="48.4953" lon="7.47906">
        <ele>190.1</ele>
      </trkpt>
      <trkpt lat="48.4952" lon="7.47917">
        <ele>191.0</ele>
      </trkpt>
      <trkpt lat="48.49499" lon="7.47942">
        <ele>189.8</ele>
      </trkpt>
      <trkpt lat="48.49482" lon="7.47966">
        <ele>190.0</ele>
      </trkpt>
      <trkpt lat="48.49469" lon="7.47983">
        <ele>191.2</ele>
      </trkpt>
      <trkpt lat="48.49459" lon="7.47998">
        <ele>191.6</ele>
      </trkpt>
      <trkpt lat="48.49451" lon="7.48012">
        <ele>191.2</ele>
      </trkpt>
      <trkpt lat="48.49444" lon="7.48027">
        <ele>192.1</ele>
      </trkpt>
      <trkpt lat="48.49434" lon="7.48047">
        <ele>192.6</ele>
      </trkpt>
      <trkpt lat="48.49427" lon="7.48064">
        <ele>192.0</ele>
      </trkpt>
      <trkpt lat="48.4942" lon="7.48079">
        <ele>192.3</ele>
      </trkpt>
      <trkpt lat="48.49416" lon="7.48092">
        <ele>192.4</ele>
      </trkpt>
      <trkpt lat="48.49409" lon="7.48116">
        <ele>192.0</ele>
      </trkpt>
      <trkpt lat="48.49403" lon="7.48136">
        <ele>191.9</ele>
      </trkpt>
      <trkpt lat="48.49398" lon="7.48158">
        <ele>191.7</ele>
      </trkpt>
      <trkpt lat="48.49391" lon="7.48184">
        <ele>191.6</ele>
      </trkpt>
      <trkpt lat="48.49388" lon="7.48198">
        <ele>191.2</ele>
      </trkpt>
      <trkpt lat="48.49378" lon="7.48259">
        <ele>191.8</ele>
      </trkpt>
      <trkpt lat="48.49354" lon="7.48412">
        <ele>192.1</ele>
      </trkpt>
      <trkpt lat="48.49317" lon="7.48636">
        <ele>192.7</ele>
      </trkpt>
      <trkpt lat="48.49305" lon="7.48711">
        <ele>193.4</ele>
      </trkpt>
      <trkpt lat="48.493" lon="7.48712">
        <ele>194.2</ele>
      </trkpt>
      <trkpt lat="48.49295" lon="7.48712">
        <ele>194.5</ele>
      </trkpt>
      <trkpt lat="48.49292" lon="7.48713">
        <ele>195.5</ele>
      </trkpt>
      <trkpt lat="48.49167" lon="7.48858">
        <ele>196.2</ele>
      </trkpt>
      <trkpt lat="48.49131" lon="7.48896">
        <ele>196.8</ele>
      </trkpt>
      <trkpt lat="48.49053" lon="7.4897">
        <ele>197.3</ele>
      </trkpt>
      <trkpt lat="48.49047" lon="7.48974">
        <ele>197.8</ele>
      </trkpt>
      <trkpt lat="48.49045" lon="7.48966">
        <ele>197.7</ele>
      </trkpt>
      <trkpt lat="48.48988" lon="7.49004">
        <ele>197.9</ele>
      </trkpt>
      <trkpt lat="48.48917" lon="7.49056">
        <ele>198.1</ele>
      </trkpt>
      <trkpt lat="48.48898" lon="7.49067">
        <ele>198.1</ele>
      </trkpt>
      <trkpt lat="48.48872" lon="7.49074">
        <ele>197.8</ele>
      </trkpt>
      <trkpt lat="48.48859" lon="7.49077">
        <ele>197.6</ele>
      </trkpt>
      <trkpt lat="48.48828" lon="7.49075">
        <ele>197.6</ele>
      </trkpt>
      <trkpt lat="48.48806" lon="7.49083">
        <ele>197.3</ele>
      </trkpt>
      <trkpt lat="48.48766" lon="7.49105">
        <ele>197.4</ele>
      </trkpt>
      <trkpt lat="48.4871" lon="7.49126">
        <ele>197.6</ele>
      </trkpt>
      <trkpt lat="48.48705" lon="7.49128">
        <ele>197.7</ele>
      </trkpt>
      <trkpt lat="48.48705" lon="7.49141">
        <ele>197.6</ele>
      </trkpt>
      <trkpt lat="48.48701" lon="7.49144">
        <ele>198.1</ele>
      </trkpt>
      <trkpt lat="48.48687" lon="7.49152">
        <ele>198.5</ele>
      </trkpt>
      <trkpt lat="48.48672" lon="7.49161">
        <ele>199.2</ele>
      </trkpt>
      <trkpt lat="48.48665" lon="7.49166">
        <ele>199.9</ele>
      </trkpt>
      <trkpt lat="48.48619" lon="7.49169">
        <ele>200.4</ele>
      </trkpt>
      <trkpt lat="48.4861" lon="7.49167">
        <ele>201.0</ele>
      </trkpt>
      <trkpt lat="48.48598" lon="7.4916">
        <ele>201.4</ele>
      </trkpt>
      <trkpt lat="48.48592" lon="7.49158">
        <ele>201.5</ele>
      </trkpt>
      <trkpt lat="48.48589" lon="7.49157">
        <ele>201.5</ele>
      </trkpt>
      <trkpt lat="48.48574" lon="7.49152">
        <ele>201.6</ele>
      </trkpt>
      <trkpt lat="48.48537" lon="7.49147">
        <ele>201.6</ele>
      </trkpt>
      <trkpt lat="48.48484" lon="7.49148">
        <ele>201.7</ele>
      </trkpt>
      <trkpt lat="48.48456" lon="7.49149">
        <ele>201.6</ele>
      </trkpt>
      <trkpt lat="48.48453" lon="7.49149">
        <ele>201.2</ele>
      </trkpt>
      <trkpt lat="48.48445" lon="7.4915">
        <ele>200.7</ele>
      </trkpt>
      <trkpt lat="48.48441" lon="7.49155">
        <ele>200.3</ele>
      </trkpt>
      <trkpt lat="48.48434" lon="7.49161">
        <ele>200.0</ele>
      </trkpt>
      <trkpt lat="48.4843" lon="7.49162">
        <ele>199.1</ele>
      </trkpt>
      <trkpt lat="48.48362" lon="7.49193">
        <ele>198.7</ele>
      </trkpt>
      <trkpt lat="48.4832" lon="7.49204">
        <ele>198.5</ele>
      </trkpt>
      <trkpt lat="48.48318" lon="7.49205">
        <ele>198.3</ele>
      </trkpt>
      <trkpt lat="48.48289" lon="7.49204">
        <ele>197.8</ele>
      </trkpt>
      <trkpt lat="48.48222" lon="7.49192">
        <ele>198.3</ele>
      </trkpt>
      <trkpt lat="48.48184" lon="7.49186">
        <ele>198.0</ele>
      </trkpt>
      <trkpt lat="48.48066" lon="7.49193">
        <ele>197.5</ele>
      </trkpt>
      <trkpt lat="48.48005" lon="7.49195">
        <ele>196.7</ele>
      </trkpt>
      <trkpt lat="48.47953" lon="7.492">
        <ele>196.3</ele>
      </trkpt>
      <trkpt lat="48.47908" lon="7.49216">
        <ele>195.4</ele>
      </trkpt>
      <trkpt lat="48.47887" lon="7.49226">
        <ele>195.6</ele>
      </trkpt>
      <trkpt lat="48.47863" lon="7.49238">
        <ele>196.4</ele>
      </trkpt>
      <trkpt lat="48.47829" lon="7.49255">
        <ele>197.3</ele>
      </trkpt>
      <trkpt lat="48.47776" lon="7.49292">
        <ele>198.2</ele>
      </trkpt>
      <trkpt lat="48.47754" lon="7.49303">
        <ele>199.4</ele>
      </trkpt>
      <trkpt lat="48.47742" lon="7.49305">
        <ele>200.3</ele>
      </trkpt>
      <trkpt lat="48.47733" lon="7.49304">
        <ele>201.2</ele>
      </trkpt>
      <trkpt lat="48.4771" lon="7.49295">
        <ele>202.0</ele>
      </trkpt>
      <trkpt lat="48.47683" lon="7.49274">
        <ele>203.1</ele>
      </trkpt>
      <trkpt lat="48.4766" lon="7.49249">
        <ele>204.1</ele>
      </trkpt>
      <trkpt lat="48.47616" lon="7.49185">
        <ele>205.1</ele>
      </trkpt>
      <trkpt lat="48.47592" lon="7.49154">
        <ele>205.9</ele>
      </trkpt>
      <trkpt lat="48.47554" lon="7.49115">
        <ele>206.3</ele>
      </trkpt>
      <trkpt lat="48.47538" lon="7.49101">
        <ele>206.3</ele>
      </trkpt>
      <trkpt lat="48.47504" lon="7.49075">
        <ele>205.6</ele>
      </trkpt>
      <trkpt lat="48.47485" lon="7.49065">
        <ele>204.6</ele>
      </trkpt>
      <trkpt lat="48.47436" lon="7.4905">
        <ele>203.1</ele>
      </trkpt>
      <trkpt lat="48.47407" lon="7.49037">
        <ele>201.4</ele>
      </trkpt>
      <trkpt lat="48.4738" lon="7.49017">
        <ele>199.7</ele>
      </trkpt>
      <trkpt lat="48.47345" lon="7.48981">
        <ele>198.5</ele>
      </trkpt>
      <trkpt lat="48.47327" lon="7.48955">
        <ele>197.4</ele>
      </trkpt>
      <trkpt lat="48.47311" lon="7.48938">
        <ele>196.5</ele>
      </trkpt>
      <trkpt lat="48.47285" lon="7.4892">
        <ele>196.2</ele>
      </trkpt>
      <trkpt lat="48.47266" lon="7.4891">
        <ele>196.4</ele>
      </trkpt>
      <trkpt lat="48.47239" lon="7.48899">
        <ele>196.6</ele>
      </trkpt>
      <trkpt lat="48.47219" lon="7.48897">
        <ele>197.3</ele>
      </trkpt>
      <trkpt lat="48.47191" lon="7.48901">
        <ele>197.8</ele>
      </trkpt>
      <trkpt lat="48.47143" lon="7.48901">
        <ele>198.1</ele>
      </trkpt>
      <trkpt lat="48.47051" lon="7.48894">
        <ele>198.2</ele>
      </trkpt>
      <trkpt lat="48.47024" lon="7.48887">
        <ele>198.6</ele>
      </trkpt>
      <trkpt lat="48.47012" lon="7.48882">
        <ele>198.4</ele>
      </trkpt>
      <trkpt lat="48.4698" lon="7.48846">
        <ele>199.0</ele>
      </trkpt>
      <trkpt lat="48.46966" lon="7.48825">
        <ele>199.6</ele>
      </trkpt>
      <trkpt lat="48.46948" lon="7.48804">
        <ele>200.4</ele>
      </trkpt>
      <trkpt lat="48.46927" lon="7.48779">
        <ele>201.3</ele>
      </trkpt>
      <trkpt lat="48.46881" lon="7.48734">
        <ele>202.7</ele>
      </trkpt>
      <trkpt lat="48.4682" lon="7.4868">
        <ele>204.0</ele>
      </trkpt>
      <trkpt lat="48.46768" lon="7.48622">
        <ele>205.4</ele>
      </trkpt>
      <trkpt lat="48.46745" lon="7.48596">
        <ele>207.3</ele>
      </trkpt>
      <trkpt lat="48.46721" lon="7.48572">
        <ele>208.6</ele>
      </trkpt>
      <trkpt lat="48.46717" lon="7.48566">
        <ele>209.6</ele>
      </trkpt>
      <trkpt lat="48.46713" lon="7.48566">
        <ele>210.9</ele>
      </trkpt>
      <trkpt lat="48.4671" lon="7.48566">
        <ele>211.6</ele>
      </trkpt>
      <trkpt lat="48.46706" lon="7.48563">
        <ele>211.5</ele>
      </trkpt>
      <trkpt lat="48.46658" lon="7.48527">
        <ele>211.3</ele>
      </trkpt>
      <trkpt lat="48.46617" lon="7.48499">
        <ele>210.1</ele>
      </trkpt>
      <trkpt lat="48.46555" lon="7.48457">
        <ele>208.3</ele>
      </trkpt>
      <trkpt lat="48.46513" lon="7.48425">
        <ele>205.3</ele>
      </trkpt>
      <trkpt lat="48.46489" lon="7.48403">
        <ele>202.5</ele>
      </trkpt>
      <trkpt lat="48.46457" lon="7.48373">
        <ele>199.4</ele>
      </trkpt>
      <trkpt lat="48.46451" lon="7.48366">
        <ele>197.6</ele>
      </trkpt>
      <trkpt lat="48.46444" lon="7.48356">
        <ele>195.1</ele>
      </trkpt>
      <trkpt lat="48.46437" lon="7.48344">
        <ele>194.4</ele>
      </trkpt>
      <trkpt lat="48.4643" lon="7.48332">
        <ele>193.0</ele>
      </trkpt>
      <trkpt lat="48.46422" lon="7.48324">
        <ele>192.4</ele>
      </trkpt>
      <trkpt lat="48.464197" lon="7.48318">
        <ele>191.7</ele>
      </trkpt>
      <trkpt lat="48.46419" lon="7.48316">
        <ele>198.2</ele>
      </trkpt>
      <trkpt lat="48.46425" lon="7.48382">
        <ele>197.2</ele>
      </trkpt>
      <trkpt lat="48.46373" lon="7.48381">
        <ele>190.3</ele>
      </trkpt>
      <trkpt lat="48.46353" lon="7.48374">
        <ele>187.9</ele>
      </trkpt>
      <trkpt lat="48.46344" lon="7.48372">
        <ele>186.9</ele>
      </trkpt>
      <trkpt lat="48.46333" lon="7.48368">
        <ele>185.6</ele>
      </trkpt>
      <trkpt lat="48.46315" lon="7.48444">
        <ele>185.5</ele>
      </trkpt>
      <trkpt lat="48.46302" lon="7.48488">
        <ele>185.5</ele>
      </trkpt>
      <trkpt lat="48.46277" lon="7.4854">
        <ele>185.8</ele>
      </trkpt>
      <trkpt lat="48.46271" lon="7.48543">
        <ele>185.9</ele>
      </trkpt>
      <trkpt lat="48.46261" lon="7.4855">
        <ele>185.9</ele>
      </trkpt>
      <trkpt lat="48.46246" lon="7.48553">
        <ele>185.9</ele>
      </trkpt>
      <trkpt lat="48.46222" lon="7.48547">
        <ele>185.2</ele>
      </trkpt>
      <trkpt lat="48.46175" lon="7.48525">
        <ele>183.9</ele>
      </trkpt>
      <trkpt lat="48.46169" lon="7.48509">
        <ele>184.0</ele>
      </trkpt>
      <trkpt lat="48.46111" lon="7.4848">
        <ele>181.9</ele>
      </trkpt>
      <trkpt lat="48.46096" lon="7.48502">
        <ele>180.6</ele>
      </trkpt>
      <trkpt lat="48.4608" lon="7.48523">
        <ele>180.0</ele>
      </trkpt>
      <trkpt lat="48.46068" lon="7.48541">
        <ele>179.8</ele>
      </trkpt>
      <trkpt lat="48.4606" lon="7.48575">
        <ele>179.3</ele>
      </trkpt>
      <trkpt lat="48.46054" lon="7.48651">
        <ele>178.7</ele>
      </trkpt>
      <trkpt lat="48.46039" lon="7.48662">
        <ele>177.9</ele>
      </trkpt>
      <trkpt lat="48.46033" lon="7.48649">
        <ele>177.7</ele>
      </trkpt>
      <trkpt lat="48.46028" lon="7.48642">
        <ele>177.5</ele>
      </trkpt>
      <trkpt lat="48.46022" lon="7.48637">
        <ele>177.3</ele>
      </trkpt>
      <trkpt lat="48.4599" lon="7.48619">
        <ele>176.5</ele>
      </trkpt>
      <trkpt lat="48.45968" lon="7.48694">
        <ele>175.5</ele>
      </trkpt>
      <trkpt lat="48.45964" lon="7.48698">
        <ele>175.5</ele>
      </trkpt>
      <trkpt lat="48.45959" lon="7.487">
        <ele>175.4</ele>
      </trkpt>
      <trkpt lat="48.45951" lon="7.48701">
        <ele>175.3</ele>
      </trkpt>
      <trkpt lat="48.45879" lon="7.48682">
        <ele>176.6</ele>
      </trkpt>
      <trkpt lat="48.4586" lon="7.48675">
        <ele>177.2</ele>
      </trkpt>
      <trkpt lat="48.45854" lon="7.48675">
        <ele>177.4</ele>
      </trkpt>
      <trkpt lat="48.4585" lon="7.48671">
        <ele>177.5</ele>
      </trkpt>
      <trkpt lat="48.45836" lon="7.48662">
        <ele>177.9</ele>
      </trkpt>
      <trkpt lat="48.45808" lon="7.48638">
        <ele>178.6</ele>
      </trkpt>
      <trkpt lat="48.45772" lon="7.48615">
        <ele>180.1</ele>
      </trkpt>
      <trkpt lat="48.45763" lon="7.48607">
        <ele>180.6</ele>
      </trkpt>
      <trkpt lat="48.45745" lon="7.48598">
        <ele>181.5</ele>
      </trkpt>
      <trkpt lat="48.45675" lon="7.48555">
        <ele>182.3</ele>
      </trkpt>
      <trkpt lat="48.45605" lon="7.48511">
        <ele>183.5</ele>
      </trkpt>
      <trkpt lat="48.45592" lon="7.48496">
        <ele>183.9</ele>
      </trkpt>
      <trkpt lat="48.4553" lon="7.48536">
        <ele>181.5</ele>
      </trkpt>
      <trkpt lat="48.45525" lon="7.48528">
        <ele>181.5</ele>
      </trkpt>
      <trkpt lat="48.45482" lon="7.48496">
        <ele>180.7</ele>
      </trkpt>
      <trkpt lat="48.45472" lon="7.48491">
        <ele>180.6</ele>
      </trkpt>
      <trkpt lat="48.45404" lon="7.48471">
        <ele>179.9</ele>
      </trkpt>
      <trkpt lat="48.45357" lon="7.48453">
        <ele>181.0</ele>
      </trkpt>
      <trkpt lat="48.45298" lon="7.48439">
        <ele>181.6</ele>
      </trkpt>
      <trkpt lat="48.45239" lon="7.48426">
        <ele>181.6</ele>
      </trkpt>
      <trkpt lat="48.45156" lon="7.48413">
        <ele>180.9</ele>
      </trkpt>
      <trkpt lat="48.45124" lon="7.48407">
        <ele>180.6</ele>
      </trkpt>
      <trkpt lat="48.45069" lon="7.48397">
        <ele>180.0</ele>
      </trkpt>
      <trkpt lat="48.4499" lon="7.48375">
        <ele>178.8</ele>
      </trkpt>
      <trkpt lat="48.44934" lon="7.48364">
        <ele>177.4</ele>
      </trkpt>
      <trkpt lat="48.44896" lon="7.48354">
        <ele>176.5</ele>
      </trkpt>
      <trkpt lat="48.44822" lon="7.48325">
        <ele>175.0</ele>
      </trkpt>
      <trkpt lat="48.44765" lon="7.48306">
        <ele>174.5</ele>
      </trkpt>
      <trkpt lat="48.44718" lon="7.48292">
        <ele>174.7</ele>
      </trkpt>
      <trkpt lat="48.44672" lon="7.4828">
        <ele>175.2</ele>
      </trkpt>
      <trkpt lat="48.44651" lon="7.48272">
        <ele>175.1</ele>
      </trkpt>
      <trkpt lat="48.44626" lon="7.48262">
        <ele>174.7</ele>
      </trkpt>
      <trkpt lat="48.44623" lon="7.48261">
        <ele>174.7</ele>
      </trkpt>
      <trkpt lat="48.4462" lon="7.48262">
        <ele>174.6</ele>
      </trkpt>
      <trkpt lat="48.44618" lon="7.48266">
        <ele>174.5</ele>
      </trkpt>
      <trkpt lat="48.44617" lon="7.4827">
        <ele>174.3</ele>
      </trkpt>
      <trkpt lat="48.44608" lon="7.48301">
        <ele>173.4</ele>
      </trkpt>
      <trkpt lat="48.44605" lon="7.48304">
        <ele>173.2</ele>
      </trkpt>
      <trkpt lat="48.44601" lon="7.48305">
        <ele>173.1</ele>
      </trkpt>
      <trkpt lat="48.44591" lon="7.48303">
        <ele>172.9</ele>
      </trkpt>
      <trkpt lat="48.44513" lon="7.48275">
        <ele>172.2</ele>
      </trkpt>
      <trkpt lat="48.44442" lon="7.48252">
        <ele>172.0</ele>
      </trkpt>
      <trkpt lat="48.44371" lon="7.48229">
        <ele>173.2</ele>
      </trkpt>
      <trkpt lat="48.44368" lon="7.48228">
        <ele>173.2</ele>
      </trkpt>
      <trkpt lat="48.44321" lon="7.48214">
        <ele>173.0</ele>
      </trkpt>
      <trkpt lat="48.44273" lon="7.48199">
        <ele>170.9</ele>
      </trkpt>
      <trkpt lat="48.44197" lon="7.48172">
        <ele>170.6</ele>
      </trkpt>
      <trkpt lat="48.44189" lon="7.4817">
        <ele>170.7</ele>
      </trkpt>
      <trkpt lat="48.44175" lon="7.48169">
        <ele>170.9</ele>
      </trkpt>
      <trkpt lat="48.44163" lon="7.48172">
        <ele>171.0</ele>
      </trkpt>
      <trkpt lat="48.44139" lon="7.48185">
        <ele>171.0</ele>
      </trkpt>
      <trkpt lat="48.44123" lon="7.48191">
        <ele>171.0</ele>
      </trkpt>
      <trkpt lat="48.44051" lon="7.48205">
        <ele>170.4</ele>
      </trkpt>
      <trkpt lat="48.44001" lon="7.48217">
        <ele>169.4</ele>
      </trkpt>
      <trkpt lat="48.43951" lon="7.48229">
        <ele>168.4</ele>
      </trkpt>
      <trkpt lat="48.43927" lon="7.48239">
        <ele>167.6</ele>
      </trkpt>
      <trkpt lat="48.43862" lon="7.48273">
        <ele>166.2</ele>
      </trkpt>
      <trkpt lat="48.43817" lon="7.48288">
        <ele>165.8</ele>
      </trkpt>
      <trkpt lat="48.43796" lon="7.48292">
        <ele>166.2</ele>
      </trkpt>
      <trkpt lat="48.43766" lon="7.48302">
        <ele>166.7</ele>
      </trkpt>
      <trkpt lat="48.43739" lon="7.48308">
        <ele>166.9</ele>
      </trkpt>
      <trkpt lat="48.43723" lon="7.48291">
        <ele>166.7</ele>
      </trkpt>
      <trkpt lat="48.43709" lon="7.48283">
        <ele>166.5</ele>
      </trkpt>
      <trkpt lat="48.43666" lon="7.48271">
        <ele>166.0</ele>
      </trkpt>
      <trkpt lat="48.43622" lon="7.48276">
        <ele>166.2</ele>
      </trkpt>
      <trkpt lat="48.43546" lon="7.48309">
        <ele>165.3</ele>
      </trkpt>
      <trkpt lat="48.43499" lon="7.48333">
        <ele>165.0</ele>
      </trkpt>
      <trkpt lat="48.43485" lon="7.48339">
        <ele>165.2</ele>
      </trkpt>
      <trkpt lat="48.43468" lon="7.4834">
        <ele>165.4</ele>
      </trkpt>
      <trkpt lat="48.43433" lon="7.48329">
        <ele>165.8</ele>
      </trkpt>
      <trkpt lat="48.43392" lon="7.48317">
        <ele>166.5</ele>
      </trkpt>
      <trkpt lat="48.43343" lon="7.48308">
        <ele>167.5</ele>
      </trkpt>
      <trkpt lat="48.43294" lon="7.48298">
        <ele>168.7</ele>
      </trkpt>
      <trkpt lat="48.4329" lon="7.48181">
        <ele>168.6</ele>
      </trkpt>
      <trkpt lat="48.43289" lon="7.48095">
        <ele>170.3</ele>
      </trkpt>
      <trkpt lat="48.43291" lon="7.48019">
        <ele>171.3</ele>
      </trkpt>
      <trkpt lat="48.43293" lon="7.47978">
        <ele>171.8</ele>
      </trkpt>
      <trkpt lat="48.43295" lon="7.47949">
        <ele>172.1</ele>
      </trkpt>
      <trkpt lat="48.433" lon="7.47922">
        <ele>172.5</ele>
      </trkpt>
      <trkpt lat="48.43303" lon="7.47909">
        <ele>172.6</ele>
      </trkpt>
      <trkpt lat="48.4331" lon="7.47869">
        <ele>172.6</ele>
      </trkpt>
      <trkpt lat="48.43318" lon="7.47808">
        <ele>172.7</ele>
      </trkpt>
      <trkpt lat="48.43314" lon="7.47772">
        <ele>172.9</ele>
      </trkpt>
      <trkpt lat="48.4329" lon="7.47658">
        <ele>174.1</ele>
      </trkpt>
      <trkpt lat="48.43289" lon="7.47647">
        <ele>174.2</ele>
      </trkpt>
      <trkpt lat="48.4329" lon="7.47639">
        <ele>174.3</ele>
      </trkpt>
      <trkpt lat="48.43292" lon="7.47632">
        <ele>174.4</ele>
      </trkpt>
      <trkpt lat="48.43284" lon="7.47623">
        <ele>174.5</ele>
      </trkpt>
      <trkpt lat="48.43279" lon="7.47612">
        <ele>174.7</ele>
      </trkpt>
      <trkpt lat="48.43264" lon="7.47536">
        <ele>176.1</ele>
      </trkpt>
      <trkpt lat="48.43249" lon="7.47461">
        <ele>178.4</ele>
      </trkpt>
      <trkpt lat="48.43232" lon="7.47468">
        <ele>178.6</ele>
      </trkpt>
      <trkpt lat="48.4322" lon="7.47474">
        <ele>178.6</ele>
      </trkpt>
      <trkpt lat="48.43173" lon="7.47512">
        <ele>178.6</ele>
      </trkpt>
      <trkpt lat="48.43145" lon="7.47529">
        <ele>179.1</ele>
      </trkpt>
      <trkpt lat="48.43119" lon="7.47539">
        <ele>179.6</ele>
      </trkpt>
      <trkpt lat="48.43102" lon="7.47544">
        <ele>179.8</ele>
      </trkpt>
      <trkpt lat="48.43055" lon="7.4755">
        <ele>179.9</ele>
      </trkpt>
      <trkpt lat="48.43008" lon="7.47556">
        <ele>179.6</ele>
      </trkpt>
      <trkpt lat="48.4296" lon="7.47559">
        <ele>179.6</ele>
      </trkpt>
      <trkpt lat="48.42945" lon="7.47561">
        <ele>179.5</ele>
      </trkpt>
      <trkpt lat="48.429" lon="7.47571">
        <ele>179.3</ele>
      </trkpt>
      <trkpt lat="48.4286" lon="7.47577">
        <ele>179.1</ele>
      </trkpt>
      <trkpt lat="48.42808" lon="7.47577">
        <ele>179.4</ele>
      </trkpt>
      <trkpt lat="48.42793" lon="7.47579">
        <ele>179.5</ele>
      </trkpt>
      <trkpt lat="48.42774" lon="7.47583">
        <ele>179.7</ele>
      </trkpt>
      <trkpt lat="48.42754" lon="7.47585">
        <ele>180.0</ele>
      </trkpt>
      <trkpt lat="48.42743" lon="7.47583">
        <ele>180.0</ele>
      </trkpt>
      <trkpt lat="48.42702" lon="7.47572">
        <ele>180.2</ele>
      </trkpt>
      <trkpt lat="48.4269" lon="7.4757">
        <ele>180.2</ele>
      </trkpt>
      <trkpt lat="48.4262" lon="7.4757">
        <ele>180.8</ele>
      </trkpt>
      <trkpt lat="48.42616" lon="7.47585">
        <ele>180.6</ele>
      </trkpt>
      <trkpt lat="48.42613" lon="7.47609">
        <ele>180.4</ele>
      </trkpt>
      <trkpt lat="48.4261" lon="7.47619">
        <ele>180.4</ele>
      </trkpt>
      <trkpt lat="48.42607" lon="7.47623">
        <ele>180.4</ele>
      </trkpt>
      <trkpt lat="48.42602" lon="7.47627">
        <ele>180.4</ele>
      </trkpt>
      <trkpt lat="48.42594" lon="7.4763">
        <ele>180.4</ele>
      </trkpt>
      <trkpt lat="48.42587" lon="7.4763">
        <ele>180.4</ele>
      </trkpt>
      <trkpt lat="48.4257" lon="7.47629">
        <ele>180.0</ele>
      </trkpt>
      <trkpt lat="48.42523" lon="7.47625">
        <ele>178.7</ele>
      </trkpt>
      <trkpt lat="48.425" lon="7.47619">
        <ele>178.2</ele>
      </trkpt>
      <trkpt lat="48.42452" lon="7.47603">
        <ele>179.5</ele>
      </trkpt>
      <trkpt lat="48.42394" lon="7.47585">
        <ele>181.2</ele>
      </trkpt>
      <trkpt lat="48.42389" lon="7.47582">
        <ele>181.3</ele>
      </trkpt>
      <trkpt lat="48.42385" lon="7.47577">
        <ele>181.5</ele>
      </trkpt>
      <trkpt lat="48.42382" lon="7.4757">
        <ele>181.7</ele>
      </trkpt>
      <trkpt lat="48.42375" lon="7.47554">
        <ele>182.0</ele>
      </trkpt>
      <trkpt lat="48.42367" lon="7.4754">
        <ele>182.4</ele>
      </trkpt>
      <trkpt lat="48.42331" lon="7.47486">
        <ele>183.9</ele>
      </trkpt>
      <trkpt lat="48.42322" lon="7.47474">
        <ele>183.5</ele>
      </trkpt>
      <trkpt lat="48.42315" lon="7.47466">
        <ele>183.3</ele>
      </trkpt>
      <trkpt lat="48.42296" lon="7.47453">
        <ele>182.7</ele>
      </trkpt>
      <trkpt lat="48.42272" lon="7.47441">
        <ele>182.1</ele>
      </trkpt>
      <trkpt lat="48.42263" lon="7.47439">
        <ele>181.9</ele>
      </trkpt>
      <trkpt lat="48.42216" lon="7.47437">
        <ele>180.7</ele>
      </trkpt>
      <trkpt lat="48.42159" lon="7.47436">
        <ele>179.5</ele>
      </trkpt>
      <trkpt lat="48.4215" lon="7.47433">
        <ele>179.6</ele>
      </trkpt>
      <trkpt lat="48.42123" lon="7.47419">
        <ele>180.0</ele>
      </trkpt>
      <trkpt lat="48.42112" lon="7.47411">
        <ele>180.2</ele>
      </trkpt>
      <trkpt lat="48.42098" lon="7.47396">
        <ele>180.5</ele>
      </trkpt>
      <trkpt lat="48.42039" lon="7.4732">
        <ele>182.5</ele>
      </trkpt>
      <trkpt lat="48.42016" lon="7.47301">
        <ele>183.2</ele>
      </trkpt>
      <trkpt lat="48.41981" lon="7.47282">
        <ele>183.6</ele>
      </trkpt>
      <trkpt lat="48.4197" lon="7.47274">
        <ele>183.6</ele>
      </trkpt>
      <trkpt lat="48.41957" lon="7.4726">
        <ele>183.7</ele>
      </trkpt>
      <trkpt lat="48.41918" lon="7.47217">
        <ele>184.2</ele>
      </trkpt>
      <trkpt lat="48.419" lon="7.47194">
        <ele>184.9</ele>
      </trkpt>
      <trkpt lat="48.41868" lon="7.47152">
        <ele>185.8</ele>
      </trkpt>
      <trkpt lat="48.41849" lon="7.47131">
        <ele>186.3</ele>
      </trkpt>
      <trkpt lat="48.41802" lon="7.47084">
        <ele>188.0</ele>
      </trkpt>
      <trkpt lat="48.41795" lon="7.47076">
        <ele>188.1</ele>
      </trkpt>
      <trkpt lat="48.41789" lon="7.47067">
        <ele>188.2</ele>
      </trkpt>
      <trkpt lat="48.41778" lon="7.47037">
        <ele>188.6</ele>
      </trkpt>
      <trkpt lat="48.41754" lon="7.46944">
        <ele>189.1</ele>
      </trkpt>
      <trkpt lat="48.41748" lon="7.46925">
        <ele>189.0</ele>
      </trkpt>
      <trkpt lat="48.4174" lon="7.46903">
        <ele>189.1</ele>
      </trkpt>
      <trkpt lat="48.41708" lon="7.46825">
        <ele>190.3</ele>
      </trkpt>
      <trkpt lat="48.41676" lon="7.46747">
        <ele>192.9</ele>
      </trkpt>
      <trkpt lat="48.4167" lon="7.46736">
        <ele>193.3</ele>
      </trkpt>
      <trkpt lat="48.41659" lon="7.46724">
        <ele>193.7</ele>
      </trkpt>
      <trkpt lat="48.4165" lon="7.46718">
        <ele>194.0</ele>
      </trkpt>
      <trkpt lat="48.41637" lon="7.46711">
        <ele>194.3</ele>
      </trkpt>
      <trkpt lat="48.41602" lon="7.46693">
        <ele>195.2</ele>
      </trkpt>
      <trkpt lat="48.41593" lon="7.46686">
        <ele>195.4</ele>
      </trkpt>
      <trkpt lat="48.41581" lon="7.46669">
        <ele>195.9</ele>
      </trkpt>
      <trkpt lat="48.41581" lon="7.46664">
        <ele>196.0</ele>
      </trkpt>
      <trkpt lat="48.4158" lon="7.46659">
        <ele>196.0</ele>
      </trkpt>
      <trkpt lat="48.41578" lon="7.46654">
        <ele>196.0</ele>
      </trkpt>
      <trkpt lat="48.41576" lon="7.46651">
        <ele>196.0</ele>
      </trkpt>
      <trkpt lat="48.41573" lon="7.4665">
        <ele>196.1</ele>
      </trkpt>
      <trkpt lat="48.4157" lon="7.4665">
        <ele>196.1</ele>
      </trkpt>
      <trkpt lat="48.41564" lon="7.46654">
        <ele>196.1</ele>
      </trkpt>
      <trkpt lat="48.41561" lon="7.4666">
        <ele>196.0</ele>
      </trkpt>
      <trkpt lat="48.41551" lon="7.46664">
        <ele>196.0</ele>
      </trkpt>
      <trkpt lat="48.41534" lon="7.46664">
        <ele>196.0</ele>
      </trkpt>
      <trkpt lat="48.41474" lon="7.46668">
        <ele>195.0</ele>
      </trkpt>
      <trkpt lat="48.41413" lon="7.46672">
        <ele>192.9</ele>
      </trkpt>
      <trkpt lat="48.41355" lon="7.46677">
        <ele>191.4</ele>
      </trkpt>
      <trkpt lat="48.41344" lon="7.46636">
        <ele>190.7</ele>
      </trkpt>
      <trkpt lat="48.4131" lon="7.46514">
        <ele>189.3</ele>
      </trkpt>
      <trkpt lat="48.41292" lon="7.46446">
        <ele>189.7</ele>
      </trkpt>
      <trkpt lat="48.41274" lon="7.46378">
        <ele>188.8</ele>
      </trkpt>
      <trkpt lat="48.41256" lon="7.46314">
        <ele>187.6</ele>
      </trkpt>
      <trkpt lat="48.41235" lon="7.46246">
        <ele>187.3</ele>
      </trkpt>
      <trkpt lat="48.41233" lon="7.46243">
        <ele>187.3</ele>
      </trkpt>
      <trkpt lat="48.4122" lon="7.462">
        <ele>187.4</ele>
      </trkpt>
      <trkpt lat="48.41218" lon="7.46194">
        <ele>187.5</ele>
      </trkpt>
      <trkpt lat="48.412" lon="7.46149">
        <ele>188.3</ele>
      </trkpt>
      <trkpt lat="48.41185" lon="7.46116">
        <ele>189.1</ele>
      </trkpt>
      <trkpt lat="48.41155" lon="7.46063">
        <ele>189.6</ele>
      </trkpt>
      <trkpt lat="48.41126" lon="7.46011">
        <ele>189.9</ele>
      </trkpt>
      <trkpt lat="48.411" lon="7.45972">
        <ele>191.0</ele>
      </trkpt>
      <trkpt lat="48.41063" lon="7.45926">
        <ele>191.4</ele>
      </trkpt>
      <trkpt lat="48.41027" lon="7.45876">
        <ele>191.0</ele>
      </trkpt>
      <trkpt lat="48.41029" lon="7.45865">
        <ele>191.1</ele>
      </trkpt>
      <trkpt lat="48.4103" lon="7.45823">
        <ele>191.5</ele>
      </trkpt>
      <trkpt lat="48.41033" lon="7.458">
        <ele>191.9</ele>
      </trkpt>
      <trkpt lat="48.41046" lon="7.4567">
        <ele>192.5</ele>
      </trkpt>
      <trkpt lat="48.41054" lon="7.45585">
        <ele>194.0</ele>
      </trkpt>
      <trkpt lat="48.41055" lon="7.45577">
        <ele>194.1</ele>
      </trkpt>
      <trkpt lat="48.41056" lon="7.45566">
        <ele>194.3</ele>
      </trkpt>
      <trkpt lat="48.41055" lon="7.45557">
        <ele>194.5</ele>
      </trkpt>
      <trkpt lat="48.41052" lon="7.4555">
        <ele>194.7</ele>
      </trkpt>
      <trkpt lat="48.41056" lon="7.45547">
        <ele>194.7</ele>
      </trkpt>
      <trkpt lat="48.41057" lon="7.45543">
        <ele>194.8</ele>
      </trkpt>
      <trkpt lat="48.41064" lon="7.45461">
        <ele>197.6</ele>
      </trkpt>
      <trkpt lat="48.41066" lon="7.45443">
        <ele>198.7</ele>
      </trkpt>
      <trkpt lat="48.41071" lon="7.45378">
        <ele>203.4</ele>
      </trkpt>
      <trkpt lat="48.41074" lon="7.45359">
        <ele>205.2</ele>
      </trkpt>
      <trkpt lat="48.41077" lon="7.45345">
        <ele>206.5</ele>
      </trkpt>
      <trkpt lat="48.41094" lon="7.45301">
        <ele>210.6</ele>
      </trkpt>
      <trkpt lat="48.41095" lon="7.45295">
        <ele>211.0</ele>
      </trkpt>
      <trkpt lat="48.41094" lon="7.45288">
        <ele>211.5</ele>
      </trkpt>
      <trkpt lat="48.41083" lon="7.45258">
        <ele>213.3</ele>
      </trkpt>
      <trkpt lat="48.41071" lon="7.45233">
        <ele>213.2</ele>
      </trkpt>
      <trkpt lat="48.41069" lon="7.45226">
        <ele>213.2</ele>
      </trkpt>
      <trkpt lat="48.41068" lon="7.45219">
        <ele>213.4</ele>
      </trkpt>
      <trkpt lat="48.410698" lon="7.452125">
        <ele>213.8</ele>
      </trkpt>
      <trkpt lat="48.4107" lon="7.45212">
        <ele>213.9</ele>
      </trkpt>
      <trkpt lat="48.41061" lon="7.45204">
        <ele>213.2</ele>
      </trkpt>
      <trkpt lat="48.41052" lon="7.45192">
        <ele>212.9</ele>
      </trkpt>
      <trkpt lat="48.41038" lon="7.45165">
        <ele>212.7</ele>
      </trkpt>
      <trkpt lat="48.41009" lon="7.45106">
        <ele>214.6</ele>
      </trkpt>
      <trkpt lat="48.41005" lon="7.451">
        <ele>214.9</ele>
      </trkpt>
      <trkpt lat="48.40984" lon="7.45074">
        <ele>215.6</ele>
      </trkpt>
      <trkpt lat="48.40955" lon="7.45043">
        <ele>215.1</ele>
      </trkpt>
      <trkpt lat="48.40934" lon="7.45018">
        <ele>214.6</ele>
      </trkpt>
      <trkpt lat="48.40921" lon="7.44993">
        <ele>214.3</ele>
      </trkpt>
      <trkpt lat="48.40916" lon="7.44989">
        <ele>214.1</ele>
      </trkpt>
      <trkpt lat="48.40866" lon="7.44966">
        <ele>211.2</ele>
      </trkpt>
      <trkpt lat="48.40821" lon="7.44987">
        <ele>208.3</ele>
      </trkpt>
    </trkseg>
  </trk>
</gpx>
