<?xml version="1.0" encoding="UTF-8"?>
<gpx xmlns:gpxdata="http://www.cluetrust.com/XML/GPXDATA/1/0" xmlns:xsi="http://www.w3.org/2001/XMLSchema-instance" xmlns="http://www.topografix.com/GPX/1/1" version="1.1" creator="http://ridewithgps.com/" xsi:schemaLocation="http://www.topografix.com/GPX/1/1 http://www.topografix.com/GPX/1/1/gpx.xsd http://www.cluetrust.com/XML/GPXDATA/1/0 http://www.cluetrust.com/Schemas/gpxdata10.xsd">
  <metadata>
    <name>Jour 7 - Colmar @ Cernay</name>
    <link href="https://ridewithgps.com/routes/57036457">
      <text>Jour 7 - Colmar @ Cernay</text>
    </link>
    <time>2026-09-06T10:49:46Z</time>
  </metadata>
  <trk>
    <name>Jour 7 - Colmar @ Cernay</name>
    <trkseg>
      <trkpt lat="48.07857" lon="7.37079">
        <ele>187.7</ele>
      </trkpt>
      <trkpt lat="48.07869" lon="7.37082">
        <ele>187.6</ele>
      </trkpt>
      <trkpt lat="48.0788" lon="7.37016">
        <ele>187.4</ele>
      </trkpt>
      <trkpt lat="48.07826" lon="7.36992">
        <ele>187.9</ele>
      </trkpt>
      <trkpt lat="48.07772" lon="7.36968">
        <ele>187.8</ele>
      </trkpt>
      <trkpt lat="48.07774" lon="7.36956">
        <ele>188.0</ele>
      </trkpt>
      <trkpt lat="48.0778" lon="7.36914">
        <ele>188.6</ele>
      </trkpt>
      <trkpt lat="48.07781" lon="7.36907">
        <ele>188.6</ele>
      </trkpt>
      <trkpt lat="48.0778" lon="7.36895">
        <ele>188.5</ele>
      </trkpt>
      <trkpt lat="48.07755" lon="7.36833">
        <ele>188.0</ele>
      </trkpt>
      <trkpt lat="48.07731" lon="7.3677">
        <ele>188.4</ele>
      </trkpt>
      <trkpt lat="48.0769" lon="7.36665">
        <ele>186.5</ele>
      </trkpt>
      <trkpt lat="48.07683" lon="7.36642">
        <ele>187.2</ele>
      </trkpt>
      <trkpt lat="48.07671" lon="7.36612">
        <ele>188.2</ele>
      </trkpt>
      <trkpt lat="48.07667" lon="7.36602">
        <ele>188.5</ele>
      </trkpt>
      <trkpt lat="48.07663" lon="7.36593">
        <ele>188.8</ele>
      </trkpt>
      <trkpt lat="48.07656" lon="7.36556">
        <ele>188.7</ele>
      </trkpt>
      <trkpt lat="48.07657" lon="7.36546">
        <ele>188.6</ele>
      </trkpt>
      <trkpt lat="48.07663" lon="7.36527">
        <ele>188.3</ele>
      </trkpt>
      <trkpt lat="48.07677" lon="7.36476">
        <ele>188.4</ele>
      </trkpt>
      <trkpt lat="48.07693" lon="7.36431">
        <ele>189.1</ele>
      </trkpt>
      <trkpt lat="48.07701" lon="7.36407">
        <ele>189.4</ele>
      </trkpt>
      <trkpt lat="48.07718" lon="7.36289">
        <ele>190.3</ele>
      </trkpt>
      <trkpt lat="48.0772" lon="7.36263">
        <ele>190.7</ele>
      </trkpt>
      <trkpt lat="48.07722" lon="7.36246">
        <ele>191.1</ele>
      </trkpt>
      <trkpt lat="48.07728" lon="7.36247">
        <ele>191.1</ele>
      </trkpt>
      <trkpt lat="48.07747" lon="7.36265">
        <ele>190.7</ele>
      </trkpt>
      <trkpt lat="48.07751" lon="7.36268">
        <ele>190.6</ele>
      </trkpt>
      <trkpt lat="48.07784" lon="7.36169">
        <ele>193.4</ele>
      </trkpt>
      <trkpt lat="48.07792" lon="7.36139">
        <ele>194.0</ele>
      </trkpt>
      <trkpt lat="48.07798" lon="7.36119">
        <ele>194.3</ele>
      </trkpt>
      <trkpt lat="48.07801" lon="7.36106">
        <ele>194.5</ele>
      </trkpt>
      <trkpt lat="48.07788" lon="7.36098">
        <ele>194.8</ele>
      </trkpt>
      <trkpt lat="48.07781" lon="7.36093">
        <ele>195.0</ele>
      </trkpt>
      <trkpt lat="48.07737" lon="7.36053">
        <ele>196.4</ele>
      </trkpt>
      <trkpt lat="48.07711" lon="7.36017">
        <ele>196.8</ele>
      </trkpt>
      <trkpt lat="48.07708" lon="7.36011">
        <ele>196.9</ele>
      </trkpt>
      <trkpt lat="48.07726" lon="7.35978">
        <ele>196.6</ele>
      </trkpt>
      <trkpt lat="48.07735" lon="7.35958">
        <ele>196.2</ele>
      </trkpt>
      <trkpt lat="48.0775" lon="7.35927">
        <ele>195.2</ele>
      </trkpt>
      <trkpt lat="48.07758" lon="7.35932">
        <ele>195.4</ele>
      </trkpt>
      <trkpt lat="48.07774" lon="7.35867">
        <ele>195.7</ele>
      </trkpt>
      <trkpt lat="48.07781" lon="7.35826">
        <ele>196.3</ele>
      </trkpt>
      <trkpt lat="48.07777" lon="7.35807">
        <ele>196.9</ele>
      </trkpt>
      <trkpt lat="48.07785" lon="7.35794">
        <ele>197.3</ele>
      </trkpt>
      <trkpt lat="48.07797" lon="7.35775">
        <ele>197.6</ele>
      </trkpt>
      <trkpt lat="48.07802" lon="7.35765">
        <ele>197.7</ele>
      </trkpt>
      <trkpt lat="48.07802" lon="7.35755">
        <ele>198.0</ele>
      </trkpt>
      <trkpt lat="48.07801" lon="7.35718">
        <ele>197.9</ele>
      </trkpt>
      <trkpt lat="48.078" lon="7.35658">
        <ele>197.4</ele>
      </trkpt>
      <trkpt lat="48.07798" lon="7.35582">
        <ele>197.7</ele>
      </trkpt>
      <trkpt lat="48.07804" lon="7.35525">
        <ele>197.0</ele>
      </trkpt>
      <trkpt lat="48.07808" lon="7.35505">
        <ele>196.8</ele>
      </trkpt>
      <trkpt lat="48.07822" lon="7.35466">
        <ele>196.6</ele>
      </trkpt>
      <trkpt lat="48.07827" lon="7.35451">
        <ele>196.4</ele>
      </trkpt>
      <trkpt lat="48.07828" lon="7.35436">
        <ele>196.3</ele>
      </trkpt>
      <trkpt lat="48.07834" lon="7.35404">
        <ele>196.2</ele>
      </trkpt>
      <trkpt lat="48.07814" lon="7.35389">
        <ele>196.6</ele>
      </trkpt>
      <trkpt lat="48.07815" lon="7.35378">
        <ele>196.8</ele>
      </trkpt>
      <trkpt lat="48.07817" lon="7.35364">
        <ele>196.9</ele>
      </trkpt>
      <trkpt lat="48.07857" lon="7.35273">
        <ele>197.3</ele>
      </trkpt>
      <trkpt lat="48.0786" lon="7.35263">
        <ele>197.3</ele>
      </trkpt>
      <trkpt lat="48.07864" lon="7.35252">
        <ele>197.4</ele>
      </trkpt>
      <trkpt lat="48.07861" lon="7.35246">
        <ele>197.3</ele>
      </trkpt>
      <trkpt lat="48.07851" lon="7.35215">
        <ele>197.0</ele>
      </trkpt>
      <trkpt lat="48.07851" lon="7.35211">
        <ele>196.9</ele>
      </trkpt>
      <trkpt lat="48.07853" lon="7.35194">
        <ele>196.9</ele>
      </trkpt>
      <trkpt lat="48.07856" lon="7.35181">
        <ele>196.9</ele>
      </trkpt>
      <trkpt lat="48.07864" lon="7.35139">
        <ele>197.5</ele>
      </trkpt>
      <trkpt lat="48.07874" lon="7.35105">
        <ele>198.2</ele>
      </trkpt>
      <trkpt lat="48.07894" lon="7.35047">
        <ele>198.6</ele>
      </trkpt>
      <trkpt lat="48.079" lon="7.35026">
        <ele>198.5</ele>
      </trkpt>
      <trkpt lat="48.07903" lon="7.35014">
        <ele>198.4</ele>
      </trkpt>
      <trkpt lat="48.07904" lon="7.35002">
        <ele>198.3</ele>
      </trkpt>
      <trkpt lat="48.07905" lon="7.34982">
        <ele>197.9</ele>
      </trkpt>
      <trkpt lat="48.07903" lon="7.34942">
        <ele>197.0</ele>
      </trkpt>
      <trkpt lat="48.07904" lon="7.34928">
        <ele>196.7</ele>
      </trkpt>
      <trkpt lat="48.07905" lon="7.34923">
        <ele>196.6</ele>
      </trkpt>
      <trkpt lat="48.07894" lon="7.34916">
        <ele>196.8</ele>
      </trkpt>
      <trkpt lat="48.07889" lon="7.34903">
        <ele>196.7</ele>
      </trkpt>
      <trkpt lat="48.07884" lon="7.34893">
        <ele>196.6</ele>
      </trkpt>
      <trkpt lat="48.07878" lon="7.34883">
        <ele>196.6</ele>
      </trkpt>
      <trkpt lat="48.07865" lon="7.34868">
        <ele>196.7</ele>
      </trkpt>
      <trkpt lat="48.07858" lon="7.34862">
        <ele>196.8</ele>
      </trkpt>
      <trkpt lat="48.07839" lon="7.34851">
        <ele>197.2</ele>
      </trkpt>
      <trkpt lat="48.07795" lon="7.34826">
        <ele>197.6</ele>
      </trkpt>
      <trkpt lat="48.07751" lon="7.348">
        <ele>198.0</ele>
      </trkpt>
      <trkpt lat="48.07734" lon="7.34791">
        <ele>197.6</ele>
      </trkpt>
      <trkpt lat="48.07731" lon="7.34785">
        <ele>197.6</ele>
      </trkpt>
      <trkpt lat="48.07729" lon="7.34783">
        <ele>197.5</ele>
      </trkpt>
      <trkpt lat="48.07726" lon="7.34781">
        <ele>197.5</ele>
      </trkpt>
      <trkpt lat="48.07722" lon="7.34782">
        <ele>197.4</ele>
      </trkpt>
      <trkpt lat="48.07719" lon="7.3478">
        <ele>197.4</ele>
      </trkpt>
      <trkpt lat="48.07712" lon="7.34776">
        <ele>197.3</ele>
      </trkpt>
      <trkpt lat="48.07708" lon="7.34777">
        <ele>197.2</ele>
      </trkpt>
      <trkpt lat="48.07706" lon="7.34778">
        <ele>197.1</ele>
      </trkpt>
      <trkpt lat="48.07645" lon="7.3474">
        <ele>197.6</ele>
      </trkpt>
      <trkpt lat="48.07618" lon="7.34721">
        <ele>198.4</ele>
      </trkpt>
      <trkpt lat="48.076" lon="7.34701">
        <ele>199.1</ele>
      </trkpt>
      <trkpt lat="48.07563" lon="7.34626">
        <ele>199.0</ele>
      </trkpt>
      <trkpt lat="48.07535" lon="7.34569">
        <ele>199.0</ele>
      </trkpt>
      <trkpt lat="48.0751" lon="7.34515">
        <ele>198.3</ele>
      </trkpt>
      <trkpt lat="48.07487" lon="7.34465">
        <ele>197.0</ele>
      </trkpt>
      <trkpt lat="48.07493" lon="7.34455">
        <ele>196.8</ele>
      </trkpt>
      <trkpt lat="48.07494" lon="7.34442">
        <ele>196.6</ele>
      </trkpt>
      <trkpt lat="48.07496" lon="7.34437">
        <ele>196.5</ele>
      </trkpt>
      <trkpt lat="48.07495" lon="7.34435">
        <ele>196.4</ele>
      </trkpt>
      <trkpt lat="48.07492" lon="7.34428">
        <ele>196.3</ele>
      </trkpt>
      <trkpt lat="48.07483" lon="7.34422">
        <ele>196.1</ele>
      </trkpt>
      <trkpt lat="48.0748" lon="7.34425">
        <ele>196.1</ele>
      </trkpt>
      <trkpt lat="48.07479" lon="7.34425">
        <ele>196.1</ele>
      </trkpt>
      <trkpt lat="48.07476" lon="7.34426">
        <ele>196.2</ele>
      </trkpt>
      <trkpt lat="48.07467" lon="7.34402">
        <ele>196.3</ele>
      </trkpt>
      <trkpt lat="48.07429" lon="7.34303">
        <ele>198.4</ele>
      </trkpt>
      <trkpt lat="48.07391" lon="7.34203">
        <ele>197.6</ele>
      </trkpt>
      <trkpt lat="48.07377" lon="7.34165">
        <ele>197.5</ele>
      </trkpt>
      <trkpt lat="48.07344" lon="7.34088">
        <ele>198.8</ele>
      </trkpt>
      <trkpt lat="48.0731" lon="7.34011">
        <ele>199.6</ele>
      </trkpt>
      <trkpt lat="48.07275" lon="7.33926">
        <ele>197.4</ele>
      </trkpt>
      <trkpt lat="48.07273" lon="7.33921">
        <ele>197.2</ele>
      </trkpt>
      <trkpt lat="48.07269" lon="7.33915">
        <ele>196.9</ele>
      </trkpt>
      <trkpt lat="48.07268" lon="7.3391">
        <ele>196.8</ele>
      </trkpt>
      <trkpt lat="48.0727" lon="7.33902">
        <ele>196.9</ele>
      </trkpt>
      <trkpt lat="48.07268" lon="7.33895">
        <ele>196.7</ele>
      </trkpt>
      <trkpt lat="48.07263" lon="7.33891">
        <ele>196.5</ele>
      </trkpt>
      <trkpt lat="48.07261" lon="7.33891">
        <ele>196.4</ele>
      </trkpt>
      <trkpt lat="48.07257" lon="7.33886">
        <ele>196.3</ele>
      </trkpt>
      <trkpt lat="48.07254" lon="7.33874">
        <ele>196.1</ele>
      </trkpt>
      <trkpt lat="48.07221" lon="7.338">
        <ele>197.1</ele>
      </trkpt>
      <trkpt lat="48.07181" lon="7.33706">
        <ele>199.1</ele>
      </trkpt>
      <trkpt lat="48.0714" lon="7.33612">
        <ele>199.2</ele>
      </trkpt>
      <trkpt lat="48.07135" lon="7.33603">
        <ele>199.1</ele>
      </trkpt>
      <trkpt lat="48.07134" lon="7.33594">
        <ele>199.1</ele>
      </trkpt>
      <trkpt lat="48.07135" lon="7.3359">
        <ele>199.0</ele>
      </trkpt>
      <trkpt lat="48.07133" lon="7.33583">
        <ele>199.0</ele>
      </trkpt>
      <trkpt lat="48.07129" lon="7.33579">
        <ele>199.0</ele>
      </trkpt>
      <trkpt lat="48.07126" lon="7.33578">
        <ele>199.0</ele>
      </trkpt>
      <trkpt lat="48.07118" lon="7.33569">
        <ele>199.0</ele>
      </trkpt>
      <trkpt lat="48.07116" lon="7.33557">
        <ele>199.0</ele>
      </trkpt>
      <trkpt lat="48.07113" lon="7.3355">
        <ele>199.0</ele>
      </trkpt>
      <trkpt lat="48.07084" lon="7.33482">
        <ele>199.0</ele>
      </trkpt>
      <trkpt lat="48.07056" lon="7.33413">
        <ele>199.4</ele>
      </trkpt>
      <trkpt lat="48.07047" lon="7.33397">
        <ele>199.9</ele>
      </trkpt>
      <trkpt lat="48.07046" lon="7.33388">
        <ele>200.2</ele>
      </trkpt>
      <trkpt lat="48.07045" lon="7.33378">
        <ele>200.4</ele>
      </trkpt>
      <trkpt lat="48.07045" lon="7.33374">
        <ele>200.5</ele>
      </trkpt>
      <trkpt lat="48.07044" lon="7.33369">
        <ele>200.6</ele>
      </trkpt>
      <trkpt lat="48.07042" lon="7.33366">
        <ele>200.7</ele>
      </trkpt>
      <trkpt lat="48.0704" lon="7.33363">
        <ele>200.8</ele>
      </trkpt>
      <trkpt lat="48.07037" lon="7.33362">
        <ele>200.8</ele>
      </trkpt>
      <trkpt lat="48.07031" lon="7.33354">
        <ele>201.0</ele>
      </trkpt>
      <trkpt lat="48.07026" lon="7.33343">
        <ele>201.1</ele>
      </trkpt>
      <trkpt lat="48.07024" lon="7.33333">
        <ele>201.3</ele>
      </trkpt>
      <trkpt lat="48.06979" lon="7.33222">
        <ele>201.7</ele>
      </trkpt>
      <trkpt lat="48.06957" lon="7.33162">
        <ele>201.6</ele>
      </trkpt>
      <trkpt lat="48.06953" lon="7.33155">
        <ele>201.7</ele>
      </trkpt>
      <trkpt lat="48.06951" lon="7.33145">
        <ele>201.8</ele>
      </trkpt>
      <trkpt lat="48.06952" lon="7.33142">
        <ele>201.8</ele>
      </trkpt>
      <trkpt lat="48.06954" lon="7.33133">
        <ele>201.9</ele>
      </trkpt>
      <trkpt lat="48.06953" lon="7.33127">
        <ele>202.0</ele>
      </trkpt>
      <trkpt lat="48.06951" lon="7.33121">
        <ele>202.0</ele>
      </trkpt>
      <trkpt lat="48.06947" lon="7.33117">
        <ele>202.1</ele>
      </trkpt>
      <trkpt lat="48.06943" lon="7.33116">
        <ele>202.1</ele>
      </trkpt>
      <trkpt lat="48.06941" lon="7.33108">
        <ele>202.1</ele>
      </trkpt>
      <trkpt lat="48.06928" lon="7.33064">
        <ele>201.8</ele>
      </trkpt>
      <trkpt lat="48.06908" lon="7.32992">
        <ele>200.4</ele>
      </trkpt>
      <trkpt lat="48.06888" lon="7.3292">
        <ele>201.9</ele>
      </trkpt>
      <trkpt lat="48.06867" lon="7.32841">
        <ele>202.5</ele>
      </trkpt>
      <trkpt lat="48.06846" lon="7.32762">
        <ele>202.9</ele>
      </trkpt>
      <trkpt lat="48.06823" lon="7.32679">
        <ele>203.0</ele>
      </trkpt>
      <trkpt lat="48.06801" lon="7.32596">
        <ele>203.5</ele>
      </trkpt>
      <trkpt lat="48.06769" lon="7.32496">
        <ele>202.0</ele>
      </trkpt>
      <trkpt lat="48.06755" lon="7.32445">
        <ele>202.0</ele>
      </trkpt>
      <trkpt lat="48.06741" lon="7.32406">
        <ele>202.0</ele>
      </trkpt>
      <trkpt lat="48.0674" lon="7.32396">
        <ele>202.1</ele>
      </trkpt>
      <trkpt lat="48.06739" lon="7.32391">
        <ele>202.2</ele>
      </trkpt>
      <trkpt lat="48.0674" lon="7.32378">
        <ele>202.3</ele>
      </trkpt>
      <trkpt lat="48.06744" lon="7.32373">
        <ele>202.5</ele>
      </trkpt>
      <trkpt lat="48.06756" lon="7.3236">
        <ele>202.7</ele>
      </trkpt>
      <trkpt lat="48.06759" lon="7.32361">
        <ele>202.7</ele>
      </trkpt>
      <trkpt lat="48.06762" lon="7.32353">
        <ele>202.9</ele>
      </trkpt>
      <trkpt lat="48.06754" lon="7.32349">
        <ele>202.9</ele>
      </trkpt>
      <trkpt lat="48.06757" lon="7.32335">
        <ele>203.1</ele>
      </trkpt>
      <trkpt lat="48.06756" lon="7.32322">
        <ele>203.1</ele>
      </trkpt>
      <trkpt lat="48.06752" lon="7.32309">
        <ele>203.0</ele>
      </trkpt>
      <trkpt lat="48.06743" lon="7.32299">
        <ele>203.0</ele>
      </trkpt>
      <trkpt lat="48.06732" lon="7.32296">
        <ele>202.9</ele>
      </trkpt>
      <trkpt lat="48.06723" lon="7.323">
        <ele>202.8</ele>
      </trkpt>
      <trkpt lat="48.06716" lon="7.32308">
        <ele>202.7</ele>
      </trkpt>
      <trkpt lat="48.06711" lon="7.32323">
        <ele>202.6</ele>
      </trkpt>
      <trkpt lat="48.067" lon="7.32319">
        <ele>202.5</ele>
      </trkpt>
      <trkpt lat="48.06702" lon="7.32309">
        <ele>202.6</ele>
      </trkpt>
      <trkpt lat="48.06695" lon="7.32308">
        <ele>202.5</ele>
      </trkpt>
      <trkpt lat="48.0669" lon="7.32305">
        <ele>202.5</ele>
      </trkpt>
      <trkpt lat="48.06686" lon="7.32302">
        <ele>202.5</ele>
      </trkpt>
      <trkpt lat="48.06682" lon="7.32298">
        <ele>202.5</ele>
      </trkpt>
      <trkpt lat="48.06678" lon="7.3229">
        <ele>202.6</ele>
      </trkpt>
      <trkpt lat="48.06675" lon="7.3228">
        <ele>202.7</ele>
      </trkpt>
      <trkpt lat="48.06664" lon="7.32219">
        <ele>203.3</ele>
      </trkpt>
      <trkpt lat="48.06622" lon="7.32103">
        <ele>202.9</ele>
      </trkpt>
      <trkpt lat="48.06593" lon="7.32024">
        <ele>203.0</ele>
      </trkpt>
      <trkpt lat="48.06565" lon="7.31944">
        <ele>204.1</ele>
      </trkpt>
      <trkpt lat="48.06536" lon="7.31865">
        <ele>204.2</ele>
      </trkpt>
      <trkpt lat="48.06499" lon="7.31758">
        <ele>203.1</ele>
      </trkpt>
      <trkpt lat="48.06461" lon="7.31652">
        <ele>204.2</ele>
      </trkpt>
      <trkpt lat="48.06424" lon="7.31545">
        <ele>204.2</ele>
      </trkpt>
      <trkpt lat="48.06386" lon="7.31439">
        <ele>205.5</ele>
      </trkpt>
      <trkpt lat="48.0637" lon="7.31384">
        <ele>206.7</ele>
      </trkpt>
      <trkpt lat="48.06352" lon="7.31317">
        <ele>207.2</ele>
      </trkpt>
      <trkpt lat="48.06334" lon="7.31251">
        <ele>206.0</ele>
      </trkpt>
      <trkpt lat="48.06317" lon="7.3119">
        <ele>205.7</ele>
      </trkpt>
      <trkpt lat="48.06306" lon="7.31158">
        <ele>205.8</ele>
      </trkpt>
      <trkpt lat="48.06302" lon="7.31153">
        <ele>205.9</ele>
      </trkpt>
      <trkpt lat="48.06298" lon="7.31153">
        <ele>205.9</ele>
      </trkpt>
      <trkpt lat="48.06282" lon="7.31109">
        <ele>206.9</ele>
      </trkpt>
      <trkpt lat="48.06273" lon="7.31083">
        <ele>207.7</ele>
      </trkpt>
      <trkpt lat="48.06253" lon="7.31022">
        <ele>208.0</ele>
      </trkpt>
      <trkpt lat="48.06247" lon="7.30988">
        <ele>208.1</ele>
      </trkpt>
      <trkpt lat="48.06246" lon="7.30946">
        <ele>208.6</ele>
      </trkpt>
      <trkpt lat="48.06247" lon="7.30916">
        <ele>208.9</ele>
      </trkpt>
      <trkpt lat="48.06255" lon="7.30842">
        <ele>209.1</ele>
      </trkpt>
      <trkpt lat="48.06262" lon="7.30768">
        <ele>210.0</ele>
      </trkpt>
      <trkpt lat="48.06262" lon="7.30757">
        <ele>210.1</ele>
      </trkpt>
      <trkpt lat="48.0626" lon="7.30736">
        <ele>210.3</ele>
      </trkpt>
      <trkpt lat="48.06257" lon="7.30717">
        <ele>210.4</ele>
      </trkpt>
      <trkpt lat="48.06249" lon="7.30698">
        <ele>210.6</ele>
      </trkpt>
      <trkpt lat="48.06246" lon="7.30693">
        <ele>210.7</ele>
      </trkpt>
      <trkpt lat="48.06239" lon="7.30685">
        <ele>210.8</ele>
      </trkpt>
      <trkpt lat="48.06176" lon="7.30633">
        <ele>211.4</ele>
      </trkpt>
      <trkpt lat="48.06166" lon="7.30624">
        <ele>211.5</ele>
      </trkpt>
      <trkpt lat="48.06164" lon="7.30621">
        <ele>211.5</ele>
      </trkpt>
      <trkpt lat="48.06157" lon="7.30625">
        <ele>211.3</ele>
      </trkpt>
      <trkpt lat="48.06153" lon="7.30626">
        <ele>211.2</ele>
      </trkpt>
      <trkpt lat="48.06147" lon="7.30626">
        <ele>211.1</ele>
      </trkpt>
      <trkpt lat="48.06111" lon="7.30615">
        <ele>210.5</ele>
      </trkpt>
      <trkpt lat="48.0604" lon="7.30611">
        <ele>209.5</ele>
      </trkpt>
      <trkpt lat="48.06017" lon="7.30608">
        <ele>209.2</ele>
      </trkpt>
      <trkpt lat="48.0598" lon="7.30607">
        <ele>208.9</ele>
      </trkpt>
      <trkpt lat="48.05949" lon="7.3061">
        <ele>208.8</ele>
      </trkpt>
      <trkpt lat="48.05869" lon="7.30609">
        <ele>207.7</ele>
      </trkpt>
      <trkpt lat="48.05812" lon="7.30607">
        <ele>206.6</ele>
      </trkpt>
      <trkpt lat="48.05755" lon="7.30606">
        <ele>205.6</ele>
      </trkpt>
      <trkpt lat="48.05707" lon="7.30598">
        <ele>205.0</ele>
      </trkpt>
      <trkpt lat="48.05659" lon="7.30591">
        <ele>204.5</ele>
      </trkpt>
      <trkpt lat="48.05654" lon="7.3059">
        <ele>204.5</ele>
      </trkpt>
      <trkpt lat="48.05643" lon="7.30586">
        <ele>204.4</ele>
      </trkpt>
      <trkpt lat="48.05594" lon="7.30577">
        <ele>203.3</ele>
      </trkpt>
      <trkpt lat="48.05544" lon="7.30569">
        <ele>202.7</ele>
      </trkpt>
      <trkpt lat="48.0554" lon="7.30568">
        <ele>202.7</ele>
      </trkpt>
      <trkpt lat="48.05502" lon="7.30573">
        <ele>202.1</ele>
      </trkpt>
      <trkpt lat="48.05496" lon="7.30573">
        <ele>202.2</ele>
      </trkpt>
      <trkpt lat="48.0548" lon="7.30567">
        <ele>202.5</ele>
      </trkpt>
      <trkpt lat="48.05491" lon="7.30475">
        <ele>204.3</ele>
      </trkpt>
      <trkpt lat="48.05443" lon="7.30465">
        <ele>205.2</ele>
      </trkpt>
      <trkpt lat="48.05406" lon="7.30459">
        <ele>205.3</ele>
      </trkpt>
      <trkpt lat="48.0539" lon="7.30456">
        <ele>205.1</ele>
      </trkpt>
      <trkpt lat="48.0534" lon="7.30452">
        <ele>204.3</ele>
      </trkpt>
      <trkpt lat="48.05329" lon="7.30452">
        <ele>204.4</ele>
      </trkpt>
      <trkpt lat="48.05323" lon="7.30454">
        <ele>204.6</ele>
      </trkpt>
      <trkpt lat="48.05318" lon="7.30457">
        <ele>204.8</ele>
      </trkpt>
      <trkpt lat="48.05314" lon="7.30461">
        <ele>204.8</ele>
      </trkpt>
      <trkpt lat="48.05263" lon="7.30544">
        <ele>205.0</ele>
      </trkpt>
      <trkpt lat="48.05249" lon="7.30581">
        <ele>204.2</ele>
      </trkpt>
      <trkpt lat="48.05244" lon="7.30592">
        <ele>204.1</ele>
      </trkpt>
      <trkpt lat="48.05236" lon="7.30608">
        <ele>204.2</ele>
      </trkpt>
      <trkpt lat="48.05218" lon="7.3063">
        <ele>204.8</ele>
      </trkpt>
      <trkpt lat="48.05208" lon="7.30641">
        <ele>205.3</ele>
      </trkpt>
      <trkpt lat="48.05179" lon="7.30667">
        <ele>206.9</ele>
      </trkpt>
      <trkpt lat="48.05151" lon="7.30689">
        <ele>206.7</ele>
      </trkpt>
      <trkpt lat="48.05128" lon="7.30701">
        <ele>205.7</ele>
      </trkpt>
      <trkpt lat="48.05096" lon="7.30713">
        <ele>204.5</ele>
      </trkpt>
      <trkpt lat="48.05075" lon="7.30718">
        <ele>203.6</ele>
      </trkpt>
      <trkpt lat="48.05028" lon="7.30729">
        <ele>201.6</ele>
      </trkpt>
      <trkpt lat="48.0501" lon="7.3073">
        <ele>201.0</ele>
      </trkpt>
      <trkpt lat="48.04972" lon="7.30724">
        <ele>199.3</ele>
      </trkpt>
      <trkpt lat="48.04927" lon="7.3071">
        <ele>196.7</ele>
      </trkpt>
      <trkpt lat="48.04882" lon="7.30697">
        <ele>196.3</ele>
      </trkpt>
      <trkpt lat="48.04847" lon="7.30691">
        <ele>196.6</ele>
      </trkpt>
      <trkpt lat="48.04812" lon="7.30688">
        <ele>197.3</ele>
      </trkpt>
      <trkpt lat="48.0479" lon="7.30691">
        <ele>197.7</ele>
      </trkpt>
      <trkpt lat="48.04714" lon="7.3071">
        <ele>199.8</ele>
      </trkpt>
      <trkpt lat="48.04695" lon="7.30713">
        <ele>200.4</ele>
      </trkpt>
      <trkpt lat="48.04635" lon="7.30717">
        <ele>201.6</ele>
      </trkpt>
      <trkpt lat="48.0463" lon="7.30719">
        <ele>201.6</ele>
      </trkpt>
      <trkpt lat="48.04626" lon="7.30722">
        <ele>201.7</ele>
      </trkpt>
      <trkpt lat="48.04623" lon="7.30728">
        <ele>201.6</ele>
      </trkpt>
      <trkpt lat="48.04626" lon="7.30744">
        <ele>201.5</ele>
      </trkpt>
      <trkpt lat="48.04624" lon="7.30784">
        <ele>200.7</ele>
      </trkpt>
      <trkpt lat="48.04618" lon="7.30841">
        <ele>199.5</ele>
      </trkpt>
      <trkpt lat="48.04604" lon="7.30916">
        <ele>198.3</ele>
      </trkpt>
      <trkpt lat="48.04591" lon="7.30991">
        <ele>197.2</ele>
      </trkpt>
      <trkpt lat="48.04591" lon="7.31">
        <ele>197.1</ele>
      </trkpt>
      <trkpt lat="48.04592" lon="7.31017">
        <ele>197.1</ele>
      </trkpt>
      <trkpt lat="48.04588" lon="7.31019">
        <ele>197.0</ele>
      </trkpt>
      <trkpt lat="48.04584" lon="7.31023">
        <ele>197.0</ele>
      </trkpt>
      <trkpt lat="48.04579" lon="7.31029">
        <ele>197.0</ele>
      </trkpt>
      <trkpt lat="48.04574" lon="7.31037">
        <ele>197.1</ele>
      </trkpt>
      <trkpt lat="48.04509" lon="7.3106">
        <ele>197.9</ele>
      </trkpt>
      <trkpt lat="48.04496" lon="7.31067">
        <ele>198.0</ele>
      </trkpt>
      <trkpt lat="48.04482" lon="7.31076">
        <ele>198.0</ele>
      </trkpt>
      <trkpt lat="48.04459" lon="7.31095">
        <ele>197.6</ele>
      </trkpt>
      <trkpt lat="48.04396" lon="7.31153">
        <ele>196.9</ele>
      </trkpt>
      <trkpt lat="48.04375" lon="7.3118">
        <ele>196.8</ele>
      </trkpt>
      <trkpt lat="48.04366" lon="7.31189">
        <ele>196.9</ele>
      </trkpt>
      <trkpt lat="48.04361" lon="7.31192">
        <ele>196.9</ele>
      </trkpt>
      <trkpt lat="48.04362" lon="7.31202">
        <ele>196.8</ele>
      </trkpt>
      <trkpt lat="48.0436" lon="7.31222">
        <ele>196.5</ele>
      </trkpt>
      <trkpt lat="48.04352" lon="7.31252">
        <ele>196.0</ele>
      </trkpt>
      <trkpt lat="48.04343" lon="7.31282">
        <ele>196.0</ele>
      </trkpt>
      <trkpt lat="48.04342" lon="7.31293">
        <ele>196.0</ele>
      </trkpt>
      <trkpt lat="48.04348" lon="7.31351">
        <ele>195.8</ele>
      </trkpt>
      <trkpt lat="48.04343" lon="7.31409">
        <ele>195.0</ele>
      </trkpt>
      <trkpt lat="48.04343" lon="7.31412">
        <ele>194.9</ele>
      </trkpt>
      <trkpt lat="48.04332" lon="7.31499">
        <ele>194.0</ele>
      </trkpt>
      <trkpt lat="48.04323" lon="7.31551">
        <ele>193.8</ele>
      </trkpt>
      <trkpt lat="48.04319" lon="7.31577">
        <ele>193.7</ele>
      </trkpt>
      <trkpt lat="48.0429" lon="7.31686">
        <ele>192.0</ele>
      </trkpt>
      <trkpt lat="48.04281" lon="7.31753">
        <ele>192.0</ele>
      </trkpt>
      <trkpt lat="48.04268" lon="7.31843">
        <ele>191.6</ele>
      </trkpt>
      <trkpt lat="48.04255" lon="7.31934">
        <ele>191.8</ele>
      </trkpt>
      <trkpt lat="48.04244" lon="7.32">
        <ele>190.9</ele>
      </trkpt>
      <trkpt lat="48.04233" lon="7.32067">
        <ele>190.2</ele>
      </trkpt>
      <trkpt lat="48.04216" lon="7.32191">
        <ele>189.3</ele>
      </trkpt>
      <trkpt lat="48.04212" lon="7.32203">
        <ele>189.3</ele>
      </trkpt>
      <trkpt lat="48.04142" lon="7.32171">
        <ele>190.0</ele>
      </trkpt>
      <trkpt lat="48.04082" lon="7.32143">
        <ele>190.0</ele>
      </trkpt>
      <trkpt lat="48.04077" lon="7.32136">
        <ele>190.1</ele>
      </trkpt>
      <trkpt lat="48.0408" lon="7.32083">
        <ele>190.1</ele>
      </trkpt>
      <trkpt lat="48.04077" lon="7.32063">
        <ele>190.3</ele>
      </trkpt>
      <trkpt lat="48.04067" lon="7.32043">
        <ele>190.4</ele>
      </trkpt>
      <trkpt lat="48.04064" lon="7.3204">
        <ele>190.4</ele>
      </trkpt>
      <trkpt lat="48.04066" lon="7.32033">
        <ele>190.4</ele>
      </trkpt>
      <trkpt lat="48.04066" lon="7.32028">
        <ele>190.5</ele>
      </trkpt>
      <trkpt lat="48.04058" lon="7.32016">
        <ele>190.4</ele>
      </trkpt>
      <trkpt lat="48.04053" lon="7.32005">
        <ele>190.3</ele>
      </trkpt>
      <trkpt lat="48.04051" lon="7.32002">
        <ele>190.2</ele>
      </trkpt>
      <trkpt lat="48.04045" lon="7.32001">
        <ele>190.1</ele>
      </trkpt>
      <trkpt lat="48.04041" lon="7.32002">
        <ele>190.0</ele>
      </trkpt>
      <trkpt lat="48.04035" lon="7.3201">
        <ele>189.9</ele>
      </trkpt>
      <trkpt lat="48.04032" lon="7.32011">
        <ele>189.9</ele>
      </trkpt>
      <trkpt lat="48.04004" lon="7.32003">
        <ele>189.2</ele>
      </trkpt>
      <trkpt lat="48.03996" lon="7.32005">
        <ele>189.1</ele>
      </trkpt>
      <trkpt lat="48.03992" lon="7.32007">
        <ele>189.2</ele>
      </trkpt>
      <trkpt lat="48.03968" lon="7.32032">
        <ele>189.9</ele>
      </trkpt>
      <trkpt lat="48.03963" lon="7.32035">
        <ele>189.9</ele>
      </trkpt>
      <trkpt lat="48.03957" lon="7.32036">
        <ele>189.9</ele>
      </trkpt>
      <trkpt lat="48.03951" lon="7.32037">
        <ele>189.9</ele>
      </trkpt>
      <trkpt lat="48.03939" lon="7.32033">
        <ele>189.9</ele>
      </trkpt>
      <trkpt lat="48.03918" lon="7.32023">
        <ele>190.0</ele>
      </trkpt>
      <trkpt lat="48.03907" lon="7.32025">
        <ele>189.9</ele>
      </trkpt>
      <trkpt lat="48.03899" lon="7.3203">
        <ele>189.8</ele>
      </trkpt>
      <trkpt lat="48.03892" lon="7.32045">
        <ele>189.7</ele>
      </trkpt>
      <trkpt lat="48.03889" lon="7.32049">
        <ele>189.6</ele>
      </trkpt>
      <trkpt lat="48.03885" lon="7.32051">
        <ele>189.5</ele>
      </trkpt>
      <trkpt lat="48.03879" lon="7.32052">
        <ele>189.4</ele>
      </trkpt>
      <trkpt lat="48.03874" lon="7.32051">
        <ele>189.4</ele>
      </trkpt>
      <trkpt lat="48.03842" lon="7.32033">
        <ele>189.3</ele>
      </trkpt>
      <trkpt lat="48.03778" lon="7.31997">
        <ele>190.7</ele>
      </trkpt>
      <trkpt lat="48.0371" lon="7.31958">
        <ele>190.8</ele>
      </trkpt>
      <trkpt lat="48.03643" lon="7.3192">
        <ele>190.7</ele>
      </trkpt>
      <trkpt lat="48.03575" lon="7.31881">
        <ele>189.7</ele>
      </trkpt>
      <trkpt lat="48.03508" lon="7.31843">
        <ele>190.7</ele>
      </trkpt>
      <trkpt lat="48.03443" lon="7.31805">
        <ele>191.7</ele>
      </trkpt>
      <trkpt lat="48.03379" lon="7.31768">
        <ele>192.4</ele>
      </trkpt>
      <trkpt lat="48.03312" lon="7.31727">
        <ele>192.7</ele>
      </trkpt>
      <trkpt lat="48.03249" lon="7.3169">
        <ele>192.0</ele>
      </trkpt>
      <trkpt lat="48.03187" lon="7.31652">
        <ele>192.9</ele>
      </trkpt>
      <trkpt lat="48.03128" lon="7.31614">
        <ele>192.7</ele>
      </trkpt>
      <trkpt lat="48.03064" lon="7.3157">
        <ele>191.4</ele>
      </trkpt>
      <trkpt lat="48.0301" lon="7.31519">
        <ele>190.8</ele>
      </trkpt>
      <trkpt lat="48.02957" lon="7.31469">
        <ele>192.2</ele>
      </trkpt>
      <trkpt lat="48.02954" lon="7.31465">
        <ele>192.3</ele>
      </trkpt>
      <trkpt lat="48.02951" lon="7.31458">
        <ele>192.4</ele>
      </trkpt>
      <trkpt lat="48.02952" lon="7.31452">
        <ele>192.4</ele>
      </trkpt>
      <trkpt lat="48.02954" lon="7.31446">
        <ele>192.4</ele>
      </trkpt>
      <trkpt lat="48.02957" lon="7.3144">
        <ele>192.4</ele>
      </trkpt>
      <trkpt lat="48.02967" lon="7.31431">
        <ele>192.3</ele>
      </trkpt>
      <trkpt lat="48.02978" lon="7.31421">
        <ele>192.2</ele>
      </trkpt>
      <trkpt lat="48.02982" lon="7.31419">
        <ele>192.2</ele>
      </trkpt>
      <trkpt lat="48.02991" lon="7.31417">
        <ele>192.1</ele>
      </trkpt>
      <trkpt lat="48.02994" lon="7.31414">
        <ele>192.1</ele>
      </trkpt>
      <trkpt lat="48.02996" lon="7.31408">
        <ele>192.0</ele>
      </trkpt>
      <trkpt lat="48.02997" lon="7.314">
        <ele>192.0</ele>
      </trkpt>
      <trkpt lat="48.02999" lon="7.31394">
        <ele>192.0</ele>
      </trkpt>
      <trkpt lat="48.03002" lon="7.3139">
        <ele>192.0</ele>
      </trkpt>
      <trkpt lat="48.03062" lon="7.31314">
        <ele>193.4</ele>
      </trkpt>
      <trkpt lat="48.03066" lon="7.31311">
        <ele>193.6</ele>
      </trkpt>
      <trkpt lat="48.03071" lon="7.31308">
        <ele>193.7</ele>
      </trkpt>
      <trkpt lat="48.03073" lon="7.31305">
        <ele>193.8</ele>
      </trkpt>
      <trkpt lat="48.03074" lon="7.31303">
        <ele>193.9</ele>
      </trkpt>
      <trkpt lat="48.03075" lon="7.31298">
        <ele>194.1</ele>
      </trkpt>
      <trkpt lat="48.03071" lon="7.31289">
        <ele>194.4</ele>
      </trkpt>
      <trkpt lat="48.03066" lon="7.31282">
        <ele>194.5</ele>
      </trkpt>
      <trkpt lat="48.03063" lon="7.3128">
        <ele>194.5</ele>
      </trkpt>
      <trkpt lat="48.03058" lon="7.31279">
        <ele>194.5</ele>
      </trkpt>
      <trkpt lat="48.03055" lon="7.31281">
        <ele>194.3</ele>
      </trkpt>
      <trkpt lat="48.03052" lon="7.31284">
        <ele>194.2</ele>
      </trkpt>
      <trkpt lat="48.0305" lon="7.31297">
        <ele>193.7</ele>
      </trkpt>
      <trkpt lat="48.03045" lon="7.31308">
        <ele>193.3</ele>
      </trkpt>
      <trkpt lat="48.03028" lon="7.31329">
        <ele>192.5</ele>
      </trkpt>
      <trkpt lat="48.03018" lon="7.31334">
        <ele>192.2</ele>
      </trkpt>
      <trkpt lat="48.03008" lon="7.31335">
        <ele>192.1</ele>
      </trkpt>
      <trkpt lat="48.03001" lon="7.31332">
        <ele>192.1</ele>
      </trkpt>
      <trkpt lat="48.02997" lon="7.31329">
        <ele>192.1</ele>
      </trkpt>
      <trkpt lat="48.02992" lon="7.31323">
        <ele>192.2</ele>
      </trkpt>
      <trkpt lat="48.02975" lon="7.313">
        <ele>192.7</ele>
      </trkpt>
      <trkpt lat="48.02962" lon="7.31292">
        <ele>192.8</ele>
      </trkpt>
      <trkpt lat="48.02952" lon="7.31289">
        <ele>192.8</ele>
      </trkpt>
      <trkpt lat="48.02926" lon="7.31286">
        <ele>192.6</ele>
      </trkpt>
      <trkpt lat="48.02909" lon="7.31287">
        <ele>192.7</ele>
      </trkpt>
      <trkpt lat="48.02901" lon="7.31289">
        <ele>192.8</ele>
      </trkpt>
      <trkpt lat="48.02893" lon="7.31292">
        <ele>192.9</ele>
      </trkpt>
      <trkpt lat="48.02886" lon="7.31296">
        <ele>193.0</ele>
      </trkpt>
      <trkpt lat="48.02878" lon="7.31304">
        <ele>193.0</ele>
      </trkpt>
      <trkpt lat="48.02855" lon="7.3133">
        <ele>192.8</ele>
      </trkpt>
      <trkpt lat="48.02851" lon="7.31334">
        <ele>192.8</ele>
      </trkpt>
      <trkpt lat="48.02845" lon="7.31338">
        <ele>192.8</ele>
      </trkpt>
      <trkpt lat="48.02836" lon="7.3134">
        <ele>192.9</ele>
      </trkpt>
      <trkpt lat="48.02825" lon="7.31336">
        <ele>193.3</ele>
      </trkpt>
      <trkpt lat="48.02811" lon="7.31325">
        <ele>194.0</ele>
      </trkpt>
      <trkpt lat="48.02792" lon="7.31313">
        <ele>195.0</ele>
      </trkpt>
      <trkpt lat="48.0274" lon="7.31291">
        <ele>197.4</ele>
      </trkpt>
      <trkpt lat="48.02722" lon="7.31277">
        <ele>198.5</ele>
      </trkpt>
      <trkpt lat="48.02691" lon="7.31247">
        <ele>200.9</ele>
      </trkpt>
      <trkpt lat="48.02637" lon="7.31192">
        <ele>204.2</ele>
      </trkpt>
      <trkpt lat="48.02617" lon="7.31174">
        <ele>205.7</ele>
      </trkpt>
      <trkpt lat="48.02608" lon="7.31166">
        <ele>206.5</ele>
      </trkpt>
      <trkpt lat="48.02598" lon="7.3116">
        <ele>207.2</ele>
      </trkpt>
      <trkpt lat="48.02565" lon="7.31145">
        <ele>209.5</ele>
      </trkpt>
      <trkpt lat="48.02546" lon="7.31141">
        <ele>210.9</ele>
      </trkpt>
      <trkpt lat="48.02536" lon="7.31141">
        <ele>211.7</ele>
      </trkpt>
      <trkpt lat="48.02504" lon="7.31145">
        <ele>213.8</ele>
      </trkpt>
      <trkpt lat="48.02464" lon="7.31154">
        <ele>215.9</ele>
      </trkpt>
      <trkpt lat="48.02413" lon="7.31173">
        <ele>218.2</ele>
      </trkpt>
      <trkpt lat="48.02396" lon="7.31177">
        <ele>219.3</ele>
      </trkpt>
      <trkpt lat="48.02378" lon="7.31179">
        <ele>220.4</ele>
      </trkpt>
      <trkpt lat="48.02318" lon="7.31181">
        <ele>224.7</ele>
      </trkpt>
      <trkpt lat="48.02258" lon="7.31184">
        <ele>229.9</ele>
      </trkpt>
      <trkpt lat="48.02229" lon="7.31183">
        <ele>231.4</ele>
      </trkpt>
      <trkpt lat="48.02218" lon="7.31181">
        <ele>231.8</ele>
      </trkpt>
      <trkpt lat="48.02204" lon="7.31177">
        <ele>232.4</ele>
      </trkpt>
      <trkpt lat="48.02124" lon="7.31153">
        <ele>234.2</ele>
      </trkpt>
      <trkpt lat="48.02108" lon="7.3115">
        <ele>234.2</ele>
      </trkpt>
      <trkpt lat="48.02034" lon="7.31143">
        <ele>230.7</ele>
      </trkpt>
      <trkpt lat="48.02015" lon="7.31139">
        <ele>229.4</ele>
      </trkpt>
      <trkpt lat="48.01946" lon="7.31111">
        <ele>223.6</ele>
      </trkpt>
      <trkpt lat="48.01937" lon="7.31109">
        <ele>222.8</ele>
      </trkpt>
      <trkpt lat="48.01928" lon="7.311">
        <ele>222.2</ele>
      </trkpt>
      <trkpt lat="48.0192" lon="7.3109">
        <ele>222.0</ele>
      </trkpt>
      <trkpt lat="48.01854" lon="7.31026">
        <ele>218.4</ele>
      </trkpt>
      <trkpt lat="48.01809" lon="7.30982">
        <ele>216.9</ele>
      </trkpt>
      <trkpt lat="48.01764" lon="7.30938">
        <ele>215.2</ele>
      </trkpt>
      <trkpt lat="48.01722" lon="7.30897">
        <ele>214.5</ele>
      </trkpt>
      <trkpt lat="48.01681" lon="7.30856">
        <ele>215.0</ele>
      </trkpt>
      <trkpt lat="48.01667" lon="7.30847">
        <ele>215.2</ele>
      </trkpt>
      <trkpt lat="48.01648" lon="7.30835">
        <ele>215.0</ele>
      </trkpt>
      <trkpt lat="48.01623" lon="7.3081">
        <ele>214.9</ele>
      </trkpt>
      <trkpt lat="48.01599" lon="7.30797">
        <ele>214.4</ele>
      </trkpt>
      <trkpt lat="48.01541" lon="7.30781">
        <ele>213.4</ele>
      </trkpt>
      <trkpt lat="48.01483" lon="7.30766">
        <ele>212.2</ele>
      </trkpt>
      <trkpt lat="48.01426" lon="7.30742">
        <ele>211.5</ele>
      </trkpt>
      <trkpt lat="48.01393" lon="7.30727">
        <ele>211.1</ele>
      </trkpt>
      <trkpt lat="48.01372" lon="7.30719">
        <ele>210.6</ele>
      </trkpt>
      <trkpt lat="48.01357" lon="7.30712">
        <ele>210.3</ele>
      </trkpt>
      <trkpt lat="48.01312" lon="7.30682">
        <ele>209.1</ele>
      </trkpt>
      <trkpt lat="48.01267" lon="7.30652">
        <ele>207.7</ele>
      </trkpt>
      <trkpt lat="48.01259" lon="7.30642">
        <ele>207.4</ele>
      </trkpt>
      <trkpt lat="48.01252" lon="7.3063">
        <ele>207.1</ele>
      </trkpt>
      <trkpt lat="48.0123" lon="7.30568">
        <ele>205.4</ele>
      </trkpt>
      <trkpt lat="48.01208" lon="7.30506">
        <ele>204.0</ele>
      </trkpt>
      <trkpt lat="48.01192" lon="7.30465">
        <ele>203.7</ele>
      </trkpt>
      <trkpt lat="48.01163" lon="7.3039">
        <ele>203.1</ele>
      </trkpt>
      <trkpt lat="48.01158" lon="7.30373">
        <ele>202.5</ele>
      </trkpt>
      <trkpt lat="48.01142" lon="7.30254">
        <ele>202.4</ele>
      </trkpt>
      <trkpt lat="48.01141" lon="7.30206">
        <ele>202.8</ele>
      </trkpt>
      <trkpt lat="48.01139" lon="7.30192">
        <ele>202.8</ele>
      </trkpt>
      <trkpt lat="48.01131" lon="7.30158">
        <ele>202.4</ele>
      </trkpt>
      <trkpt lat="48.01128" lon="7.30142">
        <ele>202.4</ele>
      </trkpt>
      <trkpt lat="48.01125" lon="7.30104">
        <ele>202.4</ele>
      </trkpt>
      <trkpt lat="48.01122" lon="7.30085">
        <ele>202.3</ele>
      </trkpt>
      <trkpt lat="48.01118" lon="7.30074">
        <ele>202.1</ele>
      </trkpt>
      <trkpt lat="48.01111" lon="7.30065">
        <ele>201.7</ele>
      </trkpt>
      <trkpt lat="48.01091" lon="7.3005">
        <ele>200.5</ele>
      </trkpt>
      <trkpt lat="48.01085" lon="7.30042">
        <ele>200.1</ele>
      </trkpt>
      <trkpt lat="48.01073" lon="7.30004">
        <ele>199.6</ele>
      </trkpt>
      <trkpt lat="48.01069" lon="7.29996">
        <ele>199.5</ele>
      </trkpt>
      <trkpt lat="48.01064" lon="7.29992">
        <ele>199.4</ele>
      </trkpt>
      <trkpt lat="48.01048" lon="7.29983">
        <ele>198.8</ele>
      </trkpt>
      <trkpt lat="48.01033" lon="7.29968">
        <ele>198.3</ele>
      </trkpt>
      <trkpt lat="48.01026" lon="7.29956">
        <ele>198.1</ele>
      </trkpt>
      <trkpt lat="48.01021" lon="7.29937">
        <ele>197.9</ele>
      </trkpt>
      <trkpt lat="48.01016" lon="7.29912">
        <ele>197.9</ele>
      </trkpt>
      <trkpt lat="48.01003" lon="7.29849">
        <ele>198.8</ele>
      </trkpt>
      <trkpt lat="48.0098" lon="7.29762">
        <ele>197.6</ele>
      </trkpt>
      <trkpt lat="48.00956" lon="7.29676">
        <ele>197.4</ele>
      </trkpt>
      <trkpt lat="48.00946" lon="7.29649">
        <ele>197.5</ele>
      </trkpt>
      <trkpt lat="48.00933" lon="7.29627">
        <ele>197.6</ele>
      </trkpt>
      <trkpt lat="48.00894" lon="7.29583">
        <ele>198.0</ele>
      </trkpt>
      <trkpt lat="48.00873" lon="7.29564">
        <ele>198.3</ele>
      </trkpt>
      <trkpt lat="48.0086" lon="7.2956">
        <ele>198.4</ele>
      </trkpt>
      <trkpt lat="48.00842" lon="7.29561">
        <ele>198.3</ele>
      </trkpt>
      <trkpt lat="48.00827" lon="7.29563">
        <ele>198.2</ele>
      </trkpt>
      <trkpt lat="48.00753" lon="7.29577">
        <ele>197.9</ele>
      </trkpt>
      <trkpt lat="48.00705" lon="7.29587">
        <ele>198.5</ele>
      </trkpt>
      <trkpt lat="48.00657" lon="7.29597">
        <ele>198.6</ele>
      </trkpt>
      <trkpt lat="48.0062" lon="7.296">
        <ele>197.7</ele>
      </trkpt>
      <trkpt lat="48.00596" lon="7.29595">
        <ele>197.2</ele>
      </trkpt>
      <trkpt lat="48.00595" lon="7.2959">
        <ele>197.2</ele>
      </trkpt>
      <trkpt lat="48.00591" lon="7.29582">
        <ele>197.2</ele>
      </trkpt>
      <trkpt lat="48.00586" lon="7.29579">
        <ele>197.1</ele>
      </trkpt>
      <trkpt lat="48.00581" lon="7.29578">
        <ele>197.0</ele>
      </trkpt>
      <trkpt lat="48.00577" lon="7.29579">
        <ele>196.9</ele>
      </trkpt>
      <trkpt lat="48.00573" lon="7.29583">
        <ele>196.8</ele>
      </trkpt>
      <trkpt lat="48.0057" lon="7.29587">
        <ele>196.6</ele>
      </trkpt>
      <trkpt lat="48.00568" lon="7.29594">
        <ele>196.5</ele>
      </trkpt>
      <trkpt lat="48.00551" lon="7.29605">
        <ele>196.1</ele>
      </trkpt>
      <trkpt lat="48.00496" lon="7.2961">
        <ele>195.0</ele>
      </trkpt>
      <trkpt lat="48.00461" lon="7.296">
        <ele>195.0</ele>
      </trkpt>
      <trkpt lat="48.0042" lon="7.29582">
        <ele>195.0</ele>
      </trkpt>
      <trkpt lat="48.00402" lon="7.29575">
        <ele>195.2</ele>
      </trkpt>
      <trkpt lat="48.004" lon="7.29565">
        <ele>195.4</ele>
      </trkpt>
      <trkpt lat="48.00393" lon="7.29557">
        <ele>195.5</ele>
      </trkpt>
      <trkpt lat="48.00359" lon="7.29537">
        <ele>195.7</ele>
      </trkpt>
      <trkpt lat="48.00347" lon="7.29528">
        <ele>195.8</ele>
      </trkpt>
      <trkpt lat="48.00327" lon="7.2951">
        <ele>195.8</ele>
      </trkpt>
      <trkpt lat="48.00295" lon="7.29486">
        <ele>195.6</ele>
      </trkpt>
      <trkpt lat="48.00263" lon="7.29466">
        <ele>195.5</ele>
      </trkpt>
      <trkpt lat="48.00222" lon="7.29446">
        <ele>196.1</ele>
      </trkpt>
      <trkpt lat="48.00207" lon="7.2944">
        <ele>196.4</ele>
      </trkpt>
      <trkpt lat="48.00189" lon="7.29436">
        <ele>196.7</ele>
      </trkpt>
      <trkpt lat="48.00158" lon="7.29432">
        <ele>197.0</ele>
      </trkpt>
      <trkpt lat="48.00099" lon="7.29431">
        <ele>196.9</ele>
      </trkpt>
      <trkpt lat="48.00018" lon="7.29427">
        <ele>195.4</ele>
      </trkpt>
      <trkpt lat="47.99963" lon="7.29428">
        <ele>195.0</ele>
      </trkpt>
      <trkpt lat="47.9995" lon="7.29426">
        <ele>195.0</ele>
      </trkpt>
      <trkpt lat="47.99933" lon="7.29419">
        <ele>195.0</ele>
      </trkpt>
      <trkpt lat="47.99927" lon="7.29415">
        <ele>195.0</ele>
      </trkpt>
      <trkpt lat="47.99924" lon="7.29414">
        <ele>194.9</ele>
      </trkpt>
      <trkpt lat="47.99914" lon="7.29411">
        <ele>194.9</ele>
      </trkpt>
      <trkpt lat="47.99879" lon="7.29414">
        <ele>195.4</ele>
      </trkpt>
      <trkpt lat="47.99834" lon="7.29409">
        <ele>196.0</ele>
      </trkpt>
      <trkpt lat="47.9982" lon="7.29404">
        <ele>195.7</ele>
      </trkpt>
      <trkpt lat="47.99745" lon="7.29391">
        <ele>194.7</ele>
      </trkpt>
      <trkpt lat="47.99671" lon="7.29378">
        <ele>196.0</ele>
      </trkpt>
      <trkpt lat="47.99597" lon="7.29366">
        <ele>196.3</ele>
      </trkpt>
      <trkpt lat="47.99523" lon="7.29353">
        <ele>196.1</ele>
      </trkpt>
      <trkpt lat="47.9946" lon="7.29343">
        <ele>196.1</ele>
      </trkpt>
      <trkpt lat="47.99415" lon="7.29344">
        <ele>196.1</ele>
      </trkpt>
      <trkpt lat="47.99356" lon="7.29346">
        <ele>196.5</ele>
      </trkpt>
      <trkpt lat="47.99282" lon="7.29345">
        <ele>197.9</ele>
      </trkpt>
      <trkpt lat="47.99267" lon="7.2935">
        <ele>198.2</ele>
      </trkpt>
      <trkpt lat="47.99255" lon="7.29352">
        <ele>198.4</ele>
      </trkpt>
      <trkpt lat="47.99173" lon="7.29353">
        <ele>199.9</ele>
      </trkpt>
      <trkpt lat="47.99092" lon="7.29354">
        <ele>202.7</ele>
      </trkpt>
      <trkpt lat="47.9903" lon="7.29352">
        <ele>204.0</ele>
      </trkpt>
      <trkpt lat="47.98972" lon="7.29346">
        <ele>205.2</ele>
      </trkpt>
      <trkpt lat="47.98937" lon="7.2934">
        <ele>205.8</ele>
      </trkpt>
      <trkpt lat="47.9892" lon="7.29336">
        <ele>206.0</ele>
      </trkpt>
      <trkpt lat="47.989" lon="7.29328">
        <ele>206.3</ele>
      </trkpt>
      <trkpt lat="47.98897" lon="7.29326">
        <ele>206.3</ele>
      </trkpt>
      <trkpt lat="47.9888" lon="7.29312">
        <ele>206.5</ele>
      </trkpt>
      <trkpt lat="47.98874" lon="7.29281">
        <ele>206.1</ele>
      </trkpt>
      <trkpt lat="47.98852" lon="7.29174">
        <ele>207.7</ele>
      </trkpt>
      <trkpt lat="47.98843" lon="7.29136">
        <ele>208.9</ele>
      </trkpt>
      <trkpt lat="47.98832" lon="7.29092">
        <ele>210.0</ele>
      </trkpt>
      <trkpt lat="47.98813" lon="7.29103">
        <ele>210.6</ele>
      </trkpt>
      <trkpt lat="47.98802" lon="7.29112">
        <ele>210.9</ele>
      </trkpt>
      <trkpt lat="47.98791" lon="7.29112">
        <ele>211.4</ele>
      </trkpt>
      <trkpt lat="47.98718" lon="7.29113">
        <ele>213.8</ele>
      </trkpt>
      <trkpt lat="47.98668" lon="7.29119">
        <ele>215.0</ele>
      </trkpt>
      <trkpt lat="47.98632" lon="7.29124">
        <ele>216.4</ele>
      </trkpt>
      <trkpt lat="47.98557" lon="7.29122">
        <ele>219.4</ele>
      </trkpt>
      <trkpt lat="47.98537" lon="7.2912">
        <ele>220.0</ele>
      </trkpt>
      <trkpt lat="47.98517" lon="7.29122">
        <ele>220.8</ele>
      </trkpt>
      <trkpt lat="47.98497" lon="7.29125">
        <ele>221.5</ele>
      </trkpt>
      <trkpt lat="47.98478" lon="7.29123">
        <ele>221.5</ele>
      </trkpt>
      <trkpt lat="47.98468" lon="7.29121">
        <ele>221.4</ele>
      </trkpt>
      <trkpt lat="47.98464" lon="7.29118">
        <ele>221.4</ele>
      </trkpt>
      <trkpt lat="47.98416" lon="7.291">
        <ele>221.8</ele>
      </trkpt>
      <trkpt lat="47.98399" lon="7.29088">
        <ele>221.7</ele>
      </trkpt>
      <trkpt lat="47.98394" lon="7.29085">
        <ele>221.7</ele>
      </trkpt>
      <trkpt lat="47.98387" lon="7.29083">
        <ele>221.6</ele>
      </trkpt>
      <trkpt lat="47.98326" lon="7.29075">
        <ele>220.7</ele>
      </trkpt>
      <trkpt lat="47.9831" lon="7.29078">
        <ele>220.1</ele>
      </trkpt>
      <trkpt lat="47.98301" lon="7.29073">
        <ele>219.8</ele>
      </trkpt>
      <trkpt lat="47.98252" lon="7.29067">
        <ele>218.1</ele>
      </trkpt>
      <trkpt lat="47.98237" lon="7.29064">
        <ele>217.7</ele>
      </trkpt>
      <trkpt lat="47.98236" lon="7.29078">
        <ele>217.7</ele>
      </trkpt>
      <trkpt lat="47.98231" lon="7.29131">
        <ele>218.0</ele>
      </trkpt>
      <trkpt lat="47.98225" lon="7.2913">
        <ele>217.8</ele>
      </trkpt>
      <trkpt lat="47.98169" lon="7.29142">
        <ele>216.1</ele>
      </trkpt>
      <trkpt lat="47.98132" lon="7.29157">
        <ele>214.4</ele>
      </trkpt>
      <trkpt lat="47.98107" lon="7.29164">
        <ele>213.2</ele>
      </trkpt>
      <trkpt lat="47.98091" lon="7.29165">
        <ele>212.4</ele>
      </trkpt>
      <trkpt lat="47.98069" lon="7.29158">
        <ele>211.7</ele>
      </trkpt>
      <trkpt lat="47.98069" lon="7.29155">
        <ele>211.8</ele>
      </trkpt>
      <trkpt lat="47.98067" lon="7.29149">
        <ele>211.9</ele>
      </trkpt>
      <trkpt lat="47.98066" lon="7.29147">
        <ele>211.9</ele>
      </trkpt>
      <trkpt lat="47.98062" lon="7.29145">
        <ele>211.8</ele>
      </trkpt>
      <trkpt lat="47.98058" lon="7.29148">
        <ele>211.6</ele>
      </trkpt>
      <trkpt lat="47.98056" lon="7.2915">
        <ele>211.5</ele>
      </trkpt>
      <trkpt lat="47.98056" lon="7.29153">
        <ele>211.4</ele>
      </trkpt>
      <trkpt lat="47.98056" lon="7.29158">
        <ele>211.2</ele>
      </trkpt>
      <trkpt lat="47.98048" lon="7.2916">
        <ele>210.9</ele>
      </trkpt>
      <trkpt lat="47.98039" lon="7.29159">
        <ele>210.6</ele>
      </trkpt>
      <trkpt lat="47.97995" lon="7.2915">
        <ele>209.5</ele>
      </trkpt>
      <trkpt lat="47.97992" lon="7.29143">
        <ele>209.6</ele>
      </trkpt>
      <trkpt lat="47.97987" lon="7.29138">
        <ele>209.6</ele>
      </trkpt>
      <trkpt lat="47.97915" lon="7.29121">
        <ele>207.5</ele>
      </trkpt>
      <trkpt lat="47.97904" lon="7.29122">
        <ele>207.3</ele>
      </trkpt>
      <trkpt lat="47.97838" lon="7.2913">
        <ele>206.1</ele>
      </trkpt>
      <trkpt lat="47.97827" lon="7.29131">
        <ele>206.0</ele>
      </trkpt>
      <trkpt lat="47.97815" lon="7.29246">
        <ele>205.6</ele>
      </trkpt>
      <trkpt lat="47.97804" lon="7.2936">
        <ele>205.1</ele>
      </trkpt>
      <trkpt lat="47.97799" lon="7.29416">
        <ele>205.2</ele>
      </trkpt>
      <trkpt lat="47.97799" lon="7.29431">
        <ele>204.8</ele>
      </trkpt>
      <trkpt lat="47.97736" lon="7.29448">
        <ele>204.0</ele>
      </trkpt>
      <trkpt lat="47.97687" lon="7.29465">
        <ele>204.1</ele>
      </trkpt>
      <trkpt lat="47.97653" lon="7.29483">
        <ele>204.1</ele>
      </trkpt>
      <trkpt lat="47.97594" lon="7.29521">
        <ele>201.8</ele>
      </trkpt>
      <trkpt lat="47.97546" lon="7.29565">
        <ele>199.5</ele>
      </trkpt>
      <trkpt lat="47.97535" lon="7.29575">
        <ele>199.0</ele>
      </trkpt>
      <trkpt lat="47.97473" lon="7.2964">
        <ele>198.1</ele>
      </trkpt>
      <trkpt lat="47.97436" lon="7.29683">
        <ele>198.2</ele>
      </trkpt>
      <trkpt lat="47.97371" lon="7.29764">
        <ele>197.9</ele>
      </trkpt>
      <trkpt lat="47.973" lon="7.29843">
        <ele>197.2</ele>
      </trkpt>
      <trkpt lat="47.97243" lon="7.29902">
        <ele>197.0</ele>
      </trkpt>
      <trkpt lat="47.97169" lon="7.29974">
        <ele>199.6</ele>
      </trkpt>
      <trkpt lat="47.97095" lon="7.30047">
        <ele>198.0</ele>
      </trkpt>
      <trkpt lat="47.97052" lon="7.30095">
        <ele>198.3</ele>
      </trkpt>
      <trkpt lat="47.97006" lon="7.30144">
        <ele>198.9</ele>
      </trkpt>
      <trkpt lat="47.96991" lon="7.30155">
        <ele>199.3</ele>
      </trkpt>
      <trkpt lat="47.96977" lon="7.30162">
        <ele>199.8</ele>
      </trkpt>
      <trkpt lat="47.96935" lon="7.30171">
        <ele>201.2</ele>
      </trkpt>
      <trkpt lat="47.9692" lon="7.30178">
        <ele>201.5</ele>
      </trkpt>
      <trkpt lat="47.96879" lon="7.30206">
        <ele>201.1</ele>
      </trkpt>
      <trkpt lat="47.96865" lon="7.30215">
        <ele>200.7</ele>
      </trkpt>
      <trkpt lat="47.96857" lon="7.30216">
        <ele>200.7</ele>
      </trkpt>
      <trkpt lat="47.96809" lon="7.30219">
        <ele>200.8</ele>
      </trkpt>
      <trkpt lat="47.96779" lon="7.3022">
        <ele>201.0</ele>
      </trkpt>
      <trkpt lat="47.96761" lon="7.30213">
        <ele>201.6</ele>
      </trkpt>
      <trkpt lat="47.96725" lon="7.30191">
        <ele>202.4</ele>
      </trkpt>
      <trkpt lat="47.9672" lon="7.30206">
        <ele>201.4</ele>
      </trkpt>
      <trkpt lat="47.96719" lon="7.3021">
        <ele>201.1</ele>
      </trkpt>
      <trkpt lat="47.96716" lon="7.30208">
        <ele>201.2</ele>
      </trkpt>
      <trkpt lat="47.96674" lon="7.30172">
        <ele>201.2</ele>
      </trkpt>
      <trkpt lat="47.96631" lon="7.30136">
        <ele>201.7</ele>
      </trkpt>
      <trkpt lat="47.96627" lon="7.30134">
        <ele>201.7</ele>
      </trkpt>
      <trkpt lat="47.96617" lon="7.30136">
        <ele>201.4</ele>
      </trkpt>
      <trkpt lat="47.96612" lon="7.30136">
        <ele>201.4</ele>
      </trkpt>
      <trkpt lat="47.96605" lon="7.30133">
        <ele>201.3</ele>
      </trkpt>
      <trkpt lat="47.96602" lon="7.30131">
        <ele>201.3</ele>
      </trkpt>
      <trkpt lat="47.96536" lon="7.30076">
        <ele>201.1</ele>
      </trkpt>
      <trkpt lat="47.96533" lon="7.3007">
        <ele>201.2</ele>
      </trkpt>
      <trkpt lat="47.96532" lon="7.30057">
        <ele>201.7</ele>
      </trkpt>
      <trkpt lat="47.96529" lon="7.3005">
        <ele>201.8</ele>
      </trkpt>
      <trkpt lat="47.96505" lon="7.30035">
        <ele>201.3</ele>
      </trkpt>
      <trkpt lat="47.96497" lon="7.30031">
        <ele>201.2</ele>
      </trkpt>
      <trkpt lat="47.96447" lon="7.29996">
        <ele>201.5</ele>
      </trkpt>
      <trkpt lat="47.96396" lon="7.29961">
        <ele>201.7</ele>
      </trkpt>
      <trkpt lat="47.96382" lon="7.29952">
        <ele>202.0</ele>
      </trkpt>
      <trkpt lat="47.9638" lon="7.29956">
        <ele>202.0</ele>
      </trkpt>
      <trkpt lat="47.96376" lon="7.29957">
        <ele>202.0</ele>
      </trkpt>
      <trkpt lat="47.96363" lon="7.29952">
        <ele>202.2</ele>
      </trkpt>
      <trkpt lat="47.96278" lon="7.29915">
        <ele>203.0</ele>
      </trkpt>
      <trkpt lat="47.96193" lon="7.29878">
        <ele>201.3</ele>
      </trkpt>
      <trkpt lat="47.96187" lon="7.29875">
        <ele>201.2</ele>
      </trkpt>
      <trkpt lat="47.96182" lon="7.29873">
        <ele>201.2</ele>
      </trkpt>
      <trkpt lat="47.96179" lon="7.29891">
        <ele>201.2</ele>
      </trkpt>
      <trkpt lat="47.96172" lon="7.29938">
        <ele>200.8</ele>
      </trkpt>
      <trkpt lat="47.96171" lon="7.2995">
        <ele>200.7</ele>
      </trkpt>
      <trkpt lat="47.96165" lon="7.29951">
        <ele>200.6</ele>
      </trkpt>
      <trkpt lat="47.96164" lon="7.29957">
        <ele>200.6</ele>
      </trkpt>
      <trkpt lat="47.96158" lon="7.29994">
        <ele>200.2</ele>
      </trkpt>
      <trkpt lat="47.96148" lon="7.30036">
        <ele>200.9</ele>
      </trkpt>
      <trkpt lat="47.96145" lon="7.30044">
        <ele>201.0</ele>
      </trkpt>
      <trkpt lat="47.96142" lon="7.30048">
        <ele>201.1</ele>
      </trkpt>
      <trkpt lat="47.96137" lon="7.30053">
        <ele>201.2</ele>
      </trkpt>
      <trkpt lat="47.96121" lon="7.30065">
        <ele>201.3</ele>
      </trkpt>
      <trkpt lat="47.96111" lon="7.30069">
        <ele>201.2</ele>
      </trkpt>
      <trkpt lat="47.96069" lon="7.30076">
        <ele>201.2</ele>
      </trkpt>
      <trkpt lat="47.96047" lon="7.3008">
        <ele>201.5</ele>
      </trkpt>
      <trkpt lat="47.96038" lon="7.30076">
        <ele>201.6</ele>
      </trkpt>
      <trkpt lat="47.96036" lon="7.30082">
        <ele>201.6</ele>
      </trkpt>
      <trkpt lat="47.96028" lon="7.30089">
        <ele>201.6</ele>
      </trkpt>
      <trkpt lat="47.95961" lon="7.30137">
        <ele>202.5</ele>
      </trkpt>
      <trkpt lat="47.95897" lon="7.3017">
        <ele>203.0</ele>
      </trkpt>
      <trkpt lat="47.95834" lon="7.302">
        <ele>203.4</ele>
      </trkpt>
      <trkpt lat="47.95772" lon="7.30231">
        <ele>204.1</ele>
      </trkpt>
      <trkpt lat="47.95764" lon="7.30235">
        <ele>204.1</ele>
      </trkpt>
      <trkpt lat="47.95757" lon="7.30237">
        <ele>204.1</ele>
      </trkpt>
      <trkpt lat="47.95754" lon="7.3023">
        <ele>204.2</ele>
      </trkpt>
      <trkpt lat="47.95742" lon="7.30192">
        <ele>204.8</ele>
      </trkpt>
      <trkpt lat="47.95744" lon="7.30189">
        <ele>204.8</ele>
      </trkpt>
      <trkpt lat="47.95747" lon="7.30184">
        <ele>204.8</ele>
      </trkpt>
      <trkpt lat="47.95736" lon="7.30146">
        <ele>204.9</ele>
      </trkpt>
      <trkpt lat="47.95733" lon="7.30133">
        <ele>204.8</ele>
      </trkpt>
      <trkpt lat="47.95728" lon="7.30107">
        <ele>204.6</ele>
      </trkpt>
      <trkpt lat="47.95732" lon="7.30018">
        <ele>204.4</ele>
      </trkpt>
      <trkpt lat="47.95737" lon="7.29981">
        <ele>204.6</ele>
      </trkpt>
      <trkpt lat="47.95742" lon="7.29948">
        <ele>205.0</ele>
      </trkpt>
      <trkpt lat="47.95737" lon="7.29907">
        <ele>205.7</ele>
      </trkpt>
      <trkpt lat="47.9573" lon="7.29877">
        <ele>206.0</ele>
      </trkpt>
      <trkpt lat="47.95727" lon="7.29857">
        <ele>206.0</ele>
      </trkpt>
      <trkpt lat="47.9573" lon="7.2982">
        <ele>206.0</ele>
      </trkpt>
      <trkpt lat="47.95746" lon="7.29759">
        <ele>206.0</ele>
      </trkpt>
      <trkpt lat="47.95776" lon="7.29643">
        <ele>206.3</ele>
      </trkpt>
      <trkpt lat="47.95796" lon="7.29579">
        <ele>206.1</ele>
      </trkpt>
      <trkpt lat="47.95758" lon="7.29549">
        <ele>206.4</ele>
      </trkpt>
      <trkpt lat="47.95725" lon="7.29522">
        <ele>206.2</ele>
      </trkpt>
      <trkpt lat="47.95659" lon="7.29451">
        <ele>205.0</ele>
      </trkpt>
      <trkpt lat="47.95664" lon="7.2944">
        <ele>205.0</ele>
      </trkpt>
      <trkpt lat="47.9566" lon="7.29441">
        <ele>205.0</ele>
      </trkpt>
      <trkpt lat="47.95654" lon="7.29442">
        <ele>205.0</ele>
      </trkpt>
      <trkpt lat="47.95642" lon="7.29432">
        <ele>205.0</ele>
      </trkpt>
      <trkpt lat="47.95631" lon="7.29421">
        <ele>205.0</ele>
      </trkpt>
      <trkpt lat="47.95626" lon="7.29417">
        <ele>205.0</ele>
      </trkpt>
      <trkpt lat="47.95618" lon="7.29412">
        <ele>205.0</ele>
      </trkpt>
      <trkpt lat="47.95577" lon="7.29389">
        <ele>205.0</ele>
      </trkpt>
      <trkpt lat="47.9558" lon="7.2938">
        <ele>205.0</ele>
      </trkpt>
      <trkpt lat="47.95588" lon="7.29347">
        <ele>205.0</ele>
      </trkpt>
      <trkpt lat="47.956" lon="7.29309">
        <ele>204.6</ele>
      </trkpt>
      <trkpt lat="47.95614" lon="7.29273">
        <ele>204.4</ele>
      </trkpt>
      <trkpt lat="47.95637" lon="7.29234">
        <ele>205.0</ele>
      </trkpt>
      <trkpt lat="47.95647" lon="7.29208">
        <ele>205.9</ele>
      </trkpt>
      <trkpt lat="47.95651" lon="7.29185">
        <ele>206.7</ele>
      </trkpt>
      <trkpt lat="47.95653" lon="7.29178">
        <ele>207.0</ele>
      </trkpt>
      <trkpt lat="47.95656" lon="7.29155">
        <ele>207.6</ele>
      </trkpt>
      <trkpt lat="47.95654" lon="7.29137">
        <ele>207.8</ele>
      </trkpt>
      <trkpt lat="47.95647" lon="7.29119">
        <ele>207.9</ele>
      </trkpt>
      <trkpt lat="47.9564" lon="7.29103">
        <ele>208.0</ele>
      </trkpt>
      <trkpt lat="47.95599" lon="7.29052">
        <ele>208.1</ele>
      </trkpt>
      <trkpt lat="47.95582" lon="7.29028">
        <ele>208.3</ele>
      </trkpt>
      <trkpt lat="47.95538" lon="7.28943">
        <ele>211.8</ele>
      </trkpt>
      <trkpt lat="47.95512" lon="7.28893">
        <ele>214.7</ele>
      </trkpt>
      <trkpt lat="47.95469" lon="7.288">
        <ele>220.7</ele>
      </trkpt>
      <trkpt lat="47.95455" lon="7.28769">
        <ele>222.0</ele>
      </trkpt>
      <trkpt lat="47.95447" lon="7.28761">
        <ele>222.3</ele>
      </trkpt>
      <trkpt lat="47.95403" lon="7.28728">
        <ele>222.8</ele>
      </trkpt>
      <trkpt lat="47.95334" lon="7.28661">
        <ele>223.3</ele>
      </trkpt>
      <trkpt lat="47.95284" lon="7.28609">
        <ele>224.9</ele>
      </trkpt>
      <trkpt lat="47.95257" lon="7.28579">
        <ele>225.5</ele>
      </trkpt>
      <trkpt lat="47.95212" lon="7.28522">
        <ele>224.9</ele>
      </trkpt>
      <trkpt lat="47.95191" lon="7.28494">
        <ele>224.4</ele>
      </trkpt>
      <trkpt lat="47.95161" lon="7.28452">
        <ele>224.5</ele>
      </trkpt>
      <trkpt lat="47.9513" lon="7.2841">
        <ele>224.6</ele>
      </trkpt>
      <trkpt lat="47.95111" lon="7.28391">
        <ele>224.2</ele>
      </trkpt>
      <trkpt lat="47.95055" lon="7.28335">
        <ele>222.2</ele>
      </trkpt>
      <trkpt lat="47.94999" lon="7.28279">
        <ele>218.9</ele>
      </trkpt>
      <trkpt lat="47.94942" lon="7.28224">
        <ele>217.9</ele>
      </trkpt>
      <trkpt lat="47.94885" lon="7.28165">
        <ele>215.4</ele>
      </trkpt>
      <trkpt lat="47.94868" lon="7.28145">
        <ele>215.0</ele>
      </trkpt>
      <trkpt lat="47.94864" lon="7.28134">
        <ele>215.2</ele>
      </trkpt>
      <trkpt lat="47.94849" lon="7.28111">
        <ele>214.7</ele>
      </trkpt>
      <trkpt lat="47.9484" lon="7.2809">
        <ele>214.5</ele>
      </trkpt>
      <trkpt lat="47.94836" lon="7.28073">
        <ele>214.6</ele>
      </trkpt>
      <trkpt lat="47.94833" lon="7.28047">
        <ele>214.9</ele>
      </trkpt>
      <trkpt lat="47.94829" lon="7.28038">
        <ele>214.9</ele>
      </trkpt>
      <trkpt lat="47.9483" lon="7.28">
        <ele>215.8</ele>
      </trkpt>
      <trkpt lat="47.94833" lon="7.27974">
        <ele>216.0</ele>
      </trkpt>
      <trkpt lat="47.94838" lon="7.27927">
        <ele>217.2</ele>
      </trkpt>
      <trkpt lat="47.94855" lon="7.27826">
        <ele>220.9</ele>
      </trkpt>
      <trkpt lat="47.94866" lon="7.27774">
        <ele>223.1</ele>
      </trkpt>
      <trkpt lat="47.94873" lon="7.27744">
        <ele>224.2</ele>
      </trkpt>
      <trkpt lat="47.94895" lon="7.27666">
        <ele>224.9</ele>
      </trkpt>
      <trkpt lat="47.94918" lon="7.27587">
        <ele>220.9</ele>
      </trkpt>
      <trkpt lat="47.94935" lon="7.27521">
        <ele>222.3</ele>
      </trkpt>
      <trkpt lat="47.94954" lon="7.27457">
        <ele>223.3</ele>
      </trkpt>
      <trkpt lat="47.9496" lon="7.27444">
        <ele>223.4</ele>
      </trkpt>
      <trkpt lat="47.94978" lon="7.27408">
        <ele>223.2</ele>
      </trkpt>
      <trkpt lat="47.94995" lon="7.27382">
        <ele>222.7</ele>
      </trkpt>
      <trkpt lat="47.95017" lon="7.27352">
        <ele>222.8</ele>
      </trkpt>
      <trkpt lat="47.95033" lon="7.27335">
        <ele>223.4</ele>
      </trkpt>
      <trkpt lat="47.95053" lon="7.27311">
        <ele>225.1</ele>
      </trkpt>
      <trkpt lat="47.95064" lon="7.27294">
        <ele>225.6</ele>
      </trkpt>
      <trkpt lat="47.95076" lon="7.27269">
        <ele>225.5</ele>
      </trkpt>
      <trkpt lat="47.95084" lon="7.27248">
        <ele>225.1</ele>
      </trkpt>
      <trkpt lat="47.95101" lon="7.27179">
        <ele>228.9</ele>
      </trkpt>
      <trkpt lat="47.95118" lon="7.27111">
        <ele>232.4</ele>
      </trkpt>
      <trkpt lat="47.95136" lon="7.27024">
        <ele>232.4</ele>
      </trkpt>
      <trkpt lat="47.95166" lon="7.26911">
        <ele>231.5</ele>
      </trkpt>
      <trkpt lat="47.95173" lon="7.2688">
        <ele>231.4</ele>
      </trkpt>
      <trkpt lat="47.95182" lon="7.26835">
        <ele>230.6</ele>
      </trkpt>
      <trkpt lat="47.95189" lon="7.2679">
        <ele>230.0</ele>
      </trkpt>
      <trkpt lat="47.95193" lon="7.26758">
        <ele>228.9</ele>
      </trkpt>
      <trkpt lat="47.95201" lon="7.26701">
        <ele>227.2</ele>
      </trkpt>
      <trkpt lat="47.95201" lon="7.26695">
        <ele>226.8</ele>
      </trkpt>
      <trkpt lat="47.95198" lon="7.26687">
        <ele>226.1</ele>
      </trkpt>
      <trkpt lat="47.95206" lon="7.26677">
        <ele>226.5</ele>
      </trkpt>
      <trkpt lat="47.95242" lon="7.26623">
        <ele>226.9</ele>
      </trkpt>
      <trkpt lat="47.95279" lon="7.26575">
        <ele>231.1</ele>
      </trkpt>
      <trkpt lat="47.95295" lon="7.2655">
        <ele>232.5</ele>
      </trkpt>
      <trkpt lat="47.95348" lon="7.26459">
        <ele>232.6</ele>
      </trkpt>
      <trkpt lat="47.95411" lon="7.26384">
        <ele>235.8</ele>
      </trkpt>
      <trkpt lat="47.95446" lon="7.26329">
        <ele>236.4</ele>
      </trkpt>
      <trkpt lat="47.95479" lon="7.26279">
        <ele>237.5</ele>
      </trkpt>
      <trkpt lat="47.95512" lon="7.26228">
        <ele>236.4</ele>
      </trkpt>
      <trkpt lat="47.95544" lon="7.26182">
        <ele>236.0</ele>
      </trkpt>
      <trkpt lat="47.95561" lon="7.26166">
        <ele>235.3</ele>
      </trkpt>
      <trkpt lat="47.95589" lon="7.26145">
        <ele>236.5</ele>
      </trkpt>
      <trkpt lat="47.95619" lon="7.26125">
        <ele>238.0</ele>
      </trkpt>
      <trkpt lat="47.95636" lon="7.26104">
        <ele>237.4</ele>
      </trkpt>
      <trkpt lat="47.95664" lon="7.26055">
        <ele>236.9</ele>
      </trkpt>
      <trkpt lat="47.95675" lon="7.26031">
        <ele>237.5</ele>
      </trkpt>
      <trkpt lat="47.95693" lon="7.2601">
        <ele>238.2</ele>
      </trkpt>
      <trkpt lat="47.95715" lon="7.25984">
        <ele>238.5</ele>
      </trkpt>
      <trkpt lat="47.95751" lon="7.25937">
        <ele>239.3</ele>
      </trkpt>
      <trkpt lat="47.95784" lon="7.259">
        <ele>240.2</ele>
      </trkpt>
      <trkpt lat="47.95794" lon="7.25876">
        <ele>240.6</ele>
      </trkpt>
      <trkpt lat="47.95795" lon="7.25866">
        <ele>240.6</ele>
      </trkpt>
      <trkpt lat="47.95794" lon="7.25853">
        <ele>240.6</ele>
      </trkpt>
      <trkpt lat="47.9579" lon="7.25828">
        <ele>240.8</ele>
      </trkpt>
      <trkpt lat="47.95782" lon="7.25807">
        <ele>241.6</ele>
      </trkpt>
      <trkpt lat="47.95762" lon="7.25779">
        <ele>241.4</ele>
      </trkpt>
      <trkpt lat="47.95746" lon="7.25751">
        <ele>240.7</ele>
      </trkpt>
      <trkpt lat="47.95728" lon="7.25719">
        <ele>240.2</ele>
      </trkpt>
      <trkpt lat="47.95721" lon="7.25697">
        <ele>240.0</ele>
      </trkpt>
      <trkpt lat="47.95719" lon="7.25683">
        <ele>240.1</ele>
      </trkpt>
      <trkpt lat="47.95719" lon="7.2564">
        <ele>242.0</ele>
      </trkpt>
      <trkpt lat="47.95717" lon="7.25616">
        <ele>243.1</ele>
      </trkpt>
      <trkpt lat="47.95706" lon="7.25536">
        <ele>244.7</ele>
      </trkpt>
      <trkpt lat="47.95703" lon="7.25492">
        <ele>245.5</ele>
      </trkpt>
      <trkpt lat="47.95704" lon="7.25462">
        <ele>245.7</ele>
      </trkpt>
      <trkpt lat="47.95716" lon="7.25353">
        <ele>248.1</ele>
      </trkpt>
      <trkpt lat="47.95718" lon="7.25329">
        <ele>248.3</ele>
      </trkpt>
      <trkpt lat="47.95716" lon="7.2528">
        <ele>245.8</ele>
      </trkpt>
      <trkpt lat="47.95714" lon="7.25247">
        <ele>244.2</ele>
      </trkpt>
      <trkpt lat="47.95714" lon="7.25229">
        <ele>244.1</ele>
      </trkpt>
      <trkpt lat="47.95718" lon="7.25202">
        <ele>244.3</ele>
      </trkpt>
      <trkpt lat="47.95742" lon="7.25102">
        <ele>244.0</ele>
      </trkpt>
      <trkpt lat="47.95744" lon="7.25091">
        <ele>243.8</ele>
      </trkpt>
      <trkpt lat="47.95744" lon="7.25077">
        <ele>243.4</ele>
      </trkpt>
      <trkpt lat="47.95741" lon="7.25064">
        <ele>242.9</ele>
      </trkpt>
      <trkpt lat="47.95736" lon="7.25053">
        <ele>242.3</ele>
      </trkpt>
      <trkpt lat="47.95694" lon="7.25002">
        <ele>238.7</ele>
      </trkpt>
      <trkpt lat="47.95692" lon="7.24997">
        <ele>238.5</ele>
      </trkpt>
      <trkpt lat="47.95688" lon="7.24986">
        <ele>238.4</ele>
      </trkpt>
      <trkpt lat="47.95681" lon="7.24972">
        <ele>238.2</ele>
      </trkpt>
      <trkpt lat="47.95675" lon="7.24967">
        <ele>237.9</ele>
      </trkpt>
      <trkpt lat="47.95686" lon="7.24924">
        <ele>239.1</ele>
      </trkpt>
      <trkpt lat="47.95689" lon="7.24914">
        <ele>239.4</ele>
      </trkpt>
      <trkpt lat="47.95693" lon="7.24888">
        <ele>239.9</ele>
      </trkpt>
      <trkpt lat="47.95703" lon="7.24773">
        <ele>241.3</ele>
      </trkpt>
      <trkpt lat="47.95713" lon="7.24657">
        <ele>241.0</ele>
      </trkpt>
      <trkpt lat="47.95718" lon="7.24622">
        <ele>241.0</ele>
      </trkpt>
      <trkpt lat="47.95725" lon="7.24597">
        <ele>241.0</ele>
      </trkpt>
      <trkpt lat="47.95733" lon="7.24573">
        <ele>241.1</ele>
      </trkpt>
      <trkpt lat="47.95739" lon="7.24562">
        <ele>241.3</ele>
      </trkpt>
      <trkpt lat="47.95776" lon="7.24495">
        <ele>242.7</ele>
      </trkpt>
      <trkpt lat="47.95798" lon="7.24457">
        <ele>243.9</ele>
      </trkpt>
      <trkpt lat="47.95809" lon="7.24442">
        <ele>244.3</ele>
      </trkpt>
      <trkpt lat="47.95859" lon="7.24391">
        <ele>246.2</ele>
      </trkpt>
      <trkpt lat="47.95879" lon="7.24368">
        <ele>247.3</ele>
      </trkpt>
      <trkpt lat="47.95888" lon="7.24355">
        <ele>247.9</ele>
      </trkpt>
      <trkpt lat="47.95897" lon="7.24333">
        <ele>248.8</ele>
      </trkpt>
      <trkpt lat="47.95903" lon="7.24317">
        <ele>248.7</ele>
      </trkpt>
      <trkpt lat="47.95913" lon="7.24289">
        <ele>248.5</ele>
      </trkpt>
      <trkpt lat="47.95921" lon="7.24269">
        <ele>248.3</ele>
      </trkpt>
      <trkpt lat="47.9588" lon="7.24221">
        <ele>249.5</ele>
      </trkpt>
      <trkpt lat="47.95823" lon="7.24157">
        <ele>251.5</ele>
      </trkpt>
      <trkpt lat="47.95796" lon="7.24127">
        <ele>253.6</ele>
      </trkpt>
      <trkpt lat="47.95793" lon="7.24119">
        <ele>254.1</ele>
      </trkpt>
      <trkpt lat="47.95793" lon="7.24113">
        <ele>254.5</ele>
      </trkpt>
      <trkpt lat="47.95785" lon="7.24115">
        <ele>254.6</ele>
      </trkpt>
      <trkpt lat="47.95752" lon="7.24118">
        <ele>255.0</ele>
      </trkpt>
      <trkpt lat="47.95745" lon="7.24122">
        <ele>254.8</ele>
      </trkpt>
      <trkpt lat="47.95734" lon="7.24135">
        <ele>253.9</ele>
      </trkpt>
      <trkpt lat="47.95725" lon="7.24142">
        <ele>253.5</ele>
      </trkpt>
      <trkpt lat="47.95712" lon="7.24147">
        <ele>253.2</ele>
      </trkpt>
      <trkpt lat="47.95675" lon="7.24153">
        <ele>253.2</ele>
      </trkpt>
      <trkpt lat="47.95615" lon="7.24161">
        <ele>253.7</ele>
      </trkpt>
      <trkpt lat="47.95613" lon="7.24146">
        <ele>255.2</ele>
      </trkpt>
      <trkpt lat="47.95604" lon="7.24124">
        <ele>257.2</ele>
      </trkpt>
      <trkpt lat="47.95594" lon="7.24104">
        <ele>259.1</ele>
      </trkpt>
      <trkpt lat="47.95584" lon="7.24091">
        <ele>260.4</ele>
      </trkpt>
      <trkpt lat="47.95576" lon="7.24086">
        <ele>260.9</ele>
      </trkpt>
      <trkpt lat="47.95543" lon="7.24074">
        <ele>262.1</ele>
      </trkpt>
      <trkpt lat="47.95535" lon="7.24069">
        <ele>262.6</ele>
      </trkpt>
      <trkpt lat="47.95531" lon="7.24059">
        <ele>263.3</ele>
      </trkpt>
      <trkpt lat="47.9553" lon="7.2403">
        <ele>265.3</ele>
      </trkpt>
      <trkpt lat="47.95532" lon="7.23996">
        <ele>267.6</ele>
      </trkpt>
      <trkpt lat="47.95538" lon="7.23972">
        <ele>269.3</ele>
      </trkpt>
      <trkpt lat="47.9556" lon="7.23894">
        <ele>275.5</ele>
      </trkpt>
      <trkpt lat="47.9555" lon="7.23888">
        <ele>276.4</ele>
      </trkpt>
      <trkpt lat="47.9554" lon="7.23889">
        <ele>276.5</ele>
      </trkpt>
      <trkpt lat="47.95511" lon="7.23893">
        <ele>276.8</ele>
      </trkpt>
      <trkpt lat="47.95453" lon="7.23899">
        <ele>278.0</ele>
      </trkpt>
      <trkpt lat="47.95432" lon="7.23898">
        <ele>278.8</ele>
      </trkpt>
      <trkpt lat="47.95376" lon="7.23892">
        <ele>282.2</ele>
      </trkpt>
      <trkpt lat="47.95339" lon="7.23874">
        <ele>286.4</ele>
      </trkpt>
      <trkpt lat="47.95324" lon="7.2387">
        <ele>287.9</ele>
      </trkpt>
      <trkpt lat="47.95308" lon="7.2387">
        <ele>289.0</ele>
      </trkpt>
      <trkpt lat="47.95288" lon="7.23874">
        <ele>289.6</ele>
      </trkpt>
      <trkpt lat="47.95266" lon="7.23886">
        <ele>289.1</ele>
      </trkpt>
      <trkpt lat="47.95239" lon="7.23902">
        <ele>288.7</ele>
      </trkpt>
      <trkpt lat="47.95216" lon="7.23924">
        <ele>287.8</ele>
      </trkpt>
      <trkpt lat="47.9521" lon="7.23928">
        <ele>287.8</ele>
      </trkpt>
      <trkpt lat="47.95192" lon="7.23934">
        <ele>288.8</ele>
      </trkpt>
      <trkpt lat="47.95161" lon="7.23954">
        <ele>288.7</ele>
      </trkpt>
      <trkpt lat="47.95141" lon="7.23961">
        <ele>289.0</ele>
      </trkpt>
      <trkpt lat="47.95122" lon="7.23965">
        <ele>289.8</ele>
      </trkpt>
      <trkpt lat="47.95116" lon="7.23963">
        <ele>290.5</ele>
      </trkpt>
      <trkpt lat="47.95105" lon="7.23962">
        <ele>291.4</ele>
      </trkpt>
      <trkpt lat="47.95093" lon="7.23966">
        <ele>291.8</ele>
      </trkpt>
      <trkpt lat="47.95069" lon="7.23985">
        <ele>291.2</ele>
      </trkpt>
      <trkpt lat="47.95048" lon="7.24001">
        <ele>291.4</ele>
      </trkpt>
      <trkpt lat="47.9504" lon="7.24004">
        <ele>292.0</ele>
      </trkpt>
      <trkpt lat="47.95001" lon="7.24007">
        <ele>295.9</ele>
      </trkpt>
      <trkpt lat="47.94994" lon="7.24008">
        <ele>296.3</ele>
      </trkpt>
      <trkpt lat="47.94983" lon="7.24006">
        <ele>296.8</ele>
      </trkpt>
      <trkpt lat="47.94975" lon="7.24002">
        <ele>297.2</ele>
      </trkpt>
      <trkpt lat="47.94909" lon="7.23966">
        <ele>301.5</ele>
      </trkpt>
      <trkpt lat="47.94874" lon="7.23955">
        <ele>301.2</ele>
      </trkpt>
      <trkpt lat="47.94848" lon="7.23932">
        <ele>302.1</ele>
      </trkpt>
      <trkpt lat="47.94839" lon="7.23927">
        <ele>302.4</ele>
      </trkpt>
      <trkpt lat="47.94801" lon="7.23916">
        <ele>300.3</ele>
      </trkpt>
      <trkpt lat="47.94757" lon="7.23893">
        <ele>298.5</ele>
      </trkpt>
      <trkpt lat="47.94738" lon="7.23882">
        <ele>298.3</ele>
      </trkpt>
      <trkpt lat="47.94719" lon="7.23864">
        <ele>298.7</ele>
      </trkpt>
      <trkpt lat="47.94682" lon="7.23827">
        <ele>299.3</ele>
      </trkpt>
      <trkpt lat="47.94644" lon="7.23797">
        <ele>298.7</ele>
      </trkpt>
      <trkpt lat="47.94619" lon="7.23781">
        <ele>298.0</ele>
      </trkpt>
      <trkpt lat="47.946" lon="7.23771">
        <ele>297.5</ele>
      </trkpt>
      <trkpt lat="47.94587" lon="7.23758">
        <ele>297.6</ele>
      </trkpt>
      <trkpt lat="47.94533" lon="7.23699">
        <ele>296.7</ele>
      </trkpt>
      <trkpt lat="47.94514" lon="7.23682">
        <ele>296.6</ele>
      </trkpt>
      <trkpt lat="47.94506" lon="7.23681">
        <ele>296.0</ele>
      </trkpt>
      <trkpt lat="47.94482" lon="7.23685">
        <ele>293.4</ele>
      </trkpt>
      <trkpt lat="47.94472" lon="7.23684">
        <ele>292.5</ele>
      </trkpt>
      <trkpt lat="47.94462" lon="7.23679">
        <ele>292.0</ele>
      </trkpt>
      <trkpt lat="47.94453" lon="7.2367">
        <ele>292.1</ele>
      </trkpt>
      <trkpt lat="47.94439" lon="7.23652">
        <ele>291.8</ele>
      </trkpt>
      <trkpt lat="47.94427" lon="7.23638">
        <ele>291.1</ele>
      </trkpt>
      <trkpt lat="47.94396" lon="7.236">
        <ele>288.6</ele>
      </trkpt>
      <trkpt lat="47.94341" lon="7.23525">
        <ele>285.6</ele>
      </trkpt>
      <trkpt lat="47.94318" lon="7.23503">
        <ele>284.3</ele>
      </trkpt>
      <trkpt lat="47.94286" lon="7.23483">
        <ele>283.1</ele>
      </trkpt>
      <trkpt lat="47.94264" lon="7.23474">
        <ele>281.9</ele>
      </trkpt>
      <trkpt lat="47.94252" lon="7.23469">
        <ele>281.2</ele>
      </trkpt>
      <trkpt lat="47.94179" lon="7.23418">
        <ele>278.2</ele>
      </trkpt>
      <trkpt lat="47.94138" lon="7.23388">
        <ele>275.6</ele>
      </trkpt>
      <trkpt lat="47.94117" lon="7.23378">
        <ele>273.9</ele>
      </trkpt>
      <trkpt lat="47.94085" lon="7.23369">
        <ele>271.2</ele>
      </trkpt>
      <trkpt lat="47.94074" lon="7.23372">
        <ele>269.9</ele>
      </trkpt>
      <trkpt lat="47.94069" lon="7.23375">
        <ele>269.2</ele>
      </trkpt>
      <trkpt lat="47.94065" lon="7.23375">
        <ele>268.8</ele>
      </trkpt>
      <trkpt lat="47.94057" lon="7.23373">
        <ele>268.3</ele>
      </trkpt>
      <trkpt lat="47.94043" lon="7.23362">
        <ele>267.7</ele>
      </trkpt>
      <trkpt lat="47.94005" lon="7.23327">
        <ele>266.0</ele>
      </trkpt>
      <trkpt lat="47.93952" lon="7.23287">
        <ele>263.7</ele>
      </trkpt>
      <trkpt lat="47.93926" lon="7.23269">
        <ele>262.1</ele>
      </trkpt>
      <trkpt lat="47.939" lon="7.23253">
        <ele>261.5</ele>
      </trkpt>
      <trkpt lat="47.93818" lon="7.23205">
        <ele>262.0</ele>
      </trkpt>
      <trkpt lat="47.93807" lon="7.232">
        <ele>261.7</ele>
      </trkpt>
      <trkpt lat="47.93801" lon="7.23199">
        <ele>261.5</ele>
      </trkpt>
      <trkpt lat="47.93796" lon="7.23201">
        <ele>261.2</ele>
      </trkpt>
      <trkpt lat="47.93774" lon="7.23217">
        <ele>259.9</ele>
      </trkpt>
      <trkpt lat="47.93757" lon="7.2323">
        <ele>259.2</ele>
      </trkpt>
      <trkpt lat="47.93752" lon="7.2324">
        <ele>259.0</ele>
      </trkpt>
      <trkpt lat="47.93742" lon="7.23242">
        <ele>259.4</ele>
      </trkpt>
      <trkpt lat="47.93723" lon="7.2325">
        <ele>260.3</ele>
      </trkpt>
      <trkpt lat="47.93708" lon="7.2326">
        <ele>260.8</ele>
      </trkpt>
      <trkpt lat="47.93699" lon="7.23267">
        <ele>261.0</ele>
      </trkpt>
      <trkpt lat="47.93693" lon="7.23274">
        <ele>261.2</ele>
      </trkpt>
      <trkpt lat="47.93684" lon="7.23287">
        <ele>261.3</ele>
      </trkpt>
      <trkpt lat="47.93675" lon="7.23308">
        <ele>261.2</ele>
      </trkpt>
      <trkpt lat="47.93672" lon="7.23313">
        <ele>261.2</ele>
      </trkpt>
      <trkpt lat="47.93665" lon="7.2332">
        <ele>261.4</ele>
      </trkpt>
      <trkpt lat="47.9366" lon="7.23322">
        <ele>261.7</ele>
      </trkpt>
      <trkpt lat="47.93632" lon="7.23327">
        <ele>263.2</ele>
      </trkpt>
      <trkpt lat="47.93592" lon="7.23339">
        <ele>265.1</ele>
      </trkpt>
      <trkpt lat="47.93556" lon="7.23351">
        <ele>265.3</ele>
      </trkpt>
      <trkpt lat="47.93559" lon="7.23381">
        <ele>263.4</ele>
      </trkpt>
      <trkpt lat="47.93557" lon="7.23387">
        <ele>263.1</ele>
      </trkpt>
      <trkpt lat="47.93551" lon="7.23389">
        <ele>263.0</ele>
      </trkpt>
      <trkpt lat="47.93553" lon="7.2343">
        <ele>260.7</ele>
      </trkpt>
      <trkpt lat="47.93555" lon="7.23504">
        <ele>257.2</ele>
      </trkpt>
      <trkpt lat="47.93557" lon="7.23519">
        <ele>256.5</ele>
      </trkpt>
      <trkpt lat="47.93584" lon="7.23592">
        <ele>252.7</ele>
      </trkpt>
      <trkpt lat="47.93611" lon="7.23666">
        <ele>250.0</ele>
      </trkpt>
      <trkpt lat="47.93613" lon="7.23678">
        <ele>249.9</ele>
      </trkpt>
      <trkpt lat="47.93614" lon="7.23693">
        <ele>249.8</ele>
      </trkpt>
      <trkpt lat="47.93615" lon="7.23721">
        <ele>249.6</ele>
      </trkpt>
      <trkpt lat="47.93613" lon="7.23772">
        <ele>248.9</ele>
      </trkpt>
      <trkpt lat="47.93612" lon="7.23791">
        <ele>248.5</ele>
      </trkpt>
      <trkpt lat="47.93607" lon="7.23852">
        <ele>247.7</ele>
      </trkpt>
      <trkpt lat="47.93599" lon="7.23851">
        <ele>247.8</ele>
      </trkpt>
      <trkpt lat="47.93583" lon="7.23866">
        <ele>247.6</ele>
      </trkpt>
      <trkpt lat="47.9353" lon="7.23897">
        <ele>246.1</ele>
      </trkpt>
      <trkpt lat="47.93486" lon="7.23929">
        <ele>244.9</ele>
      </trkpt>
      <trkpt lat="47.93468" lon="7.23949">
        <ele>244.8</ele>
      </trkpt>
      <trkpt lat="47.93464" lon="7.23952">
        <ele>244.8</ele>
      </trkpt>
      <trkpt lat="47.93454" lon="7.23955">
        <ele>244.8</ele>
      </trkpt>
      <trkpt lat="47.93435" lon="7.23949">
        <ele>244.9</ele>
      </trkpt>
      <trkpt lat="47.93394" lon="7.23935">
        <ele>245.1</ele>
      </trkpt>
      <trkpt lat="47.93387" lon="7.23932">
        <ele>245.1</ele>
      </trkpt>
      <trkpt lat="47.93333" lon="7.23899">
        <ele>245.2</ele>
      </trkpt>
      <trkpt lat="47.93331" lon="7.23927">
        <ele>245.1</ele>
      </trkpt>
      <trkpt lat="47.93327" lon="7.2397">
        <ele>245.5</ele>
      </trkpt>
      <trkpt lat="47.93325" lon="7.23976">
        <ele>245.5</ele>
      </trkpt>
      <trkpt lat="47.93323" lon="7.23981">
        <ele>245.5</ele>
      </trkpt>
      <trkpt lat="47.93308" lon="7.23999">
        <ele>245.4</ele>
      </trkpt>
      <trkpt lat="47.93301" lon="7.24009">
        <ele>245.6</ele>
      </trkpt>
      <trkpt lat="47.93281" lon="7.24035">
        <ele>246.3</ele>
      </trkpt>
      <trkpt lat="47.93265" lon="7.24058">
        <ele>247.0</ele>
      </trkpt>
      <trkpt lat="47.93244" lon="7.24089">
        <ele>248.1</ele>
      </trkpt>
      <trkpt lat="47.93217" lon="7.24121">
        <ele>249.3</ele>
      </trkpt>
      <trkpt lat="47.93202" lon="7.24135">
        <ele>249.8</ele>
      </trkpt>
      <trkpt lat="47.93189" lon="7.24144">
        <ele>250.0</ele>
      </trkpt>
      <trkpt lat="47.93168" lon="7.24152">
        <ele>249.8</ele>
      </trkpt>
      <trkpt lat="47.93149" lon="7.24157">
        <ele>249.9</ele>
      </trkpt>
      <trkpt lat="47.9309" lon="7.24165">
        <ele>249.9</ele>
      </trkpt>
      <trkpt lat="47.93083" lon="7.2416">
        <ele>249.3</ele>
      </trkpt>
      <trkpt lat="47.93033" lon="7.2417">
        <ele>247.4</ele>
      </trkpt>
      <trkpt lat="47.93029" lon="7.2417">
        <ele>247.2</ele>
      </trkpt>
      <trkpt lat="47.93008" lon="7.24171">
        <ele>246.0</ele>
      </trkpt>
      <trkpt lat="47.9296" lon="7.24161">
        <ele>243.7</ele>
      </trkpt>
      <trkpt lat="47.92934" lon="7.24167">
        <ele>243.4</ele>
      </trkpt>
      <trkpt lat="47.92913" lon="7.24175">
        <ele>243.6</ele>
      </trkpt>
      <trkpt lat="47.92889" lon="7.24192">
        <ele>243.6</ele>
      </trkpt>
      <trkpt lat="47.92874" lon="7.2421">
        <ele>243.5</ele>
      </trkpt>
      <trkpt lat="47.92864" lon="7.24225">
        <ele>243.1</ele>
      </trkpt>
      <trkpt lat="47.92857" lon="7.2424">
        <ele>242.7</ele>
      </trkpt>
      <trkpt lat="47.92845" lon="7.24271">
        <ele>242.1</ele>
      </trkpt>
      <trkpt lat="47.92834" lon="7.24308">
        <ele>241.4</ele>
      </trkpt>
      <trkpt lat="47.92819" lon="7.24345">
        <ele>241.6</ele>
      </trkpt>
      <trkpt lat="47.92809" lon="7.24366">
        <ele>241.8</ele>
      </trkpt>
      <trkpt lat="47.92778" lon="7.24415">
        <ele>240.6</ele>
      </trkpt>
      <trkpt lat="47.92729" lon="7.24473">
        <ele>238.2</ele>
      </trkpt>
      <trkpt lat="47.92676" lon="7.24524">
        <ele>237.6</ele>
      </trkpt>
      <trkpt lat="47.92639" lon="7.2457">
        <ele>237.5</ele>
      </trkpt>
      <trkpt lat="47.92602" lon="7.24616">
        <ele>236.7</ele>
      </trkpt>
      <trkpt lat="47.92572" lon="7.24662">
        <ele>236.5</ele>
      </trkpt>
      <trkpt lat="47.92566" lon="7.24675">
        <ele>236.5</ele>
      </trkpt>
      <trkpt lat="47.9254" lon="7.24724">
        <ele>236.1</ele>
      </trkpt>
      <trkpt lat="47.92531" lon="7.24734">
        <ele>235.7</ele>
      </trkpt>
      <trkpt lat="47.92524" lon="7.24736">
        <ele>235.3</ele>
      </trkpt>
      <trkpt lat="47.925" lon="7.24739">
        <ele>234.0</ele>
      </trkpt>
      <trkpt lat="47.92493" lon="7.2474">
        <ele>233.9</ele>
      </trkpt>
      <trkpt lat="47.92428" lon="7.24747">
        <ele>233.2</ele>
      </trkpt>
      <trkpt lat="47.92406" lon="7.24747">
        <ele>233.0</ele>
      </trkpt>
      <trkpt lat="47.92379" lon="7.24747">
        <ele>233.1</ele>
      </trkpt>
      <trkpt lat="47.92335" lon="7.24744">
        <ele>233.1</ele>
      </trkpt>
      <trkpt lat="47.92321" lon="7.24744">
        <ele>233.4</ele>
      </trkpt>
      <trkpt lat="47.9231" lon="7.24747">
        <ele>233.6</ele>
      </trkpt>
      <trkpt lat="47.923" lon="7.24754">
        <ele>233.8</ele>
      </trkpt>
      <trkpt lat="47.92292" lon="7.24766">
        <ele>233.8</ele>
      </trkpt>
      <trkpt lat="47.92261" lon="7.24835">
        <ele>233.7</ele>
      </trkpt>
      <trkpt lat="47.92249" lon="7.24857">
        <ele>234.0</ele>
      </trkpt>
      <trkpt lat="47.92228" lon="7.2489">
        <ele>234.1</ele>
      </trkpt>
      <trkpt lat="47.92205" lon="7.24922">
        <ele>234.0</ele>
      </trkpt>
      <trkpt lat="47.92193" lon="7.24936">
        <ele>233.9</ele>
      </trkpt>
      <trkpt lat="47.92178" lon="7.24952">
        <ele>233.9</ele>
      </trkpt>
      <trkpt lat="47.92144" lon="7.24978">
        <ele>234.6</ele>
      </trkpt>
      <trkpt lat="47.92098" lon="7.25008">
        <ele>235.5</ele>
      </trkpt>
      <trkpt lat="47.92052" lon="7.25036">
        <ele>236.2</ele>
      </trkpt>
      <trkpt lat="47.9203" lon="7.25047">
        <ele>236.3</ele>
      </trkpt>
      <trkpt lat="47.92023" lon="7.25056">
        <ele>236.0</ele>
      </trkpt>
      <trkpt lat="47.92014" lon="7.25072">
        <ele>235.5</ele>
      </trkpt>
      <trkpt lat="47.92009" lon="7.25088">
        <ele>234.9</ele>
      </trkpt>
      <trkpt lat="47.92008" lon="7.25096">
        <ele>234.7</ele>
      </trkpt>
      <trkpt lat="47.92008" lon="7.25104">
        <ele>234.5</ele>
      </trkpt>
      <trkpt lat="47.92011" lon="7.2514">
        <ele>233.6</ele>
      </trkpt>
      <trkpt lat="47.9201" lon="7.25146">
        <ele>233.5</ele>
      </trkpt>
      <trkpt lat="47.91939" lon="7.251">
        <ele>234.9</ele>
      </trkpt>
      <trkpt lat="47.91868" lon="7.25054">
        <ele>236.6</ele>
      </trkpt>
      <trkpt lat="47.91797" lon="7.25008">
        <ele>236.6</ele>
      </trkpt>
      <trkpt lat="47.91778" lon="7.24989">
        <ele>236.6</ele>
      </trkpt>
      <trkpt lat="47.9175" lon="7.24958">
        <ele>237.0</ele>
      </trkpt>
      <trkpt lat="47.91733" lon="7.24935">
        <ele>238.2</ele>
      </trkpt>
      <trkpt lat="47.91731" lon="7.24924">
        <ele>238.5</ele>
      </trkpt>
      <trkpt lat="47.91729" lon="7.24919">
        <ele>238.7</ele>
      </trkpt>
      <trkpt lat="47.9171" lon="7.24895">
        <ele>239.8</ele>
      </trkpt>
      <trkpt lat="47.91697" lon="7.24878">
        <ele>240.5</ele>
      </trkpt>
      <trkpt lat="47.91694" lon="7.24874">
        <ele>240.7</ele>
      </trkpt>
      <trkpt lat="47.91646" lon="7.24814">
        <ele>242.5</ele>
      </trkpt>
      <trkpt lat="47.91632" lon="7.24798">
        <ele>242.8</ele>
      </trkpt>
      <trkpt lat="47.91594" lon="7.2476">
        <ele>243.8</ele>
      </trkpt>
      <trkpt lat="47.91556" lon="7.24721">
        <ele>244.9</ele>
      </trkpt>
      <trkpt lat="47.91536" lon="7.24702">
        <ele>245.4</ele>
      </trkpt>
      <trkpt lat="47.91499" lon="7.24679">
        <ele>245.9</ele>
      </trkpt>
      <trkpt lat="47.91469" lon="7.24659">
        <ele>246.5</ele>
      </trkpt>
      <trkpt lat="47.91442" lon="7.24632">
        <ele>247.1</ele>
      </trkpt>
      <trkpt lat="47.91422" lon="7.24608">
        <ele>247.6</ele>
      </trkpt>
      <trkpt lat="47.91407" lon="7.24591">
        <ele>247.9</ele>
      </trkpt>
      <trkpt lat="47.91371" lon="7.24636">
        <ele>248.1</ele>
      </trkpt>
      <trkpt lat="47.91352" lon="7.24658">
        <ele>248.5</ele>
      </trkpt>
      <trkpt lat="47.91291" lon="7.24697">
        <ele>249.5</ele>
      </trkpt>
      <trkpt lat="47.91225" lon="7.24736">
        <ele>248.9</ele>
      </trkpt>
      <trkpt lat="47.91173" lon="7.24763">
        <ele>247.8</ele>
      </trkpt>
      <trkpt lat="47.91121" lon="7.2479">
        <ele>247.6</ele>
      </trkpt>
      <trkpt lat="47.91051" lon="7.24821">
        <ele>247.5</ele>
      </trkpt>
      <trkpt lat="47.9098" lon="7.24851">
        <ele>247.0</ele>
      </trkpt>
      <trkpt lat="47.90973" lon="7.24853">
        <ele>247.0</ele>
      </trkpt>
      <trkpt lat="47.90906" lon="7.24875">
        <ele>247.2</ele>
      </trkpt>
      <trkpt lat="47.90839" lon="7.24896">
        <ele>248.1</ele>
      </trkpt>
      <trkpt lat="47.90764" lon="7.24913">
        <ele>250.5</ele>
      </trkpt>
      <trkpt lat="47.90746" lon="7.24916">
        <ele>251.0</ele>
      </trkpt>
      <trkpt lat="47.9074" lon="7.24914">
        <ele>250.9</ele>
      </trkpt>
      <trkpt lat="47.90735" lon="7.24909">
        <ele>250.8</ele>
      </trkpt>
      <trkpt lat="47.90733" lon="7.24912">
        <ele>250.8</ele>
      </trkpt>
      <trkpt lat="47.90727" lon="7.24915">
        <ele>250.7</ele>
      </trkpt>
      <trkpt lat="47.90696" lon="7.24922">
        <ele>250.3</ele>
      </trkpt>
      <trkpt lat="47.90609" lon="7.24949">
        <ele>251.7</ele>
      </trkpt>
      <trkpt lat="47.9059" lon="7.24951">
        <ele>252.4</ele>
      </trkpt>
      <trkpt lat="47.90584" lon="7.24951">
        <ele>252.6</ele>
      </trkpt>
      <trkpt lat="47.90553" lon="7.24939">
        <ele>252.0</ele>
      </trkpt>
      <trkpt lat="47.90544" lon="7.24938">
        <ele>251.8</ele>
      </trkpt>
      <trkpt lat="47.9051" lon="7.24943">
        <ele>250.9</ele>
      </trkpt>
      <trkpt lat="47.9049" lon="7.24949">
        <ele>250.7</ele>
      </trkpt>
      <trkpt lat="47.90445" lon="7.24971">
        <ele>251.0</ele>
      </trkpt>
      <trkpt lat="47.90434" lon="7.24972">
        <ele>251.1</ele>
      </trkpt>
      <trkpt lat="47.90413" lon="7.24973">
        <ele>251.3</ele>
      </trkpt>
      <trkpt lat="47.90404" lon="7.2498">
        <ele>251.0</ele>
      </trkpt>
      <trkpt lat="47.90397" lon="7.24976">
        <ele>251.0</ele>
      </trkpt>
      <trkpt lat="47.90391" lon="7.24974">
        <ele>250.9</ele>
      </trkpt>
      <trkpt lat="47.90389" lon="7.2497">
        <ele>250.9</ele>
      </trkpt>
      <trkpt lat="47.90393" lon="7.24922">
        <ele>251.9</ele>
      </trkpt>
      <trkpt lat="47.90395" lon="7.24898">
        <ele>251.9</ele>
      </trkpt>
      <trkpt lat="47.90401" lon="7.24879">
        <ele>251.7</ele>
      </trkpt>
      <trkpt lat="47.90406" lon="7.24852">
        <ele>251.4</ele>
      </trkpt>
      <trkpt lat="47.9041" lon="7.24825">
        <ele>251.3</ele>
      </trkpt>
      <trkpt lat="47.90416" lon="7.24766">
        <ele>251.8</ele>
      </trkpt>
      <trkpt lat="47.90417" lon="7.24744">
        <ele>252.0</ele>
      </trkpt>
      <trkpt lat="47.90418" lon="7.24703">
        <ele>251.9</ele>
      </trkpt>
      <trkpt lat="47.90414" lon="7.2463">
        <ele>252.5</ele>
      </trkpt>
      <trkpt lat="47.9041" lon="7.24557">
        <ele>253.5</ele>
      </trkpt>
      <trkpt lat="47.90406" lon="7.24482">
        <ele>254.8</ele>
      </trkpt>
      <trkpt lat="47.90402" lon="7.24385">
        <ele>256.4</ele>
      </trkpt>
      <trkpt lat="47.90403" lon="7.24338">
        <ele>256.3</ele>
      </trkpt>
      <trkpt lat="47.90407" lon="7.2432">
        <ele>256.1</ele>
      </trkpt>
      <trkpt lat="47.90411" lon="7.2429">
        <ele>255.6</ele>
      </trkpt>
      <trkpt lat="47.90416" lon="7.24242">
        <ele>255.4</ele>
      </trkpt>
      <trkpt lat="47.90417" lon="7.2422">
        <ele>256.4</ele>
      </trkpt>
      <trkpt lat="47.90416" lon="7.24214">
        <ele>256.8</ele>
      </trkpt>
      <trkpt lat="47.904" lon="7.24178">
        <ele>258.6</ele>
      </trkpt>
      <trkpt lat="47.90396" lon="7.24177">
        <ele>258.6</ele>
      </trkpt>
      <trkpt lat="47.90379" lon="7.24178">
        <ele>258.6</ele>
      </trkpt>
      <trkpt lat="47.90375" lon="7.24141">
        <ele>259.6</ele>
      </trkpt>
      <trkpt lat="47.90371" lon="7.24096">
        <ele>260.6</ele>
      </trkpt>
      <trkpt lat="47.90364" lon="7.23993">
        <ele>260.6</ele>
      </trkpt>
      <trkpt lat="47.90357" lon="7.23889">
        <ele>260.1</ele>
      </trkpt>
      <trkpt lat="47.90353" lon="7.23875">
        <ele>260.1</ele>
      </trkpt>
      <trkpt lat="47.90324" lon="7.23881">
        <ele>259.9</ele>
      </trkpt>
      <trkpt lat="47.90295" lon="7.23885">
        <ele>259.7</ele>
      </trkpt>
      <trkpt lat="47.90226" lon="7.2389">
        <ele>259.9</ele>
      </trkpt>
      <trkpt lat="47.90217" lon="7.2389">
        <ele>260.1</ele>
      </trkpt>
      <trkpt lat="47.90215" lon="7.2385">
        <ele>260.1</ele>
      </trkpt>
      <trkpt lat="47.90212" lon="7.23835">
        <ele>260.0</ele>
      </trkpt>
      <trkpt lat="47.90206" lon="7.23773">
        <ele>260.0</ele>
      </trkpt>
      <trkpt lat="47.902" lon="7.2372">
        <ele>261.0</ele>
      </trkpt>
      <trkpt lat="47.90198" lon="7.23702">
        <ele>261.5</ele>
      </trkpt>
      <trkpt lat="47.90191" lon="7.23704">
        <ele>261.5</ele>
      </trkpt>
      <trkpt lat="47.90178" lon="7.23703">
        <ele>261.6</ele>
      </trkpt>
      <trkpt lat="47.90165" lon="7.23705">
        <ele>261.7</ele>
      </trkpt>
      <trkpt lat="47.90157" lon="7.23696">
        <ele>262.3</ele>
      </trkpt>
      <trkpt lat="47.90149" lon="7.237">
        <ele>262.4</ele>
      </trkpt>
      <trkpt lat="47.90137" lon="7.23695">
        <ele>262.9</ele>
      </trkpt>
      <trkpt lat="47.90127" lon="7.23689">
        <ele>263.4</ele>
      </trkpt>
      <trkpt lat="47.9006" lon="7.23673">
        <ele>265.5</ele>
      </trkpt>
      <trkpt lat="47.90021" lon="7.23701">
        <ele>266.7</ele>
      </trkpt>
      <trkpt lat="47.90017" lon="7.23702">
        <ele>266.9</ele>
      </trkpt>
      <trkpt lat="47.90013" lon="7.23697">
        <ele>267.0</ele>
      </trkpt>
      <trkpt lat="47.90011" lon="7.23689">
        <ele>266.9</ele>
      </trkpt>
      <trkpt lat="47.90009" lon="7.23667">
        <ele>266.8</ele>
      </trkpt>
      <trkpt lat="47.90001" lon="7.23577">
        <ele>267.1</ele>
      </trkpt>
      <trkpt lat="47.89992" lon="7.23487">
        <ele>268.0</ele>
      </trkpt>
      <trkpt lat="47.89984" lon="7.23397">
        <ele>267.4</ele>
      </trkpt>
      <trkpt lat="47.89974" lon="7.23372">
        <ele>267.2</ele>
      </trkpt>
      <trkpt lat="47.89973" lon="7.23348">
        <ele>267.3</ele>
      </trkpt>
      <trkpt lat="47.8999" lon="7.23357">
        <ele>267.3</ele>
      </trkpt>
      <trkpt lat="47.90003" lon="7.23357">
        <ele>267.3</ele>
      </trkpt>
      <trkpt lat="47.90012" lon="7.23355">
        <ele>267.5</ele>
      </trkpt>
      <trkpt lat="47.90023" lon="7.23346">
        <ele>267.7</ele>
      </trkpt>
      <trkpt lat="47.90032" lon="7.23331">
        <ele>267.8</ele>
      </trkpt>
      <trkpt lat="47.90038" lon="7.23313">
        <ele>268.0</ele>
      </trkpt>
      <trkpt lat="47.9004" lon="7.23278">
        <ele>268.3</ele>
      </trkpt>
      <trkpt lat="47.90046" lon="7.23191">
        <ele>268.6</ele>
      </trkpt>
      <trkpt lat="47.90039" lon="7.23171">
        <ele>268.5</ele>
      </trkpt>
      <trkpt lat="47.90038" lon="7.23164">
        <ele>268.5</ele>
      </trkpt>
      <trkpt lat="47.90041" lon="7.23125">
        <ele>269.0</ele>
      </trkpt>
      <trkpt lat="47.90041" lon="7.23115">
        <ele>269.1</ele>
      </trkpt>
      <trkpt lat="47.9004" lon="7.23104">
        <ele>269.3</ele>
      </trkpt>
      <trkpt lat="47.90002" lon="7.23111">
        <ele>269.3</ele>
      </trkpt>
      <trkpt lat="47.90003" lon="7.23082">
        <ele>270.0</ele>
      </trkpt>
      <trkpt lat="47.90005" lon="7.23049">
        <ele>270.0</ele>
      </trkpt>
      <trkpt lat="47.90007" lon="7.23031">
        <ele>270.0</ele>
      </trkpt>
      <trkpt lat="47.9001" lon="7.23011">
        <ele>270.1</ele>
      </trkpt>
      <trkpt lat="47.90026" lon="7.22962">
        <ele>270.2</ele>
      </trkpt>
      <trkpt lat="47.90037" lon="7.22934">
        <ele>270.1</ele>
      </trkpt>
      <trkpt lat="47.90057" lon="7.22888">
        <ele>270.0</ele>
      </trkpt>
      <trkpt lat="47.90072" lon="7.22851">
        <ele>270.5</ele>
      </trkpt>
      <trkpt lat="47.90085" lon="7.22796">
        <ele>271.9</ele>
      </trkpt>
      <trkpt lat="47.90097" lon="7.22715">
        <ele>272.6</ele>
      </trkpt>
      <trkpt lat="47.90115" lon="7.22617">
        <ele>271.7</ele>
      </trkpt>
      <trkpt lat="47.90114" lon="7.22614">
        <ele>271.7</ele>
      </trkpt>
      <trkpt lat="47.90069" lon="7.22601">
        <ele>270.6</ele>
      </trkpt>
      <trkpt lat="47.90082" lon="7.22549">
        <ele>270.4</ele>
      </trkpt>
      <trkpt lat="47.90089" lon="7.22518">
        <ele>271.0</ele>
      </trkpt>
      <trkpt lat="47.90112" lon="7.22454">
        <ele>272.4</ele>
      </trkpt>
      <trkpt lat="47.90135" lon="7.22389">
        <ele>273.9</ele>
      </trkpt>
      <trkpt lat="47.90136" lon="7.22368">
        <ele>274.7</ele>
      </trkpt>
      <trkpt lat="47.90135" lon="7.22365">
        <ele>274.8</ele>
      </trkpt>
      <trkpt lat="47.90124" lon="7.22342">
        <ele>275.2</ele>
      </trkpt>
      <trkpt lat="47.90119" lon="7.22329">
        <ele>275.3</ele>
      </trkpt>
      <trkpt lat="47.90119" lon="7.22322">
        <ele>275.2</ele>
      </trkpt>
      <trkpt lat="47.90172" lon="7.22273">
        <ele>276.4</ele>
      </trkpt>
      <trkpt lat="47.90174" lon="7.22267">
        <ele>276.4</ele>
      </trkpt>
      <trkpt lat="47.90173" lon="7.22255">
        <ele>276.3</ele>
      </trkpt>
      <trkpt lat="47.90173" lon="7.2225">
        <ele>276.2</ele>
      </trkpt>
      <trkpt lat="47.90174" lon="7.22245">
        <ele>276.3</ele>
      </trkpt>
      <trkpt lat="47.90182" lon="7.22238">
        <ele>276.6</ele>
      </trkpt>
      <trkpt lat="47.90186" lon="7.22239">
        <ele>276.7</ele>
      </trkpt>
      <trkpt lat="47.90197" lon="7.22146">
        <ele>277.7</ele>
      </trkpt>
      <trkpt lat="47.90201" lon="7.22128">
        <ele>277.7</ele>
      </trkpt>
      <trkpt lat="47.9021" lon="7.22093">
        <ele>277.7</ele>
      </trkpt>
      <trkpt lat="47.90219" lon="7.22065">
        <ele>278.3</ele>
      </trkpt>
      <trkpt lat="47.9023" lon="7.22038">
        <ele>279.1</ele>
      </trkpt>
      <trkpt lat="47.90256" lon="7.21993">
        <ele>280.5</ele>
      </trkpt>
      <trkpt lat="47.90231" lon="7.21958">
        <ele>282.1</ele>
      </trkpt>
      <trkpt lat="47.9021" lon="7.21928">
        <ele>283.0</ele>
      </trkpt>
      <trkpt lat="47.9019" lon="7.21899">
        <ele>283.2</ele>
      </trkpt>
      <trkpt lat="47.9017" lon="7.21871">
        <ele>283.7</ele>
      </trkpt>
      <trkpt lat="47.90154" lon="7.21848">
        <ele>283.7</ele>
      </trkpt>
      <trkpt lat="47.90113" lon="7.21884">
        <ele>279.9</ele>
      </trkpt>
      <trkpt lat="47.90045" lon="7.21943">
        <ele>277.6</ele>
      </trkpt>
      <trkpt lat="47.89976" lon="7.22002">
        <ele>277.7</ele>
      </trkpt>
      <trkpt lat="47.89972" lon="7.22006">
        <ele>277.7</ele>
      </trkpt>
      <trkpt lat="47.89963" lon="7.22005">
        <ele>277.6</ele>
      </trkpt>
      <trkpt lat="47.89943" lon="7.21999">
        <ele>277.3</ele>
      </trkpt>
      <trkpt lat="47.89937" lon="7.22015">
        <ele>277.4</ele>
      </trkpt>
      <trkpt lat="47.89916" lon="7.22055">
        <ele>277.6</ele>
      </trkpt>
      <trkpt lat="47.89881" lon="7.22086">
        <ele>276.7</ele>
      </trkpt>
      <trkpt lat="47.89808" lon="7.2215">
        <ele>274.7</ele>
      </trkpt>
      <trkpt lat="47.89734" lon="7.22214">
        <ele>273.2</ele>
      </trkpt>
      <trkpt lat="47.8971" lon="7.22235">
        <ele>272.7</ele>
      </trkpt>
      <trkpt lat="47.8967" lon="7.22268">
        <ele>272.0</ele>
      </trkpt>
      <trkpt lat="47.89631" lon="7.22301">
        <ele>272.0</ele>
      </trkpt>
      <trkpt lat="47.89574" lon="7.22351">
        <ele>271.6</ele>
      </trkpt>
      <trkpt lat="47.89534" lon="7.22385">
        <ele>270.8</ele>
      </trkpt>
      <trkpt lat="47.89495" lon="7.22418">
        <ele>269.9</ele>
      </trkpt>
      <trkpt lat="47.89436" lon="7.22472">
        <ele>268.3</ele>
      </trkpt>
      <trkpt lat="47.89376" lon="7.22525">
        <ele>267.8</ele>
      </trkpt>
      <trkpt lat="47.89333" lon="7.22559">
        <ele>268.0</ele>
      </trkpt>
      <trkpt lat="47.89301" lon="7.22579">
        <ele>267.6</ele>
      </trkpt>
      <trkpt lat="47.89267" lon="7.22596">
        <ele>267.1</ele>
      </trkpt>
      <trkpt lat="47.89233" lon="7.22603">
        <ele>266.9</ele>
      </trkpt>
      <trkpt lat="47.8917" lon="7.22593">
        <ele>267.7</ele>
      </trkpt>
      <trkpt lat="47.89149" lon="7.22592">
        <ele>268.4</ele>
      </trkpt>
      <trkpt lat="47.89099" lon="7.22596">
        <ele>270.0</ele>
      </trkpt>
      <trkpt lat="47.89066" lon="7.22602">
        <ele>270.1</ele>
      </trkpt>
      <trkpt lat="47.8904" lon="7.22608">
        <ele>269.5</ele>
      </trkpt>
      <trkpt lat="47.89006" lon="7.2262">
        <ele>269.0</ele>
      </trkpt>
      <trkpt lat="47.8899" lon="7.22628">
        <ele>269.2</ele>
      </trkpt>
      <trkpt lat="47.8897" lon="7.2264">
        <ele>269.5</ele>
      </trkpt>
      <trkpt lat="47.88949" lon="7.22658">
        <ele>269.7</ele>
      </trkpt>
      <trkpt lat="47.88925" lon="7.22687">
        <ele>269.7</ele>
      </trkpt>
      <trkpt lat="47.88913" lon="7.22699">
        <ele>269.7</ele>
      </trkpt>
      <trkpt lat="47.8889" lon="7.22719">
        <ele>270.3</ele>
      </trkpt>
      <trkpt lat="47.88881" lon="7.22726">
        <ele>270.6</ele>
      </trkpt>
      <trkpt lat="47.88864" lon="7.22648">
        <ele>270.7</ele>
      </trkpt>
      <trkpt lat="47.88862" lon="7.22643">
        <ele>270.8</ele>
      </trkpt>
      <trkpt lat="47.88859" lon="7.22641">
        <ele>270.8</ele>
      </trkpt>
      <trkpt lat="47.88854" lon="7.22642">
        <ele>270.8</ele>
      </trkpt>
      <trkpt lat="47.88837" lon="7.22649">
        <ele>271.0</ele>
      </trkpt>
      <trkpt lat="47.88766" lon="7.22678">
        <ele>272.0</ele>
      </trkpt>
      <trkpt lat="47.88757" lon="7.22681">
        <ele>272.1</ele>
      </trkpt>
      <trkpt lat="47.88749" lon="7.2268">
        <ele>272.2</ele>
      </trkpt>
      <trkpt lat="47.88722" lon="7.22668">
        <ele>272.3</ele>
      </trkpt>
      <trkpt lat="47.88706" lon="7.22662">
        <ele>272.7</ele>
      </trkpt>
      <trkpt lat="47.88694" lon="7.2266">
        <ele>273.0</ele>
      </trkpt>
      <trkpt lat="47.88688" lon="7.22661">
        <ele>273.0</ele>
      </trkpt>
      <trkpt lat="47.88678" lon="7.22664">
        <ele>273.0</ele>
      </trkpt>
      <trkpt lat="47.88668" lon="7.22668">
        <ele>272.9</ele>
      </trkpt>
      <trkpt lat="47.88606" lon="7.2271">
        <ele>273.1</ele>
      </trkpt>
      <trkpt lat="47.88603" lon="7.22711">
        <ele>273.1</ele>
      </trkpt>
      <trkpt lat="47.88592" lon="7.22711">
        <ele>273.2</ele>
      </trkpt>
      <trkpt lat="47.88568" lon="7.22705">
        <ele>273.7</ele>
      </trkpt>
      <trkpt lat="47.88539" lon="7.22691">
        <ele>274.1</ele>
      </trkpt>
      <trkpt lat="47.88531" lon="7.22685">
        <ele>274.1</ele>
      </trkpt>
      <trkpt lat="47.88522" lon="7.22677">
        <ele>274.2</ele>
      </trkpt>
      <trkpt lat="47.88499" lon="7.22652">
        <ele>274.9</ele>
      </trkpt>
      <trkpt lat="47.8847" lon="7.22615">
        <ele>276.4</ele>
      </trkpt>
      <trkpt lat="47.88429" lon="7.22558">
        <ele>276.7</ele>
      </trkpt>
      <trkpt lat="47.88425" lon="7.22553">
        <ele>276.6</ele>
      </trkpt>
      <trkpt lat="47.88419" lon="7.22546">
        <ele>276.5</ele>
      </trkpt>
      <trkpt lat="47.88409" lon="7.2254">
        <ele>276.5</ele>
      </trkpt>
      <trkpt lat="47.88403" lon="7.22538">
        <ele>276.5</ele>
      </trkpt>
      <trkpt lat="47.88382" lon="7.22538">
        <ele>276.3</ele>
      </trkpt>
      <trkpt lat="47.88334" lon="7.22539">
        <ele>276.0</ele>
      </trkpt>
      <trkpt lat="47.88307" lon="7.22539">
        <ele>276.3</ele>
      </trkpt>
      <trkpt lat="47.88296" lon="7.22537">
        <ele>276.4</ele>
      </trkpt>
      <trkpt lat="47.88237" lon="7.22498">
        <ele>277.0</ele>
      </trkpt>
      <trkpt lat="47.88226" lon="7.22493">
        <ele>277.1</ele>
      </trkpt>
      <trkpt lat="47.88226" lon="7.2249">
        <ele>277.1</ele>
      </trkpt>
      <trkpt lat="47.88224" lon="7.22483">
        <ele>277.2</ele>
      </trkpt>
      <trkpt lat="47.88223" lon="7.22481">
        <ele>277.2</ele>
      </trkpt>
      <trkpt lat="47.88218" lon="7.2248">
        <ele>277.2</ele>
      </trkpt>
      <trkpt lat="47.88212" lon="7.22458">
        <ele>277.5</ele>
      </trkpt>
      <trkpt lat="47.88201" lon="7.22419">
        <ele>278.0</ele>
      </trkpt>
      <trkpt lat="47.88196" lon="7.22396">
        <ele>278.1</ele>
      </trkpt>
      <trkpt lat="47.88181" lon="7.22319">
        <ele>278.2</ele>
      </trkpt>
      <trkpt lat="47.88165" lon="7.22242">
        <ele>278.2</ele>
      </trkpt>
      <trkpt lat="47.88143" lon="7.22131">
        <ele>280.7</ele>
      </trkpt>
      <trkpt lat="47.88121" lon="7.2202">
        <ele>281.9</ele>
      </trkpt>
      <trkpt lat="47.88106" lon="7.21944">
        <ele>282.5</ele>
      </trkpt>
      <trkpt lat="47.88091" lon="7.21868">
        <ele>283.5</ele>
      </trkpt>
      <trkpt lat="47.88076" lon="7.21779">
        <ele>284.1</ele>
      </trkpt>
      <trkpt lat="47.88071" lon="7.21745">
        <ele>284.4</ele>
      </trkpt>
      <trkpt lat="47.88065" lon="7.21745">
        <ele>284.5</ele>
      </trkpt>
      <trkpt lat="47.88064" lon="7.21737">
        <ele>284.7</ele>
      </trkpt>
      <trkpt lat="47.88054" lon="7.21671">
        <ele>286.0</ele>
      </trkpt>
      <trkpt lat="47.88037" lon="7.21563">
        <ele>288.1</ele>
      </trkpt>
      <trkpt lat="47.88021" lon="7.21454">
        <ele>289.6</ele>
      </trkpt>
      <trkpt lat="47.88018" lon="7.21434">
        <ele>290.3</ele>
      </trkpt>
      <trkpt lat="47.87966" lon="7.21456">
        <ele>290.4</ele>
      </trkpt>
      <trkpt lat="47.87945" lon="7.21464">
        <ele>290.6</ele>
      </trkpt>
      <trkpt lat="47.87864" lon="7.21493">
        <ele>290.1</ele>
      </trkpt>
      <trkpt lat="47.87836" lon="7.21499">
        <ele>290.0</ele>
      </trkpt>
      <trkpt lat="47.87808" lon="7.21501">
        <ele>290.0</ele>
      </trkpt>
      <trkpt lat="47.8776" lon="7.21501">
        <ele>290.0</ele>
      </trkpt>
      <trkpt lat="47.87708" lon="7.21494">
        <ele>291.6</ele>
      </trkpt>
      <trkpt lat="47.87692" lon="7.21494">
        <ele>292.2</ele>
      </trkpt>
      <trkpt lat="47.87672" lon="7.21496">
        <ele>292.8</ele>
      </trkpt>
      <trkpt lat="47.87659" lon="7.21502">
        <ele>293.1</ele>
      </trkpt>
      <trkpt lat="47.87639" lon="7.21518">
        <ele>293.3</ele>
      </trkpt>
      <trkpt lat="47.87612" lon="7.21539">
        <ele>293.3</ele>
      </trkpt>
      <trkpt lat="47.87592" lon="7.21549">
        <ele>293.4</ele>
      </trkpt>
      <trkpt lat="47.87573" lon="7.21553">
        <ele>293.5</ele>
      </trkpt>
      <trkpt lat="47.87525" lon="7.21551">
        <ele>294.4</ele>
      </trkpt>
      <trkpt lat="47.87508" lon="7.2155">
        <ele>294.7</ele>
      </trkpt>
      <trkpt lat="47.87506" lon="7.21586">
        <ele>293.8</ele>
      </trkpt>
      <trkpt lat="47.87491" lon="7.21615">
        <ele>292.8</ele>
      </trkpt>
      <trkpt lat="47.8748" lon="7.21608">
        <ele>293.0</ele>
      </trkpt>
      <trkpt lat="47.87472" lon="7.21604">
        <ele>293.1</ele>
      </trkpt>
      <trkpt lat="47.87428" lon="7.21592">
        <ele>293.0</ele>
      </trkpt>
      <trkpt lat="47.87425" lon="7.21591">
        <ele>293.0</ele>
      </trkpt>
      <trkpt lat="47.8742" lon="7.21607">
        <ele>292.7</ele>
      </trkpt>
      <trkpt lat="47.87372" lon="7.21669">
        <ele>293.0</ele>
      </trkpt>
      <trkpt lat="47.87363" lon="7.21681">
        <ele>293.1</ele>
      </trkpt>
      <trkpt lat="47.87353" lon="7.21692">
        <ele>293.2</ele>
      </trkpt>
      <trkpt lat="47.87322" lon="7.21718">
        <ele>293.4</ele>
      </trkpt>
      <trkpt lat="47.87275" lon="7.21741">
        <ele>293.1</ele>
      </trkpt>
      <trkpt lat="47.87257" lon="7.2175">
        <ele>293.0</ele>
      </trkpt>
      <trkpt lat="47.87229" lon="7.21765">
        <ele>291.3</ele>
      </trkpt>
      <trkpt lat="47.8722" lon="7.21767">
        <ele>290.8</ele>
      </trkpt>
      <trkpt lat="47.87187" lon="7.2177">
        <ele>288.7</ele>
      </trkpt>
      <trkpt lat="47.87139" lon="7.21768">
        <ele>285.3</ele>
      </trkpt>
      <trkpt lat="47.87092" lon="7.21766">
        <ele>281.5</ele>
      </trkpt>
      <trkpt lat="47.87087" lon="7.21765">
        <ele>281.1</ele>
      </trkpt>
      <trkpt lat="47.87067" lon="7.21759">
        <ele>279.3</ele>
      </trkpt>
      <trkpt lat="47.87048" lon="7.21747">
        <ele>277.7</ele>
      </trkpt>
      <trkpt lat="47.87039" lon="7.21739">
        <ele>276.9</ele>
      </trkpt>
      <trkpt lat="47.87031" lon="7.21735">
        <ele>276.2</ele>
      </trkpt>
      <trkpt lat="47.86952" lon="7.21699">
        <ele>269.9</ele>
      </trkpt>
      <trkpt lat="47.86942" lon="7.21692">
        <ele>269.3</ele>
      </trkpt>
      <trkpt lat="47.86934" lon="7.21684">
        <ele>268.9</ele>
      </trkpt>
      <trkpt lat="47.86907" lon="7.21648">
        <ele>267.0</ele>
      </trkpt>
      <trkpt lat="47.86856" lon="7.21611">
        <ele>262.9</ele>
      </trkpt>
      <trkpt lat="47.86844" lon="7.21605">
        <ele>262.0</ele>
      </trkpt>
      <trkpt lat="47.86793" lon="7.21604">
        <ele>259.2</ele>
      </trkpt>
      <trkpt lat="47.86741" lon="7.21602">
        <ele>256.7</ele>
      </trkpt>
      <trkpt lat="47.86696" lon="7.216">
        <ele>255.1</ele>
      </trkpt>
      <trkpt lat="47.86651" lon="7.21598">
        <ele>253.6</ele>
      </trkpt>
      <trkpt lat="47.86605" lon="7.21593">
        <ele>252.5</ele>
      </trkpt>
      <trkpt lat="47.86559" lon="7.21588">
        <ele>251.4</ele>
      </trkpt>
      <trkpt lat="47.86513" lon="7.21585">
        <ele>250.3</ele>
      </trkpt>
      <trkpt lat="47.86467" lon="7.21583">
        <ele>250.0</ele>
      </trkpt>
      <trkpt lat="47.86413" lon="7.21577">
        <ele>250.0</ele>
      </trkpt>
      <trkpt lat="47.8636" lon="7.21571">
        <ele>250.7</ele>
      </trkpt>
      <trkpt lat="47.86354" lon="7.21566">
        <ele>250.8</ele>
      </trkpt>
      <trkpt lat="47.86348" lon="7.21573">
        <ele>250.8</ele>
      </trkpt>
      <trkpt lat="47.86334" lon="7.21576">
        <ele>251.0</ele>
      </trkpt>
      <trkpt lat="47.86328" lon="7.21576">
        <ele>251.2</ele>
      </trkpt>
      <trkpt lat="47.86321" lon="7.21575">
        <ele>251.4</ele>
      </trkpt>
      <trkpt lat="47.86281" lon="7.2157">
        <ele>252.8</ele>
      </trkpt>
      <trkpt lat="47.86275" lon="7.21569">
        <ele>253.0</ele>
      </trkpt>
      <trkpt lat="47.86269" lon="7.21571">
        <ele>253.2</ele>
      </trkpt>
      <trkpt lat="47.86266" lon="7.21577">
        <ele>253.4</ele>
      </trkpt>
      <trkpt lat="47.8626" lon="7.21622">
        <ele>252.8</ele>
      </trkpt>
      <trkpt lat="47.86257" lon="7.21628">
        <ele>252.7</ele>
      </trkpt>
      <trkpt lat="47.86234" lon="7.21651">
        <ele>252.6</ele>
      </trkpt>
      <trkpt lat="47.86227" lon="7.21663">
        <ele>252.4</ele>
      </trkpt>
      <trkpt lat="47.86223" lon="7.21675">
        <ele>252.2</ele>
      </trkpt>
      <trkpt lat="47.86215" lon="7.21699">
        <ele>252.0</ele>
      </trkpt>
      <trkpt lat="47.86207" lon="7.21721">
        <ele>251.9</ele>
      </trkpt>
      <trkpt lat="47.86203" lon="7.21727">
        <ele>251.8</ele>
      </trkpt>
      <trkpt lat="47.86198" lon="7.2173">
        <ele>251.9</ele>
      </trkpt>
      <trkpt lat="47.86194" lon="7.2173">
        <ele>251.9</ele>
      </trkpt>
      <trkpt lat="47.86152" lon="7.21689">
        <ele>252.9</ele>
      </trkpt>
      <trkpt lat="47.86138" lon="7.21682">
        <ele>253.1</ele>
      </trkpt>
      <trkpt lat="47.86133" lon="7.21681">
        <ele>253.2</ele>
      </trkpt>
      <trkpt lat="47.86066" lon="7.2167">
        <ele>254.3</ele>
      </trkpt>
      <trkpt lat="47.86061" lon="7.21671">
        <ele>254.5</ele>
      </trkpt>
      <trkpt lat="47.86056" lon="7.21673">
        <ele>254.5</ele>
      </trkpt>
      <trkpt lat="47.8605" lon="7.21664">
        <ele>254.9</ele>
      </trkpt>
      <trkpt lat="47.86042" lon="7.21658">
        <ele>255.1</ele>
      </trkpt>
      <trkpt lat="47.86028" lon="7.21651">
        <ele>255.7</ele>
      </trkpt>
      <trkpt lat="47.85997" lon="7.21642">
        <ele>256.8</ele>
      </trkpt>
      <trkpt lat="47.85987" lon="7.2164">
        <ele>257.7</ele>
      </trkpt>
      <trkpt lat="47.85928" lon="7.21632">
        <ele>262.6</ele>
      </trkpt>
      <trkpt lat="47.85897" lon="7.21633">
        <ele>264.0</ele>
      </trkpt>
      <trkpt lat="47.85829" lon="7.21649">
        <ele>266.3</ele>
      </trkpt>
      <trkpt lat="47.85809" lon="7.21652">
        <ele>266.2</ele>
      </trkpt>
      <trkpt lat="47.85743" lon="7.21652">
        <ele>265.4</ele>
      </trkpt>
      <trkpt lat="47.85727" lon="7.21655">
        <ele>265.5</ele>
      </trkpt>
      <trkpt lat="47.85718" lon="7.2166">
        <ele>265.7</ele>
      </trkpt>
      <trkpt lat="47.8571" lon="7.21679">
        <ele>265.9</ele>
      </trkpt>
      <trkpt lat="47.85704" lon="7.21706">
        <ele>265.7</ele>
      </trkpt>
      <trkpt lat="47.85691" lon="7.21773">
        <ele>263.9</ele>
      </trkpt>
      <trkpt lat="47.85675" lon="7.21851">
        <ele>260.7</ele>
      </trkpt>
      <trkpt lat="47.85659" lon="7.21955">
        <ele>261.1</ele>
      </trkpt>
      <trkpt lat="47.85653" lon="7.21968">
        <ele>261.0</ele>
      </trkpt>
      <trkpt lat="47.85646" lon="7.21975">
        <ele>260.7</ele>
      </trkpt>
      <trkpt lat="47.85636" lon="7.21976">
        <ele>260.2</ele>
      </trkpt>
      <trkpt lat="47.85624" lon="7.21972">
        <ele>259.6</ele>
      </trkpt>
      <trkpt lat="47.85569" lon="7.21936">
        <ele>256.8</ele>
      </trkpt>
      <trkpt lat="47.8556" lon="7.21937">
        <ele>256.5</ele>
      </trkpt>
      <trkpt lat="47.85551" lon="7.21946">
        <ele>256.3</ele>
      </trkpt>
      <trkpt lat="47.85539" lon="7.21965">
        <ele>256.3</ele>
      </trkpt>
      <trkpt lat="47.855" lon="7.22045">
        <ele>256.5</ele>
      </trkpt>
      <trkpt lat="47.85462" lon="7.22124">
        <ele>255.6</ele>
      </trkpt>
      <trkpt lat="47.85442" lon="7.22158">
        <ele>255.5</ele>
      </trkpt>
      <trkpt lat="47.85429" lon="7.2217">
        <ele>255.3</ele>
      </trkpt>
      <trkpt lat="47.85416" lon="7.22177">
        <ele>255.0</ele>
      </trkpt>
      <trkpt lat="47.85408" lon="7.2218">
        <ele>254.9</ele>
      </trkpt>
      <trkpt lat="47.85393" lon="7.22176">
        <ele>254.7</ele>
      </trkpt>
      <trkpt lat="47.85369" lon="7.22163">
        <ele>254.3</ele>
      </trkpt>
      <trkpt lat="47.85325" lon="7.22121">
        <ele>252.7</ele>
      </trkpt>
      <trkpt lat="47.85272" lon="7.22062">
        <ele>251.4</ele>
      </trkpt>
      <trkpt lat="47.8525" lon="7.22035">
        <ele>251.6</ele>
      </trkpt>
      <trkpt lat="47.85225" lon="7.21989">
        <ele>252.7</ele>
      </trkpt>
      <trkpt lat="47.85196" lon="7.21945">
        <ele>253.5</ele>
      </trkpt>
      <trkpt lat="47.85192" lon="7.21951">
        <ele>253.6</ele>
      </trkpt>
      <trkpt lat="47.85149" lon="7.22062">
        <ele>253.9</ele>
      </trkpt>
      <trkpt lat="47.85107" lon="7.22158">
        <ele>253.9</ele>
      </trkpt>
      <trkpt lat="47.85078" lon="7.22225">
        <ele>252.6</ele>
      </trkpt>
      <trkpt lat="47.85057" lon="7.22271">
        <ele>251.8</ele>
      </trkpt>
      <trkpt lat="47.85025" lon="7.22239">
        <ele>252.3</ele>
      </trkpt>
      <trkpt lat="47.84988" lon="7.22204">
        <ele>252.8</ele>
      </trkpt>
      <trkpt lat="47.84971" lon="7.22194">
        <ele>252.7</ele>
      </trkpt>
      <trkpt lat="47.84952" lon="7.22184">
        <ele>252.4</ele>
      </trkpt>
      <trkpt lat="47.84935" lon="7.22173">
        <ele>252.3</ele>
      </trkpt>
      <trkpt lat="47.84912" lon="7.22152">
        <ele>252.5</ele>
      </trkpt>
      <trkpt lat="47.84889" lon="7.2213">
        <ele>253.2</ele>
      </trkpt>
      <trkpt lat="47.84872" lon="7.22111">
        <ele>253.6</ele>
      </trkpt>
      <trkpt lat="47.84868" lon="7.22109">
        <ele>253.7</ele>
      </trkpt>
      <trkpt lat="47.84864" lon="7.2211">
        <ele>253.6</ele>
      </trkpt>
      <trkpt lat="47.84816" lon="7.22179">
        <ele>251.9</ele>
      </trkpt>
      <trkpt lat="47.84806" lon="7.22188">
        <ele>251.7</ele>
      </trkpt>
      <trkpt lat="47.84795" lon="7.22193">
        <ele>251.7</ele>
      </trkpt>
      <trkpt lat="47.84785" lon="7.22191">
        <ele>251.8</ele>
      </trkpt>
      <trkpt lat="47.8474" lon="7.22145">
        <ele>253.1</ele>
      </trkpt>
      <trkpt lat="47.84735" lon="7.22158">
        <ele>252.9</ele>
      </trkpt>
      <trkpt lat="47.84709" lon="7.22152">
        <ele>252.6</ele>
      </trkpt>
      <trkpt lat="47.84688" lon="7.22142">
        <ele>252.3</ele>
      </trkpt>
      <trkpt lat="47.8461" lon="7.22098">
        <ele>252.6</ele>
      </trkpt>
      <trkpt lat="47.8454" lon="7.22062">
        <ele>252.9</ele>
      </trkpt>
      <trkpt lat="47.84474" lon="7.22031">
        <ele>252.1</ele>
      </trkpt>
      <trkpt lat="47.84456" lon="7.22025">
        <ele>252.0</ele>
      </trkpt>
      <trkpt lat="47.84437" lon="7.22021">
        <ele>251.9</ele>
      </trkpt>
      <trkpt lat="47.84414" lon="7.22018">
        <ele>251.8</ele>
      </trkpt>
      <trkpt lat="47.84399" lon="7.22018">
        <ele>251.8</ele>
      </trkpt>
      <trkpt lat="47.84371" lon="7.2202">
        <ele>251.8</ele>
      </trkpt>
      <trkpt lat="47.84356" lon="7.22023">
        <ele>251.7</ele>
      </trkpt>
      <trkpt lat="47.84334" lon="7.22023">
        <ele>251.7</ele>
      </trkpt>
      <trkpt lat="47.84325" lon="7.22026">
        <ele>251.7</ele>
      </trkpt>
      <trkpt lat="47.84321" lon="7.22012">
        <ele>251.9</ele>
      </trkpt>
      <trkpt lat="47.84317" lon="7.22009">
        <ele>251.9</ele>
      </trkpt>
      <trkpt lat="47.84295" lon="7.22007">
        <ele>251.9</ele>
      </trkpt>
      <trkpt lat="47.84278" lon="7.22">
        <ele>252.0</ele>
      </trkpt>
      <trkpt lat="47.84253" lon="7.2199">
        <ele>252.0</ele>
      </trkpt>
      <trkpt lat="47.84237" lon="7.21978">
        <ele>252.0</ele>
      </trkpt>
      <trkpt lat="47.84203" lon="7.21937">
        <ele>252.0</ele>
      </trkpt>
      <trkpt lat="47.84155" lon="7.21864">
        <ele>252.7</ele>
      </trkpt>
      <trkpt lat="47.84097" lon="7.21797">
        <ele>253.8</ele>
      </trkpt>
      <trkpt lat="47.84038" lon="7.2173">
        <ele>254.7</ele>
      </trkpt>
      <trkpt lat="47.83989" lon="7.21667">
        <ele>255.0</ele>
      </trkpt>
      <trkpt lat="47.83941" lon="7.21604">
        <ele>254.8</ele>
      </trkpt>
      <trkpt lat="47.83894" lon="7.21543">
        <ele>256.4</ele>
      </trkpt>
      <trkpt lat="47.83847" lon="7.21482">
        <ele>258.2</ele>
      </trkpt>
      <trkpt lat="47.83834" lon="7.21468">
        <ele>258.8</ele>
      </trkpt>
      <trkpt lat="47.838" lon="7.21529">
        <ele>258.0</ele>
      </trkpt>
      <trkpt lat="47.83767" lon="7.2159">
        <ele>257.6</ele>
      </trkpt>
      <trkpt lat="47.83724" lon="7.21671">
        <ele>256.6</ele>
      </trkpt>
      <trkpt lat="47.83682" lon="7.21752">
        <ele>257.0</ele>
      </trkpt>
      <trkpt lat="47.83636" lon="7.21839">
        <ele>255.3</ele>
      </trkpt>
      <trkpt lat="47.83591" lon="7.21926">
        <ele>255.9</ele>
      </trkpt>
      <trkpt lat="47.83545" lon="7.22013">
        <ele>257.4</ele>
      </trkpt>
      <trkpt lat="47.8354" lon="7.22018">
        <ele>257.4</ele>
      </trkpt>
      <trkpt lat="47.83529" lon="7.21988">
        <ele>257.6</ele>
      </trkpt>
      <trkpt lat="47.83514" lon="7.2196">
        <ele>257.8</ele>
      </trkpt>
      <trkpt lat="47.83472" lon="7.21894">
        <ele>259.6</ele>
      </trkpt>
      <trkpt lat="47.8343" lon="7.21829">
        <ele>262.5</ele>
      </trkpt>
      <trkpt lat="47.83387" lon="7.21782">
        <ele>262.1</ele>
      </trkpt>
      <trkpt lat="47.83343" lon="7.21736">
        <ele>262.0</ele>
      </trkpt>
      <trkpt lat="47.83302" lon="7.21691">
        <ele>261.9</ele>
      </trkpt>
      <trkpt lat="47.83261" lon="7.21647">
        <ele>262.4</ele>
      </trkpt>
      <trkpt lat="47.83206" lon="7.21587">
        <ele>262.4</ele>
      </trkpt>
      <trkpt lat="47.83152" lon="7.21526">
        <ele>262.0</ele>
      </trkpt>
      <trkpt lat="47.83098" lon="7.21466">
        <ele>262.1</ele>
      </trkpt>
      <trkpt lat="47.83044" lon="7.21405">
        <ele>262.0</ele>
      </trkpt>
      <trkpt lat="47.82989" lon="7.21346">
        <ele>263.2</ele>
      </trkpt>
      <trkpt lat="47.82934" lon="7.21286">
        <ele>265.3</ele>
      </trkpt>
      <trkpt lat="47.82879" lon="7.21226">
        <ele>266.4</ele>
      </trkpt>
      <trkpt lat="47.82824" lon="7.21166">
        <ele>267.2</ele>
      </trkpt>
      <trkpt lat="47.82776" lon="7.21064">
        <ele>269.1</ele>
      </trkpt>
      <trkpt lat="47.82728" lon="7.20961">
        <ele>269.5</ele>
      </trkpt>
      <trkpt lat="47.8268" lon="7.20858">
        <ele>270.6</ele>
      </trkpt>
      <trkpt lat="47.82659" lon="7.20809">
        <ele>271.3</ele>
      </trkpt>
      <trkpt lat="47.82657" lon="7.208">
        <ele>271.4</ele>
      </trkpt>
      <trkpt lat="47.82661" lon="7.20793">
        <ele>271.5</ele>
      </trkpt>
      <trkpt lat="47.82727" lon="7.20722">
        <ele>271.7</ele>
      </trkpt>
      <trkpt lat="47.82794" lon="7.20651">
        <ele>271.5</ele>
      </trkpt>
      <trkpt lat="47.8286" lon="7.2058">
        <ele>271.4</ele>
      </trkpt>
      <trkpt lat="47.82927" lon="7.20509">
        <ele>271.9</ele>
      </trkpt>
      <trkpt lat="47.82979" lon="7.20444">
        <ele>272.9</ele>
      </trkpt>
      <trkpt lat="47.83032" lon="7.20379">
        <ele>274.2</ele>
      </trkpt>
      <trkpt lat="47.83084" lon="7.20314">
        <ele>275.3</ele>
      </trkpt>
      <trkpt lat="47.83129" lon="7.20267">
        <ele>277.3</ele>
      </trkpt>
      <trkpt lat="47.83137" lon="7.20251">
        <ele>277.9</ele>
      </trkpt>
      <trkpt lat="47.83141" lon="7.20235">
        <ele>278.6</ele>
      </trkpt>
      <trkpt lat="47.83141" lon="7.20192">
        <ele>280.2</ele>
      </trkpt>
      <trkpt lat="47.83139" lon="7.20167">
        <ele>281.0</ele>
      </trkpt>
      <trkpt lat="47.83134" lon="7.20141">
        <ele>281.1</ele>
      </trkpt>
      <trkpt lat="47.83096" lon="7.2004">
        <ele>282.0</ele>
      </trkpt>
      <trkpt lat="47.83091" lon="7.20023">
        <ele>282.4</ele>
      </trkpt>
      <trkpt lat="47.83082" lon="7.20015">
        <ele>282.5</ele>
      </trkpt>
      <trkpt lat="47.83033" lon="7.19926">
        <ele>283.6</ele>
      </trkpt>
      <trkpt lat="47.82984" lon="7.19837">
        <ele>284.5</ele>
      </trkpt>
      <trkpt lat="47.82964" lon="7.19806">
        <ele>284.5</ele>
      </trkpt>
      <trkpt lat="47.82925" lon="7.19723">
        <ele>284.8</ele>
      </trkpt>
      <trkpt lat="47.82886" lon="7.1964">
        <ele>286.5</ele>
      </trkpt>
      <trkpt lat="47.82837" lon="7.19532">
        <ele>288.3</ele>
      </trkpt>
      <trkpt lat="47.82781" lon="7.19456">
        <ele>288.3</ele>
      </trkpt>
      <trkpt lat="47.82734" lon="7.19399">
        <ele>288.4</ele>
      </trkpt>
      <trkpt lat="47.82713" lon="7.19356">
        <ele>288.8</ele>
      </trkpt>
      <trkpt lat="47.8269" lon="7.19309">
        <ele>289.2</ele>
      </trkpt>
      <trkpt lat="47.82658" lon="7.19234">
        <ele>290.3</ele>
      </trkpt>
      <trkpt lat="47.82652" lon="7.19226">
        <ele>290.3</ele>
      </trkpt>
      <trkpt lat="47.82615" lon="7.19191">
        <ele>290.4</ele>
      </trkpt>
      <trkpt lat="47.82584" lon="7.19164">
        <ele>290.1</ele>
      </trkpt>
      <trkpt lat="47.82527" lon="7.1912">
        <ele>291.6</ele>
      </trkpt>
      <trkpt lat="47.82499" lon="7.19094">
        <ele>291.8</ele>
      </trkpt>
      <trkpt lat="47.82424" lon="7.1902">
        <ele>290.0</ele>
      </trkpt>
      <trkpt lat="47.82372" lon="7.18986">
        <ele>289.8</ele>
      </trkpt>
      <trkpt lat="47.82325" lon="7.1894">
        <ele>290.3</ele>
      </trkpt>
      <trkpt lat="47.82262" lon="7.18861">
        <ele>289.3</ele>
      </trkpt>
      <trkpt lat="47.82231" lon="7.18818">
        <ele>289.0</ele>
      </trkpt>
      <trkpt lat="47.82198" lon="7.18765">
        <ele>289.7</ele>
      </trkpt>
      <trkpt lat="47.82186" lon="7.1874">
        <ele>290.3</ele>
      </trkpt>
      <trkpt lat="47.82178" lon="7.18728">
        <ele>290.8</ele>
      </trkpt>
      <trkpt lat="47.82123" lon="7.18684">
        <ele>291.4</ele>
      </trkpt>
      <trkpt lat="47.82068" lon="7.18641">
        <ele>291.4</ele>
      </trkpt>
      <trkpt lat="47.82013" lon="7.18598">
        <ele>291.8</ele>
      </trkpt>
      <trkpt lat="47.81951" lon="7.18551">
        <ele>291.8</ele>
      </trkpt>
      <trkpt lat="47.81928" lon="7.1853">
        <ele>292.1</ele>
      </trkpt>
      <trkpt lat="47.81914" lon="7.18513">
        <ele>292.5</ele>
      </trkpt>
      <trkpt lat="47.819" lon="7.18492">
        <ele>293.0</ele>
      </trkpt>
      <trkpt lat="47.81895" lon="7.18488">
        <ele>293.0</ele>
      </trkpt>
      <trkpt lat="47.81891" lon="7.18486">
        <ele>293.0</ele>
      </trkpt>
      <trkpt lat="47.81881" lon="7.18485">
        <ele>292.9</ele>
      </trkpt>
      <trkpt lat="47.8183" lon="7.18469">
        <ele>292.6</ele>
      </trkpt>
      <trkpt lat="47.81779" lon="7.18454">
        <ele>291.2</ele>
      </trkpt>
      <trkpt lat="47.81756" lon="7.18446">
        <ele>290.5</ele>
      </trkpt>
      <trkpt lat="47.81734" lon="7.18441">
        <ele>289.9</ele>
      </trkpt>
      <trkpt lat="47.81718" lon="7.1844">
        <ele>289.4</ele>
      </trkpt>
      <trkpt lat="47.81685" lon="7.18444">
        <ele>288.3</ele>
      </trkpt>
      <trkpt lat="47.81657" lon="7.18454">
        <ele>287.7</ele>
      </trkpt>
      <trkpt lat="47.81649" lon="7.18384">
        <ele>289.3</ele>
      </trkpt>
      <trkpt lat="47.81649" lon="7.18368">
        <ele>289.9</ele>
      </trkpt>
      <trkpt lat="47.81655" lon="7.18333">
        <ele>291.0</ele>
      </trkpt>
      <trkpt lat="47.81677" lon="7.18205">
        <ele>294.5</ele>
      </trkpt>
      <trkpt lat="47.81689" lon="7.18123">
        <ele>297.3</ele>
      </trkpt>
      <trkpt lat="47.81694" lon="7.18108">
        <ele>297.7</ele>
      </trkpt>
      <trkpt lat="47.81706" lon="7.18092">
        <ele>298.3</ele>
      </trkpt>
      <trkpt lat="47.81766" lon="7.18034">
        <ele>300.9</ele>
      </trkpt>
      <trkpt lat="47.81787" lon="7.18014">
        <ele>301.7</ele>
      </trkpt>
      <trkpt lat="47.81758" lon="7.17951">
        <ele>301.2</ele>
      </trkpt>
      <trkpt lat="47.81737" lon="7.17911">
        <ele>300.3</ele>
      </trkpt>
      <trkpt lat="47.81693" lon="7.17843">
        <ele>298.0</ele>
      </trkpt>
      <trkpt lat="47.81672" lon="7.17823">
        <ele>297.1</ele>
      </trkpt>
      <trkpt lat="47.81649" lon="7.17813">
        <ele>296.4</ele>
      </trkpt>
      <trkpt lat="47.81632" lon="7.1781">
        <ele>296.0</ele>
      </trkpt>
      <trkpt lat="47.81602" lon="7.17811">
        <ele>295.4</ele>
      </trkpt>
      <trkpt lat="47.81547" lon="7.17817">
        <ele>294.9</ele>
      </trkpt>
      <trkpt lat="47.81507" lon="7.17825">
        <ele>294.9</ele>
      </trkpt>
      <trkpt lat="47.81489" lon="7.17829">
        <ele>294.8</ele>
      </trkpt>
      <trkpt lat="47.81486" lon="7.17826">
        <ele>294.8</ele>
      </trkpt>
      <trkpt lat="47.81483" lon="7.17825">
        <ele>294.7</ele>
      </trkpt>
      <trkpt lat="47.81479" lon="7.17824">
        <ele>294.7</ele>
      </trkpt>
      <trkpt lat="47.81476" lon="7.17826">
        <ele>294.6</ele>
      </trkpt>
      <trkpt lat="47.81471" lon="7.17821">
        <ele>294.6</ele>
      </trkpt>
      <trkpt lat="47.81462" lon="7.17814">
        <ele>294.4</ele>
      </trkpt>
      <trkpt lat="47.81436" lon="7.178">
        <ele>294.1</ele>
      </trkpt>
      <trkpt lat="47.81395" lon="7.17781">
        <ele>293.9</ele>
      </trkpt>
      <trkpt lat="47.8137" lon="7.17765">
        <ele>293.9</ele>
      </trkpt>
      <trkpt lat="47.8132" lon="7.17731">
        <ele>294.2</ele>
      </trkpt>
      <trkpt lat="47.813" lon="7.17721">
        <ele>294.5</ele>
      </trkpt>
      <trkpt lat="47.81262" lon="7.17702">
        <ele>295.4</ele>
      </trkpt>
      <trkpt lat="47.81211" lon="7.17681">
        <ele>295.8</ele>
      </trkpt>
      <trkpt lat="47.81144" lon="7.17657">
        <ele>296.0</ele>
      </trkpt>
      <trkpt lat="47.81134" lon="7.17657">
        <ele>296.0</ele>
      </trkpt>
      <trkpt lat="47.81125" lon="7.17658">
        <ele>296.0</ele>
      </trkpt>
      <trkpt lat="47.81099" lon="7.17666">
        <ele>296.0</ele>
      </trkpt>
      <trkpt lat="47.8109" lon="7.17666">
        <ele>296.0</ele>
      </trkpt>
      <trkpt lat="47.81033" lon="7.17636">
        <ele>296.5</ele>
      </trkpt>
      <trkpt lat="47.80991" lon="7.17614">
        <ele>296.7</ele>
      </trkpt>
      <trkpt lat="47.80981" lon="7.17601">
        <ele>297.1</ele>
      </trkpt>
      <trkpt lat="47.80968" lon="7.17589">
        <ele>297.6</ele>
      </trkpt>
      <trkpt lat="47.8094" lon="7.1758">
        <ele>298.8</ele>
      </trkpt>
      <trkpt lat="47.80923" lon="7.17574">
        <ele>299.5</ele>
      </trkpt>
      <trkpt lat="47.80899" lon="7.17565">
        <ele>300.0</ele>
      </trkpt>
      <trkpt lat="47.8089" lon="7.17563">
        <ele>300.1</ele>
      </trkpt>
      <trkpt lat="47.80887" lon="7.17564">
        <ele>300.2</ele>
      </trkpt>
      <trkpt lat="47.80885" lon="7.17566">
        <ele>300.3</ele>
      </trkpt>
      <trkpt lat="47.80879" lon="7.17564">
        <ele>300.4</ele>
      </trkpt>
      <trkpt lat="47.8086" lon="7.17564">
        <ele>300.9</ele>
      </trkpt>
      <trkpt lat="47.80803" lon="7.17564">
        <ele>301.0</ele>
      </trkpt>
      <trkpt lat="47.80776" lon="7.17561">
        <ele>300.5</ele>
      </trkpt>
      <trkpt lat="47.80771" lon="7.1756">
        <ele>300.4</ele>
      </trkpt>
      <trkpt lat="47.80765" lon="7.17559">
        <ele>300.3</ele>
      </trkpt>
      <trkpt lat="47.80742" lon="7.17555">
        <ele>299.8</ele>
      </trkpt>
      <trkpt lat="47.80738" lon="7.17557">
        <ele>299.7</ele>
      </trkpt>
      <trkpt lat="47.80734" lon="7.17554">
        <ele>299.6</ele>
      </trkpt>
      <trkpt lat="47.80732" lon="7.17553">
        <ele>299.6</ele>
      </trkpt>
      <trkpt lat="47.80707" lon="7.17549">
        <ele>299.1</ele>
      </trkpt>
      <trkpt lat="47.80649" lon="7.17541">
        <ele>298.2</ele>
      </trkpt>
      <trkpt lat="47.80601" lon="7.17532">
        <ele>297.6</ele>
      </trkpt>
      <trkpt lat="47.80582" lon="7.17531">
        <ele>297.2</ele>
      </trkpt>
      <trkpt lat="47.80566" lon="7.17534">
        <ele>296.9</ele>
      </trkpt>
      <trkpt lat="47.80553" lon="7.17538">
        <ele>296.5</ele>
      </trkpt>
      <trkpt lat="47.80527" lon="7.17549">
        <ele>295.9</ele>
      </trkpt>
      <trkpt lat="47.8051" lon="7.17557">
        <ele>295.5</ele>
      </trkpt>
      <trkpt lat="47.80481" lon="7.17569">
        <ele>295.6</ele>
      </trkpt>
      <trkpt lat="47.80476" lon="7.17571">
        <ele>295.7</ele>
      </trkpt>
      <trkpt lat="47.80473" lon="7.17572">
        <ele>295.7</ele>
      </trkpt>
      <trkpt lat="47.80421" lon="7.17595">
        <ele>296.8</ele>
      </trkpt>
      <trkpt lat="47.80369" lon="7.17618">
        <ele>296.6</ele>
      </trkpt>
      <trkpt lat="47.80329" lon="7.17636">
        <ele>296.4</ele>
      </trkpt>
      <trkpt lat="47.80325" lon="7.17672">
        <ele>296.0</ele>
      </trkpt>
      <trkpt lat="47.80318" lon="7.17729">
        <ele>295.4</ele>
      </trkpt>
      <trkpt lat="47.80313" lon="7.17728">
        <ele>295.5</ele>
      </trkpt>
      <trkpt lat="47.8028" lon="7.17756">
        <ele>295.6</ele>
      </trkpt>
      <trkpt lat="47.80223" lon="7.17805">
        <ele>295.9</ele>
      </trkpt>
      <trkpt lat="47.80169" lon="7.17845">
        <ele>296.0</ele>
      </trkpt>
      <trkpt lat="47.80125" lon="7.17877">
        <ele>296.2</ele>
      </trkpt>
      <trkpt lat="47.80081" lon="7.17908">
        <ele>296.0</ele>
      </trkpt>
      <trkpt lat="47.80055" lon="7.17924">
        <ele>295.3</ele>
      </trkpt>
      <trkpt lat="47.8004" lon="7.1793">
        <ele>294.9</ele>
      </trkpt>
      <trkpt lat="47.80002" lon="7.17939">
        <ele>294.0</ele>
      </trkpt>
      <trkpt lat="47.79915" lon="7.17937">
        <ele>294.0</ele>
      </trkpt>
      <trkpt lat="47.79885" lon="7.1794">
        <ele>294.9</ele>
      </trkpt>
      <trkpt lat="47.798" lon="7.1795">
        <ele>295.4</ele>
      </trkpt>
      <trkpt lat="47.79781" lon="7.17954">
        <ele>294.8</ele>
      </trkpt>
      <trkpt lat="47.79743" lon="7.17958">
        <ele>294.1</ele>
      </trkpt>
      <trkpt lat="47.79744" lon="7.17946">
        <ele>294.3</ele>
      </trkpt>
      <trkpt lat="47.7976" lon="7.17886">
        <ele>295.2</ele>
      </trkpt>
    </trkseg>
  </trk>
</gpx>
