<?xml version="1.0" encoding="UTF-8"?>
<gpx xmlns:gpxdata="http://www.cluetrust.com/XML/GPXDATA/1/0" xmlns:xsi="http://www.w3.org/2001/XMLSchema-instance" xmlns="http://www.topografix.com/GPX/1/1" version="1.1" creator="http://ridewithgps.com/" xsi:schemaLocation="http://www.topografix.com/GPX/1/1 http://www.topografix.com/GPX/1/1/gpx.xsd http://www.cluetrust.com/XML/GPXDATA/1/0 http://www.cluetrust.com/Schemas/gpxdata10.xsd">
  <metadata>
    <name>Jour 06 — Barr @ Colmar</name>
    <link href="https://ridewithgps.com/routes/56138400">
      <text>Jour 06 — Barr @ Colmar</text>
    </link>
    <time>2026-07-15T07:27:02Z</time>
  </metadata>
  <trk>
    <name>Jour 06 — Barr @ Colmar</name>
    <trkseg>
      <trkpt lat="48.40818" lon="7.44988">
        <ele>208.2</ele>
      </trkpt>
      <trkpt lat="48.40795" lon="7.44996">
        <ele>207.6</ele>
      </trkpt>
      <trkpt lat="48.40778" lon="7.44959">
        <ele>208.2</ele>
      </trkpt>
      <trkpt lat="48.40776" lon="7.44943">
        <ele>208.4</ele>
      </trkpt>
      <trkpt lat="48.40778" lon="7.44924">
        <ele>208.8</ele>
      </trkpt>
      <trkpt lat="48.40784" lon="7.44893">
        <ele>209.2</ele>
      </trkpt>
      <trkpt lat="48.40785" lon="7.44883">
        <ele>209.3</ele>
      </trkpt>
      <trkpt lat="48.40785" lon="7.44872">
        <ele>209.3</ele>
      </trkpt>
      <trkpt lat="48.40784" lon="7.44872">
        <ele>209.2</ele>
      </trkpt>
      <trkpt lat="48.40775" lon="7.44874">
        <ele>208.9</ele>
      </trkpt>
      <trkpt lat="48.40737" lon="7.44889">
        <ele>208.4</ele>
      </trkpt>
      <trkpt lat="48.40733" lon="7.44904">
        <ele>208.4</ele>
      </trkpt>
      <trkpt lat="48.40729" lon="7.44912">
        <ele>208.5</ele>
      </trkpt>
      <trkpt lat="48.40707" lon="7.44935">
        <ele>208.7</ele>
      </trkpt>
      <trkpt lat="48.40701" lon="7.44938">
        <ele>208.8</ele>
      </trkpt>
      <trkpt lat="48.40693" lon="7.44935">
        <ele>209.0</ele>
      </trkpt>
      <trkpt lat="48.40686" lon="7.44931">
        <ele>209.2</ele>
      </trkpt>
      <trkpt lat="48.40679" lon="7.44929">
        <ele>209.4</ele>
      </trkpt>
      <trkpt lat="48.4066" lon="7.44928">
        <ele>209.8</ele>
      </trkpt>
      <trkpt lat="48.40593" lon="7.44915">
        <ele>210.9</ele>
      </trkpt>
      <trkpt lat="48.40581" lon="7.44912">
        <ele>211.2</ele>
      </trkpt>
      <trkpt lat="48.40572" lon="7.44909">
        <ele>211.7</ele>
      </trkpt>
      <trkpt lat="48.40566" lon="7.44905">
        <ele>212.0</ele>
      </trkpt>
      <trkpt lat="48.40559" lon="7.44916">
        <ele>212.2</ele>
      </trkpt>
      <trkpt lat="48.40496" lon="7.44939">
        <ele>214.8</ele>
      </trkpt>
      <trkpt lat="48.40442" lon="7.44949">
        <ele>219.8</ele>
      </trkpt>
      <trkpt lat="48.40388" lon="7.44959">
        <ele>223.9</ele>
      </trkpt>
      <trkpt lat="48.40324" lon="7.44963">
        <ele>227.8</ele>
      </trkpt>
      <trkpt lat="48.40261" lon="7.44967">
        <ele>230.7</ele>
      </trkpt>
      <trkpt lat="48.40195" lon="7.44966">
        <ele>229.8</ele>
      </trkpt>
      <trkpt lat="48.40111" lon="7.44954">
        <ele>225.8</ele>
      </trkpt>
      <trkpt lat="48.40076" lon="7.44943">
        <ele>224.1</ele>
      </trkpt>
      <trkpt lat="48.40026" lon="7.44931">
        <ele>223.0</ele>
      </trkpt>
      <trkpt lat="48.40017" lon="7.44928">
        <ele>222.8</ele>
      </trkpt>
      <trkpt lat="48.40009" lon="7.44921">
        <ele>223.0</ele>
      </trkpt>
      <trkpt lat="48.3998" lon="7.44882">
        <ele>224.4</ele>
      </trkpt>
      <trkpt lat="48.39942" lon="7.44839">
        <ele>225.8</ele>
      </trkpt>
      <trkpt lat="48.39908" lon="7.44808">
        <ele>226.3</ele>
      </trkpt>
      <trkpt lat="48.39844" lon="7.44752">
        <ele>224.0</ele>
      </trkpt>
      <trkpt lat="48.39792" lon="7.44713">
        <ele>222.1</ele>
      </trkpt>
      <trkpt lat="48.39779" lon="7.44696">
        <ele>222.1</ele>
      </trkpt>
      <trkpt lat="48.39764" lon="7.44671">
        <ele>222.5</ele>
      </trkpt>
      <trkpt lat="48.39746" lon="7.44631">
        <ele>224.1</ele>
      </trkpt>
      <trkpt lat="48.39715" lon="7.44578">
        <ele>226.1</ele>
      </trkpt>
      <trkpt lat="48.39706" lon="7.44567">
        <ele>226.3</ele>
      </trkpt>
      <trkpt lat="48.39696" lon="7.44557">
        <ele>226.2</ele>
      </trkpt>
      <trkpt lat="48.39686" lon="7.44551">
        <ele>225.9</ele>
      </trkpt>
      <trkpt lat="48.39655" lon="7.44536">
        <ele>225.4</ele>
      </trkpt>
      <trkpt lat="48.3964" lon="7.4453">
        <ele>225.8</ele>
      </trkpt>
      <trkpt lat="48.3963" lon="7.44528">
        <ele>225.9</ele>
      </trkpt>
      <trkpt lat="48.39592" lon="7.44535">
        <ele>225.0</ele>
      </trkpt>
      <trkpt lat="48.39566" lon="7.44537">
        <ele>225.4</ele>
      </trkpt>
      <trkpt lat="48.39546" lon="7.44536">
        <ele>226.1</ele>
      </trkpt>
      <trkpt lat="48.39526" lon="7.44533">
        <ele>226.9</ele>
      </trkpt>
      <trkpt lat="48.395" lon="7.44526">
        <ele>228.1</ele>
      </trkpt>
      <trkpt lat="48.39505" lon="7.44504">
        <ele>228.7</ele>
      </trkpt>
      <trkpt lat="48.39512" lon="7.44484">
        <ele>228.9</ele>
      </trkpt>
      <trkpt lat="48.39502" lon="7.44474">
        <ele>229.0</ele>
      </trkpt>
      <trkpt lat="48.39495" lon="7.44464">
        <ele>228.3</ele>
      </trkpt>
      <trkpt lat="48.39491" lon="7.44454">
        <ele>227.8</ele>
      </trkpt>
      <trkpt lat="48.39483" lon="7.44433">
        <ele>226.8</ele>
      </trkpt>
      <trkpt lat="48.39477" lon="7.44428">
        <ele>226.0</ele>
      </trkpt>
      <trkpt lat="48.39451" lon="7.44411">
        <ele>222.5</ele>
      </trkpt>
      <trkpt lat="48.39447" lon="7.44403">
        <ele>221.9</ele>
      </trkpt>
      <trkpt lat="48.39443" lon="7.44375">
        <ele>221.3</ele>
      </trkpt>
      <trkpt lat="48.39439" lon="7.44361">
        <ele>220.8</ele>
      </trkpt>
      <trkpt lat="48.39425" lon="7.44343">
        <ele>219.0</ele>
      </trkpt>
      <trkpt lat="48.39405" lon="7.44325">
        <ele>216.5</ele>
      </trkpt>
      <trkpt lat="48.39387" lon="7.44311">
        <ele>214.3</ele>
      </trkpt>
      <trkpt lat="48.39369" lon="7.443">
        <ele>212.4</ele>
      </trkpt>
      <trkpt lat="48.39358" lon="7.44291">
        <ele>211.4</ele>
      </trkpt>
      <trkpt lat="48.3935" lon="7.44284">
        <ele>210.7</ele>
      </trkpt>
      <trkpt lat="48.39333" lon="7.44263">
        <ele>209.7</ele>
      </trkpt>
      <trkpt lat="48.39322" lon="7.44251">
        <ele>209.4</ele>
      </trkpt>
      <trkpt lat="48.39277" lon="7.44225">
        <ele>207.4</ele>
      </trkpt>
      <trkpt lat="48.39232" lon="7.44198">
        <ele>205.7</ele>
      </trkpt>
      <trkpt lat="48.39179" lon="7.44169">
        <ele>205.1</ele>
      </trkpt>
      <trkpt lat="48.39166" lon="7.44169">
        <ele>205.0</ele>
      </trkpt>
      <trkpt lat="48.39158" lon="7.44116">
        <ele>204.9</ele>
      </trkpt>
      <trkpt lat="48.39157" lon="7.44077">
        <ele>205.1</ele>
      </trkpt>
      <trkpt lat="48.39161" lon="7.43988">
        <ele>208.1</ele>
      </trkpt>
      <trkpt lat="48.39161" lon="7.43951">
        <ele>208.5</ele>
      </trkpt>
      <trkpt lat="48.39153" lon="7.43866">
        <ele>209.2</ele>
      </trkpt>
      <trkpt lat="48.39148" lon="7.43819">
        <ele>209.7</ele>
      </trkpt>
      <trkpt lat="48.39141" lon="7.4379">
        <ele>210.3</ele>
      </trkpt>
      <trkpt lat="48.39117" lon="7.43714">
        <ele>211.3</ele>
      </trkpt>
      <trkpt lat="48.39113" lon="7.43698">
        <ele>211.4</ele>
      </trkpt>
      <trkpt lat="48.39106" lon="7.43675">
        <ele>211.3</ele>
      </trkpt>
      <trkpt lat="48.3909" lon="7.43553">
        <ele>213.6</ele>
      </trkpt>
      <trkpt lat="48.39073" lon="7.4343">
        <ele>219.6</ele>
      </trkpt>
      <trkpt lat="48.39061" lon="7.43348">
        <ele>223.2</ele>
      </trkpt>
      <trkpt lat="48.39049" lon="7.43266">
        <ele>227.5</ele>
      </trkpt>
      <trkpt lat="48.39028" lon="7.43159">
        <ele>231.1</ele>
      </trkpt>
      <trkpt lat="48.39024" lon="7.43129">
        <ele>232.3</ele>
      </trkpt>
      <trkpt lat="48.39016" lon="7.42995">
        <ele>237.8</ele>
      </trkpt>
      <trkpt lat="48.39007" lon="7.42861">
        <ele>242.1</ele>
      </trkpt>
      <trkpt lat="48.39004" lon="7.42836">
        <ele>242.4</ele>
      </trkpt>
      <trkpt lat="48.39001" lon="7.42817">
        <ele>243.7</ele>
      </trkpt>
      <trkpt lat="48.38998" lon="7.42799">
        <ele>245.0</ele>
      </trkpt>
      <trkpt lat="48.38992" lon="7.42774">
        <ele>246.5</ele>
      </trkpt>
      <trkpt lat="48.38984" lon="7.42749">
        <ele>247.4</ele>
      </trkpt>
      <trkpt lat="48.38949" lon="7.42661">
        <ele>247.9</ele>
      </trkpt>
      <trkpt lat="48.38944" lon="7.42643">
        <ele>247.4</ele>
      </trkpt>
      <trkpt lat="48.38929" lon="7.42579">
        <ele>245.6</ele>
      </trkpt>
      <trkpt lat="48.38916" lon="7.42523">
        <ele>245.2</ele>
      </trkpt>
      <trkpt lat="48.38899" lon="7.42449">
        <ele>244.0</ele>
      </trkpt>
      <trkpt lat="48.38879" lon="7.42373">
        <ele>240.8</ele>
      </trkpt>
      <trkpt lat="48.38847" lon="7.42267">
        <ele>235.3</ele>
      </trkpt>
      <trkpt lat="48.38829" lon="7.42217">
        <ele>233.5</ele>
      </trkpt>
      <trkpt lat="48.38819" lon="7.42192">
        <ele>233.5</ele>
      </trkpt>
      <trkpt lat="48.38783" lon="7.42093">
        <ele>233.4</ele>
      </trkpt>
      <trkpt lat="48.38776" lon="7.42075">
        <ele>232.9</ele>
      </trkpt>
      <trkpt lat="48.38767" lon="7.42056">
        <ele>232.0</ele>
      </trkpt>
      <trkpt lat="48.38758" lon="7.42041">
        <ele>230.7</ele>
      </trkpt>
      <trkpt lat="48.38746" lon="7.42023">
        <ele>229.1</ele>
      </trkpt>
      <trkpt lat="48.38683" lon="7.4195">
        <ele>226.3</ele>
      </trkpt>
      <trkpt lat="48.38676" lon="7.41943">
        <ele>226.0</ele>
      </trkpt>
      <trkpt lat="48.38653" lon="7.41921">
        <ele>225.1</ele>
      </trkpt>
      <trkpt lat="48.38625" lon="7.41891">
        <ele>226.4</ele>
      </trkpt>
      <trkpt lat="48.3862" lon="7.41881">
        <ele>226.8</ele>
      </trkpt>
      <trkpt lat="48.38612" lon="7.4186">
        <ele>227.7</ele>
      </trkpt>
      <trkpt lat="48.3861" lon="7.41852">
        <ele>228.0</ele>
      </trkpt>
      <trkpt lat="48.38609" lon="7.41836">
        <ele>228.6</ele>
      </trkpt>
      <trkpt lat="48.38609" lon="7.418">
        <ele>229.1</ele>
      </trkpt>
      <trkpt lat="48.38597" lon="7.41777">
        <ele>229.5</ele>
      </trkpt>
      <trkpt lat="48.38586" lon="7.41759">
        <ele>229.9</ele>
      </trkpt>
      <trkpt lat="48.38567" lon="7.4174">
        <ele>230.4</ele>
      </trkpt>
      <trkpt lat="48.38551" lon="7.41732">
        <ele>230.8</ele>
      </trkpt>
      <trkpt lat="48.38528" lon="7.41726">
        <ele>231.3</ele>
      </trkpt>
      <trkpt lat="48.38513" lon="7.41719">
        <ele>231.8</ele>
      </trkpt>
      <trkpt lat="48.38502" lon="7.41707">
        <ele>232.5</ele>
      </trkpt>
      <trkpt lat="48.38494" lon="7.41701">
        <ele>233.6</ele>
      </trkpt>
      <trkpt lat="48.38486" lon="7.41698">
        <ele>234.8</ele>
      </trkpt>
      <trkpt lat="48.3848" lon="7.417">
        <ele>235.5</ele>
      </trkpt>
      <trkpt lat="48.38472" lon="7.41707">
        <ele>236.3</ele>
      </trkpt>
      <trkpt lat="48.38435" lon="7.41772">
        <ele>237.1</ele>
      </trkpt>
      <trkpt lat="48.38392" lon="7.41827">
        <ele>240.7</ele>
      </trkpt>
      <trkpt lat="48.38385" lon="7.41842">
        <ele>241.2</ele>
      </trkpt>
      <trkpt lat="48.38357" lon="7.41912">
        <ele>242.6</ele>
      </trkpt>
      <trkpt lat="48.38336" lon="7.41996">
        <ele>242.6</ele>
      </trkpt>
      <trkpt lat="48.38322" lon="7.4206">
        <ele>239.5</ele>
      </trkpt>
      <trkpt lat="48.38292" lon="7.42173">
        <ele>229.9</ele>
      </trkpt>
      <trkpt lat="48.38283" lon="7.4221">
        <ele>230.3</ele>
      </trkpt>
      <trkpt lat="48.38279" lon="7.42242">
        <ele>230.6</ele>
      </trkpt>
      <trkpt lat="48.38277" lon="7.42279">
        <ele>230.8</ele>
      </trkpt>
      <trkpt lat="48.38273" lon="7.42308">
        <ele>231.2</ele>
      </trkpt>
      <trkpt lat="48.38265" lon="7.42328">
        <ele>232.2</ele>
      </trkpt>
      <trkpt lat="48.38242" lon="7.42354">
        <ele>235.7</ele>
      </trkpt>
      <trkpt lat="48.38231" lon="7.42372">
        <ele>238.1</ele>
      </trkpt>
      <trkpt lat="48.38222" lon="7.42392">
        <ele>240.0</ele>
      </trkpt>
      <trkpt lat="48.38217" lon="7.42413">
        <ele>241.0</ele>
      </trkpt>
      <trkpt lat="48.38204" lon="7.42508">
        <ele>244.0</ele>
      </trkpt>
      <trkpt lat="48.38191" lon="7.42603">
        <ele>246.1</ele>
      </trkpt>
      <trkpt lat="48.38179" lon="7.42655">
        <ele>246.9</ele>
      </trkpt>
      <trkpt lat="48.38176" lon="7.42678">
        <ele>246.9</ele>
      </trkpt>
      <trkpt lat="48.38176" lon="7.42733">
        <ele>245.8</ele>
      </trkpt>
      <trkpt lat="48.38174" lon="7.42834">
        <ele>248.7</ele>
      </trkpt>
      <trkpt lat="48.38171" lon="7.42935">
        <ele>250.5</ele>
      </trkpt>
      <trkpt lat="48.3817" lon="7.42948">
        <ele>250.6</ele>
      </trkpt>
      <trkpt lat="48.38165" lon="7.42958">
        <ele>251.1</ele>
      </trkpt>
      <trkpt lat="48.38157" lon="7.42962">
        <ele>251.4</ele>
      </trkpt>
      <trkpt lat="48.38144" lon="7.42966">
        <ele>251.9</ele>
      </trkpt>
      <trkpt lat="48.38099" lon="7.4297">
        <ele>253.5</ele>
      </trkpt>
      <trkpt lat="48.38053" lon="7.42974">
        <ele>253.2</ele>
      </trkpt>
      <trkpt lat="48.38026" lon="7.42971">
        <ele>252.7</ele>
      </trkpt>
      <trkpt lat="48.37966" lon="7.42954">
        <ele>253.8</ele>
      </trkpt>
      <trkpt lat="48.37918" lon="7.42939">
        <ele>255.8</ele>
      </trkpt>
      <trkpt lat="48.37877" lon="7.42921">
        <ele>254.2</ele>
      </trkpt>
      <trkpt lat="48.37856" lon="7.42908">
        <ele>253.5</ele>
      </trkpt>
      <trkpt lat="48.37786" lon="7.42859">
        <ele>256.5</ele>
      </trkpt>
      <trkpt lat="48.37776" lon="7.42854">
        <ele>256.9</ele>
      </trkpt>
      <trkpt lat="48.37762" lon="7.42854">
        <ele>256.6</ele>
      </trkpt>
      <trkpt lat="48.37711" lon="7.42895">
        <ele>251.9</ele>
      </trkpt>
      <trkpt lat="48.37691" lon="7.42909">
        <ele>250.9</ele>
      </trkpt>
      <trkpt lat="48.37663" lon="7.42918">
        <ele>250.9</ele>
      </trkpt>
      <trkpt lat="48.37605" lon="7.42932">
        <ele>250.6</ele>
      </trkpt>
      <trkpt lat="48.37552" lon="7.42962">
        <ele>253.3</ele>
      </trkpt>
      <trkpt lat="48.3753" lon="7.4297">
        <ele>255.2</ele>
      </trkpt>
      <trkpt lat="48.37512" lon="7.42975">
        <ele>256.9</ele>
      </trkpt>
      <trkpt lat="48.37478" lon="7.4298">
        <ele>259.6</ele>
      </trkpt>
      <trkpt lat="48.37457" lon="7.42984">
        <ele>261.2</ele>
      </trkpt>
      <trkpt lat="48.37408" lon="7.42999">
        <ele>264.3</ele>
      </trkpt>
      <trkpt lat="48.3736" lon="7.43013">
        <ele>265.7</ele>
      </trkpt>
      <trkpt lat="48.37346" lon="7.43016">
        <ele>266.1</ele>
      </trkpt>
      <trkpt lat="48.37296" lon="7.4302">
        <ele>267.9</ele>
      </trkpt>
      <trkpt lat="48.37246" lon="7.43024">
        <ele>269.3</ele>
      </trkpt>
      <trkpt lat="48.37192" lon="7.43031">
        <ele>268.0</ele>
      </trkpt>
      <trkpt lat="48.37139" lon="7.43038">
        <ele>266.3</ele>
      </trkpt>
      <trkpt lat="48.37053" lon="7.43052">
        <ele>264.1</ele>
      </trkpt>
      <trkpt lat="48.36967" lon="7.43066">
        <ele>264.6</ele>
      </trkpt>
      <trkpt lat="48.36881" lon="7.43079">
        <ele>266.5</ele>
      </trkpt>
      <trkpt lat="48.36795" lon="7.43093">
        <ele>267.6</ele>
      </trkpt>
      <trkpt lat="48.36709" lon="7.43107">
        <ele>268.9</ele>
      </trkpt>
      <trkpt lat="48.36696" lon="7.43111">
        <ele>269.1</ele>
      </trkpt>
      <trkpt lat="48.36654" lon="7.43128">
        <ele>269.8</ele>
      </trkpt>
      <trkpt lat="48.36611" lon="7.43163">
        <ele>269.8</ele>
      </trkpt>
      <trkpt lat="48.36565" lon="7.43208">
        <ele>268.4</ele>
      </trkpt>
      <trkpt lat="48.36555" lon="7.43215">
        <ele>267.8</ele>
      </trkpt>
      <trkpt lat="48.36542" lon="7.43219">
        <ele>267.0</ele>
      </trkpt>
      <trkpt lat="48.36531" lon="7.4322">
        <ele>266.4</ele>
      </trkpt>
      <trkpt lat="48.36521" lon="7.43216">
        <ele>265.8</ele>
      </trkpt>
      <trkpt lat="48.36503" lon="7.43204">
        <ele>264.6</ele>
      </trkpt>
      <trkpt lat="48.36469" lon="7.43172">
        <ele>260.3</ele>
      </trkpt>
      <trkpt lat="48.36448" lon="7.43143">
        <ele>258.1</ele>
      </trkpt>
      <trkpt lat="48.36438" lon="7.43133">
        <ele>256.9</ele>
      </trkpt>
      <trkpt lat="48.36396" lon="7.43115">
        <ele>251.1</ele>
      </trkpt>
      <trkpt lat="48.36394" lon="7.43128">
        <ele>250.9</ele>
      </trkpt>
      <trkpt lat="48.36389" lon="7.43185">
        <ele>249.9</ele>
      </trkpt>
      <trkpt lat="48.36385" lon="7.43221">
        <ele>248.5</ele>
      </trkpt>
      <trkpt lat="48.36383" lon="7.43258">
        <ele>247.6</ele>
      </trkpt>
      <trkpt lat="48.36382" lon="7.43323">
        <ele>247.4</ele>
      </trkpt>
      <trkpt lat="48.36366" lon="7.43315">
        <ele>245.3</ele>
      </trkpt>
      <trkpt lat="48.36359" lon="7.43309">
        <ele>244.4</ele>
      </trkpt>
      <trkpt lat="48.36356" lon="7.43298">
        <ele>244.0</ele>
      </trkpt>
      <trkpt lat="48.3633" lon="7.4319">
        <ele>241.9</ele>
      </trkpt>
      <trkpt lat="48.36304" lon="7.43081">
        <ele>237.4</ele>
      </trkpt>
      <trkpt lat="48.36304" lon="7.43081">
        <ele>235.5</ele>
      </trkpt>
      <trkpt lat="48.36304" lon="7.43081">
        <ele>237.4</ele>
      </trkpt>
      <trkpt lat="48.36295" lon="7.43041">
        <ele>235.5</ele>
      </trkpt>
      <trkpt lat="48.36289" lon="7.4303">
        <ele>234.4</ele>
      </trkpt>
      <trkpt lat="48.36282" lon="7.43022">
        <ele>233.3</ele>
      </trkpt>
      <trkpt lat="48.36275" lon="7.43018">
        <ele>232.1</ele>
      </trkpt>
      <trkpt lat="48.36268" lon="7.43017">
        <ele>231.0</ele>
      </trkpt>
      <trkpt lat="48.36261" lon="7.43018">
        <ele>229.9</ele>
      </trkpt>
      <trkpt lat="48.36217" lon="7.43032">
        <ele>225.9</ele>
      </trkpt>
      <trkpt lat="48.36182" lon="7.43039">
        <ele>223.2</ele>
      </trkpt>
      <trkpt lat="48.3616" lon="7.43039">
        <ele>221.8</ele>
      </trkpt>
      <trkpt lat="48.36149" lon="7.43036">
        <ele>221.4</ele>
      </trkpt>
      <trkpt lat="48.36137" lon="7.43027">
        <ele>220.9</ele>
      </trkpt>
      <trkpt lat="48.36127" lon="7.43015">
        <ele>220.6</ele>
      </trkpt>
      <trkpt lat="48.36119" lon="7.42999">
        <ele>220.3</ele>
      </trkpt>
      <trkpt lat="48.36112" lon="7.42982">
        <ele>220.1</ele>
      </trkpt>
      <trkpt lat="48.36104" lon="7.42953">
        <ele>220.0</ele>
      </trkpt>
      <trkpt lat="48.36101" lon="7.42944">
        <ele>220.0</ele>
      </trkpt>
      <trkpt lat="48.36094" lon="7.4293">
        <ele>220.0</ele>
      </trkpt>
      <trkpt lat="48.36082" lon="7.42918">
        <ele>220.0</ele>
      </trkpt>
      <trkpt lat="48.36071" lon="7.42913">
        <ele>219.8</ele>
      </trkpt>
      <trkpt lat="48.36034" lon="7.42905">
        <ele>219.0</ele>
      </trkpt>
      <trkpt lat="48.36022" lon="7.429">
        <ele>218.7</ele>
      </trkpt>
      <trkpt lat="48.36011" lon="7.42893">
        <ele>218.4</ele>
      </trkpt>
      <trkpt lat="48.36002" lon="7.42884">
        <ele>218.1</ele>
      </trkpt>
      <trkpt lat="48.35991" lon="7.4287">
        <ele>217.8</ele>
      </trkpt>
      <trkpt lat="48.35984" lon="7.42855">
        <ele>217.6</ele>
      </trkpt>
      <trkpt lat="48.35977" lon="7.42837">
        <ele>217.4</ele>
      </trkpt>
      <trkpt lat="48.35972" lon="7.42813">
        <ele>217.9</ele>
      </trkpt>
      <trkpt lat="48.35963" lon="7.42759">
        <ele>219.0</ele>
      </trkpt>
      <trkpt lat="48.35959" lon="7.42738">
        <ele>219.2</ele>
      </trkpt>
      <trkpt lat="48.35936" lon="7.42673">
        <ele>219.1</ele>
      </trkpt>
      <trkpt lat="48.35925" lon="7.4265">
        <ele>219.3</ele>
      </trkpt>
      <trkpt lat="48.35911" lon="7.42631">
        <ele>219.6</ele>
      </trkpt>
      <trkpt lat="48.35898" lon="7.42619">
        <ele>219.9</ele>
      </trkpt>
      <trkpt lat="48.35885" lon="7.42611">
        <ele>220.0</ele>
      </trkpt>
      <trkpt lat="48.35802" lon="7.42569">
        <ele>220.1</ele>
      </trkpt>
      <trkpt lat="48.35744" lon="7.42557">
        <ele>219.5</ele>
      </trkpt>
      <trkpt lat="48.35687" lon="7.42544">
        <ele>218.4</ele>
      </trkpt>
      <trkpt lat="48.35629" lon="7.42526">
        <ele>218.8</ele>
      </trkpt>
      <trkpt lat="48.35568" lon="7.42504">
        <ele>219.5</ele>
      </trkpt>
      <trkpt lat="48.35556" lon="7.42495">
        <ele>219.4</ele>
      </trkpt>
      <trkpt lat="48.35547" lon="7.42485">
        <ele>219.2</ele>
      </trkpt>
      <trkpt lat="48.35539" lon="7.42491">
        <ele>219.0</ele>
      </trkpt>
      <trkpt lat="48.3552" lon="7.42484">
        <ele>218.6</ele>
      </trkpt>
      <trkpt lat="48.35455" lon="7.42446">
        <ele>215.1</ele>
      </trkpt>
      <trkpt lat="48.35429" lon="7.42435">
        <ele>213.0</ele>
      </trkpt>
      <trkpt lat="48.35403" lon="7.42441">
        <ele>211.1</ele>
      </trkpt>
      <trkpt lat="48.35369" lon="7.42467">
        <ele>208.8</ele>
      </trkpt>
      <trkpt lat="48.35351" lon="7.42479">
        <ele>207.5</ele>
      </trkpt>
      <trkpt lat="48.35297" lon="7.42482">
        <ele>205.0</ele>
      </trkpt>
      <trkpt lat="48.35281" lon="7.42477">
        <ele>204.6</ele>
      </trkpt>
      <trkpt lat="48.35271" lon="7.42471">
        <ele>204.4</ele>
      </trkpt>
      <trkpt lat="48.35222" lon="7.42441">
        <ele>203.6</ele>
      </trkpt>
      <trkpt lat="48.35173" lon="7.42411">
        <ele>203.3</ele>
      </trkpt>
      <trkpt lat="48.35131" lon="7.42378">
        <ele>203.7</ele>
      </trkpt>
      <trkpt lat="48.35098" lon="7.42347">
        <ele>204.0</ele>
      </trkpt>
      <trkpt lat="48.35074" lon="7.42341">
        <ele>204.1</ele>
      </trkpt>
      <trkpt lat="48.35037" lon="7.42333">
        <ele>205.1</ele>
      </trkpt>
      <trkpt lat="48.35004" lon="7.42329">
        <ele>206.0</ele>
      </trkpt>
      <trkpt lat="48.34997" lon="7.42325">
        <ele>206.2</ele>
      </trkpt>
      <trkpt lat="48.3498" lon="7.42337">
        <ele>206.2</ele>
      </trkpt>
      <trkpt lat="48.34948" lon="7.42346">
        <ele>206.5</ele>
      </trkpt>
      <trkpt lat="48.3492" lon="7.42353">
        <ele>206.7</ele>
      </trkpt>
      <trkpt lat="48.34844" lon="7.42371">
        <ele>209.2</ele>
      </trkpt>
      <trkpt lat="48.34789" lon="7.42372">
        <ele>210.2</ele>
      </trkpt>
      <trkpt lat="48.34735" lon="7.42373">
        <ele>210.4</ele>
      </trkpt>
      <trkpt lat="48.3469" lon="7.4236">
        <ele>210.4</ele>
      </trkpt>
      <trkpt lat="48.34643" lon="7.42349">
        <ele>210.5</ele>
      </trkpt>
      <trkpt lat="48.34597" lon="7.42338">
        <ele>210.9</ele>
      </trkpt>
      <trkpt lat="48.34586" lon="7.42334">
        <ele>211.0</ele>
      </trkpt>
      <trkpt lat="48.34517" lon="7.42327">
        <ele>215.9</ele>
      </trkpt>
      <trkpt lat="48.34504" lon="7.42318">
        <ele>217.1</ele>
      </trkpt>
      <trkpt lat="48.34466" lon="7.42274">
        <ele>219.5</ele>
      </trkpt>
      <trkpt lat="48.34446" lon="7.42256">
        <ele>220.8</ele>
      </trkpt>
      <trkpt lat="48.3441" lon="7.42234">
        <ele>222.7</ele>
      </trkpt>
      <trkpt lat="48.344" lon="7.42227">
        <ele>223.0</ele>
      </trkpt>
      <trkpt lat="48.34392" lon="7.42221">
        <ele>223.3</ele>
      </trkpt>
      <trkpt lat="48.34375" lon="7.42231">
        <ele>223.2</ele>
      </trkpt>
      <trkpt lat="48.34299" lon="7.42269">
        <ele>222.2</ele>
      </trkpt>
      <trkpt lat="48.34292" lon="7.42253">
        <ele>222.9</ele>
      </trkpt>
      <trkpt lat="48.34268" lon="7.42161">
        <ele>225.4</ele>
      </trkpt>
      <trkpt lat="48.34259" lon="7.4214">
        <ele>225.8</ele>
      </trkpt>
      <trkpt lat="48.3424" lon="7.42106">
        <ele>226.6</ele>
      </trkpt>
      <trkpt lat="48.34217" lon="7.4207">
        <ele>228.3</ele>
      </trkpt>
      <trkpt lat="48.34204" lon="7.42044">
        <ele>229.8</ele>
      </trkpt>
      <trkpt lat="48.34183" lon="7.41963">
        <ele>233.4</ele>
      </trkpt>
      <trkpt lat="48.34162" lon="7.41848">
        <ele>236.0</ele>
      </trkpt>
      <trkpt lat="48.34161" lon="7.41842">
        <ele>236.1</ele>
      </trkpt>
      <trkpt lat="48.34157" lon="7.41835">
        <ele>236.3</ele>
      </trkpt>
      <trkpt lat="48.34127" lon="7.41844">
        <ele>237.3</ele>
      </trkpt>
      <trkpt lat="48.34113" lon="7.41854">
        <ele>237.7</ele>
      </trkpt>
      <trkpt lat="48.3411" lon="7.4186">
        <ele>237.7</ele>
      </trkpt>
      <trkpt lat="48.34106" lon="7.41872">
        <ele>237.7</ele>
      </trkpt>
      <trkpt lat="48.34103" lon="7.41882">
        <ele>237.7</ele>
      </trkpt>
      <trkpt lat="48.34101" lon="7.41895">
        <ele>237.6</ele>
      </trkpt>
      <trkpt lat="48.34099" lon="7.41903">
        <ele>237.6</ele>
      </trkpt>
      <trkpt lat="48.34086" lon="7.41922">
        <ele>237.7</ele>
      </trkpt>
      <trkpt lat="48.34068" lon="7.41954">
        <ele>236.8</ele>
      </trkpt>
      <trkpt lat="48.34063" lon="7.4196">
        <ele>236.5</ele>
      </trkpt>
      <trkpt lat="48.3406" lon="7.41963">
        <ele>236.4</ele>
      </trkpt>
      <trkpt lat="48.34051" lon="7.41966">
        <ele>236.3</ele>
      </trkpt>
      <trkpt lat="48.34024" lon="7.41969">
        <ele>236.2</ele>
      </trkpt>
      <trkpt lat="48.33969" lon="7.41973">
        <ele>235.2</ele>
      </trkpt>
      <trkpt lat="48.33954" lon="7.41972">
        <ele>234.9</ele>
      </trkpt>
      <trkpt lat="48.33939" lon="7.41969">
        <ele>234.9</ele>
      </trkpt>
      <trkpt lat="48.33886" lon="7.41943">
        <ele>237.7</ele>
      </trkpt>
      <trkpt lat="48.33872" lon="7.41939">
        <ele>238.0</ele>
      </trkpt>
      <trkpt lat="48.33856" lon="7.41942">
        <ele>237.3</ele>
      </trkpt>
      <trkpt lat="48.33842" lon="7.41949">
        <ele>236.2</ele>
      </trkpt>
      <trkpt lat="48.33794" lon="7.41981">
        <ele>235.9</ele>
      </trkpt>
      <trkpt lat="48.33777" lon="7.41996">
        <ele>235.9</ele>
      </trkpt>
      <trkpt lat="48.33767" lon="7.42013">
        <ele>236.4</ele>
      </trkpt>
      <trkpt lat="48.33761" lon="7.42036">
        <ele>237.1</ele>
      </trkpt>
      <trkpt lat="48.33757" lon="7.42063">
        <ele>237.8</ele>
      </trkpt>
      <trkpt lat="48.33755" lon="7.42094">
        <ele>238.2</ele>
      </trkpt>
      <trkpt lat="48.33756" lon="7.4218">
        <ele>237.3</ele>
      </trkpt>
      <trkpt lat="48.33754" lon="7.42237">
        <ele>234.4</ele>
      </trkpt>
      <trkpt lat="48.3375" lon="7.42279">
        <ele>232.6</ele>
      </trkpt>
      <trkpt lat="48.33732" lon="7.42378">
        <ele>229.1</ele>
      </trkpt>
      <trkpt lat="48.33715" lon="7.42477">
        <ele>225.6</ele>
      </trkpt>
      <trkpt lat="48.33697" lon="7.42576">
        <ele>224.2</ele>
      </trkpt>
      <trkpt lat="48.33689" lon="7.42613">
        <ele>223.7</ele>
      </trkpt>
      <trkpt lat="48.33685" lon="7.42627">
        <ele>223.5</ele>
      </trkpt>
      <trkpt lat="48.3368" lon="7.42639">
        <ele>223.6</ele>
      </trkpt>
      <trkpt lat="48.33668" lon="7.42658">
        <ele>224.3</ele>
      </trkpt>
      <trkpt lat="48.33662" lon="7.42666">
        <ele>224.5</ele>
      </trkpt>
      <trkpt lat="48.33654" lon="7.42676">
        <ele>224.8</ele>
      </trkpt>
      <trkpt lat="48.33632" lon="7.42692">
        <ele>226.0</ele>
      </trkpt>
      <trkpt lat="48.33621" lon="7.42698">
        <ele>226.6</ele>
      </trkpt>
      <trkpt lat="48.33609" lon="7.42701">
        <ele>227.4</ele>
      </trkpt>
      <trkpt lat="48.33587" lon="7.42702">
        <ele>229.2</ele>
      </trkpt>
      <trkpt lat="48.33521" lon="7.4269">
        <ele>229.2</ele>
      </trkpt>
      <trkpt lat="48.33443" lon="7.42677">
        <ele>228.1</ele>
      </trkpt>
      <trkpt lat="48.33414" lon="7.42674">
        <ele>227.5</ele>
      </trkpt>
      <trkpt lat="48.33384" lon="7.42673">
        <ele>226.9</ele>
      </trkpt>
      <trkpt lat="48.33295" lon="7.42674">
        <ele>226.1</ele>
      </trkpt>
      <trkpt lat="48.33279" lon="7.42671">
        <ele>226.4</ele>
      </trkpt>
      <trkpt lat="48.33263" lon="7.42666">
        <ele>226.9</ele>
      </trkpt>
      <trkpt lat="48.33236" lon="7.42656">
        <ele>227.5</ele>
      </trkpt>
      <trkpt lat="48.33206" lon="7.42642">
        <ele>228.0</ele>
      </trkpt>
      <trkpt lat="48.3315" lon="7.42612">
        <ele>228.7</ele>
      </trkpt>
      <trkpt lat="48.33099" lon="7.42582">
        <ele>229.2</ele>
      </trkpt>
      <trkpt lat="48.33061" lon="7.42556">
        <ele>228.5</ele>
      </trkpt>
      <trkpt lat="48.33042" lon="7.42537">
        <ele>227.9</ele>
      </trkpt>
      <trkpt lat="48.33002" lon="7.42496">
        <ele>226.3</ele>
      </trkpt>
      <trkpt lat="48.32966" lon="7.42468">
        <ele>226.8</ele>
      </trkpt>
      <trkpt lat="48.32915" lon="7.42433">
        <ele>226.6</ele>
      </trkpt>
      <trkpt lat="48.32872" lon="7.42414">
        <ele>226.5</ele>
      </trkpt>
      <trkpt lat="48.32828" lon="7.42395">
        <ele>226.0</ele>
      </trkpt>
      <trkpt lat="48.32757" lon="7.42353">
        <ele>224.5</ele>
      </trkpt>
      <trkpt lat="48.3274" lon="7.42344">
        <ele>224.3</ele>
      </trkpt>
      <trkpt lat="48.32708" lon="7.42342">
        <ele>223.6</ele>
      </trkpt>
      <trkpt lat="48.32699" lon="7.42344">
        <ele>223.2</ele>
      </trkpt>
      <trkpt lat="48.32696" lon="7.42332">
        <ele>223.8</ele>
      </trkpt>
      <trkpt lat="48.32684" lon="7.42312">
        <ele>225.0</ele>
      </trkpt>
      <trkpt lat="48.32669" lon="7.4229">
        <ele>226.2</ele>
      </trkpt>
      <trkpt lat="48.32661" lon="7.42283">
        <ele>226.4</ele>
      </trkpt>
      <trkpt lat="48.3264" lon="7.42275">
        <ele>226.3</ele>
      </trkpt>
      <trkpt lat="48.32616" lon="7.42263">
        <ele>226.3</ele>
      </trkpt>
      <trkpt lat="48.32607" lon="7.42256">
        <ele>226.5</ele>
      </trkpt>
      <trkpt lat="48.32595" lon="7.42243">
        <ele>226.9</ele>
      </trkpt>
      <trkpt lat="48.32575" lon="7.42229">
        <ele>227.0</ele>
      </trkpt>
      <trkpt lat="48.32547" lon="7.42213">
        <ele>226.7</ele>
      </trkpt>
      <trkpt lat="48.32504" lon="7.42196">
        <ele>225.7</ele>
      </trkpt>
      <trkpt lat="48.32489" lon="7.42193">
        <ele>225.7</ele>
      </trkpt>
      <trkpt lat="48.32419" lon="7.42197">
        <ele>224.7</ele>
      </trkpt>
      <trkpt lat="48.32379" lon="7.42199">
        <ele>225.4</ele>
      </trkpt>
      <trkpt lat="48.32365" lon="7.42196">
        <ele>225.9</ele>
      </trkpt>
      <trkpt lat="48.32352" lon="7.42191">
        <ele>226.5</ele>
      </trkpt>
      <trkpt lat="48.32311" lon="7.42167">
        <ele>227.7</ele>
      </trkpt>
      <trkpt lat="48.32299" lon="7.42158">
        <ele>228.6</ele>
      </trkpt>
      <trkpt lat="48.32294" lon="7.42157">
        <ele>228.6</ele>
      </trkpt>
      <trkpt lat="48.32289" lon="7.42142">
        <ele>230.1</ele>
      </trkpt>
      <trkpt lat="48.32277" lon="7.42117">
        <ele>232.1</ele>
      </trkpt>
      <trkpt lat="48.32269" lon="7.42083">
        <ele>234.6</ele>
      </trkpt>
      <trkpt lat="48.32264" lon="7.42074">
        <ele>234.8</ele>
      </trkpt>
      <trkpt lat="48.32257" lon="7.42066">
        <ele>234.8</ele>
      </trkpt>
      <trkpt lat="48.32251" lon="7.42062">
        <ele>234.6</ele>
      </trkpt>
      <trkpt lat="48.32183" lon="7.42045">
        <ele>235.4</ele>
      </trkpt>
      <trkpt lat="48.32167" lon="7.42043">
        <ele>235.4</ele>
      </trkpt>
      <trkpt lat="48.32153" lon="7.42045">
        <ele>235.9</ele>
      </trkpt>
      <trkpt lat="48.32132" lon="7.42053">
        <ele>236.4</ele>
      </trkpt>
      <trkpt lat="48.32126" lon="7.42056">
        <ele>236.6</ele>
      </trkpt>
      <trkpt lat="48.3207" lon="7.4212">
        <ele>235.7</ele>
      </trkpt>
      <trkpt lat="48.32051" lon="7.42138">
        <ele>235.2</ele>
      </trkpt>
      <trkpt lat="48.32031" lon="7.42155">
        <ele>234.7</ele>
      </trkpt>
      <trkpt lat="48.32031" lon="7.42155">
        <ele>236.9</ele>
      </trkpt>
      <trkpt lat="48.32013" lon="7.42163">
        <ele>237.4</ele>
      </trkpt>
      <trkpt lat="48.31998" lon="7.42167">
        <ele>237.4</ele>
      </trkpt>
      <trkpt lat="48.31957" lon="7.42166">
        <ele>236.2</ele>
      </trkpt>
      <trkpt lat="48.31912" lon="7.42167">
        <ele>234.2</ele>
      </trkpt>
      <trkpt lat="48.31892" lon="7.4217">
        <ele>232.1</ele>
      </trkpt>
      <trkpt lat="48.31866" lon="7.42173">
        <ele>228.8</ele>
      </trkpt>
      <trkpt lat="48.31823" lon="7.42173">
        <ele>226.4</ele>
      </trkpt>
      <trkpt lat="48.31804" lon="7.4217">
        <ele>224.4</ele>
      </trkpt>
      <trkpt lat="48.31778" lon="7.42161">
        <ele>222.2</ele>
      </trkpt>
      <trkpt lat="48.31757" lon="7.42151">
        <ele>220.7</ele>
      </trkpt>
      <trkpt lat="48.31722" lon="7.42129">
        <ele>219.4</ele>
      </trkpt>
      <trkpt lat="48.31697" lon="7.42118">
        <ele>217.6</ele>
      </trkpt>
      <trkpt lat="48.3168" lon="7.42116">
        <ele>216.1</ele>
      </trkpt>
      <trkpt lat="48.31637" lon="7.42117">
        <ele>214.9</ele>
      </trkpt>
      <trkpt lat="48.3163" lon="7.42119">
        <ele>213.7</ele>
      </trkpt>
      <trkpt lat="48.31621" lon="7.4213">
        <ele>212.5</ele>
      </trkpt>
      <trkpt lat="48.31617" lon="7.42138">
        <ele>211.6</ele>
      </trkpt>
      <trkpt lat="48.3161" lon="7.42137">
        <ele>210.2</ele>
      </trkpt>
      <trkpt lat="48.31567" lon="7.42136">
        <ele>209.2</ele>
      </trkpt>
      <trkpt lat="48.31514" lon="7.4215">
        <ele>208.6</ele>
      </trkpt>
      <trkpt lat="48.31491" lon="7.42155">
        <ele>209.0</ele>
      </trkpt>
      <trkpt lat="48.31471" lon="7.42156">
        <ele>209.1</ele>
      </trkpt>
      <trkpt lat="48.31457" lon="7.42154">
        <ele>210.2</ele>
      </trkpt>
      <trkpt lat="48.3141" lon="7.42145">
        <ele>211.3</ele>
      </trkpt>
      <trkpt lat="48.31387" lon="7.42143">
        <ele>212.1</ele>
      </trkpt>
      <trkpt lat="48.31368" lon="7.42139">
        <ele>212.8</ele>
      </trkpt>
      <trkpt lat="48.3124" lon="7.42055">
        <ele>213.9</ele>
      </trkpt>
      <trkpt lat="48.31222" lon="7.4204">
        <ele>214.4</ele>
      </trkpt>
      <trkpt lat="48.3114" lon="7.41951">
        <ele>214.7</ele>
      </trkpt>
      <trkpt lat="48.31094" lon="7.41919">
        <ele>215.0</ele>
      </trkpt>
      <trkpt lat="48.31085" lon="7.4191">
        <ele>215.3</ele>
      </trkpt>
      <trkpt lat="48.31049" lon="7.41867">
        <ele>215.2</ele>
      </trkpt>
      <trkpt lat="48.31039" lon="7.41859">
        <ele>215.3</ele>
      </trkpt>
      <trkpt lat="48.31027" lon="7.41855">
        <ele>215.3</ele>
      </trkpt>
      <trkpt lat="48.31019" lon="7.41853">
        <ele>215.9</ele>
      </trkpt>
      <trkpt lat="48.31017" lon="7.41853">
        <ele>215.9</ele>
      </trkpt>
      <trkpt lat="48.3101" lon="7.41851">
        <ele>216.1</ele>
      </trkpt>
      <trkpt lat="48.31005" lon="7.41847">
        <ele>217.2</ele>
      </trkpt>
      <trkpt lat="48.31001" lon="7.41841">
        <ele>218.3</ele>
      </trkpt>
      <trkpt lat="48.30986" lon="7.41803">
        <ele>218.8</ele>
      </trkpt>
      <trkpt lat="48.30983" lon="7.41805">
        <ele>218.6</ele>
      </trkpt>
      <trkpt lat="48.30981" lon="7.41809">
        <ele>218.3</ele>
      </trkpt>
      <trkpt lat="48.30975" lon="7.41844">
        <ele>217.3</ele>
      </trkpt>
      <trkpt lat="48.30974" lon="7.41847">
        <ele>216.2</ele>
      </trkpt>
      <trkpt lat="48.30973" lon="7.41849">
        <ele>215.1</ele>
      </trkpt>
      <trkpt lat="48.30969" lon="7.41852">
        <ele>214.6</ele>
      </trkpt>
      <trkpt lat="48.30956" lon="7.41854">
        <ele>213.7</ele>
      </trkpt>
      <trkpt lat="48.30951" lon="7.41858">
        <ele>212.8</ele>
      </trkpt>
      <trkpt lat="48.30942" lon="7.41872">
        <ele>212.0</ele>
      </trkpt>
      <trkpt lat="48.30939" lon="7.41868">
        <ele>211.0</ele>
      </trkpt>
      <trkpt lat="48.30934" lon="7.41864">
        <ele>209.8</ele>
      </trkpt>
      <trkpt lat="48.30899" lon="7.41846">
        <ele>208.4</ele>
      </trkpt>
      <trkpt lat="48.3088" lon="7.41836">
        <ele>206.3</ele>
      </trkpt>
      <trkpt lat="48.30837" lon="7.41809">
        <ele>204.3</ele>
      </trkpt>
      <trkpt lat="48.30825" lon="7.41857">
        <ele>202.2</ele>
      </trkpt>
      <trkpt lat="48.3082" lon="7.41877">
        <ele>200.5</ele>
      </trkpt>
      <trkpt lat="48.30814" lon="7.41899">
        <ele>199.3</ele>
      </trkpt>
      <trkpt lat="48.30806" lon="7.41924">
        <ele>198.5</ele>
      </trkpt>
      <trkpt lat="48.30798" lon="7.41939">
        <ele>197.6</ele>
      </trkpt>
      <trkpt lat="48.30772" lon="7.41975">
        <ele>197.1</ele>
      </trkpt>
      <trkpt lat="48.30765" lon="7.41988">
        <ele>196.4</ele>
      </trkpt>
      <trkpt lat="48.30763" lon="7.42002">
        <ele>195.8</ele>
      </trkpt>
      <trkpt lat="48.30755" lon="7.42047">
        <ele>195.1</ele>
      </trkpt>
      <trkpt lat="48.30753" lon="7.42056">
        <ele>194.4</ele>
      </trkpt>
      <trkpt lat="48.30722" lon="7.4203">
        <ele>193.7</ele>
      </trkpt>
      <trkpt lat="48.30698" lon="7.42007">
        <ele>193.0</ele>
      </trkpt>
      <trkpt lat="48.30677" lon="7.41982">
        <ele>192.5</ele>
      </trkpt>
      <trkpt lat="48.30672" lon="7.41977">
        <ele>192.0</ele>
      </trkpt>
      <trkpt lat="48.3066" lon="7.41963">
        <ele>191.5</ele>
      </trkpt>
      <trkpt lat="48.30643" lon="7.41943">
        <ele>191.2</ele>
      </trkpt>
      <trkpt lat="48.30618" lon="7.41924">
        <ele>190.9</ele>
      </trkpt>
      <trkpt lat="48.306" lon="7.41913">
        <ele>190.8</ele>
      </trkpt>
      <trkpt lat="48.30575" lon="7.41901">
        <ele>191.0</ele>
      </trkpt>
      <trkpt lat="48.30554" lon="7.4189">
        <ele>191.5</ele>
      </trkpt>
      <trkpt lat="48.30536" lon="7.41878">
        <ele>192.2</ele>
      </trkpt>
      <trkpt lat="48.30518" lon="7.41865">
        <ele>193.2</ele>
      </trkpt>
      <trkpt lat="48.30481" lon="7.41835">
        <ele>193.9</ele>
      </trkpt>
      <trkpt lat="48.30418" lon="7.41779">
        <ele>194.6</ele>
      </trkpt>
      <trkpt lat="48.30389" lon="7.41762">
        <ele>195.0</ele>
      </trkpt>
      <trkpt lat="48.3038" lon="7.41756">
        <ele>195.1</ele>
      </trkpt>
      <trkpt lat="48.30349" lon="7.41746">
        <ele>194.9</ele>
      </trkpt>
      <trkpt lat="48.30322" lon="7.41742">
        <ele>194.7</ele>
      </trkpt>
      <trkpt lat="48.30299" lon="7.41739">
        <ele>194.5</ele>
      </trkpt>
      <trkpt lat="48.30282" lon="7.41735">
        <ele>194.2</ele>
      </trkpt>
      <trkpt lat="48.30206" lon="7.41712">
        <ele>193.8</ele>
      </trkpt>
      <trkpt lat="48.30183" lon="7.41708">
        <ele>193.5</ele>
      </trkpt>
      <trkpt lat="48.30157" lon="7.41705">
        <ele>192.9</ele>
      </trkpt>
      <trkpt lat="48.30135" lon="7.41705">
        <ele>192.3</ele>
      </trkpt>
      <trkpt lat="48.30097" lon="7.41709">
        <ele>191.9</ele>
      </trkpt>
      <trkpt lat="48.3005" lon="7.41703">
        <ele>191.4</ele>
      </trkpt>
      <trkpt lat="48.30048" lon="7.41703">
        <ele>190.9</ele>
      </trkpt>
      <trkpt lat="48.30003" lon="7.41694">
        <ele>190.6</ele>
      </trkpt>
      <trkpt lat="48.29968" lon="7.41682">
        <ele>190.2</ele>
      </trkpt>
      <trkpt lat="48.29953" lon="7.4168">
        <ele>189.8</ele>
      </trkpt>
      <trkpt lat="48.2988" lon="7.4169">
        <ele>189.1</ele>
      </trkpt>
      <trkpt lat="48.29826" lon="7.41688">
        <ele>188.3</ele>
      </trkpt>
      <trkpt lat="48.29737" lon="7.41676">
        <ele>187.4</ele>
      </trkpt>
      <trkpt lat="48.2966" lon="7.41674">
        <ele>186.8</ele>
      </trkpt>
      <trkpt lat="48.29634" lon="7.41674">
        <ele>186.2</ele>
      </trkpt>
      <trkpt lat="48.29589" lon="7.41674">
        <ele>186.1</ele>
      </trkpt>
      <trkpt lat="48.29423" lon="7.41687">
        <ele>186.2</ele>
      </trkpt>
      <trkpt lat="48.29346" lon="7.41692">
        <ele>186.6</ele>
      </trkpt>
      <trkpt lat="48.2927" lon="7.41697">
        <ele>187.1</ele>
      </trkpt>
      <trkpt lat="48.29175" lon="7.41703">
        <ele>187.6</ele>
      </trkpt>
      <trkpt lat="48.29171" lon="7.41703">
        <ele>188.0</ele>
      </trkpt>
      <trkpt lat="48.29155" lon="7.41704">
        <ele>188.5</ele>
      </trkpt>
      <trkpt lat="48.29154" lon="7.41704">
        <ele>188.6</ele>
      </trkpt>
      <trkpt lat="48.2913" lon="7.41703">
        <ele>188.8</ele>
      </trkpt>
      <trkpt lat="48.29089" lon="7.41703">
        <ele>188.9</ele>
      </trkpt>
      <trkpt lat="48.28956" lon="7.41689">
        <ele>189.0</ele>
      </trkpt>
      <trkpt lat="48.28946" lon="7.41688">
        <ele>189.2</ele>
      </trkpt>
      <trkpt lat="48.28878" lon="7.41682">
        <ele>189.4</ele>
      </trkpt>
      <trkpt lat="48.28842" lon="7.41682">
        <ele>189.5</ele>
      </trkpt>
      <trkpt lat="48.28828" lon="7.41679">
        <ele>189.7</ele>
      </trkpt>
      <trkpt lat="48.288" lon="7.41675">
        <ele>189.9</ele>
      </trkpt>
      <trkpt lat="48.28784" lon="7.41674">
        <ele>189.8</ele>
      </trkpt>
      <trkpt lat="48.28755" lon="7.41671">
        <ele>190.0</ele>
      </trkpt>
      <trkpt lat="48.28734" lon="7.41668">
        <ele>190.1</ele>
      </trkpt>
      <trkpt lat="48.2873" lon="7.41665">
        <ele>190.1</ele>
      </trkpt>
      <trkpt lat="48.28713" lon="7.41723">
        <ele>190.1</ele>
      </trkpt>
      <trkpt lat="48.28711" lon="7.41732">
        <ele>190.3</ele>
      </trkpt>
      <trkpt lat="48.2871" lon="7.41739">
        <ele>190.2</ele>
      </trkpt>
      <trkpt lat="48.2871" lon="7.41751">
        <ele>190.0</ele>
      </trkpt>
      <trkpt lat="48.28711" lon="7.41769">
        <ele>190.0</ele>
      </trkpt>
      <trkpt lat="48.28714" lon="7.41784">
        <ele>189.7</ele>
      </trkpt>
      <trkpt lat="48.28705" lon="7.41791">
        <ele>189.7</ele>
      </trkpt>
      <trkpt lat="48.287" lon="7.41794">
        <ele>189.6</ele>
      </trkpt>
      <trkpt lat="48.28685" lon="7.41803">
        <ele>189.6</ele>
      </trkpt>
      <trkpt lat="48.28665" lon="7.41808">
        <ele>189.3</ele>
      </trkpt>
      <trkpt lat="48.28657" lon="7.41808">
        <ele>189.2</ele>
      </trkpt>
      <trkpt lat="48.28651" lon="7.41808">
        <ele>189.1</ele>
      </trkpt>
      <trkpt lat="48.28647" lon="7.41803">
        <ele>189.3</ele>
      </trkpt>
      <trkpt lat="48.28642" lon="7.41793">
        <ele>189.1</ele>
      </trkpt>
      <trkpt lat="48.28639" lon="7.41789">
        <ele>189.4</ele>
      </trkpt>
      <trkpt lat="48.28639" lon="7.41772">
        <ele>189.6</ele>
      </trkpt>
      <trkpt lat="48.28638" lon="7.41745">
        <ele>189.9</ele>
      </trkpt>
      <trkpt lat="48.28636" lon="7.41715">
        <ele>190.1</ele>
      </trkpt>
      <trkpt lat="48.28635" lon="7.41645">
        <ele>190.1</ele>
      </trkpt>
      <trkpt lat="48.28632" lon="7.41628">
        <ele>189.6</ele>
      </trkpt>
      <trkpt lat="48.28625" lon="7.41607">
        <ele>189.5</ele>
      </trkpt>
      <trkpt lat="48.28618" lon="7.41592">
        <ele>189.1</ele>
      </trkpt>
      <trkpt lat="48.28607" lon="7.41571">
        <ele>188.7</ele>
      </trkpt>
      <trkpt lat="48.28599" lon="7.41553">
        <ele>188.6</ele>
      </trkpt>
      <trkpt lat="48.28593" lon="7.41537">
        <ele>188.8</ele>
      </trkpt>
      <trkpt lat="48.28589" lon="7.41524">
        <ele>189.1</ele>
      </trkpt>
      <trkpt lat="48.28586" lon="7.41502">
        <ele>189.5</ele>
      </trkpt>
      <trkpt lat="48.28584" lon="7.41486">
        <ele>189.8</ele>
      </trkpt>
      <trkpt lat="48.28583" lon="7.41472">
        <ele>190.1</ele>
      </trkpt>
      <trkpt lat="48.28584" lon="7.41454">
        <ele>190.3</ele>
      </trkpt>
      <trkpt lat="48.28585" lon="7.41449">
        <ele>190.3</ele>
      </trkpt>
      <trkpt lat="48.28586" lon="7.41444">
        <ele>190.2</ele>
      </trkpt>
      <trkpt lat="48.28589" lon="7.41435">
        <ele>190.1</ele>
      </trkpt>
      <trkpt lat="48.28595" lon="7.41417">
        <ele>190.2</ele>
      </trkpt>
      <trkpt lat="48.28601" lon="7.41408">
        <ele>190.3</ele>
      </trkpt>
      <trkpt lat="48.28621" lon="7.41386">
        <ele>190.4</ele>
      </trkpt>
      <trkpt lat="48.28635" lon="7.41367">
        <ele>190.4</ele>
      </trkpt>
      <trkpt lat="48.28649" lon="7.41347">
        <ele>190.4</ele>
      </trkpt>
      <trkpt lat="48.28654" lon="7.41337">
        <ele>190.3</ele>
      </trkpt>
      <trkpt lat="48.28657" lon="7.41329">
        <ele>190.2</ele>
      </trkpt>
      <trkpt lat="48.28661" lon="7.41312">
        <ele>189.9</ele>
      </trkpt>
      <trkpt lat="48.28662" lon="7.41294">
        <ele>189.9</ele>
      </trkpt>
      <trkpt lat="48.28659" lon="7.41239">
        <ele>189.9</ele>
      </trkpt>
      <trkpt lat="48.28658" lon="7.41209">
        <ele>189.9</ele>
      </trkpt>
      <trkpt lat="48.28657" lon="7.41126">
        <ele>189.9</ele>
      </trkpt>
      <trkpt lat="48.28655" lon="7.41095">
        <ele>190.1</ele>
      </trkpt>
      <trkpt lat="48.28652" lon="7.41067">
        <ele>190.3</ele>
      </trkpt>
      <trkpt lat="48.28646" lon="7.41064">
        <ele>190.3</ele>
      </trkpt>
      <trkpt lat="48.28583" lon="7.41043">
        <ele>190.4</ele>
      </trkpt>
      <trkpt lat="48.28574" lon="7.41041">
        <ele>190.4</ele>
      </trkpt>
      <trkpt lat="48.28562" lon="7.41042">
        <ele>190.4</ele>
      </trkpt>
      <trkpt lat="48.28552" lon="7.41045">
        <ele>190.3</ele>
      </trkpt>
      <trkpt lat="48.28543" lon="7.4105">
        <ele>190.3</ele>
      </trkpt>
      <trkpt lat="48.28517" lon="7.41073">
        <ele>190.2</ele>
      </trkpt>
      <trkpt lat="48.285" lon="7.41087">
        <ele>190.0</ele>
      </trkpt>
      <trkpt lat="48.28485" lon="7.41097">
        <ele>189.9</ele>
      </trkpt>
      <trkpt lat="48.28474" lon="7.41101">
        <ele>189.9</ele>
      </trkpt>
      <trkpt lat="48.28465" lon="7.41102">
        <ele>189.8</ele>
      </trkpt>
      <trkpt lat="48.28458" lon="7.41101">
        <ele>189.7</ele>
      </trkpt>
      <trkpt lat="48.28451" lon="7.41099">
        <ele>189.7</ele>
      </trkpt>
      <trkpt lat="48.28418" lon="7.41088">
        <ele>189.6</ele>
      </trkpt>
      <trkpt lat="48.28409" lon="7.41086">
        <ele>189.7</ele>
      </trkpt>
      <trkpt lat="48.2839" lon="7.41085">
        <ele>189.7</ele>
      </trkpt>
      <trkpt lat="48.28372" lon="7.41083">
        <ele>189.7</ele>
      </trkpt>
      <trkpt lat="48.28358" lon="7.4108">
        <ele>189.8</ele>
      </trkpt>
      <trkpt lat="48.28325" lon="7.41068">
        <ele>189.8</ele>
      </trkpt>
      <trkpt lat="48.28306" lon="7.41062">
        <ele>189.8</ele>
      </trkpt>
      <trkpt lat="48.28296" lon="7.4106">
        <ele>189.8</ele>
      </trkpt>
      <trkpt lat="48.28287" lon="7.41058">
        <ele>189.9</ele>
      </trkpt>
      <trkpt lat="48.28274" lon="7.41056">
        <ele>189.9</ele>
      </trkpt>
      <trkpt lat="48.28261" lon="7.41056">
        <ele>190.0</ele>
      </trkpt>
      <trkpt lat="48.2825" lon="7.41057">
        <ele>190.0</ele>
      </trkpt>
      <trkpt lat="48.28224" lon="7.41067">
        <ele>190.0</ele>
      </trkpt>
      <trkpt lat="48.28218" lon="7.41069">
        <ele>189.9</ele>
      </trkpt>
      <trkpt lat="48.28208" lon="7.41071">
        <ele>189.9</ele>
      </trkpt>
      <trkpt lat="48.28192" lon="7.41073">
        <ele>189.8</ele>
      </trkpt>
      <trkpt lat="48.28181" lon="7.41073">
        <ele>189.7</ele>
      </trkpt>
      <trkpt lat="48.28158" lon="7.41069">
        <ele>189.6</ele>
      </trkpt>
      <trkpt lat="48.28145" lon="7.41065">
        <ele>189.6</ele>
      </trkpt>
      <trkpt lat="48.281" lon="7.4105">
        <ele>189.7</ele>
      </trkpt>
      <trkpt lat="48.28069" lon="7.4104">
        <ele>189.7</ele>
      </trkpt>
      <trkpt lat="48.28056" lon="7.41038">
        <ele>189.6</ele>
      </trkpt>
      <trkpt lat="48.28043" lon="7.41039">
        <ele>189.6</ele>
      </trkpt>
      <trkpt lat="48.28007" lon="7.41046">
        <ele>189.6</ele>
      </trkpt>
      <trkpt lat="48.28021" lon="7.40996">
        <ele>189.5</ele>
      </trkpt>
      <trkpt lat="48.28024" lon="7.40982">
        <ele>189.4</ele>
      </trkpt>
      <trkpt lat="48.28027" lon="7.40969">
        <ele>189.5</ele>
      </trkpt>
      <trkpt lat="48.28028" lon="7.40956">
        <ele>189.5</ele>
      </trkpt>
      <trkpt lat="48.2803" lon="7.40942">
        <ele>189.6</ele>
      </trkpt>
      <trkpt lat="48.28031" lon="7.40924">
        <ele>189.9</ele>
      </trkpt>
      <trkpt lat="48.28032" lon="7.40905">
        <ele>190.5</ele>
      </trkpt>
      <trkpt lat="48.28026" lon="7.40796">
        <ele>191.0</ele>
      </trkpt>
      <trkpt lat="48.28026" lon="7.40774">
        <ele>192.0</ele>
      </trkpt>
      <trkpt lat="48.28028" lon="7.40754">
        <ele>192.6</ele>
      </trkpt>
      <trkpt lat="48.28029" lon="7.4074">
        <ele>193.6</ele>
      </trkpt>
      <trkpt lat="48.28032" lon="7.40724">
        <ele>193.4</ele>
      </trkpt>
      <trkpt lat="48.28039" lon="7.40694">
        <ele>193.4</ele>
      </trkpt>
      <trkpt lat="48.28059" lon="7.40624">
        <ele>192.9</ele>
      </trkpt>
      <trkpt lat="48.28068" lon="7.40595">
        <ele>192.6</ele>
      </trkpt>
      <trkpt lat="48.28072" lon="7.40583">
        <ele>191.8</ele>
      </trkpt>
      <trkpt lat="48.28082" lon="7.40555">
        <ele>191.9</ele>
      </trkpt>
      <trkpt lat="48.28089" lon="7.40535">
        <ele>191.8</ele>
      </trkpt>
      <trkpt lat="48.28094" lon="7.40514">
        <ele>191.8</ele>
      </trkpt>
      <trkpt lat="48.28098" lon="7.40491">
        <ele>191.7</ele>
      </trkpt>
      <trkpt lat="48.28102" lon="7.40466">
        <ele>191.7</ele>
      </trkpt>
      <trkpt lat="48.28106" lon="7.40408">
        <ele>191.7</ele>
      </trkpt>
      <trkpt lat="48.28107" lon="7.40394">
        <ele>192.2</ele>
      </trkpt>
      <trkpt lat="48.28111" lon="7.40377">
        <ele>193.0</ele>
      </trkpt>
      <trkpt lat="48.28118" lon="7.40357">
        <ele>193.8</ele>
      </trkpt>
      <trkpt lat="48.28124" lon="7.40343">
        <ele>194.5</ele>
      </trkpt>
      <trkpt lat="48.28131" lon="7.40326">
        <ele>194.8</ele>
      </trkpt>
      <trkpt lat="48.28139" lon="7.40308">
        <ele>194.7</ele>
      </trkpt>
      <trkpt lat="48.28162" lon="7.40238">
        <ele>194.4</ele>
      </trkpt>
      <trkpt lat="48.28168" lon="7.40235">
        <ele>193.8</ele>
      </trkpt>
      <trkpt lat="48.28175" lon="7.40234">
        <ele>193.4</ele>
      </trkpt>
      <trkpt lat="48.28211" lon="7.40239">
        <ele>193.1</ele>
      </trkpt>
      <trkpt lat="48.28215" lon="7.4024">
        <ele>192.9</ele>
      </trkpt>
      <trkpt lat="48.28225" lon="7.40246">
        <ele>193.0</ele>
      </trkpt>
      <trkpt lat="48.28231" lon="7.40246">
        <ele>193.0</ele>
      </trkpt>
      <trkpt lat="48.28236" lon="7.40244">
        <ele>192.9</ele>
      </trkpt>
      <trkpt lat="48.28237" lon="7.40234">
        <ele>193.0</ele>
      </trkpt>
      <trkpt lat="48.28238" lon="7.40229">
        <ele>193.1</ele>
      </trkpt>
      <trkpt lat="48.28239" lon="7.40223">
        <ele>192.9</ele>
      </trkpt>
      <trkpt lat="48.28215" lon="7.40215">
        <ele>193.1</ele>
      </trkpt>
      <trkpt lat="48.28186" lon="7.40208">
        <ele>193.5</ele>
      </trkpt>
      <trkpt lat="48.2816" lon="7.40203">
        <ele>193.4</ele>
      </trkpt>
      <trkpt lat="48.28132" lon="7.40199">
        <ele>193.3</ele>
      </trkpt>
      <trkpt lat="48.28082" lon="7.40192">
        <ele>193.2</ele>
      </trkpt>
      <trkpt lat="48.28058" lon="7.40189">
        <ele>193.2</ele>
      </trkpt>
      <trkpt lat="48.28028" lon="7.40185">
        <ele>193.2</ele>
      </trkpt>
      <trkpt lat="48.28024" lon="7.40185">
        <ele>193.2</ele>
      </trkpt>
      <trkpt lat="48.28004" lon="7.40184">
        <ele>193.2</ele>
      </trkpt>
      <trkpt lat="48.27977" lon="7.40187">
        <ele>193.3</ele>
      </trkpt>
      <trkpt lat="48.27968" lon="7.40189">
        <ele>193.6</ele>
      </trkpt>
      <trkpt lat="48.27938" lon="7.40196">
        <ele>193.5</ele>
      </trkpt>
      <trkpt lat="48.27916" lon="7.402">
        <ele>193.7</ele>
      </trkpt>
      <trkpt lat="48.27904" lon="7.40201">
        <ele>193.8</ele>
      </trkpt>
      <trkpt lat="48.27898" lon="7.40201">
        <ele>194.0</ele>
      </trkpt>
      <trkpt lat="48.27895" lon="7.40201">
        <ele>194.1</ele>
      </trkpt>
      <trkpt lat="48.27892" lon="7.402">
        <ele>194.3</ele>
      </trkpt>
      <trkpt lat="48.2789" lon="7.40201">
        <ele>194.2</ele>
      </trkpt>
      <trkpt lat="48.2789" lon="7.40204">
        <ele>193.9</ele>
      </trkpt>
      <trkpt lat="48.27885" lon="7.40203">
        <ele>193.7</ele>
      </trkpt>
      <trkpt lat="48.27847" lon="7.40192">
        <ele>193.3</ele>
      </trkpt>
      <trkpt lat="48.27787" lon="7.40173">
        <ele>193.1</ele>
      </trkpt>
      <trkpt lat="48.27756" lon="7.4016">
        <ele>192.8</ele>
      </trkpt>
      <trkpt lat="48.2773" lon="7.40145">
        <ele>192.7</ele>
      </trkpt>
      <trkpt lat="48.27727" lon="7.40144">
        <ele>192.7</ele>
      </trkpt>
      <trkpt lat="48.27683" lon="7.40117">
        <ele>192.7</ele>
      </trkpt>
      <trkpt lat="48.27675" lon="7.40113">
        <ele>192.6</ele>
      </trkpt>
      <trkpt lat="48.27669" lon="7.40108">
        <ele>192.5</ele>
      </trkpt>
      <trkpt lat="48.27661" lon="7.40103">
        <ele>192.5</ele>
      </trkpt>
      <trkpt lat="48.27658" lon="7.40096">
        <ele>192.6</ele>
      </trkpt>
      <trkpt lat="48.27654" lon="7.40091">
        <ele>192.7</ele>
      </trkpt>
      <trkpt lat="48.27649" lon="7.40087">
        <ele>192.8</ele>
      </trkpt>
      <trkpt lat="48.27644" lon="7.40078">
        <ele>193.1</ele>
      </trkpt>
      <trkpt lat="48.27642" lon="7.40072">
        <ele>193.4</ele>
      </trkpt>
      <trkpt lat="48.2764" lon="7.40067">
        <ele>193.4</ele>
      </trkpt>
      <trkpt lat="48.27636" lon="7.40063">
        <ele>193.4</ele>
      </trkpt>
      <trkpt lat="48.27632" lon="7.40062">
        <ele>193.4</ele>
      </trkpt>
      <trkpt lat="48.27627" lon="7.40063">
        <ele>193.3</ele>
      </trkpt>
      <trkpt lat="48.27622" lon="7.40067">
        <ele>193.1</ele>
      </trkpt>
      <trkpt lat="48.27615" lon="7.40064">
        <ele>193.1</ele>
      </trkpt>
      <trkpt lat="48.27607" lon="7.4006">
        <ele>192.9</ele>
      </trkpt>
      <trkpt lat="48.27596" lon="7.40054">
        <ele>193.1</ele>
      </trkpt>
      <trkpt lat="48.27579" lon="7.40039">
        <ele>193.3</ele>
      </trkpt>
      <trkpt lat="48.27555" lon="7.40014">
        <ele>193.6</ele>
      </trkpt>
      <trkpt lat="48.27545" lon="7.40003">
        <ele>193.7</ele>
      </trkpt>
      <trkpt lat="48.27524" lon="7.39983">
        <ele>193.9</ele>
      </trkpt>
      <trkpt lat="48.2751" lon="7.39974">
        <ele>193.6</ele>
      </trkpt>
      <trkpt lat="48.27495" lon="7.39966">
        <ele>193.2</ele>
      </trkpt>
      <trkpt lat="48.27479" lon="7.39961">
        <ele>192.8</ele>
      </trkpt>
      <trkpt lat="48.27466" lon="7.39958">
        <ele>192.4</ele>
      </trkpt>
      <trkpt lat="48.27458" lon="7.39955">
        <ele>192.2</ele>
      </trkpt>
      <trkpt lat="48.2745" lon="7.39953">
        <ele>192.3</ele>
      </trkpt>
      <trkpt lat="48.274" lon="7.39937">
        <ele>192.6</ele>
      </trkpt>
      <trkpt lat="48.27393" lon="7.39934">
        <ele>192.7</ele>
      </trkpt>
      <trkpt lat="48.27381" lon="7.39931">
        <ele>193.0</ele>
      </trkpt>
      <trkpt lat="48.27322" lon="7.39906">
        <ele>193.4</ele>
      </trkpt>
      <trkpt lat="48.27317" lon="7.39906">
        <ele>193.8</ele>
      </trkpt>
      <trkpt lat="48.273" lon="7.39904">
        <ele>193.7</ele>
      </trkpt>
      <trkpt lat="48.27296" lon="7.39904">
        <ele>193.7</ele>
      </trkpt>
      <trkpt lat="48.27268" lon="7.39907">
        <ele>193.6</ele>
      </trkpt>
      <trkpt lat="48.27249" lon="7.39911">
        <ele>193.2</ele>
      </trkpt>
      <trkpt lat="48.27209" lon="7.39915">
        <ele>192.8</ele>
      </trkpt>
      <trkpt lat="48.272" lon="7.39916">
        <ele>192.6</ele>
      </trkpt>
      <trkpt lat="48.27192" lon="7.39917">
        <ele>192.3</ele>
      </trkpt>
      <trkpt lat="48.27172" lon="7.3992">
        <ele>192.4</ele>
      </trkpt>
      <trkpt lat="48.27167" lon="7.39921">
        <ele>192.4</ele>
      </trkpt>
      <trkpt lat="48.27153" lon="7.39925">
        <ele>192.5</ele>
      </trkpt>
      <trkpt lat="48.27132" lon="7.39931">
        <ele>192.8</ele>
      </trkpt>
      <trkpt lat="48.27092" lon="7.39943">
        <ele>192.9</ele>
      </trkpt>
      <trkpt lat="48.2709" lon="7.39944">
        <ele>192.8</ele>
      </trkpt>
      <trkpt lat="48.27064" lon="7.39951">
        <ele>192.8</ele>
      </trkpt>
      <trkpt lat="48.27061" lon="7.39952">
        <ele>192.6</ele>
      </trkpt>
      <trkpt lat="48.27059" lon="7.39952">
        <ele>192.4</ele>
      </trkpt>
      <trkpt lat="48.27032" lon="7.3996">
        <ele>192.2</ele>
      </trkpt>
      <trkpt lat="48.27026" lon="7.39962">
        <ele>192.1</ele>
      </trkpt>
      <trkpt lat="48.26988" lon="7.39982">
        <ele>192.0</ele>
      </trkpt>
      <trkpt lat="48.26978" lon="7.39985">
        <ele>191.9</ele>
      </trkpt>
      <trkpt lat="48.26929" lon="7.3999">
        <ele>191.8</ele>
      </trkpt>
      <trkpt lat="48.26923" lon="7.39991">
        <ele>191.8</ele>
      </trkpt>
      <trkpt lat="48.26888" lon="7.39994">
        <ele>191.8</ele>
      </trkpt>
      <trkpt lat="48.26875" lon="7.39992">
        <ele>191.6</ele>
      </trkpt>
      <trkpt lat="48.26867" lon="7.3999">
        <ele>191.8</ele>
      </trkpt>
      <trkpt lat="48.26856" lon="7.39987">
        <ele>191.8</ele>
      </trkpt>
      <trkpt lat="48.26845" lon="7.39983">
        <ele>191.7</ele>
      </trkpt>
      <trkpt lat="48.26837" lon="7.39979">
        <ele>191.7</ele>
      </trkpt>
      <trkpt lat="48.26831" lon="7.39974">
        <ele>191.6</ele>
      </trkpt>
      <trkpt lat="48.26828" lon="7.39978">
        <ele>191.2</ele>
      </trkpt>
      <trkpt lat="48.26824" lon="7.39984">
        <ele>191.1</ele>
      </trkpt>
      <trkpt lat="48.26816" lon="7.39997">
        <ele>191.1</ele>
      </trkpt>
      <trkpt lat="48.26811" lon="7.40008">
        <ele>191.2</ele>
      </trkpt>
      <trkpt lat="48.26807" lon="7.40018">
        <ele>191.3</ele>
      </trkpt>
      <trkpt lat="48.2679" lon="7.40063">
        <ele>191.1</ele>
      </trkpt>
      <trkpt lat="48.26787" lon="7.40071">
        <ele>190.8</ele>
      </trkpt>
      <trkpt lat="48.26785" lon="7.40081">
        <ele>190.5</ele>
      </trkpt>
      <trkpt lat="48.26782" lon="7.401">
        <ele>190.2</ele>
      </trkpt>
      <trkpt lat="48.26779" lon="7.40121">
        <ele>189.8</ele>
      </trkpt>
      <trkpt lat="48.26774" lon="7.40162">
        <ele>189.8</ele>
      </trkpt>
      <trkpt lat="48.26769" lon="7.40209">
        <ele>189.6</ele>
      </trkpt>
      <trkpt lat="48.26768" lon="7.40225">
        <ele>189.3</ele>
      </trkpt>
      <trkpt lat="48.26765" lon="7.4025">
        <ele>189.0</ele>
      </trkpt>
      <trkpt lat="48.26759" lon="7.4031">
        <ele>189.0</ele>
      </trkpt>
      <trkpt lat="48.26755" lon="7.40354">
        <ele>188.8</ele>
      </trkpt>
      <trkpt lat="48.26754" lon="7.40363">
        <ele>188.7</ele>
      </trkpt>
      <trkpt lat="48.26752" lon="7.4038">
        <ele>188.7</ele>
      </trkpt>
      <trkpt lat="48.26749" lon="7.40397">
        <ele>188.4</ele>
      </trkpt>
      <trkpt lat="48.26743" lon="7.40431">
        <ele>188.3</ele>
      </trkpt>
      <trkpt lat="48.26736" lon="7.40465">
        <ele>188.2</ele>
      </trkpt>
      <trkpt lat="48.26728" lon="7.40505">
        <ele>188.0</ele>
      </trkpt>
      <trkpt lat="48.26707" lon="7.40624">
        <ele>187.8</ele>
      </trkpt>
      <trkpt lat="48.26705" lon="7.40639">
        <ele>187.7</ele>
      </trkpt>
      <trkpt lat="48.26704" lon="7.40639">
        <ele>187.5</ele>
      </trkpt>
      <trkpt lat="48.26702" lon="7.40641">
        <ele>187.4</ele>
      </trkpt>
      <trkpt lat="48.267" lon="7.40643">
        <ele>187.3</ele>
      </trkpt>
      <trkpt lat="48.26699" lon="7.40646">
        <ele>187.3</ele>
      </trkpt>
      <trkpt lat="48.26699" lon="7.40649">
        <ele>187.1</ele>
      </trkpt>
      <trkpt lat="48.26699" lon="7.40652">
        <ele>186.9</ele>
      </trkpt>
      <trkpt lat="48.26689" lon="7.40658">
        <ele>186.7</ele>
      </trkpt>
      <trkpt lat="48.26682" lon="7.40661">
        <ele>186.5</ele>
      </trkpt>
      <trkpt lat="48.26675" lon="7.40662">
        <ele>186.4</ele>
      </trkpt>
      <trkpt lat="48.26633" lon="7.40668">
        <ele>186.2</ele>
      </trkpt>
      <trkpt lat="48.26579" lon="7.40675">
        <ele>185.9</ele>
      </trkpt>
      <trkpt lat="48.26557" lon="7.40678">
        <ele>185.6</ele>
      </trkpt>
      <trkpt lat="48.26541" lon="7.4068">
        <ele>185.4</ele>
      </trkpt>
      <trkpt lat="48.26535" lon="7.4068">
        <ele>185.1</ele>
      </trkpt>
      <trkpt lat="48.2653" lon="7.40679">
        <ele>184.7</ele>
      </trkpt>
      <trkpt lat="48.26522" lon="7.40678">
        <ele>184.6</ele>
      </trkpt>
      <trkpt lat="48.26513" lon="7.40675">
        <ele>184.4</ele>
      </trkpt>
      <trkpt lat="48.26505" lon="7.40671">
        <ele>184.3</ele>
      </trkpt>
      <trkpt lat="48.26494" lon="7.40665">
        <ele>184.3</ele>
      </trkpt>
      <trkpt lat="48.26487" lon="7.4066">
        <ele>184.4</ele>
      </trkpt>
      <trkpt lat="48.26481" lon="7.40654">
        <ele>184.5</ele>
      </trkpt>
      <trkpt lat="48.26477" lon="7.4065">
        <ele>184.6</ele>
      </trkpt>
      <trkpt lat="48.26473" lon="7.40645">
        <ele>184.7</ele>
      </trkpt>
      <trkpt lat="48.26471" lon="7.40641">
        <ele>184.7</ele>
      </trkpt>
      <trkpt lat="48.26469" lon="7.40635">
        <ele>184.6</ele>
      </trkpt>
      <trkpt lat="48.26468" lon="7.40628">
        <ele>184.5</ele>
      </trkpt>
      <trkpt lat="48.26463" lon="7.40628">
        <ele>184.5</ele>
      </trkpt>
      <trkpt lat="48.26459" lon="7.4063">
        <ele>184.4</ele>
      </trkpt>
      <trkpt lat="48.26441" lon="7.40613">
        <ele>184.3</ele>
      </trkpt>
      <trkpt lat="48.26424" lon="7.40594">
        <ele>184.4</ele>
      </trkpt>
      <trkpt lat="48.26407" lon="7.40569">
        <ele>184.5</ele>
      </trkpt>
      <trkpt lat="48.26391" lon="7.40542">
        <ele>184.5</ele>
      </trkpt>
      <trkpt lat="48.26382" lon="7.40528">
        <ele>184.6</ele>
      </trkpt>
      <trkpt lat="48.26377" lon="7.40522">
        <ele>184.8</ele>
      </trkpt>
      <trkpt lat="48.26371" lon="7.40518">
        <ele>184.8</ele>
      </trkpt>
      <trkpt lat="48.26365" lon="7.40514">
        <ele>184.9</ele>
      </trkpt>
      <trkpt lat="48.26359" lon="7.40511">
        <ele>185.0</ele>
      </trkpt>
      <trkpt lat="48.26344" lon="7.40506">
        <ele>184.9</ele>
      </trkpt>
      <trkpt lat="48.2633" lon="7.40502">
        <ele>184.9</ele>
      </trkpt>
      <trkpt lat="48.26322" lon="7.40501">
        <ele>184.9</ele>
      </trkpt>
      <trkpt lat="48.26274" lon="7.40502">
        <ele>185.2</ele>
      </trkpt>
      <trkpt lat="48.2624" lon="7.40503">
        <ele>185.6</ele>
      </trkpt>
      <trkpt lat="48.26207" lon="7.40504">
        <ele>185.9</ele>
      </trkpt>
      <trkpt lat="48.26174" lon="7.40505">
        <ele>186.2</ele>
      </trkpt>
      <trkpt lat="48.26157" lon="7.40505">
        <ele>186.5</ele>
      </trkpt>
      <trkpt lat="48.26144" lon="7.40504">
        <ele>186.9</ele>
      </trkpt>
      <trkpt lat="48.26127" lon="7.40498">
        <ele>187.2</ele>
      </trkpt>
      <trkpt lat="48.26115" lon="7.40493">
        <ele>187.5</ele>
      </trkpt>
      <trkpt lat="48.26105" lon="7.40488">
        <ele>187.9</ele>
      </trkpt>
      <trkpt lat="48.261" lon="7.40483">
        <ele>188.3</ele>
      </trkpt>
      <trkpt lat="48.26095" lon="7.40476">
        <ele>188.4</ele>
      </trkpt>
      <trkpt lat="48.26091" lon="7.40456">
        <ele>188.6</ele>
      </trkpt>
      <trkpt lat="48.2609" lon="7.40452">
        <ele>188.9</ele>
      </trkpt>
      <trkpt lat="48.26089" lon="7.40447">
        <ele>189.0</ele>
      </trkpt>
      <trkpt lat="48.26088" lon="7.40443">
        <ele>189.0</ele>
      </trkpt>
      <trkpt lat="48.26086" lon="7.40441">
        <ele>189.0</ele>
      </trkpt>
      <trkpt lat="48.26084" lon="7.40439">
        <ele>189.0</ele>
      </trkpt>
      <trkpt lat="48.26082" lon="7.40437">
        <ele>189.1</ele>
      </trkpt>
      <trkpt lat="48.26076" lon="7.40433">
        <ele>189.1</ele>
      </trkpt>
      <trkpt lat="48.26069" lon="7.40431">
        <ele>189.1</ele>
      </trkpt>
      <trkpt lat="48.26059" lon="7.40427">
        <ele>189.0</ele>
      </trkpt>
      <trkpt lat="48.26054" lon="7.40424">
        <ele>189.0</ele>
      </trkpt>
      <trkpt lat="48.26049" lon="7.40421">
        <ele>189.4</ele>
      </trkpt>
      <trkpt lat="48.26045" lon="7.40417">
        <ele>189.6</ele>
      </trkpt>
      <trkpt lat="48.26041" lon="7.40411">
        <ele>190.1</ele>
      </trkpt>
      <trkpt lat="48.2602" lon="7.40379">
        <ele>190.6</ele>
      </trkpt>
      <trkpt lat="48.26011" lon="7.40365">
        <ele>191.1</ele>
      </trkpt>
      <trkpt lat="48.26002" lon="7.4035">
        <ele>191.4</ele>
      </trkpt>
      <trkpt lat="48.25993" lon="7.40334">
        <ele>192.3</ele>
      </trkpt>
      <trkpt lat="48.25984" lon="7.40317">
        <ele>193.1</ele>
      </trkpt>
      <trkpt lat="48.25949" lon="7.40241">
        <ele>193.8</ele>
      </trkpt>
      <trkpt lat="48.25927" lon="7.40191">
        <ele>194.8</ele>
      </trkpt>
      <trkpt lat="48.25917" lon="7.40165">
        <ele>195.5</ele>
      </trkpt>
      <trkpt lat="48.25901" lon="7.40128">
        <ele>195.9</ele>
      </trkpt>
      <trkpt lat="48.25895" lon="7.40115">
        <ele>196.1</ele>
      </trkpt>
      <trkpt lat="48.2589" lon="7.40104">
        <ele>196.5</ele>
      </trkpt>
      <trkpt lat="48.25881" lon="7.40097">
        <ele>196.5</ele>
      </trkpt>
      <trkpt lat="48.25858" lon="7.4007">
        <ele>196.5</ele>
      </trkpt>
      <trkpt lat="48.25843" lon="7.40056">
        <ele>196.5</ele>
      </trkpt>
      <trkpt lat="48.25804" lon="7.40025">
        <ele>196.4</ele>
      </trkpt>
      <trkpt lat="48.25787" lon="7.40014">
        <ele>196.4</ele>
      </trkpt>
      <trkpt lat="48.25759" lon="7.39998">
        <ele>196.4</ele>
      </trkpt>
      <trkpt lat="48.25722" lon="7.39979">
        <ele>196.7</ele>
      </trkpt>
      <trkpt lat="48.25684" lon="7.39962">
        <ele>197.0</ele>
      </trkpt>
      <trkpt lat="48.25646" lon="7.39946">
        <ele>197.5</ele>
      </trkpt>
      <trkpt lat="48.25639" lon="7.39944">
        <ele>197.7</ele>
      </trkpt>
      <trkpt lat="48.25632" lon="7.39943">
        <ele>198.2</ele>
      </trkpt>
      <trkpt lat="48.25623" lon="7.39943">
        <ele>198.4</ele>
      </trkpt>
      <trkpt lat="48.25596" lon="7.39944">
        <ele>198.6</ele>
      </trkpt>
      <trkpt lat="48.25584" lon="7.39946">
        <ele>198.6</ele>
      </trkpt>
      <trkpt lat="48.25566" lon="7.39944">
        <ele>198.8</ele>
      </trkpt>
      <trkpt lat="48.25546" lon="7.39943">
        <ele>198.6</ele>
      </trkpt>
      <trkpt lat="48.25538" lon="7.39942">
        <ele>198.6</ele>
      </trkpt>
      <trkpt lat="48.25517" lon="7.39939">
        <ele>198.3</ele>
      </trkpt>
      <trkpt lat="48.25507" lon="7.39937">
        <ele>198.1</ele>
      </trkpt>
      <trkpt lat="48.25451" lon="7.39922">
        <ele>197.8</ele>
      </trkpt>
      <trkpt lat="48.25448" lon="7.39921">
        <ele>197.3</ele>
      </trkpt>
      <trkpt lat="48.25426" lon="7.39913">
        <ele>197.2</ele>
      </trkpt>
      <trkpt lat="48.25404" lon="7.39902">
        <ele>197.0</ele>
      </trkpt>
      <trkpt lat="48.25372" lon="7.39888">
        <ele>196.8</ele>
      </trkpt>
      <trkpt lat="48.25361" lon="7.3988">
        <ele>197.1</ele>
      </trkpt>
      <trkpt lat="48.25357" lon="7.39877">
        <ele>197.6</ele>
      </trkpt>
      <trkpt lat="48.25361" lon="7.39858">
        <ele>197.8</ele>
      </trkpt>
      <trkpt lat="48.25356" lon="7.39858">
        <ele>198.1</ele>
      </trkpt>
      <trkpt lat="48.25347" lon="7.39862">
        <ele>198.5</ele>
      </trkpt>
      <trkpt lat="48.25326" lon="7.39847">
        <ele>198.5</ele>
      </trkpt>
      <trkpt lat="48.25315" lon="7.39839">
        <ele>198.5</ele>
      </trkpt>
      <trkpt lat="48.25299" lon="7.39829">
        <ele>198.6</ele>
      </trkpt>
      <trkpt lat="48.25249" lon="7.39797">
        <ele>198.6</ele>
      </trkpt>
      <trkpt lat="48.25234" lon="7.3979">
        <ele>198.9</ele>
      </trkpt>
      <trkpt lat="48.25227" lon="7.39787">
        <ele>198.9</ele>
      </trkpt>
      <trkpt lat="48.25218" lon="7.39782">
        <ele>199.0</ele>
      </trkpt>
      <trkpt lat="48.25187" lon="7.39772">
        <ele>198.6</ele>
      </trkpt>
      <trkpt lat="48.2514" lon="7.39754">
        <ele>198.6</ele>
      </trkpt>
      <trkpt lat="48.25099" lon="7.39734">
        <ele>198.1</ele>
      </trkpt>
      <trkpt lat="48.2509" lon="7.3973">
        <ele>197.9</ele>
      </trkpt>
      <trkpt lat="48.25052" lon="7.39712">
        <ele>197.7</ele>
      </trkpt>
      <trkpt lat="48.25049" lon="7.39709">
        <ele>197.7</ele>
      </trkpt>
      <trkpt lat="48.25047" lon="7.39707">
        <ele>197.8</ele>
      </trkpt>
      <trkpt lat="48.25043" lon="7.39703">
        <ele>197.6</ele>
      </trkpt>
      <trkpt lat="48.25021" lon="7.39692">
        <ele>197.3</ele>
      </trkpt>
      <trkpt lat="48.24946" lon="7.39659">
        <ele>197.3</ele>
      </trkpt>
      <trkpt lat="48.24931" lon="7.39652">
        <ele>197.1</ele>
      </trkpt>
      <trkpt lat="48.24927" lon="7.39651">
        <ele>196.8</ele>
      </trkpt>
      <trkpt lat="48.24911" lon="7.39645">
        <ele>196.8</ele>
      </trkpt>
      <trkpt lat="48.24899" lon="7.39641">
        <ele>196.8</ele>
      </trkpt>
      <trkpt lat="48.2489" lon="7.39639">
        <ele>196.9</ele>
      </trkpt>
      <trkpt lat="48.24882" lon="7.39637">
        <ele>197.0</ele>
      </trkpt>
      <trkpt lat="48.24873" lon="7.39637">
        <ele>197.1</ele>
      </trkpt>
      <trkpt lat="48.24861" lon="7.39639">
        <ele>197.1</ele>
      </trkpt>
      <trkpt lat="48.24844" lon="7.39644">
        <ele>197.3</ele>
      </trkpt>
      <trkpt lat="48.24825" lon="7.3965">
        <ele>197.2</ele>
      </trkpt>
      <trkpt lat="48.24806" lon="7.39655">
        <ele>197.4</ele>
      </trkpt>
      <trkpt lat="48.24797" lon="7.39656">
        <ele>197.0</ele>
      </trkpt>
      <trkpt lat="48.24788" lon="7.39657">
        <ele>196.8</ele>
      </trkpt>
      <trkpt lat="48.24735" lon="7.39661">
        <ele>196.5</ele>
      </trkpt>
      <trkpt lat="48.24678" lon="7.39665">
        <ele>196.2</ele>
      </trkpt>
      <trkpt lat="48.24652" lon="7.3967">
        <ele>195.7</ele>
      </trkpt>
      <trkpt lat="48.24633" lon="7.39673">
        <ele>195.6</ele>
      </trkpt>
      <trkpt lat="48.24628" lon="7.39672">
        <ele>195.8</ele>
      </trkpt>
      <trkpt lat="48.24617" lon="7.39667">
        <ele>195.9</ele>
      </trkpt>
      <trkpt lat="48.24558" lon="7.39652">
        <ele>196.2</ele>
      </trkpt>
      <trkpt lat="48.24498" lon="7.39634">
        <ele>196.8</ele>
      </trkpt>
      <trkpt lat="48.24472" lon="7.39625">
        <ele>197.5</ele>
      </trkpt>
      <trkpt lat="48.24444" lon="7.39618">
        <ele>198.0</ele>
      </trkpt>
      <trkpt lat="48.2442" lon="7.39614">
        <ele>198.3</ele>
      </trkpt>
      <trkpt lat="48.24347" lon="7.39603">
        <ele>198.5</ele>
      </trkpt>
      <trkpt lat="48.24292" lon="7.39592">
        <ele>198.4</ele>
      </trkpt>
      <trkpt lat="48.24268" lon="7.39585">
        <ele>198.3</ele>
      </trkpt>
      <trkpt lat="48.24264" lon="7.39583">
        <ele>198.2</ele>
      </trkpt>
      <trkpt lat="48.24262" lon="7.39582">
        <ele>198.2</ele>
      </trkpt>
      <trkpt lat="48.24258" lon="7.3958">
        <ele>198.0</ele>
      </trkpt>
      <trkpt lat="48.24199" lon="7.39566">
        <ele>197.8</ele>
      </trkpt>
      <trkpt lat="48.24161" lon="7.39558">
        <ele>197.3</ele>
      </trkpt>
      <trkpt lat="48.24138" lon="7.39555">
        <ele>196.9</ele>
      </trkpt>
      <trkpt lat="48.24076" lon="7.3955">
        <ele>196.4</ele>
      </trkpt>
      <trkpt lat="48.24063" lon="7.3955">
        <ele>196.1</ele>
      </trkpt>
      <trkpt lat="48.24049" lon="7.39548">
        <ele>195.8</ele>
      </trkpt>
      <trkpt lat="48.24035" lon="7.39543">
        <ele>195.6</ele>
      </trkpt>
      <trkpt lat="48.24" lon="7.3953">
        <ele>195.3</ele>
      </trkpt>
      <trkpt lat="48.23904" lon="7.39487">
        <ele>195.3</ele>
      </trkpt>
      <trkpt lat="48.23829" lon="7.39456">
        <ele>195.2</ele>
      </trkpt>
      <trkpt lat="48.23812" lon="7.39448">
        <ele>195.3</ele>
      </trkpt>
      <trkpt lat="48.23794" lon="7.3944">
        <ele>195.3</ele>
      </trkpt>
      <trkpt lat="48.23757" lon="7.39427">
        <ele>195.4</ele>
      </trkpt>
      <trkpt lat="48.2374" lon="7.39421">
        <ele>195.2</ele>
      </trkpt>
      <trkpt lat="48.23722" lon="7.39414">
        <ele>195.1</ele>
      </trkpt>
      <trkpt lat="48.23716" lon="7.39413">
        <ele>194.5</ele>
      </trkpt>
      <trkpt lat="48.23687" lon="7.39403">
        <ele>193.9</ele>
      </trkpt>
      <trkpt lat="48.23589" lon="7.39366">
        <ele>193.1</ele>
      </trkpt>
      <trkpt lat="48.23526" lon="7.39342">
        <ele>191.8</ele>
      </trkpt>
      <trkpt lat="48.23498" lon="7.39331">
        <ele>190.3</ele>
      </trkpt>
      <trkpt lat="48.23444" lon="7.3931">
        <ele>189.1</ele>
      </trkpt>
      <trkpt lat="48.23393" lon="7.39292">
        <ele>188.0</ele>
      </trkpt>
      <trkpt lat="48.23382" lon="7.39286">
        <ele>187.2</ele>
      </trkpt>
      <trkpt lat="48.23378" lon="7.39281">
        <ele>186.8</ele>
      </trkpt>
      <trkpt lat="48.23374" lon="7.39275">
        <ele>186.7</ele>
      </trkpt>
      <trkpt lat="48.2337" lon="7.39269">
        <ele>186.6</ele>
      </trkpt>
      <trkpt lat="48.23351" lon="7.39245">
        <ele>186.5</ele>
      </trkpt>
      <trkpt lat="48.23342" lon="7.39243">
        <ele>186.5</ele>
      </trkpt>
      <trkpt lat="48.23336" lon="7.39243">
        <ele>186.5</ele>
      </trkpt>
      <trkpt lat="48.23334" lon="7.39241">
        <ele>186.5</ele>
      </trkpt>
      <trkpt lat="48.23328" lon="7.39235">
        <ele>186.6</ele>
      </trkpt>
      <trkpt lat="48.23323" lon="7.39229">
        <ele>186.7</ele>
      </trkpt>
      <trkpt lat="48.23317" lon="7.39223">
        <ele>186.7</ele>
      </trkpt>
      <trkpt lat="48.23311" lon="7.3922">
        <ele>186.8</ele>
      </trkpt>
      <trkpt lat="48.23303" lon="7.39215">
        <ele>187.2</ele>
      </trkpt>
      <trkpt lat="48.2329" lon="7.39209">
        <ele>187.4</ele>
      </trkpt>
      <trkpt lat="48.23255" lon="7.39194">
        <ele>187.6</ele>
      </trkpt>
      <trkpt lat="48.2324" lon="7.39187">
        <ele>188.3</ele>
      </trkpt>
      <trkpt lat="48.2321" lon="7.39167">
        <ele>189.1</ele>
      </trkpt>
      <trkpt lat="48.23186" lon="7.39149">
        <ele>189.5</ele>
      </trkpt>
      <trkpt lat="48.23116" lon="7.39101">
        <ele>190.1</ele>
      </trkpt>
      <trkpt lat="48.2305" lon="7.39061">
        <ele>190.7</ele>
      </trkpt>
      <trkpt lat="48.22987" lon="7.39023">
        <ele>191.2</ele>
      </trkpt>
      <trkpt lat="48.22932" lon="7.38993">
        <ele>191.4</ele>
      </trkpt>
      <trkpt lat="48.22896" lon="7.38975">
        <ele>191.6</ele>
      </trkpt>
      <trkpt lat="48.2289" lon="7.3897">
        <ele>191.9</ele>
      </trkpt>
      <trkpt lat="48.22879" lon="7.38961">
        <ele>192.5</ele>
      </trkpt>
      <trkpt lat="48.22848" lon="7.38933">
        <ele>192.8</ele>
      </trkpt>
      <trkpt lat="48.22784" lon="7.38872">
        <ele>193.3</ele>
      </trkpt>
      <trkpt lat="48.22743" lon="7.38835">
        <ele>193.8</ele>
      </trkpt>
      <trkpt lat="48.22675" lon="7.38774">
        <ele>194.2</ele>
      </trkpt>
      <trkpt lat="48.22603" lon="7.38711">
        <ele>194.2</ele>
      </trkpt>
      <trkpt lat="48.22596" lon="7.38707">
        <ele>194.3</ele>
      </trkpt>
      <trkpt lat="48.22593" lon="7.38706">
        <ele>194.1</ele>
      </trkpt>
      <trkpt lat="48.22589" lon="7.38705">
        <ele>194.0</ele>
      </trkpt>
      <trkpt lat="48.22579" lon="7.387">
        <ele>194.0</ele>
      </trkpt>
      <trkpt lat="48.22571" lon="7.38696">
        <ele>193.9</ele>
      </trkpt>
      <trkpt lat="48.22555" lon="7.38686">
        <ele>193.9</ele>
      </trkpt>
      <trkpt lat="48.22447" lon="7.38603">
        <ele>193.9</ele>
      </trkpt>
      <trkpt lat="48.22389" lon="7.3856">
        <ele>193.8</ele>
      </trkpt>
      <trkpt lat="48.22338" lon="7.3852">
        <ele>193.8</ele>
      </trkpt>
      <trkpt lat="48.22314" lon="7.38504">
        <ele>193.6</ele>
      </trkpt>
      <trkpt lat="48.22291" lon="7.38491">
        <ele>193.2</ele>
      </trkpt>
      <trkpt lat="48.22259" lon="7.38478">
        <ele>192.9</ele>
      </trkpt>
      <trkpt lat="48.22203" lon="7.38458">
        <ele>192.6</ele>
      </trkpt>
      <trkpt lat="48.22153" lon="7.38437">
        <ele>192.4</ele>
      </trkpt>
      <trkpt lat="48.22104" lon="7.38418">
        <ele>192.4</ele>
      </trkpt>
      <trkpt lat="48.22088" lon="7.38408">
        <ele>192.6</ele>
      </trkpt>
      <trkpt lat="48.22065" lon="7.38388">
        <ele>192.7</ele>
      </trkpt>
      <trkpt lat="48.22019" lon="7.38346">
        <ele>192.8</ele>
      </trkpt>
      <trkpt lat="48.21963" lon="7.38297">
        <ele>192.9</ele>
      </trkpt>
      <trkpt lat="48.21949" lon="7.38284">
        <ele>192.8</ele>
      </trkpt>
      <trkpt lat="48.21941" lon="7.38277">
        <ele>193.0</ele>
      </trkpt>
      <trkpt lat="48.21932" lon="7.38271">
        <ele>193.0</ele>
      </trkpt>
      <trkpt lat="48.21919" lon="7.38263">
        <ele>193.2</ele>
      </trkpt>
      <trkpt lat="48.21905" lon="7.38257">
        <ele>193.3</ele>
      </trkpt>
      <trkpt lat="48.21896" lon="7.38253">
        <ele>193.6</ele>
      </trkpt>
      <trkpt lat="48.21882" lon="7.3825">
        <ele>193.7</ele>
      </trkpt>
      <trkpt lat="48.21824" lon="7.38238">
        <ele>193.9</ele>
      </trkpt>
      <trkpt lat="48.21785" lon="7.3823">
        <ele>193.8</ele>
      </trkpt>
      <trkpt lat="48.2175" lon="7.3822">
        <ele>193.7</ele>
      </trkpt>
      <trkpt lat="48.21728" lon="7.3821">
        <ele>193.2</ele>
      </trkpt>
      <trkpt lat="48.2172" lon="7.38208">
        <ele>192.3</ele>
      </trkpt>
      <trkpt lat="48.21655" lon="7.38193">
        <ele>191.3</ele>
      </trkpt>
      <trkpt lat="48.21592" lon="7.38185">
        <ele>190.2</ele>
      </trkpt>
      <trkpt lat="48.21529" lon="7.38178">
        <ele>189.1</ele>
      </trkpt>
      <trkpt lat="48.21497" lon="7.38174">
        <ele>188.2</ele>
      </trkpt>
      <trkpt lat="48.21487" lon="7.3817">
        <ele>187.9</ele>
      </trkpt>
      <trkpt lat="48.21478" lon="7.38163">
        <ele>187.7</ele>
      </trkpt>
      <trkpt lat="48.21469" lon="7.38154">
        <ele>187.6</ele>
      </trkpt>
      <trkpt lat="48.21459" lon="7.38143">
        <ele>187.3</ele>
      </trkpt>
      <trkpt lat="48.2145" lon="7.38131">
        <ele>187.1</ele>
      </trkpt>
      <trkpt lat="48.21388" lon="7.38056">
        <ele>187.0</ele>
      </trkpt>
      <trkpt lat="48.21358" lon="7.38022">
        <ele>186.9</ele>
      </trkpt>
      <trkpt lat="48.213" lon="7.37955">
        <ele>187.0</ele>
      </trkpt>
      <trkpt lat="48.2128" lon="7.37932">
        <ele>187.2</ele>
      </trkpt>
      <trkpt lat="48.21255" lon="7.37902">
        <ele>187.4</ele>
      </trkpt>
      <trkpt lat="48.21245" lon="7.37892">
        <ele>187.6</ele>
      </trkpt>
      <trkpt lat="48.2123" lon="7.37876">
        <ele>187.8</ele>
      </trkpt>
      <trkpt lat="48.21215" lon="7.37864">
        <ele>187.8</ele>
      </trkpt>
      <trkpt lat="48.21206" lon="7.37858">
        <ele>187.9</ele>
      </trkpt>
      <trkpt lat="48.21197" lon="7.37853">
        <ele>188.1</ele>
      </trkpt>
      <trkpt lat="48.21135" lon="7.37827">
        <ele>188.2</ele>
      </trkpt>
      <trkpt lat="48.21112" lon="7.37817">
        <ele>188.3</ele>
      </trkpt>
      <trkpt lat="48.21097" lon="7.3781">
        <ele>188.5</ele>
      </trkpt>
      <trkpt lat="48.21077" lon="7.37797">
        <ele>188.6</ele>
      </trkpt>
      <trkpt lat="48.21069" lon="7.3779">
        <ele>188.7</ele>
      </trkpt>
      <trkpt lat="48.21057" lon="7.37785">
        <ele>188.9</ele>
      </trkpt>
      <trkpt lat="48.20982" lon="7.37744">
        <ele>189.2</ele>
      </trkpt>
      <trkpt lat="48.20943" lon="7.37723">
        <ele>189.4</ele>
      </trkpt>
      <trkpt lat="48.20917" lon="7.37704">
        <ele>190.3</ele>
      </trkpt>
      <trkpt lat="48.20903" lon="7.3769">
        <ele>190.6</ele>
      </trkpt>
      <trkpt lat="48.20815" lon="7.37599">
        <ele>191.3</ele>
      </trkpt>
      <trkpt lat="48.20792" lon="7.37575">
        <ele>192.4</ele>
      </trkpt>
      <trkpt lat="48.20763" lon="7.37546">
        <ele>193.4</ele>
      </trkpt>
      <trkpt lat="48.20669" lon="7.37466">
        <ele>194.0</ele>
      </trkpt>
      <trkpt lat="48.20658" lon="7.37458">
        <ele>194.1</ele>
      </trkpt>
      <trkpt lat="48.20628" lon="7.37447">
        <ele>194.3</ele>
      </trkpt>
      <trkpt lat="48.20618" lon="7.37446">
        <ele>194.3</ele>
      </trkpt>
      <trkpt lat="48.20612" lon="7.37446">
        <ele>194.4</ele>
      </trkpt>
      <trkpt lat="48.20596" lon="7.37424">
        <ele>194.5</ele>
      </trkpt>
      <trkpt lat="48.20576" lon="7.37394">
        <ele>194.9</ele>
      </trkpt>
      <trkpt lat="48.2057" lon="7.37383">
        <ele>195.2</ele>
      </trkpt>
      <trkpt lat="48.20567" lon="7.37376">
        <ele>195.3</ele>
      </trkpt>
      <trkpt lat="48.20563" lon="7.37368">
        <ele>195.6</ele>
      </trkpt>
      <trkpt lat="48.20561" lon="7.37354">
        <ele>196.2</ele>
      </trkpt>
      <trkpt lat="48.20543" lon="7.37214">
        <ele>196.7</ele>
      </trkpt>
      <trkpt lat="48.2054" lon="7.37191">
        <ele>197.1</ele>
      </trkpt>
      <trkpt lat="48.20529" lon="7.37189">
        <ele>197.5</ele>
      </trkpt>
      <trkpt lat="48.20501" lon="7.37178">
        <ele>197.7</ele>
      </trkpt>
      <trkpt lat="48.20468" lon="7.37162">
        <ele>197.6</ele>
      </trkpt>
      <trkpt lat="48.20461" lon="7.37159">
        <ele>197.6</ele>
      </trkpt>
      <trkpt lat="48.20428" lon="7.37145">
        <ele>197.6</ele>
      </trkpt>
      <trkpt lat="48.20421" lon="7.37141">
        <ele>197.5</ele>
      </trkpt>
      <trkpt lat="48.20404" lon="7.37133">
        <ele>197.7</ele>
      </trkpt>
      <trkpt lat="48.20385" lon="7.37125">
        <ele>198.1</ele>
      </trkpt>
      <trkpt lat="48.20337" lon="7.37104">
        <ele>198.5</ele>
      </trkpt>
      <trkpt lat="48.20256" lon="7.37069">
        <ele>198.9</ele>
      </trkpt>
      <trkpt lat="48.20194" lon="7.37041">
        <ele>199.4</ele>
      </trkpt>
      <trkpt lat="48.2019" lon="7.37033">
        <ele>199.6</ele>
      </trkpt>
      <trkpt lat="48.20189" lon="7.3702">
        <ele>199.5</ele>
      </trkpt>
      <trkpt lat="48.20188" lon="7.36999">
        <ele>199.9</ele>
      </trkpt>
      <trkpt lat="48.2019" lon="7.36976">
        <ele>200.4</ele>
      </trkpt>
      <trkpt lat="48.20211" lon="7.36894">
        <ele>200.9</ele>
      </trkpt>
      <trkpt lat="48.20218" lon="7.36868">
        <ele>201.4</ele>
      </trkpt>
      <trkpt lat="48.20228" lon="7.36832">
        <ele>201.9</ele>
      </trkpt>
      <trkpt lat="48.20231" lon="7.36823">
        <ele>202.3</ele>
      </trkpt>
      <trkpt lat="48.20262" lon="7.36746">
        <ele>202.3</ele>
      </trkpt>
      <trkpt lat="48.20292" lon="7.36669">
        <ele>202.4</ele>
      </trkpt>
      <trkpt lat="48.20283" lon="7.36668">
        <ele>202.4</ele>
      </trkpt>
      <trkpt lat="48.20274" lon="7.36669">
        <ele>201.5</ele>
      </trkpt>
      <trkpt lat="48.2025" lon="7.36675">
        <ele>200.3</ele>
      </trkpt>
      <trkpt lat="48.1997" lon="7.36762">
        <ele>199.3</ele>
      </trkpt>
      <trkpt lat="48.19941" lon="7.36766">
        <ele>198.2</ele>
      </trkpt>
      <trkpt lat="48.19942" lon="7.36761">
        <ele>197.3</ele>
      </trkpt>
      <trkpt lat="48.19942" lon="7.36755">
        <ele>197.1</ele>
      </trkpt>
      <trkpt lat="48.1994" lon="7.36751">
        <ele>196.7</ele>
      </trkpt>
      <trkpt lat="48.19908" lon="7.36704">
        <ele>196.2</ele>
      </trkpt>
      <trkpt lat="48.19875" lon="7.36658">
        <ele>195.7</ele>
      </trkpt>
      <trkpt lat="48.19864" lon="7.36641">
        <ele>194.9</ele>
      </trkpt>
      <trkpt lat="48.19837" lon="7.36611">
        <ele>194.3</ele>
      </trkpt>
      <trkpt lat="48.19773" lon="7.36553">
        <ele>194.0</ele>
      </trkpt>
      <trkpt lat="48.19767" lon="7.36549">
        <ele>193.5</ele>
      </trkpt>
      <trkpt lat="48.19721" lon="7.36527">
        <ele>192.8</ele>
      </trkpt>
      <trkpt lat="48.19663" lon="7.365">
        <ele>192.3</ele>
      </trkpt>
      <trkpt lat="48.19566" lon="7.36456">
        <ele>191.9</ele>
      </trkpt>
      <trkpt lat="48.19546" lon="7.36447">
        <ele>191.5</ele>
      </trkpt>
      <trkpt lat="48.19521" lon="7.36435">
        <ele>191.2</ele>
      </trkpt>
      <trkpt lat="48.19437" lon="7.36398">
        <ele>191.1</ele>
      </trkpt>
      <trkpt lat="48.19434" lon="7.36415">
        <ele>191.0</ele>
      </trkpt>
      <trkpt lat="48.19359" lon="7.36385">
        <ele>190.8</ele>
      </trkpt>
      <trkpt lat="48.1933" lon="7.36372">
        <ele>190.5</ele>
      </trkpt>
      <trkpt lat="48.19321" lon="7.36365">
        <ele>190.7</ele>
      </trkpt>
      <trkpt lat="48.19318" lon="7.3636">
        <ele>190.8</ele>
      </trkpt>
      <trkpt lat="48.19313" lon="7.36356">
        <ele>191.0</ele>
      </trkpt>
      <trkpt lat="48.19301" lon="7.36349">
        <ele>191.5</ele>
      </trkpt>
      <trkpt lat="48.19242" lon="7.36313">
        <ele>191.9</ele>
      </trkpt>
      <trkpt lat="48.19173" lon="7.36262">
        <ele>192.0</ele>
      </trkpt>
      <trkpt lat="48.19144" lon="7.36244">
        <ele>192.3</ele>
      </trkpt>
      <trkpt lat="48.19133" lon="7.36236">
        <ele>192.5</ele>
      </trkpt>
      <trkpt lat="48.19119" lon="7.36224">
        <ele>193.1</ele>
      </trkpt>
      <trkpt lat="48.19045" lon="7.3615">
        <ele>193.6</ele>
      </trkpt>
      <trkpt lat="48.1891" lon="7.36014">
        <ele>194.2</ele>
      </trkpt>
      <trkpt lat="48.18902" lon="7.36005">
        <ele>194.7</ele>
      </trkpt>
      <trkpt lat="48.18889" lon="7.35997">
        <ele>195.5</ele>
      </trkpt>
      <trkpt lat="48.18862" lon="7.35979">
        <ele>195.9</ele>
      </trkpt>
      <trkpt lat="48.18818" lon="7.35948">
        <ele>196.0</ele>
      </trkpt>
      <trkpt lat="48.1881" lon="7.35945">
        <ele>195.9</ele>
      </trkpt>
      <trkpt lat="48.18746" lon="7.359">
        <ele>196.0</ele>
      </trkpt>
      <trkpt lat="48.18628" lon="7.35812">
        <ele>195.7</ele>
      </trkpt>
      <trkpt lat="48.18615" lon="7.35802">
        <ele>195.3</ele>
      </trkpt>
      <trkpt lat="48.18526" lon="7.35738">
        <ele>195.5</ele>
      </trkpt>
      <trkpt lat="48.18517" lon="7.3573">
        <ele>195.7</ele>
      </trkpt>
      <trkpt lat="48.18456" lon="7.35675">
        <ele>195.7</ele>
      </trkpt>
      <trkpt lat="48.18426" lon="7.35654">
        <ele>196.2</ele>
      </trkpt>
      <trkpt lat="48.18344" lon="7.35587">
        <ele>196.3</ele>
      </trkpt>
      <trkpt lat="48.1831" lon="7.35561">
        <ele>196.5</ele>
      </trkpt>
      <trkpt lat="48.18292" lon="7.35549">
        <ele>197.0</ele>
      </trkpt>
      <trkpt lat="48.18273" lon="7.35538">
        <ele>196.8</ele>
      </trkpt>
      <trkpt lat="48.18251" lon="7.35528">
        <ele>196.5</ele>
      </trkpt>
      <trkpt lat="48.18227" lon="7.35518">
        <ele>196.3</ele>
      </trkpt>
      <trkpt lat="48.18205" lon="7.3551">
        <ele>195.5</ele>
      </trkpt>
      <trkpt lat="48.18137" lon="7.35497">
        <ele>194.5</ele>
      </trkpt>
      <trkpt lat="48.18105" lon="7.3549">
        <ele>194.1</ele>
      </trkpt>
      <trkpt lat="48.18083" lon="7.35481">
        <ele>193.8</ele>
      </trkpt>
      <trkpt lat="48.1807" lon="7.35474">
        <ele>193.5</ele>
      </trkpt>
      <trkpt lat="48.18059" lon="7.35467">
        <ele>193.3</ele>
      </trkpt>
      <trkpt lat="48.18002" lon="7.35431">
        <ele>193.0</ele>
      </trkpt>
      <trkpt lat="48.17954" lon="7.35406">
        <ele>192.9</ele>
      </trkpt>
      <trkpt lat="48.17933" lon="7.35393">
        <ele>195.0</ele>
      </trkpt>
      <trkpt lat="48.17912" lon="7.35379">
        <ele>196.6</ele>
      </trkpt>
      <trkpt lat="48.17875" lon="7.35353">
        <ele>198.4</ele>
      </trkpt>
      <trkpt lat="48.17871" lon="7.3535">
        <ele>199.0</ele>
      </trkpt>
      <trkpt lat="48.17868" lon="7.35348">
        <ele>199.8</ele>
      </trkpt>
      <trkpt lat="48.17846" lon="7.35336">
        <ele>198.4</ele>
      </trkpt>
      <trkpt lat="48.17841" lon="7.35334">
        <ele>196.6</ele>
      </trkpt>
      <trkpt lat="48.17836" lon="7.35333">
        <ele>194.7</ele>
      </trkpt>
      <trkpt lat="48.17817" lon="7.35327">
        <ele>194.1</ele>
      </trkpt>
      <trkpt lat="48.17813" lon="7.35326">
        <ele>193.3</ele>
      </trkpt>
      <trkpt lat="48.17809" lon="7.35324">
        <ele>192.3</ele>
      </trkpt>
      <trkpt lat="48.17805" lon="7.35322">
        <ele>192.6</ele>
      </trkpt>
      <trkpt lat="48.17802" lon="7.35319">
        <ele>192.5</ele>
      </trkpt>
      <trkpt lat="48.17795" lon="7.35312">
        <ele>192.4</ele>
      </trkpt>
      <trkpt lat="48.17792" lon="7.35308">
        <ele>192.4</ele>
      </trkpt>
      <trkpt lat="48.17788" lon="7.35303">
        <ele>192.2</ele>
      </trkpt>
      <trkpt lat="48.17766" lon="7.35265">
        <ele>191.9</ele>
      </trkpt>
      <trkpt lat="48.17762" lon="7.35259">
        <ele>191.9</ele>
      </trkpt>
      <trkpt lat="48.17759" lon="7.35255">
        <ele>191.8</ele>
      </trkpt>
      <trkpt lat="48.17754" lon="7.35252">
        <ele>191.5</ele>
      </trkpt>
      <trkpt lat="48.17725" lon="7.35235">
        <ele>191.3</ele>
      </trkpt>
      <trkpt lat="48.17681" lon="7.35209">
        <ele>191.1</ele>
      </trkpt>
      <trkpt lat="48.17663" lon="7.35197">
        <ele>190.9</ele>
      </trkpt>
      <trkpt lat="48.17657" lon="7.35192">
        <ele>190.8</ele>
      </trkpt>
      <trkpt lat="48.17653" lon="7.35188">
        <ele>190.8</ele>
      </trkpt>
      <trkpt lat="48.17649" lon="7.35184">
        <ele>190.7</ele>
      </trkpt>
      <trkpt lat="48.17646" lon="7.3518">
        <ele>190.7</ele>
      </trkpt>
      <trkpt lat="48.1764" lon="7.35174">
        <ele>190.6</ele>
      </trkpt>
      <trkpt lat="48.17624" lon="7.35165">
        <ele>190.5</ele>
      </trkpt>
      <trkpt lat="48.17585" lon="7.35143">
        <ele>190.1</ele>
      </trkpt>
      <trkpt lat="48.17517" lon="7.35097">
        <ele>189.6</ele>
      </trkpt>
      <trkpt lat="48.175" lon="7.35083">
        <ele>189.3</ele>
      </trkpt>
      <trkpt lat="48.17436" lon="7.35026">
        <ele>188.8</ele>
      </trkpt>
      <trkpt lat="48.17354" lon="7.34955">
        <ele>188.5</ele>
      </trkpt>
      <trkpt lat="48.17328" lon="7.34931">
        <ele>188.1</ele>
      </trkpt>
      <trkpt lat="48.17295" lon="7.34908">
        <ele>187.8</ele>
      </trkpt>
      <trkpt lat="48.17287" lon="7.34902">
        <ele>187.4</ele>
      </trkpt>
      <trkpt lat="48.17279" lon="7.34895">
        <ele>187.2</ele>
      </trkpt>
      <trkpt lat="48.17214" lon="7.3485">
        <ele>186.9</ele>
      </trkpt>
      <trkpt lat="48.17174" lon="7.34822">
        <ele>186.7</ele>
      </trkpt>
      <trkpt lat="48.17159" lon="7.34813">
        <ele>186.3</ele>
      </trkpt>
      <trkpt lat="48.17139" lon="7.34794">
        <ele>186.0</ele>
      </trkpt>
      <trkpt lat="48.17006" lon="7.34662">
        <ele>185.7</ele>
      </trkpt>
      <trkpt lat="48.16969" lon="7.34626">
        <ele>185.4</ele>
      </trkpt>
      <trkpt lat="48.16966" lon="7.34623">
        <ele>185.0</ele>
      </trkpt>
      <trkpt lat="48.16963" lon="7.3462">
        <ele>184.8</ele>
      </trkpt>
      <trkpt lat="48.16894" lon="7.3455">
        <ele>184.6</ele>
      </trkpt>
      <trkpt lat="48.16878" lon="7.34535">
        <ele>184.5</ele>
      </trkpt>
      <trkpt lat="48.16836" lon="7.34502">
        <ele>184.4</ele>
      </trkpt>
      <trkpt lat="48.16791" lon="7.34473">
        <ele>184.3</ele>
      </trkpt>
      <trkpt lat="48.16716" lon="7.34427">
        <ele>184.3</ele>
      </trkpt>
      <trkpt lat="48.16674" lon="7.34405">
        <ele>184.7</ele>
      </trkpt>
      <trkpt lat="48.16596" lon="7.34367">
        <ele>184.4</ele>
      </trkpt>
      <trkpt lat="48.16524" lon="7.34328">
        <ele>184.1</ele>
      </trkpt>
      <trkpt lat="48.1646" lon="7.34291">
        <ele>183.8</ele>
      </trkpt>
      <trkpt lat="48.1632" lon="7.34216">
        <ele>183.8</ele>
      </trkpt>
      <trkpt lat="48.16208" lon="7.34159">
        <ele>183.2</ele>
      </trkpt>
      <trkpt lat="48.16156" lon="7.34134">
        <ele>182.9</ele>
      </trkpt>
      <trkpt lat="48.16132" lon="7.34144">
        <ele>182.9</ele>
      </trkpt>
      <trkpt lat="48.16123" lon="7.34143">
        <ele>183.0</ele>
      </trkpt>
      <trkpt lat="48.16113" lon="7.3414">
        <ele>182.8</ele>
      </trkpt>
      <trkpt lat="48.1611" lon="7.34139">
        <ele>182.9</ele>
      </trkpt>
      <trkpt lat="48.16105" lon="7.34137">
        <ele>182.9</ele>
      </trkpt>
      <trkpt lat="48.16097" lon="7.34134">
        <ele>183.1</ele>
      </trkpt>
      <trkpt lat="48.16085" lon="7.34132">
        <ele>183.2</ele>
      </trkpt>
      <trkpt lat="48.16069" lon="7.34136">
        <ele>183.3</ele>
      </trkpt>
      <trkpt lat="48.1606" lon="7.34136">
        <ele>183.4</ele>
      </trkpt>
      <trkpt lat="48.16038" lon="7.34127">
        <ele>183.6</ele>
      </trkpt>
      <trkpt lat="48.15932" lon="7.34079">
        <ele>183.5</ele>
      </trkpt>
      <trkpt lat="48.15895" lon="7.34062">
        <ele>183.6</ele>
      </trkpt>
      <trkpt lat="48.1589" lon="7.3406">
        <ele>183.8</ele>
      </trkpt>
      <trkpt lat="48.15882" lon="7.34056">
        <ele>184.2</ele>
      </trkpt>
      <trkpt lat="48.15832" lon="7.34027">
        <ele>184.5</ele>
      </trkpt>
      <trkpt lat="48.15793" lon="7.34005">
        <ele>184.9</ele>
      </trkpt>
      <trkpt lat="48.15783" lon="7.33998">
        <ele>185.2</ele>
      </trkpt>
      <trkpt lat="48.15775" lon="7.3399">
        <ele>185.3</ele>
      </trkpt>
      <trkpt lat="48.15762" lon="7.33975">
        <ele>185.5</ele>
      </trkpt>
      <trkpt lat="48.15737" lon="7.33946">
        <ele>185.8</ele>
      </trkpt>
      <trkpt lat="48.15722" lon="7.33932">
        <ele>186.4</ele>
      </trkpt>
      <trkpt lat="48.15709" lon="7.33922">
        <ele>187.0</ele>
      </trkpt>
      <trkpt lat="48.15687" lon="7.33909">
        <ele>188.6</ele>
      </trkpt>
      <trkpt lat="48.15657" lon="7.33895">
        <ele>190.4</ele>
      </trkpt>
      <trkpt lat="48.15615" lon="7.3388">
        <ele>191.4</ele>
      </trkpt>
      <trkpt lat="48.15595" lon="7.33873">
        <ele>192.5</ele>
      </trkpt>
      <trkpt lat="48.15575" lon="7.33866">
        <ele>193.8</ele>
      </trkpt>
      <trkpt lat="48.15551" lon="7.3386">
        <ele>194.7</ele>
      </trkpt>
      <trkpt lat="48.15505" lon="7.33849">
        <ele>195.5</ele>
      </trkpt>
      <trkpt lat="48.15464" lon="7.33838">
        <ele>196.7</ele>
      </trkpt>
      <trkpt lat="48.15443" lon="7.33832">
        <ele>198.0</ele>
      </trkpt>
      <trkpt lat="48.15422" lon="7.33823">
        <ele>198.6</ele>
      </trkpt>
      <trkpt lat="48.15401" lon="7.33811">
        <ele>199.2</ele>
      </trkpt>
      <trkpt lat="48.15373" lon="7.33812">
        <ele>199.0</ele>
      </trkpt>
      <trkpt lat="48.15345" lon="7.33794">
        <ele>199.0</ele>
      </trkpt>
      <trkpt lat="48.15321" lon="7.33775">
        <ele>199.2</ele>
      </trkpt>
      <trkpt lat="48.1531" lon="7.33767">
        <ele>199.4</ele>
      </trkpt>
      <trkpt lat="48.15297" lon="7.33758">
        <ele>199.0</ele>
      </trkpt>
      <trkpt lat="48.15282" lon="7.3375">
        <ele>199.1</ele>
      </trkpt>
      <trkpt lat="48.15267" lon="7.33742">
        <ele>198.9</ele>
      </trkpt>
      <trkpt lat="48.15246" lon="7.33733">
        <ele>198.6</ele>
      </trkpt>
      <trkpt lat="48.15213" lon="7.33719">
        <ele>198.1</ele>
      </trkpt>
      <trkpt lat="48.15178" lon="7.33703">
        <ele>197.4</ele>
      </trkpt>
      <trkpt lat="48.1515" lon="7.33692">
        <ele>197.0</ele>
      </trkpt>
      <trkpt lat="48.15131" lon="7.33684">
        <ele>196.7</ele>
      </trkpt>
      <trkpt lat="48.15102" lon="7.33669">
        <ele>196.2</ele>
      </trkpt>
      <trkpt lat="48.15081" lon="7.33656">
        <ele>196.2</ele>
      </trkpt>
      <trkpt lat="48.15061" lon="7.33641">
        <ele>196.5</ele>
      </trkpt>
      <trkpt lat="48.15037" lon="7.33623">
        <ele>196.4</ele>
      </trkpt>
      <trkpt lat="48.15007" lon="7.336">
        <ele>196.2</ele>
      </trkpt>
      <trkpt lat="48.14981" lon="7.3358">
        <ele>196.1</ele>
      </trkpt>
      <trkpt lat="48.14955" lon="7.33561">
        <ele>195.6</ele>
      </trkpt>
      <trkpt lat="48.14927" lon="7.33544">
        <ele>195.3</ele>
      </trkpt>
      <trkpt lat="48.14891" lon="7.33525">
        <ele>195.3</ele>
      </trkpt>
      <trkpt lat="48.14886" lon="7.33522">
        <ele>195.5</ele>
      </trkpt>
      <trkpt lat="48.1486" lon="7.33505">
        <ele>195.7</ele>
      </trkpt>
      <trkpt lat="48.14828" lon="7.33468">
        <ele>195.7</ele>
      </trkpt>
      <trkpt lat="48.14822" lon="7.33458">
        <ele>195.7</ele>
      </trkpt>
      <trkpt lat="48.14778" lon="7.3338">
        <ele>195.9</ele>
      </trkpt>
      <trkpt lat="48.14761" lon="7.33353">
        <ele>195.9</ele>
      </trkpt>
      <trkpt lat="48.14736" lon="7.33305">
        <ele>195.9</ele>
      </trkpt>
      <trkpt lat="48.14724" lon="7.33286">
        <ele>196.0</ele>
      </trkpt>
      <trkpt lat="48.14713" lon="7.33272">
        <ele>196.1</ele>
      </trkpt>
      <trkpt lat="48.14701" lon="7.33259">
        <ele>196.1</ele>
      </trkpt>
      <trkpt lat="48.14678" lon="7.33238">
        <ele>196.1</ele>
      </trkpt>
      <trkpt lat="48.14653" lon="7.33224">
        <ele>196.1</ele>
      </trkpt>
      <trkpt lat="48.14645" lon="7.33215">
        <ele>196.0</ele>
      </trkpt>
      <trkpt lat="48.14629" lon="7.33198">
        <ele>196.0</ele>
      </trkpt>
      <trkpt lat="48.14613" lon="7.33181">
        <ele>195.9</ele>
      </trkpt>
      <trkpt lat="48.14596" lon="7.33162">
        <ele>195.9</ele>
      </trkpt>
      <trkpt lat="48.14581" lon="7.33142">
        <ele>196.0</ele>
      </trkpt>
      <trkpt lat="48.1456" lon="7.33113">
        <ele>196.0</ele>
      </trkpt>
      <trkpt lat="48.1455" lon="7.331">
        <ele>195.9</ele>
      </trkpt>
      <trkpt lat="48.14534" lon="7.33083">
        <ele>195.8</ele>
      </trkpt>
      <trkpt lat="48.14509" lon="7.33057">
        <ele>195.5</ele>
      </trkpt>
      <trkpt lat="48.14474" lon="7.3302">
        <ele>195.2</ele>
      </trkpt>
      <trkpt lat="48.14441" lon="7.32978">
        <ele>194.9</ele>
      </trkpt>
      <trkpt lat="48.1442" lon="7.3295">
        <ele>194.8</ele>
      </trkpt>
      <trkpt lat="48.144" lon="7.32919">
        <ele>195.0</ele>
      </trkpt>
      <trkpt lat="48.14359" lon="7.32853">
        <ele>195.3</ele>
      </trkpt>
      <trkpt lat="48.14339" lon="7.32822">
        <ele>195.6</ele>
      </trkpt>
      <trkpt lat="48.14332" lon="7.32814">
        <ele>195.9</ele>
      </trkpt>
      <trkpt lat="48.14298" lon="7.32785">
        <ele>196.4</ele>
      </trkpt>
      <trkpt lat="48.14271" lon="7.32765">
        <ele>196.6</ele>
      </trkpt>
      <trkpt lat="48.1424" lon="7.32746">
        <ele>197.3</ele>
      </trkpt>
      <trkpt lat="48.14238" lon="7.32744">
        <ele>197.9</ele>
      </trkpt>
      <trkpt lat="48.14235" lon="7.32742">
        <ele>198.8</ele>
      </trkpt>
      <trkpt lat="48.14231" lon="7.3274">
        <ele>199.4</ele>
      </trkpt>
      <trkpt lat="48.14178" lon="7.32707">
        <ele>200.2</ele>
      </trkpt>
      <trkpt lat="48.1412" lon="7.32666">
        <ele>200.6</ele>
      </trkpt>
      <trkpt lat="48.14051" lon="7.3261">
        <ele>200.3</ele>
      </trkpt>
      <trkpt lat="48.13992" lon="7.32562">
        <ele>199.7</ele>
      </trkpt>
      <trkpt lat="48.13953" lon="7.32691">
        <ele>198.9</ele>
      </trkpt>
      <trkpt lat="48.13951" lon="7.32705">
        <ele>198.1</ele>
      </trkpt>
      <trkpt lat="48.13875" lon="7.32692">
        <ele>197.2</ele>
      </trkpt>
      <trkpt lat="48.13757" lon="7.32676">
        <ele>197.1</ele>
      </trkpt>
      <trkpt lat="48.13726" lon="7.32667">
        <ele>197.0</ele>
      </trkpt>
      <trkpt lat="48.13704" lon="7.32661">
        <ele>197.0</ele>
      </trkpt>
      <trkpt lat="48.13676" lon="7.32653">
        <ele>196.8</ele>
      </trkpt>
      <trkpt lat="48.13638" lon="7.32647">
        <ele>196.6</ele>
      </trkpt>
      <trkpt lat="48.13609" lon="7.32644">
        <ele>196.4</ele>
      </trkpt>
      <trkpt lat="48.13561" lon="7.32644">
        <ele>196.2</ele>
      </trkpt>
      <trkpt lat="48.13547" lon="7.32638">
        <ele>196.1</ele>
      </trkpt>
      <trkpt lat="48.13535" lon="7.32631">
        <ele>196.1</ele>
      </trkpt>
      <trkpt lat="48.13529" lon="7.32621">
        <ele>196.2</ele>
      </trkpt>
      <trkpt lat="48.1353" lon="7.32578">
        <ele>196.4</ele>
      </trkpt>
      <trkpt lat="48.13528" lon="7.32503">
        <ele>196.7</ele>
      </trkpt>
      <trkpt lat="48.13524" lon="7.32407">
        <ele>196.9</ele>
      </trkpt>
      <trkpt lat="48.13522" lon="7.3239">
        <ele>197.3</ele>
      </trkpt>
      <trkpt lat="48.13518" lon="7.32375">
        <ele>197.6</ele>
      </trkpt>
      <trkpt lat="48.13513" lon="7.32369">
        <ele>197.7</ele>
      </trkpt>
      <trkpt lat="48.13504" lon="7.32363">
        <ele>197.7</ele>
      </trkpt>
      <trkpt lat="48.13484" lon="7.32354">
        <ele>197.7</ele>
      </trkpt>
      <trkpt lat="48.13463" lon="7.32348">
        <ele>197.7</ele>
      </trkpt>
      <trkpt lat="48.13443" lon="7.32345">
        <ele>197.7</ele>
      </trkpt>
      <trkpt lat="48.13359" lon="7.32339">
        <ele>197.8</ele>
      </trkpt>
      <trkpt lat="48.13357" lon="7.32271">
        <ele>198.3</ele>
      </trkpt>
      <trkpt lat="48.13353" lon="7.32193">
        <ele>199.1</ele>
      </trkpt>
      <trkpt lat="48.13341" lon="7.32026">
        <ele>199.7</ele>
      </trkpt>
      <trkpt lat="48.1333" lon="7.3186">
        <ele>200.2</ele>
      </trkpt>
      <trkpt lat="48.133" lon="7.31857">
        <ele>200.8</ele>
      </trkpt>
      <trkpt lat="48.13294" lon="7.31866">
        <ele>201.1</ele>
      </trkpt>
      <trkpt lat="48.13286" lon="7.3187">
        <ele>201.0</ele>
      </trkpt>
      <trkpt lat="48.13276" lon="7.31866">
        <ele>200.9</ele>
      </trkpt>
      <trkpt lat="48.13271" lon="7.31865">
        <ele>200.9</ele>
      </trkpt>
      <trkpt lat="48.13269" lon="7.31865">
        <ele>200.8</ele>
      </trkpt>
      <trkpt lat="48.13257" lon="7.31865">
        <ele>200.8</ele>
      </trkpt>
      <trkpt lat="48.13251" lon="7.31862">
        <ele>200.9</ele>
      </trkpt>
      <trkpt lat="48.13241" lon="7.3183">
        <ele>201.0</ele>
      </trkpt>
      <trkpt lat="48.13222" lon="7.31795">
        <ele>201.2</ele>
      </trkpt>
      <trkpt lat="48.13203" lon="7.31772">
        <ele>201.3</ele>
      </trkpt>
      <trkpt lat="48.1317" lon="7.31735">
        <ele>201.4</ele>
      </trkpt>
      <trkpt lat="48.13163" lon="7.31732">
        <ele>201.5</ele>
      </trkpt>
      <trkpt lat="48.13067" lon="7.3163">
        <ele>202.6</ele>
      </trkpt>
      <trkpt lat="48.13017" lon="7.31554">
        <ele>203.4</ele>
      </trkpt>
      <trkpt lat="48.12997" lon="7.31526">
        <ele>203.6</ele>
      </trkpt>
      <trkpt lat="48.1297" lon="7.31498">
        <ele>203.9</ele>
      </trkpt>
      <trkpt lat="48.12951" lon="7.31478">
        <ele>204.1</ele>
      </trkpt>
      <trkpt lat="48.12927" lon="7.31456">
        <ele>204.3</ele>
      </trkpt>
      <trkpt lat="48.12912" lon="7.31454">
        <ele>203.8</ele>
      </trkpt>
      <trkpt lat="48.12904" lon="7.31449">
        <ele>203.3</ele>
      </trkpt>
      <trkpt lat="48.12898" lon="7.31446">
        <ele>202.9</ele>
      </trkpt>
      <trkpt lat="48.12877" lon="7.31648">
        <ele>202.3</ele>
      </trkpt>
      <trkpt lat="48.12873" lon="7.31672">
        <ele>201.6</ele>
      </trkpt>
      <trkpt lat="48.12867" lon="7.31697">
        <ele>200.8</ele>
      </trkpt>
      <trkpt lat="48.1279" lon="7.31882">
        <ele>200.0</ele>
      </trkpt>
      <trkpt lat="48.12753" lon="7.32024">
        <ele>199.4</ele>
      </trkpt>
      <trkpt lat="48.12743" lon="7.32086">
        <ele>198.8</ele>
      </trkpt>
      <trkpt lat="48.1274" lon="7.32139">
        <ele>198.4</ele>
      </trkpt>
      <trkpt lat="48.12736" lon="7.32171">
        <ele>198.0</ele>
      </trkpt>
      <trkpt lat="48.12729" lon="7.32199">
        <ele>197.6</ele>
      </trkpt>
      <trkpt lat="48.12673" lon="7.32342">
        <ele>197.1</ele>
      </trkpt>
      <trkpt lat="48.12618" lon="7.32474">
        <ele>196.6</ele>
      </trkpt>
      <trkpt lat="48.12611" lon="7.32516">
        <ele>196.4</ele>
      </trkpt>
      <trkpt lat="48.12594" lon="7.32658">
        <ele>196.1</ele>
      </trkpt>
      <trkpt lat="48.12584" lon="7.32721">
        <ele>195.8</ele>
      </trkpt>
      <trkpt lat="48.12566" lon="7.32815">
        <ele>196.2</ele>
      </trkpt>
      <trkpt lat="48.12559" lon="7.32844">
        <ele>196.7</ele>
      </trkpt>
      <trkpt lat="48.12548" lon="7.32866">
        <ele>197.5</ele>
      </trkpt>
      <trkpt lat="48.12532" lon="7.32888">
        <ele>198.4</ele>
      </trkpt>
      <trkpt lat="48.12501" lon="7.32946">
        <ele>200.3</ele>
      </trkpt>
      <trkpt lat="48.1247" lon="7.33076">
        <ele>201.0</ele>
      </trkpt>
      <trkpt lat="48.12441" lon="7.33213">
        <ele>200.2</ele>
      </trkpt>
      <trkpt lat="48.12431" lon="7.3326">
        <ele>199.9</ele>
      </trkpt>
      <trkpt lat="48.12415" lon="7.33309">
        <ele>198.5</ele>
      </trkpt>
      <trkpt lat="48.12401" lon="7.33334">
        <ele>196.6</ele>
      </trkpt>
      <trkpt lat="48.12371" lon="7.33353">
        <ele>196.4</ele>
      </trkpt>
      <trkpt lat="48.12325" lon="7.33376">
        <ele>199.3</ele>
      </trkpt>
      <trkpt lat="48.12291" lon="7.33395">
        <ele>201.4</ele>
      </trkpt>
      <trkpt lat="48.12285" lon="7.334">
        <ele>201.8</ele>
      </trkpt>
      <trkpt lat="48.12269" lon="7.33417">
        <ele>200.9</ele>
      </trkpt>
      <trkpt lat="48.12258" lon="7.33429">
        <ele>200.3</ele>
      </trkpt>
      <trkpt lat="48.12232" lon="7.33464">
        <ele>198.7</ele>
      </trkpt>
      <trkpt lat="48.1222" lon="7.33478">
        <ele>198.0</ele>
      </trkpt>
      <trkpt lat="48.12194" lon="7.33513">
        <ele>196.4</ele>
      </trkpt>
      <trkpt lat="48.12177" lon="7.33556">
        <ele>194.0</ele>
      </trkpt>
      <trkpt lat="48.12163" lon="7.33612">
        <ele>192.0</ele>
      </trkpt>
      <trkpt lat="48.12159" lon="7.33619">
        <ele>192.1</ele>
      </trkpt>
      <trkpt lat="48.12152" lon="7.33621">
        <ele>192.8</ele>
      </trkpt>
      <trkpt lat="48.12079" lon="7.33597">
        <ele>193.3</ele>
      </trkpt>
      <trkpt lat="48.12051" lon="7.3359">
        <ele>194.0</ele>
      </trkpt>
      <trkpt lat="48.12022" lon="7.33586">
        <ele>195.6</ele>
      </trkpt>
      <trkpt lat="48.12005" lon="7.33588">
        <ele>196.5</ele>
      </trkpt>
      <trkpt lat="48.11985" lon="7.33589">
        <ele>195.7</ele>
      </trkpt>
      <trkpt lat="48.11971" lon="7.33593">
        <ele>195.8</ele>
      </trkpt>
      <trkpt lat="48.11959" lon="7.33599">
        <ele>195.2</ele>
      </trkpt>
      <trkpt lat="48.11914" lon="7.33626">
        <ele>193.9</ele>
      </trkpt>
      <trkpt lat="48.1184" lon="7.33661">
        <ele>193.0</ele>
      </trkpt>
      <trkpt lat="48.11797" lon="7.33677">
        <ele>193.2</ele>
      </trkpt>
      <trkpt lat="48.11782" lon="7.33677">
        <ele>192.9</ele>
      </trkpt>
      <trkpt lat="48.11762" lon="7.33673">
        <ele>192.9</ele>
      </trkpt>
      <trkpt lat="48.11736" lon="7.33668">
        <ele>192.9</ele>
      </trkpt>
      <trkpt lat="48.11726" lon="7.33665">
        <ele>193.2</ele>
      </trkpt>
      <trkpt lat="48.11708" lon="7.3366">
        <ele>193.4</ele>
      </trkpt>
      <trkpt lat="48.11676" lon="7.33651">
        <ele>193.5</ele>
      </trkpt>
      <trkpt lat="48.11666" lon="7.33649">
        <ele>193.5</ele>
      </trkpt>
      <trkpt lat="48.11646" lon="7.33648">
        <ele>193.4</ele>
      </trkpt>
      <trkpt lat="48.11554" lon="7.33659">
        <ele>193.3</ele>
      </trkpt>
      <trkpt lat="48.11533" lon="7.3366">
        <ele>193.1</ele>
      </trkpt>
      <trkpt lat="48.11456" lon="7.33657">
        <ele>193.2</ele>
      </trkpt>
      <trkpt lat="48.11444" lon="7.3366">
        <ele>193.6</ele>
      </trkpt>
      <trkpt lat="48.11418" lon="7.33673">
        <ele>193.6</ele>
      </trkpt>
      <trkpt lat="48.11394" lon="7.33677">
        <ele>194.7</ele>
      </trkpt>
      <trkpt lat="48.11383" lon="7.33682">
        <ele>196.0</ele>
      </trkpt>
      <trkpt lat="48.11373" lon="7.33692">
        <ele>197.2</ele>
      </trkpt>
      <trkpt lat="48.11363" lon="7.33708">
        <ele>197.7</ele>
      </trkpt>
      <trkpt lat="48.11357" lon="7.33714">
        <ele>198.0</ele>
      </trkpt>
      <trkpt lat="48.11353" lon="7.33717">
        <ele>198.2</ele>
      </trkpt>
      <trkpt lat="48.11347" lon="7.3372">
        <ele>198.4</ele>
      </trkpt>
      <trkpt lat="48.11329" lon="7.33726">
        <ele>199.1</ele>
      </trkpt>
      <trkpt lat="48.11323" lon="7.33729">
        <ele>199.1</ele>
      </trkpt>
      <trkpt lat="48.11161" lon="7.33767">
        <ele>199.5</ele>
      </trkpt>
      <trkpt lat="48.11114" lon="7.33775">
        <ele>199.5</ele>
      </trkpt>
      <trkpt lat="48.11097" lon="7.33784">
        <ele>199.0</ele>
      </trkpt>
      <trkpt lat="48.11086" lon="7.33794">
        <ele>198.0</ele>
      </trkpt>
      <trkpt lat="48.11051" lon="7.3383">
        <ele>197.4</ele>
      </trkpt>
      <trkpt lat="48.10971" lon="7.33912">
        <ele>196.6</ele>
      </trkpt>
      <trkpt lat="48.10908" lon="7.33974">
        <ele>195.9</ele>
      </trkpt>
      <trkpt lat="48.10894" lon="7.33982">
        <ele>195.5</ele>
      </trkpt>
      <trkpt lat="48.10842" lon="7.3401">
        <ele>195.4</ele>
      </trkpt>
      <trkpt lat="48.10825" lon="7.34022">
        <ele>195.2</ele>
      </trkpt>
      <trkpt lat="48.10822" lon="7.34024">
        <ele>195.3</ele>
      </trkpt>
      <trkpt lat="48.10797" lon="7.34041">
        <ele>195.3</ele>
      </trkpt>
      <trkpt lat="48.10774" lon="7.34056">
        <ele>195.3</ele>
      </trkpt>
      <trkpt lat="48.10736" lon="7.34078">
        <ele>195.1</ele>
      </trkpt>
      <trkpt lat="48.10707" lon="7.34091">
        <ele>195.2</ele>
      </trkpt>
      <trkpt lat="48.10627" lon="7.34126">
        <ele>195.1</ele>
      </trkpt>
      <trkpt lat="48.10571" lon="7.34153">
        <ele>195.1</ele>
      </trkpt>
      <trkpt lat="48.10544" lon="7.34167">
        <ele>195.1</ele>
      </trkpt>
      <trkpt lat="48.105" lon="7.34189">
        <ele>195.3</ele>
      </trkpt>
      <trkpt lat="48.10462" lon="7.34199">
        <ele>195.3</ele>
      </trkpt>
      <trkpt lat="48.10444" lon="7.34196">
        <ele>195.3</ele>
      </trkpt>
      <trkpt lat="48.10432" lon="7.34194">
        <ele>195.3</ele>
      </trkpt>
      <trkpt lat="48.10404" lon="7.342">
        <ele>195.3</ele>
      </trkpt>
      <trkpt lat="48.10306" lon="7.34227">
        <ele>195.3</ele>
      </trkpt>
      <trkpt lat="48.10278" lon="7.34236">
        <ele>195.3</ele>
      </trkpt>
      <trkpt lat="48.10218" lon="7.34257">
        <ele>195.3</ele>
      </trkpt>
      <trkpt lat="48.102" lon="7.34267">
        <ele>195.4</ele>
      </trkpt>
      <trkpt lat="48.10154" lon="7.34302">
        <ele>195.5</ele>
      </trkpt>
      <trkpt lat="48.10134" lon="7.34316">
        <ele>195.6</ele>
      </trkpt>
      <trkpt lat="48.10064" lon="7.3436">
        <ele>195.7</ele>
      </trkpt>
      <trkpt lat="48.10004" lon="7.34409">
        <ele>195.8</ele>
      </trkpt>
      <trkpt lat="48.09965" lon="7.34427">
        <ele>195.8</ele>
      </trkpt>
      <trkpt lat="48.09929" lon="7.3444">
        <ele>195.8</ele>
      </trkpt>
      <trkpt lat="48.09918" lon="7.34445">
        <ele>195.8</ele>
      </trkpt>
      <trkpt lat="48.09905" lon="7.34454">
        <ele>195.8</ele>
      </trkpt>
      <trkpt lat="48.09873" lon="7.34473">
        <ele>195.7</ele>
      </trkpt>
      <trkpt lat="48.09826" lon="7.34501">
        <ele>195.5</ele>
      </trkpt>
      <trkpt lat="48.09764" lon="7.34557">
        <ele>195.4</ele>
      </trkpt>
      <trkpt lat="48.09745" lon="7.3457">
        <ele>195.1</ele>
      </trkpt>
      <trkpt lat="48.09706" lon="7.34583">
        <ele>195.0</ele>
      </trkpt>
      <trkpt lat="48.09627" lon="7.34612">
        <ele>194.9</ele>
      </trkpt>
      <trkpt lat="48.09602" lon="7.34628">
        <ele>195.0</ele>
      </trkpt>
      <trkpt lat="48.09576" lon="7.3465">
        <ele>195.0</ele>
      </trkpt>
      <trkpt lat="48.09435" lon="7.34792">
        <ele>195.0</ele>
      </trkpt>
      <trkpt lat="48.09404" lon="7.34825">
        <ele>195.0</ele>
      </trkpt>
      <trkpt lat="48.09389" lon="7.34836">
        <ele>194.8</ele>
      </trkpt>
      <trkpt lat="48.09376" lon="7.34844">
        <ele>194.5</ele>
      </trkpt>
      <trkpt lat="48.09363" lon="7.34852">
        <ele>194.5</ele>
      </trkpt>
      <trkpt lat="48.09325" lon="7.3487">
        <ele>194.4</ele>
      </trkpt>
      <trkpt lat="48.09312" lon="7.34874">
        <ele>194.4</ele>
      </trkpt>
      <trkpt lat="48.09302" lon="7.34874">
        <ele>194.6</ele>
      </trkpt>
      <trkpt lat="48.09292" lon="7.3487">
        <ele>195.0</ele>
      </trkpt>
      <trkpt lat="48.09281" lon="7.34861">
        <ele>195.2</ele>
      </trkpt>
      <trkpt lat="48.09274" lon="7.34881">
        <ele>195.6</ele>
      </trkpt>
      <trkpt lat="48.09252" lon="7.34884">
        <ele>196.1</ele>
      </trkpt>
      <trkpt lat="48.0924" lon="7.34888">
        <ele>196.3</ele>
      </trkpt>
      <trkpt lat="48.09228" lon="7.34894">
        <ele>196.4</ele>
      </trkpt>
      <trkpt lat="48.09219" lon="7.34899">
        <ele>196.7</ele>
      </trkpt>
      <trkpt lat="48.09224" lon="7.34913">
        <ele>196.3</ele>
      </trkpt>
      <trkpt lat="48.09237" lon="7.34958">
        <ele>196.0</ele>
      </trkpt>
      <trkpt lat="48.09261" lon="7.35098">
        <ele>195.5</ele>
      </trkpt>
      <trkpt lat="48.09275" lon="7.35176">
        <ele>195.3</ele>
      </trkpt>
      <trkpt lat="48.09282" lon="7.3522">
        <ele>194.7</ele>
      </trkpt>
      <trkpt lat="48.09289" lon="7.35285">
        <ele>194.5</ele>
      </trkpt>
      <trkpt lat="48.09305" lon="7.35467">
        <ele>194.4</ele>
      </trkpt>
      <trkpt lat="48.09305" lon="7.35489">
        <ele>194.1</ele>
      </trkpt>
      <trkpt lat="48.093" lon="7.35511">
        <ele>193.5</ele>
      </trkpt>
      <trkpt lat="48.09297" lon="7.35528">
        <ele>193.2</ele>
      </trkpt>
      <trkpt lat="48.09296" lon="7.35532">
        <ele>192.8</ele>
      </trkpt>
      <trkpt lat="48.09293" lon="7.35538">
        <ele>192.5</ele>
      </trkpt>
      <trkpt lat="48.09284" lon="7.35579">
        <ele>192.4</ele>
      </trkpt>
      <trkpt lat="48.09283" lon="7.35585">
        <ele>192.4</ele>
      </trkpt>
      <trkpt lat="48.09285" lon="7.35594">
        <ele>192.4</ele>
      </trkpt>
      <trkpt lat="48.09288" lon="7.35606">
        <ele>192.4</ele>
      </trkpt>
      <trkpt lat="48.09289" lon="7.35614">
        <ele>192.4</ele>
      </trkpt>
      <trkpt lat="48.09289" lon="7.35622">
        <ele>192.4</ele>
      </trkpt>
      <trkpt lat="48.09285" lon="7.35626">
        <ele>192.4</ele>
      </trkpt>
      <trkpt lat="48.09263" lon="7.35621">
        <ele>192.5</ele>
      </trkpt>
      <trkpt lat="48.09251" lon="7.35612">
        <ele>192.7</ele>
      </trkpt>
      <trkpt lat="48.09234" lon="7.35621">
        <ele>192.8</ele>
      </trkpt>
      <trkpt lat="48.09079" lon="7.35701">
        <ele>193.0</ele>
      </trkpt>
      <trkpt lat="48.09064" lon="7.3571">
        <ele>193.9</ele>
      </trkpt>
      <trkpt lat="48.09056" lon="7.35712">
        <ele>194.4</ele>
      </trkpt>
      <trkpt lat="48.09024" lon="7.35725">
        <ele>194.9</ele>
      </trkpt>
      <trkpt lat="48.09019" lon="7.35727">
        <ele>194.9</ele>
      </trkpt>
      <trkpt lat="48.09018" lon="7.35728">
        <ele>194.7</ele>
      </trkpt>
      <trkpt lat="48.0899" lon="7.35741">
        <ele>193.8</ele>
      </trkpt>
      <trkpt lat="48.0896" lon="7.35751">
        <ele>193.2</ele>
      </trkpt>
      <trkpt lat="48.08957" lon="7.35752">
        <ele>192.5</ele>
      </trkpt>
      <trkpt lat="48.08878" lon="7.35778">
        <ele>192.2</ele>
      </trkpt>
      <trkpt lat="48.08852" lon="7.35784">
        <ele>192.2</ele>
      </trkpt>
      <trkpt lat="48.08852" lon="7.35794">
        <ele>192.1</ele>
      </trkpt>
      <trkpt lat="48.08855" lon="7.3583">
        <ele>192.1</ele>
      </trkpt>
      <trkpt lat="48.08854" lon="7.35938">
        <ele>192.2</ele>
      </trkpt>
      <trkpt lat="48.08854" lon="7.35954">
        <ele>193.1</ele>
      </trkpt>
      <trkpt lat="48.08854" lon="7.35969">
        <ele>193.9</ele>
      </trkpt>
      <trkpt lat="48.08837" lon="7.35974">
        <ele>194.4</ele>
      </trkpt>
      <trkpt lat="48.08826" lon="7.35977">
        <ele>195.0</ele>
      </trkpt>
      <trkpt lat="48.0878" lon="7.36001">
        <ele>195.6</ele>
      </trkpt>
      <trkpt lat="48.08706" lon="7.36045">
        <ele>195.6</ele>
      </trkpt>
      <trkpt lat="48.08692" lon="7.36054">
        <ele>195.8</ele>
      </trkpt>
      <trkpt lat="48.08611" lon="7.36103">
        <ele>196.3</ele>
      </trkpt>
      <trkpt lat="48.08587" lon="7.36118">
        <ele>196.6</ele>
      </trkpt>
      <trkpt lat="48.08493" lon="7.3617">
        <ele>196.6</ele>
      </trkpt>
      <trkpt lat="48.08491" lon="7.36171">
        <ele>196.3</ele>
      </trkpt>
      <trkpt lat="48.084686" lon="7.361836">
        <ele>195.7</ele>
      </trkpt>
      <trkpt lat="48.08401" lon="7.36225">
        <ele>192.1</ele>
      </trkpt>
      <trkpt lat="48.08333" lon="7.36265">
        <ele>189.6</ele>
      </trkpt>
      <trkpt lat="48.08256" lon="7.3631">
        <ele>188.0</ele>
      </trkpt>
      <trkpt lat="48.0818" lon="7.36355">
        <ele>190.2</ele>
      </trkpt>
      <trkpt lat="48.08153" lon="7.36372">
        <ele>190.7</ele>
      </trkpt>
      <trkpt lat="48.08125" lon="7.36393">
        <ele>190.1</ele>
      </trkpt>
      <trkpt lat="48.08119" lon="7.36396">
        <ele>189.9</ele>
      </trkpt>
      <trkpt lat="48.08107" lon="7.36457">
        <ele>188.9</ele>
      </trkpt>
      <trkpt lat="48.08094" lon="7.36528">
        <ele>187.8</ele>
      </trkpt>
      <trkpt lat="48.08081" lon="7.366">
        <ele>186.7</ele>
      </trkpt>
      <trkpt lat="48.08057" lon="7.36715">
        <ele>186.4</ele>
      </trkpt>
      <trkpt lat="48.08032" lon="7.3683">
        <ele>187.8</ele>
      </trkpt>
      <trkpt lat="48.08021" lon="7.36875">
        <ele>187.9</ele>
      </trkpt>
      <trkpt lat="48.08003" lon="7.36867">
        <ele>188.5</ele>
      </trkpt>
      <trkpt lat="48.07955" lon="7.36849">
        <ele>189.2</ele>
      </trkpt>
      <trkpt lat="48.07907" lon="7.36831">
        <ele>189.8</ele>
      </trkpt>
      <trkpt lat="48.07895" lon="7.36908">
        <ele>188.2</ele>
      </trkpt>
      <trkpt lat="48.0788" lon="7.37016">
        <ele>187.4</ele>
      </trkpt>
      <trkpt lat="48.07865" lon="7.37108">
        <ele>187.3</ele>
      </trkpt>
    </trkseg>
  </trk>
</gpx>
