<?xml version="1.0" encoding="UTF-8"?>
<gpx xmlns:gpxdata="http://www.cluetrust.com/XML/GPXDATA/1/0" xmlns:xsi="http://www.w3.org/2001/XMLSchema-instance" xmlns="http://www.topografix.com/GPX/1/1" version="1.1" creator="http://ridewithgps.com/" xsi:schemaLocation="http://www.topografix.com/GPX/1/1 http://www.topografix.com/GPX/1/1/gpx.xsd http://www.cluetrust.com/XML/GPXDATA/1/0 http://www.cluetrust.com/Schemas/gpxdata10.xsd">
  <metadata>
    <name>Jour 09 - Colombier-Fontaine @ Roche-lez-Beaupré</name>
    <link href="https://ridewithgps.com/routes/57070393">
      <text>Jour 09 - Colombier-Fontaine @ Roche-lez-Beaupré</text>
    </link>
    <time>2026-09-08T13:04:02Z</time>
  </metadata>
  <trk>
    <name>Jour 09 - Colombier-Fontaine @ Roche-lez-Beaupré</name>
    <trkseg>
      <trkpt lat="47.45265" lon="6.69315">
        <ele>308.8</ele>
      </trkpt>
      <trkpt lat="47.45228" lon="6.69239">
        <ele>308.6</ele>
      </trkpt>
      <trkpt lat="47.4518" lon="6.69127">
        <ele>306.2</ele>
      </trkpt>
      <trkpt lat="47.45188" lon="6.69123">
        <ele>305.9</ele>
      </trkpt>
      <trkpt lat="47.45224" lon="6.69089">
        <ele>304.4</ele>
      </trkpt>
      <trkpt lat="47.45264" lon="6.69047">
        <ele>303.9</ele>
      </trkpt>
      <trkpt lat="47.45295" lon="6.69034">
        <ele>303.8</ele>
      </trkpt>
      <trkpt lat="47.45333" lon="6.6902">
        <ele>303.8</ele>
      </trkpt>
      <trkpt lat="47.45352" lon="6.69008">
        <ele>303.9</ele>
      </trkpt>
      <trkpt lat="47.45401" lon="6.68966">
        <ele>303.5</ele>
      </trkpt>
      <trkpt lat="47.45412" lon="6.68954">
        <ele>303.4</ele>
      </trkpt>
      <trkpt lat="47.45465" lon="6.68907">
        <ele>303.1</ele>
      </trkpt>
      <trkpt lat="47.45482" lon="6.689">
        <ele>303.2</ele>
      </trkpt>
      <trkpt lat="47.45498" lon="6.68889">
        <ele>303.3</ele>
      </trkpt>
      <trkpt lat="47.45521" lon="6.68858">
        <ele>303.6</ele>
      </trkpt>
      <trkpt lat="47.45521" lon="6.68858">
        <ele>303.6</ele>
      </trkpt>
      <trkpt lat="47.45505" lon="6.68841">
        <ele>303.9</ele>
      </trkpt>
      <trkpt lat="47.45505" lon="6.68841">
        <ele>303.9</ele>
      </trkpt>
      <trkpt lat="47.4544" lon="6.68769">
        <ele>303.8</ele>
      </trkpt>
      <trkpt lat="47.45375" lon="6.68697">
        <ele>303.0</ele>
      </trkpt>
      <trkpt lat="47.45309" lon="6.68625">
        <ele>301.6</ele>
      </trkpt>
      <trkpt lat="47.45275" lon="6.68579">
        <ele>301.7</ele>
      </trkpt>
      <trkpt lat="47.45239" lon="6.68528">
        <ele>301.5</ele>
      </trkpt>
      <trkpt lat="47.45217" lon="6.68493">
        <ele>301.4</ele>
      </trkpt>
      <trkpt lat="47.45162" lon="6.68394">
        <ele>301.5</ele>
      </trkpt>
      <trkpt lat="47.45133" lon="6.68332">
        <ele>300.8</ele>
      </trkpt>
      <trkpt lat="47.45099" lon="6.68242">
        <ele>301.2</ele>
      </trkpt>
      <trkpt lat="47.45085" lon="6.68198">
        <ele>301.0</ele>
      </trkpt>
      <trkpt lat="47.4507" lon="6.68149">
        <ele>300.7</ele>
      </trkpt>
      <trkpt lat="47.45051" lon="6.68079">
        <ele>300.2</ele>
      </trkpt>
      <trkpt lat="47.45036" lon="6.68017">
        <ele>300.0</ele>
      </trkpt>
      <trkpt lat="47.45027" lon="6.67965">
        <ele>300.1</ele>
      </trkpt>
      <trkpt lat="47.45013" lon="6.67873">
        <ele>300.9</ele>
      </trkpt>
      <trkpt lat="47.4501" lon="6.6784">
        <ele>301.0</ele>
      </trkpt>
      <trkpt lat="47.45004" lon="6.67768">
        <ele>301.7</ele>
      </trkpt>
      <trkpt lat="47.44998" lon="6.67695">
        <ele>302.6</ele>
      </trkpt>
      <trkpt lat="47.4499" lon="6.67588">
        <ele>301.0</ele>
      </trkpt>
      <trkpt lat="47.44991" lon="6.67569">
        <ele>301.0</ele>
      </trkpt>
      <trkpt lat="47.4499" lon="6.67556">
        <ele>301.2</ele>
      </trkpt>
      <trkpt lat="47.44989" lon="6.67541">
        <ele>301.3</ele>
      </trkpt>
      <trkpt lat="47.44986" lon="6.67525">
        <ele>301.4</ele>
      </trkpt>
      <trkpt lat="47.44985" lon="6.67516">
        <ele>301.5</ele>
      </trkpt>
      <trkpt lat="47.44982" lon="6.67477">
        <ele>301.8</ele>
      </trkpt>
      <trkpt lat="47.44973" lon="6.67383">
        <ele>302.5</ele>
      </trkpt>
      <trkpt lat="47.44963" lon="6.67253">
        <ele>301.7</ele>
      </trkpt>
      <trkpt lat="47.44953" lon="6.67123">
        <ele>301.4</ele>
      </trkpt>
      <trkpt lat="47.44943" lon="6.66994">
        <ele>301.3</ele>
      </trkpt>
      <trkpt lat="47.44933" lon="6.66864">
        <ele>300.7</ele>
      </trkpt>
      <trkpt lat="47.44923" lon="6.66735">
        <ele>300.7</ele>
      </trkpt>
      <trkpt lat="47.44913" lon="6.66605">
        <ele>299.9</ele>
      </trkpt>
      <trkpt lat="47.44903" lon="6.66476">
        <ele>299.3</ele>
      </trkpt>
      <trkpt lat="47.44895" lon="6.66365">
        <ele>299.8</ele>
      </trkpt>
      <trkpt lat="47.44887" lon="6.66254">
        <ele>299.4</ele>
      </trkpt>
      <trkpt lat="47.44878" lon="6.66143">
        <ele>299.7</ele>
      </trkpt>
      <trkpt lat="47.44869" lon="6.66021">
        <ele>299.0</ele>
      </trkpt>
      <trkpt lat="47.4486" lon="6.65899">
        <ele>299.1</ele>
      </trkpt>
      <trkpt lat="47.4485" lon="6.65777">
        <ele>299.1</ele>
      </trkpt>
      <trkpt lat="47.44841" lon="6.65655">
        <ele>299.6</ele>
      </trkpt>
      <trkpt lat="47.44831" lon="6.65534">
        <ele>299.1</ele>
      </trkpt>
      <trkpt lat="47.44822" lon="6.65412">
        <ele>301.2</ele>
      </trkpt>
      <trkpt lat="47.44813" lon="6.6529">
        <ele>300.5</ele>
      </trkpt>
      <trkpt lat="47.44803" lon="6.65168">
        <ele>299.4</ele>
      </trkpt>
      <trkpt lat="47.44794" lon="6.65046">
        <ele>299.6</ele>
      </trkpt>
      <trkpt lat="47.44794" lon="6.65014">
        <ele>298.8</ele>
      </trkpt>
      <trkpt lat="47.44792" lon="6.64999">
        <ele>298.5</ele>
      </trkpt>
      <trkpt lat="47.44786" lon="6.64964">
        <ele>298.4</ele>
      </trkpt>
      <trkpt lat="47.44784" lon="6.64961">
        <ele>298.4</ele>
      </trkpt>
      <trkpt lat="47.44783" lon="6.64939">
        <ele>298.3</ele>
      </trkpt>
      <trkpt lat="47.44783" lon="6.64919">
        <ele>298.2</ele>
      </trkpt>
      <trkpt lat="47.44783" lon="6.64904">
        <ele>298.1</ele>
      </trkpt>
      <trkpt lat="47.4478" lon="6.64882">
        <ele>298.1</ele>
      </trkpt>
      <trkpt lat="47.4477" lon="6.6476">
        <ele>298.1</ele>
      </trkpt>
      <trkpt lat="47.44761" lon="6.64637">
        <ele>298.2</ele>
      </trkpt>
      <trkpt lat="47.44751" lon="6.64515">
        <ele>297.2</ele>
      </trkpt>
      <trkpt lat="47.44742" lon="6.64392">
        <ele>297.4</ele>
      </trkpt>
      <trkpt lat="47.44732" lon="6.6427">
        <ele>297.8</ele>
      </trkpt>
      <trkpt lat="47.44723" lon="6.64147">
        <ele>296.9</ele>
      </trkpt>
      <trkpt lat="47.44713" lon="6.64025">
        <ele>296.6</ele>
      </trkpt>
      <trkpt lat="47.44704" lon="6.63902">
        <ele>296.5</ele>
      </trkpt>
      <trkpt lat="47.44694" lon="6.6378">
        <ele>297.2</ele>
      </trkpt>
      <trkpt lat="47.44685" lon="6.63657">
        <ele>297.1</ele>
      </trkpt>
      <trkpt lat="47.44675" lon="6.63535">
        <ele>297.3</ele>
      </trkpt>
      <trkpt lat="47.44666" lon="6.63412">
        <ele>296.1</ele>
      </trkpt>
      <trkpt lat="47.44657" lon="6.63284">
        <ele>297.0</ele>
      </trkpt>
      <trkpt lat="47.44647" lon="6.63156">
        <ele>296.6</ele>
      </trkpt>
      <trkpt lat="47.44646" lon="6.63148">
        <ele>296.8</ele>
      </trkpt>
      <trkpt lat="47.44642" lon="6.63138">
        <ele>297.3</ele>
      </trkpt>
      <trkpt lat="47.44625" lon="6.63106">
        <ele>299.1</ele>
      </trkpt>
      <trkpt lat="47.44619" lon="6.63096">
        <ele>299.7</ele>
      </trkpt>
      <trkpt lat="47.44599" lon="6.63078">
        <ele>301.2</ele>
      </trkpt>
      <trkpt lat="47.44587" lon="6.63064">
        <ele>301.5</ele>
      </trkpt>
      <trkpt lat="47.44583" lon="6.63061">
        <ele>301.7</ele>
      </trkpt>
      <trkpt lat="47.44575" lon="6.63059">
        <ele>302.4</ele>
      </trkpt>
      <trkpt lat="47.44565" lon="6.6306">
        <ele>303.5</ele>
      </trkpt>
      <trkpt lat="47.44558" lon="6.63058">
        <ele>304.1</ele>
      </trkpt>
      <trkpt lat="47.44487" lon="6.63023">
        <ele>305.0</ele>
      </trkpt>
      <trkpt lat="47.44416" lon="6.62989">
        <ele>304.0</ele>
      </trkpt>
      <trkpt lat="47.44346" lon="6.62954">
        <ele>303.8</ele>
      </trkpt>
      <trkpt lat="47.44291" lon="6.62931">
        <ele>303.2</ele>
      </trkpt>
      <trkpt lat="47.44237" lon="6.62907">
        <ele>303.2</ele>
      </trkpt>
      <trkpt lat="47.44192" lon="6.62894">
        <ele>302.1</ele>
      </trkpt>
      <trkpt lat="47.44165" lon="6.62899">
        <ele>302.8</ele>
      </trkpt>
      <trkpt lat="47.44088" lon="6.62873">
        <ele>298.9</ele>
      </trkpt>
      <trkpt lat="47.4407" lon="6.62853">
        <ele>296.6</ele>
      </trkpt>
      <trkpt lat="47.44011" lon="6.62834">
        <ele>294.2</ele>
      </trkpt>
      <trkpt lat="47.43952" lon="6.62814">
        <ele>295.0</ele>
      </trkpt>
      <trkpt lat="47.43933" lon="6.62813">
        <ele>295.4</ele>
      </trkpt>
      <trkpt lat="47.4389" lon="6.62835">
        <ele>296.0</ele>
      </trkpt>
      <trkpt lat="47.43847" lon="6.62858">
        <ele>296.3</ele>
      </trkpt>
      <trkpt lat="47.43835" lon="6.62865">
        <ele>296.4</ele>
      </trkpt>
      <trkpt lat="47.43813" lon="6.62888">
        <ele>296.8</ele>
      </trkpt>
      <trkpt lat="47.43732" lon="6.62938">
        <ele>296.6</ele>
      </trkpt>
      <trkpt lat="47.43669" lon="6.62978">
        <ele>295.8</ele>
      </trkpt>
      <trkpt lat="47.43606" lon="6.63019">
        <ele>293.8</ele>
      </trkpt>
      <trkpt lat="47.43543" lon="6.6306">
        <ele>294.7</ele>
      </trkpt>
      <trkpt lat="47.43488" lon="6.63092">
        <ele>295.3</ele>
      </trkpt>
      <trkpt lat="47.43434" lon="6.63123">
        <ele>296.1</ele>
      </trkpt>
      <trkpt lat="47.43365" lon="6.63149">
        <ele>295.0</ele>
      </trkpt>
      <trkpt lat="47.43349" lon="6.63154">
        <ele>294.6</ele>
      </trkpt>
      <trkpt lat="47.43307" lon="6.63165">
        <ele>295.0</ele>
      </trkpt>
      <trkpt lat="47.43236" lon="6.63174">
        <ele>297.1</ele>
      </trkpt>
      <trkpt lat="47.43201" lon="6.63173">
        <ele>297.4</ele>
      </trkpt>
      <trkpt lat="47.43166" lon="6.63171">
        <ele>297.8</ele>
      </trkpt>
      <trkpt lat="47.4309" lon="6.63149">
        <ele>295.8</ele>
      </trkpt>
      <trkpt lat="47.43017" lon="6.63121">
        <ele>295.4</ele>
      </trkpt>
      <trkpt lat="47.42973" lon="6.63089">
        <ele>295.6</ele>
      </trkpt>
      <trkpt lat="47.42916" lon="6.63044">
        <ele>296.9</ele>
      </trkpt>
      <trkpt lat="47.4286" lon="6.62995">
        <ele>297.0</ele>
      </trkpt>
      <trkpt lat="47.42813" lon="6.62935">
        <ele>297.0</ele>
      </trkpt>
      <trkpt lat="47.42771" lon="6.62868">
        <ele>296.6</ele>
      </trkpt>
      <trkpt lat="47.42735" lon="6.62785">
        <ele>297.8</ele>
      </trkpt>
      <trkpt lat="47.42702" lon="6.62696">
        <ele>297.4</ele>
      </trkpt>
      <trkpt lat="47.42676" lon="6.62582">
        <ele>295.2</ele>
      </trkpt>
      <trkpt lat="47.42652" lon="6.62463">
        <ele>297.4</ele>
      </trkpt>
      <trkpt lat="47.42641" lon="6.62359">
        <ele>298.0</ele>
      </trkpt>
      <trkpt lat="47.4263" lon="6.62254">
        <ele>298.5</ele>
      </trkpt>
      <trkpt lat="47.42626" lon="6.62181">
        <ele>299.8</ele>
      </trkpt>
      <trkpt lat="47.42622" lon="6.62108">
        <ele>300.3</ele>
      </trkpt>
      <trkpt lat="47.42621" lon="6.6201">
        <ele>301.0</ele>
      </trkpt>
      <trkpt lat="47.42629" lon="6.61936">
        <ele>303.3</ele>
      </trkpt>
      <trkpt lat="47.42636" lon="6.61861">
        <ele>306.2</ele>
      </trkpt>
      <trkpt lat="47.42648" lon="6.61795">
        <ele>304.6</ele>
      </trkpt>
      <trkpt lat="47.4266" lon="6.61729">
        <ele>302.7</ele>
      </trkpt>
      <trkpt lat="47.4269" lon="6.61613">
        <ele>303.1</ele>
      </trkpt>
      <trkpt lat="47.42719" lon="6.61497">
        <ele>300.7</ele>
      </trkpt>
      <trkpt lat="47.4275" lon="6.61411">
        <ele>296.2</ele>
      </trkpt>
      <trkpt lat="47.4279" lon="6.61294">
        <ele>295.4</ele>
      </trkpt>
      <trkpt lat="47.42795" lon="6.61293">
        <ele>294.9</ele>
      </trkpt>
      <trkpt lat="47.42811" lon="6.61304">
        <ele>293.2</ele>
      </trkpt>
      <trkpt lat="47.42815" lon="6.61302">
        <ele>292.8</ele>
      </trkpt>
      <trkpt lat="47.4282" lon="6.61291">
        <ele>292.4</ele>
      </trkpt>
      <trkpt lat="47.42823" lon="6.61269">
        <ele>292.1</ele>
      </trkpt>
      <trkpt lat="47.42863" lon="6.61155">
        <ele>291.9</ele>
      </trkpt>
      <trkpt lat="47.42902" lon="6.61062">
        <ele>291.3</ele>
      </trkpt>
      <trkpt lat="47.42942" lon="6.60969">
        <ele>291.5</ele>
      </trkpt>
      <trkpt lat="47.42981" lon="6.60876">
        <ele>292.7</ele>
      </trkpt>
      <trkpt lat="47.43028" lon="6.60768">
        <ele>291.2</ele>
      </trkpt>
      <trkpt lat="47.43075" lon="6.60661">
        <ele>289.9</ele>
      </trkpt>
      <trkpt lat="47.43116" lon="6.6057">
        <ele>290.1</ele>
      </trkpt>
      <trkpt lat="47.43156" lon="6.6048">
        <ele>290.5</ele>
      </trkpt>
      <trkpt lat="47.43197" lon="6.6039">
        <ele>290.6</ele>
      </trkpt>
      <trkpt lat="47.43238" lon="6.60299">
        <ele>291.6</ele>
      </trkpt>
      <trkpt lat="47.43279" lon="6.60204">
        <ele>295.5</ele>
      </trkpt>
      <trkpt lat="47.433" lon="6.60161">
        <ele>297.6</ele>
      </trkpt>
      <trkpt lat="47.433" lon="6.60161">
        <ele>297.6</ele>
      </trkpt>
      <trkpt lat="47.43339" lon="6.60073">
        <ele>306.0</ele>
      </trkpt>
      <trkpt lat="47.43384" lon="6.60022">
        <ele>307.4</ele>
      </trkpt>
      <trkpt lat="47.43436" lon="6.59989">
        <ele>305.6</ele>
      </trkpt>
      <trkpt lat="47.43497" lon="6.59961">
        <ele>304.8</ele>
      </trkpt>
      <trkpt lat="47.43557" lon="6.59934">
        <ele>303.2</ele>
      </trkpt>
      <trkpt lat="47.43618" lon="6.59906">
        <ele>301.9</ele>
      </trkpt>
      <trkpt lat="47.43689" lon="6.59874">
        <ele>303.1</ele>
      </trkpt>
      <trkpt lat="47.43743" lon="6.59858">
        <ele>300.3</ele>
      </trkpt>
      <trkpt lat="47.43797" lon="6.59843">
        <ele>297.1</ele>
      </trkpt>
      <trkpt lat="47.43876" lon="6.59823">
        <ele>294.9</ele>
      </trkpt>
      <trkpt lat="47.43955" lon="6.59804">
        <ele>295.4</ele>
      </trkpt>
      <trkpt lat="47.44034" lon="6.59785">
        <ele>296.9</ele>
      </trkpt>
      <trkpt lat="47.44113" lon="6.59766">
        <ele>301.0</ele>
      </trkpt>
      <trkpt lat="47.44179" lon="6.59759">
        <ele>302.5</ele>
      </trkpt>
      <trkpt lat="47.44245" lon="6.59752">
        <ele>301.9</ele>
      </trkpt>
      <trkpt lat="47.44296" lon="6.59739">
        <ele>300.5</ele>
      </trkpt>
      <trkpt lat="47.44348" lon="6.59727">
        <ele>299.9</ele>
      </trkpt>
      <trkpt lat="47.44395" lon="6.59722">
        <ele>298.9</ele>
      </trkpt>
      <trkpt lat="47.44441" lon="6.59716">
        <ele>299.5</ele>
      </trkpt>
      <trkpt lat="47.44494" lon="6.59715">
        <ele>300.1</ele>
      </trkpt>
      <trkpt lat="47.44547" lon="6.59715">
        <ele>300.7</ele>
      </trkpt>
      <trkpt lat="47.44614" lon="6.59717">
        <ele>299.8</ele>
      </trkpt>
      <trkpt lat="47.4468" lon="6.59719">
        <ele>296.8</ele>
      </trkpt>
      <trkpt lat="47.44733" lon="6.5971">
        <ele>293.4</ele>
      </trkpt>
      <trkpt lat="47.44786" lon="6.59694">
        <ele>292.1</ele>
      </trkpt>
      <trkpt lat="47.44833" lon="6.59672">
        <ele>290.8</ele>
      </trkpt>
      <trkpt lat="47.44879" lon="6.59651">
        <ele>293.4</ele>
      </trkpt>
      <trkpt lat="47.44947" lon="6.59598">
        <ele>292.7</ele>
      </trkpt>
      <trkpt lat="47.45014" lon="6.59545">
        <ele>292.4</ele>
      </trkpt>
      <trkpt lat="47.45084" lon="6.5948">
        <ele>291.7</ele>
      </trkpt>
      <trkpt lat="47.45099" lon="6.59458">
        <ele>291.0</ele>
      </trkpt>
      <trkpt lat="47.45106" lon="6.5944">
        <ele>290.8</ele>
      </trkpt>
      <trkpt lat="47.45111" lon="6.59433">
        <ele>290.7</ele>
      </trkpt>
      <trkpt lat="47.45115" lon="6.59428">
        <ele>290.6</ele>
      </trkpt>
      <trkpt lat="47.45128" lon="6.59418">
        <ele>290.5</ele>
      </trkpt>
      <trkpt lat="47.45137" lon="6.59408">
        <ele>290.4</ele>
      </trkpt>
      <trkpt lat="47.45143" lon="6.59398">
        <ele>290.4</ele>
      </trkpt>
      <trkpt lat="47.45162" lon="6.59358">
        <ele>289.5</ele>
      </trkpt>
      <trkpt lat="47.45178" lon="6.59314">
        <ele>288.9</ele>
      </trkpt>
      <trkpt lat="47.45187" lon="6.59287">
        <ele>289.0</ele>
      </trkpt>
      <trkpt lat="47.45194" lon="6.59256">
        <ele>289.2</ele>
      </trkpt>
      <trkpt lat="47.45203" lon="6.59213">
        <ele>289.6</ele>
      </trkpt>
      <trkpt lat="47.45216" lon="6.59135">
        <ele>289.3</ele>
      </trkpt>
      <trkpt lat="47.45219" lon="6.59104">
        <ele>288.7</ele>
      </trkpt>
      <trkpt lat="47.45221" lon="6.59051">
        <ele>289.5</ele>
      </trkpt>
      <trkpt lat="47.45221" lon="6.59012">
        <ele>290.9</ele>
      </trkpt>
      <trkpt lat="47.45228" lon="6.58983">
        <ele>291.2</ele>
      </trkpt>
      <trkpt lat="47.45232" lon="6.5895">
        <ele>291.1</ele>
      </trkpt>
      <trkpt lat="47.45234" lon="6.58945">
        <ele>291.1</ele>
      </trkpt>
      <trkpt lat="47.45229" lon="6.58933">
        <ele>291.0</ele>
      </trkpt>
      <trkpt lat="47.45225" lon="6.58923">
        <ele>291.0</ele>
      </trkpt>
      <trkpt lat="47.45212" lon="6.58899">
        <ele>290.7</ele>
      </trkpt>
      <trkpt lat="47.45204" lon="6.58881">
        <ele>290.4</ele>
      </trkpt>
      <trkpt lat="47.45184" lon="6.58805">
        <ele>290.1</ele>
      </trkpt>
      <trkpt lat="47.45163" lon="6.58728">
        <ele>290.5</ele>
      </trkpt>
      <trkpt lat="47.45132" lon="6.58641">
        <ele>289.2</ele>
      </trkpt>
      <trkpt lat="47.45101" lon="6.58555">
        <ele>288.6</ele>
      </trkpt>
      <trkpt lat="47.45084" lon="6.58516">
        <ele>289.0</ele>
      </trkpt>
      <trkpt lat="47.45057" lon="6.58464">
        <ele>289.1</ele>
      </trkpt>
      <trkpt lat="47.45032" lon="6.58417">
        <ele>288.9</ele>
      </trkpt>
      <trkpt lat="47.45017" lon="6.58393">
        <ele>289.4</ele>
      </trkpt>
      <trkpt lat="47.44974" lon="6.58322">
        <ele>290.0</ele>
      </trkpt>
      <trkpt lat="47.44955" lon="6.583">
        <ele>290.0</ele>
      </trkpt>
      <trkpt lat="47.44911" lon="6.58239">
        <ele>289.9</ele>
      </trkpt>
      <trkpt lat="47.44905" lon="6.58225">
        <ele>289.7</ele>
      </trkpt>
      <trkpt lat="47.44901" lon="6.58216">
        <ele>289.5</ele>
      </trkpt>
      <trkpt lat="47.44908" lon="6.58205">
        <ele>289.4</ele>
      </trkpt>
      <trkpt lat="47.44913" lon="6.58192">
        <ele>289.3</ele>
      </trkpt>
      <trkpt lat="47.44915" lon="6.5818">
        <ele>289.1</ele>
      </trkpt>
      <trkpt lat="47.44919" lon="6.58181">
        <ele>289.2</ele>
      </trkpt>
      <trkpt lat="47.44922" lon="6.5818">
        <ele>289.2</ele>
      </trkpt>
      <trkpt lat="47.44925" lon="6.58178">
        <ele>289.1</ele>
      </trkpt>
      <trkpt lat="47.44928" lon="6.58174">
        <ele>289.1</ele>
      </trkpt>
      <trkpt lat="47.44929" lon="6.58169">
        <ele>289.0</ele>
      </trkpt>
      <trkpt lat="47.4493" lon="6.58163">
        <ele>289.1</ele>
      </trkpt>
      <trkpt lat="47.44929" lon="6.58158">
        <ele>289.2</ele>
      </trkpt>
      <trkpt lat="47.44927" lon="6.58154">
        <ele>289.3</ele>
      </trkpt>
      <trkpt lat="47.44936" lon="6.58147">
        <ele>289.4</ele>
      </trkpt>
      <trkpt lat="47.44946" lon="6.58136">
        <ele>289.6</ele>
      </trkpt>
      <trkpt lat="47.4496" lon="6.58118">
        <ele>289.9</ele>
      </trkpt>
      <trkpt lat="47.44978" lon="6.58091">
        <ele>290.1</ele>
      </trkpt>
      <trkpt lat="47.45006" lon="6.58049">
        <ele>289.7</ele>
      </trkpt>
      <trkpt lat="47.45012" lon="6.58043">
        <ele>289.5</ele>
      </trkpt>
      <trkpt lat="47.4502" lon="6.58037">
        <ele>289.2</ele>
      </trkpt>
      <trkpt lat="47.45031" lon="6.58028">
        <ele>288.8</ele>
      </trkpt>
      <trkpt lat="47.45037" lon="6.58021">
        <ele>288.6</ele>
      </trkpt>
      <trkpt lat="47.45041" lon="6.58014">
        <ele>288.4</ele>
      </trkpt>
      <trkpt lat="47.4509" lon="6.57922">
        <ele>288.9</ele>
      </trkpt>
      <trkpt lat="47.45108" lon="6.57887">
        <ele>289.1</ele>
      </trkpt>
      <trkpt lat="47.45078" lon="6.57852">
        <ele>288.2</ele>
      </trkpt>
      <trkpt lat="47.45057" lon="6.57832">
        <ele>288.1</ele>
      </trkpt>
      <trkpt lat="47.45013" lon="6.57794">
        <ele>288.4</ele>
      </trkpt>
      <trkpt lat="47.45016" lon="6.57781">
        <ele>288.6</ele>
      </trkpt>
      <trkpt lat="47.44968" lon="6.57745">
        <ele>288.7</ele>
      </trkpt>
      <trkpt lat="47.4492" lon="6.5771">
        <ele>290.2</ele>
      </trkpt>
      <trkpt lat="47.44903" lon="6.57699">
        <ele>289.9</ele>
      </trkpt>
      <trkpt lat="47.44879" lon="6.57691">
        <ele>289.2</ele>
      </trkpt>
      <trkpt lat="47.44879" lon="6.5768">
        <ele>289.6</ele>
      </trkpt>
      <trkpt lat="47.44879" lon="6.5768">
        <ele>289.6</ele>
      </trkpt>
      <trkpt lat="47.44881" lon="6.57657">
        <ele>293.3</ele>
      </trkpt>
      <trkpt lat="47.44881" lon="6.57657">
        <ele>293.3</ele>
      </trkpt>
      <trkpt lat="47.44883" lon="6.57655">
        <ele>294.1</ele>
      </trkpt>
      <trkpt lat="47.44885" lon="6.57655">
        <ele>294.1</ele>
      </trkpt>
      <trkpt lat="47.44887" lon="6.57657">
        <ele>293.6</ele>
      </trkpt>
      <trkpt lat="47.44889" lon="6.57657">
        <ele>293.7</ele>
      </trkpt>
      <trkpt lat="47.44891" lon="6.57653">
        <ele>295.0</ele>
      </trkpt>
      <trkpt lat="47.44892" lon="6.57643">
        <ele>298.2</ele>
      </trkpt>
      <trkpt lat="47.44866" lon="6.57636">
        <ele>299.4</ele>
      </trkpt>
      <trkpt lat="47.44804" lon="6.57627">
        <ele>302.2</ele>
      </trkpt>
      <trkpt lat="47.44742" lon="6.57618">
        <ele>305.8</ele>
      </trkpt>
      <trkpt lat="47.4472" lon="6.57611">
        <ele>304.4</ele>
      </trkpt>
      <trkpt lat="47.44694" lon="6.57598">
        <ele>302.7</ele>
      </trkpt>
      <trkpt lat="47.44651" lon="6.5756">
        <ele>300.0</ele>
      </trkpt>
      <trkpt lat="47.44616" lon="6.57525">
        <ele>297.2</ele>
      </trkpt>
      <trkpt lat="47.44586" lon="6.57478">
        <ele>294.0</ele>
      </trkpt>
      <trkpt lat="47.44564" lon="6.57432">
        <ele>296.1</ele>
      </trkpt>
      <trkpt lat="47.44553" lon="6.57408">
        <ele>296.6</ele>
      </trkpt>
      <trkpt lat="47.44534" lon="6.57356">
        <ele>296.7</ele>
      </trkpt>
      <trkpt lat="47.445" lon="6.57284">
        <ele>296.9</ele>
      </trkpt>
      <trkpt lat="47.44485" lon="6.57256">
        <ele>297.9</ele>
      </trkpt>
      <trkpt lat="47.44466" lon="6.5723">
        <ele>297.2</ele>
      </trkpt>
      <trkpt lat="47.44445" lon="6.57205">
        <ele>296.1</ele>
      </trkpt>
      <trkpt lat="47.44401" lon="6.57169">
        <ele>293.1</ele>
      </trkpt>
      <trkpt lat="47.44378" lon="6.57144">
        <ele>292.0</ele>
      </trkpt>
      <trkpt lat="47.4436" lon="6.5712">
        <ele>290.5</ele>
      </trkpt>
      <trkpt lat="47.44328" lon="6.57071">
        <ele>287.5</ele>
      </trkpt>
      <trkpt lat="47.44293" lon="6.57005">
        <ele>288.4</ele>
      </trkpt>
      <trkpt lat="47.44248" lon="6.5691">
        <ele>286.2</ele>
      </trkpt>
      <trkpt lat="47.44234" lon="6.56871">
        <ele>287.1</ele>
      </trkpt>
      <trkpt lat="47.44225" lon="6.56835">
        <ele>287.4</ele>
      </trkpt>
      <trkpt lat="47.44219" lon="6.56805">
        <ele>287.5</ele>
      </trkpt>
      <trkpt lat="47.44216" lon="6.56744">
        <ele>287.8</ele>
      </trkpt>
      <trkpt lat="47.44216" lon="6.56723">
        <ele>287.9</ele>
      </trkpt>
      <trkpt lat="47.44222" lon="6.56657">
        <ele>288.3</ele>
      </trkpt>
      <trkpt lat="47.44228" lon="6.5659">
        <ele>288.5</ele>
      </trkpt>
      <trkpt lat="47.44229" lon="6.56565">
        <ele>288.5</ele>
      </trkpt>
      <trkpt lat="47.44226" lon="6.56446">
        <ele>288.4</ele>
      </trkpt>
      <trkpt lat="47.44223" lon="6.56357">
        <ele>287.9</ele>
      </trkpt>
      <trkpt lat="47.44224" lon="6.56323">
        <ele>287.7</ele>
      </trkpt>
      <trkpt lat="47.44224" lon="6.5632">
        <ele>287.7</ele>
      </trkpt>
      <trkpt lat="47.44227" lon="6.56313">
        <ele>287.7</ele>
      </trkpt>
      <trkpt lat="47.44232" lon="6.56308">
        <ele>287.8</ele>
      </trkpt>
      <trkpt lat="47.44236" lon="6.56306">
        <ele>287.8</ele>
      </trkpt>
      <trkpt lat="47.44277" lon="6.56314">
        <ele>288.4</ele>
      </trkpt>
      <trkpt lat="47.4429" lon="6.56314">
        <ele>288.6</ele>
      </trkpt>
      <trkpt lat="47.44304" lon="6.56309">
        <ele>288.8</ele>
      </trkpt>
      <trkpt lat="47.44339" lon="6.56291">
        <ele>290.3</ele>
      </trkpt>
      <trkpt lat="47.44347" lon="6.56284">
        <ele>291.6</ele>
      </trkpt>
      <trkpt lat="47.44352" lon="6.56275">
        <ele>292.5</ele>
      </trkpt>
      <trkpt lat="47.44356" lon="6.56264">
        <ele>293.4</ele>
      </trkpt>
      <trkpt lat="47.44361" lon="6.56244">
        <ele>294.5</ele>
      </trkpt>
      <trkpt lat="47.44368" lon="6.5619">
        <ele>293.8</ele>
      </trkpt>
      <trkpt lat="47.44369" lon="6.56166">
        <ele>293.1</ele>
      </trkpt>
      <trkpt lat="47.44368" lon="6.56147">
        <ele>292.6</ele>
      </trkpt>
      <trkpt lat="47.44367" lon="6.56134">
        <ele>292.2</ele>
      </trkpt>
      <trkpt lat="47.44366" lon="6.56131">
        <ele>292.0</ele>
      </trkpt>
      <trkpt lat="47.44347" lon="6.56028">
        <ele>289.8</ele>
      </trkpt>
      <trkpt lat="47.44342" lon="6.56026">
        <ele>289.4</ele>
      </trkpt>
      <trkpt lat="47.44338" lon="6.56022">
        <ele>289.1</ele>
      </trkpt>
      <trkpt lat="47.44307" lon="6.55964">
        <ele>287.8</ele>
      </trkpt>
      <trkpt lat="47.44277" lon="6.55907">
        <ele>286.4</ele>
      </trkpt>
      <trkpt lat="47.44242" lon="6.55829">
        <ele>283.1</ele>
      </trkpt>
      <trkpt lat="47.44225" lon="6.55783">
        <ele>283.5</ele>
      </trkpt>
      <trkpt lat="47.44221" lon="6.55754">
        <ele>283.6</ele>
      </trkpt>
      <trkpt lat="47.44216" lon="6.55655">
        <ele>284.6</ele>
      </trkpt>
      <trkpt lat="47.44212" lon="6.55556">
        <ele>284.8</ele>
      </trkpt>
      <trkpt lat="47.44207" lon="6.55529">
        <ele>284.7</ele>
      </trkpt>
      <trkpt lat="47.44196" lon="6.55489">
        <ele>284.2</ele>
      </trkpt>
      <trkpt lat="47.4419" lon="6.55479">
        <ele>284.0</ele>
      </trkpt>
      <trkpt lat="47.44201" lon="6.55388">
        <ele>283.2</ele>
      </trkpt>
      <trkpt lat="47.44208" lon="6.55323">
        <ele>283.4</ele>
      </trkpt>
      <trkpt lat="47.44213" lon="6.55191">
        <ele>283.4</ele>
      </trkpt>
      <trkpt lat="47.44204" lon="6.55076">
        <ele>284.1</ele>
      </trkpt>
      <trkpt lat="47.44183" lon="6.54948">
        <ele>282.9</ele>
      </trkpt>
      <trkpt lat="47.44169" lon="6.54874">
        <ele>283.0</ele>
      </trkpt>
      <trkpt lat="47.4415" lon="6.54763">
        <ele>283.9</ele>
      </trkpt>
      <trkpt lat="47.44125" lon="6.54653">
        <ele>284.2</ele>
      </trkpt>
      <trkpt lat="47.44115" lon="6.54586">
        <ele>285.2</ele>
      </trkpt>
      <trkpt lat="47.44105" lon="6.54519">
        <ele>285.1</ele>
      </trkpt>
      <trkpt lat="47.44097" lon="6.54414">
        <ele>286.0</ele>
      </trkpt>
      <trkpt lat="47.44097" lon="6.5436">
        <ele>285.2</ele>
      </trkpt>
      <trkpt lat="47.44101" lon="6.54261">
        <ele>284.1</ele>
      </trkpt>
      <trkpt lat="47.44105" lon="6.54161">
        <ele>285.4</ele>
      </trkpt>
      <trkpt lat="47.44114" lon="6.54031">
        <ele>282.5</ele>
      </trkpt>
      <trkpt lat="47.44123" lon="6.53901">
        <ele>282.8</ele>
      </trkpt>
      <trkpt lat="47.44131" lon="6.53827">
        <ele>283.9</ele>
      </trkpt>
      <trkpt lat="47.44138" lon="6.53752">
        <ele>282.7</ele>
      </trkpt>
      <trkpt lat="47.44148" lon="6.5366">
        <ele>283.9</ele>
      </trkpt>
      <trkpt lat="47.44158" lon="6.53569">
        <ele>285.7</ele>
      </trkpt>
      <trkpt lat="47.44167" lon="6.53492">
        <ele>285.1</ele>
      </trkpt>
      <trkpt lat="47.44177" lon="6.53415">
        <ele>287.2</ele>
      </trkpt>
      <trkpt lat="47.44177" lon="6.53392">
        <ele>290.1</ele>
      </trkpt>
      <trkpt lat="47.44177" lon="6.53372">
        <ele>292.6</ele>
      </trkpt>
      <trkpt lat="47.44167" lon="6.53324">
        <ele>298.8</ele>
      </trkpt>
      <trkpt lat="47.44152" lon="6.53292">
        <ele>305.3</ele>
      </trkpt>
      <trkpt lat="47.44121" lon="6.5326">
        <ele>307.4</ele>
      </trkpt>
      <trkpt lat="47.44084" lon="6.53232">
        <ele>310.9</ele>
      </trkpt>
      <trkpt lat="47.4403" lon="6.53198">
        <ele>318.2</ele>
      </trkpt>
      <trkpt lat="47.44" lon="6.53182">
        <ele>319.2</ele>
      </trkpt>
      <trkpt lat="47.43976" lon="6.53171">
        <ele>318.0</ele>
      </trkpt>
      <trkpt lat="47.43906" lon="6.53141">
        <ele>313.6</ele>
      </trkpt>
      <trkpt lat="47.43834" lon="6.53131">
        <ele>307.6</ele>
      </trkpt>
      <trkpt lat="47.43789" lon="6.53127">
        <ele>306.6</ele>
      </trkpt>
      <trkpt lat="47.43744" lon="6.53124">
        <ele>305.2</ele>
      </trkpt>
      <trkpt lat="47.43678" lon="6.53131">
        <ele>301.6</ele>
      </trkpt>
      <trkpt lat="47.43616" lon="6.53139">
        <ele>297.6</ele>
      </trkpt>
      <trkpt lat="47.4359" lon="6.53144">
        <ele>295.3</ele>
      </trkpt>
      <trkpt lat="47.43582" lon="6.53132">
        <ele>299.6</ele>
      </trkpt>
      <trkpt lat="47.43554" lon="6.53142">
        <ele>299.9</ele>
      </trkpt>
      <trkpt lat="47.43532" lon="6.5316">
        <ele>297.6</ele>
      </trkpt>
      <trkpt lat="47.43482" lon="6.53174">
        <ele>304.6</ele>
      </trkpt>
      <trkpt lat="47.4343" lon="6.532">
        <ele>309.5</ele>
      </trkpt>
      <trkpt lat="47.43379" lon="6.53226">
        <ele>309.3</ele>
      </trkpt>
      <trkpt lat="47.43316" lon="6.53269">
        <ele>308.7</ele>
      </trkpt>
      <trkpt lat="47.43287" lon="6.53291">
        <ele>310.7</ele>
      </trkpt>
      <trkpt lat="47.43257" lon="6.53318">
        <ele>311.4</ele>
      </trkpt>
      <trkpt lat="47.43217" lon="6.53371">
        <ele>311.8</ele>
      </trkpt>
      <trkpt lat="47.43176" lon="6.53436">
        <ele>312.7</ele>
      </trkpt>
      <trkpt lat="47.43134" lon="6.53501">
        <ele>310.5</ele>
      </trkpt>
      <trkpt lat="47.43079" lon="6.53605">
        <ele>306.1</ele>
      </trkpt>
      <trkpt lat="47.4304" lon="6.53674">
        <ele>308.3</ele>
      </trkpt>
      <trkpt lat="47.43003" lon="6.53736">
        <ele>306.6</ele>
      </trkpt>
      <trkpt lat="47.42966" lon="6.53798">
        <ele>310.0</ele>
      </trkpt>
      <trkpt lat="47.42925" lon="6.53894">
        <ele>309.3</ele>
      </trkpt>
      <trkpt lat="47.42896" lon="6.53949">
        <ele>309.9</ele>
      </trkpt>
      <trkpt lat="47.42865" lon="6.54026">
        <ele>310.6</ele>
      </trkpt>
      <trkpt lat="47.42829" lon="6.5414">
        <ele>306.8</ele>
      </trkpt>
      <trkpt lat="47.42807" lon="6.54228">
        <ele>304.4</ele>
      </trkpt>
      <trkpt lat="47.42785" lon="6.54317">
        <ele>302.2</ele>
      </trkpt>
      <trkpt lat="47.42764" lon="6.54405">
        <ele>303.3</ele>
      </trkpt>
      <trkpt lat="47.42731" lon="6.54526">
        <ele>301.3</ele>
      </trkpt>
      <trkpt lat="47.42698" lon="6.54646">
        <ele>301.6</ele>
      </trkpt>
      <trkpt lat="47.42665" lon="6.54767">
        <ele>297.2</ele>
      </trkpt>
      <trkpt lat="47.42631" lon="6.5489">
        <ele>291.3</ele>
      </trkpt>
      <trkpt lat="47.42617" lon="6.54913">
        <ele>291.2</ele>
      </trkpt>
      <trkpt lat="47.42597" lon="6.54933">
        <ele>291.7</ele>
      </trkpt>
      <trkpt lat="47.42559" lon="6.54962">
        <ele>292.7</ele>
      </trkpt>
      <trkpt lat="47.42515" lon="6.55002">
        <ele>291.8</ele>
      </trkpt>
      <trkpt lat="47.42496" lon="6.55045">
        <ele>289.7</ele>
      </trkpt>
      <trkpt lat="47.42494" lon="6.5505">
        <ele>289.7</ele>
      </trkpt>
      <trkpt lat="47.4247" lon="6.55136">
        <ele>293.8</ele>
      </trkpt>
      <trkpt lat="47.42458" lon="6.55182">
        <ele>296.7</ele>
      </trkpt>
      <trkpt lat="47.42449" lon="6.55234">
        <ele>295.9</ele>
      </trkpt>
      <trkpt lat="47.42432" lon="6.55284">
        <ele>295.8</ele>
      </trkpt>
      <trkpt lat="47.42404" lon="6.55344">
        <ele>294.4</ele>
      </trkpt>
      <trkpt lat="47.42377" lon="6.55383">
        <ele>294.1</ele>
      </trkpt>
      <trkpt lat="47.42334" lon="6.55426">
        <ele>294.6</ele>
      </trkpt>
      <trkpt lat="47.42267" lon="6.55463">
        <ele>296.1</ele>
      </trkpt>
      <trkpt lat="47.42234" lon="6.55483">
        <ele>292.3</ele>
      </trkpt>
      <trkpt lat="47.422" lon="6.55493">
        <ele>288.2</ele>
      </trkpt>
      <trkpt lat="47.4219" lon="6.55498">
        <ele>286.6</ele>
      </trkpt>
      <trkpt lat="47.42182" lon="6.55504">
        <ele>285.5</ele>
      </trkpt>
      <trkpt lat="47.42173" lon="6.55508">
        <ele>284.8</ele>
      </trkpt>
      <trkpt lat="47.42165" lon="6.55509">
        <ele>284.4</ele>
      </trkpt>
      <trkpt lat="47.42146" lon="6.55505">
        <ele>284.2</ele>
      </trkpt>
      <trkpt lat="47.42075" lon="6.55511">
        <ele>283.3</ele>
      </trkpt>
      <trkpt lat="47.42005" lon="6.55517">
        <ele>288.6</ele>
      </trkpt>
      <trkpt lat="47.41954" lon="6.55521">
        <ele>287.4</ele>
      </trkpt>
      <trkpt lat="47.41913" lon="6.55517">
        <ele>286.9</ele>
      </trkpt>
      <trkpt lat="47.41872" lon="6.55503">
        <ele>287.7</ele>
      </trkpt>
      <trkpt lat="47.41837" lon="6.5549">
        <ele>287.7</ele>
      </trkpt>
      <trkpt lat="47.41816" lon="6.55477">
        <ele>287.4</ele>
      </trkpt>
      <trkpt lat="47.4179" lon="6.55457">
        <ele>286.4</ele>
      </trkpt>
      <trkpt lat="47.41765" lon="6.55434">
        <ele>284.6</ele>
      </trkpt>
      <trkpt lat="47.41734" lon="6.55394">
        <ele>282.7</ele>
      </trkpt>
      <trkpt lat="47.4171" lon="6.55358">
        <ele>282.4</ele>
      </trkpt>
      <trkpt lat="47.41685" lon="6.5531">
        <ele>282.4</ele>
      </trkpt>
      <trkpt lat="47.41662" lon="6.55261">
        <ele>281.9</ele>
      </trkpt>
      <trkpt lat="47.41647" lon="6.55223">
        <ele>281.7</ele>
      </trkpt>
      <trkpt lat="47.41633" lon="6.55183">
        <ele>281.3</ele>
      </trkpt>
      <trkpt lat="47.41612" lon="6.55111">
        <ele>280.1</ele>
      </trkpt>
      <trkpt lat="47.41601" lon="6.55039">
        <ele>280.2</ele>
      </trkpt>
      <trkpt lat="47.41591" lon="6.54951">
        <ele>280.3</ele>
      </trkpt>
      <trkpt lat="47.41586" lon="6.54883">
        <ele>280.1</ele>
      </trkpt>
      <trkpt lat="47.41586" lon="6.54802">
        <ele>280.5</ele>
      </trkpt>
      <trkpt lat="47.41587" lon="6.54722">
        <ele>281.5</ele>
      </trkpt>
      <trkpt lat="47.41589" lon="6.54627">
        <ele>281.7</ele>
      </trkpt>
      <trkpt lat="47.4159" lon="6.54533">
        <ele>281.1</ele>
      </trkpt>
      <trkpt lat="47.41593" lon="6.54402">
        <ele>280.0</ele>
      </trkpt>
      <trkpt lat="47.41596" lon="6.54271">
        <ele>279.0</ele>
      </trkpt>
      <trkpt lat="47.41595" lon="6.54246">
        <ele>279.0</ele>
      </trkpt>
      <trkpt lat="47.41593" lon="6.54225">
        <ele>279.0</ele>
      </trkpt>
      <trkpt lat="47.41595" lon="6.54167">
        <ele>278.9</ele>
      </trkpt>
      <trkpt lat="47.41596" lon="6.54163">
        <ele>278.8</ele>
      </trkpt>
      <trkpt lat="47.41597" lon="6.54157">
        <ele>278.7</ele>
      </trkpt>
      <trkpt lat="47.41599" lon="6.54131">
        <ele>278.4</ele>
      </trkpt>
      <trkpt lat="47.41601" lon="6.54027">
        <ele>277.8</ele>
      </trkpt>
      <trkpt lat="47.41603" lon="6.53924">
        <ele>278.0</ele>
      </trkpt>
      <trkpt lat="47.41605" lon="6.53821">
        <ele>278.6</ele>
      </trkpt>
      <trkpt lat="47.41608" lon="6.53718">
        <ele>278.3</ele>
      </trkpt>
      <trkpt lat="47.4161" lon="6.53587">
        <ele>278.0</ele>
      </trkpt>
      <trkpt lat="47.41612" lon="6.53455">
        <ele>279.2</ele>
      </trkpt>
      <trkpt lat="47.41615" lon="6.53324">
        <ele>277.9</ele>
      </trkpt>
      <trkpt lat="47.41617" lon="6.53192">
        <ele>277.8</ele>
      </trkpt>
      <trkpt lat="47.4162" lon="6.5306">
        <ele>277.9</ele>
      </trkpt>
      <trkpt lat="47.41622" lon="6.52929">
        <ele>277.0</ele>
      </trkpt>
      <trkpt lat="47.41625" lon="6.52797">
        <ele>277.7</ele>
      </trkpt>
      <trkpt lat="47.41627" lon="6.52666">
        <ele>278.0</ele>
      </trkpt>
      <trkpt lat="47.4163" lon="6.52534">
        <ele>278.0</ele>
      </trkpt>
      <trkpt lat="47.41632" lon="6.52403">
        <ele>278.7</ele>
      </trkpt>
      <trkpt lat="47.41635" lon="6.52271">
        <ele>278.4</ele>
      </trkpt>
      <trkpt lat="47.41637" lon="6.5214">
        <ele>279.8</ele>
      </trkpt>
      <trkpt lat="47.41637" lon="6.5213">
        <ele>279.8</ele>
      </trkpt>
      <trkpt lat="47.41633" lon="6.52115">
        <ele>279.5</ele>
      </trkpt>
      <trkpt lat="47.41633" lon="6.52107">
        <ele>279.5</ele>
      </trkpt>
      <trkpt lat="47.41635" lon="6.52079">
        <ele>279.4</ele>
      </trkpt>
      <trkpt lat="47.41638" lon="6.52049">
        <ele>279.1</ele>
      </trkpt>
      <trkpt lat="47.41639" lon="6.52026">
        <ele>278.8</ele>
      </trkpt>
      <trkpt lat="47.41641" lon="6.52003">
        <ele>278.5</ele>
      </trkpt>
      <trkpt lat="47.41653" lon="6.51926">
        <ele>281.0</ele>
      </trkpt>
      <trkpt lat="47.41666" lon="6.51827">
        <ele>284.2</ele>
      </trkpt>
      <trkpt lat="47.41668" lon="6.51777">
        <ele>286.4</ele>
      </trkpt>
      <trkpt lat="47.41667" lon="6.51742">
        <ele>287.6</ele>
      </trkpt>
      <trkpt lat="47.41664" lon="6.51714">
        <ele>288.8</ele>
      </trkpt>
      <trkpt lat="47.41658" lon="6.51683">
        <ele>289.6</ele>
      </trkpt>
      <trkpt lat="47.41648" lon="6.51644">
        <ele>290.6</ele>
      </trkpt>
      <trkpt lat="47.41641" lon="6.5162">
        <ele>291.1</ele>
      </trkpt>
      <trkpt lat="47.41625" lon="6.51574">
        <ele>290.9</ele>
      </trkpt>
      <trkpt lat="47.41618" lon="6.51558">
        <ele>290.0</ele>
      </trkpt>
      <trkpt lat="47.41611" lon="6.51545">
        <ele>288.9</ele>
      </trkpt>
      <trkpt lat="47.41589" lon="6.51509">
        <ele>284.4</ele>
      </trkpt>
      <trkpt lat="47.41559" lon="6.51453">
        <ele>286.8</ele>
      </trkpt>
      <trkpt lat="47.41529" lon="6.51397">
        <ele>287.5</ele>
      </trkpt>
      <trkpt lat="47.41519" lon="6.51381">
        <ele>287.7</ele>
      </trkpt>
      <trkpt lat="47.41508" lon="6.51364">
        <ele>287.7</ele>
      </trkpt>
      <trkpt lat="47.41497" lon="6.51348">
        <ele>287.8</ele>
      </trkpt>
      <trkpt lat="47.41476" lon="6.51324">
        <ele>289.0</ele>
      </trkpt>
      <trkpt lat="47.4145" lon="6.51298">
        <ele>290.0</ele>
      </trkpt>
      <trkpt lat="47.41438" lon="6.51288">
        <ele>289.7</ele>
      </trkpt>
      <trkpt lat="47.4139" lon="6.51254">
        <ele>287.1</ele>
      </trkpt>
      <trkpt lat="47.41371" lon="6.51244">
        <ele>286.5</ele>
      </trkpt>
      <trkpt lat="47.41341" lon="6.5123">
        <ele>286.3</ele>
      </trkpt>
      <trkpt lat="47.41307" lon="6.51215">
        <ele>287.8</ele>
      </trkpt>
      <trkpt lat="47.41282" lon="6.51207">
        <ele>287.9</ele>
      </trkpt>
      <trkpt lat="47.4124" lon="6.51195">
        <ele>286.8</ele>
      </trkpt>
      <trkpt lat="47.41176" lon="6.51179">
        <ele>285.3</ele>
      </trkpt>
      <trkpt lat="47.41112" lon="6.51162">
        <ele>281.6</ele>
      </trkpt>
      <trkpt lat="47.4106" lon="6.51154">
        <ele>280.0</ele>
      </trkpt>
      <trkpt lat="47.41009" lon="6.51146">
        <ele>280.2</ele>
      </trkpt>
      <trkpt lat="47.40942" lon="6.51141">
        <ele>278.2</ele>
      </trkpt>
      <trkpt lat="47.40878" lon="6.51135">
        <ele>278.0</ele>
      </trkpt>
      <trkpt lat="47.40848" lon="6.51131">
        <ele>278.4</ele>
      </trkpt>
      <trkpt lat="47.40798" lon="6.51128">
        <ele>278.3</ele>
      </trkpt>
      <trkpt lat="47.40749" lon="6.51124">
        <ele>278.0</ele>
      </trkpt>
      <trkpt lat="47.40679" lon="6.51116">
        <ele>278.3</ele>
      </trkpt>
      <trkpt lat="47.40599" lon="6.51113">
        <ele>277.0</ele>
      </trkpt>
      <trkpt lat="47.4055" lon="6.51112">
        <ele>276.4</ele>
      </trkpt>
      <trkpt lat="47.40501" lon="6.51112">
        <ele>276.0</ele>
      </trkpt>
      <trkpt lat="47.40449" lon="6.51104">
        <ele>275.8</ele>
      </trkpt>
      <trkpt lat="47.40407" lon="6.51089">
        <ele>275.5</ele>
      </trkpt>
      <trkpt lat="47.4039" lon="6.5108">
        <ele>275.6</ele>
      </trkpt>
      <trkpt lat="47.40357" lon="6.51058">
        <ele>276.0</ele>
      </trkpt>
      <trkpt lat="47.40295" lon="6.5101">
        <ele>276.7</ele>
      </trkpt>
      <trkpt lat="47.40231" lon="6.50963">
        <ele>277.3</ele>
      </trkpt>
      <trkpt lat="47.40167" lon="6.50916">
        <ele>279.0</ele>
      </trkpt>
      <trkpt lat="47.40103" lon="6.50869">
        <ele>277.7</ele>
      </trkpt>
      <trkpt lat="47.40039" lon="6.50822">
        <ele>276.2</ele>
      </trkpt>
      <trkpt lat="47.39985" lon="6.50781">
        <ele>275.4</ele>
      </trkpt>
      <trkpt lat="47.39931" lon="6.50741">
        <ele>274.7</ele>
      </trkpt>
      <trkpt lat="47.39884" lon="6.50699">
        <ele>276.7</ele>
      </trkpt>
      <trkpt lat="47.39818" lon="6.50634">
        <ele>277.4</ele>
      </trkpt>
      <trkpt lat="47.39767" lon="6.50564">
        <ele>277.3</ele>
      </trkpt>
      <trkpt lat="47.39754" lon="6.50542">
        <ele>277.5</ele>
      </trkpt>
      <trkpt lat="47.39742" lon="6.50517">
        <ele>278.4</ele>
      </trkpt>
      <trkpt lat="47.39736" lon="6.50488">
        <ele>279.1</ele>
      </trkpt>
      <trkpt lat="47.39735" lon="6.50466">
        <ele>279.6</ele>
      </trkpt>
      <trkpt lat="47.39736" lon="6.50449">
        <ele>279.9</ele>
      </trkpt>
      <trkpt lat="47.39747" lon="6.5034">
        <ele>281.8</ele>
      </trkpt>
      <trkpt lat="47.39759" lon="6.50231">
        <ele>280.4</ele>
      </trkpt>
      <trkpt lat="47.3977" lon="6.50111">
        <ele>278.4</ele>
      </trkpt>
      <trkpt lat="47.39771" lon="6.50084">
        <ele>278.3</ele>
      </trkpt>
      <trkpt lat="47.39769" lon="6.5006">
        <ele>278.3</ele>
      </trkpt>
      <trkpt lat="47.39758" lon="6.49997">
        <ele>278.3</ele>
      </trkpt>
      <trkpt lat="47.39721" lon="6.49896">
        <ele>278.7</ele>
      </trkpt>
      <trkpt lat="47.39698" lon="6.49843">
        <ele>277.2</ele>
      </trkpt>
      <trkpt lat="47.39698" lon="6.49843">
        <ele>277.2</ele>
      </trkpt>
      <trkpt lat="47.3968" lon="6.49809">
        <ele>276.7</ele>
      </trkpt>
      <trkpt lat="47.39647" lon="6.49731">
        <ele>276.5</ele>
      </trkpt>
      <trkpt lat="47.39602" lon="6.49645">
        <ele>275.9</ele>
      </trkpt>
      <trkpt lat="47.39558" lon="6.49559">
        <ele>277.0</ele>
      </trkpt>
      <trkpt lat="47.39514" lon="6.49486">
        <ele>277.2</ele>
      </trkpt>
      <trkpt lat="47.39478" lon="6.49433">
        <ele>276.3</ele>
      </trkpt>
      <trkpt lat="47.39449" lon="6.49402">
        <ele>275.7</ele>
      </trkpt>
      <trkpt lat="47.39427" lon="6.49386">
        <ele>275.7</ele>
      </trkpt>
      <trkpt lat="47.39386" lon="6.49374">
        <ele>277.8</ele>
      </trkpt>
      <trkpt lat="47.39384" lon="6.49372">
        <ele>278.1</ele>
      </trkpt>
      <trkpt lat="47.39301" lon="6.49381">
        <ele>282.5</ele>
      </trkpt>
      <trkpt lat="47.39279" lon="6.49387">
        <ele>283.0</ele>
      </trkpt>
      <trkpt lat="47.39263" lon="6.49393">
        <ele>282.8</ele>
      </trkpt>
      <trkpt lat="47.39243" lon="6.49406">
        <ele>280.5</ele>
      </trkpt>
      <trkpt lat="47.39236" lon="6.49414">
        <ele>278.7</ele>
      </trkpt>
      <trkpt lat="47.3923" lon="6.49418">
        <ele>278.4</ele>
      </trkpt>
      <trkpt lat="47.39198" lon="6.49442">
        <ele>279.2</ele>
      </trkpt>
      <trkpt lat="47.39193" lon="6.49436">
        <ele>279.8</ele>
      </trkpt>
      <trkpt lat="47.39188" lon="6.49449">
        <ele>279.2</ele>
      </trkpt>
      <trkpt lat="47.39181" lon="6.49463">
        <ele>278.6</ele>
      </trkpt>
      <trkpt lat="47.39182" lon="6.49466">
        <ele>278.3</ele>
      </trkpt>
      <trkpt lat="47.39215" lon="6.49518">
        <ele>275.6</ele>
      </trkpt>
      <trkpt lat="47.39237" lon="6.49553">
        <ele>276.1</ele>
      </trkpt>
      <trkpt lat="47.39243" lon="6.49567">
        <ele>276.5</ele>
      </trkpt>
      <trkpt lat="47.39221" lon="6.49595">
        <ele>276.8</ele>
      </trkpt>
      <trkpt lat="47.39183" lon="6.4965">
        <ele>276.8</ele>
      </trkpt>
      <trkpt lat="47.39194" lon="6.49676">
        <ele>278.6</ele>
      </trkpt>
      <trkpt lat="47.39176" lon="6.49689">
        <ele>278.0</ele>
      </trkpt>
      <trkpt lat="47.3916" lon="6.49692">
        <ele>277.4</ele>
      </trkpt>
      <trkpt lat="47.39151" lon="6.49698">
        <ele>277.5</ele>
      </trkpt>
      <trkpt lat="47.39152" lon="6.49701">
        <ele>277.6</ele>
      </trkpt>
      <trkpt lat="47.39174" lon="6.49765">
        <ele>282.9</ele>
      </trkpt>
      <trkpt lat="47.39144" lon="6.49797">
        <ele>283.2</ele>
      </trkpt>
      <trkpt lat="47.39101" lon="6.49835">
        <ele>282.7</ele>
      </trkpt>
      <trkpt lat="47.39101" lon="6.49839">
        <ele>283.2</ele>
      </trkpt>
      <trkpt lat="47.39109" lon="6.49862">
        <ele>286.4</ele>
      </trkpt>
      <trkpt lat="47.39125" lon="6.49909">
        <ele>292.2</ele>
      </trkpt>
      <trkpt lat="47.39107" lon="6.49925">
        <ele>293.5</ele>
      </trkpt>
      <trkpt lat="47.39052" lon="6.49976">
        <ele>295.1</ele>
      </trkpt>
      <trkpt lat="47.39021" lon="6.50005">
        <ele>296.0</ele>
      </trkpt>
      <trkpt lat="47.3898" lon="6.50054">
        <ele>297.3</ele>
      </trkpt>
      <trkpt lat="47.38964" lon="6.50084">
        <ele>299.1</ele>
      </trkpt>
      <trkpt lat="47.38937" lon="6.50132">
        <ele>302.1</ele>
      </trkpt>
      <trkpt lat="47.38929" lon="6.50129">
        <ele>301.1</ele>
      </trkpt>
      <trkpt lat="47.38889" lon="6.50168">
        <ele>301.8</ele>
      </trkpt>
      <trkpt lat="47.3887" lon="6.50179">
        <ele>303.5</ele>
      </trkpt>
      <trkpt lat="47.38845" lon="6.50186">
        <ele>303.4</ele>
      </trkpt>
      <trkpt lat="47.38811" lon="6.50196">
        <ele>301.3</ele>
      </trkpt>
      <trkpt lat="47.38789" lon="6.50206">
        <ele>299.9</ele>
      </trkpt>
      <trkpt lat="47.38757" lon="6.50237">
        <ele>300.1</ele>
      </trkpt>
      <trkpt lat="47.38689" lon="6.50297">
        <ele>303.2</ele>
      </trkpt>
      <trkpt lat="47.38653" lon="6.50327">
        <ele>301.8</ele>
      </trkpt>
      <trkpt lat="47.38593" lon="6.50365">
        <ele>299.5</ele>
      </trkpt>
      <trkpt lat="47.38517" lon="6.50411">
        <ele>296.6</ele>
      </trkpt>
      <trkpt lat="47.38472" lon="6.50435">
        <ele>294.3</ele>
      </trkpt>
      <trkpt lat="47.38448" lon="6.50447">
        <ele>293.7</ele>
      </trkpt>
      <trkpt lat="47.38369" lon="6.50481">
        <ele>291.1</ele>
      </trkpt>
      <trkpt lat="47.3836" lon="6.50485">
        <ele>290.7</ele>
      </trkpt>
      <trkpt lat="47.38354" lon="6.5049">
        <ele>290.6</ele>
      </trkpt>
      <trkpt lat="47.3831" lon="6.50523">
        <ele>292.7</ele>
      </trkpt>
      <trkpt lat="47.3829" lon="6.50528">
        <ele>292.2</ele>
      </trkpt>
      <trkpt lat="47.38245" lon="6.50527">
        <ele>288.5</ele>
      </trkpt>
      <trkpt lat="47.38188" lon="6.50528">
        <ele>289.0</ele>
      </trkpt>
      <trkpt lat="47.38175" lon="6.50526">
        <ele>288.5</ele>
      </trkpt>
      <trkpt lat="47.38142" lon="6.50518">
        <ele>289.1</ele>
      </trkpt>
      <trkpt lat="47.38082" lon="6.505">
        <ele>291.2</ele>
      </trkpt>
      <trkpt lat="47.38013" lon="6.50472">
        <ele>294.2</ele>
      </trkpt>
      <trkpt lat="47.37973" lon="6.50461">
        <ele>294.8</ele>
      </trkpt>
      <trkpt lat="47.37929" lon="6.50448">
        <ele>294.7</ele>
      </trkpt>
      <trkpt lat="47.37858" lon="6.50431">
        <ele>291.5</ele>
      </trkpt>
      <trkpt lat="47.37819" lon="6.50424">
        <ele>290.8</ele>
      </trkpt>
      <trkpt lat="47.3774" lon="6.50405">
        <ele>291.8</ele>
      </trkpt>
      <trkpt lat="47.37714" lon="6.50395">
        <ele>293.2</ele>
      </trkpt>
      <trkpt lat="47.37699" lon="6.50388">
        <ele>293.4</ele>
      </trkpt>
      <trkpt lat="47.37643" lon="6.50352">
        <ele>291.0</ele>
      </trkpt>
      <trkpt lat="47.37583" lon="6.50303">
        <ele>289.1</ele>
      </trkpt>
      <trkpt lat="47.37522" lon="6.50254">
        <ele>287.1</ele>
      </trkpt>
      <trkpt lat="47.3748" lon="6.50214">
        <ele>287.9</ele>
      </trkpt>
      <trkpt lat="47.37421" lon="6.5017">
        <ele>290.0</ele>
      </trkpt>
      <trkpt lat="47.37383" lon="6.50148">
        <ele>288.2</ele>
      </trkpt>
      <trkpt lat="47.37361" lon="6.50138">
        <ele>287.3</ele>
      </trkpt>
      <trkpt lat="47.37322" lon="6.50128">
        <ele>287.4</ele>
      </trkpt>
      <trkpt lat="47.37307" lon="6.50121">
        <ele>287.4</ele>
      </trkpt>
      <trkpt lat="47.37294" lon="6.5012">
        <ele>288.4</ele>
      </trkpt>
      <trkpt lat="47.37292" lon="6.50107">
        <ele>286.7</ele>
      </trkpt>
      <trkpt lat="47.37284" lon="6.50093">
        <ele>285.7</ele>
      </trkpt>
      <trkpt lat="47.37261" lon="6.50079">
        <ele>287.0</ele>
      </trkpt>
      <trkpt lat="47.37226" lon="6.50052">
        <ele>289.3</ele>
      </trkpt>
      <trkpt lat="47.37205" lon="6.50029">
        <ele>289.8</ele>
      </trkpt>
      <trkpt lat="47.37176" lon="6.49993">
        <ele>289.4</ele>
      </trkpt>
      <trkpt lat="47.37162" lon="6.49972">
        <ele>289.3</ele>
      </trkpt>
      <trkpt lat="47.37123" lon="6.49873">
        <ele>289.3</ele>
      </trkpt>
      <trkpt lat="47.37087" lon="6.49799">
        <ele>286.9</ele>
      </trkpt>
      <trkpt lat="47.37051" lon="6.49729">
        <ele>290.2</ele>
      </trkpt>
      <trkpt lat="47.37016" lon="6.49655">
        <ele>288.1</ele>
      </trkpt>
      <trkpt lat="47.36981" lon="6.49582">
        <ele>287.3</ele>
      </trkpt>
      <trkpt lat="47.36943" lon="6.49471">
        <ele>289.6</ele>
      </trkpt>
      <trkpt lat="47.36905" lon="6.4936">
        <ele>287.1</ele>
      </trkpt>
      <trkpt lat="47.36867" lon="6.49249">
        <ele>292.4</ele>
      </trkpt>
      <trkpt lat="47.36835" lon="6.49129">
        <ele>287.6</ele>
      </trkpt>
      <trkpt lat="47.36813" lon="6.49029">
        <ele>293.2</ele>
      </trkpt>
      <trkpt lat="47.3679" lon="6.48929">
        <ele>299.3</ele>
      </trkpt>
      <trkpt lat="47.3677" lon="6.48809">
        <ele>304.3</ele>
      </trkpt>
      <trkpt lat="47.36765" lon="6.48762">
        <ele>304.3</ele>
      </trkpt>
      <trkpt lat="47.36763" lon="6.48721">
        <ele>304.1</ele>
      </trkpt>
      <trkpt lat="47.36764" lon="6.48625">
        <ele>300.5</ele>
      </trkpt>
      <trkpt lat="47.36766" lon="6.48556">
        <ele>296.8</ele>
      </trkpt>
      <trkpt lat="47.36767" lon="6.48487">
        <ele>294.7</ele>
      </trkpt>
      <trkpt lat="47.36765" lon="6.4846">
        <ele>294.5</ele>
      </trkpt>
      <trkpt lat="47.36761" lon="6.48438">
        <ele>294.9</ele>
      </trkpt>
      <trkpt lat="47.36755" lon="6.4842">
        <ele>295.9</ele>
      </trkpt>
      <trkpt lat="47.36748" lon="6.48402">
        <ele>296.7</ele>
      </trkpt>
      <trkpt lat="47.36738" lon="6.48381">
        <ele>297.7</ele>
      </trkpt>
      <trkpt lat="47.36724" lon="6.48355">
        <ele>299.3</ele>
      </trkpt>
      <trkpt lat="47.36722" lon="6.48329">
        <ele>299.1</ele>
      </trkpt>
      <trkpt lat="47.36722" lon="6.48322">
        <ele>299.7</ele>
      </trkpt>
      <trkpt lat="47.36723" lon="6.48309">
        <ele>300.7</ele>
      </trkpt>
      <trkpt lat="47.36755" lon="6.48203">
        <ele>305.7</ele>
      </trkpt>
      <trkpt lat="47.36763" lon="6.48184">
        <ele>306.0</ele>
      </trkpt>
      <trkpt lat="47.36768" lon="6.48143">
        <ele>307.0</ele>
      </trkpt>
      <trkpt lat="47.36769" lon="6.48109">
        <ele>307.2</ele>
      </trkpt>
      <trkpt lat="47.36772" lon="6.48053">
        <ele>307.5</ele>
      </trkpt>
      <trkpt lat="47.36769" lon="6.48011">
        <ele>308.3</ele>
      </trkpt>
      <trkpt lat="47.36758" lon="6.47987">
        <ele>309.6</ele>
      </trkpt>
      <trkpt lat="47.36748" lon="6.47962">
        <ele>311.2</ele>
      </trkpt>
      <trkpt lat="47.36737" lon="6.47926">
        <ele>313.9</ele>
      </trkpt>
      <trkpt lat="47.36735" lon="6.47894">
        <ele>313.8</ele>
      </trkpt>
      <trkpt lat="47.36734" lon="6.47882">
        <ele>313.7</ele>
      </trkpt>
      <trkpt lat="47.36725" lon="6.47795">
        <ele>314.9</ele>
      </trkpt>
      <trkpt lat="47.36719" lon="6.47706">
        <ele>318.4</ele>
      </trkpt>
      <trkpt lat="47.36724" lon="6.47622">
        <ele>319.3</ele>
      </trkpt>
      <trkpt lat="47.36729" lon="6.47538">
        <ele>317.4</ele>
      </trkpt>
      <trkpt lat="47.36731" lon="6.4748">
        <ele>315.9</ele>
      </trkpt>
      <trkpt lat="47.36739" lon="6.4742">
        <ele>314.9</ele>
      </trkpt>
      <trkpt lat="47.36751" lon="6.47372">
        <ele>315.5</ele>
      </trkpt>
      <trkpt lat="47.36756" lon="6.47354">
        <ele>315.6</ele>
      </trkpt>
      <trkpt lat="47.36762" lon="6.47301">
        <ele>314.7</ele>
      </trkpt>
      <trkpt lat="47.36769" lon="6.47241">
        <ele>312.4</ele>
      </trkpt>
      <trkpt lat="47.36775" lon="6.47173">
        <ele>312.2</ele>
      </trkpt>
      <trkpt lat="47.36781" lon="6.47106">
        <ele>310.4</ele>
      </trkpt>
      <trkpt lat="47.36782" lon="6.47068">
        <ele>309.4</ele>
      </trkpt>
      <trkpt lat="47.36781" lon="6.4699">
        <ele>307.5</ele>
      </trkpt>
      <trkpt lat="47.36767" lon="6.46881">
        <ele>308.6</ele>
      </trkpt>
      <trkpt lat="47.36759" lon="6.46803">
        <ele>308.6</ele>
      </trkpt>
      <trkpt lat="47.36767" lon="6.46786">
        <ele>307.7</ele>
      </trkpt>
      <trkpt lat="47.36782" lon="6.4673">
        <ele>305.5</ele>
      </trkpt>
      <trkpt lat="47.36793" lon="6.46708">
        <ele>304.2</ele>
      </trkpt>
      <trkpt lat="47.3685" lon="6.4661">
        <ele>299.1</ele>
      </trkpt>
      <trkpt lat="47.36908" lon="6.46512">
        <ele>295.4</ele>
      </trkpt>
      <trkpt lat="47.36924" lon="6.46491">
        <ele>294.9</ele>
      </trkpt>
      <trkpt lat="47.3694" lon="6.46475">
        <ele>294.7</ele>
      </trkpt>
      <trkpt lat="47.36985" lon="6.46443">
        <ele>293.5</ele>
      </trkpt>
      <trkpt lat="47.37053" lon="6.46396">
        <ele>288.5</ele>
      </trkpt>
      <trkpt lat="47.37061" lon="6.46391">
        <ele>288.0</ele>
      </trkpt>
      <trkpt lat="47.37088" lon="6.46364">
        <ele>286.8</ele>
      </trkpt>
      <trkpt lat="47.37111" lon="6.46331">
        <ele>285.1</ele>
      </trkpt>
      <trkpt lat="47.37124" lon="6.46307">
        <ele>284.2</ele>
      </trkpt>
      <trkpt lat="47.37144" lon="6.46255">
        <ele>284.2</ele>
      </trkpt>
      <trkpt lat="47.37171" lon="6.4617">
        <ele>287.1</ele>
      </trkpt>
      <trkpt lat="47.37195" lon="6.46112">
        <ele>283.4</ele>
      </trkpt>
      <trkpt lat="47.37232" lon="6.46042">
        <ele>279.8</ele>
      </trkpt>
      <trkpt lat="47.37269" lon="6.45972">
        <ele>277.0</ele>
      </trkpt>
      <trkpt lat="47.3729" lon="6.45948">
        <ele>275.2</ele>
      </trkpt>
      <trkpt lat="47.37309" lon="6.4594">
        <ele>273.8</ele>
      </trkpt>
      <trkpt lat="47.37349" lon="6.45919">
        <ele>271.8</ele>
      </trkpt>
      <trkpt lat="47.37355" lon="6.45913">
        <ele>271.6</ele>
      </trkpt>
      <trkpt lat="47.37357" lon="6.45899">
        <ele>271.0</ele>
      </trkpt>
      <trkpt lat="47.3735" lon="6.45852">
        <ele>269.0</ele>
      </trkpt>
      <trkpt lat="47.37342" lon="6.45801">
        <ele>268.5</ele>
      </trkpt>
      <trkpt lat="47.37335" lon="6.45767">
        <ele>268.2</ele>
      </trkpt>
      <trkpt lat="47.37322" lon="6.45731">
        <ele>269.3</ele>
      </trkpt>
      <trkpt lat="47.37305" lon="6.45699">
        <ele>270.8</ele>
      </trkpt>
      <trkpt lat="47.37264" lon="6.45647">
        <ele>271.1</ele>
      </trkpt>
      <trkpt lat="47.37227" lon="6.45598">
        <ele>269.1</ele>
      </trkpt>
      <trkpt lat="47.37193" lon="6.45557">
        <ele>269.0</ele>
      </trkpt>
      <trkpt lat="47.37139" lon="6.45506">
        <ele>269.4</ele>
      </trkpt>
      <trkpt lat="47.37086" lon="6.45455">
        <ele>270.6</ele>
      </trkpt>
      <trkpt lat="47.37033" lon="6.45407">
        <ele>272.1</ele>
      </trkpt>
      <trkpt lat="47.36992" lon="6.4538">
        <ele>272.6</ele>
      </trkpt>
      <trkpt lat="47.36947" lon="6.45354">
        <ele>273.0</ele>
      </trkpt>
      <trkpt lat="47.36905" lon="6.45336">
        <ele>273.3</ele>
      </trkpt>
      <trkpt lat="47.36864" lon="6.45326">
        <ele>271.2</ele>
      </trkpt>
      <trkpt lat="47.36825" lon="6.45323">
        <ele>269.7</ele>
      </trkpt>
      <trkpt lat="47.36789" lon="6.45324">
        <ele>269.9</ele>
      </trkpt>
      <trkpt lat="47.36754" lon="6.45316">
        <ele>271.0</ele>
      </trkpt>
      <trkpt lat="47.36679" lon="6.45314">
        <ele>271.0</ele>
      </trkpt>
      <trkpt lat="47.36613" lon="6.45312">
        <ele>271.2</ele>
      </trkpt>
      <trkpt lat="47.36583" lon="6.45308">
        <ele>271.3</ele>
      </trkpt>
      <trkpt lat="47.36552" lon="6.45302">
        <ele>271.6</ele>
      </trkpt>
      <trkpt lat="47.36498" lon="6.45285">
        <ele>271.3</ele>
      </trkpt>
      <trkpt lat="47.36444" lon="6.45268">
        <ele>270.4</ele>
      </trkpt>
      <trkpt lat="47.36418" lon="6.45255">
        <ele>269.4</ele>
      </trkpt>
      <trkpt lat="47.36404" lon="6.4525">
        <ele>269.6</ele>
      </trkpt>
      <trkpt lat="47.36382" lon="6.45248">
        <ele>270.6</ele>
      </trkpt>
      <trkpt lat="47.36372" lon="6.45245">
        <ele>271.1</ele>
      </trkpt>
      <trkpt lat="47.36348" lon="6.45219">
        <ele>271.4</ele>
      </trkpt>
      <trkpt lat="47.36326" lon="6.45194">
        <ele>272.8</ele>
      </trkpt>
      <trkpt lat="47.36303" lon="6.45161">
        <ele>278.3</ele>
      </trkpt>
      <trkpt lat="47.36277" lon="6.45128">
        <ele>284.8</ele>
      </trkpt>
      <trkpt lat="47.36261" lon="6.45098">
        <ele>288.4</ele>
      </trkpt>
      <trkpt lat="47.36243" lon="6.45035">
        <ele>291.9</ele>
      </trkpt>
      <trkpt lat="47.36235" lon="6.44949">
        <ele>293.5</ele>
      </trkpt>
      <trkpt lat="47.36238" lon="6.44855">
        <ele>293.3</ele>
      </trkpt>
      <trkpt lat="47.36246" lon="6.44787">
        <ele>295.5</ele>
      </trkpt>
      <trkpt lat="47.36266" lon="6.44727">
        <ele>294.7</ele>
      </trkpt>
      <trkpt lat="47.36286" lon="6.44666">
        <ele>293.3</ele>
      </trkpt>
      <trkpt lat="47.36302" lon="6.44629">
        <ele>289.7</ele>
      </trkpt>
      <trkpt lat="47.36336" lon="6.4455">
        <ele>288.3</ele>
      </trkpt>
      <trkpt lat="47.36371" lon="6.4447">
        <ele>288.5</ele>
      </trkpt>
      <trkpt lat="47.36406" lon="6.4439">
        <ele>291.3</ele>
      </trkpt>
      <trkpt lat="47.36444" lon="6.44322">
        <ele>290.4</ele>
      </trkpt>
      <trkpt lat="47.36482" lon="6.44254">
        <ele>284.4</ele>
      </trkpt>
      <trkpt lat="47.3652" lon="6.44165">
        <ele>281.6</ele>
      </trkpt>
      <trkpt lat="47.3656" lon="6.44076">
        <ele>281.4</ele>
      </trkpt>
      <trkpt lat="47.36603" lon="6.43994">
        <ele>278.6</ele>
      </trkpt>
      <trkpt lat="47.36622" lon="6.43948">
        <ele>276.3</ele>
      </trkpt>
      <trkpt lat="47.3663" lon="6.4392">
        <ele>275.5</ele>
      </trkpt>
      <trkpt lat="47.3664" lon="6.43879">
        <ele>275.5</ele>
      </trkpt>
      <trkpt lat="47.36651" lon="6.438">
        <ele>274.2</ele>
      </trkpt>
      <trkpt lat="47.36653" lon="6.43759">
        <ele>272.6</ele>
      </trkpt>
      <trkpt lat="47.36653" lon="6.43726">
        <ele>271.5</ele>
      </trkpt>
      <trkpt lat="47.36655" lon="6.43706">
        <ele>270.7</ele>
      </trkpt>
      <trkpt lat="47.36668" lon="6.43587">
        <ele>269.0</ele>
      </trkpt>
      <trkpt lat="47.36675" lon="6.4349">
        <ele>269.8</ele>
      </trkpt>
      <trkpt lat="47.36678" lon="6.43453">
        <ele>272.3</ele>
      </trkpt>
      <trkpt lat="47.36679" lon="6.43441">
        <ele>273.1</ele>
      </trkpt>
      <trkpt lat="47.36688" lon="6.43347">
        <ele>277.8</ele>
      </trkpt>
      <trkpt lat="47.367" lon="6.43251">
        <ele>279.8</ele>
      </trkpt>
      <trkpt lat="47.36712" lon="6.43156">
        <ele>282.0</ele>
      </trkpt>
      <trkpt lat="47.36729" lon="6.43063">
        <ele>279.7</ele>
      </trkpt>
      <trkpt lat="47.36746" lon="6.42971">
        <ele>277.3</ele>
      </trkpt>
      <trkpt lat="47.36764" lon="6.42902">
        <ele>279.5</ele>
      </trkpt>
      <trkpt lat="47.36775" lon="6.4287">
        <ele>282.8</ele>
      </trkpt>
      <trkpt lat="47.36794" lon="6.42826">
        <ele>287.2</ele>
      </trkpt>
      <trkpt lat="47.36821" lon="6.4279">
        <ele>293.8</ele>
      </trkpt>
      <trkpt lat="47.36851" lon="6.42767">
        <ele>295.4</ele>
      </trkpt>
      <trkpt lat="47.36876" lon="6.42754">
        <ele>293.8</ele>
      </trkpt>
      <trkpt lat="47.36904" lon="6.42736">
        <ele>291.9</ele>
      </trkpt>
      <trkpt lat="47.3692" lon="6.42724">
        <ele>291.8</ele>
      </trkpt>
      <trkpt lat="47.36933" lon="6.42718">
        <ele>291.7</ele>
      </trkpt>
      <trkpt lat="47.36946" lon="6.42715">
        <ele>290.8</ele>
      </trkpt>
      <trkpt lat="47.36972" lon="6.42714">
        <ele>287.8</ele>
      </trkpt>
      <trkpt lat="47.37011" lon="6.42723">
        <ele>281.5</ele>
      </trkpt>
      <trkpt lat="47.37026" lon="6.42723">
        <ele>280.0</ele>
      </trkpt>
      <trkpt lat="47.37043" lon="6.42719">
        <ele>279.0</ele>
      </trkpt>
      <trkpt lat="47.37061" lon="6.42711">
        <ele>278.2</ele>
      </trkpt>
      <trkpt lat="47.37091" lon="6.42705">
        <ele>275.7</ele>
      </trkpt>
      <trkpt lat="47.37101" lon="6.42701">
        <ele>275.1</ele>
      </trkpt>
      <trkpt lat="47.37109" lon="6.42692">
        <ele>275.0</ele>
      </trkpt>
      <trkpt lat="47.37113" lon="6.42685">
        <ele>275.1</ele>
      </trkpt>
      <trkpt lat="47.37121" lon="6.42667">
        <ele>275.5</ele>
      </trkpt>
      <trkpt lat="47.3713" lon="6.42649">
        <ele>273.4</ele>
      </trkpt>
      <trkpt lat="47.37156" lon="6.42605">
        <ele>268.7</ele>
      </trkpt>
      <trkpt lat="47.37163" lon="6.42585">
        <ele>267.3</ele>
      </trkpt>
      <trkpt lat="47.37167" lon="6.42564">
        <ele>266.8</ele>
      </trkpt>
      <trkpt lat="47.37167" lon="6.4254">
        <ele>266.6</ele>
      </trkpt>
      <trkpt lat="47.37163" lon="6.42519">
        <ele>266.3</ele>
      </trkpt>
      <trkpt lat="47.37158" lon="6.425">
        <ele>266.1</ele>
      </trkpt>
      <trkpt lat="47.37148" lon="6.42475">
        <ele>266.8</ele>
      </trkpt>
      <trkpt lat="47.37131" lon="6.42431">
        <ele>267.7</ele>
      </trkpt>
      <trkpt lat="47.37106" lon="6.42373">
        <ele>268.7</ele>
      </trkpt>
      <trkpt lat="47.37092" lon="6.42342">
        <ele>268.5</ele>
      </trkpt>
      <trkpt lat="47.37066" lon="6.4229">
        <ele>267.5</ele>
      </trkpt>
      <trkpt lat="47.3705" lon="6.42263">
        <ele>267.4</ele>
      </trkpt>
      <trkpt lat="47.37023" lon="6.4222">
        <ele>267.8</ele>
      </trkpt>
      <trkpt lat="47.36993" lon="6.42182">
        <ele>267.3</ele>
      </trkpt>
      <trkpt lat="47.3697" lon="6.42156">
        <ele>268.5</ele>
      </trkpt>
      <trkpt lat="47.36931" lon="6.42118">
        <ele>270.9</ele>
      </trkpt>
      <trkpt lat="47.36895" lon="6.42089">
        <ele>271.3</ele>
      </trkpt>
      <trkpt lat="47.36856" lon="6.42061">
        <ele>271.2</ele>
      </trkpt>
      <trkpt lat="47.36798" lon="6.42028">
        <ele>270.9</ele>
      </trkpt>
      <trkpt lat="47.36741" lon="6.41995">
        <ele>271.3</ele>
      </trkpt>
      <trkpt lat="47.36683" lon="6.41962">
        <ele>271.9</ele>
      </trkpt>
      <trkpt lat="47.36635" lon="6.41939">
        <ele>269.6</ele>
      </trkpt>
      <trkpt lat="47.36588" lon="6.41917">
        <ele>266.3</ele>
      </trkpt>
      <trkpt lat="47.36545" lon="6.41904">
        <ele>266.4</ele>
      </trkpt>
      <trkpt lat="47.36459" lon="6.41897">
        <ele>266.8</ele>
      </trkpt>
      <trkpt lat="47.36438" lon="6.41896">
        <ele>266.8</ele>
      </trkpt>
      <trkpt lat="47.36385" lon="6.41902">
        <ele>267.4</ele>
      </trkpt>
      <trkpt lat="47.3637" lon="6.419">
        <ele>267.7</ele>
      </trkpt>
      <trkpt lat="47.36288" lon="6.41917">
        <ele>268.0</ele>
      </trkpt>
      <trkpt lat="47.36224" lon="6.4193">
        <ele>267.7</ele>
      </trkpt>
      <trkpt lat="47.36151" lon="6.41941">
        <ele>267.1</ele>
      </trkpt>
      <trkpt lat="47.36122" lon="6.41944">
        <ele>266.1</ele>
      </trkpt>
      <trkpt lat="47.36064" lon="6.41942">
        <ele>265.0</ele>
      </trkpt>
      <trkpt lat="47.36006" lon="6.41937">
        <ele>265.9</ele>
      </trkpt>
      <trkpt lat="47.35969" lon="6.41932">
        <ele>270.3</ele>
      </trkpt>
      <trkpt lat="47.35915" lon="6.41921">
        <ele>276.4</ele>
      </trkpt>
      <trkpt lat="47.359" lon="6.41916">
        <ele>280.3</ele>
      </trkpt>
      <trkpt lat="47.35877" lon="6.41905">
        <ele>286.3</ele>
      </trkpt>
      <trkpt lat="47.35862" lon="6.41891">
        <ele>288.4</ele>
      </trkpt>
      <trkpt lat="47.3585" lon="6.41871">
        <ele>287.8</ele>
      </trkpt>
      <trkpt lat="47.35829" lon="6.41833">
        <ele>285.3</ele>
      </trkpt>
      <trkpt lat="47.35789" lon="6.41728">
        <ele>288.4</ele>
      </trkpt>
      <trkpt lat="47.35772" lon="6.41657">
        <ele>285.2</ele>
      </trkpt>
      <trkpt lat="47.35755" lon="6.41548">
        <ele>279.4</ele>
      </trkpt>
      <trkpt lat="47.35738" lon="6.41438">
        <ele>275.6</ele>
      </trkpt>
      <trkpt lat="47.35716" lon="6.41334">
        <ele>272.2</ele>
      </trkpt>
      <trkpt lat="47.35693" lon="6.4123">
        <ele>272.2</ele>
      </trkpt>
      <trkpt lat="47.35676" lon="6.41137">
        <ele>272.8</ele>
      </trkpt>
      <trkpt lat="47.35659" lon="6.41044">
        <ele>273.5</ele>
      </trkpt>
      <trkpt lat="47.35648" lon="6.40946">
        <ele>276.7</ele>
      </trkpt>
      <trkpt lat="47.3564" lon="6.40853">
        <ele>281.8</ele>
      </trkpt>
      <trkpt lat="47.35631" lon="6.40761">
        <ele>292.6</ele>
      </trkpt>
      <trkpt lat="47.35635" lon="6.40675">
        <ele>294.4</ele>
      </trkpt>
      <trkpt lat="47.35641" lon="6.40588">
        <ele>295.3</ele>
      </trkpt>
      <trkpt lat="47.35654" lon="6.40465">
        <ele>295.4</ele>
      </trkpt>
      <trkpt lat="47.3567" lon="6.40342">
        <ele>283.6</ele>
      </trkpt>
      <trkpt lat="47.35688" lon="6.40264">
        <ele>284.3</ele>
      </trkpt>
      <trkpt lat="47.35706" lon="6.40186">
        <ele>279.4</ele>
      </trkpt>
      <trkpt lat="47.35728" lon="6.40099">
        <ele>274.9</ele>
      </trkpt>
      <trkpt lat="47.35738" lon="6.40058">
        <ele>272.3</ele>
      </trkpt>
      <trkpt lat="47.35752" lon="6.3998">
        <ele>268.6</ele>
      </trkpt>
      <trkpt lat="47.35752" lon="6.3997">
        <ele>268.4</ele>
      </trkpt>
      <trkpt lat="47.35748" lon="6.39954">
        <ele>268.4</ele>
      </trkpt>
      <trkpt lat="47.35747" lon="6.39943">
        <ele>268.4</ele>
      </trkpt>
      <trkpt lat="47.35752" lon="6.39917">
        <ele>267.1</ele>
      </trkpt>
      <trkpt lat="47.3576" lon="6.39894">
        <ele>266.9</ele>
      </trkpt>
      <trkpt lat="47.35763" lon="6.39878">
        <ele>266.7</ele>
      </trkpt>
      <trkpt lat="47.35766" lon="6.39788">
        <ele>266.7</ele>
      </trkpt>
      <trkpt lat="47.35763" lon="6.39707">
        <ele>267.0</ele>
      </trkpt>
      <trkpt lat="47.35754" lon="6.39625">
        <ele>266.7</ele>
      </trkpt>
      <trkpt lat="47.35734" lon="6.39552">
        <ele>267.1</ele>
      </trkpt>
      <trkpt lat="47.35714" lon="6.39479">
        <ele>267.2</ele>
      </trkpt>
      <trkpt lat="47.35675" lon="6.39396">
        <ele>267.3</ele>
      </trkpt>
      <trkpt lat="47.35671" lon="6.39386">
        <ele>267.4</ele>
      </trkpt>
      <trkpt lat="47.35607" lon="6.39308">
        <ele>267.9</ele>
      </trkpt>
      <trkpt lat="47.35541" lon="6.39248">
        <ele>272.6</ele>
      </trkpt>
      <trkpt lat="47.35476" lon="6.39187">
        <ele>280.0</ele>
      </trkpt>
      <trkpt lat="47.3545" lon="6.39168">
        <ele>285.0</ele>
      </trkpt>
      <trkpt lat="47.35414" lon="6.39124">
        <ele>287.6</ele>
      </trkpt>
      <trkpt lat="47.35368" lon="6.39055">
        <ele>293.5</ele>
      </trkpt>
      <trkpt lat="47.35326" lon="6.38979">
        <ele>288.8</ele>
      </trkpt>
      <trkpt lat="47.35297" lon="6.38935">
        <ele>286.7</ele>
      </trkpt>
      <trkpt lat="47.35275" lon="6.38897">
        <ele>282.1</ele>
      </trkpt>
      <trkpt lat="47.35252" lon="6.38844">
        <ele>274.1</ele>
      </trkpt>
      <trkpt lat="47.35209" lon="6.3874">
        <ele>275.1</ele>
      </trkpt>
      <trkpt lat="47.35197" lon="6.38674">
        <ele>274.4</ele>
      </trkpt>
      <trkpt lat="47.35185" lon="6.38607">
        <ele>272.7</ele>
      </trkpt>
      <trkpt lat="47.35178" lon="6.38541">
        <ele>274.3</ele>
      </trkpt>
      <trkpt lat="47.35176" lon="6.38512">
        <ele>276.0</ele>
      </trkpt>
      <trkpt lat="47.35179" lon="6.3848">
        <ele>277.4</ele>
      </trkpt>
      <trkpt lat="47.35193" lon="6.38407">
        <ele>279.1</ele>
      </trkpt>
      <trkpt lat="47.35207" lon="6.38335">
        <ele>279.3</ele>
      </trkpt>
      <trkpt lat="47.35211" lon="6.38276">
        <ele>285.9</ele>
      </trkpt>
      <trkpt lat="47.35229" lon="6.38147">
        <ele>293.7</ele>
      </trkpt>
      <trkpt lat="47.35243" lon="6.38075">
        <ele>291.8</ele>
      </trkpt>
      <trkpt lat="47.35253" lon="6.38006">
        <ele>292.6</ele>
      </trkpt>
      <trkpt lat="47.35264" lon="6.37938">
        <ele>289.7</ele>
      </trkpt>
      <trkpt lat="47.35286" lon="6.37839">
        <ele>280.4</ele>
      </trkpt>
      <trkpt lat="47.3529" lon="6.378">
        <ele>276.2</ele>
      </trkpt>
      <trkpt lat="47.35293" lon="6.37765">
        <ele>272.5</ele>
      </trkpt>
      <trkpt lat="47.3529" lon="6.37713">
        <ele>269.7</ele>
      </trkpt>
      <trkpt lat="47.3529" lon="6.37706">
        <ele>269.5</ele>
      </trkpt>
      <trkpt lat="47.3529" lon="6.37706">
        <ele>269.5</ele>
      </trkpt>
      <trkpt lat="47.35282" lon="6.37637">
        <ele>267.8</ele>
      </trkpt>
      <trkpt lat="47.35271" lon="6.37577">
        <ele>266.9</ele>
      </trkpt>
      <trkpt lat="47.35262" lon="6.37545">
        <ele>266.7</ele>
      </trkpt>
      <trkpt lat="47.35252" lon="6.37514">
        <ele>266.3</ele>
      </trkpt>
      <trkpt lat="47.35234" lon="6.37474">
        <ele>266.3</ele>
      </trkpt>
      <trkpt lat="47.35208" lon="6.37423">
        <ele>265.7</ele>
      </trkpt>
      <trkpt lat="47.35191" lon="6.37391">
        <ele>265.4</ele>
      </trkpt>
      <trkpt lat="47.35177" lon="6.37371">
        <ele>265.3</ele>
      </trkpt>
      <trkpt lat="47.35164" lon="6.37356">
        <ele>265.3</ele>
      </trkpt>
      <trkpt lat="47.35146" lon="6.37344">
        <ele>265.7</ele>
      </trkpt>
      <trkpt lat="47.35139" lon="6.37341">
        <ele>265.8</ele>
      </trkpt>
      <trkpt lat="47.35135" lon="6.37342">
        <ele>265.9</ele>
      </trkpt>
      <trkpt lat="47.35131" lon="6.37346">
        <ele>266.1</ele>
      </trkpt>
      <trkpt lat="47.35123" lon="6.37357">
        <ele>266.5</ele>
      </trkpt>
      <trkpt lat="47.35115" lon="6.3737">
        <ele>267.0</ele>
      </trkpt>
      <trkpt lat="47.35111" lon="6.37376">
        <ele>267.2</ele>
      </trkpt>
      <trkpt lat="47.35106" lon="6.37377">
        <ele>267.4</ele>
      </trkpt>
      <trkpt lat="47.35101" lon="6.37375">
        <ele>267.5</ele>
      </trkpt>
      <trkpt lat="47.35083" lon="6.37352">
        <ele>267.5</ele>
      </trkpt>
      <trkpt lat="47.35077" lon="6.37348">
        <ele>267.6</ele>
      </trkpt>
      <trkpt lat="47.35072" lon="6.37346">
        <ele>267.7</ele>
      </trkpt>
      <trkpt lat="47.3506" lon="6.37346">
        <ele>268.1</ele>
      </trkpt>
      <trkpt lat="47.35028" lon="6.37354">
        <ele>269.5</ele>
      </trkpt>
      <trkpt lat="47.34944" lon="6.37387">
        <ele>269.1</ele>
      </trkpt>
      <trkpt lat="47.34893" lon="6.37404">
        <ele>269.0</ele>
      </trkpt>
      <trkpt lat="47.34844" lon="6.37417">
        <ele>271.5</ele>
      </trkpt>
      <trkpt lat="47.34792" lon="6.37423">
        <ele>273.3</ele>
      </trkpt>
      <trkpt lat="47.34755" lon="6.37424">
        <ele>273.7</ele>
      </trkpt>
      <trkpt lat="47.34691" lon="6.37417">
        <ele>272.1</ele>
      </trkpt>
      <trkpt lat="47.34658" lon="6.37411">
        <ele>271.8</ele>
      </trkpt>
      <trkpt lat="47.34632" lon="6.37404">
        <ele>271.7</ele>
      </trkpt>
      <trkpt lat="47.34607" lon="6.37393">
        <ele>271.4</ele>
      </trkpt>
      <trkpt lat="47.34584" lon="6.37385">
        <ele>271.1</ele>
      </trkpt>
      <trkpt lat="47.3452" lon="6.37374">
        <ele>270.8</ele>
      </trkpt>
      <trkpt lat="47.34498" lon="6.37372">
        <ele>270.6</ele>
      </trkpt>
      <trkpt lat="47.34473" lon="6.37372">
        <ele>269.8</ele>
      </trkpt>
      <trkpt lat="47.34449" lon="6.37376">
        <ele>269.2</ele>
      </trkpt>
      <trkpt lat="47.34404" lon="6.37385">
        <ele>267.9</ele>
      </trkpt>
      <trkpt lat="47.34339" lon="6.37399">
        <ele>266.2</ele>
      </trkpt>
      <trkpt lat="47.34316" lon="6.37406">
        <ele>265.5</ele>
      </trkpt>
      <trkpt lat="47.34305" lon="6.37404">
        <ele>265.2</ele>
      </trkpt>
      <trkpt lat="47.34278" lon="6.37391">
        <ele>264.8</ele>
      </trkpt>
      <trkpt lat="47.34244" lon="6.37379">
        <ele>264.9</ele>
      </trkpt>
      <trkpt lat="47.34196" lon="6.3737">
        <ele>265.4</ele>
      </trkpt>
      <trkpt lat="47.34165" lon="6.37357">
        <ele>266.3</ele>
      </trkpt>
      <trkpt lat="47.34147" lon="6.37329">
        <ele>273.3</ele>
      </trkpt>
      <trkpt lat="47.34147" lon="6.37329">
        <ele>273.3</ele>
      </trkpt>
      <trkpt lat="47.34142" lon="6.3732">
        <ele>275.5</ele>
      </trkpt>
      <trkpt lat="47.34127" lon="6.3729">
        <ele>282.8</ele>
      </trkpt>
      <trkpt lat="47.3412" lon="6.3727">
        <ele>286.8</ele>
      </trkpt>
      <trkpt lat="47.34127" lon="6.37238">
        <ele>285.8</ele>
      </trkpt>
      <trkpt lat="47.34127" lon="6.37238">
        <ele>285.8</ele>
      </trkpt>
      <trkpt lat="47.34129" lon="6.37214">
        <ele>286.1</ele>
      </trkpt>
      <trkpt lat="47.34127" lon="6.37113">
        <ele>284.8</ele>
      </trkpt>
      <trkpt lat="47.34125" lon="6.37013">
        <ele>275.8</ele>
      </trkpt>
      <trkpt lat="47.34123" lon="6.36912">
        <ele>272.1</ele>
      </trkpt>
      <trkpt lat="47.34122" lon="6.36811">
        <ele>275.7</ele>
      </trkpt>
      <trkpt lat="47.34122" lon="6.36734">
        <ele>278.0</ele>
      </trkpt>
      <trkpt lat="47.34125" lon="6.36686">
        <ele>279.6</ele>
      </trkpt>
      <trkpt lat="47.34144" lon="6.36572">
        <ele>275.1</ele>
      </trkpt>
      <trkpt lat="47.34163" lon="6.36457">
        <ele>272.2</ele>
      </trkpt>
      <trkpt lat="47.34182" lon="6.36343">
        <ele>270.7</ele>
      </trkpt>
      <trkpt lat="47.34202" lon="6.36229">
        <ele>266.9</ele>
      </trkpt>
      <trkpt lat="47.342" lon="6.36215">
        <ele>266.7</ele>
      </trkpt>
      <trkpt lat="47.342" lon="6.36197">
        <ele>266.4</ele>
      </trkpt>
      <trkpt lat="47.34197" lon="6.3619">
        <ele>266.4</ele>
      </trkpt>
      <trkpt lat="47.34202" lon="6.36186">
        <ele>266.1</ele>
      </trkpt>
      <trkpt lat="47.34223" lon="6.3617">
        <ele>265.0</ele>
      </trkpt>
      <trkpt lat="47.34237" lon="6.36162">
        <ele>264.5</ele>
      </trkpt>
      <trkpt lat="47.34241" lon="6.3616">
        <ele>264.4</ele>
      </trkpt>
      <trkpt lat="47.34261" lon="6.36156">
        <ele>264.0</ele>
      </trkpt>
      <trkpt lat="47.34281" lon="6.36153">
        <ele>263.7</ele>
      </trkpt>
      <trkpt lat="47.34335" lon="6.36146">
        <ele>263.0</ele>
      </trkpt>
      <trkpt lat="47.34389" lon="6.36139">
        <ele>264.3</ele>
      </trkpt>
      <trkpt lat="47.34435" lon="6.36133">
        <ele>266.3</ele>
      </trkpt>
      <trkpt lat="47.34435" lon="6.36128">
        <ele>266.3</ele>
      </trkpt>
      <trkpt lat="47.34444" lon="6.36126">
        <ele>266.8</ele>
      </trkpt>
      <trkpt lat="47.34449" lon="6.36121">
        <ele>267.0</ele>
      </trkpt>
      <trkpt lat="47.34453" lon="6.36116">
        <ele>267.2</ele>
      </trkpt>
      <trkpt lat="47.34459" lon="6.36104">
        <ele>267.2</ele>
      </trkpt>
      <trkpt lat="47.34462" lon="6.361">
        <ele>267.2</ele>
      </trkpt>
      <trkpt lat="47.34469" lon="6.36095">
        <ele>267.3</ele>
      </trkpt>
      <trkpt lat="47.34471" lon="6.36089">
        <ele>267.2</ele>
      </trkpt>
      <trkpt lat="47.34479" lon="6.36083">
        <ele>267.2</ele>
      </trkpt>
      <trkpt lat="47.34484" lon="6.36071">
        <ele>267.2</ele>
      </trkpt>
      <trkpt lat="47.34488" lon="6.36059">
        <ele>267.2</ele>
      </trkpt>
      <trkpt lat="47.34512" lon="6.36011">
        <ele>266.4</ele>
      </trkpt>
      <trkpt lat="47.3452" lon="6.36022">
        <ele>266.8</ele>
      </trkpt>
      <trkpt lat="47.34522" lon="6.36024">
        <ele>266.8</ele>
      </trkpt>
      <trkpt lat="47.34523" lon="6.3603">
        <ele>267.0</ele>
      </trkpt>
      <trkpt lat="47.34529" lon="6.36031">
        <ele>267.1</ele>
      </trkpt>
      <trkpt lat="47.34588" lon="6.36022">
        <ele>267.5</ele>
      </trkpt>
      <trkpt lat="47.34529" lon="6.36031">
        <ele>267.1</ele>
      </trkpt>
      <trkpt lat="47.34523" lon="6.3603">
        <ele>267.0</ele>
      </trkpt>
      <trkpt lat="47.34522" lon="6.36024">
        <ele>266.8</ele>
      </trkpt>
      <trkpt lat="47.3452" lon="6.36022">
        <ele>266.8</ele>
      </trkpt>
      <trkpt lat="47.34512" lon="6.36011">
        <ele>266.4</ele>
      </trkpt>
      <trkpt lat="47.34488" lon="6.36059">
        <ele>267.2</ele>
      </trkpt>
      <trkpt lat="47.34484" lon="6.36071">
        <ele>267.2</ele>
      </trkpt>
      <trkpt lat="47.34479" lon="6.36083">
        <ele>267.2</ele>
      </trkpt>
      <trkpt lat="47.34472" lon="6.36096">
        <ele>267.5</ele>
      </trkpt>
      <trkpt lat="47.34466" lon="6.36112">
        <ele>267.8</ele>
      </trkpt>
      <trkpt lat="47.34462" lon="6.36113">
        <ele>267.6</ele>
      </trkpt>
      <trkpt lat="47.34459" lon="6.36116">
        <ele>267.5</ele>
      </trkpt>
      <trkpt lat="47.34456" lon="6.36121">
        <ele>267.5</ele>
      </trkpt>
      <trkpt lat="47.34447" lon="6.36128">
        <ele>267.1</ele>
      </trkpt>
      <trkpt lat="47.34435" lon="6.36133">
        <ele>266.3</ele>
      </trkpt>
      <trkpt lat="47.34389" lon="6.36139">
        <ele>264.3</ele>
      </trkpt>
      <trkpt lat="47.34335" lon="6.36146">
        <ele>263.0</ele>
      </trkpt>
      <trkpt lat="47.34281" lon="6.36153">
        <ele>263.7</ele>
      </trkpt>
      <trkpt lat="47.34261" lon="6.36156">
        <ele>264.0</ele>
      </trkpt>
      <trkpt lat="47.34241" lon="6.3616">
        <ele>264.4</ele>
      </trkpt>
      <trkpt lat="47.3424" lon="6.36157">
        <ele>264.5</ele>
      </trkpt>
      <trkpt lat="47.34224" lon="6.36071">
        <ele>265.7</ele>
      </trkpt>
      <trkpt lat="47.34206" lon="6.36027">
        <ele>265.2</ele>
      </trkpt>
      <trkpt lat="47.34192" lon="6.35988">
        <ele>264.9</ele>
      </trkpt>
      <trkpt lat="47.34192" lon="6.35988">
        <ele>264.9</ele>
      </trkpt>
      <trkpt lat="47.34156" lon="6.35895">
        <ele>266.4</ele>
      </trkpt>
      <trkpt lat="47.3412" lon="6.35802">
        <ele>266.9</ele>
      </trkpt>
      <trkpt lat="47.34084" lon="6.35709">
        <ele>266.0</ele>
      </trkpt>
      <trkpt lat="47.34048" lon="6.35616">
        <ele>265.2</ele>
      </trkpt>
      <trkpt lat="47.34051" lon="6.35613">
        <ele>265.0</ele>
      </trkpt>
      <trkpt lat="47.34115" lon="6.35547">
        <ele>264.9</ele>
      </trkpt>
      <trkpt lat="47.34105" lon="6.35524">
        <ele>264.4</ele>
      </trkpt>
      <trkpt lat="47.34083" lon="6.3548">
        <ele>264.7</ele>
      </trkpt>
      <trkpt lat="47.34083" lon="6.3548">
        <ele>264.7</ele>
      </trkpt>
      <trkpt lat="47.34076" lon="6.35465">
        <ele>265.3</ele>
      </trkpt>
      <trkpt lat="47.34044" lon="6.35414">
        <ele>267.0</ele>
      </trkpt>
      <trkpt lat="47.34012" lon="6.35364">
        <ele>274.4</ele>
      </trkpt>
      <trkpt lat="47.33998" lon="6.35343">
        <ele>276.4</ele>
      </trkpt>
      <trkpt lat="47.33986" lon="6.3533">
        <ele>277.2</ele>
      </trkpt>
      <trkpt lat="47.33973" lon="6.35317">
        <ele>279.6</ele>
      </trkpt>
      <trkpt lat="47.33957" lon="6.35305">
        <ele>280.2</ele>
      </trkpt>
      <trkpt lat="47.33895" lon="6.35248">
        <ele>279.1</ele>
      </trkpt>
      <trkpt lat="47.33871" lon="6.3522">
        <ele>279.3</ele>
      </trkpt>
      <trkpt lat="47.33808" lon="6.35166">
        <ele>271.7</ele>
      </trkpt>
      <trkpt lat="47.33762" lon="6.35119">
        <ele>270.9</ele>
      </trkpt>
      <trkpt lat="47.33723" lon="6.35094">
        <ele>268.8</ele>
      </trkpt>
      <trkpt lat="47.33699" lon="6.35076">
        <ele>269.0</ele>
      </trkpt>
      <trkpt lat="47.33659" lon="6.35035">
        <ele>269.0</ele>
      </trkpt>
      <trkpt lat="47.33634" lon="6.34999">
        <ele>268.7</ele>
      </trkpt>
      <trkpt lat="47.33614" lon="6.34961">
        <ele>269.5</ele>
      </trkpt>
      <trkpt lat="47.33593" lon="6.34934">
        <ele>268.0</ele>
      </trkpt>
      <trkpt lat="47.33554" lon="6.34895">
        <ele>265.6</ele>
      </trkpt>
      <trkpt lat="47.33549" lon="6.34887">
        <ele>265.4</ele>
      </trkpt>
      <trkpt lat="47.33557" lon="6.34851">
        <ele>267.3</ele>
      </trkpt>
      <trkpt lat="47.33558" lon="6.34836">
        <ele>267.9</ele>
      </trkpt>
      <trkpt lat="47.33559" lon="6.34827">
        <ele>268.0</ele>
      </trkpt>
      <trkpt lat="47.33574" lon="6.34807">
        <ele>269.6</ele>
      </trkpt>
      <trkpt lat="47.33591" lon="6.34781">
        <ele>271.2</ele>
      </trkpt>
      <trkpt lat="47.33625" lon="6.34722">
        <ele>270.8</ele>
      </trkpt>
      <trkpt lat="47.3365" lon="6.34691">
        <ele>269.6</ele>
      </trkpt>
      <trkpt lat="47.33686" lon="6.34665">
        <ele>270.2</ele>
      </trkpt>
      <trkpt lat="47.33752" lon="6.34625">
        <ele>273.0</ele>
      </trkpt>
      <trkpt lat="47.3376" lon="6.34618">
        <ele>274.3</ele>
      </trkpt>
      <trkpt lat="47.3378" lon="6.34588">
        <ele>275.6</ele>
      </trkpt>
      <trkpt lat="47.33798" lon="6.34561">
        <ele>276.6</ele>
      </trkpt>
      <trkpt lat="47.33843" lon="6.34502">
        <ele>276.1</ele>
      </trkpt>
      <trkpt lat="47.33887" lon="6.34444">
        <ele>280.1</ele>
      </trkpt>
      <trkpt lat="47.33898" lon="6.34428">
        <ele>278.7</ele>
      </trkpt>
      <trkpt lat="47.33941" lon="6.34361">
        <ele>281.7</ele>
      </trkpt>
      <trkpt lat="47.33983" lon="6.34295">
        <ele>281.8</ele>
      </trkpt>
      <trkpt lat="47.34011" lon="6.34234">
        <ele>278.5</ele>
      </trkpt>
      <trkpt lat="47.34039" lon="6.34174">
        <ele>281.8</ele>
      </trkpt>
      <trkpt lat="47.34049" lon="6.3415">
        <ele>282.2</ele>
      </trkpt>
      <trkpt lat="47.34064" lon="6.34108">
        <ele>281.2</ele>
      </trkpt>
      <trkpt lat="47.34081" lon="6.34051">
        <ele>278.8</ele>
      </trkpt>
      <trkpt lat="47.34097" lon="6.33989">
        <ele>279.7</ele>
      </trkpt>
      <trkpt lat="47.34108" lon="6.33933">
        <ele>280.5</ele>
      </trkpt>
      <trkpt lat="47.34111" lon="6.33885">
        <ele>279.0</ele>
      </trkpt>
      <trkpt lat="47.34112" lon="6.33881">
        <ele>279.1</ele>
      </trkpt>
      <trkpt lat="47.3412" lon="6.33865">
        <ele>281.1</ele>
      </trkpt>
      <trkpt lat="47.34121" lon="6.33858">
        <ele>281.1</ele>
      </trkpt>
      <trkpt lat="47.34121" lon="6.33851">
        <ele>280.7</ele>
      </trkpt>
      <trkpt lat="47.34119" lon="6.33825">
        <ele>278.4</ele>
      </trkpt>
      <trkpt lat="47.34119" lon="6.33815">
        <ele>277.7</ele>
      </trkpt>
      <trkpt lat="47.34126" lon="6.33749">
        <ele>275.2</ele>
      </trkpt>
      <trkpt lat="47.34131" lon="6.33712">
        <ele>274.2</ele>
      </trkpt>
      <trkpt lat="47.34138" lon="6.33673">
        <ele>273.0</ele>
      </trkpt>
      <trkpt lat="47.34152" lon="6.33603">
        <ele>269.3</ele>
      </trkpt>
      <trkpt lat="47.34167" lon="6.33533">
        <ele>265.7</ele>
      </trkpt>
      <trkpt lat="47.34178" lon="6.33469">
        <ele>265.3</ele>
      </trkpt>
      <trkpt lat="47.34188" lon="6.33416">
        <ele>265.3</ele>
      </trkpt>
      <trkpt lat="47.342" lon="6.33365">
        <ele>267.5</ele>
      </trkpt>
      <trkpt lat="47.34209" lon="6.33321">
        <ele>268.8</ele>
      </trkpt>
      <trkpt lat="47.34232" lon="6.33214">
        <ele>268.7</ele>
      </trkpt>
      <trkpt lat="47.34255" lon="6.33087">
        <ele>265.4</ele>
      </trkpt>
      <trkpt lat="47.34267" lon="6.3303">
        <ele>266.5</ele>
      </trkpt>
      <trkpt lat="47.34294" lon="6.32915">
        <ele>271.3</ele>
      </trkpt>
      <trkpt lat="47.34314" lon="6.32829">
        <ele>272.0</ele>
      </trkpt>
      <trkpt lat="47.34335" lon="6.32744">
        <ele>272.8</ele>
      </trkpt>
      <trkpt lat="47.34347" lon="6.32686">
        <ele>278.1</ele>
      </trkpt>
      <trkpt lat="47.34351" lon="6.32656">
        <ele>279.9</ele>
      </trkpt>
      <trkpt lat="47.34353" lon="6.32637">
        <ele>281.1</ele>
      </trkpt>
      <trkpt lat="47.34355" lon="6.32607">
        <ele>282.4</ele>
      </trkpt>
      <trkpt lat="47.34352" lon="6.32551">
        <ele>282.5</ele>
      </trkpt>
      <trkpt lat="47.34348" lon="6.32515">
        <ele>281.7</ele>
      </trkpt>
      <trkpt lat="47.34341" lon="6.32452">
        <ele>281.4</ele>
      </trkpt>
      <trkpt lat="47.3433" lon="6.32375">
        <ele>280.2</ele>
      </trkpt>
      <trkpt lat="47.3431" lon="6.32253">
        <ele>280.1</ele>
      </trkpt>
      <trkpt lat="47.34291" lon="6.32169">
        <ele>285.4</ele>
      </trkpt>
      <trkpt lat="47.34281" lon="6.32135">
        <ele>286.2</ele>
      </trkpt>
      <trkpt lat="47.34271" lon="6.32103">
        <ele>285.0</ele>
      </trkpt>
      <trkpt lat="47.34258" lon="6.32071">
        <ele>281.3</ele>
      </trkpt>
      <trkpt lat="47.34247" lon="6.32048">
        <ele>280.1</ele>
      </trkpt>
      <trkpt lat="47.34215" lon="6.31989">
        <ele>282.3</ele>
      </trkpt>
      <trkpt lat="47.34184" lon="6.31935">
        <ele>279.7</ele>
      </trkpt>
      <trkpt lat="47.34153" lon="6.3188">
        <ele>276.9</ele>
      </trkpt>
      <trkpt lat="47.34122" lon="6.31822">
        <ele>277.1</ele>
      </trkpt>
      <trkpt lat="47.34097" lon="6.31777">
        <ele>279.0</ele>
      </trkpt>
      <trkpt lat="47.34052" lon="6.31711">
        <ele>283.8</ele>
      </trkpt>
      <trkpt lat="47.34034" lon="6.31686">
        <ele>283.7</ele>
      </trkpt>
      <trkpt lat="47.34001" lon="6.3165">
        <ele>279.3</ele>
      </trkpt>
      <trkpt lat="47.33973" lon="6.31622">
        <ele>283.8</ele>
      </trkpt>
      <trkpt lat="47.33942" lon="6.31596">
        <ele>282.8</ele>
      </trkpt>
      <trkpt lat="47.33908" lon="6.3157">
        <ele>282.9</ele>
      </trkpt>
      <trkpt lat="47.33876" lon="6.31548">
        <ele>285.3</ele>
      </trkpt>
      <trkpt lat="47.33845" lon="6.31529">
        <ele>281.2</ele>
      </trkpt>
      <trkpt lat="47.33807" lon="6.3151">
        <ele>278.1</ele>
      </trkpt>
      <trkpt lat="47.33745" lon="6.31482">
        <ele>281.3</ele>
      </trkpt>
      <trkpt lat="47.33697" lon="6.31464">
        <ele>282.7</ele>
      </trkpt>
      <trkpt lat="47.33649" lon="6.31446">
        <ele>281.0</ele>
      </trkpt>
      <trkpt lat="47.3357" lon="6.31417">
        <ele>272.5</ele>
      </trkpt>
      <trkpt lat="47.33491" lon="6.31389">
        <ele>275.6</ele>
      </trkpt>
      <trkpt lat="47.33443" lon="6.31373">
        <ele>276.0</ele>
      </trkpt>
      <trkpt lat="47.33395" lon="6.31357">
        <ele>274.3</ele>
      </trkpt>
      <trkpt lat="47.33335" lon="6.3133">
        <ele>273.6</ele>
      </trkpt>
      <trkpt lat="47.33283" lon="6.31309">
        <ele>275.8</ele>
      </trkpt>
      <trkpt lat="47.33235" lon="6.31291">
        <ele>274.6</ele>
      </trkpt>
      <trkpt lat="47.332" lon="6.31272">
        <ele>274.3</ele>
      </trkpt>
      <trkpt lat="47.33176" lon="6.31256">
        <ele>272.9</ele>
      </trkpt>
      <trkpt lat="47.33156" lon="6.31241">
        <ele>273.0</ele>
      </trkpt>
      <trkpt lat="47.33144" lon="6.3123">
        <ele>274.0</ele>
      </trkpt>
      <trkpt lat="47.33128" lon="6.31215">
        <ele>274.6</ele>
      </trkpt>
      <trkpt lat="47.3311" lon="6.31195">
        <ele>275.0</ele>
      </trkpt>
      <trkpt lat="47.33086" lon="6.31166">
        <ele>273.9</ele>
      </trkpt>
      <trkpt lat="47.33073" lon="6.31146">
        <ele>276.4</ele>
      </trkpt>
      <trkpt lat="47.33057" lon="6.31116">
        <ele>279.7</ele>
      </trkpt>
      <trkpt lat="47.33045" lon="6.31087">
        <ele>281.7</ele>
      </trkpt>
      <trkpt lat="47.33034" lon="6.31056">
        <ele>281.7</ele>
      </trkpt>
      <trkpt lat="47.33022" lon="6.31018">
        <ele>280.7</ele>
      </trkpt>
      <trkpt lat="47.33009" lon="6.30975">
        <ele>277.9</ele>
      </trkpt>
      <trkpt lat="47.32999" lon="6.30937">
        <ele>275.1</ele>
      </trkpt>
      <trkpt lat="47.32994" lon="6.3091">
        <ele>275.7</ele>
      </trkpt>
      <trkpt lat="47.32991" lon="6.30884">
        <ele>277.5</ele>
      </trkpt>
      <trkpt lat="47.32989" lon="6.30852">
        <ele>279.6</ele>
      </trkpt>
      <trkpt lat="47.32986" lon="6.30764">
        <ele>276.8</ele>
      </trkpt>
      <trkpt lat="47.32983" lon="6.30677">
        <ele>271.8</ele>
      </trkpt>
      <trkpt lat="47.32979" lon="6.3058">
        <ele>267.4</ele>
      </trkpt>
      <trkpt lat="47.32976" lon="6.30503">
        <ele>264.1</ele>
      </trkpt>
      <trkpt lat="47.32973" lon="6.30446">
        <ele>260.8</ele>
      </trkpt>
      <trkpt lat="47.3297" lon="6.30388">
        <ele>258.8</ele>
      </trkpt>
      <trkpt lat="47.32972" lon="6.30369">
        <ele>258.6</ele>
      </trkpt>
      <trkpt lat="47.32976" lon="6.30354">
        <ele>258.6</ele>
      </trkpt>
      <trkpt lat="47.32975" lon="6.30334">
        <ele>258.4</ele>
      </trkpt>
      <trkpt lat="47.32977" lon="6.3031">
        <ele>258.6</ele>
      </trkpt>
      <trkpt lat="47.32987" lon="6.30244">
        <ele>259.4</ele>
      </trkpt>
      <trkpt lat="47.32998" lon="6.30179">
        <ele>260.0</ele>
      </trkpt>
      <trkpt lat="47.3301" lon="6.30087">
        <ele>260.4</ele>
      </trkpt>
      <trkpt lat="47.33012" lon="6.30057">
        <ele>260.7</ele>
      </trkpt>
      <trkpt lat="47.33016" lon="6.29969">
        <ele>261.1</ele>
      </trkpt>
      <trkpt lat="47.3302" lon="6.29881">
        <ele>261.4</ele>
      </trkpt>
      <trkpt lat="47.33023" lon="6.29811">
        <ele>263.3</ele>
      </trkpt>
      <trkpt lat="47.33023" lon="6.29785">
        <ele>263.9</ele>
      </trkpt>
      <trkpt lat="47.33022" lon="6.29757">
        <ele>264.4</ele>
      </trkpt>
      <trkpt lat="47.33022" lon="6.29741">
        <ele>265.0</ele>
      </trkpt>
      <trkpt lat="47.3302" lon="6.29656">
        <ele>269.0</ele>
      </trkpt>
      <trkpt lat="47.33017" lon="6.29623">
        <ele>270.4</ele>
      </trkpt>
      <trkpt lat="47.33014" lon="6.29591">
        <ele>271.5</ele>
      </trkpt>
      <trkpt lat="47.33007" lon="6.29546">
        <ele>272.4</ele>
      </trkpt>
      <trkpt lat="47.32994" lon="6.29445">
        <ele>276.1</ele>
      </trkpt>
      <trkpt lat="47.32989" lon="6.2942">
        <ele>276.7</ele>
      </trkpt>
      <trkpt lat="47.32984" lon="6.29399">
        <ele>278.5</ele>
      </trkpt>
      <trkpt lat="47.32967" lon="6.29346">
        <ele>280.4</ele>
      </trkpt>
      <trkpt lat="47.32948" lon="6.29298">
        <ele>281.5</ele>
      </trkpt>
      <trkpt lat="47.3292" lon="6.2924">
        <ele>276.7</ele>
      </trkpt>
      <trkpt lat="47.32895" lon="6.29193">
        <ele>280.6</ele>
      </trkpt>
      <trkpt lat="47.32852" lon="6.29102">
        <ele>278.5</ele>
      </trkpt>
      <trkpt lat="47.3282" lon="6.29035">
        <ele>277.5</ele>
      </trkpt>
      <trkpt lat="47.3279" lon="6.28976">
        <ele>280.8</ele>
      </trkpt>
      <trkpt lat="47.32777" lon="6.28955">
        <ele>281.5</ele>
      </trkpt>
      <trkpt lat="47.32758" lon="6.28925">
        <ele>280.7</ele>
      </trkpt>
      <trkpt lat="47.32726" lon="6.28882">
        <ele>281.4</ele>
      </trkpt>
      <trkpt lat="47.32672" lon="6.28806">
        <ele>278.5</ele>
      </trkpt>
      <trkpt lat="47.32661" lon="6.28791">
        <ele>278.9</ele>
      </trkpt>
      <trkpt lat="47.3264" lon="6.28768">
        <ele>278.4</ele>
      </trkpt>
      <trkpt lat="47.32599" lon="6.28725">
        <ele>276.1</ele>
      </trkpt>
      <trkpt lat="47.32559" lon="6.28681">
        <ele>277.1</ele>
      </trkpt>
      <trkpt lat="47.32508" lon="6.28631">
        <ele>277.4</ele>
      </trkpt>
      <trkpt lat="47.32457" lon="6.2858">
        <ele>276.5</ele>
      </trkpt>
      <trkpt lat="47.32413" lon="6.2854">
        <ele>274.8</ele>
      </trkpt>
      <trkpt lat="47.32369" lon="6.285">
        <ele>273.0</ele>
      </trkpt>
      <trkpt lat="47.32341" lon="6.2847">
        <ele>268.6</ele>
      </trkpt>
      <trkpt lat="47.32302" lon="6.2842">
        <ele>268.2</ele>
      </trkpt>
      <trkpt lat="47.32281" lon="6.28389">
        <ele>267.8</ele>
      </trkpt>
      <trkpt lat="47.32249" lon="6.28351">
        <ele>265.5</ele>
      </trkpt>
      <trkpt lat="47.32227" lon="6.28317">
        <ele>264.6</ele>
      </trkpt>
      <trkpt lat="47.32182" lon="6.28245">
        <ele>261.1</ele>
      </trkpt>
      <trkpt lat="47.32173" lon="6.28227">
        <ele>260.3</ele>
      </trkpt>
      <trkpt lat="47.32169" lon="6.28214">
        <ele>259.8</ele>
      </trkpt>
      <trkpt lat="47.32161" lon="6.2816">
        <ele>259.2</ele>
      </trkpt>
      <trkpt lat="47.32148" lon="6.28047">
        <ele>260.3</ele>
      </trkpt>
      <trkpt lat="47.3214" lon="6.27984">
        <ele>260.6</ele>
      </trkpt>
      <trkpt lat="47.32138" lon="6.27959">
        <ele>260.5</ele>
      </trkpt>
      <trkpt lat="47.32137" lon="6.27928">
        <ele>260.3</ele>
      </trkpt>
      <trkpt lat="47.32137" lon="6.27902">
        <ele>260.6</ele>
      </trkpt>
      <trkpt lat="47.32142" lon="6.27875">
        <ele>261.4</ele>
      </trkpt>
      <trkpt lat="47.32145" lon="6.27786">
        <ele>262.3</ele>
      </trkpt>
      <trkpt lat="47.32147" lon="6.27698">
        <ele>261.5</ele>
      </trkpt>
      <trkpt lat="47.32148" lon="6.27634">
        <ele>260.8</ele>
      </trkpt>
      <trkpt lat="47.32145" lon="6.27607">
        <ele>260.4</ele>
      </trkpt>
      <trkpt lat="47.32141" lon="6.27584">
        <ele>260.1</ele>
      </trkpt>
      <trkpt lat="47.3213" lon="6.27538">
        <ele>258.8</ele>
      </trkpt>
      <trkpt lat="47.32125" lon="6.27511">
        <ele>258.2</ele>
      </trkpt>
      <trkpt lat="47.32123" lon="6.27493">
        <ele>258.0</ele>
      </trkpt>
      <trkpt lat="47.32124" lon="6.27461">
        <ele>258.0</ele>
      </trkpt>
      <trkpt lat="47.32119" lon="6.27452">
        <ele>257.9</ele>
      </trkpt>
      <trkpt lat="47.32117" lon="6.27441">
        <ele>257.9</ele>
      </trkpt>
      <trkpt lat="47.32103" lon="6.27339">
        <ele>257.3</ele>
      </trkpt>
      <trkpt lat="47.3209" lon="6.27238">
        <ele>257.3</ele>
      </trkpt>
      <trkpt lat="47.32086" lon="6.27157">
        <ele>259.0</ele>
      </trkpt>
      <trkpt lat="47.32085" lon="6.27079">
        <ele>259.0</ele>
      </trkpt>
      <trkpt lat="47.32086" lon="6.26966">
        <ele>258.1</ele>
      </trkpt>
      <trkpt lat="47.32082" lon="6.2693">
        <ele>258.0</ele>
      </trkpt>
      <trkpt lat="47.32084" lon="6.26848">
        <ele>259.8</ele>
      </trkpt>
      <trkpt lat="47.32085" lon="6.26803">
        <ele>261.9</ele>
      </trkpt>
      <trkpt lat="47.32085" lon="6.26779">
        <ele>263.1</ele>
      </trkpt>
      <trkpt lat="47.32081" lon="6.2672">
        <ele>265.5</ele>
      </trkpt>
      <trkpt lat="47.32078" lon="6.26699">
        <ele>266.4</ele>
      </trkpt>
      <trkpt lat="47.32072" lon="6.26662">
        <ele>268.3</ele>
      </trkpt>
      <trkpt lat="47.3207" lon="6.26648">
        <ele>271.1</ele>
      </trkpt>
      <trkpt lat="47.32062" lon="6.26624">
        <ele>274.3</ele>
      </trkpt>
      <trkpt lat="47.32053" lon="6.26604">
        <ele>275.7</ele>
      </trkpt>
      <trkpt lat="47.32048" lon="6.26594">
        <ele>275.9</ele>
      </trkpt>
      <trkpt lat="47.32036" lon="6.26577">
        <ele>275.6</ele>
      </trkpt>
      <trkpt lat="47.32019" lon="6.26555">
        <ele>275.5</ele>
      </trkpt>
      <trkpt lat="47.31987" lon="6.26523">
        <ele>272.0</ele>
      </trkpt>
      <trkpt lat="47.31964" lon="6.26503">
        <ele>270.0</ele>
      </trkpt>
      <trkpt lat="47.31941" lon="6.26485">
        <ele>271.4</ele>
      </trkpt>
      <trkpt lat="47.31908" lon="6.26465">
        <ele>271.7</ele>
      </trkpt>
      <trkpt lat="47.31837" lon="6.26426">
        <ele>268.7</ele>
      </trkpt>
      <trkpt lat="47.31766" lon="6.26386">
        <ele>271.0</ele>
      </trkpt>
      <trkpt lat="47.31686" lon="6.26335">
        <ele>266.8</ele>
      </trkpt>
      <trkpt lat="47.31627" lon="6.26296">
        <ele>270.6</ele>
      </trkpt>
      <trkpt lat="47.31568" lon="6.26257">
        <ele>266.8</ele>
      </trkpt>
      <trkpt lat="47.31533" lon="6.26236">
        <ele>265.0</ele>
      </trkpt>
      <trkpt lat="47.31499" lon="6.26213">
        <ele>261.6</ele>
      </trkpt>
      <trkpt lat="47.31486" lon="6.26203">
        <ele>262.5</ele>
      </trkpt>
      <trkpt lat="47.31463" lon="6.26183">
        <ele>263.9</ele>
      </trkpt>
      <trkpt lat="47.31427" lon="6.26147">
        <ele>264.6</ele>
      </trkpt>
      <trkpt lat="47.31402" lon="6.26125">
        <ele>263.2</ele>
      </trkpt>
      <trkpt lat="47.31361" lon="6.26098">
        <ele>260.8</ele>
      </trkpt>
      <trkpt lat="47.31296" lon="6.26065">
        <ele>260.2</ele>
      </trkpt>
      <trkpt lat="47.31283" lon="6.2605">
        <ele>260.4</ele>
      </trkpt>
      <trkpt lat="47.31275" lon="6.26043">
        <ele>260.5</ele>
      </trkpt>
      <trkpt lat="47.31268" lon="6.26039">
        <ele>260.5</ele>
      </trkpt>
      <trkpt lat="47.31258" lon="6.26037">
        <ele>260.5</ele>
      </trkpt>
      <trkpt lat="47.3125" lon="6.26038">
        <ele>260.5</ele>
      </trkpt>
      <trkpt lat="47.31248" lon="6.26036">
        <ele>260.4</ele>
      </trkpt>
      <trkpt lat="47.31238" lon="6.26031">
        <ele>260.1</ele>
      </trkpt>
      <trkpt lat="47.31192" lon="6.25998">
        <ele>258.6</ele>
      </trkpt>
      <trkpt lat="47.31179" lon="6.25987">
        <ele>258.4</ele>
      </trkpt>
      <trkpt lat="47.31168" lon="6.25974">
        <ele>258.3</ele>
      </trkpt>
      <trkpt lat="47.31156" lon="6.25951">
        <ele>258.5</ele>
      </trkpt>
      <trkpt lat="47.31122" lon="6.25884">
        <ele>257.9</ele>
      </trkpt>
      <trkpt lat="47.31111" lon="6.25863">
        <ele>257.7</ele>
      </trkpt>
      <trkpt lat="47.31095" lon="6.25837">
        <ele>257.3</ele>
      </trkpt>
      <trkpt lat="47.31043" lon="6.25755">
        <ele>258.9</ele>
      </trkpt>
      <trkpt lat="47.31039" lon="6.25749">
        <ele>259.0</ele>
      </trkpt>
      <trkpt lat="47.31026" lon="6.2573">
        <ele>259.1</ele>
      </trkpt>
      <trkpt lat="47.3102" lon="6.25718">
        <ele>259.0</ele>
      </trkpt>
      <trkpt lat="47.31017" lon="6.25711">
        <ele>258.9</ele>
      </trkpt>
      <trkpt lat="47.31014" lon="6.25689">
        <ele>258.8</ele>
      </trkpt>
      <trkpt lat="47.3101" lon="6.25655">
        <ele>259.0</ele>
      </trkpt>
      <trkpt lat="47.30998" lon="6.25583">
        <ele>262.1</ele>
      </trkpt>
      <trkpt lat="47.30992" lon="6.25528">
        <ele>263.8</ele>
      </trkpt>
      <trkpt lat="47.30986" lon="6.25484">
        <ele>264.1</ele>
      </trkpt>
      <trkpt lat="47.3098" lon="6.25451">
        <ele>263.5</ele>
      </trkpt>
      <trkpt lat="47.30964" lon="6.25369">
        <ele>261.7</ele>
      </trkpt>
      <trkpt lat="47.30959" lon="6.25335">
        <ele>261.1</ele>
      </trkpt>
      <trkpt lat="47.30948" lon="6.25259">
        <ele>261.5</ele>
      </trkpt>
      <trkpt lat="47.30936" lon="6.25183">
        <ele>262.6</ele>
      </trkpt>
      <trkpt lat="47.30924" lon="6.25112">
        <ele>261.7</ele>
      </trkpt>
      <trkpt lat="47.30912" lon="6.2504">
        <ele>260.7</ele>
      </trkpt>
      <trkpt lat="47.30901" lon="6.24958">
        <ele>261.6</ele>
      </trkpt>
      <trkpt lat="47.3089" lon="6.24875">
        <ele>261.3</ele>
      </trkpt>
      <trkpt lat="47.30878" lon="6.24801">
        <ele>260.0</ele>
      </trkpt>
      <trkpt lat="47.30867" lon="6.24727">
        <ele>259.2</ele>
      </trkpt>
      <trkpt lat="47.30855" lon="6.24649">
        <ele>257.9</ele>
      </trkpt>
      <trkpt lat="47.30844" lon="6.24571">
        <ele>256.5</ele>
      </trkpt>
      <trkpt lat="47.30824" lon="6.2446">
        <ele>257.3</ele>
      </trkpt>
      <trkpt lat="47.30814" lon="6.24414">
        <ele>256.8</ele>
      </trkpt>
      <trkpt lat="47.30807" lon="6.24387">
        <ele>256.9</ele>
      </trkpt>
      <trkpt lat="47.30786" lon="6.24316">
        <ele>257.6</ele>
      </trkpt>
      <trkpt lat="47.30765" lon="6.24245">
        <ele>257.4</ele>
      </trkpt>
      <trkpt lat="47.30755" lon="6.24205">
        <ele>257.2</ele>
      </trkpt>
      <trkpt lat="47.30732" lon="6.24097">
        <ele>256.7</ele>
      </trkpt>
      <trkpt lat="47.30708" lon="6.23989">
        <ele>256.3</ele>
      </trkpt>
      <trkpt lat="47.30705" lon="6.23976">
        <ele>256.5</ele>
      </trkpt>
      <trkpt lat="47.30685" lon="6.23893">
        <ele>258.1</ele>
      </trkpt>
      <trkpt lat="47.30679" lon="6.23873">
        <ele>258.3</ele>
      </trkpt>
      <trkpt lat="47.3067" lon="6.23849">
        <ele>258.1</ele>
      </trkpt>
      <trkpt lat="47.30648" lon="6.23799">
        <ele>258.2</ele>
      </trkpt>
      <trkpt lat="47.30605" lon="6.23713">
        <ele>260.6</ele>
      </trkpt>
      <trkpt lat="47.30594" lon="6.23694">
        <ele>261.2</ele>
      </trkpt>
      <trkpt lat="47.30578" lon="6.23667">
        <ele>262.1</ele>
      </trkpt>
      <trkpt lat="47.30572" lon="6.23659">
        <ele>262.9</ele>
      </trkpt>
      <trkpt lat="47.30565" lon="6.23651">
        <ele>263.7</ele>
      </trkpt>
      <trkpt lat="47.30554" lon="6.23643">
        <ele>264.5</ele>
      </trkpt>
      <trkpt lat="47.3054" lon="6.23639">
        <ele>265.0</ele>
      </trkpt>
      <trkpt lat="47.30493" lon="6.23627">
        <ele>265.8</ele>
      </trkpt>
      <trkpt lat="47.3047" lon="6.23619">
        <ele>264.1</ele>
      </trkpt>
      <trkpt lat="47.30407" lon="6.23586">
        <ele>260.7</ele>
      </trkpt>
      <trkpt lat="47.30382" lon="6.23571">
        <ele>261.7</ele>
      </trkpt>
      <trkpt lat="47.30368" lon="6.23561">
        <ele>262.4</ele>
      </trkpt>
      <trkpt lat="47.30355" lon="6.2355">
        <ele>263.1</ele>
      </trkpt>
      <trkpt lat="47.30333" lon="6.23536">
        <ele>263.6</ele>
      </trkpt>
      <trkpt lat="47.30307" lon="6.23527">
        <ele>265.3</ele>
      </trkpt>
      <trkpt lat="47.3028" lon="6.23522">
        <ele>266.6</ele>
      </trkpt>
      <trkpt lat="47.30265" lon="6.23522">
        <ele>267.1</ele>
      </trkpt>
      <trkpt lat="47.30214" lon="6.23523">
        <ele>266.9</ele>
      </trkpt>
      <trkpt lat="47.30198" lon="6.23525">
        <ele>266.2</ele>
      </trkpt>
      <trkpt lat="47.30142" lon="6.23537">
        <ele>262.2</ele>
      </trkpt>
      <trkpt lat="47.30117" lon="6.23542">
        <ele>260.4</ele>
      </trkpt>
      <trkpt lat="47.30109" lon="6.23542">
        <ele>260.2</ele>
      </trkpt>
      <trkpt lat="47.30103" lon="6.23542">
        <ele>260.0</ele>
      </trkpt>
      <trkpt lat="47.30098" lon="6.23539">
        <ele>260.4</ele>
      </trkpt>
      <trkpt lat="47.30095" lon="6.23533">
        <ele>261.3</ele>
      </trkpt>
      <trkpt lat="47.30087" lon="6.23532">
        <ele>261.1</ele>
      </trkpt>
      <trkpt lat="47.30078" lon="6.23532">
        <ele>261.0</ele>
      </trkpt>
      <trkpt lat="47.30036" lon="6.23525">
        <ele>261.8</ele>
      </trkpt>
      <trkpt lat="47.30029" lon="6.23524">
        <ele>261.8</ele>
      </trkpt>
      <trkpt lat="47.30023" lon="6.23521">
        <ele>262.0</ele>
      </trkpt>
      <trkpt lat="47.30016" lon="6.23516">
        <ele>262.3</ele>
      </trkpt>
      <trkpt lat="47.30011" lon="6.23511">
        <ele>262.6</ele>
      </trkpt>
      <trkpt lat="47.29952" lon="6.23445">
        <ele>268.7</ele>
      </trkpt>
      <trkpt lat="47.29937" lon="6.23427">
        <ele>269.5</ele>
      </trkpt>
      <trkpt lat="47.29929" lon="6.2342">
        <ele>269.3</ele>
      </trkpt>
      <trkpt lat="47.29916" lon="6.23413">
        <ele>268.2</ele>
      </trkpt>
      <trkpt lat="47.29895" lon="6.23408">
        <ele>267.2</ele>
      </trkpt>
      <trkpt lat="47.29887" lon="6.23408">
        <ele>266.7</ele>
      </trkpt>
      <trkpt lat="47.29885" lon="6.23413">
        <ele>266.3</ele>
      </trkpt>
      <trkpt lat="47.29882" lon="6.23416">
        <ele>266.0</ele>
      </trkpt>
      <trkpt lat="47.29877" lon="6.23416">
        <ele>265.7</ele>
      </trkpt>
      <trkpt lat="47.29874" lon="6.23413">
        <ele>265.7</ele>
      </trkpt>
      <trkpt lat="47.29872" lon="6.23408">
        <ele>265.8</ele>
      </trkpt>
      <trkpt lat="47.29814" lon="6.23431">
        <ele>261.3</ele>
      </trkpt>
      <trkpt lat="47.29805" lon="6.2343">
        <ele>261.1</ele>
      </trkpt>
      <trkpt lat="47.29797" lon="6.23424">
        <ele>261.2</ele>
      </trkpt>
      <trkpt lat="47.29768" lon="6.23381">
        <ele>261.1</ele>
      </trkpt>
      <trkpt lat="47.29739" lon="6.23329">
        <ele>259.7</ele>
      </trkpt>
      <trkpt lat="47.29729" lon="6.23303">
        <ele>260.1</ele>
      </trkpt>
      <trkpt lat="47.29728" lon="6.23297">
        <ele>260.2</ele>
      </trkpt>
      <trkpt lat="47.29697" lon="6.23321">
        <ele>257.7</ele>
      </trkpt>
      <trkpt lat="47.29687" lon="6.23323">
        <ele>257.1</ele>
      </trkpt>
      <trkpt lat="47.29677" lon="6.23326">
        <ele>256.5</ele>
      </trkpt>
      <trkpt lat="47.29669" lon="6.23331">
        <ele>256.1</ele>
      </trkpt>
      <trkpt lat="47.29669" lon="6.23331">
        <ele>256.1</ele>
      </trkpt>
      <trkpt lat="47.29649" lon="6.23346">
        <ele>257.1</ele>
      </trkpt>
      <trkpt lat="47.29644" lon="6.23348">
        <ele>257.5</ele>
      </trkpt>
      <trkpt lat="47.2964" lon="6.23348">
        <ele>257.8</ele>
      </trkpt>
      <trkpt lat="47.29634" lon="6.2334">
        <ele>257.6</ele>
      </trkpt>
      <trkpt lat="47.29624" lon="6.23319">
        <ele>257.4</ele>
      </trkpt>
      <trkpt lat="47.29611" lon="6.23283">
        <ele>257.6</ele>
      </trkpt>
      <trkpt lat="47.29604" lon="6.23258">
        <ele>257.6</ele>
      </trkpt>
      <trkpt lat="47.29597" lon="6.23225">
        <ele>257.6</ele>
      </trkpt>
      <trkpt lat="47.29593" lon="6.23191">
        <ele>257.4</ele>
      </trkpt>
      <trkpt lat="47.29594" lon="6.23154">
        <ele>257.4</ele>
      </trkpt>
      <trkpt lat="47.29598" lon="6.23117">
        <ele>258.1</ele>
      </trkpt>
      <trkpt lat="47.296" lon="6.2307">
        <ele>258.2</ele>
      </trkpt>
      <trkpt lat="47.29605" lon="6.23009">
        <ele>257.0</ele>
      </trkpt>
      <trkpt lat="47.29613" lon="6.22955">
        <ele>258.5</ele>
      </trkpt>
      <trkpt lat="47.29634" lon="6.2289">
        <ele>259.8</ele>
      </trkpt>
      <trkpt lat="47.29643" lon="6.22876">
        <ele>259.7</ele>
      </trkpt>
      <trkpt lat="47.2968" lon="6.22793">
        <ele>258.3</ele>
      </trkpt>
      <trkpt lat="47.29718" lon="6.2271">
        <ele>257.9</ele>
      </trkpt>
      <trkpt lat="47.29747" lon="6.22644">
        <ele>257.6</ele>
      </trkpt>
      <trkpt lat="47.29773" lon="6.22577">
        <ele>258.9</ele>
      </trkpt>
      <trkpt lat="47.29795" lon="6.22503">
        <ele>260.2</ele>
      </trkpt>
      <trkpt lat="47.29815" lon="6.22424">
        <ele>261.1</ele>
      </trkpt>
      <trkpt lat="47.29842" lon="6.22311">
        <ele>260.7</ele>
      </trkpt>
      <trkpt lat="47.29857" lon="6.22239">
        <ele>259.8</ele>
      </trkpt>
      <trkpt lat="47.29871" lon="6.22185">
        <ele>258.0</ele>
      </trkpt>
      <trkpt lat="47.29871" lon="6.22185">
        <ele>258.0</ele>
      </trkpt>
      <trkpt lat="47.29875" lon="6.22171">
        <ele>257.3</ele>
      </trkpt>
      <trkpt lat="47.29881" lon="6.22155">
        <ele>257.4</ele>
      </trkpt>
      <trkpt lat="47.29887" lon="6.22148">
        <ele>257.6</ele>
      </trkpt>
      <trkpt lat="47.29895" lon="6.22146">
        <ele>258.0</ele>
      </trkpt>
      <trkpt lat="47.29897" lon="6.22135">
        <ele>257.8</ele>
      </trkpt>
      <trkpt lat="47.29899" lon="6.22127">
        <ele>257.6</ele>
      </trkpt>
      <trkpt lat="47.2991" lon="6.2211">
        <ele>257.2</ele>
      </trkpt>
      <trkpt lat="47.29914" lon="6.22101">
        <ele>256.9</ele>
      </trkpt>
      <trkpt lat="47.29919" lon="6.2209">
        <ele>256.8</ele>
      </trkpt>
      <trkpt lat="47.29941" lon="6.22051">
        <ele>260.6</ele>
      </trkpt>
      <trkpt lat="47.29971" lon="6.22002">
        <ele>259.5</ele>
      </trkpt>
      <trkpt lat="47.29977" lon="6.21995">
        <ele>259.2</ele>
      </trkpt>
      <trkpt lat="47.29981" lon="6.21992">
        <ele>259.0</ele>
      </trkpt>
      <trkpt lat="47.29988" lon="6.21992">
        <ele>258.6</ele>
      </trkpt>
      <trkpt lat="47.30037" lon="6.21908">
        <ele>260.3</ele>
      </trkpt>
      <trkpt lat="47.30086" lon="6.21823">
        <ele>257.1</ele>
      </trkpt>
      <trkpt lat="47.30122" lon="6.21761">
        <ele>262.1</ele>
      </trkpt>
      <trkpt lat="47.30158" lon="6.217">
        <ele>258.9</ele>
      </trkpt>
      <trkpt lat="47.30192" lon="6.21653">
        <ele>257.7</ele>
      </trkpt>
      <trkpt lat="47.30239" lon="6.21589">
        <ele>257.8</ele>
      </trkpt>
      <trkpt lat="47.30251" lon="6.21571">
        <ele>257.6</ele>
      </trkpt>
      <trkpt lat="47.30262" lon="6.2155">
        <ele>258.4</ele>
      </trkpt>
      <trkpt lat="47.30279" lon="6.21508">
        <ele>258.4</ele>
      </trkpt>
      <trkpt lat="47.30285" lon="6.21496">
        <ele>258.6</ele>
      </trkpt>
      <trkpt lat="47.30294" lon="6.21482">
        <ele>259.6</ele>
      </trkpt>
      <trkpt lat="47.30315" lon="6.21451">
        <ele>261.7</ele>
      </trkpt>
      <trkpt lat="47.30323" lon="6.21438">
        <ele>262.3</ele>
      </trkpt>
      <trkpt lat="47.3033" lon="6.21422">
        <ele>262.8</ele>
      </trkpt>
      <trkpt lat="47.30335" lon="6.21402">
        <ele>263.3</ele>
      </trkpt>
      <trkpt lat="47.30338" lon="6.21388">
        <ele>264.1</ele>
      </trkpt>
      <trkpt lat="47.30348" lon="6.21313">
        <ele>265.4</ele>
      </trkpt>
      <trkpt lat="47.30352" lon="6.21288">
        <ele>266.0</ele>
      </trkpt>
      <trkpt lat="47.30357" lon="6.21263">
        <ele>266.5</ele>
      </trkpt>
      <trkpt lat="47.30375" lon="6.21182">
        <ele>267.1</ele>
      </trkpt>
      <trkpt lat="47.30386" lon="6.21124">
        <ele>266.0</ele>
      </trkpt>
      <trkpt lat="47.30391" lon="6.2108">
        <ele>265.0</ele>
      </trkpt>
      <trkpt lat="47.30393" lon="6.21051">
        <ele>265.7</ele>
      </trkpt>
      <trkpt lat="47.30392" lon="6.21013">
        <ele>266.0</ele>
      </trkpt>
      <trkpt lat="47.30388" lon="6.20961">
        <ele>266.0</ele>
      </trkpt>
      <trkpt lat="47.30383" lon="6.2092">
        <ele>265.7</ele>
      </trkpt>
      <trkpt lat="47.30378" lon="6.20898">
        <ele>265.7</ele>
      </trkpt>
      <trkpt lat="47.30373" lon="6.2088">
        <ele>265.5</ele>
      </trkpt>
      <trkpt lat="47.3036" lon="6.20841">
        <ele>264.2</ele>
      </trkpt>
      <trkpt lat="47.30347" lon="6.20812">
        <ele>262.9</ele>
      </trkpt>
      <trkpt lat="47.30337" lon="6.20791">
        <ele>261.8</ele>
      </trkpt>
      <trkpt lat="47.30327" lon="6.20774">
        <ele>261.4</ele>
      </trkpt>
      <trkpt lat="47.30317" lon="6.20761">
        <ele>261.4</ele>
      </trkpt>
      <trkpt lat="47.30292" lon="6.20733">
        <ele>261.6</ele>
      </trkpt>
      <trkpt lat="47.30279" lon="6.2072">
        <ele>261.4</ele>
      </trkpt>
      <trkpt lat="47.30233" lon="6.2068">
        <ele>260.2</ele>
      </trkpt>
      <trkpt lat="47.30206" lon="6.20659">
        <ele>261.1</ele>
      </trkpt>
      <trkpt lat="47.30187" lon="6.20646">
        <ele>261.8</ele>
      </trkpt>
      <trkpt lat="47.30177" lon="6.20641">
        <ele>261.9</ele>
      </trkpt>
      <trkpt lat="47.30142" lon="6.20628">
        <ele>261.0</ele>
      </trkpt>
      <trkpt lat="47.30139" lon="6.20625">
        <ele>261.0</ele>
      </trkpt>
      <trkpt lat="47.30098" lon="6.20608">
        <ele>259.0</ele>
      </trkpt>
      <trkpt lat="47.30065" lon="6.20593">
        <ele>256.8</ele>
      </trkpt>
      <trkpt lat="47.30034" lon="6.2058">
        <ele>256.0</ele>
      </trkpt>
      <trkpt lat="47.29966" lon="6.20559">
        <ele>261.5</ele>
      </trkpt>
      <trkpt lat="47.29916" lon="6.20541">
        <ele>263.0</ele>
      </trkpt>
      <trkpt lat="47.29862" lon="6.20518">
        <ele>261.0</ele>
      </trkpt>
      <trkpt lat="47.29831" lon="6.20503">
        <ele>258.8</ele>
      </trkpt>
      <trkpt lat="47.29802" lon="6.20491">
        <ele>261.4</ele>
      </trkpt>
      <trkpt lat="47.29752" lon="6.20474">
        <ele>262.2</ele>
      </trkpt>
      <trkpt lat="47.29707" lon="6.20462">
        <ele>259.8</ele>
      </trkpt>
      <trkpt lat="47.29639" lon="6.20445">
        <ele>256.2</ele>
      </trkpt>
      <trkpt lat="47.29636" lon="6.20443">
        <ele>256.2</ele>
      </trkpt>
      <trkpt lat="47.2963" lon="6.20439">
        <ele>256.2</ele>
      </trkpt>
      <trkpt lat="47.29626" lon="6.2044">
        <ele>256.0</ele>
      </trkpt>
      <trkpt lat="47.29617" lon="6.2044">
        <ele>255.6</ele>
      </trkpt>
      <trkpt lat="47.29581" lon="6.20432">
        <ele>254.4</ele>
      </trkpt>
      <trkpt lat="47.29553" lon="6.20425">
        <ele>254.4</ele>
      </trkpt>
      <trkpt lat="47.29502" lon="6.2041">
        <ele>254.2</ele>
      </trkpt>
      <trkpt lat="47.29476" lon="6.20401">
        <ele>254.2</ele>
      </trkpt>
      <trkpt lat="47.29389" lon="6.20368">
        <ele>253.7</ele>
      </trkpt>
      <trkpt lat="47.29352" lon="6.20351">
        <ele>254.0</ele>
      </trkpt>
      <trkpt lat="47.29325" lon="6.20337">
        <ele>254.1</ele>
      </trkpt>
      <trkpt lat="47.29301" lon="6.20323">
        <ele>254.4</ele>
      </trkpt>
      <trkpt lat="47.29294" lon="6.20319">
        <ele>254.5</ele>
      </trkpt>
      <trkpt lat="47.29255" lon="6.20292">
        <ele>254.9</ele>
      </trkpt>
      <trkpt lat="47.29252" lon="6.20297">
        <ele>255.0</ele>
      </trkpt>
      <trkpt lat="47.29245" lon="6.20317">
        <ele>255.0</ele>
      </trkpt>
      <trkpt lat="47.29242" lon="6.20326">
        <ele>255.0</ele>
      </trkpt>
      <trkpt lat="47.29226" lon="6.20316">
        <ele>254.9</ele>
      </trkpt>
      <trkpt lat="47.29195" lon="6.20295">
        <ele>254.4</ele>
      </trkpt>
      <trkpt lat="47.29144" lon="6.20258">
        <ele>252.5</ele>
      </trkpt>
      <trkpt lat="47.29139" lon="6.20259">
        <ele>252.4</ele>
      </trkpt>
      <trkpt lat="47.29135" lon="6.20262">
        <ele>252.4</ele>
      </trkpt>
      <trkpt lat="47.29133" lon="6.20267">
        <ele>252.5</ele>
      </trkpt>
      <trkpt lat="47.29117" lon="6.20255">
        <ele>251.5</ele>
      </trkpt>
      <trkpt lat="47.2911" lon="6.20252">
        <ele>251.1</ele>
      </trkpt>
      <trkpt lat="47.29103" lon="6.2025">
        <ele>250.7</ele>
      </trkpt>
      <trkpt lat="47.29089" lon="6.20239">
        <ele>250.5</ele>
      </trkpt>
      <trkpt lat="47.2907" lon="6.20215">
        <ele>251.6</ele>
      </trkpt>
      <trkpt lat="47.29059" lon="6.20188">
        <ele>252.2</ele>
      </trkpt>
      <trkpt lat="47.29056" lon="6.20176">
        <ele>252.3</ele>
      </trkpt>
      <trkpt lat="47.29052" lon="6.20168">
        <ele>252.4</ele>
      </trkpt>
      <trkpt lat="47.29007" lon="6.20094">
        <ele>253.8</ele>
      </trkpt>
      <trkpt lat="47.29003" lon="6.20086">
        <ele>253.9</ele>
      </trkpt>
      <trkpt lat="47.29005" lon="6.20074">
        <ele>253.9</ele>
      </trkpt>
      <trkpt lat="47.29005" lon="6.20074">
        <ele>253.9</ele>
      </trkpt>
      <trkpt lat="47.29007" lon="6.20063">
        <ele>253.9</ele>
      </trkpt>
      <trkpt lat="47.28992" lon="6.20032">
        <ele>253.9</ele>
      </trkpt>
      <trkpt lat="47.28958" lon="6.19938">
        <ele>252.9</ele>
      </trkpt>
      <trkpt lat="47.28943" lon="6.19864">
        <ele>253.2</ele>
      </trkpt>
      <trkpt lat="47.28928" lon="6.1979">
        <ele>252.8</ele>
      </trkpt>
      <trkpt lat="47.28918" lon="6.19711">
        <ele>252.9</ele>
      </trkpt>
      <trkpt lat="47.28908" lon="6.19632">
        <ele>254.7</ele>
      </trkpt>
      <trkpt lat="47.28897" lon="6.19506">
        <ele>254.4</ele>
      </trkpt>
      <trkpt lat="47.28886" lon="6.19379">
        <ele>252.3</ele>
      </trkpt>
      <trkpt lat="47.2888" lon="6.19285">
        <ele>251.7</ele>
      </trkpt>
      <trkpt lat="47.28874" lon="6.19191">
        <ele>252.2</ele>
      </trkpt>
      <trkpt lat="47.28873" lon="6.19121">
        <ele>252.1</ele>
      </trkpt>
      <trkpt lat="47.28877" lon="6.19016">
        <ele>251.7</ele>
      </trkpt>
      <trkpt lat="47.28891" lon="6.18892">
        <ele>250.8</ele>
      </trkpt>
      <trkpt lat="47.2891" lon="6.18805">
        <ele>249.2</ele>
      </trkpt>
      <trkpt lat="47.28928" lon="6.18718">
        <ele>250.8</ele>
      </trkpt>
      <trkpt lat="47.28954" lon="6.18617">
        <ele>252.6</ele>
      </trkpt>
      <trkpt lat="47.28979" lon="6.18516">
        <ele>253.0</ele>
      </trkpt>
      <trkpt lat="47.29013" lon="6.18395">
        <ele>252.0</ele>
      </trkpt>
      <trkpt lat="47.29047" lon="6.18274">
        <ele>252.0</ele>
      </trkpt>
      <trkpt lat="47.29073" lon="6.18147">
        <ele>253.2</ele>
      </trkpt>
      <trkpt lat="47.29077" lon="6.181">
        <ele>252.9</ele>
      </trkpt>
      <trkpt lat="47.29079" lon="6.18065">
        <ele>252.8</ele>
      </trkpt>
      <trkpt lat="47.29078" lon="6.18051">
        <ele>252.7</ele>
      </trkpt>
      <trkpt lat="47.29076" lon="6.17987">
        <ele>253.0</ele>
      </trkpt>
      <trkpt lat="47.29073" lon="6.17952">
        <ele>253.8</ele>
      </trkpt>
      <trkpt lat="47.29073" lon="6.17952">
        <ele>253.8</ele>
      </trkpt>
      <trkpt lat="47.29069" lon="6.17918">
        <ele>254.4</ele>
      </trkpt>
      <trkpt lat="47.29062" lon="6.17875">
        <ele>254.9</ele>
      </trkpt>
      <trkpt lat="47.29053" lon="6.17809">
        <ele>256.3</ele>
      </trkpt>
      <trkpt lat="47.29041" lon="6.17734">
        <ele>258.1</ele>
      </trkpt>
      <trkpt lat="47.29031" lon="6.1768">
        <ele>258.7</ele>
      </trkpt>
      <trkpt lat="47.29019" lon="6.1764">
        <ele>256.5</ele>
      </trkpt>
      <trkpt lat="47.29001" lon="6.17596">
        <ele>251.5</ele>
      </trkpt>
      <trkpt lat="47.28998" lon="6.17582">
        <ele>250.9</ele>
      </trkpt>
      <trkpt lat="47.28999" lon="6.17577">
        <ele>250.9</ele>
      </trkpt>
      <trkpt lat="47.29008" lon="6.17568">
        <ele>252.8</ele>
      </trkpt>
      <trkpt lat="47.29012" lon="6.17564">
        <ele>253.9</ele>
      </trkpt>
      <trkpt lat="47.29014" lon="6.1756">
        <ele>254.4</ele>
      </trkpt>
      <trkpt lat="47.29012" lon="6.17557">
        <ele>253.8</ele>
      </trkpt>
      <trkpt lat="47.29002" lon="6.17531">
        <ele>250.9</ele>
      </trkpt>
      <trkpt lat="47.28998" lon="6.17524">
        <ele>250.2</ele>
      </trkpt>
      <trkpt lat="47.28986" lon="6.17507">
        <ele>249.6</ele>
      </trkpt>
      <trkpt lat="47.28982" lon="6.17498">
        <ele>249.4</ele>
      </trkpt>
      <trkpt lat="47.28973" lon="6.17476">
        <ele>249.6</ele>
      </trkpt>
      <trkpt lat="47.28971" lon="6.17467">
        <ele>249.7</ele>
      </trkpt>
      <trkpt lat="47.2897" lon="6.17452">
        <ele>250.1</ele>
      </trkpt>
      <trkpt lat="47.28965" lon="6.17385">
        <ele>250.5</ele>
      </trkpt>
      <trkpt lat="47.2896" lon="6.17319">
        <ele>250.0</ele>
      </trkpt>
      <trkpt lat="47.28955" lon="6.17246">
        <ele>249.8</ele>
      </trkpt>
      <trkpt lat="47.2895" lon="6.17173">
        <ele>249.2</ele>
      </trkpt>
      <trkpt lat="47.28941" lon="6.17064">
        <ele>249.4</ele>
      </trkpt>
      <trkpt lat="47.28932" lon="6.16955">
        <ele>249.9</ele>
      </trkpt>
      <trkpt lat="47.28923" lon="6.16846">
        <ele>250.2</ele>
      </trkpt>
      <trkpt lat="47.28919" lon="6.16783">
        <ele>249.0</ele>
      </trkpt>
      <trkpt lat="47.28917" lon="6.16716">
        <ele>248.0</ele>
      </trkpt>
      <trkpt lat="47.28915" lon="6.16649">
        <ele>248.2</ele>
      </trkpt>
      <trkpt lat="47.28911" lon="6.16588">
        <ele>248.9</ele>
      </trkpt>
      <trkpt lat="47.28904" lon="6.16493">
        <ele>248.1</ele>
      </trkpt>
      <trkpt lat="47.28897" lon="6.16397">
        <ele>249.0</ele>
      </trkpt>
      <trkpt lat="47.28892" lon="6.16354">
        <ele>249.0</ele>
      </trkpt>
      <trkpt lat="47.28876" lon="6.16224">
        <ele>249.9</ele>
      </trkpt>
      <trkpt lat="47.28862" lon="6.16122">
        <ele>249.0</ele>
      </trkpt>
      <trkpt lat="47.28855" lon="6.16043">
        <ele>249.5</ele>
      </trkpt>
      <trkpt lat="47.28842" lon="6.15941">
        <ele>249.2</ele>
      </trkpt>
      <trkpt lat="47.28829" lon="6.1584">
        <ele>249.7</ele>
      </trkpt>
      <trkpt lat="47.28816" lon="6.15738">
        <ele>248.7</ele>
      </trkpt>
      <trkpt lat="47.28807" lon="6.15682">
        <ele>248.9</ele>
      </trkpt>
      <trkpt lat="47.28785" lon="6.15581">
        <ele>249.6</ele>
      </trkpt>
      <trkpt lat="47.28764" lon="6.1548">
        <ele>249.6</ele>
      </trkpt>
      <trkpt lat="47.28741" lon="6.15364">
        <ele>249.3</ele>
      </trkpt>
      <trkpt lat="47.28718" lon="6.15248">
        <ele>249.8</ele>
      </trkpt>
      <trkpt lat="47.28709" lon="6.15211">
        <ele>250.2</ele>
      </trkpt>
      <trkpt lat="47.28672" lon="6.15095">
        <ele>249.5</ele>
      </trkpt>
      <trkpt lat="47.28654" lon="6.15033">
        <ele>249.2</ele>
      </trkpt>
      <trkpt lat="47.28632" lon="6.14975">
        <ele>249.0</ele>
      </trkpt>
      <trkpt lat="47.28604" lon="6.14916">
        <ele>248.0</ele>
      </trkpt>
      <trkpt lat="47.28579" lon="6.14857">
        <ele>248.8</ele>
      </trkpt>
      <trkpt lat="47.28564" lon="6.14809">
        <ele>249.8</ele>
      </trkpt>
      <trkpt lat="47.28558" lon="6.14793">
        <ele>249.7</ele>
      </trkpt>
      <trkpt lat="47.28529" lon="6.14702">
        <ele>250.0</ele>
      </trkpt>
      <trkpt lat="47.28527" lon="6.14693">
        <ele>250.1</ele>
      </trkpt>
      <trkpt lat="47.28519" lon="6.14659">
        <ele>250.4</ele>
      </trkpt>
      <trkpt lat="47.28514" lon="6.1463">
        <ele>250.3</ele>
      </trkpt>
      <trkpt lat="47.28506" lon="6.14586">
        <ele>250.1</ele>
      </trkpt>
      <trkpt lat="47.28488" lon="6.1448">
        <ele>248.9</ele>
      </trkpt>
      <trkpt lat="47.28484" lon="6.14438">
        <ele>248.4</ele>
      </trkpt>
      <trkpt lat="47.28481" lon="6.14389">
        <ele>248.1</ele>
      </trkpt>
      <trkpt lat="47.28477" lon="6.14323">
        <ele>247.9</ele>
      </trkpt>
      <trkpt lat="47.28473" lon="6.14256">
        <ele>248.6</ele>
      </trkpt>
      <trkpt lat="47.28468" lon="6.14204">
        <ele>249.4</ele>
      </trkpt>
      <trkpt lat="47.28457" lon="6.14111">
        <ele>249.3</ele>
      </trkpt>
      <trkpt lat="47.28457" lon="6.14057">
        <ele>248.8</ele>
      </trkpt>
      <trkpt lat="47.28448" lon="6.13978">
        <ele>248.0</ele>
      </trkpt>
      <trkpt lat="47.28441" lon="6.13939">
        <ele>247.7</ele>
      </trkpt>
      <trkpt lat="47.28434" lon="6.13919">
        <ele>247.4</ele>
      </trkpt>
      <trkpt lat="47.28427" lon="6.13903">
        <ele>247.4</ele>
      </trkpt>
      <trkpt lat="47.28415" lon="6.13882">
        <ele>247.4</ele>
      </trkpt>
      <trkpt lat="47.28369" lon="6.13815">
        <ele>247.2</ele>
      </trkpt>
      <trkpt lat="47.28323" lon="6.13748">
        <ele>247.9</ele>
      </trkpt>
      <trkpt lat="47.28288" lon="6.13696">
        <ele>248.8</ele>
      </trkpt>
      <trkpt lat="47.28252" lon="6.13645">
        <ele>248.8</ele>
      </trkpt>
      <trkpt lat="47.28225" lon="6.13601">
        <ele>249.4</ele>
      </trkpt>
      <trkpt lat="47.28215" lon="6.1358">
        <ele>249.6</ele>
      </trkpt>
      <trkpt lat="47.28192" lon="6.13519">
        <ele>249.5</ele>
      </trkpt>
      <trkpt lat="47.28183" lon="6.13476">
        <ele>248.7</ele>
      </trkpt>
      <trkpt lat="47.2818" lon="6.1346">
        <ele>248.3</ele>
      </trkpt>
      <trkpt lat="47.2817" lon="6.13398">
        <ele>247.0</ele>
      </trkpt>
      <trkpt lat="47.28157" lon="6.13316">
        <ele>247.8</ele>
      </trkpt>
      <trkpt lat="47.28144" lon="6.13234">
        <ele>248.3</ele>
      </trkpt>
      <trkpt lat="47.2813" lon="6.13165">
        <ele>247.4</ele>
      </trkpt>
      <trkpt lat="47.28127" lon="6.13145">
        <ele>247.1</ele>
      </trkpt>
      <trkpt lat="47.28127" lon="6.13145">
        <ele>247.1</ele>
      </trkpt>
      <trkpt lat="47.28127" lon="6.13144">
        <ele>247.1</ele>
      </trkpt>
      <trkpt lat="47.28117" lon="6.13081">
        <ele>245.9</ele>
      </trkpt>
      <trkpt lat="47.28112" lon="6.13039">
        <ele>246.6</ele>
      </trkpt>
      <trkpt lat="47.28104" lon="6.12947">
        <ele>247.6</ele>
      </trkpt>
      <trkpt lat="47.28095" lon="6.12855">
        <ele>249.0</ele>
      </trkpt>
      <trkpt lat="47.2809" lon="6.12786">
        <ele>249.1</ele>
      </trkpt>
      <trkpt lat="47.28084" lon="6.12732">
        <ele>249.0</ele>
      </trkpt>
      <trkpt lat="47.28065" lon="6.12624">
        <ele>254.4</ele>
      </trkpt>
      <trkpt lat="47.28059" lon="6.12595">
        <ele>256.3</ele>
      </trkpt>
      <trkpt lat="47.28046" lon="6.12554">
        <ele>258.2</ele>
      </trkpt>
      <trkpt lat="47.28023" lon="6.12505">
        <ele>257.9</ele>
      </trkpt>
      <trkpt lat="47.27998" lon="6.12461">
        <ele>256.3</ele>
      </trkpt>
      <trkpt lat="47.27944" lon="6.12371">
        <ele>255.5</ele>
      </trkpt>
      <trkpt lat="47.2789" lon="6.12281">
        <ele>253.7</ele>
      </trkpt>
      <trkpt lat="47.27841" lon="6.12206">
        <ele>252.9</ele>
      </trkpt>
      <trkpt lat="47.27827" lon="6.12182">
        <ele>252.8</ele>
      </trkpt>
      <trkpt lat="47.27812" lon="6.12163">
        <ele>252.4</ele>
      </trkpt>
      <trkpt lat="47.27771" lon="6.12123">
        <ele>250.7</ele>
      </trkpt>
      <trkpt lat="47.27752" lon="6.12106">
        <ele>250.1</ele>
      </trkpt>
      <trkpt lat="47.277" lon="6.12054">
        <ele>249.3</ele>
      </trkpt>
      <trkpt lat="47.27663" lon="6.12014">
        <ele>247.1</ele>
      </trkpt>
      <trkpt lat="47.27636" lon="6.11982">
        <ele>246.5</ele>
      </trkpt>
      <trkpt lat="47.27611" lon="6.11951">
        <ele>246.3</ele>
      </trkpt>
      <trkpt lat="47.27553" lon="6.11875">
        <ele>246.9</ele>
      </trkpt>
      <trkpt lat="47.27487" lon="6.118">
        <ele>248.3</ele>
      </trkpt>
      <trkpt lat="47.27449" lon="6.1176">
        <ele>250.5</ele>
      </trkpt>
      <trkpt lat="47.274351" lon="6.117517">
        <ele>251.1</ele>
      </trkpt>
      <trkpt lat="47.27434" lon="6.11751">
        <ele>251.2</ele>
      </trkpt>
      <trkpt lat="47.27438" lon="6.11738">
        <ele>251.2</ele>
      </trkpt>
      <trkpt lat="47.27466" lon="6.11707">
        <ele>251.1</ele>
      </trkpt>
      <trkpt lat="47.27488" lon="6.11691">
        <ele>251.1</ele>
      </trkpt>
      <trkpt lat="47.27503" lon="6.11679">
        <ele>251.4</ele>
      </trkpt>
      <trkpt lat="47.27507" lon="6.11668">
        <ele>251.9</ele>
      </trkpt>
      <trkpt lat="47.27513" lon="6.11662">
        <ele>251.9</ele>
      </trkpt>
      <trkpt lat="47.27555" lon="6.11637">
        <ele>252.2</ele>
      </trkpt>
      <trkpt lat="47.27601" lon="6.11611">
        <ele>253.8</ele>
      </trkpt>
      <trkpt lat="47.27646" lon="6.11586">
        <ele>256.2</ele>
      </trkpt>
      <trkpt lat="47.27643" lon="6.11576">
        <ele>256.2</ele>
      </trkpt>
      <trkpt lat="47.27646" lon="6.11574">
        <ele>256.3</ele>
      </trkpt>
      <trkpt lat="47.27653" lon="6.11595">
        <ele>256.3</ele>
      </trkpt>
    </trkseg>
  </trk>
</gpx>
