<?xml version='1.0' encoding='utf-8'?>
<gpx version="1.1" creator="France2026" xmlns="http://www.topografix.com/GPX/1/1" xmlns:xsi="http://www.w3.org/2001/XMLSchema-instance" xsi:schemaLocation="http://www.topografix.com/GPX/1/1 http://www.topografix.com/GPX/1/1/gpx.xsd"><metadata><name>Jour 6 — Obernai → Colmar via Maison Hauller</name><desc>Départ : centre d’Obernai. Passage : Maison Hauller, 3 rue de la Gare, Dambach-la-Ville. Arrivée : centre de Colmar.</desc></metadata><trk><name>Jour 6 — Obernai → Colmar via Maison Hauller</name><trkseg><trkpt lat="48.4630550" lon="7.4827770"><ele>187.9</ele></trkpt><trkpt lat="48.4633300" lon="7.4836800"><ele>187.9</ele></trkpt><trkpt lat="48.4633200" lon="7.4836900"><ele>187.4</ele></trkpt><trkpt lat="48.4631500" lon="7.4844400"><ele>186.9</ele></trkpt><trkpt lat="48.4630200" lon="7.4848800"><ele>186.4</ele></trkpt><trkpt lat="48.4627700" lon="7.4854000"><ele>185.7</ele></trkpt><trkpt lat="48.4627100" lon="7.4854300"><ele>185.0</ele></trkpt><trkpt lat="48.4626100" lon="7.4855000"><ele>184.6</ele></trkpt><trkpt lat="48.4624600" lon="7.4855300"><ele>184.2</ele></trkpt><trkpt lat="48.4622700" lon="7.4854800"><ele>184.3</ele></trkpt><trkpt lat="48.4622200" lon="7.4854700"><ele>185.0</ele></trkpt><trkpt lat="48.4623000" lon="7.4850200"><ele>185.4</ele></trkpt><trkpt lat="48.4623000" lon="7.4846400"><ele>186.0</ele></trkpt><trkpt lat="48.4623000" lon="7.4844600"><ele>186.8</ele></trkpt><trkpt lat="48.4623000" lon="7.4844300"><ele>187.2</ele></trkpt><trkpt lat="48.4622900" lon="7.4843400"><ele>187.1</ele></trkpt><trkpt lat="48.4622800" lon="7.4842500"><ele>187.3</ele></trkpt><trkpt lat="48.4622600" lon="7.4840800"><ele>187.6</ele></trkpt><trkpt lat="48.4622400" lon="7.4837400"><ele>187.6</ele></trkpt><trkpt lat="48.4622500" lon="7.4834700"><ele>187.7</ele></trkpt><trkpt lat="48.4622600" lon="7.4833200"><ele>187.9</ele></trkpt><trkpt lat="48.4622500" lon="7.4832800"><ele>188.0</ele></trkpt><trkpt lat="48.4622400" lon="7.4832400"><ele>187.9</ele></trkpt><trkpt lat="48.4622800" lon="7.4828700"><ele>187.8</ele></trkpt><trkpt lat="48.4622900" lon="7.4828400"><ele>187.4</ele></trkpt><trkpt lat="48.4622900" lon="7.4827600"><ele>186.9</ele></trkpt><trkpt lat="48.4623000" lon="7.4825000"><ele>186.4</ele></trkpt><trkpt lat="48.4623000" lon="7.4824500"><ele>186.2</ele></trkpt><trkpt lat="48.4623000" lon="7.4823800"><ele>185.9</ele></trkpt><trkpt lat="48.4623000" lon="7.4821900"><ele>185.6</ele></trkpt><trkpt lat="48.4623100" lon="7.4820200"><ele>185.9</ele></trkpt><trkpt lat="48.4623200" lon="7.4819500"><ele>187.0</ele></trkpt><trkpt lat="48.4623500" lon="7.4817200"><ele>187.3</ele></trkpt><trkpt lat="48.4623700" lon="7.4815100"><ele>187.9</ele></trkpt><trkpt lat="48.4623700" lon="7.4813600"><ele>188.8</ele></trkpt><trkpt lat="48.4623700" lon="7.4813400"><ele>189.6</ele></trkpt><trkpt lat="48.4623800" lon="7.4811600"><ele>189.8</ele></trkpt><trkpt lat="48.4623800" lon="7.4809800"><ele>189.9</ele></trkpt><trkpt lat="48.4623800" lon="7.4808200"><ele>190.0</ele></trkpt><trkpt lat="48.4622500" lon="7.4808300"><ele>189.8</ele></trkpt><trkpt lat="48.4622400" lon="7.4808200"><ele>189.2</ele></trkpt><trkpt lat="48.4620800" lon="7.4807400"><ele>188.4</ele></trkpt><trkpt lat="48.4619900" lon="7.4810400"><ele>188.3</ele></trkpt><trkpt lat="48.4619700" lon="7.4811200"><ele>188.5</ele></trkpt><trkpt lat="48.4619500" lon="7.4813200"><ele>188.4</ele></trkpt><trkpt lat="48.4619300" lon="7.4814500"><ele>188.5</ele></trkpt><trkpt lat="48.4619200" lon="7.4817800"><ele>188.7</ele></trkpt><trkpt lat="48.4619200" lon="7.4818200"><ele>187.7</ele></trkpt><trkpt lat="48.4618700" lon="7.4818900"><ele>186.5</ele></trkpt><trkpt lat="48.4615000" lon="7.4820800"><ele>186.0</ele></trkpt><trkpt lat="48.4613000" lon="7.4821500"><ele>185.3</ele></trkpt><trkpt lat="48.4612300" lon="7.4821500"><ele>184.6</ele></trkpt><trkpt lat="48.4611000" lon="7.4821400"><ele>185.0</ele></trkpt><trkpt lat="48.4610100" lon="7.4821300"><ele>185.5</ele></trkpt><trkpt lat="48.4609100" lon="7.4821000"><ele>185.8</ele></trkpt><trkpt lat="48.4608500" lon="7.4824400"><ele>186.3</ele></trkpt><trkpt lat="48.4608100" lon="7.4826500"><ele>186.8</ele></trkpt><trkpt lat="48.4606600" lon="7.4831300"><ele>186.8</ele></trkpt><trkpt lat="48.4606300" lon="7.4832000"><ele>186.7</ele></trkpt><trkpt lat="48.4605000" lon="7.4835500"><ele>186.5</ele></trkpt><trkpt lat="48.4604800" lon="7.4836200"><ele>186.2</ele></trkpt><trkpt lat="48.4605400" lon="7.4836900"><ele>185.5</ele></trkpt><trkpt lat="48.4607500" lon="7.4838500"><ele>185.4</ele></trkpt><trkpt lat="48.4610000" lon="7.4840400"><ele>184.9</ele></trkpt><trkpt lat="48.4611800" lon="7.4841800"><ele>184.4</ele></trkpt><trkpt lat="48.4613100" lon="7.4842700"><ele>183.9</ele></trkpt><trkpt lat="48.4612800" lon="7.4843500"><ele>183.8</ele></trkpt><trkpt lat="48.4611500" lon="7.4847200"><ele>183.3</ele></trkpt><trkpt lat="48.4611100" lon="7.4848000"><ele>182.9</ele></trkpt><trkpt lat="48.4610600" lon="7.4848800"><ele>182.5</ele></trkpt><trkpt lat="48.4609600" lon="7.4850200"><ele>182.0</ele></trkpt><trkpt lat="48.4608800" lon="7.4851300"><ele>181.6</ele></trkpt><trkpt lat="48.4608000" lon="7.4852300"><ele>181.2</ele></trkpt><trkpt lat="48.4607700" lon="7.4852800"><ele>181.0</ele></trkpt><trkpt lat="48.4606800" lon="7.4854100"><ele>180.9</ele></trkpt><trkpt lat="48.4606400" lon="7.4855600"><ele>180.8</ele></trkpt><trkpt lat="48.4606200" lon="7.4856600"><ele>180.5</ele></trkpt><trkpt lat="48.4606000" lon="7.4857500"><ele>180.2</ele></trkpt><trkpt lat="48.4605400" lon="7.4865100"><ele>179.8</ele></trkpt><trkpt lat="48.4604300" lon="7.4865900"><ele>179.6</ele></trkpt><trkpt lat="48.4603900" lon="7.4866200"><ele>179.4</ele></trkpt><trkpt lat="48.4603300" lon="7.4864900"><ele>179.4</ele></trkpt><trkpt lat="48.4602800" lon="7.4864200"><ele>179.4</ele></trkpt><trkpt lat="48.4602200" lon="7.4863700"><ele>179.4</ele></trkpt><trkpt lat="48.4601800" lon="7.4863500"><ele>179.4</ele></trkpt><trkpt lat="48.4601400" lon="7.4863300"><ele>179.4</ele></trkpt><trkpt lat="48.4600800" lon="7.4862900"><ele>179.4</ele></trkpt><trkpt lat="48.4600500" lon="7.4862800"><ele>179.5</ele></trkpt><trkpt lat="48.4599500" lon="7.4862200"><ele>179.4</ele></trkpt><trkpt lat="48.4599000" lon="7.4861900"><ele>179.1</ele></trkpt><trkpt lat="48.4596800" lon="7.4869400"><ele>178.7</ele></trkpt><trkpt lat="48.4596400" lon="7.4869800"><ele>178.4</ele></trkpt><trkpt lat="48.4595900" lon="7.4870000"><ele>178.2</ele></trkpt><trkpt lat="48.4595500" lon="7.4870100"><ele>178.1</ele></trkpt><trkpt lat="48.4595100" lon="7.4870100"><ele>178.2</ele></trkpt><trkpt lat="48.4592100" lon="7.4869300"><ele>178.5</ele></trkpt><trkpt lat="48.4590600" lon="7.4868900"><ele>179.0</ele></trkpt><trkpt lat="48.4587900" lon="7.4868200"><ele>179.5</ele></trkpt><trkpt lat="48.4586000" lon="7.4867500"><ele>180.0</ele></trkpt><trkpt lat="48.4585700" lon="7.4867400"><ele>180.5</ele></trkpt><trkpt lat="48.4585400" lon="7.4867500"><ele>180.7</ele></trkpt><trkpt lat="48.4585200" lon="7.4867200"><ele>180.8</ele></trkpt><trkpt lat="48.4585000" lon="7.4867100"><ele>180.9</ele></trkpt><trkpt lat="48.4583600" lon="7.4866200"><ele>181.1</ele></trkpt><trkpt lat="48.4583000" lon="7.4865800"><ele>181.1</ele></trkpt><trkpt lat="48.4582200" lon="7.4865100"><ele>181.2</ele></trkpt><trkpt lat="48.4581300" lon="7.4864200"><ele>181.2</ele></trkpt><trkpt lat="48.4580800" lon="7.4863800"><ele>181.1</ele></trkpt><trkpt lat="48.4580100" lon="7.4863300"><ele>180.9</ele></trkpt><trkpt lat="48.4579000" lon="7.4862600"><ele>180.7</ele></trkpt><trkpt lat="48.4577200" lon="7.4861500"><ele>181.3</ele></trkpt><trkpt lat="48.4576600" lon="7.4861000"><ele>181.7</ele></trkpt><trkpt lat="48.4576300" lon="7.4860700"><ele>182.1</ele></trkpt><trkpt lat="48.4575900" lon="7.4860500"><ele>182.4</ele></trkpt><trkpt lat="48.4575500" lon="7.4860300"><ele>183.2</ele></trkpt><trkpt lat="48.4574500" lon="7.4859800"><ele>183.1</ele></trkpt><trkpt lat="48.4568300" lon="7.4856000"><ele>183.1</ele></trkpt><trkpt lat="48.4560500" lon="7.4851100"><ele>183.2</ele></trkpt><trkpt lat="48.4559600" lon="7.4850000"><ele>183.0</ele></trkpt><trkpt lat="48.4559200" lon="7.4849600"><ele>182.2</ele></trkpt><trkpt lat="48.4553900" lon="7.4853000"><ele>181.6</ele></trkpt><trkpt lat="48.4553000" lon="7.4853600"><ele>181.1</ele></trkpt><trkpt lat="48.4552700" lon="7.4853100"><ele>180.6</ele></trkpt><trkpt lat="48.4552500" lon="7.4852800"><ele>180.4</ele></trkpt><trkpt lat="48.4548200" lon="7.4849600"><ele>180.3</ele></trkpt><trkpt lat="48.4547200" lon="7.4849100"><ele>180.5</ele></trkpt><trkpt lat="48.4546100" lon="7.4848700"><ele>180.6</ele></trkpt><trkpt lat="48.4544700" lon="7.4848300"><ele>180.9</ele></trkpt><trkpt lat="48.4540400" lon="7.4847100"><ele>181.4</ele></trkpt><trkpt lat="48.4535700" lon="7.4845300"><ele>181.9</ele></trkpt><trkpt lat="48.4523900" lon="7.4842600"><ele>182.0</ele></trkpt><trkpt lat="48.4515600" lon="7.4841300"><ele>182.1</ele></trkpt><trkpt lat="48.4512400" lon="7.4840700"><ele>182.1</ele></trkpt><trkpt lat="48.4512400" lon="7.4839800"><ele>181.8</ele></trkpt><trkpt lat="48.4512000" lon="7.4838200"><ele>181.7</ele></trkpt><trkpt lat="48.4511700" lon="7.4835700"><ele>181.9</ele></trkpt><trkpt lat="48.4511800" lon="7.4832900"><ele>182.3</ele></trkpt><trkpt lat="48.4512700" lon="7.4826400"><ele>183.1</ele></trkpt><trkpt lat="48.4515600" lon="7.4813200"><ele>184.2</ele></trkpt><trkpt lat="48.4522100" lon="7.4792500"><ele>185.3</ele></trkpt><trkpt lat="48.4526700" lon="7.4777500"><ele>187.2</ele></trkpt><trkpt lat="48.4527300" lon="7.4775400"><ele>188.7</ele></trkpt><trkpt lat="48.4536100" lon="7.4747600"><ele>190.2</ele></trkpt><trkpt lat="48.4537800" lon="7.4742100"><ele>191.6</ele></trkpt><trkpt lat="48.4538700" lon="7.4738000"><ele>193.5</ele></trkpt><trkpt lat="48.4539400" lon="7.4735300"><ele>195.3</ele></trkpt><trkpt lat="48.4542700" lon="7.4725600"><ele>197.5</ele></trkpt><trkpt lat="48.4547600" lon="7.4711900"><ele>199.9</ele></trkpt><trkpt lat="48.4548900" lon="7.4708800"><ele>202.0</ele></trkpt><trkpt lat="48.4550900" lon="7.4704700"><ele>203.6</ele></trkpt><trkpt lat="48.4551300" lon="7.4703700"><ele>204.4</ele></trkpt><trkpt lat="48.4552000" lon="7.4701900"><ele>205.0</ele></trkpt><trkpt lat="48.4552300" lon="7.4701300"><ele>205.4</ele></trkpt><trkpt lat="48.4552600" lon="7.4701000"><ele>205.7</ele></trkpt><trkpt lat="48.4553600" lon="7.4700500"><ele>205.9</ele></trkpt><trkpt lat="48.4553500" lon="7.4699900"><ele>206.0</ele></trkpt><trkpt lat="48.4553200" lon="7.4699600"><ele>206.1</ele></trkpt><trkpt lat="48.4552300" lon="7.4699000"><ele>206.2</ele></trkpt><trkpt lat="48.4551300" lon="7.4698300"><ele>206.2</ele></trkpt><trkpt lat="48.4549900" lon="7.4697100"><ele>206.3</ele></trkpt><trkpt lat="48.4549500" lon="7.4696200"><ele>206.7</ele></trkpt><trkpt lat="48.4547300" lon="7.4693900"><ele>207.4</ele></trkpt><trkpt lat="48.4546300" lon="7.4693100"><ele>208.0</ele></trkpt><trkpt lat="48.4540300" lon="7.4688200"><ele>208.8</ele></trkpt><trkpt lat="48.4535300" lon="7.4684500"><ele>209.4</ele></trkpt><trkpt lat="48.4534500" lon="7.4684000"><ele>209.8</ele></trkpt><trkpt lat="48.4533700" lon="7.4683700"><ele>211.3</ele></trkpt><trkpt lat="48.4533800" lon="7.4681100"><ele>212.8</ele></trkpt><trkpt lat="48.4534200" lon="7.4668500"><ele>215.1</ele></trkpt><trkpt lat="48.4534200" lon="7.4667300"><ele>217.7</ele></trkpt><trkpt lat="48.4534000" lon="7.4661900"><ele>220.2</ele></trkpt><trkpt lat="48.4534000" lon="7.4658800"><ele>221.7</ele></trkpt><trkpt lat="48.4534000" lon="7.4657800"><ele>223.1</ele></trkpt><trkpt lat="48.4533800" lon="7.4656200"><ele>223.8</ele></trkpt><trkpt lat="48.4533500" lon="7.4654100"><ele>224.5</ele></trkpt><trkpt lat="48.4533000" lon="7.4651700"><ele>224.7</ele></trkpt><trkpt lat="48.4532300" lon="7.4649300"><ele>225.0</ele></trkpt><trkpt lat="48.4531300" lon="7.4646600"><ele>225.1</ele></trkpt><trkpt lat="48.4530100" lon="7.4643800"><ele>225.1</ele></trkpt><trkpt lat="48.4529600" lon="7.4642800"><ele>224.8</ele></trkpt><trkpt lat="48.4528900" lon="7.4641900"><ele>224.9</ele></trkpt><trkpt lat="48.4527200" lon="7.4640100"><ele>224.6</ele></trkpt><trkpt lat="48.4526600" lon="7.4639300"><ele>224.3</ele></trkpt><trkpt lat="48.4526100" lon="7.4638400"><ele>223.9</ele></trkpt><trkpt lat="48.4525600" lon="7.4638700"><ele>223.4</ele></trkpt><trkpt lat="48.4525000" lon="7.4638700"><ele>222.7</ele></trkpt><trkpt lat="48.4523300" lon="7.4637500"><ele>221.9</ele></trkpt><trkpt lat="48.4520700" lon="7.4635500"><ele>221.0</ele></trkpt><trkpt lat="48.4519000" lon="7.4634400"><ele>220.2</ele></trkpt><trkpt lat="48.4517100" lon="7.4633600"><ele>219.4</ele></trkpt><trkpt lat="48.4515500" lon="7.4632600"><ele>219.0</ele></trkpt><trkpt lat="48.4513900" lon="7.4631500"><ele>219.1</ele></trkpt><trkpt lat="48.4513300" lon="7.4630800"><ele>219.1</ele></trkpt><trkpt lat="48.4512000" lon="7.4629500"><ele>219.5</ele></trkpt><trkpt lat="48.4509900" lon="7.4628100"><ele>219.9</ele></trkpt><trkpt lat="48.4507500" lon="7.4626900"><ele>220.1</ele></trkpt><trkpt lat="48.4506300" lon="7.4626300"><ele>219.6</ele></trkpt><trkpt lat="48.4505200" lon="7.4626100"><ele>219.5</ele></trkpt><trkpt lat="48.4503700" lon="7.4625900"><ele>219.3</ele></trkpt><trkpt lat="48.4502900" lon="7.4625700"><ele>218.9</ele></trkpt><trkpt lat="48.4502200" lon="7.4625200"><ele>218.5</ele></trkpt><trkpt lat="48.4501700" lon="7.4625800"><ele>218.4</ele></trkpt><trkpt lat="48.4500900" lon="7.4626900"><ele>218.3</ele></trkpt><trkpt lat="48.4500300" lon="7.4626300"><ele>218.4</ele></trkpt><trkpt lat="48.4499700" lon="7.4626100"><ele>218.4</ele></trkpt><trkpt lat="48.4497600" lon="7.4626300"><ele>218.5</ele></trkpt><trkpt lat="48.4496700" lon="7.4626300"><ele>216.8</ele></trkpt><trkpt lat="48.4496100" lon="7.4626300"><ele>215.3</ele></trkpt><trkpt lat="48.4483800" lon="7.4626500"><ele>212.6</ele></trkpt><trkpt lat="48.4482400" lon="7.4626500"><ele>210.1</ele></trkpt><trkpt lat="48.4474600" lon="7.4626700"><ele>207.5</ele></trkpt><trkpt lat="48.4473900" lon="7.4626700"><ele>206.1</ele></trkpt><trkpt lat="48.4473600" lon="7.4626700"><ele>203.6</ele></trkpt><trkpt lat="48.4465800" lon="7.4626800"><ele>201.8</ele></trkpt><trkpt lat="48.4459100" lon="7.4627000"><ele>199.6</ele></trkpt><trkpt lat="48.4458400" lon="7.4627000"><ele>197.4</ele></trkpt><trkpt lat="48.4453200" lon="7.4627000"><ele>195.7</ele></trkpt><trkpt lat="48.4452100" lon="7.4627100"><ele>195.0</ele></trkpt><trkpt lat="48.4451500" lon="7.4627100"><ele>194.2</ele></trkpt><trkpt lat="48.4451400" lon="7.4627100"><ele>193.9</ele></trkpt><trkpt lat="48.4448600" lon="7.4627000"><ele>193.8</ele></trkpt><trkpt lat="48.4448100" lon="7.4627000"><ele>193.8</ele></trkpt><trkpt lat="48.4446400" lon="7.4627100"><ele>193.7</ele></trkpt><trkpt lat="48.4444500" lon="7.4627900"><ele>193.7</ele></trkpt><trkpt lat="48.4444000" lon="7.4628400"><ele>194.0</ele></trkpt><trkpt lat="48.4441900" lon="7.4631100"><ele>193.9</ele></trkpt><trkpt lat="48.4439600" lon="7.4634600"><ele>193.5</ele></trkpt><trkpt lat="48.4438600" lon="7.4636500"><ele>193.0</ele></trkpt><trkpt lat="48.4434500" lon="7.4646700"><ele>192.4</ele></trkpt><trkpt lat="48.4433700" lon="7.4648600"><ele>191.2</ele></trkpt><trkpt lat="48.4429100" lon="7.4659500"><ele>190.4</ele></trkpt><trkpt lat="48.4426400" lon="7.4665700"><ele>189.7</ele></trkpt><trkpt lat="48.4421600" lon="7.4675000"><ele>189.1</ele></trkpt><trkpt lat="48.4419000" lon="7.4680500"><ele>188.8</ele></trkpt><trkpt lat="48.4417600" lon="7.4683300"><ele>188.7</ele></trkpt><trkpt lat="48.4416300" lon="7.4685200"><ele>188.4</ele></trkpt><trkpt lat="48.4414700" lon="7.4687300"><ele>188.2</ele></trkpt><trkpt lat="48.4413100" lon="7.4688900"><ele>188.0</ele></trkpt><trkpt lat="48.4410400" lon="7.4691000"><ele>187.6</ele></trkpt><trkpt lat="48.4403800" lon="7.4695700"><ele>187.4</ele></trkpt><trkpt lat="48.4402900" lon="7.4696200"><ele>187.2</ele></trkpt><trkpt lat="48.4389600" lon="7.4701300"><ele>186.8</ele></trkpt><trkpt lat="48.4388400" lon="7.4701800"><ele>186.3</ele></trkpt><trkpt lat="48.4386700" lon="7.4702200"><ele>186.1</ele></trkpt><trkpt lat="48.4382100" lon="7.4702900"><ele>185.6</ele></trkpt><trkpt lat="48.4380700" lon="7.4703200"><ele>185.6</ele></trkpt><trkpt lat="48.4379400" lon="7.4703700"><ele>185.6</ele></trkpt><trkpt lat="48.4367200" lon="7.4708400"><ele>185.7</ele></trkpt><trkpt lat="48.4361200" lon="7.4710900"><ele>185.9</ele></trkpt><trkpt lat="48.4360000" lon="7.4711500"><ele>186.1</ele></trkpt><trkpt lat="48.4359400" lon="7.4712100"><ele>186.1</ele></trkpt><trkpt lat="48.4359000" lon="7.4712700"><ele>186.1</ele></trkpt><trkpt lat="48.4358700" lon="7.4713500"><ele>186.0</ele></trkpt><trkpt lat="48.4358500" lon="7.4714200"><ele>185.7</ele></trkpt><trkpt lat="48.4358400" lon="7.4715200"><ele>185.4</ele></trkpt><trkpt lat="48.4358400" lon="7.4716300"><ele>184.4</ele></trkpt><trkpt lat="48.4358600" lon="7.4718500"><ele>183.2</ele></trkpt><trkpt lat="48.4360500" lon="7.4734600"><ele>182.4</ele></trkpt><trkpt lat="48.4360800" lon="7.4736200"><ele>181.2</ele></trkpt><trkpt lat="48.4361200" lon="7.4737800"><ele>180.0</ele></trkpt><trkpt lat="48.4363900" lon="7.4746100"><ele>179.7</ele></trkpt><trkpt lat="48.4364100" lon="7.4747100"><ele>179.4</ele></trkpt><trkpt lat="48.4364200" lon="7.4748300"><ele>179.1</ele></trkpt><trkpt lat="48.4364100" lon="7.4749400"><ele>178.8</ele></trkpt><trkpt lat="48.4363700" lon="7.4750300"><ele>178.5</ele></trkpt><trkpt lat="48.4361100" lon="7.4754200"><ele>178.1</ele></trkpt><trkpt lat="48.4360500" lon="7.4754800"><ele>177.8</ele></trkpt><trkpt lat="48.4359900" lon="7.4755300"><ele>177.4</ele></trkpt><trkpt lat="48.4359300" lon="7.4755600"><ele>176.9</ele></trkpt><trkpt lat="48.4353400" lon="7.4756800"><ele>176.3</ele></trkpt><trkpt lat="48.4347700" lon="7.4758200"><ele>176.0</ele></trkpt><trkpt lat="48.4346400" lon="7.4758500"><ele>175.7</ele></trkpt><trkpt lat="48.4338200" lon="7.4759500"><ele>175.5</ele></trkpt><trkpt lat="48.4336400" lon="7.4759800"><ele>175.6</ele></trkpt><trkpt lat="48.4331100" lon="7.4761600"><ele>175.9</ele></trkpt><trkpt lat="48.4330100" lon="7.4762100"><ele>176.1</ele></trkpt><trkpt lat="48.4329700" lon="7.4762500"><ele>176.4</ele></trkpt><trkpt lat="48.4329200" lon="7.4763200"><ele>176.7</ele></trkpt><trkpt lat="48.4328400" lon="7.4762300"><ele>177.0</ele></trkpt><trkpt lat="48.4327900" lon="7.4761200"><ele>177.7</ele></trkpt><trkpt lat="48.4327400" lon="7.4758700"><ele>178.7</ele></trkpt><trkpt lat="48.4324900" lon="7.4746100"><ele>179.3</ele></trkpt><trkpt lat="48.4323200" lon="7.4746800"><ele>179.9</ele></trkpt><trkpt lat="48.4322000" lon="7.4747400"><ele>180.7</ele></trkpt><trkpt lat="48.4320100" lon="7.4749000"><ele>180.9</ele></trkpt><trkpt lat="48.4317300" lon="7.4751200"><ele>180.6</ele></trkpt><trkpt lat="48.4316100" lon="7.4751900"><ele>180.4</ele></trkpt><trkpt lat="48.4314500" lon="7.4752900"><ele>180.2</ele></trkpt><trkpt lat="48.4311900" lon="7.4753900"><ele>179.8</ele></trkpt><trkpt lat="48.4310200" lon="7.4754400"><ele>179.8</ele></trkpt><trkpt lat="48.4307400" lon="7.4754700"><ele>179.9</ele></trkpt><trkpt lat="48.4300800" lon="7.4755600"><ele>180.1</ele></trkpt><trkpt lat="48.4296000" lon="7.4755900"><ele>180.2</ele></trkpt><trkpt lat="48.4294500" lon="7.4756100"><ele>180.3</ele></trkpt><trkpt lat="48.4292500" lon="7.4756600"><ele>180.0</ele></trkpt><trkpt lat="48.4290000" lon="7.4757100"><ele>180.1</ele></trkpt><trkpt lat="48.4288200" lon="7.4757400"><ele>180.8</ele></trkpt><trkpt lat="48.4286000" lon="7.4757700"><ele>182.7</ele></trkpt><trkpt lat="48.4283500" lon="7.4757800"><ele>185.2</ele></trkpt><trkpt lat="48.4280800" lon="7.4757700"><ele>186.4</ele></trkpt><trkpt lat="48.4279300" lon="7.4757900"><ele>186.2</ele></trkpt><trkpt lat="48.4277400" lon="7.4758300"><ele>185.3</ele></trkpt><trkpt lat="48.4275400" lon="7.4758500"><ele>183.4</ele></trkpt><trkpt lat="48.4274300" lon="7.4758300"><ele>180.9</ele></trkpt><trkpt lat="48.4272600" lon="7.4757900"><ele>179.8</ele></trkpt><trkpt lat="48.4270200" lon="7.4757200"><ele>180.0</ele></trkpt><trkpt lat="48.4269000" lon="7.4757000"><ele>180.4</ele></trkpt><trkpt lat="48.4267900" lon="7.4756900"><ele>181.0</ele></trkpt><trkpt lat="48.4262000" lon="7.4757000"><ele>181.3</ele></trkpt><trkpt lat="48.4261600" lon="7.4758500"><ele>181.8</ele></trkpt><trkpt lat="48.4261300" lon="7.4760900"><ele>182.0</ele></trkpt><trkpt lat="48.4261000" lon="7.4761900"><ele>182.0</ele></trkpt><trkpt lat="48.4260700" lon="7.4762300"><ele>182.0</ele></trkpt><trkpt lat="48.4260200" lon="7.4762700"><ele>182.1</ele></trkpt><trkpt lat="48.4259400" lon="7.4763000"><ele>182.2</ele></trkpt><trkpt lat="48.4258700" lon="7.4763000"><ele>182.0</ele></trkpt><trkpt lat="48.4257000" lon="7.4762900"><ele>181.6</ele></trkpt><trkpt lat="48.4254500" lon="7.4762700"><ele>181.2</ele></trkpt><trkpt lat="48.4252300" lon="7.4762500"><ele>180.8</ele></trkpt><trkpt lat="48.4251000" lon="7.4762200"><ele>180.6</ele></trkpt><trkpt lat="48.4250000" lon="7.4761900"><ele>180.8</ele></trkpt><trkpt lat="48.4245500" lon="7.4760400"><ele>181.2</ele></trkpt><trkpt lat="48.4245200" lon="7.4760300"><ele>181.4</ele></trkpt><trkpt lat="48.4244900" lon="7.4760200"><ele>181.6</ele></trkpt><trkpt lat="48.4239400" lon="7.4758500"><ele>181.4</ele></trkpt><trkpt lat="48.4238900" lon="7.4758200"><ele>181.2</ele></trkpt><trkpt lat="48.4238500" lon="7.4757700"><ele>181.1</ele></trkpt><trkpt lat="48.4238200" lon="7.4757000"><ele>181.3</ele></trkpt><trkpt lat="48.4237500" lon="7.4755400"><ele>181.3</ele></trkpt><trkpt lat="48.4236700" lon="7.4754000"><ele>181.5</ele></trkpt><trkpt lat="48.4233100" lon="7.4748600"><ele>181.6</ele></trkpt><trkpt lat="48.4232200" lon="7.4747400"><ele>181.7</ele></trkpt><trkpt lat="48.4231500" lon="7.4746600"><ele>181.6</ele></trkpt><trkpt lat="48.4230600" lon="7.4745900"><ele>181.6</ele></trkpt><trkpt lat="48.4229600" lon="7.4745300"><ele>181.5</ele></trkpt><trkpt lat="48.4227800" lon="7.4744400"><ele>181.4</ele></trkpt><trkpt lat="48.4227200" lon="7.4744100"><ele>181.3</ele></trkpt><trkpt lat="48.4226300" lon="7.4743900"><ele>181.5</ele></trkpt><trkpt lat="48.4221600" lon="7.4743700"><ele>181.6</ele></trkpt><trkpt lat="48.4215900" lon="7.4743600"><ele>182.1</ele></trkpt><trkpt lat="48.4215400" lon="7.4743500"><ele>182.5</ele></trkpt><trkpt lat="48.4215000" lon="7.4743300"><ele>182.9</ele></trkpt><trkpt lat="48.4213900" lon="7.4742700"><ele>183.0</ele></trkpt><trkpt lat="48.4212300" lon="7.4741900"><ele>183.3</ele></trkpt><trkpt lat="48.4211200" lon="7.4741100"><ele>183.2</ele></trkpt><trkpt lat="48.4209800" lon="7.4739600"><ele>183.5</ele></trkpt><trkpt lat="48.4206800" lon="7.4735700"><ele>184.0</ele></trkpt><trkpt lat="48.4203900" lon="7.4732000"><ele>184.4</ele></trkpt><trkpt lat="48.4202800" lon="7.4731000"><ele>184.8</ele></trkpt><trkpt lat="48.4201600" lon="7.4730100"><ele>185.2</ele></trkpt><trkpt lat="48.4200000" lon="7.4729200"><ele>185.3</ele></trkpt><trkpt lat="48.4198100" lon="7.4728200"><ele>185.2</ele></trkpt><trkpt lat="48.4197000" lon="7.4727400"><ele>185.5</ele></trkpt><trkpt lat="48.4195700" lon="7.4726000"><ele>185.8</ele></trkpt><trkpt lat="48.4191800" lon="7.4721700"><ele>186.1</ele></trkpt><trkpt lat="48.4190000" lon="7.4719400"><ele>186.6</ele></trkpt><trkpt lat="48.4186800" lon="7.4715200"><ele>186.9</ele></trkpt><trkpt lat="48.4184900" lon="7.4713100"><ele>187.0</ele></trkpt><trkpt lat="48.4180200" lon="7.4708400"><ele>187.0</ele></trkpt><trkpt lat="48.4179500" lon="7.4707600"><ele>187.3</ele></trkpt><trkpt lat="48.4178900" lon="7.4706700"><ele>187.4</ele></trkpt><trkpt lat="48.4178400" lon="7.4705500"><ele>187.9</ele></trkpt><trkpt lat="48.4177800" lon="7.4703700"><ele>188.6</ele></trkpt><trkpt lat="48.4175400" lon="7.4694400"><ele>189.1</ele></trkpt><trkpt lat="48.4174800" lon="7.4692500"><ele>190.2</ele></trkpt><trkpt lat="48.4174000" lon="7.4690300"><ele>191.3</ele></trkpt><trkpt lat="48.4167600" lon="7.4674700"><ele>192.1</ele></trkpt><trkpt lat="48.4167000" lon="7.4673600"><ele>192.9</ele></trkpt><trkpt lat="48.4166400" lon="7.4672900"><ele>194.0</ele></trkpt><trkpt lat="48.4165900" lon="7.4672400"><ele>194.1</ele></trkpt><trkpt lat="48.4165000" lon="7.4671800"><ele>194.4</ele></trkpt><trkpt lat="48.4163700" lon="7.4671100"><ele>194.6</ele></trkpt><trkpt lat="48.4161400" lon="7.4669900"><ele>194.9</ele></trkpt><trkpt lat="48.4160200" lon="7.4669300"><ele>195.3</ele></trkpt><trkpt lat="48.4159300" lon="7.4668600"><ele>195.8</ele></trkpt><trkpt lat="48.4158900" lon="7.4667900"><ele>196.1</ele></trkpt><trkpt lat="48.4158400" lon="7.4667300"><ele>196.5</ele></trkpt><trkpt lat="48.4158100" lon="7.4666900"><ele>196.7</ele></trkpt><trkpt lat="48.4158100" lon="7.4666400"><ele>196.5</ele></trkpt><trkpt lat="48.4158000" lon="7.4665900"><ele>196.3</ele></trkpt><trkpt lat="48.4157800" lon="7.4665400"><ele>196.1</ele></trkpt><trkpt lat="48.4157600" lon="7.4665100"><ele>196.0</ele></trkpt><trkpt lat="48.4157300" lon="7.4665000"><ele>196.2</ele></trkpt><trkpt lat="48.4157000" lon="7.4665000"><ele>196.5</ele></trkpt><trkpt lat="48.4156700" lon="7.4665100"><ele>196.7</ele></trkpt><trkpt lat="48.4156400" lon="7.4665400"><ele>197.0</ele></trkpt><trkpt lat="48.4156200" lon="7.4665700"><ele>197.3</ele></trkpt><trkpt lat="48.4156100" lon="7.4666000"><ele>197.2</ele></trkpt><trkpt lat="48.4155100" lon="7.4666400"><ele>197.1</ele></trkpt><trkpt lat="48.4153400" lon="7.4666400"><ele>197.1</ele></trkpt><trkpt lat="48.4152100" lon="7.4666500"><ele>197.1</ele></trkpt><trkpt lat="48.4148100" lon="7.4666700"><ele>197.1</ele></trkpt><trkpt lat="48.4147700" lon="7.4666700"><ele>196.6</ele></trkpt><trkpt lat="48.4147000" lon="7.4666800"><ele>195.3</ele></trkpt><trkpt lat="48.4141300" lon="7.4667200"><ele>194.0</ele></trkpt><trkpt lat="48.4135500" lon="7.4667700"><ele>192.5</ele></trkpt><trkpt lat="48.4134800" lon="7.4667800"><ele>191.1</ele></trkpt><trkpt lat="48.4134500" lon="7.4667900"><ele>190.3</ele></trkpt><trkpt lat="48.4134200" lon="7.4667900"><ele>190.3</ele></trkpt><trkpt lat="48.4134200" lon="7.4668000"><ele>190.0</ele></trkpt><trkpt lat="48.4133200" lon="7.4668200"><ele>189.3</ele></trkpt><trkpt lat="48.4129000" lon="7.4669200"><ele>188.6</ele></trkpt><trkpt lat="48.4124900" lon="7.4670000"><ele>188.0</ele></trkpt><trkpt lat="48.4124100" lon="7.4670300"><ele>187.0</ele></trkpt><trkpt lat="48.4123500" lon="7.4670500"><ele>186.0</ele></trkpt><trkpt lat="48.4122400" lon="7.4671000"><ele>185.5</ele></trkpt><trkpt lat="48.4119800" lon="7.4672300"><ele>184.8</ele></trkpt><trkpt lat="48.4115600" lon="7.4674500"><ele>184.1</ele></trkpt><trkpt lat="48.4114600" lon="7.4675300"><ele>183.4</ele></trkpt><trkpt lat="48.4114300" lon="7.4675400"><ele>183.3</ele></trkpt><trkpt lat="48.4112500" lon="7.4675600"><ele>183.2</ele></trkpt><trkpt lat="48.4111600" lon="7.4675800"><ele>183.2</ele></trkpt><trkpt lat="48.4110800" lon="7.4675900"><ele>183.0</ele></trkpt><trkpt lat="48.4110600" lon="7.4674800"><ele>183.2</ele></trkpt><trkpt lat="48.4110200" lon="7.4673600"><ele>183.2</ele></trkpt><trkpt lat="48.4109400" lon="7.4671900"><ele>183.2</ele></trkpt><trkpt lat="48.4109200" lon="7.4671600"><ele>183.3</ele></trkpt><trkpt lat="48.4108400" lon="7.4670000"><ele>183.6</ele></trkpt><trkpt lat="48.4107700" lon="7.4669100"><ele>183.6</ele></trkpt><trkpt lat="48.4106800" lon="7.4668100"><ele>183.6</ele></trkpt><trkpt lat="48.4105600" lon="7.4667200"><ele>184.3</ele></trkpt><trkpt lat="48.4104600" lon="7.4666600"><ele>184.9</ele></trkpt><trkpt lat="48.4100900" lon="7.4664200"><ele>185.7</ele></trkpt><trkpt lat="48.4100600" lon="7.4664000"><ele>186.4</ele></trkpt><trkpt lat="48.4100000" lon="7.4663500"><ele>187.2</ele></trkpt><trkpt lat="48.4099500" lon="7.4663100"><ele>187.2</ele></trkpt><trkpt lat="48.4099200" lon="7.4662700"><ele>187.2</ele></trkpt><trkpt lat="48.4098900" lon="7.4662300"><ele>187.4</ele></trkpt><trkpt lat="48.4098200" lon="7.4660400"><ele>187.5</ele></trkpt><trkpt lat="48.4097500" lon="7.4658700"><ele>187.6</ele></trkpt><trkpt lat="48.4096200" lon="7.4654800"><ele>188.1</ele></trkpt><trkpt lat="48.4095500" lon="7.4652600"><ele>188.5</ele></trkpt><trkpt lat="48.4095200" lon="7.4651700"><ele>188.6</ele></trkpt><trkpt lat="48.4094700" lon="7.4650800"><ele>188.6</ele></trkpt><trkpt lat="48.4094500" lon="7.4650400"><ele>189.4</ele></trkpt><trkpt lat="48.4094100" lon="7.4649700"><ele>189.7</ele></trkpt><trkpt lat="48.4092300" lon="7.4647000"><ele>190.1</ele></trkpt><trkpt lat="48.4091800" lon="7.4646400"><ele>190.4</ele></trkpt><trkpt lat="48.4091200" lon="7.4645700"><ele>191.2</ele></trkpt><trkpt lat="48.4090600" lon="7.4645000"><ele>191.0</ele></trkpt><trkpt lat="48.4089700" lon="7.4643800"><ele>191.0</ele></trkpt><trkpt lat="48.4089100" lon="7.4642800"><ele>191.1</ele></trkpt><trkpt lat="48.4088800" lon="7.4642100"><ele>191.4</ele></trkpt><trkpt lat="48.4088300" lon="7.4641100"><ele>191.4</ele></trkpt><trkpt lat="48.4087900" lon="7.4640200"><ele>191.4</ele></trkpt><trkpt lat="48.4087700" lon="7.4639400"><ele>191.7</ele></trkpt><trkpt lat="48.4087500" lon="7.4638700"><ele>191.9</ele></trkpt><trkpt lat="48.4087400" lon="7.4637900"><ele>191.9</ele></trkpt><trkpt lat="48.4087300" lon="7.4636800"><ele>192.0</ele></trkpt><trkpt lat="48.4087200" lon="7.4635400"><ele>192.7</ele></trkpt><trkpt lat="48.4087000" lon="7.4632200"><ele>193.0</ele></trkpt><trkpt lat="48.4086500" lon="7.4620600"><ele>193.3</ele></trkpt><trkpt lat="48.4085700" lon="7.4612900"><ele>194.0</ele></trkpt><trkpt lat="48.4085200" lon="7.4609100"><ele>194.7</ele></trkpt><trkpt lat="48.4084000" lon="7.4600500"><ele>195.0</ele></trkpt><trkpt lat="48.4083100" lon="7.4594100"><ele>195.7</ele></trkpt><trkpt lat="48.4080800" lon="7.4583800"><ele>196.1</ele></trkpt><trkpt lat="48.4080100" lon="7.4580800"><ele>196.2</ele></trkpt><trkpt lat="48.4079700" lon="7.4579300"><ele>196.3</ele></trkpt><trkpt lat="48.4079500" lon="7.4578100"><ele>196.7</ele></trkpt><trkpt lat="48.4079300" lon="7.4576100"><ele>196.6</ele></trkpt><trkpt lat="48.4079100" lon="7.4574600"><ele>196.7</ele></trkpt><trkpt lat="48.4078900" lon="7.4573400"><ele>197.1</ele></trkpt><trkpt lat="48.4078900" lon="7.4572800"><ele>197.4</ele></trkpt><trkpt lat="48.4078900" lon="7.4571700"><ele>197.4</ele></trkpt><trkpt lat="48.4078900" lon="7.4570600"><ele>197.7</ele></trkpt><trkpt lat="48.4078900" lon="7.4569400"><ele>197.7</ele></trkpt><trkpt lat="48.4079100" lon="7.4568000"><ele>197.3</ele></trkpt><trkpt lat="48.4079200" lon="7.4567100"><ele>197.0</ele></trkpt><trkpt lat="48.4079400" lon="7.4566400"><ele>196.7</ele></trkpt><trkpt lat="48.4079700" lon="7.4566500"><ele>196.2</ele></trkpt><trkpt lat="48.4080000" lon="7.4566300"><ele>196.1</ele></trkpt><trkpt lat="48.4080200" lon="7.4566000"><ele>196.0</ele></trkpt><trkpt lat="48.4080300" lon="7.4565500"><ele>195.9</ele></trkpt><trkpt lat="48.4081400" lon="7.4566300"><ele>195.8</ele></trkpt><trkpt lat="48.4081600" lon="7.4566400"><ele>195.6</ele></trkpt><trkpt lat="48.4082800" lon="7.4567200"><ele>195.6</ele></trkpt><trkpt lat="48.4083400" lon="7.4567700"><ele>195.5</ele></trkpt><trkpt lat="48.4083900" lon="7.4568000"><ele>195.4</ele></trkpt><trkpt lat="48.4084400" lon="7.4568400"><ele>195.6</ele></trkpt><trkpt lat="48.4084700" lon="7.4568700"><ele>195.3</ele></trkpt><trkpt lat="48.4085900" lon="7.4569600"><ele>194.9</ele></trkpt><trkpt lat="48.4092000" lon="7.4574400"><ele>194.9</ele></trkpt><trkpt lat="48.4098400" lon="7.4579300"><ele>195.3</ele></trkpt><trkpt lat="48.4100400" lon="7.4580900"><ele>195.2</ele></trkpt><trkpt lat="48.4101800" lon="7.4582000"><ele>195.0</ele></trkpt><trkpt lat="48.4103000" lon="7.4582300"><ele>194.8</ele></trkpt><trkpt lat="48.4103300" lon="7.4580000"><ele>194.1</ele></trkpt><trkpt lat="48.4103600" lon="7.4576400"><ele>193.0</ele></trkpt><trkpt lat="48.4103700" lon="7.4576100"><ele>192.8</ele></trkpt><trkpt lat="48.4103900" lon="7.4573600"><ele>193.4</ele></trkpt><trkpt lat="48.4104600" lon="7.4567000"><ele>194.2</ele></trkpt><trkpt lat="48.4105300" lon="7.4559000"><ele>196.0</ele></trkpt><trkpt lat="48.4105400" lon="7.4557900"><ele>196.3</ele></trkpt><trkpt lat="48.4105500" lon="7.4556900"><ele>196.5</ele></trkpt><trkpt lat="48.4105500" lon="7.4555700"><ele>196.7</ele></trkpt><trkpt lat="48.4105200" lon="7.4555000"><ele>196.9</ele></trkpt><trkpt lat="48.4105600" lon="7.4554700"><ele>197.1</ele></trkpt><trkpt lat="48.4105700" lon="7.4554300"><ele>197.2</ele></trkpt><trkpt lat="48.4105900" lon="7.4552600"><ele>197.6</ele></trkpt><trkpt lat="48.4106400" lon="7.4546100"><ele>198.3</ele></trkpt><trkpt lat="48.4106500" lon="7.4545200"><ele>199.1</ele></trkpt><trkpt lat="48.4106600" lon="7.4544300"><ele>200.4</ele></trkpt><trkpt lat="48.4106700" lon="7.4542900"><ele>201.1</ele></trkpt><trkpt lat="48.4107100" lon="7.4537800"><ele>202.2</ele></trkpt><trkpt lat="48.4107400" lon="7.4535900"><ele>203.4</ele></trkpt><trkpt lat="48.4107700" lon="7.4534500"><ele>204.6</ele></trkpt><trkpt lat="48.4108300" lon="7.4532800"><ele>205.2</ele></trkpt><trkpt lat="48.4108800" lon="7.4531700"><ele>207.0</ele></trkpt><trkpt lat="48.4109100" lon="7.4530900"><ele>208.3</ele></trkpt><trkpt lat="48.4109400" lon="7.4530100"><ele>209.4</ele></trkpt><trkpt lat="48.4109500" lon="7.4529500"><ele>210.1</ele></trkpt><trkpt lat="48.4109400" lon="7.4528800"><ele>211.1</ele></trkpt><trkpt lat="48.4108900" lon="7.4527400"><ele>211.0</ele></trkpt><trkpt lat="48.4108300" lon="7.4525800"><ele>210.7</ele></trkpt><trkpt lat="48.4107100" lon="7.4523300"><ele>210.3</ele></trkpt><trkpt lat="48.4106900" lon="7.4522600"><ele>210.5</ele></trkpt><trkpt lat="48.4106800" lon="7.4521900"><ele>210.1</ele></trkpt><trkpt lat="48.4107000" lon="7.4521200"><ele>209.8</ele></trkpt><trkpt lat="48.4106100" lon="7.4520400"><ele>209.6</ele></trkpt><trkpt lat="48.4105200" lon="7.4519200"><ele>209.8</ele></trkpt><trkpt lat="48.4103800" lon="7.4516500"><ele>210.3</ele></trkpt><trkpt lat="48.4101500" lon="7.4512000"><ele>211.0</ele></trkpt><trkpt lat="48.4100900" lon="7.4510600"><ele>211.8</ele></trkpt><trkpt lat="48.4100500" lon="7.4510000"><ele>212.8</ele></trkpt><trkpt lat="48.4098400" lon="7.4507400"><ele>213.4</ele></trkpt><trkpt lat="48.4095500" lon="7.4504300"><ele>213.1</ele></trkpt><trkpt lat="48.4093400" lon="7.4501800"><ele>212.9</ele></trkpt><trkpt lat="48.4092100" lon="7.4499300"><ele>212.5</ele></trkpt><trkpt lat="48.4091600" lon="7.4498900"><ele>211.9</ele></trkpt><trkpt lat="48.4091000" lon="7.4498600"><ele>211.5</ele></trkpt><trkpt lat="48.4088800" lon="7.4497700"><ele>211.1</ele></trkpt><trkpt lat="48.4088600" lon="7.4497500"><ele>210.7</ele></trkpt><trkpt lat="48.4086600" lon="7.4496600"><ele>210.4</ele></trkpt><trkpt lat="48.4086400" lon="7.4496200"><ele>210.3</ele></trkpt><trkpt lat="48.4084900" lon="7.4491100"><ele>210.2</ele></trkpt><trkpt lat="48.4084400" lon="7.4488100"><ele>209.9</ele></trkpt><trkpt lat="48.4084000" lon="7.4487800"><ele>209.9</ele></trkpt><trkpt lat="48.4080000" lon="7.4487400"><ele>209.5</ele></trkpt><trkpt lat="48.4078500" lon="7.4487200"><ele>208.8</ele></trkpt><trkpt lat="48.4077500" lon="7.4487400"><ele>208.7</ele></trkpt><trkpt lat="48.4073700" lon="7.4488900"><ele>209.0</ele></trkpt><trkpt lat="48.4073300" lon="7.4490400"><ele>209.1</ele></trkpt><trkpt lat="48.4072900" lon="7.4491200"><ele>209.4</ele></trkpt><trkpt lat="48.4070700" lon="7.4493500"><ele>210.1</ele></trkpt><trkpt lat="48.4070100" lon="7.4493800"><ele>210.0</ele></trkpt><trkpt lat="48.4069600" lon="7.4493700"><ele>210.0</ele></trkpt><trkpt lat="48.4069300" lon="7.4493500"><ele>210.2</ele></trkpt><trkpt lat="48.4068600" lon="7.4493100"><ele>210.4</ele></trkpt><trkpt lat="48.4067900" lon="7.4492900"><ele>210.7</ele></trkpt><trkpt lat="48.4066000" lon="7.4492800"><ele>211.5</ele></trkpt><trkpt lat="48.4062600" lon="7.4492200"><ele>212.3</ele></trkpt><trkpt lat="48.4059300" lon="7.4491500"><ele>212.7</ele></trkpt><trkpt lat="48.4058100" lon="7.4491200"><ele>213.1</ele></trkpt><trkpt lat="48.4057600" lon="7.4491000"><ele>213.9</ele></trkpt><trkpt lat="48.4057200" lon="7.4490900"><ele>214.1</ele></trkpt><trkpt lat="48.4056600" lon="7.4490500"><ele>214.4</ele></trkpt><trkpt lat="48.4056300" lon="7.4490900"><ele>215.1</ele></trkpt><trkpt lat="48.4055900" lon="7.4491600"><ele>216.6</ele></trkpt><trkpt lat="48.4049600" lon="7.4493900"><ele>218.7</ele></trkpt><trkpt lat="48.4044000" lon="7.4495000"><ele>221.7</ele></trkpt><trkpt lat="48.4038800" lon="7.4495900"><ele>225.2</ele></trkpt><trkpt lat="48.4030500" lon="7.4496500"><ele>228.4</ele></trkpt><trkpt lat="48.4026100" lon="7.4496700"><ele>230.2</ele></trkpt><trkpt lat="48.4025700" lon="7.4496700"><ele>231.0</ele></trkpt><trkpt lat="48.4021300" lon="7.4496600"><ele>229.7</ele></trkpt><trkpt lat="48.4019500" lon="7.4496600"><ele>227.6</ele></trkpt><trkpt lat="48.4011100" lon="7.4495400"><ele>225.7</ele></trkpt><trkpt lat="48.4007600" lon="7.4494300"><ele>224.3</ele></trkpt><trkpt lat="48.4002600" lon="7.4493100"><ele>223.0</ele></trkpt><trkpt lat="48.4001700" lon="7.4492800"><ele>223.0</ele></trkpt><trkpt lat="48.4000900" lon="7.4492100"><ele>223.3</ele></trkpt><trkpt lat="48.3998000" lon="7.4488200"><ele>223.6</ele></trkpt><trkpt lat="48.3995500" lon="7.4485400"><ele>223.6</ele></trkpt><trkpt lat="48.3994200" lon="7.4483900"><ele>223.4</ele></trkpt><trkpt lat="48.3990800" lon="7.4480800"><ele>222.3</ele></trkpt><trkpt lat="48.3984400" lon="7.4475200"><ele>221.4</ele></trkpt><trkpt lat="48.3979200" lon="7.4471300"><ele>220.6</ele></trkpt><trkpt lat="48.3977900" lon="7.4469600"><ele>220.0</ele></trkpt><trkpt lat="48.3976400" lon="7.4467100"><ele>220.2</ele></trkpt><trkpt lat="48.3974600" lon="7.4463100"><ele>220.9</ele></trkpt><trkpt lat="48.3971500" lon="7.4457800"><ele>221.4</ele></trkpt><trkpt lat="48.3970600" lon="7.4456700"><ele>221.9</ele></trkpt><trkpt lat="48.3969600" lon="7.4455700"><ele>222.1</ele></trkpt><trkpt lat="48.3968600" lon="7.4455100"><ele>222.3</ele></trkpt><trkpt lat="48.3965500" lon="7.4453600"><ele>222.1</ele></trkpt><trkpt lat="48.3964000" lon="7.4453000"><ele>222.0</ele></trkpt><trkpt lat="48.3963000" lon="7.4452800"><ele>222.4</ele></trkpt><trkpt lat="48.3962600" lon="7.4452800"><ele>223.9</ele></trkpt><trkpt lat="48.3961100" lon="7.4453100"><ele>225.4</ele></trkpt><trkpt lat="48.3959200" lon="7.4453500"><ele>226.3</ele></trkpt><trkpt lat="48.3956600" lon="7.4453700"><ele>227.9</ele></trkpt><trkpt lat="48.3954600" lon="7.4453600"><ele>228.5</ele></trkpt><trkpt lat="48.3952600" lon="7.4453300"><ele>228.0</ele></trkpt><trkpt lat="48.3950000" lon="7.4452600"><ele>227.7</ele></trkpt><trkpt lat="48.3950500" lon="7.4450400"><ele>228.5</ele></trkpt><trkpt lat="48.3951200" lon="7.4448400"><ele>228.9</ele></trkpt><trkpt lat="48.3952800" lon="7.4446200"><ele>229.7</ele></trkpt><trkpt lat="48.3953400" lon="7.4444800"><ele>231.6</ele></trkpt><trkpt lat="48.3955600" lon="7.4438400"><ele>233.2</ele></trkpt><trkpt lat="48.3957200" lon="7.4434000"><ele>234.5</ele></trkpt><trkpt lat="48.3957800" lon="7.4432200"><ele>236.3</ele></trkpt><trkpt lat="48.3958600" lon="7.4429400"><ele>237.9</ele></trkpt><trkpt lat="48.3960300" lon="7.4423700"><ele>239.0</ele></trkpt><trkpt lat="48.3961100" lon="7.4420600"><ele>239.2</ele></trkpt><trkpt lat="48.3961500" lon="7.4418300"><ele>239.5</ele></trkpt><trkpt lat="48.3961800" lon="7.4416800"><ele>239.7</ele></trkpt><trkpt lat="48.3961900" lon="7.4415700"><ele>240.3</ele></trkpt><trkpt lat="48.3962600" lon="7.4412500"><ele>240.2</ele></trkpt><trkpt lat="48.3962900" lon="7.4410200"><ele>240.3</ele></trkpt><trkpt lat="48.3963000" lon="7.4407100"><ele>240.3</ele></trkpt><trkpt lat="48.3963000" lon="7.4404700"><ele>239.1</ele></trkpt><trkpt lat="48.3962900" lon="7.4402100"><ele>238.0</ele></trkpt><trkpt lat="48.3962800" lon="7.4400200"><ele>237.0</ele></trkpt><trkpt lat="48.3962800" lon="7.4397900"><ele>236.3</ele></trkpt><trkpt lat="48.3963100" lon="7.4395700"><ele>234.8</ele></trkpt><trkpt lat="48.3963700" lon="7.4394300"><ele>234.8</ele></trkpt><trkpt lat="48.3964800" lon="7.4392100"><ele>233.8</ele></trkpt><trkpt lat="48.3967400" lon="7.4389100"><ele>233.8</ele></trkpt><trkpt lat="48.3968000" lon="7.4388200"><ele>233.5</ele></trkpt><trkpt lat="48.3968600" lon="7.4387200"><ele>234.8</ele></trkpt><trkpt lat="48.3970200" lon="7.4383700"><ele>236.2</ele></trkpt><trkpt lat="48.3973000" lon="7.4376700"><ele>238.1</ele></trkpt><trkpt lat="48.3971900" lon="7.4375800"><ele>239.5</ele></trkpt><trkpt lat="48.3970300" lon="7.4374100"><ele>241.4</ele></trkpt><trkpt lat="48.3969300" lon="7.4372800"><ele>242.1</ele></trkpt><trkpt lat="48.3968400" lon="7.4371400"><ele>242.1</ele></trkpt><trkpt lat="48.3966600" lon="7.4368200"><ele>242.3</ele></trkpt><trkpt lat="48.3965400" lon="7.4365900"><ele>242.7</ele></trkpt><trkpt lat="48.3964500" lon="7.4363600"><ele>243.1</ele></trkpt><trkpt lat="48.3963800" lon="7.4361700"><ele>243.5</ele></trkpt><trkpt lat="48.3962800" lon="7.4358800"><ele>244.0</ele></trkpt><trkpt lat="48.3962300" lon="7.4357300"><ele>244.2</ele></trkpt><trkpt lat="48.3961600" lon="7.4355700"><ele>243.8</ele></trkpt><trkpt lat="48.3960300" lon="7.4353300"><ele>243.0</ele></trkpt><trkpt lat="48.3959100" lon="7.4351500"><ele>242.3</ele></trkpt><trkpt lat="48.3958200" lon="7.4350300"><ele>241.1</ele></trkpt><trkpt lat="48.3957500" lon="7.4349400"><ele>239.2</ele></trkpt><trkpt lat="48.3954300" lon="7.4345200"><ele>237.8</ele></trkpt><trkpt lat="48.3952200" lon="7.4342200"><ele>236.6</ele></trkpt><trkpt lat="48.3950900" lon="7.4340400"><ele>235.2</ele></trkpt><trkpt lat="48.3950300" lon="7.4339600"><ele>234.3</ele></trkpt><trkpt lat="48.3949500" lon="7.4338900"><ele>234.4</ele></trkpt><trkpt lat="48.3948700" lon="7.4338400"><ele>234.3</ele></trkpt><trkpt lat="48.3946800" lon="7.4337400"><ele>234.1</ele></trkpt><trkpt lat="48.3944700" lon="7.4336300"><ele>233.9</ele></trkpt><trkpt lat="48.3941700" lon="7.4334400"><ele>233.9</ele></trkpt><trkpt lat="48.3936600" lon="7.4330600"><ele>233.5</ele></trkpt><trkpt lat="48.3935400" lon="7.4329600"><ele>233.3</ele></trkpt><trkpt lat="48.3934400" lon="7.4328700"><ele>233.1</ele></trkpt><trkpt lat="48.3933500" lon="7.4327700"><ele>233.7</ele></trkpt><trkpt lat="48.3929700" lon="7.4322900"><ele>234.1</ele></trkpt><trkpt lat="48.3927900" lon="7.4320600"><ele>234.9</ele></trkpt><trkpt lat="48.3927000" lon="7.4319500"><ele>235.5</ele></trkpt><trkpt lat="48.3926000" lon="7.4318500"><ele>236.8</ele></trkpt><trkpt lat="48.3924500" lon="7.4317300"><ele>237.2</ele></trkpt><trkpt lat="48.3922100" lon="7.4315600"><ele>237.9</ele></trkpt><trkpt lat="48.3921300" lon="7.4314900"><ele>238.9</ele></trkpt><trkpt lat="48.3919600" lon="7.4313300"><ele>239.9</ele></trkpt><trkpt lat="48.3918000" lon="7.4311500"><ele>240.5</ele></trkpt><trkpt lat="48.3916200" lon="7.4309700"><ele>241.1</ele></trkpt><trkpt lat="48.3913600" lon="7.4307200"><ele>241.7</ele></trkpt><trkpt lat="48.3912600" lon="7.4306100"><ele>241.9</ele></trkpt><trkpt lat="48.3911500" lon="7.4304800"><ele>242.4</ele></trkpt><trkpt lat="48.3910000" lon="7.4302800"><ele>242.6</ele></trkpt><trkpt lat="48.3908500" lon="7.4300400"><ele>243.1</ele></trkpt><trkpt lat="48.3907400" lon="7.4298600"><ele>243.3</ele></trkpt><trkpt lat="48.3906500" lon="7.4297000"><ele>243.4</ele></trkpt><trkpt lat="48.3905600" lon="7.4295200"><ele>243.2</ele></trkpt><trkpt lat="48.3902300" lon="7.4288200"><ele>242.6</ele></trkpt><trkpt lat="48.3901600" lon="7.4286700"><ele>241.9</ele></trkpt><trkpt lat="48.3901300" lon="7.4286300"><ele>241.3</ele></trkpt><trkpt lat="48.3901100" lon="7.4286300"><ele>240.6</ele></trkpt><trkpt lat="48.3901100" lon="7.4286200"><ele>240.1</ele></trkpt><trkpt lat="48.3900700" lon="7.4286100"><ele>240.3</ele></trkpt><trkpt lat="48.3900400" lon="7.4283600"><ele>240.7</ele></trkpt><trkpt lat="48.3900200" lon="7.4282300"><ele>241.0</ele></trkpt><trkpt lat="48.3900100" lon="7.4281700"><ele>241.6</ele></trkpt><trkpt lat="48.3900000" lon="7.4281300"><ele>242.1</ele></trkpt><trkpt lat="48.3899800" lon="7.4279900"><ele>241.9</ele></trkpt><trkpt lat="48.3899200" lon="7.4277400"><ele>242.1</ele></trkpt><trkpt lat="48.3898400" lon="7.4274900"><ele>241.7</ele></trkpt><trkpt lat="48.3897200" lon="7.4271700"><ele>241.2</ele></trkpt><trkpt lat="48.3895600" lon="7.4267800"><ele>241.0</ele></trkpt><trkpt lat="48.3894900" lon="7.4266100"><ele>240.4</ele></trkpt><trkpt lat="48.3894400" lon="7.4264300"><ele>240.0</ele></trkpt><trkpt lat="48.3892900" lon="7.4257900"><ele>239.2</ele></trkpt><trkpt lat="48.3891600" lon="7.4252300"><ele>238.4</ele></trkpt><trkpt lat="48.3889900" lon="7.4244900"><ele>237.4</ele></trkpt><trkpt lat="48.3889000" lon="7.4241200"><ele>236.4</ele></trkpt><trkpt lat="48.3887900" lon="7.4237300"><ele>235.0</ele></trkpt><trkpt lat="48.3884700" lon="7.4226700"><ele>234.4</ele></trkpt><trkpt lat="48.3882900" lon="7.4221700"><ele>233.7</ele></trkpt><trkpt lat="48.3882700" lon="7.4221000"><ele>233.1</ele></trkpt><trkpt lat="48.3881900" lon="7.4219200"><ele>233.2</ele></trkpt><trkpt lat="48.3880100" lon="7.4214100"><ele>232.9</ele></trkpt><trkpt lat="48.3878300" lon="7.4209300"><ele>232.7</ele></trkpt><trkpt lat="48.3877600" lon="7.4207500"><ele>231.9</ele></trkpt><trkpt lat="48.3876700" lon="7.4205600"><ele>231.1</ele></trkpt><trkpt lat="48.3875800" lon="7.4204100"><ele>230.6</ele></trkpt><trkpt lat="48.3875200" lon="7.4203100"><ele>230.4</ele></trkpt><trkpt lat="48.3874600" lon="7.4202300"><ele>229.3</ele></trkpt><trkpt lat="48.3874000" lon="7.4201600"><ele>228.8</ele></trkpt><trkpt lat="48.3870100" lon="7.4197200"><ele>228.1</ele></trkpt><trkpt lat="48.3869200" lon="7.4196000"><ele>227.8</ele></trkpt><trkpt lat="48.3868300" lon="7.4195000"><ele>227.5</ele></trkpt><trkpt lat="48.3867600" lon="7.4194300"><ele>227.2</ele></trkpt><trkpt lat="48.3866600" lon="7.4193400"><ele>226.9</ele></trkpt><trkpt lat="48.3865300" lon="7.4192100"><ele>226.5</ele></trkpt><trkpt lat="48.3864000" lon="7.4190800"><ele>226.0</ele></trkpt><trkpt lat="48.3862900" lon="7.4189500"><ele>226.3</ele></trkpt><trkpt lat="48.3862500" lon="7.4189100"><ele>226.8</ele></trkpt><trkpt lat="48.3862000" lon="7.4188100"><ele>227.1</ele></trkpt><trkpt lat="48.3861200" lon="7.4186000"><ele>227.8</ele></trkpt><trkpt lat="48.3861000" lon="7.4185200"><ele>228.0</ele></trkpt><trkpt lat="48.3860900" lon="7.4183600"><ele>228.5</ele></trkpt><trkpt lat="48.3860900" lon="7.4182100"><ele>228.5</ele></trkpt><trkpt lat="48.3860900" lon="7.4180000"><ele>228.6</ele></trkpt><trkpt lat="48.3860400" lon="7.4179000"><ele>228.6</ele></trkpt><trkpt lat="48.3859700" lon="7.4177700"><ele>228.7</ele></trkpt><trkpt lat="48.3858600" lon="7.4175900"><ele>228.6</ele></trkpt><trkpt lat="48.3856700" lon="7.4174000"><ele>228.7</ele></trkpt><trkpt lat="48.3856400" lon="7.4173900"><ele>228.7</ele></trkpt><trkpt lat="48.3855100" lon="7.4173200"><ele>229.0</ele></trkpt><trkpt lat="48.3854900" lon="7.4173200"><ele>229.1</ele></trkpt><trkpt lat="48.3852800" lon="7.4172600"><ele>229.2</ele></trkpt><trkpt lat="48.3851900" lon="7.4172200"><ele>229.8</ele></trkpt><trkpt lat="48.3851600" lon="7.4172100"><ele>231.0</ele></trkpt><trkpt lat="48.3851300" lon="7.4171900"><ele>231.8</ele></trkpt><trkpt lat="48.3850200" lon="7.4170700"><ele>234.0</ele></trkpt><trkpt lat="48.3849400" lon="7.4170100"><ele>236.2</ele></trkpt><trkpt lat="48.3848600" lon="7.4169800"><ele>238.3</ele></trkpt><trkpt lat="48.3848000" lon="7.4170000"><ele>238.3</ele></trkpt><trkpt lat="48.3847200" lon="7.4170700"><ele>238.6</ele></trkpt><trkpt lat="48.3846400" lon="7.4172100"><ele>237.6</ele></trkpt><trkpt lat="48.3843600" lon="7.4177000"><ele>238.4</ele></trkpt><trkpt lat="48.3843500" lon="7.4177200"><ele>239.3</ele></trkpt><trkpt lat="48.3842400" lon="7.4178600"><ele>239.5</ele></trkpt><trkpt lat="48.3839200" lon="7.4182700"><ele>242.5</ele></trkpt><trkpt lat="48.3838500" lon="7.4184200"><ele>248.4</ele></trkpt><trkpt lat="48.3835700" lon="7.4191200"><ele>246.2</ele></trkpt><trkpt lat="48.3833600" lon="7.4199600"><ele>245.7</ele></trkpt><trkpt lat="48.3832200" lon="7.4206000"><ele>244.0</ele></trkpt><trkpt lat="48.3830700" lon="7.4211800"><ele>240.5</ele></trkpt><trkpt lat="48.3829200" lon="7.4217300"><ele>233.8</ele></trkpt><trkpt lat="48.3828300" lon="7.4221000"><ele>234.1</ele></trkpt><trkpt lat="48.3828200" lon="7.4222000"><ele>231.5</ele></trkpt><trkpt lat="48.3827900" lon="7.4224200"><ele>233.2</ele></trkpt><trkpt lat="48.3827900" lon="7.4225300"><ele>233.1</ele></trkpt><trkpt lat="48.3827700" lon="7.4227900"><ele>233.7</ele></trkpt><trkpt lat="48.3827300" lon="7.4230800"><ele>234.5</ele></trkpt><trkpt lat="48.3826500" lon="7.4232800"><ele>237.8</ele></trkpt><trkpt lat="48.3824200" lon="7.4235400"><ele>239.5</ele></trkpt><trkpt lat="48.3823100" lon="7.4237200"><ele>242.5</ele></trkpt><trkpt lat="48.3822200" lon="7.4239200"><ele>245.5</ele></trkpt><trkpt lat="48.3821700" lon="7.4241300"><ele>249.2</ele></trkpt><trkpt lat="48.3819100" lon="7.4260300"><ele>250.4</ele></trkpt><trkpt lat="48.3817900" lon="7.4265500"><ele>252.3</ele></trkpt><trkpt lat="48.3817600" lon="7.4267800"><ele>253.3</ele></trkpt><trkpt lat="48.3817600" lon="7.4273300"><ele>254.1</ele></trkpt><trkpt lat="48.3817100" lon="7.4293500"><ele>253.4</ele></trkpt><trkpt lat="48.3817000" lon="7.4294800"><ele>253.2</ele></trkpt><trkpt lat="48.3816500" lon="7.4295800"><ele>252.9</ele></trkpt><trkpt lat="48.3815700" lon="7.4296200"><ele>252.8</ele></trkpt><trkpt lat="48.3814400" lon="7.4296600"><ele>252.7</ele></trkpt><trkpt lat="48.3805300" lon="7.4297400"><ele>252.3</ele></trkpt><trkpt lat="48.3802600" lon="7.4297100"><ele>252.5</ele></trkpt><trkpt lat="48.3801500" lon="7.4296700"><ele>252.5</ele></trkpt><trkpt lat="48.3796600" lon="7.4295400"><ele>252.0</ele></trkpt><trkpt lat="48.3791800" lon="7.4293900"><ele>251.4</ele></trkpt><trkpt lat="48.3787700" lon="7.4292100"><ele>251.8</ele></trkpt><trkpt lat="48.3785600" lon="7.4290800"><ele>251.3</ele></trkpt><trkpt lat="48.3778600" lon="7.4285900"><ele>251.7</ele></trkpt><trkpt lat="48.3777600" lon="7.4285400"><ele>251.6</ele></trkpt><trkpt lat="48.3776200" lon="7.4285400"><ele>252.1</ele></trkpt><trkpt lat="48.3771100" lon="7.4289500"><ele>252.0</ele></trkpt><trkpt lat="48.3769100" lon="7.4290900"><ele>251.8</ele></trkpt><trkpt lat="48.3766300" lon="7.4291800"><ele>251.3</ele></trkpt><trkpt lat="48.3763800" lon="7.4292400"><ele>252.4</ele></trkpt><trkpt lat="48.3760500" lon="7.4293200"><ele>253.6</ele></trkpt><trkpt lat="48.3758200" lon="7.4294400"><ele>254.6</ele></trkpt><trkpt lat="48.3755200" lon="7.4296200"><ele>256.4</ele></trkpt><trkpt lat="48.3753000" lon="7.4297000"><ele>258.5</ele></trkpt><trkpt lat="48.3751200" lon="7.4297500"><ele>260.4</ele></trkpt><trkpt lat="48.3747800" lon="7.4298000"><ele>262.2</ele></trkpt><trkpt lat="48.3745700" lon="7.4298400"><ele>264.3</ele></trkpt><trkpt lat="48.3742000" lon="7.4299500"><ele>266.2</ele></trkpt><trkpt lat="48.3736000" lon="7.4301300"><ele>268.0</ele></trkpt><trkpt lat="48.3734600" lon="7.4301600"><ele>269.2</ele></trkpt><trkpt lat="48.3730400" lon="7.4302000"><ele>270.0</ele></trkpt><trkpt lat="48.3729700" lon="7.4302000"><ele>270.0</ele></trkpt><trkpt lat="48.3724600" lon="7.4302400"><ele>269.6</ele></trkpt><trkpt lat="48.3714400" lon="7.4303700"><ele>269.0</ele></trkpt><trkpt lat="48.3713900" lon="7.4303800"><ele>268.3</ele></trkpt><trkpt lat="48.3713400" lon="7.4303900"><ele>268.1</ele></trkpt><trkpt lat="48.3712700" lon="7.4304000"><ele>268.7</ele></trkpt><trkpt lat="48.3687100" lon="7.4308100"><ele>269.5</ele></trkpt><trkpt lat="48.3675400" lon="7.4310000"><ele>270.8</ele></trkpt><trkpt lat="48.3670900" lon="7.4310700"><ele>272.4</ele></trkpt><trkpt lat="48.3671600" lon="7.4301600"><ele>274.2</ele></trkpt><trkpt lat="48.3672700" lon="7.4293600"><ele>275.4</ele></trkpt><trkpt lat="48.3673200" lon="7.4291900"><ele>276.8</ele></trkpt><trkpt lat="48.3675600" lon="7.4284000"><ele>278.1</ele></trkpt><trkpt lat="48.3677000" lon="7.4275800"><ele>278.7</ele></trkpt><trkpt lat="48.3677400" lon="7.4267800"><ele>278.9</ele></trkpt><trkpt lat="48.3677700" lon="7.4262600"><ele>278.3</ele></trkpt><trkpt lat="48.3678000" lon="7.4260100"><ele>276.1</ele></trkpt><trkpt lat="48.3670500" lon="7.4260600"><ele>273.3</ele></trkpt><trkpt lat="48.3661300" lon="7.4261100"><ele>270.7</ele></trkpt><trkpt lat="48.3658200" lon="7.4261000"><ele>267.3</ele></trkpt><trkpt lat="48.3654500" lon="7.4259900"><ele>263.3</ele></trkpt><trkpt lat="48.3653300" lon="7.4259200"><ele>260.4</ele></trkpt><trkpt lat="48.3652900" lon="7.4258700"><ele>258.0</ele></trkpt><trkpt lat="48.3648000" lon="7.4261000"><ele>256.1</ele></trkpt><trkpt lat="48.3646500" lon="7.4262200"><ele>253.9</ele></trkpt><trkpt lat="48.3644900" lon="7.4263600"><ele>253.3</ele></trkpt><trkpt lat="48.3642400" lon="7.4265800"><ele>254.0</ele></trkpt><trkpt lat="48.3641800" lon="7.4266700"><ele>252.8</ele></trkpt><trkpt lat="48.3640600" lon="7.4268600"><ele>251.8</ele></trkpt><trkpt lat="48.3639900" lon="7.4270500"><ele>251.8</ele></trkpt><trkpt lat="48.3639300" lon="7.4272400"><ele>251.5</ele></trkpt><trkpt lat="48.3639200" lon="7.4273800"><ele>250.6</ele></trkpt><trkpt lat="48.3639200" lon="7.4278100"><ele>250.9</ele></trkpt><trkpt lat="48.3639300" lon="7.4280700"><ele>251.1</ele></trkpt><trkpt lat="48.3639800" lon="7.4290700"><ele>251.3</ele></trkpt><trkpt lat="48.3639900" lon="7.4296700"><ele>251.1</ele></trkpt><trkpt lat="48.3639800" lon="7.4298200"><ele>250.5</ele></trkpt><trkpt lat="48.3639800" lon="7.4300400"><ele>250.2</ele></trkpt><trkpt lat="48.3639900" lon="7.4303900"><ele>249.4</ele></trkpt><trkpt lat="48.3639900" lon="7.4304500"><ele>248.5</ele></trkpt><trkpt lat="48.3640000" lon="7.4306100"><ele>248.6</ele></trkpt><trkpt lat="48.3639900" lon="7.4308600"><ele>248.3</ele></trkpt><trkpt lat="48.3639800" lon="7.4310600"><ele>247.8</ele></trkpt><trkpt lat="48.3639600" lon="7.4311500"><ele>247.7</ele></trkpt><trkpt lat="48.3639400" lon="7.4312800"><ele>248.3</ele></trkpt><trkpt lat="48.3639200" lon="7.4315100"><ele>248.6</ele></trkpt><trkpt lat="48.3638900" lon="7.4318500"><ele>249.2</ele></trkpt><trkpt lat="48.3638500" lon="7.4322100"><ele>249.9</ele></trkpt><trkpt lat="48.3638300" lon="7.4325800"><ele>249.1</ele></trkpt><trkpt lat="48.3638200" lon="7.4332300"><ele>248.1</ele></trkpt><trkpt lat="48.3636600" lon="7.4331500"><ele>247.3</ele></trkpt><trkpt lat="48.3636300" lon="7.4331300"><ele>245.5</ele></trkpt><trkpt lat="48.3635900" lon="7.4330900"><ele>243.5</ele></trkpt><trkpt lat="48.3635600" lon="7.4329800"><ele>241.1</ele></trkpt><trkpt lat="48.3633000" lon="7.4318900"><ele>238.7</ele></trkpt><trkpt lat="48.3630400" lon="7.4308100"><ele>235.5</ele></trkpt><trkpt lat="48.3629500" lon="7.4304100"><ele>233.5</ele></trkpt><trkpt lat="48.3628900" lon="7.4303000"><ele>231.8</ele></trkpt><trkpt lat="48.3628200" lon="7.4302200"><ele>231.5</ele></trkpt><trkpt lat="48.3627500" lon="7.4301800"><ele>230.7</ele></trkpt><trkpt lat="48.3626800" lon="7.4301700"><ele>229.5</ele></trkpt><trkpt lat="48.3626100" lon="7.4301800"><ele>227.9</ele></trkpt><trkpt lat="48.3621700" lon="7.4303200"><ele>226.2</ele></trkpt><trkpt lat="48.3619900" lon="7.4303600"><ele>224.2</ele></trkpt><trkpt lat="48.3618200" lon="7.4303900"><ele>222.7</ele></trkpt><trkpt lat="48.3616000" lon="7.4303900"><ele>222.0</ele></trkpt><trkpt lat="48.3614900" lon="7.4303600"><ele>221.6</ele></trkpt><trkpt lat="48.3613700" lon="7.4302700"><ele>220.8</ele></trkpt><trkpt lat="48.3612700" lon="7.4301500"><ele>220.4</ele></trkpt><trkpt lat="48.3611900" lon="7.4299900"><ele>220.0</ele></trkpt><trkpt lat="48.3611200" lon="7.4298200"><ele>219.7</ele></trkpt><trkpt lat="48.3610400" lon="7.4295300"><ele>219.1</ele></trkpt><trkpt lat="48.3610100" lon="7.4294400"><ele>219.0</ele></trkpt><trkpt lat="48.3609700" lon="7.4293700"><ele>218.7</ele></trkpt><trkpt lat="48.3609400" lon="7.4293000"><ele>218.9</ele></trkpt><trkpt lat="48.3609000" lon="7.4292600"><ele>218.9</ele></trkpt><trkpt lat="48.3608500" lon="7.4292000"><ele>219.1</ele></trkpt><trkpt lat="48.3608200" lon="7.4291800"><ele>219.1</ele></trkpt><trkpt lat="48.3607600" lon="7.4291500"><ele>219.2</ele></trkpt><trkpt lat="48.3607100" lon="7.4291300"><ele>219.1</ele></trkpt><trkpt lat="48.3605300" lon="7.4290900"><ele>218.9</ele></trkpt><trkpt lat="48.3603400" lon="7.4290500"><ele>219.0</ele></trkpt><trkpt lat="48.3602200" lon="7.4290000"><ele>219.1</ele></trkpt><trkpt lat="48.3601100" lon="7.4289300"><ele>219.3</ele></trkpt><trkpt lat="48.3600200" lon="7.4288400"><ele>219.3</ele></trkpt><trkpt lat="48.3599100" lon="7.4287000"><ele>219.3</ele></trkpt><trkpt lat="48.3598400" lon="7.4285500"><ele>219.2</ele></trkpt><trkpt lat="48.3597700" lon="7.4283700"><ele>219.3</ele></trkpt><trkpt lat="48.3597200" lon="7.4281300"><ele>219.4</ele></trkpt><trkpt lat="48.3596300" lon="7.4275900"><ele>219.4</ele></trkpt><trkpt lat="48.3595900" lon="7.4273800"><ele>219.6</ele></trkpt><trkpt lat="48.3595100" lon="7.4271600"><ele>219.8</ele></trkpt><trkpt lat="48.3593600" lon="7.4267300"><ele>219.7</ele></trkpt><trkpt lat="48.3592500" lon="7.4265000"><ele>219.8</ele></trkpt><trkpt lat="48.3591100" lon="7.4263100"><ele>219.9</ele></trkpt><trkpt lat="48.3589800" lon="7.4261900"><ele>220.0</ele></trkpt><trkpt lat="48.3588500" lon="7.4261100"><ele>219.7</ele></trkpt><trkpt lat="48.3580200" lon="7.4256900"><ele>219.9</ele></trkpt><trkpt lat="48.3571900" lon="7.4255100"><ele>219.7</ele></trkpt><trkpt lat="48.3568700" lon="7.4254400"><ele>219.6</ele></trkpt><trkpt lat="48.3562900" lon="7.4252600"><ele>219.7</ele></trkpt><trkpt lat="48.3561000" lon="7.4251900"><ele>220.1</ele></trkpt><trkpt lat="48.3556800" lon="7.4250400"><ele>220.1</ele></trkpt><trkpt lat="48.3555600" lon="7.4249500"><ele>220.2</ele></trkpt><trkpt lat="48.3554700" lon="7.4248500"><ele>220.5</ele></trkpt><trkpt lat="48.3554300" lon="7.4248800"><ele>220.5</ele></trkpt><trkpt lat="48.3553900" lon="7.4249100"><ele>220.5</ele></trkpt><trkpt lat="48.3552000" lon="7.4248400"><ele>219.3</ele></trkpt><trkpt lat="48.3550500" lon="7.4247500"><ele>217.9</ele></trkpt><trkpt lat="48.3545500" lon="7.4244600"><ele>216.3</ele></trkpt><trkpt lat="48.3542900" lon="7.4243500"><ele>214.3</ele></trkpt><trkpt lat="48.3540300" lon="7.4244100"><ele>212.1</ele></trkpt><trkpt lat="48.3536900" lon="7.4246700"><ele>211.0</ele></trkpt><trkpt lat="48.3535100" lon="7.4247900"><ele>210.1</ele></trkpt><trkpt lat="48.3530600" lon="7.4248100"><ele>208.9</ele></trkpt><trkpt lat="48.3529700" lon="7.4248200"><ele>208.4</ele></trkpt><trkpt lat="48.3528100" lon="7.4247700"><ele>207.5</ele></trkpt><trkpt lat="48.3527100" lon="7.4247100"><ele>207.1</ele></trkpt><trkpt lat="48.3517300" lon="7.4241100"><ele>206.6</ele></trkpt><trkpt lat="48.3513100" lon="7.4237800"><ele>206.5</ele></trkpt><trkpt lat="48.3511000" lon="7.4235800"><ele>206.2</ele></trkpt><trkpt lat="48.3509800" lon="7.4234700"><ele>206.5</ele></trkpt><trkpt lat="48.3507400" lon="7.4234100"><ele>206.7</ele></trkpt><trkpt lat="48.3503700" lon="7.4233300"><ele>207.0</ele></trkpt><trkpt lat="48.3500400" lon="7.4232900"><ele>207.5</ele></trkpt><trkpt lat="48.3499700" lon="7.4232500"><ele>207.7</ele></trkpt><trkpt lat="48.3498500" lon="7.4233300"><ele>208.1</ele></trkpt><trkpt lat="48.3498000" lon="7.4233700"><ele>208.4</ele></trkpt><trkpt lat="48.3494800" lon="7.4234600"><ele>209.6</ele></trkpt><trkpt lat="48.3492000" lon="7.4235300"><ele>210.0</ele></trkpt><trkpt lat="48.3484400" lon="7.4237100"><ele>210.8</ele></trkpt><trkpt lat="48.3473500" lon="7.4237300"><ele>211.7</ele></trkpt><trkpt lat="48.3469000" lon="7.4236000"><ele>212.7</ele></trkpt><trkpt lat="48.3459700" lon="7.4233800"><ele>214.0</ele></trkpt><trkpt lat="48.3458600" lon="7.4233400"><ele>215.8</ele></trkpt><trkpt lat="48.3451700" lon="7.4232700"><ele>218.3</ele></trkpt><trkpt lat="48.3450400" lon="7.4231800"><ele>220.5</ele></trkpt><trkpt lat="48.3446600" lon="7.4227400"><ele>222.7</ele></trkpt><trkpt lat="48.3444600" lon="7.4225600"><ele>224.0</ele></trkpt><trkpt lat="48.3441000" lon="7.4223400"><ele>225.0</ele></trkpt><trkpt lat="48.3440000" lon="7.4222700"><ele>225.5</ele></trkpt><trkpt lat="48.3439600" lon="7.4222400"><ele>225.8</ele></trkpt><trkpt lat="48.3439200" lon="7.4222100"><ele>225.4</ele></trkpt><trkpt lat="48.3437500" lon="7.4223100"><ele>224.7</ele></trkpt><trkpt lat="48.3431500" lon="7.4226100"><ele>224.1</ele></trkpt><trkpt lat="48.3430600" lon="7.4226600"><ele>223.4</ele></trkpt><trkpt lat="48.3429900" lon="7.4226900"><ele>222.7</ele></trkpt><trkpt lat="48.3429500" lon="7.4226100"><ele>223.0</ele></trkpt><trkpt lat="48.3429200" lon="7.4225300"><ele>223.6</ele></trkpt><trkpt lat="48.3428200" lon="7.4221100"><ele>224.7</ele></trkpt><trkpt lat="48.3426800" lon="7.4216100"><ele>225.9</ele></trkpt><trkpt lat="48.3425900" lon="7.4214000"><ele>227.6</ele></trkpt><trkpt lat="48.3424000" lon="7.4210600"><ele>229.1</ele></trkpt><trkpt lat="48.3421700" lon="7.4207000"><ele>230.5</ele></trkpt><trkpt lat="48.3420400" lon="7.4204400"><ele>231.6</ele></trkpt><trkpt lat="48.3419400" lon="7.4200500"><ele>233.3</ele></trkpt><trkpt lat="48.3418300" lon="7.4196300"><ele>234.6</ele></trkpt><trkpt lat="48.3416200" lon="7.4184800"><ele>235.4</ele></trkpt><trkpt lat="48.3416100" lon="7.4184200"><ele>236.6</ele></trkpt><trkpt lat="48.3415700" lon="7.4183500"><ele>237.8</ele></trkpt><trkpt lat="48.3412700" lon="7.4184400"><ele>238.4</ele></trkpt><trkpt lat="48.3411300" lon="7.4185400"><ele>239.0</ele></trkpt><trkpt lat="48.3411000" lon="7.4186000"><ele>239.8</ele></trkpt><trkpt lat="48.3410800" lon="7.4186700"><ele>240.1</ele></trkpt><trkpt lat="48.3410600" lon="7.4187200"><ele>240.4</ele></trkpt><trkpt lat="48.3410300" lon="7.4188200"><ele>240.6</ele></trkpt><trkpt lat="48.3410100" lon="7.4189500"><ele>240.7</ele></trkpt><trkpt lat="48.3409900" lon="7.4190300"><ele>240.6</ele></trkpt><trkpt lat="48.3408600" lon="7.4192200"><ele>240.4</ele></trkpt><trkpt lat="48.3406800" lon="7.4195400"><ele>239.8</ele></trkpt><trkpt lat="48.3406300" lon="7.4196000"><ele>238.9</ele></trkpt><trkpt lat="48.3406000" lon="7.4196300"><ele>237.9</ele></trkpt><trkpt lat="48.3405100" lon="7.4196600"><ele>236.9</ele></trkpt><trkpt lat="48.3404700" lon="7.4196600"><ele>235.9</ele></trkpt><trkpt lat="48.3404200" lon="7.4196700"><ele>234.7</ele></trkpt><trkpt lat="48.3402400" lon="7.4196900"><ele>234.3</ele></trkpt><trkpt lat="48.3396900" lon="7.4197300"><ele>233.3</ele></trkpt><trkpt lat="48.3395400" lon="7.4197200"><ele>233.2</ele></trkpt><trkpt lat="48.3393900" lon="7.4196900"><ele>233.5</ele></trkpt><trkpt lat="48.3388600" lon="7.4194300"><ele>234.1</ele></trkpt><trkpt lat="48.3387200" lon="7.4193900"><ele>235.0</ele></trkpt><trkpt lat="48.3385600" lon="7.4194200"><ele>235.8</ele></trkpt><trkpt lat="48.3384200" lon="7.4194900"><ele>236.9</ele></trkpt><trkpt lat="48.3379400" lon="7.4198100"><ele>236.8</ele></trkpt><trkpt lat="48.3377700" lon="7.4199600"><ele>238.3</ele></trkpt><trkpt lat="48.3376700" lon="7.4201300"><ele>239.0</ele></trkpt><trkpt lat="48.3376100" lon="7.4203600"><ele>240.2</ele></trkpt><trkpt lat="48.3375700" lon="7.4206300"><ele>240.6</ele></trkpt><trkpt lat="48.3375500" lon="7.4209400"><ele>241.6</ele></trkpt><trkpt lat="48.3375600" lon="7.4218000"><ele>240.9</ele></trkpt><trkpt lat="48.3375400" lon="7.4223700"><ele>238.9</ele></trkpt><trkpt lat="48.3375000" lon="7.4227900"><ele>236.5</ele></trkpt><trkpt lat="48.3369700" lon="7.4257600"><ele>234.3</ele></trkpt><trkpt lat="48.3368900" lon="7.4261300"><ele>232.0</ele></trkpt><trkpt lat="48.3368500" lon="7.4262700"><ele>230.3</ele></trkpt><trkpt lat="48.3368000" lon="7.4263900"><ele>230.0</ele></trkpt><trkpt lat="48.3367400" lon="7.4264900"><ele>230.1</ele></trkpt><trkpt lat="48.3366800" lon="7.4265800"><ele>229.3</ele></trkpt><trkpt lat="48.3366200" lon="7.4266600"><ele>228.9</ele></trkpt><trkpt lat="48.3365400" lon="7.4267600"><ele>228.6</ele></trkpt><trkpt lat="48.3364200" lon="7.4268500"><ele>228.8</ele></trkpt><trkpt lat="48.3363200" lon="7.4269200"><ele>229.1</ele></trkpt><trkpt lat="48.3362100" lon="7.4269800"><ele>230.0</ele></trkpt><trkpt lat="48.3361600" lon="7.4270000"><ele>230.6</ele></trkpt><trkpt lat="48.3360900" lon="7.4270100"><ele>231.2</ele></trkpt><trkpt lat="48.3359600" lon="7.4270200"><ele>231.2</ele></trkpt><trkpt lat="48.3358700" lon="7.4270200"><ele>231.2</ele></trkpt><trkpt lat="48.3358100" lon="7.4270100"><ele>230.7</ele></trkpt><trkpt lat="48.3352100" lon="7.4269000"><ele>229.9</ele></trkpt><trkpt lat="48.3344300" lon="7.4267700"><ele>229.1</ele></trkpt><trkpt lat="48.3341400" lon="7.4267400"><ele>228.1</ele></trkpt><trkpt lat="48.3338400" lon="7.4267300"><ele>227.2</ele></trkpt><trkpt lat="48.3332200" lon="7.4267400"><ele>227.0</ele></trkpt><trkpt lat="48.3329500" lon="7.4267400"><ele>227.7</ele></trkpt><trkpt lat="48.3327900" lon="7.4267100"><ele>228.3</ele></trkpt><trkpt lat="48.3326300" lon="7.4266600"><ele>229.2</ele></trkpt><trkpt lat="48.3326200" lon="7.4266600"><ele>230.0</ele></trkpt><trkpt lat="48.3323600" lon="7.4265600"><ele>230.6</ele></trkpt><trkpt lat="48.3320600" lon="7.4264200"><ele>230.8</ele></trkpt><trkpt lat="48.3315700" lon="7.4261600"><ele>230.8</ele></trkpt><trkpt lat="48.3315000" lon="7.4261200"><ele>230.7</ele></trkpt><trkpt lat="48.3309900" lon="7.4258200"><ele>230.6</ele></trkpt><trkpt lat="48.3308100" lon="7.4257100"><ele>230.4</ele></trkpt><trkpt lat="48.3306100" lon="7.4255600"><ele>230.0</ele></trkpt><trkpt lat="48.3304200" lon="7.4253700"><ele>229.5</ele></trkpt><trkpt lat="48.3300200" lon="7.4249600"><ele>229.4</ele></trkpt><trkpt lat="48.3296600" lon="7.4246800"><ele>229.1</ele></trkpt><trkpt lat="48.3293200" lon="7.4244500"><ele>229.0</ele></trkpt><trkpt lat="48.3291900" lon="7.4243600"><ele>228.7</ele></trkpt><trkpt lat="48.3291500" lon="7.4243300"><ele>228.4</ele></trkpt><trkpt lat="48.3282800" lon="7.4239500"><ele>227.7</ele></trkpt><trkpt lat="48.3280000" lon="7.4237900"><ele>227.1</ele></trkpt><trkpt lat="48.3279500" lon="7.4237500"><ele>226.5</ele></trkpt><trkpt lat="48.3275700" lon="7.4235300"><ele>226.0</ele></trkpt><trkpt lat="48.3275100" lon="7.4234900"><ele>225.4</ele></trkpt><trkpt lat="48.3274000" lon="7.4234400"><ele>224.7</ele></trkpt><trkpt lat="48.3271700" lon="7.4234200"><ele>224.0</ele></trkpt><trkpt lat="48.3270800" lon="7.4234200"><ele>223.9</ele></trkpt><trkpt lat="48.3269900" lon="7.4234400"><ele>223.3</ele></trkpt><trkpt lat="48.3269600" lon="7.4233200"><ele>223.9</ele></trkpt><trkpt lat="48.3268400" lon="7.4231200"><ele>224.6</ele></trkpt><trkpt lat="48.3266900" lon="7.4229000"><ele>225.5</ele></trkpt><trkpt lat="48.3266100" lon="7.4228300"><ele>225.6</ele></trkpt><trkpt lat="48.3264000" lon="7.4227500"><ele>226.2</ele></trkpt><trkpt lat="48.3262800" lon="7.4226900"><ele>226.0</ele></trkpt><trkpt lat="48.3261600" lon="7.4226300"><ele>226.3</ele></trkpt><trkpt lat="48.3260700" lon="7.4225600"><ele>226.3</ele></trkpt><trkpt lat="48.3259500" lon="7.4224300"><ele>226.4</ele></trkpt><trkpt lat="48.3257500" lon="7.4222900"><ele>226.2</ele></trkpt><trkpt lat="48.3255800" lon="7.4221900"><ele>226.3</ele></trkpt><trkpt lat="48.3254700" lon="7.4221300"><ele>225.9</ele></trkpt><trkpt lat="48.3253900" lon="7.4221000"><ele>225.7</ele></trkpt><trkpt lat="48.3252700" lon="7.4220500"><ele>225.5</ele></trkpt><trkpt lat="48.3251600" lon="7.4220000"><ele>225.5</ele></trkpt><trkpt lat="48.3251400" lon="7.4220000"><ele>225.3</ele></trkpt><trkpt lat="48.3250400" lon="7.4219600"><ele>225.0</ele></trkpt><trkpt lat="48.3249900" lon="7.4219500"><ele>224.9</ele></trkpt><trkpt lat="48.3249400" lon="7.4219300"><ele>224.8</ele></trkpt><trkpt lat="48.3248900" lon="7.4219300"><ele>224.9</ele></trkpt><trkpt lat="48.3248300" lon="7.4219300"><ele>224.8</ele></trkpt><trkpt lat="48.3242900" lon="7.4219600"><ele>225.0</ele></trkpt><trkpt lat="48.3237900" lon="7.4219900"><ele>225.2</ele></trkpt><trkpt lat="48.3238420" lon="7.4285670"><ele>225.2</ele></trkpt><trkpt lat="48.3236500" lon="7.4219600"><ele>226.2</ele></trkpt><trkpt lat="48.3235200" lon="7.4219100"><ele>226.8</ele></trkpt><trkpt lat="48.3231100" lon="7.4216700"><ele>227.5</ele></trkpt><trkpt lat="48.3229900" lon="7.4215800"><ele>228.5</ele></trkpt><trkpt lat="48.3229400" lon="7.4215700"><ele>229.9</ele></trkpt><trkpt lat="48.3228900" lon="7.4214200"><ele>230.7</ele></trkpt><trkpt lat="48.3227700" lon="7.4211700"><ele>231.6</ele></trkpt><trkpt lat="48.3226900" lon="7.4208300"><ele>233.1</ele></trkpt><trkpt lat="48.3226400" lon="7.4207400"><ele>234.1</ele></trkpt><trkpt lat="48.3225700" lon="7.4206600"><ele>234.4</ele></trkpt><trkpt lat="48.3225100" lon="7.4206200"><ele>235.2</ele></trkpt><trkpt lat="48.3218300" lon="7.4204500"><ele>235.3</ele></trkpt><trkpt lat="48.3216700" lon="7.4204300"><ele>235.1</ele></trkpt><trkpt lat="48.3215300" lon="7.4204500"><ele>235.0</ele></trkpt><trkpt lat="48.3213200" lon="7.4205300"><ele>235.8</ele></trkpt><trkpt lat="48.3212600" lon="7.4205600"><ele>235.2</ele></trkpt><trkpt lat="48.3207000" lon="7.4212000"><ele>235.9</ele></trkpt><trkpt lat="48.3205100" lon="7.4213800"><ele>236.7</ele></trkpt><trkpt lat="48.3203100" lon="7.4215500"><ele>236.9</ele></trkpt><trkpt lat="48.3201300" lon="7.4216300"><ele>237.4</ele></trkpt><trkpt lat="48.3199800" lon="7.4216700"><ele>237.4</ele></trkpt><trkpt lat="48.3195700" lon="7.4216600"><ele>236.2</ele></trkpt><trkpt lat="48.3191200" lon="7.4216700"><ele>234.2</ele></trkpt><trkpt lat="48.3189200" lon="7.4217000"><ele>232.1</ele></trkpt><trkpt lat="48.3186600" lon="7.4217300"><ele>228.8</ele></trkpt><trkpt lat="48.3182300" lon="7.4217300"><ele>226.4</ele></trkpt><trkpt lat="48.3180400" lon="7.4217000"><ele>224.4</ele></trkpt><trkpt lat="48.3177800" lon="7.4216100"><ele>222.2</ele></trkpt><trkpt lat="48.3175700" lon="7.4215100"><ele>220.7</ele></trkpt><trkpt lat="48.3172200" lon="7.4212900"><ele>219.4</ele></trkpt><trkpt lat="48.3169700" lon="7.4211800"><ele>217.6</ele></trkpt><trkpt lat="48.3168000" lon="7.4211600"><ele>216.1</ele></trkpt><trkpt lat="48.3163700" lon="7.4211700"><ele>214.9</ele></trkpt><trkpt lat="48.3163000" lon="7.4211900"><ele>213.7</ele></trkpt><trkpt lat="48.3162100" lon="7.4213000"><ele>212.5</ele></trkpt><trkpt lat="48.3161700" lon="7.4213800"><ele>211.6</ele></trkpt><trkpt lat="48.3161000" lon="7.4213700"><ele>210.2</ele></trkpt><trkpt lat="48.3156700" lon="7.4213600"><ele>209.2</ele></trkpt><trkpt lat="48.3151400" lon="7.4215000"><ele>208.6</ele></trkpt><trkpt lat="48.3149100" lon="7.4215500"><ele>209.0</ele></trkpt><trkpt lat="48.3147100" lon="7.4215600"><ele>209.1</ele></trkpt><trkpt lat="48.3145700" lon="7.4215400"><ele>210.2</ele></trkpt><trkpt lat="48.3141000" lon="7.4214500"><ele>211.3</ele></trkpt><trkpt lat="48.3138700" lon="7.4214300"><ele>212.1</ele></trkpt><trkpt lat="48.3136800" lon="7.4213900"><ele>212.8</ele></trkpt><trkpt lat="48.3124000" lon="7.4205500"><ele>213.9</ele></trkpt><trkpt lat="48.3122200" lon="7.4204000"><ele>214.4</ele></trkpt><trkpt lat="48.3114000" lon="7.4195100"><ele>214.7</ele></trkpt><trkpt lat="48.3109400" lon="7.4191900"><ele>215.0</ele></trkpt><trkpt lat="48.3108500" lon="7.4191000"><ele>215.3</ele></trkpt><trkpt lat="48.3104900" lon="7.4186700"><ele>215.2</ele></trkpt><trkpt lat="48.3103900" lon="7.4185900"><ele>215.3</ele></trkpt><trkpt lat="48.3102700" lon="7.4185500"><ele>215.3</ele></trkpt><trkpt lat="48.3101900" lon="7.4185300"><ele>215.9</ele></trkpt><trkpt lat="48.3101700" lon="7.4185300"><ele>215.9</ele></trkpt><trkpt lat="48.3101000" lon="7.4185100"><ele>216.1</ele></trkpt><trkpt lat="48.3100500" lon="7.4184700"><ele>217.2</ele></trkpt><trkpt lat="48.3100100" lon="7.4184100"><ele>218.3</ele></trkpt><trkpt lat="48.3098600" lon="7.4180300"><ele>218.8</ele></trkpt><trkpt lat="48.3098300" lon="7.4180500"><ele>218.6</ele></trkpt><trkpt lat="48.3098100" lon="7.4180900"><ele>218.3</ele></trkpt><trkpt lat="48.3097500" lon="7.4184400"><ele>217.3</ele></trkpt><trkpt lat="48.3097400" lon="7.4184700"><ele>216.2</ele></trkpt><trkpt lat="48.3097300" lon="7.4184900"><ele>215.1</ele></trkpt><trkpt lat="48.3096900" lon="7.4185200"><ele>214.6</ele></trkpt><trkpt lat="48.3095600" lon="7.4185400"><ele>213.7</ele></trkpt><trkpt lat="48.3095100" lon="7.4185800"><ele>212.8</ele></trkpt><trkpt lat="48.3094200" lon="7.4187200"><ele>212.0</ele></trkpt><trkpt lat="48.3093900" lon="7.4186800"><ele>211.0</ele></trkpt><trkpt lat="48.3093400" lon="7.4186400"><ele>209.8</ele></trkpt><trkpt lat="48.3089900" lon="7.4184600"><ele>208.4</ele></trkpt><trkpt lat="48.3088000" lon="7.4183600"><ele>206.3</ele></trkpt><trkpt lat="48.3083700" lon="7.4180900"><ele>204.3</ele></trkpt><trkpt lat="48.3082500" lon="7.4185700"><ele>202.2</ele></trkpt><trkpt lat="48.3082000" lon="7.4187700"><ele>200.5</ele></trkpt><trkpt lat="48.3081400" lon="7.4189900"><ele>199.3</ele></trkpt><trkpt lat="48.3080600" lon="7.4192400"><ele>198.5</ele></trkpt><trkpt lat="48.3079800" lon="7.4193900"><ele>197.6</ele></trkpt><trkpt lat="48.3077200" lon="7.4197500"><ele>197.1</ele></trkpt><trkpt lat="48.3076500" lon="7.4198800"><ele>196.4</ele></trkpt><trkpt lat="48.3076300" lon="7.4200200"><ele>195.8</ele></trkpt><trkpt lat="48.3075500" lon="7.4204700"><ele>195.1</ele></trkpt><trkpt lat="48.3075300" lon="7.4205600"><ele>194.4</ele></trkpt><trkpt lat="48.3072200" lon="7.4203000"><ele>193.7</ele></trkpt><trkpt lat="48.3069800" lon="7.4200700"><ele>193.0</ele></trkpt><trkpt lat="48.3067700" lon="7.4198200"><ele>192.5</ele></trkpt><trkpt lat="48.3067200" lon="7.4197700"><ele>192.0</ele></trkpt><trkpt lat="48.3066000" lon="7.4196300"><ele>191.5</ele></trkpt><trkpt lat="48.3064300" lon="7.4194300"><ele>191.2</ele></trkpt><trkpt lat="48.3061800" lon="7.4192400"><ele>190.9</ele></trkpt><trkpt lat="48.3060000" lon="7.4191300"><ele>190.8</ele></trkpt><trkpt lat="48.3057500" lon="7.4190100"><ele>191.0</ele></trkpt><trkpt lat="48.3055400" lon="7.4189000"><ele>191.5</ele></trkpt><trkpt lat="48.3053600" lon="7.4187800"><ele>192.2</ele></trkpt><trkpt lat="48.3051800" lon="7.4186500"><ele>193.2</ele></trkpt><trkpt lat="48.3048100" lon="7.4183500"><ele>193.9</ele></trkpt><trkpt lat="48.3041800" lon="7.4177900"><ele>194.6</ele></trkpt><trkpt lat="48.3038900" lon="7.4176200"><ele>195.0</ele></trkpt><trkpt lat="48.3038000" lon="7.4175600"><ele>195.1</ele></trkpt><trkpt lat="48.3034900" lon="7.4174600"><ele>194.9</ele></trkpt><trkpt lat="48.3032200" lon="7.4174200"><ele>194.7</ele></trkpt><trkpt lat="48.3029900" lon="7.4173900"><ele>194.5</ele></trkpt><trkpt lat="48.3028200" lon="7.4173500"><ele>194.2</ele></trkpt><trkpt lat="48.3020600" lon="7.4171200"><ele>193.8</ele></trkpt><trkpt lat="48.3018300" lon="7.4170800"><ele>193.5</ele></trkpt><trkpt lat="48.3015700" lon="7.4170500"><ele>192.9</ele></trkpt><trkpt lat="48.3013500" lon="7.4170500"><ele>192.3</ele></trkpt><trkpt lat="48.3009700" lon="7.4170900"><ele>191.9</ele></trkpt><trkpt lat="48.3005000" lon="7.4170300"><ele>191.4</ele></trkpt><trkpt lat="48.3004800" lon="7.4170300"><ele>190.9</ele></trkpt><trkpt lat="48.3000300" lon="7.4169400"><ele>190.6</ele></trkpt><trkpt lat="48.2996800" lon="7.4168200"><ele>190.2</ele></trkpt><trkpt lat="48.2995300" lon="7.4168000"><ele>189.8</ele></trkpt><trkpt lat="48.2988000" lon="7.4169000"><ele>189.1</ele></trkpt><trkpt lat="48.2982600" lon="7.4168800"><ele>188.3</ele></trkpt><trkpt lat="48.2973700" lon="7.4167600"><ele>187.4</ele></trkpt><trkpt lat="48.2966000" lon="7.4167400"><ele>186.8</ele></trkpt><trkpt lat="48.2963400" lon="7.4167400"><ele>186.2</ele></trkpt><trkpt lat="48.2958900" lon="7.4167400"><ele>186.1</ele></trkpt><trkpt lat="48.2942300" lon="7.4168700"><ele>186.2</ele></trkpt><trkpt lat="48.2934600" lon="7.4169200"><ele>186.6</ele></trkpt><trkpt lat="48.2927000" lon="7.4169700"><ele>187.1</ele></trkpt><trkpt lat="48.2917500" lon="7.4170300"><ele>187.6</ele></trkpt><trkpt lat="48.2917100" lon="7.4170300"><ele>188.0</ele></trkpt><trkpt lat="48.2915500" lon="7.4170400"><ele>188.5</ele></trkpt><trkpt lat="48.2915400" lon="7.4170400"><ele>188.6</ele></trkpt><trkpt lat="48.2913000" lon="7.4170300"><ele>188.8</ele></trkpt><trkpt lat="48.2908900" lon="7.4170300"><ele>188.9</ele></trkpt><trkpt lat="48.2895600" lon="7.4168900"><ele>189.0</ele></trkpt><trkpt lat="48.2894600" lon="7.4168800"><ele>189.2</ele></trkpt><trkpt lat="48.2887800" lon="7.4168200"><ele>189.4</ele></trkpt><trkpt lat="48.2884200" lon="7.4168200"><ele>189.5</ele></trkpt><trkpt lat="48.2882800" lon="7.4167900"><ele>189.7</ele></trkpt><trkpt lat="48.2880000" lon="7.4167500"><ele>189.9</ele></trkpt><trkpt lat="48.2878400" lon="7.4167400"><ele>189.8</ele></trkpt><trkpt lat="48.2875500" lon="7.4167100"><ele>190.0</ele></trkpt><trkpt lat="48.2873400" lon="7.4166800"><ele>190.1</ele></trkpt><trkpt lat="48.2873000" lon="7.4166500"><ele>190.1</ele></trkpt><trkpt lat="48.2871300" lon="7.4172300"><ele>190.1</ele></trkpt><trkpt lat="48.2871100" lon="7.4173200"><ele>190.3</ele></trkpt><trkpt lat="48.2871000" lon="7.4173900"><ele>190.2</ele></trkpt><trkpt lat="48.2871000" lon="7.4175100"><ele>190.0</ele></trkpt><trkpt lat="48.2871100" lon="7.4176900"><ele>190.0</ele></trkpt><trkpt lat="48.2871400" lon="7.4178400"><ele>189.7</ele></trkpt><trkpt lat="48.2870500" lon="7.4179100"><ele>189.7</ele></trkpt><trkpt lat="48.2870000" lon="7.4179400"><ele>189.6</ele></trkpt><trkpt lat="48.2868500" lon="7.4180300"><ele>189.6</ele></trkpt><trkpt lat="48.2866500" lon="7.4180800"><ele>189.3</ele></trkpt><trkpt lat="48.2865700" lon="7.4180800"><ele>189.2</ele></trkpt><trkpt lat="48.2865100" lon="7.4180800"><ele>189.1</ele></trkpt><trkpt lat="48.2864700" lon="7.4180300"><ele>189.3</ele></trkpt><trkpt lat="48.2864200" lon="7.4179300"><ele>189.1</ele></trkpt><trkpt lat="48.2863900" lon="7.4178900"><ele>189.4</ele></trkpt><trkpt lat="48.2863900" lon="7.4177200"><ele>189.6</ele></trkpt><trkpt lat="48.2863800" lon="7.4174500"><ele>189.9</ele></trkpt><trkpt lat="48.2863600" lon="7.4171500"><ele>190.1</ele></trkpt><trkpt lat="48.2863500" lon="7.4164500"><ele>190.1</ele></trkpt><trkpt lat="48.2863200" lon="7.4162800"><ele>189.6</ele></trkpt><trkpt lat="48.2862500" lon="7.4160700"><ele>189.5</ele></trkpt><trkpt lat="48.2861800" lon="7.4159200"><ele>189.1</ele></trkpt><trkpt lat="48.2860700" lon="7.4157100"><ele>188.7</ele></trkpt><trkpt lat="48.2859900" lon="7.4155300"><ele>188.6</ele></trkpt><trkpt lat="48.2859300" lon="7.4153700"><ele>188.8</ele></trkpt><trkpt lat="48.2858900" lon="7.4152400"><ele>189.1</ele></trkpt><trkpt lat="48.2858600" lon="7.4150200"><ele>189.5</ele></trkpt><trkpt lat="48.2858400" lon="7.4148600"><ele>189.8</ele></trkpt><trkpt lat="48.2858300" lon="7.4147200"><ele>190.1</ele></trkpt><trkpt lat="48.2858400" lon="7.4145400"><ele>190.3</ele></trkpt><trkpt lat="48.2858500" lon="7.4144900"><ele>190.3</ele></trkpt><trkpt lat="48.2858600" lon="7.4144400"><ele>190.2</ele></trkpt><trkpt lat="48.2858900" lon="7.4143500"><ele>190.1</ele></trkpt><trkpt lat="48.2859500" lon="7.4141700"><ele>190.2</ele></trkpt><trkpt lat="48.2860100" lon="7.4140800"><ele>190.3</ele></trkpt><trkpt lat="48.2862100" lon="7.4138600"><ele>190.4</ele></trkpt><trkpt lat="48.2863500" lon="7.4136700"><ele>190.4</ele></trkpt><trkpt lat="48.2864900" lon="7.4134700"><ele>190.4</ele></trkpt><trkpt lat="48.2865400" lon="7.4133700"><ele>190.3</ele></trkpt><trkpt lat="48.2865700" lon="7.4132900"><ele>190.2</ele></trkpt><trkpt lat="48.2866100" lon="7.4131200"><ele>189.9</ele></trkpt><trkpt lat="48.2866200" lon="7.4129400"><ele>189.9</ele></trkpt><trkpt lat="48.2865900" lon="7.4123900"><ele>189.9</ele></trkpt><trkpt lat="48.2865800" lon="7.4120900"><ele>189.9</ele></trkpt><trkpt lat="48.2865700" lon="7.4112600"><ele>189.9</ele></trkpt><trkpt lat="48.2865500" lon="7.4109500"><ele>190.1</ele></trkpt><trkpt lat="48.2865200" lon="7.4106700"><ele>190.3</ele></trkpt><trkpt lat="48.2864600" lon="7.4106400"><ele>190.3</ele></trkpt><trkpt lat="48.2858300" lon="7.4104300"><ele>190.4</ele></trkpt><trkpt lat="48.2857400" lon="7.4104100"><ele>190.4</ele></trkpt><trkpt lat="48.2856200" lon="7.4104200"><ele>190.4</ele></trkpt><trkpt lat="48.2855200" lon="7.4104500"><ele>190.3</ele></trkpt><trkpt lat="48.2854300" lon="7.4105000"><ele>190.3</ele></trkpt><trkpt lat="48.2851700" lon="7.4107300"><ele>190.2</ele></trkpt><trkpt lat="48.2850000" lon="7.4108700"><ele>190.0</ele></trkpt><trkpt lat="48.2848500" lon="7.4109700"><ele>189.9</ele></trkpt><trkpt lat="48.2847400" lon="7.4110100"><ele>189.9</ele></trkpt><trkpt lat="48.2846500" lon="7.4110200"><ele>189.8</ele></trkpt><trkpt lat="48.2845800" lon="7.4110100"><ele>189.7</ele></trkpt><trkpt lat="48.2845100" lon="7.4109900"><ele>189.7</ele></trkpt><trkpt lat="48.2841800" lon="7.4108800"><ele>189.6</ele></trkpt><trkpt lat="48.2840900" lon="7.4108600"><ele>189.7</ele></trkpt><trkpt lat="48.2839000" lon="7.4108500"><ele>189.7</ele></trkpt><trkpt lat="48.2837200" lon="7.4108300"><ele>189.7</ele></trkpt><trkpt lat="48.2835800" lon="7.4108000"><ele>189.8</ele></trkpt><trkpt lat="48.2832500" lon="7.4106800"><ele>189.8</ele></trkpt><trkpt lat="48.2830600" lon="7.4106200"><ele>189.8</ele></trkpt><trkpt lat="48.2829600" lon="7.4106000"><ele>189.8</ele></trkpt><trkpt lat="48.2828700" lon="7.4105800"><ele>189.9</ele></trkpt><trkpt lat="48.2827400" lon="7.4105600"><ele>189.9</ele></trkpt><trkpt lat="48.2826100" lon="7.4105600"><ele>190.0</ele></trkpt><trkpt lat="48.2825000" lon="7.4105700"><ele>190.0</ele></trkpt><trkpt lat="48.2822400" lon="7.4106700"><ele>190.0</ele></trkpt><trkpt lat="48.2821800" lon="7.4106900"><ele>189.9</ele></trkpt><trkpt lat="48.2820800" lon="7.4107100"><ele>189.9</ele></trkpt><trkpt lat="48.2819200" lon="7.4107300"><ele>189.8</ele></trkpt><trkpt lat="48.2818100" lon="7.4107300"><ele>189.7</ele></trkpt><trkpt lat="48.2815800" lon="7.4106900"><ele>189.6</ele></trkpt><trkpt lat="48.2814500" lon="7.4106500"><ele>189.6</ele></trkpt><trkpt lat="48.2810000" lon="7.4105000"><ele>189.7</ele></trkpt><trkpt lat="48.2806900" lon="7.4104000"><ele>189.7</ele></trkpt><trkpt lat="48.2805600" lon="7.4103800"><ele>189.6</ele></trkpt><trkpt lat="48.2804300" lon="7.4103900"><ele>189.6</ele></trkpt><trkpt lat="48.2800700" lon="7.4104600"><ele>189.6</ele></trkpt><trkpt lat="48.2802100" lon="7.4099600"><ele>189.5</ele></trkpt><trkpt lat="48.2802400" lon="7.4098200"><ele>189.4</ele></trkpt><trkpt lat="48.2802700" lon="7.4096900"><ele>189.5</ele></trkpt><trkpt lat="48.2802800" lon="7.4095600"><ele>189.5</ele></trkpt><trkpt lat="48.2803000" lon="7.4094200"><ele>189.6</ele></trkpt><trkpt lat="48.2803100" lon="7.4092400"><ele>189.9</ele></trkpt><trkpt lat="48.2803200" lon="7.4090500"><ele>190.5</ele></trkpt><trkpt lat="48.2802600" lon="7.4079600"><ele>191.0</ele></trkpt><trkpt lat="48.2802600" lon="7.4077400"><ele>192.0</ele></trkpt><trkpt lat="48.2802800" lon="7.4075400"><ele>192.6</ele></trkpt><trkpt lat="48.2802900" lon="7.4074000"><ele>193.6</ele></trkpt><trkpt lat="48.2803200" lon="7.4072400"><ele>193.4</ele></trkpt><trkpt lat="48.2803900" lon="7.4069400"><ele>193.4</ele></trkpt><trkpt lat="48.2805900" lon="7.4062400"><ele>192.9</ele></trkpt><trkpt lat="48.2806800" lon="7.4059500"><ele>192.6</ele></trkpt><trkpt lat="48.2807200" lon="7.4058300"><ele>191.8</ele></trkpt><trkpt lat="48.2808200" lon="7.4055500"><ele>191.9</ele></trkpt><trkpt lat="48.2808900" lon="7.4053500"><ele>191.8</ele></trkpt><trkpt lat="48.2809400" lon="7.4051400"><ele>191.8</ele></trkpt><trkpt lat="48.2809800" lon="7.4049100"><ele>191.7</ele></trkpt><trkpt lat="48.2810200" lon="7.4046600"><ele>191.7</ele></trkpt><trkpt lat="48.2810600" lon="7.4040800"><ele>191.7</ele></trkpt><trkpt lat="48.2810700" lon="7.4039400"><ele>192.2</ele></trkpt><trkpt lat="48.2811100" lon="7.4037700"><ele>193.0</ele></trkpt><trkpt lat="48.2811800" lon="7.4035700"><ele>193.8</ele></trkpt><trkpt lat="48.2812400" lon="7.4034300"><ele>194.5</ele></trkpt><trkpt lat="48.2813100" lon="7.4032600"><ele>194.8</ele></trkpt><trkpt lat="48.2813900" lon="7.4030800"><ele>194.7</ele></trkpt><trkpt lat="48.2816200" lon="7.4023800"><ele>194.4</ele></trkpt><trkpt lat="48.2816800" lon="7.4023500"><ele>193.8</ele></trkpt><trkpt lat="48.2817500" lon="7.4023400"><ele>193.4</ele></trkpt><trkpt lat="48.2821100" lon="7.4023900"><ele>193.1</ele></trkpt><trkpt lat="48.2821500" lon="7.4024000"><ele>192.9</ele></trkpt><trkpt lat="48.2822500" lon="7.4024600"><ele>193.0</ele></trkpt><trkpt lat="48.2823100" lon="7.4024600"><ele>193.0</ele></trkpt><trkpt lat="48.2823600" lon="7.4024400"><ele>192.9</ele></trkpt><trkpt lat="48.2823700" lon="7.4023400"><ele>193.0</ele></trkpt><trkpt lat="48.2823800" lon="7.4022900"><ele>193.1</ele></trkpt><trkpt lat="48.2823900" lon="7.4022300"><ele>192.9</ele></trkpt><trkpt lat="48.2821500" lon="7.4021500"><ele>193.1</ele></trkpt><trkpt lat="48.2818600" lon="7.4020800"><ele>193.5</ele></trkpt><trkpt lat="48.2816000" lon="7.4020300"><ele>193.4</ele></trkpt><trkpt lat="48.2813200" lon="7.4019900"><ele>193.3</ele></trkpt><trkpt lat="48.2808200" lon="7.4019200"><ele>193.2</ele></trkpt><trkpt lat="48.2805800" lon="7.4018900"><ele>193.2</ele></trkpt><trkpt lat="48.2802800" lon="7.4018500"><ele>193.2</ele></trkpt><trkpt lat="48.2802400" lon="7.4018500"><ele>193.2</ele></trkpt><trkpt lat="48.2800400" lon="7.4018400"><ele>193.2</ele></trkpt><trkpt lat="48.2797700" lon="7.4018700"><ele>193.3</ele></trkpt><trkpt lat="48.2796800" lon="7.4018900"><ele>193.6</ele></trkpt><trkpt lat="48.2793800" lon="7.4019600"><ele>193.5</ele></trkpt><trkpt lat="48.2791600" lon="7.4020000"><ele>193.7</ele></trkpt><trkpt lat="48.2790400" lon="7.4020100"><ele>193.8</ele></trkpt><trkpt lat="48.2789800" lon="7.4020100"><ele>194.0</ele></trkpt><trkpt lat="48.2789500" lon="7.4020100"><ele>194.1</ele></trkpt><trkpt lat="48.2789200" lon="7.4020000"><ele>194.3</ele></trkpt><trkpt lat="48.2789000" lon="7.4020100"><ele>194.2</ele></trkpt><trkpt lat="48.2789000" lon="7.4020400"><ele>193.9</ele></trkpt><trkpt lat="48.2788500" lon="7.4020300"><ele>193.7</ele></trkpt><trkpt lat="48.2784700" lon="7.4019200"><ele>193.3</ele></trkpt><trkpt lat="48.2778700" lon="7.4017300"><ele>193.1</ele></trkpt><trkpt lat="48.2775600" lon="7.4016000"><ele>192.8</ele></trkpt><trkpt lat="48.2773000" lon="7.4014500"><ele>192.7</ele></trkpt><trkpt lat="48.2772700" lon="7.4014400"><ele>192.7</ele></trkpt><trkpt lat="48.2768300" lon="7.4011700"><ele>192.7</ele></trkpt><trkpt lat="48.2767500" lon="7.4011300"><ele>192.6</ele></trkpt><trkpt lat="48.2766900" lon="7.4010800"><ele>192.5</ele></trkpt><trkpt lat="48.2766100" lon="7.4010300"><ele>192.5</ele></trkpt><trkpt lat="48.2765800" lon="7.4009600"><ele>192.6</ele></trkpt><trkpt lat="48.2765400" lon="7.4009100"><ele>192.7</ele></trkpt><trkpt lat="48.2764900" lon="7.4008700"><ele>192.8</ele></trkpt><trkpt lat="48.2764400" lon="7.4007800"><ele>193.1</ele></trkpt><trkpt lat="48.2764200" lon="7.4007200"><ele>193.4</ele></trkpt><trkpt lat="48.2764000" lon="7.4006700"><ele>193.4</ele></trkpt><trkpt lat="48.2763600" lon="7.4006300"><ele>193.4</ele></trkpt><trkpt lat="48.2763200" lon="7.4006200"><ele>193.4</ele></trkpt><trkpt lat="48.2762700" lon="7.4006300"><ele>193.3</ele></trkpt><trkpt lat="48.2762200" lon="7.4006700"><ele>193.1</ele></trkpt><trkpt lat="48.2761500" lon="7.4006400"><ele>193.1</ele></trkpt><trkpt lat="48.2760700" lon="7.4006000"><ele>192.9</ele></trkpt><trkpt lat="48.2759600" lon="7.4005400"><ele>193.1</ele></trkpt><trkpt lat="48.2757900" lon="7.4003900"><ele>193.3</ele></trkpt><trkpt lat="48.2755500" lon="7.4001400"><ele>193.6</ele></trkpt><trkpt lat="48.2754500" lon="7.4000300"><ele>193.7</ele></trkpt><trkpt lat="48.2752400" lon="7.3998300"><ele>193.9</ele></trkpt><trkpt lat="48.2751000" lon="7.3997400"><ele>193.6</ele></trkpt><trkpt lat="48.2749500" lon="7.3996600"><ele>193.2</ele></trkpt><trkpt lat="48.2747900" lon="7.3996100"><ele>192.8</ele></trkpt><trkpt lat="48.2746600" lon="7.3995800"><ele>192.4</ele></trkpt><trkpt lat="48.2745800" lon="7.3995500"><ele>192.2</ele></trkpt><trkpt lat="48.2745000" lon="7.3995300"><ele>192.3</ele></trkpt><trkpt lat="48.2740000" lon="7.3993700"><ele>192.6</ele></trkpt><trkpt lat="48.2739300" lon="7.3993400"><ele>192.7</ele></trkpt><trkpt lat="48.2738100" lon="7.3993100"><ele>193.0</ele></trkpt><trkpt lat="48.2732200" lon="7.3990600"><ele>193.4</ele></trkpt><trkpt lat="48.2731700" lon="7.3990600"><ele>193.8</ele></trkpt><trkpt lat="48.2730000" lon="7.3990400"><ele>193.7</ele></trkpt><trkpt lat="48.2729600" lon="7.3990400"><ele>193.7</ele></trkpt><trkpt lat="48.2726800" lon="7.3990700"><ele>193.6</ele></trkpt><trkpt lat="48.2724900" lon="7.3991100"><ele>193.2</ele></trkpt><trkpt lat="48.2720900" lon="7.3991500"><ele>192.8</ele></trkpt><trkpt lat="48.2720000" lon="7.3991600"><ele>192.6</ele></trkpt><trkpt lat="48.2719200" lon="7.3991700"><ele>192.3</ele></trkpt><trkpt lat="48.2717200" lon="7.3992000"><ele>192.4</ele></trkpt><trkpt lat="48.2716700" lon="7.3992100"><ele>192.4</ele></trkpt><trkpt lat="48.2715300" lon="7.3992500"><ele>192.5</ele></trkpt><trkpt lat="48.2713200" lon="7.3993100"><ele>192.8</ele></trkpt><trkpt lat="48.2709200" lon="7.3994300"><ele>192.9</ele></trkpt><trkpt lat="48.2709000" lon="7.3994400"><ele>192.8</ele></trkpt><trkpt lat="48.2706400" lon="7.3995100"><ele>192.8</ele></trkpt><trkpt lat="48.2706100" lon="7.3995200"><ele>192.6</ele></trkpt><trkpt lat="48.2705900" lon="7.3995200"><ele>192.4</ele></trkpt><trkpt lat="48.2703200" lon="7.3996000"><ele>192.2</ele></trkpt><trkpt lat="48.2702600" lon="7.3996200"><ele>192.1</ele></trkpt><trkpt lat="48.2698800" lon="7.3998200"><ele>192.0</ele></trkpt><trkpt lat="48.2697800" lon="7.3998500"><ele>191.9</ele></trkpt><trkpt lat="48.2692900" lon="7.3999000"><ele>191.8</ele></trkpt><trkpt lat="48.2692300" lon="7.3999100"><ele>191.8</ele></trkpt><trkpt lat="48.2688800" lon="7.3999400"><ele>191.8</ele></trkpt><trkpt lat="48.2687500" lon="7.3999200"><ele>191.6</ele></trkpt><trkpt lat="48.2686700" lon="7.3999000"><ele>191.8</ele></trkpt><trkpt lat="48.2685600" lon="7.3998700"><ele>191.8</ele></trkpt><trkpt lat="48.2684500" lon="7.3998300"><ele>191.7</ele></trkpt><trkpt lat="48.2683700" lon="7.3997900"><ele>191.7</ele></trkpt><trkpt lat="48.2683100" lon="7.3997400"><ele>191.6</ele></trkpt><trkpt lat="48.2682800" lon="7.3997800"><ele>191.2</ele></trkpt><trkpt lat="48.2682400" lon="7.3998400"><ele>191.1</ele></trkpt><trkpt lat="48.2681600" lon="7.3999700"><ele>191.1</ele></trkpt><trkpt lat="48.2681100" lon="7.4000800"><ele>191.2</ele></trkpt><trkpt lat="48.2680700" lon="7.4001800"><ele>191.3</ele></trkpt><trkpt lat="48.2679000" lon="7.4006300"><ele>191.1</ele></trkpt><trkpt lat="48.2678700" lon="7.4007100"><ele>190.8</ele></trkpt><trkpt lat="48.2678500" lon="7.4008100"><ele>190.5</ele></trkpt><trkpt lat="48.2678200" lon="7.4010000"><ele>190.2</ele></trkpt><trkpt lat="48.2677900" lon="7.4012100"><ele>189.8</ele></trkpt><trkpt lat="48.2677400" lon="7.4016200"><ele>189.8</ele></trkpt><trkpt lat="48.2676900" lon="7.4020900"><ele>189.6</ele></trkpt><trkpt lat="48.2676800" lon="7.4022500"><ele>189.3</ele></trkpt><trkpt lat="48.2676500" lon="7.4025000"><ele>189.0</ele></trkpt><trkpt lat="48.2675900" lon="7.4031000"><ele>189.0</ele></trkpt><trkpt lat="48.2675500" lon="7.4035400"><ele>188.8</ele></trkpt><trkpt lat="48.2675400" lon="7.4036300"><ele>188.7</ele></trkpt><trkpt lat="48.2675200" lon="7.4038000"><ele>188.7</ele></trkpt><trkpt lat="48.2674900" lon="7.4039700"><ele>188.4</ele></trkpt><trkpt lat="48.2674300" lon="7.4043100"><ele>188.3</ele></trkpt><trkpt lat="48.2673600" lon="7.4046500"><ele>188.2</ele></trkpt><trkpt lat="48.2672800" lon="7.4050500"><ele>188.0</ele></trkpt><trkpt lat="48.2670700" lon="7.4062400"><ele>187.8</ele></trkpt><trkpt lat="48.2670500" lon="7.4063900"><ele>187.7</ele></trkpt><trkpt lat="48.2670400" lon="7.4063900"><ele>187.5</ele></trkpt><trkpt lat="48.2670200" lon="7.4064100"><ele>187.4</ele></trkpt><trkpt lat="48.2670000" lon="7.4064300"><ele>187.3</ele></trkpt><trkpt lat="48.2669900" lon="7.4064600"><ele>187.3</ele></trkpt><trkpt lat="48.2669900" lon="7.4064900"><ele>187.1</ele></trkpt><trkpt lat="48.2669900" lon="7.4065200"><ele>186.9</ele></trkpt><trkpt lat="48.2668900" lon="7.4065800"><ele>186.7</ele></trkpt><trkpt lat="48.2668200" lon="7.4066100"><ele>186.5</ele></trkpt><trkpt lat="48.2667500" lon="7.4066200"><ele>186.4</ele></trkpt><trkpt lat="48.2663300" lon="7.4066800"><ele>186.2</ele></trkpt><trkpt lat="48.2657900" lon="7.4067500"><ele>185.9</ele></trkpt><trkpt lat="48.2655700" lon="7.4067800"><ele>185.6</ele></trkpt><trkpt lat="48.2654100" lon="7.4068000"><ele>185.4</ele></trkpt><trkpt lat="48.2653500" lon="7.4068000"><ele>185.1</ele></trkpt><trkpt lat="48.2653000" lon="7.4067900"><ele>184.7</ele></trkpt><trkpt lat="48.2652200" lon="7.4067800"><ele>184.6</ele></trkpt><trkpt lat="48.2651300" lon="7.4067500"><ele>184.4</ele></trkpt><trkpt lat="48.2650500" lon="7.4067100"><ele>184.3</ele></trkpt><trkpt lat="48.2649400" lon="7.4066500"><ele>184.3</ele></trkpt><trkpt lat="48.2648700" lon="7.4066000"><ele>184.4</ele></trkpt><trkpt lat="48.2648100" lon="7.4065400"><ele>184.5</ele></trkpt><trkpt lat="48.2647700" lon="7.4065000"><ele>184.6</ele></trkpt><trkpt lat="48.2647300" lon="7.4064500"><ele>184.7</ele></trkpt><trkpt lat="48.2647100" lon="7.4064100"><ele>184.7</ele></trkpt><trkpt lat="48.2646900" lon="7.4063500"><ele>184.6</ele></trkpt><trkpt lat="48.2646800" lon="7.4062800"><ele>184.5</ele></trkpt><trkpt lat="48.2646300" lon="7.4062800"><ele>184.5</ele></trkpt><trkpt lat="48.2645900" lon="7.4063000"><ele>184.4</ele></trkpt><trkpt lat="48.2644100" lon="7.4061300"><ele>184.3</ele></trkpt><trkpt lat="48.2642400" lon="7.4059400"><ele>184.4</ele></trkpt><trkpt lat="48.2640700" lon="7.4056900"><ele>184.5</ele></trkpt><trkpt lat="48.2639100" lon="7.4054200"><ele>184.5</ele></trkpt><trkpt lat="48.2638200" lon="7.4052800"><ele>184.6</ele></trkpt><trkpt lat="48.2637700" lon="7.4052200"><ele>184.8</ele></trkpt><trkpt lat="48.2637100" lon="7.4051800"><ele>184.8</ele></trkpt><trkpt lat="48.2636500" lon="7.4051400"><ele>184.9</ele></trkpt><trkpt lat="48.2635900" lon="7.4051100"><ele>185.0</ele></trkpt><trkpt lat="48.2634400" lon="7.4050600"><ele>184.9</ele></trkpt><trkpt lat="48.2633000" lon="7.4050200"><ele>184.9</ele></trkpt><trkpt lat="48.2632200" lon="7.4050100"><ele>184.9</ele></trkpt><trkpt lat="48.2627400" lon="7.4050200"><ele>185.2</ele></trkpt><trkpt lat="48.2624000" lon="7.4050300"><ele>185.6</ele></trkpt><trkpt lat="48.2620700" lon="7.4050400"><ele>185.9</ele></trkpt><trkpt lat="48.2617400" lon="7.4050500"><ele>186.2</ele></trkpt><trkpt lat="48.2615700" lon="7.4050500"><ele>186.5</ele></trkpt><trkpt lat="48.2614400" lon="7.4050400"><ele>186.9</ele></trkpt><trkpt lat="48.2612700" lon="7.4049800"><ele>187.2</ele></trkpt><trkpt lat="48.2611500" lon="7.4049300"><ele>187.5</ele></trkpt><trkpt lat="48.2610500" lon="7.4048800"><ele>187.9</ele></trkpt><trkpt lat="48.2610000" lon="7.4048300"><ele>188.3</ele></trkpt><trkpt lat="48.2609500" lon="7.4047600"><ele>188.4</ele></trkpt><trkpt lat="48.2609100" lon="7.4045600"><ele>188.6</ele></trkpt><trkpt lat="48.2609000" lon="7.4045200"><ele>188.9</ele></trkpt><trkpt lat="48.2608900" lon="7.4044700"><ele>189.0</ele></trkpt><trkpt lat="48.2608800" lon="7.4044300"><ele>189.0</ele></trkpt><trkpt lat="48.2608600" lon="7.4044100"><ele>189.0</ele></trkpt><trkpt lat="48.2608400" lon="7.4043900"><ele>189.0</ele></trkpt><trkpt lat="48.2608200" lon="7.4043700"><ele>189.1</ele></trkpt><trkpt lat="48.2607600" lon="7.4043300"><ele>189.1</ele></trkpt><trkpt lat="48.2606900" lon="7.4043100"><ele>189.1</ele></trkpt><trkpt lat="48.2605900" lon="7.4042700"><ele>189.0</ele></trkpt><trkpt lat="48.2605400" lon="7.4042400"><ele>189.0</ele></trkpt><trkpt lat="48.2604900" lon="7.4042100"><ele>189.4</ele></trkpt><trkpt lat="48.2604500" lon="7.4041700"><ele>189.6</ele></trkpt><trkpt lat="48.2604100" lon="7.4041100"><ele>190.1</ele></trkpt><trkpt lat="48.2602000" lon="7.4037900"><ele>190.6</ele></trkpt><trkpt lat="48.2601100" lon="7.4036500"><ele>191.1</ele></trkpt><trkpt lat="48.2600200" lon="7.4035000"><ele>191.4</ele></trkpt><trkpt lat="48.2599300" lon="7.4033400"><ele>192.3</ele></trkpt><trkpt lat="48.2598400" lon="7.4031700"><ele>193.1</ele></trkpt><trkpt lat="48.2594900" lon="7.4024100"><ele>193.8</ele></trkpt><trkpt lat="48.2592700" lon="7.4019100"><ele>194.8</ele></trkpt><trkpt lat="48.2591700" lon="7.4016500"><ele>195.5</ele></trkpt><trkpt lat="48.2590100" lon="7.4012800"><ele>195.9</ele></trkpt><trkpt lat="48.2589500" lon="7.4011500"><ele>196.1</ele></trkpt><trkpt lat="48.2589000" lon="7.4010400"><ele>196.5</ele></trkpt><trkpt lat="48.2588100" lon="7.4009700"><ele>196.5</ele></trkpt><trkpt lat="48.2585800" lon="7.4007000"><ele>196.5</ele></trkpt><trkpt lat="48.2584300" lon="7.4005600"><ele>196.5</ele></trkpt><trkpt lat="48.2580400" lon="7.4002500"><ele>196.4</ele></trkpt><trkpt lat="48.2578700" lon="7.4001400"><ele>196.4</ele></trkpt><trkpt lat="48.2575900" lon="7.3999800"><ele>196.4</ele></trkpt><trkpt lat="48.2572200" lon="7.3997900"><ele>196.7</ele></trkpt><trkpt lat="48.2568400" lon="7.3996200"><ele>197.0</ele></trkpt><trkpt lat="48.2564600" lon="7.3994600"><ele>197.5</ele></trkpt><trkpt lat="48.2563900" lon="7.3994400"><ele>197.7</ele></trkpt><trkpt lat="48.2563200" lon="7.3994300"><ele>198.2</ele></trkpt><trkpt lat="48.2562300" lon="7.3994300"><ele>198.4</ele></trkpt><trkpt lat="48.2559600" lon="7.3994400"><ele>198.6</ele></trkpt><trkpt lat="48.2558400" lon="7.3994600"><ele>198.6</ele></trkpt><trkpt lat="48.2556600" lon="7.3994400"><ele>198.8</ele></trkpt><trkpt lat="48.2554600" lon="7.3994300"><ele>198.6</ele></trkpt><trkpt lat="48.2553800" lon="7.3994200"><ele>198.6</ele></trkpt><trkpt lat="48.2551700" lon="7.3993900"><ele>198.3</ele></trkpt><trkpt lat="48.2550700" lon="7.3993700"><ele>198.1</ele></trkpt><trkpt lat="48.2545100" lon="7.3992200"><ele>197.8</ele></trkpt><trkpt lat="48.2544800" lon="7.3992100"><ele>197.3</ele></trkpt><trkpt lat="48.2542600" lon="7.3991300"><ele>197.2</ele></trkpt><trkpt lat="48.2540400" lon="7.3990200"><ele>197.0</ele></trkpt><trkpt lat="48.2537200" lon="7.3988800"><ele>196.8</ele></trkpt><trkpt lat="48.2536100" lon="7.3988000"><ele>197.1</ele></trkpt><trkpt lat="48.2535700" lon="7.3987700"><ele>197.6</ele></trkpt><trkpt lat="48.2536100" lon="7.3985800"><ele>197.8</ele></trkpt><trkpt lat="48.2535600" lon="7.3985800"><ele>198.1</ele></trkpt><trkpt lat="48.2534700" lon="7.3986200"><ele>198.5</ele></trkpt><trkpt lat="48.2532600" lon="7.3984700"><ele>198.5</ele></trkpt><trkpt lat="48.2531500" lon="7.3983900"><ele>198.5</ele></trkpt><trkpt lat="48.2529900" lon="7.3982900"><ele>198.6</ele></trkpt><trkpt lat="48.2524900" lon="7.3979700"><ele>198.6</ele></trkpt><trkpt lat="48.2523400" lon="7.3979000"><ele>198.9</ele></trkpt><trkpt lat="48.2522700" lon="7.3978700"><ele>198.9</ele></trkpt><trkpt lat="48.2521800" lon="7.3978200"><ele>199.0</ele></trkpt><trkpt lat="48.2518700" lon="7.3977200"><ele>198.6</ele></trkpt><trkpt lat="48.2514000" lon="7.3975400"><ele>198.6</ele></trkpt><trkpt lat="48.2509900" lon="7.3973400"><ele>198.1</ele></trkpt><trkpt lat="48.2509000" lon="7.3973000"><ele>197.9</ele></trkpt><trkpt lat="48.2505200" lon="7.3971200"><ele>197.7</ele></trkpt><trkpt lat="48.2504900" lon="7.3970900"><ele>197.7</ele></trkpt><trkpt lat="48.2504700" lon="7.3970700"><ele>197.8</ele></trkpt><trkpt lat="48.2504300" lon="7.3970300"><ele>197.6</ele></trkpt><trkpt lat="48.2502100" lon="7.3969200"><ele>197.3</ele></trkpt><trkpt lat="48.2494600" lon="7.3965900"><ele>197.3</ele></trkpt><trkpt lat="48.2493100" lon="7.3965200"><ele>197.1</ele></trkpt><trkpt lat="48.2492700" lon="7.3965100"><ele>196.8</ele></trkpt><trkpt lat="48.2491100" lon="7.3964500"><ele>196.8</ele></trkpt><trkpt lat="48.2489900" lon="7.3964100"><ele>196.8</ele></trkpt><trkpt lat="48.2489000" lon="7.3963900"><ele>196.9</ele></trkpt><trkpt lat="48.2488200" lon="7.3963700"><ele>197.0</ele></trkpt><trkpt lat="48.2487300" lon="7.3963700"><ele>197.1</ele></trkpt><trkpt lat="48.2486100" lon="7.3963900"><ele>197.1</ele></trkpt><trkpt lat="48.2484400" lon="7.3964400"><ele>197.3</ele></trkpt><trkpt lat="48.2482500" lon="7.3965000"><ele>197.2</ele></trkpt><trkpt lat="48.2480600" lon="7.3965500"><ele>197.4</ele></trkpt><trkpt lat="48.2479700" lon="7.3965600"><ele>197.0</ele></trkpt><trkpt lat="48.2478800" lon="7.3965700"><ele>196.8</ele></trkpt><trkpt lat="48.2473500" lon="7.3966100"><ele>196.5</ele></trkpt><trkpt lat="48.2467800" lon="7.3966500"><ele>196.2</ele></trkpt><trkpt lat="48.2465200" lon="7.3967000"><ele>195.7</ele></trkpt><trkpt lat="48.2463300" lon="7.3967300"><ele>195.6</ele></trkpt><trkpt lat="48.2462800" lon="7.3967200"><ele>195.8</ele></trkpt><trkpt lat="48.2461700" lon="7.3966700"><ele>195.9</ele></trkpt><trkpt lat="48.2455800" lon="7.3965200"><ele>196.2</ele></trkpt><trkpt lat="48.2449800" lon="7.3963400"><ele>196.8</ele></trkpt><trkpt lat="48.2447200" lon="7.3962500"><ele>197.5</ele></trkpt><trkpt lat="48.2444400" lon="7.3961800"><ele>198.0</ele></trkpt><trkpt lat="48.2442000" lon="7.3961400"><ele>198.3</ele></trkpt><trkpt lat="48.2434700" lon="7.3960300"><ele>198.5</ele></trkpt><trkpt lat="48.2429200" lon="7.3959200"><ele>198.4</ele></trkpt><trkpt lat="48.2426800" lon="7.3958500"><ele>198.3</ele></trkpt><trkpt lat="48.2426400" lon="7.3958300"><ele>198.2</ele></trkpt><trkpt lat="48.2426200" lon="7.3958200"><ele>198.2</ele></trkpt><trkpt lat="48.2425800" lon="7.3958000"><ele>198.0</ele></trkpt><trkpt lat="48.2419900" lon="7.3956600"><ele>197.8</ele></trkpt><trkpt lat="48.2416100" lon="7.3955800"><ele>197.3</ele></trkpt><trkpt lat="48.2413800" lon="7.3955500"><ele>196.9</ele></trkpt><trkpt lat="48.2407600" lon="7.3955000"><ele>196.4</ele></trkpt><trkpt lat="48.2406300" lon="7.3955000"><ele>196.1</ele></trkpt><trkpt lat="48.2404900" lon="7.3954800"><ele>195.8</ele></trkpt><trkpt lat="48.2403500" lon="7.3954300"><ele>195.6</ele></trkpt><trkpt lat="48.2400000" lon="7.3953000"><ele>195.3</ele></trkpt><trkpt lat="48.2390400" lon="7.3948700"><ele>195.3</ele></trkpt><trkpt lat="48.2382900" lon="7.3945600"><ele>195.2</ele></trkpt><trkpt lat="48.2381200" lon="7.3944800"><ele>195.3</ele></trkpt><trkpt lat="48.2379400" lon="7.3944000"><ele>195.3</ele></trkpt><trkpt lat="48.2375700" lon="7.3942700"><ele>195.4</ele></trkpt><trkpt lat="48.2374000" lon="7.3942100"><ele>195.2</ele></trkpt><trkpt lat="48.2372200" lon="7.3941400"><ele>195.1</ele></trkpt><trkpt lat="48.2371600" lon="7.3941300"><ele>194.5</ele></trkpt><trkpt lat="48.2368700" lon="7.3940300"><ele>193.9</ele></trkpt><trkpt lat="48.2358900" lon="7.3936600"><ele>193.1</ele></trkpt><trkpt lat="48.2352600" lon="7.3934200"><ele>191.8</ele></trkpt><trkpt lat="48.2349800" lon="7.3933100"><ele>190.3</ele></trkpt><trkpt lat="48.2344400" lon="7.3931000"><ele>189.1</ele></trkpt><trkpt lat="48.2339300" lon="7.3929200"><ele>188.0</ele></trkpt><trkpt lat="48.2338200" lon="7.3928600"><ele>187.2</ele></trkpt><trkpt lat="48.2337800" lon="7.3928100"><ele>186.8</ele></trkpt><trkpt lat="48.2337400" lon="7.3927500"><ele>186.7</ele></trkpt><trkpt lat="48.2337000" lon="7.3926900"><ele>186.6</ele></trkpt><trkpt lat="48.2335100" lon="7.3924500"><ele>186.5</ele></trkpt><trkpt lat="48.2334200" lon="7.3924300"><ele>186.5</ele></trkpt><trkpt lat="48.2333600" lon="7.3924300"><ele>186.5</ele></trkpt><trkpt lat="48.2333400" lon="7.3924100"><ele>186.5</ele></trkpt><trkpt lat="48.2332800" lon="7.3923500"><ele>186.6</ele></trkpt><trkpt lat="48.2332300" lon="7.3922900"><ele>186.7</ele></trkpt><trkpt lat="48.2331700" lon="7.3922300"><ele>186.7</ele></trkpt><trkpt lat="48.2331100" lon="7.3922000"><ele>186.8</ele></trkpt><trkpt lat="48.2330300" lon="7.3921500"><ele>187.2</ele></trkpt><trkpt lat="48.2329000" lon="7.3920900"><ele>187.4</ele></trkpt><trkpt lat="48.2325500" lon="7.3919400"><ele>187.6</ele></trkpt><trkpt lat="48.2324000" lon="7.3918700"><ele>188.3</ele></trkpt><trkpt lat="48.2321000" lon="7.3916700"><ele>189.1</ele></trkpt><trkpt lat="48.2318600" lon="7.3914900"><ele>189.5</ele></trkpt><trkpt lat="48.2311600" lon="7.3910100"><ele>190.1</ele></trkpt><trkpt lat="48.2305000" lon="7.3906100"><ele>190.7</ele></trkpt><trkpt lat="48.2298700" lon="7.3902300"><ele>191.2</ele></trkpt><trkpt lat="48.2293200" lon="7.3899300"><ele>191.4</ele></trkpt><trkpt lat="48.2289600" lon="7.3897500"><ele>191.6</ele></trkpt><trkpt lat="48.2289000" lon="7.3897000"><ele>191.9</ele></trkpt><trkpt lat="48.2287900" lon="7.3896100"><ele>192.5</ele></trkpt><trkpt lat="48.2284800" lon="7.3893300"><ele>192.8</ele></trkpt><trkpt lat="48.2278400" lon="7.3887200"><ele>193.3</ele></trkpt><trkpt lat="48.2274300" lon="7.3883500"><ele>193.8</ele></trkpt><trkpt lat="48.2267500" lon="7.3877400"><ele>194.2</ele></trkpt><trkpt lat="48.2260300" lon="7.3871100"><ele>194.2</ele></trkpt><trkpt lat="48.2259600" lon="7.3870700"><ele>194.3</ele></trkpt><trkpt lat="48.2259300" lon="7.3870600"><ele>194.1</ele></trkpt><trkpt lat="48.2258900" lon="7.3870500"><ele>194.0</ele></trkpt><trkpt lat="48.2257900" lon="7.3870000"><ele>194.0</ele></trkpt><trkpt lat="48.2257100" lon="7.3869600"><ele>193.9</ele></trkpt><trkpt lat="48.2255500" lon="7.3868600"><ele>193.9</ele></trkpt><trkpt lat="48.2244700" lon="7.3860300"><ele>193.9</ele></trkpt><trkpt lat="48.2238900" lon="7.3856000"><ele>193.8</ele></trkpt><trkpt lat="48.2233800" lon="7.3852000"><ele>193.8</ele></trkpt><trkpt lat="48.2231400" lon="7.3850400"><ele>193.6</ele></trkpt><trkpt lat="48.2229100" lon="7.3849100"><ele>193.2</ele></trkpt><trkpt lat="48.2225900" lon="7.3847800"><ele>192.9</ele></trkpt><trkpt lat="48.2220300" lon="7.3845800"><ele>192.6</ele></trkpt><trkpt lat="48.2215300" lon="7.3843700"><ele>192.4</ele></trkpt><trkpt lat="48.2210400" lon="7.3841800"><ele>192.4</ele></trkpt><trkpt lat="48.2208800" lon="7.3840800"><ele>192.6</ele></trkpt><trkpt lat="48.2206500" lon="7.3838800"><ele>192.7</ele></trkpt><trkpt lat="48.2201900" lon="7.3834600"><ele>192.8</ele></trkpt><trkpt lat="48.2196300" lon="7.3829700"><ele>192.9</ele></trkpt><trkpt lat="48.2194900" lon="7.3828400"><ele>192.8</ele></trkpt><trkpt lat="48.2194100" lon="7.3827700"><ele>193.0</ele></trkpt><trkpt lat="48.2193200" lon="7.3827100"><ele>193.0</ele></trkpt><trkpt lat="48.2191900" lon="7.3826300"><ele>193.2</ele></trkpt><trkpt lat="48.2190500" lon="7.3825700"><ele>193.3</ele></trkpt><trkpt lat="48.2189600" lon="7.3825300"><ele>193.6</ele></trkpt><trkpt lat="48.2188200" lon="7.3825000"><ele>193.7</ele></trkpt><trkpt lat="48.2182400" lon="7.3823800"><ele>193.9</ele></trkpt><trkpt lat="48.2178500" lon="7.3823000"><ele>193.8</ele></trkpt><trkpt lat="48.2175000" lon="7.3822000"><ele>193.7</ele></trkpt><trkpt lat="48.2172800" lon="7.3821000"><ele>193.2</ele></trkpt><trkpt lat="48.2172000" lon="7.3820800"><ele>192.3</ele></trkpt><trkpt lat="48.2165500" lon="7.3819300"><ele>191.3</ele></trkpt><trkpt lat="48.2159200" lon="7.3818500"><ele>190.2</ele></trkpt><trkpt lat="48.2152900" lon="7.3817800"><ele>189.1</ele></trkpt><trkpt lat="48.2149700" lon="7.3817400"><ele>188.2</ele></trkpt><trkpt lat="48.2148700" lon="7.3817000"><ele>187.9</ele></trkpt><trkpt lat="48.2147800" lon="7.3816300"><ele>187.7</ele></trkpt><trkpt lat="48.2146900" lon="7.3815400"><ele>187.6</ele></trkpt><trkpt lat="48.2145900" lon="7.3814300"><ele>187.3</ele></trkpt><trkpt lat="48.2145000" lon="7.3813100"><ele>187.1</ele></trkpt><trkpt lat="48.2138800" lon="7.3805600"><ele>187.0</ele></trkpt><trkpt lat="48.2135800" lon="7.3802200"><ele>186.9</ele></trkpt><trkpt lat="48.2130000" lon="7.3795500"><ele>187.0</ele></trkpt><trkpt lat="48.2128000" lon="7.3793200"><ele>187.2</ele></trkpt><trkpt lat="48.2125500" lon="7.3790200"><ele>187.4</ele></trkpt><trkpt lat="48.2124500" lon="7.3789200"><ele>187.6</ele></trkpt><trkpt lat="48.2123000" lon="7.3787600"><ele>187.8</ele></trkpt><trkpt lat="48.2121500" lon="7.3786400"><ele>187.8</ele></trkpt><trkpt lat="48.2120600" lon="7.3785800"><ele>187.9</ele></trkpt><trkpt lat="48.2119700" lon="7.3785300"><ele>188.1</ele></trkpt><trkpt lat="48.2113500" lon="7.3782700"><ele>188.2</ele></trkpt><trkpt lat="48.2111200" lon="7.3781700"><ele>188.3</ele></trkpt><trkpt lat="48.2109700" lon="7.3781000"><ele>188.5</ele></trkpt><trkpt lat="48.2107700" lon="7.3779700"><ele>188.6</ele></trkpt><trkpt lat="48.2106900" lon="7.3779000"><ele>188.7</ele></trkpt><trkpt lat="48.2105700" lon="7.3778500"><ele>188.9</ele></trkpt><trkpt lat="48.2098200" lon="7.3774400"><ele>189.2</ele></trkpt><trkpt lat="48.2094300" lon="7.3772300"><ele>189.4</ele></trkpt><trkpt lat="48.2091700" lon="7.3770400"><ele>190.3</ele></trkpt><trkpt lat="48.2090300" lon="7.3769000"><ele>190.6</ele></trkpt><trkpt lat="48.2081500" lon="7.3759900"><ele>191.3</ele></trkpt><trkpt lat="48.2079200" lon="7.3757500"><ele>192.4</ele></trkpt><trkpt lat="48.2076300" lon="7.3754600"><ele>193.4</ele></trkpt><trkpt lat="48.2066900" lon="7.3746600"><ele>194.0</ele></trkpt><trkpt lat="48.2065800" lon="7.3745800"><ele>194.1</ele></trkpt><trkpt lat="48.2062800" lon="7.3744700"><ele>194.3</ele></trkpt><trkpt lat="48.2061800" lon="7.3744600"><ele>194.3</ele></trkpt><trkpt lat="48.2061200" lon="7.3744600"><ele>194.4</ele></trkpt><trkpt lat="48.2059600" lon="7.3742400"><ele>194.5</ele></trkpt><trkpt lat="48.2057600" lon="7.3739400"><ele>194.9</ele></trkpt><trkpt lat="48.2057000" lon="7.3738300"><ele>195.2</ele></trkpt><trkpt lat="48.2056700" lon="7.3737600"><ele>195.3</ele></trkpt><trkpt lat="48.2056300" lon="7.3736800"><ele>195.6</ele></trkpt><trkpt lat="48.2056100" lon="7.3735400"><ele>196.2</ele></trkpt><trkpt lat="48.2054300" lon="7.3721400"><ele>196.7</ele></trkpt><trkpt lat="48.2054000" lon="7.3719100"><ele>197.1</ele></trkpt><trkpt lat="48.2052900" lon="7.3718900"><ele>197.5</ele></trkpt><trkpt lat="48.2050100" lon="7.3717800"><ele>197.7</ele></trkpt><trkpt lat="48.2046800" lon="7.3716200"><ele>197.6</ele></trkpt><trkpt lat="48.2046100" lon="7.3715900"><ele>197.6</ele></trkpt><trkpt lat="48.2042800" lon="7.3714500"><ele>197.6</ele></trkpt><trkpt lat="48.2042100" lon="7.3714100"><ele>197.5</ele></trkpt><trkpt lat="48.2040400" lon="7.3713300"><ele>197.7</ele></trkpt><trkpt lat="48.2038500" lon="7.3712500"><ele>198.1</ele></trkpt><trkpt lat="48.2033700" lon="7.3710400"><ele>198.5</ele></trkpt><trkpt lat="48.2025600" lon="7.3706900"><ele>198.9</ele></trkpt><trkpt lat="48.2019400" lon="7.3704100"><ele>199.4</ele></trkpt><trkpt lat="48.2019000" lon="7.3703300"><ele>199.6</ele></trkpt><trkpt lat="48.2018900" lon="7.3702000"><ele>199.5</ele></trkpt><trkpt lat="48.2018800" lon="7.3699900"><ele>199.9</ele></trkpt><trkpt lat="48.2019000" lon="7.3697600"><ele>200.4</ele></trkpt><trkpt lat="48.2021100" lon="7.3689400"><ele>200.9</ele></trkpt><trkpt lat="48.2021800" lon="7.3686800"><ele>201.4</ele></trkpt><trkpt lat="48.2022800" lon="7.3683200"><ele>201.9</ele></trkpt><trkpt lat="48.2023100" lon="7.3682300"><ele>202.3</ele></trkpt><trkpt lat="48.2026200" lon="7.3674600"><ele>202.3</ele></trkpt><trkpt lat="48.2029200" lon="7.3666900"><ele>202.4</ele></trkpt><trkpt lat="48.2028300" lon="7.3666800"><ele>202.4</ele></trkpt><trkpt lat="48.2027400" lon="7.3666900"><ele>201.5</ele></trkpt><trkpt lat="48.2025000" lon="7.3667500"><ele>200.3</ele></trkpt><trkpt lat="48.1997000" lon="7.3676200"><ele>199.3</ele></trkpt><trkpt lat="48.1994100" lon="7.3676600"><ele>198.2</ele></trkpt><trkpt lat="48.1994200" lon="7.3676100"><ele>197.3</ele></trkpt><trkpt lat="48.1994200" lon="7.3675500"><ele>197.1</ele></trkpt><trkpt lat="48.1994000" lon="7.3675100"><ele>196.7</ele></trkpt><trkpt lat="48.1990800" lon="7.3670400"><ele>196.2</ele></trkpt><trkpt lat="48.1987500" lon="7.3665800"><ele>195.7</ele></trkpt><trkpt lat="48.1986400" lon="7.3664100"><ele>194.9</ele></trkpt><trkpt lat="48.1983700" lon="7.3661100"><ele>194.3</ele></trkpt><trkpt lat="48.1977300" lon="7.3655300"><ele>194.0</ele></trkpt><trkpt lat="48.1976700" lon="7.3654900"><ele>193.5</ele></trkpt><trkpt lat="48.1972100" lon="7.3652700"><ele>192.8</ele></trkpt><trkpt lat="48.1966300" lon="7.3650000"><ele>192.3</ele></trkpt><trkpt lat="48.1956600" lon="7.3645600"><ele>191.9</ele></trkpt><trkpt lat="48.1954600" lon="7.3644700"><ele>191.5</ele></trkpt><trkpt lat="48.1952100" lon="7.3643500"><ele>191.2</ele></trkpt><trkpt lat="48.1943700" lon="7.3639800"><ele>191.1</ele></trkpt><trkpt lat="48.1943400" lon="7.3641500"><ele>191.0</ele></trkpt><trkpt lat="48.1935900" lon="7.3638500"><ele>190.8</ele></trkpt><trkpt lat="48.1933000" lon="7.3637200"><ele>190.5</ele></trkpt><trkpt lat="48.1932100" lon="7.3636500"><ele>190.7</ele></trkpt><trkpt lat="48.1931800" lon="7.3636000"><ele>190.8</ele></trkpt><trkpt lat="48.1931300" lon="7.3635600"><ele>191.0</ele></trkpt><trkpt lat="48.1930100" lon="7.3634900"><ele>191.5</ele></trkpt><trkpt lat="48.1924200" lon="7.3631300"><ele>191.9</ele></trkpt><trkpt lat="48.1917300" lon="7.3626200"><ele>192.0</ele></trkpt><trkpt lat="48.1914400" lon="7.3624400"><ele>192.3</ele></trkpt><trkpt lat="48.1913300" lon="7.3623600"><ele>192.5</ele></trkpt><trkpt lat="48.1911900" lon="7.3622400"><ele>193.1</ele></trkpt><trkpt lat="48.1904500" lon="7.3615000"><ele>193.6</ele></trkpt><trkpt lat="48.1891000" lon="7.3601400"><ele>194.2</ele></trkpt><trkpt lat="48.1890200" lon="7.3600500"><ele>194.7</ele></trkpt><trkpt lat="48.1888900" lon="7.3599700"><ele>195.5</ele></trkpt><trkpt lat="48.1886200" lon="7.3597900"><ele>195.9</ele></trkpt><trkpt lat="48.1881800" lon="7.3594800"><ele>196.0</ele></trkpt><trkpt lat="48.1881000" lon="7.3594500"><ele>195.9</ele></trkpt><trkpt lat="48.1874600" lon="7.3590000"><ele>196.0</ele></trkpt><trkpt lat="48.1862800" lon="7.3581200"><ele>195.7</ele></trkpt><trkpt lat="48.1861500" lon="7.3580200"><ele>195.3</ele></trkpt><trkpt lat="48.1852600" lon="7.3573800"><ele>195.5</ele></trkpt><trkpt lat="48.1851700" lon="7.3573000"><ele>195.7</ele></trkpt><trkpt lat="48.1845600" lon="7.3567500"><ele>195.7</ele></trkpt><trkpt lat="48.1842600" lon="7.3565400"><ele>196.2</ele></trkpt><trkpt lat="48.1834400" lon="7.3558700"><ele>196.3</ele></trkpt><trkpt lat="48.1831000" lon="7.3556100"><ele>196.5</ele></trkpt><trkpt lat="48.1829200" lon="7.3554900"><ele>197.0</ele></trkpt><trkpt lat="48.1827300" lon="7.3553800"><ele>196.8</ele></trkpt><trkpt lat="48.1825100" lon="7.3552800"><ele>196.5</ele></trkpt><trkpt lat="48.1822700" lon="7.3551800"><ele>196.3</ele></trkpt><trkpt lat="48.1820500" lon="7.3551000"><ele>195.5</ele></trkpt><trkpt lat="48.1813700" lon="7.3549700"><ele>194.5</ele></trkpt><trkpt lat="48.1810500" lon="7.3549000"><ele>194.1</ele></trkpt><trkpt lat="48.1808300" lon="7.3548100"><ele>193.8</ele></trkpt><trkpt lat="48.1807000" lon="7.3547400"><ele>193.5</ele></trkpt><trkpt lat="48.1805900" lon="7.3546700"><ele>193.3</ele></trkpt><trkpt lat="48.1800200" lon="7.3543100"><ele>193.0</ele></trkpt><trkpt lat="48.1795400" lon="7.3540600"><ele>192.9</ele></trkpt><trkpt lat="48.1793300" lon="7.3539300"><ele>195.0</ele></trkpt><trkpt lat="48.1791200" lon="7.3537900"><ele>196.6</ele></trkpt><trkpt lat="48.1787500" lon="7.3535300"><ele>198.4</ele></trkpt><trkpt lat="48.1787100" lon="7.3535000"><ele>199.0</ele></trkpt><trkpt lat="48.1786800" lon="7.3534800"><ele>199.8</ele></trkpt><trkpt lat="48.1784600" lon="7.3533600"><ele>198.4</ele></trkpt><trkpt lat="48.1784100" lon="7.3533400"><ele>196.6</ele></trkpt><trkpt lat="48.1783600" lon="7.3533300"><ele>194.7</ele></trkpt><trkpt lat="48.1781700" lon="7.3532700"><ele>194.1</ele></trkpt><trkpt lat="48.1781300" lon="7.3532600"><ele>193.3</ele></trkpt><trkpt lat="48.1780900" lon="7.3532400"><ele>192.3</ele></trkpt><trkpt lat="48.1780500" lon="7.3532200"><ele>192.6</ele></trkpt><trkpt lat="48.1780200" lon="7.3531900"><ele>192.5</ele></trkpt><trkpt lat="48.1779500" lon="7.3531200"><ele>192.4</ele></trkpt><trkpt lat="48.1779200" lon="7.3530800"><ele>192.4</ele></trkpt><trkpt lat="48.1778800" lon="7.3530300"><ele>192.2</ele></trkpt><trkpt lat="48.1776600" lon="7.3526500"><ele>191.9</ele></trkpt><trkpt lat="48.1776200" lon="7.3525900"><ele>191.9</ele></trkpt><trkpt lat="48.1775900" lon="7.3525500"><ele>191.8</ele></trkpt><trkpt lat="48.1775400" lon="7.3525200"><ele>191.5</ele></trkpt><trkpt lat="48.1772500" lon="7.3523500"><ele>191.3</ele></trkpt><trkpt lat="48.1768100" lon="7.3520900"><ele>191.1</ele></trkpt><trkpt lat="48.1766300" lon="7.3519700"><ele>190.9</ele></trkpt><trkpt lat="48.1765700" lon="7.3519200"><ele>190.8</ele></trkpt><trkpt lat="48.1765300" lon="7.3518800"><ele>190.8</ele></trkpt><trkpt lat="48.1764900" lon="7.3518400"><ele>190.7</ele></trkpt><trkpt lat="48.1764600" lon="7.3518000"><ele>190.7</ele></trkpt><trkpt lat="48.1764000" lon="7.3517400"><ele>190.6</ele></trkpt><trkpt lat="48.1762400" lon="7.3516500"><ele>190.5</ele></trkpt><trkpt lat="48.1758500" lon="7.3514300"><ele>190.1</ele></trkpt><trkpt lat="48.1751700" lon="7.3509700"><ele>189.6</ele></trkpt><trkpt lat="48.1750000" lon="7.3508300"><ele>189.3</ele></trkpt><trkpt lat="48.1743600" lon="7.3502600"><ele>188.8</ele></trkpt><trkpt lat="48.1735400" lon="7.3495500"><ele>188.5</ele></trkpt><trkpt lat="48.1732800" lon="7.3493100"><ele>188.1</ele></trkpt><trkpt lat="48.1729500" lon="7.3490800"><ele>187.8</ele></trkpt><trkpt lat="48.1728700" lon="7.3490200"><ele>187.4</ele></trkpt><trkpt lat="48.1727900" lon="7.3489500"><ele>187.2</ele></trkpt><trkpt lat="48.1721400" lon="7.3485000"><ele>186.9</ele></trkpt><trkpt lat="48.1717400" lon="7.3482200"><ele>186.7</ele></trkpt><trkpt lat="48.1715900" lon="7.3481300"><ele>186.3</ele></trkpt><trkpt lat="48.1713900" lon="7.3479400"><ele>186.0</ele></trkpt><trkpt lat="48.1700600" lon="7.3466200"><ele>185.7</ele></trkpt><trkpt lat="48.1696900" lon="7.3462600"><ele>185.4</ele></trkpt><trkpt lat="48.1696600" lon="7.3462300"><ele>185.0</ele></trkpt><trkpt lat="48.1696300" lon="7.3462000"><ele>184.8</ele></trkpt><trkpt lat="48.1689400" lon="7.3455000"><ele>184.6</ele></trkpt><trkpt lat="48.1687800" lon="7.3453500"><ele>184.5</ele></trkpt><trkpt lat="48.1683600" lon="7.3450200"><ele>184.4</ele></trkpt><trkpt lat="48.1679100" lon="7.3447300"><ele>184.3</ele></trkpt><trkpt lat="48.1671600" lon="7.3442700"><ele>184.3</ele></trkpt><trkpt lat="48.1667400" lon="7.3440500"><ele>184.7</ele></trkpt><trkpt lat="48.1659600" lon="7.3436700"><ele>184.4</ele></trkpt><trkpt lat="48.1652400" lon="7.3432800"><ele>184.1</ele></trkpt><trkpt lat="48.1646000" lon="7.3429100"><ele>183.8</ele></trkpt><trkpt lat="48.1632000" lon="7.3421600"><ele>183.8</ele></trkpt><trkpt lat="48.1620800" lon="7.3415900"><ele>183.2</ele></trkpt><trkpt lat="48.1615600" lon="7.3413400"><ele>182.9</ele></trkpt><trkpt lat="48.1613200" lon="7.3414400"><ele>182.9</ele></trkpt><trkpt lat="48.1612300" lon="7.3414300"><ele>183.0</ele></trkpt><trkpt lat="48.1611300" lon="7.3414000"><ele>182.8</ele></trkpt><trkpt lat="48.1611000" lon="7.3413900"><ele>182.9</ele></trkpt><trkpt lat="48.1610500" lon="7.3413700"><ele>182.9</ele></trkpt><trkpt lat="48.1609700" lon="7.3413400"><ele>183.1</ele></trkpt><trkpt lat="48.1608500" lon="7.3413200"><ele>183.2</ele></trkpt><trkpt lat="48.1606900" lon="7.3413600"><ele>183.3</ele></trkpt><trkpt lat="48.1606000" lon="7.3413600"><ele>183.4</ele></trkpt><trkpt lat="48.1603800" lon="7.3412700"><ele>183.6</ele></trkpt><trkpt lat="48.1593200" lon="7.3407900"><ele>183.5</ele></trkpt><trkpt lat="48.1589500" lon="7.3406200"><ele>183.6</ele></trkpt><trkpt lat="48.1589000" lon="7.3406000"><ele>183.8</ele></trkpt><trkpt lat="48.1588200" lon="7.3405600"><ele>184.2</ele></trkpt><trkpt lat="48.1583200" lon="7.3402700"><ele>184.5</ele></trkpt><trkpt lat="48.1579300" lon="7.3400500"><ele>184.9</ele></trkpt><trkpt lat="48.1578300" lon="7.3399800"><ele>185.2</ele></trkpt><trkpt lat="48.1577500" lon="7.3399000"><ele>185.3</ele></trkpt><trkpt lat="48.1576200" lon="7.3397500"><ele>185.5</ele></trkpt><trkpt lat="48.1573700" lon="7.3394600"><ele>185.8</ele></trkpt><trkpt lat="48.1572200" lon="7.3393200"><ele>186.4</ele></trkpt><trkpt lat="48.1570900" lon="7.3392200"><ele>187.0</ele></trkpt><trkpt lat="48.1568700" lon="7.3390900"><ele>188.6</ele></trkpt><trkpt lat="48.1565700" lon="7.3389500"><ele>190.4</ele></trkpt><trkpt lat="48.1561500" lon="7.3388000"><ele>191.4</ele></trkpt><trkpt lat="48.1559500" lon="7.3387300"><ele>192.5</ele></trkpt><trkpt lat="48.1557500" lon="7.3386600"><ele>193.8</ele></trkpt><trkpt lat="48.1555100" lon="7.3386000"><ele>194.7</ele></trkpt><trkpt lat="48.1550500" lon="7.3384900"><ele>195.5</ele></trkpt><trkpt lat="48.1546400" lon="7.3383800"><ele>196.7</ele></trkpt><trkpt lat="48.1544300" lon="7.3383200"><ele>198.0</ele></trkpt><trkpt lat="48.1542200" lon="7.3382300"><ele>198.6</ele></trkpt><trkpt lat="48.1540100" lon="7.3381100"><ele>199.2</ele></trkpt><trkpt lat="48.1537300" lon="7.3381200"><ele>199.0</ele></trkpt><trkpt lat="48.1534500" lon="7.3379400"><ele>199.0</ele></trkpt><trkpt lat="48.1532100" lon="7.3377500"><ele>199.2</ele></trkpt><trkpt lat="48.1531000" lon="7.3376700"><ele>199.4</ele></trkpt><trkpt lat="48.1529700" lon="7.3375800"><ele>199.0</ele></trkpt><trkpt lat="48.1528200" lon="7.3375000"><ele>199.1</ele></trkpt><trkpt lat="48.1526700" lon="7.3374200"><ele>198.9</ele></trkpt><trkpt lat="48.1524600" lon="7.3373300"><ele>198.6</ele></trkpt><trkpt lat="48.1521300" lon="7.3371900"><ele>198.1</ele></trkpt><trkpt lat="48.1517800" lon="7.3370300"><ele>197.4</ele></trkpt><trkpt lat="48.1515000" lon="7.3369200"><ele>197.0</ele></trkpt><trkpt lat="48.1513100" lon="7.3368400"><ele>196.7</ele></trkpt><trkpt lat="48.1510200" lon="7.3366900"><ele>196.2</ele></trkpt><trkpt lat="48.1508100" lon="7.3365600"><ele>196.2</ele></trkpt><trkpt lat="48.1506100" lon="7.3364100"><ele>196.5</ele></trkpt><trkpt lat="48.1503700" lon="7.3362300"><ele>196.4</ele></trkpt><trkpt lat="48.1500700" lon="7.3360000"><ele>196.2</ele></trkpt><trkpt lat="48.1498100" lon="7.3358000"><ele>196.1</ele></trkpt><trkpt lat="48.1495500" lon="7.3356100"><ele>195.6</ele></trkpt><trkpt lat="48.1492700" lon="7.3354400"><ele>195.3</ele></trkpt><trkpt lat="48.1489100" lon="7.3352500"><ele>195.3</ele></trkpt><trkpt lat="48.1488600" lon="7.3352200"><ele>195.5</ele></trkpt><trkpt lat="48.1486000" lon="7.3350500"><ele>195.7</ele></trkpt><trkpt lat="48.1482800" lon="7.3346800"><ele>195.7</ele></trkpt><trkpt lat="48.1482200" lon="7.3345800"><ele>195.7</ele></trkpt><trkpt lat="48.1477800" lon="7.3338000"><ele>195.9</ele></trkpt><trkpt lat="48.1476100" lon="7.3335300"><ele>195.9</ele></trkpt><trkpt lat="48.1473600" lon="7.3330500"><ele>195.9</ele></trkpt><trkpt lat="48.1472400" lon="7.3328600"><ele>196.0</ele></trkpt><trkpt lat="48.1471300" lon="7.3327200"><ele>196.1</ele></trkpt><trkpt lat="48.1470100" lon="7.3325900"><ele>196.1</ele></trkpt><trkpt lat="48.1467800" lon="7.3323800"><ele>196.1</ele></trkpt><trkpt lat="48.1465300" lon="7.3322400"><ele>196.1</ele></trkpt><trkpt lat="48.1464500" lon="7.3321500"><ele>196.0</ele></trkpt><trkpt lat="48.1462900" lon="7.3319800"><ele>196.0</ele></trkpt><trkpt lat="48.1461300" lon="7.3318100"><ele>195.9</ele></trkpt><trkpt lat="48.1459600" lon="7.3316200"><ele>195.9</ele></trkpt><trkpt lat="48.1458100" lon="7.3314200"><ele>196.0</ele></trkpt><trkpt lat="48.1456000" lon="7.3311300"><ele>196.0</ele></trkpt><trkpt lat="48.1455000" lon="7.3310000"><ele>195.9</ele></trkpt><trkpt lat="48.1453400" lon="7.3308300"><ele>195.8</ele></trkpt><trkpt lat="48.1450900" lon="7.3305700"><ele>195.5</ele></trkpt><trkpt lat="48.1447400" lon="7.3302000"><ele>195.2</ele></trkpt><trkpt lat="48.1444100" lon="7.3297800"><ele>194.9</ele></trkpt><trkpt lat="48.1442000" lon="7.3295000"><ele>194.8</ele></trkpt><trkpt lat="48.1440000" lon="7.3291900"><ele>195.0</ele></trkpt><trkpt lat="48.1435900" lon="7.3285300"><ele>195.3</ele></trkpt><trkpt lat="48.1433900" lon="7.3282200"><ele>195.6</ele></trkpt><trkpt lat="48.1433200" lon="7.3281400"><ele>195.9</ele></trkpt><trkpt lat="48.1429800" lon="7.3278500"><ele>196.4</ele></trkpt><trkpt lat="48.1427100" lon="7.3276500"><ele>196.6</ele></trkpt><trkpt lat="48.1424000" lon="7.3274600"><ele>197.3</ele></trkpt><trkpt lat="48.1423800" lon="7.3274400"><ele>197.9</ele></trkpt><trkpt lat="48.1423500" lon="7.3274200"><ele>198.8</ele></trkpt><trkpt lat="48.1423100" lon="7.3274000"><ele>199.4</ele></trkpt><trkpt lat="48.1417800" lon="7.3270700"><ele>200.2</ele></trkpt><trkpt lat="48.1412000" lon="7.3266600"><ele>200.6</ele></trkpt><trkpt lat="48.1405100" lon="7.3261000"><ele>200.3</ele></trkpt><trkpt lat="48.1399200" lon="7.3256200"><ele>199.7</ele></trkpt><trkpt lat="48.1395300" lon="7.3269100"><ele>198.9</ele></trkpt><trkpt lat="48.1395100" lon="7.3270500"><ele>198.1</ele></trkpt><trkpt lat="48.1387500" lon="7.3269200"><ele>197.2</ele></trkpt><trkpt lat="48.1375700" lon="7.3267600"><ele>197.1</ele></trkpt><trkpt lat="48.1372600" lon="7.3266700"><ele>197.0</ele></trkpt><trkpt lat="48.1370400" lon="7.3266100"><ele>197.0</ele></trkpt><trkpt lat="48.1367600" lon="7.3265300"><ele>196.8</ele></trkpt><trkpt lat="48.1363800" lon="7.3264700"><ele>196.6</ele></trkpt><trkpt lat="48.1360900" lon="7.3264400"><ele>196.4</ele></trkpt><trkpt lat="48.1356100" lon="7.3264400"><ele>196.2</ele></trkpt><trkpt lat="48.1354700" lon="7.3263800"><ele>196.1</ele></trkpt><trkpt lat="48.1353500" lon="7.3263100"><ele>196.1</ele></trkpt><trkpt lat="48.1352900" lon="7.3262100"><ele>196.2</ele></trkpt><trkpt lat="48.1353000" lon="7.3257800"><ele>196.4</ele></trkpt><trkpt lat="48.1352800" lon="7.3250300"><ele>196.7</ele></trkpt><trkpt lat="48.1352400" lon="7.3240700"><ele>196.9</ele></trkpt><trkpt lat="48.1352200" lon="7.3239000"><ele>197.3</ele></trkpt><trkpt lat="48.1351800" lon="7.3237500"><ele>197.6</ele></trkpt><trkpt lat="48.1351300" lon="7.3236900"><ele>197.7</ele></trkpt><trkpt lat="48.1350400" lon="7.3236300"><ele>197.7</ele></trkpt><trkpt lat="48.1348400" lon="7.3235400"><ele>197.7</ele></trkpt><trkpt lat="48.1346300" lon="7.3234800"><ele>197.7</ele></trkpt><trkpt lat="48.1344300" lon="7.3234500"><ele>197.7</ele></trkpt><trkpt lat="48.1335900" lon="7.3233900"><ele>197.8</ele></trkpt><trkpt lat="48.1335700" lon="7.3227100"><ele>198.3</ele></trkpt><trkpt lat="48.1335300" lon="7.3219300"><ele>199.1</ele></trkpt><trkpt lat="48.1334100" lon="7.3202600"><ele>199.7</ele></trkpt><trkpt lat="48.1333000" lon="7.3186000"><ele>200.2</ele></trkpt><trkpt lat="48.1330000" lon="7.3185700"><ele>200.8</ele></trkpt><trkpt lat="48.1329400" lon="7.3186600"><ele>201.1</ele></trkpt><trkpt lat="48.1328600" lon="7.3187000"><ele>201.0</ele></trkpt><trkpt lat="48.1327600" lon="7.3186600"><ele>200.9</ele></trkpt><trkpt lat="48.1327100" lon="7.3186500"><ele>200.9</ele></trkpt><trkpt lat="48.1326900" lon="7.3186500"><ele>200.8</ele></trkpt><trkpt lat="48.1325700" lon="7.3186500"><ele>200.8</ele></trkpt><trkpt lat="48.1325100" lon="7.3186200"><ele>200.9</ele></trkpt><trkpt lat="48.1324100" lon="7.3183000"><ele>201.0</ele></trkpt><trkpt lat="48.1322200" lon="7.3179500"><ele>201.2</ele></trkpt><trkpt lat="48.1320300" lon="7.3177200"><ele>201.3</ele></trkpt><trkpt lat="48.1317000" lon="7.3173500"><ele>201.4</ele></trkpt><trkpt lat="48.1316300" lon="7.3173200"><ele>201.5</ele></trkpt><trkpt lat="48.1306700" lon="7.3163000"><ele>202.6</ele></trkpt><trkpt lat="48.1301700" lon="7.3155400"><ele>203.4</ele></trkpt><trkpt lat="48.1299700" lon="7.3152600"><ele>203.6</ele></trkpt><trkpt lat="48.1297000" lon="7.3149800"><ele>203.9</ele></trkpt><trkpt lat="48.1295100" lon="7.3147800"><ele>204.1</ele></trkpt><trkpt lat="48.1292700" lon="7.3145600"><ele>204.3</ele></trkpt><trkpt lat="48.1291200" lon="7.3145400"><ele>203.8</ele></trkpt><trkpt lat="48.1290400" lon="7.3144900"><ele>203.3</ele></trkpt><trkpt lat="48.1289800" lon="7.3144600"><ele>202.9</ele></trkpt><trkpt lat="48.1287700" lon="7.3164800"><ele>202.3</ele></trkpt><trkpt lat="48.1287300" lon="7.3167200"><ele>201.6</ele></trkpt><trkpt lat="48.1286700" lon="7.3169700"><ele>200.8</ele></trkpt><trkpt lat="48.1279000" lon="7.3188200"><ele>200.0</ele></trkpt><trkpt lat="48.1275300" lon="7.3202400"><ele>199.4</ele></trkpt><trkpt lat="48.1274300" lon="7.3208600"><ele>198.8</ele></trkpt><trkpt lat="48.1274000" lon="7.3213900"><ele>198.4</ele></trkpt><trkpt lat="48.1273600" lon="7.3217100"><ele>198.0</ele></trkpt><trkpt lat="48.1272900" lon="7.3219900"><ele>197.6</ele></trkpt><trkpt lat="48.1267300" lon="7.3234200"><ele>197.1</ele></trkpt><trkpt lat="48.1261800" lon="7.3247400"><ele>196.6</ele></trkpt><trkpt lat="48.1261100" lon="7.3251600"><ele>196.4</ele></trkpt><trkpt lat="48.1259400" lon="7.3265800"><ele>196.1</ele></trkpt><trkpt lat="48.1258400" lon="7.3272100"><ele>195.8</ele></trkpt><trkpt lat="48.1256600" lon="7.3281500"><ele>196.2</ele></trkpt><trkpt lat="48.1255900" lon="7.3284400"><ele>196.7</ele></trkpt><trkpt lat="48.1254800" lon="7.3286600"><ele>197.5</ele></trkpt><trkpt lat="48.1253200" lon="7.3288800"><ele>198.4</ele></trkpt><trkpt lat="48.1250100" lon="7.3294600"><ele>200.3</ele></trkpt><trkpt lat="48.1247000" lon="7.3307600"><ele>201.0</ele></trkpt><trkpt lat="48.1244100" lon="7.3321300"><ele>200.2</ele></trkpt><trkpt lat="48.1243100" lon="7.3326000"><ele>199.9</ele></trkpt><trkpt lat="48.1241500" lon="7.3330900"><ele>198.5</ele></trkpt><trkpt lat="48.1240100" lon="7.3333400"><ele>196.6</ele></trkpt><trkpt lat="48.1237100" lon="7.3335300"><ele>196.4</ele></trkpt><trkpt lat="48.1232500" lon="7.3337600"><ele>199.3</ele></trkpt><trkpt lat="48.1229100" lon="7.3339500"><ele>201.4</ele></trkpt><trkpt lat="48.1228500" lon="7.3340000"><ele>201.8</ele></trkpt><trkpt lat="48.1226900" lon="7.3341700"><ele>200.9</ele></trkpt><trkpt lat="48.1225800" lon="7.3342900"><ele>200.3</ele></trkpt><trkpt lat="48.1223200" lon="7.3346400"><ele>198.7</ele></trkpt><trkpt lat="48.1222000" lon="7.3347800"><ele>198.0</ele></trkpt><trkpt lat="48.1219400" lon="7.3351300"><ele>196.4</ele></trkpt><trkpt lat="48.1217700" lon="7.3355600"><ele>194.0</ele></trkpt><trkpt lat="48.1216300" lon="7.3361200"><ele>192.0</ele></trkpt><trkpt lat="48.1215900" lon="7.3361900"><ele>192.1</ele></trkpt><trkpt lat="48.1215200" lon="7.3362100"><ele>192.8</ele></trkpt><trkpt lat="48.1207900" lon="7.3359700"><ele>193.3</ele></trkpt><trkpt lat="48.1205100" lon="7.3359000"><ele>194.0</ele></trkpt><trkpt lat="48.1202200" lon="7.3358600"><ele>195.6</ele></trkpt><trkpt lat="48.1200500" lon="7.3358800"><ele>196.5</ele></trkpt><trkpt lat="48.1198500" lon="7.3358900"><ele>195.7</ele></trkpt><trkpt lat="48.1197100" lon="7.3359300"><ele>195.8</ele></trkpt><trkpt lat="48.1195900" lon="7.3359900"><ele>195.2</ele></trkpt><trkpt lat="48.1191400" lon="7.3362600"><ele>193.9</ele></trkpt><trkpt lat="48.1184000" lon="7.3366100"><ele>193.0</ele></trkpt><trkpt lat="48.1179700" lon="7.3367700"><ele>193.2</ele></trkpt><trkpt lat="48.1178200" lon="7.3367700"><ele>192.9</ele></trkpt><trkpt lat="48.1176200" lon="7.3367300"><ele>192.9</ele></trkpt><trkpt lat="48.1173600" lon="7.3366800"><ele>192.9</ele></trkpt><trkpt lat="48.1172600" lon="7.3366500"><ele>193.2</ele></trkpt><trkpt lat="48.1170800" lon="7.3366000"><ele>193.4</ele></trkpt><trkpt lat="48.1167600" lon="7.3365100"><ele>193.5</ele></trkpt><trkpt lat="48.1166600" lon="7.3364900"><ele>193.5</ele></trkpt><trkpt lat="48.1164600" lon="7.3364800"><ele>193.4</ele></trkpt><trkpt lat="48.1155400" lon="7.3365900"><ele>193.3</ele></trkpt><trkpt lat="48.1153300" lon="7.3366000"><ele>193.1</ele></trkpt><trkpt lat="48.1145600" lon="7.3365700"><ele>193.2</ele></trkpt><trkpt lat="48.1144400" lon="7.3366000"><ele>193.6</ele></trkpt><trkpt lat="48.1141800" lon="7.3367300"><ele>193.6</ele></trkpt><trkpt lat="48.1139400" lon="7.3367700"><ele>194.7</ele></trkpt><trkpt lat="48.1138300" lon="7.3368200"><ele>196.0</ele></trkpt><trkpt lat="48.1137300" lon="7.3369200"><ele>197.2</ele></trkpt><trkpt lat="48.1136300" lon="7.3370800"><ele>197.7</ele></trkpt><trkpt lat="48.1135700" lon="7.3371400"><ele>198.0</ele></trkpt><trkpt lat="48.1135300" lon="7.3371700"><ele>198.2</ele></trkpt><trkpt lat="48.1134700" lon="7.3372000"><ele>198.4</ele></trkpt><trkpt lat="48.1132900" lon="7.3372600"><ele>199.1</ele></trkpt><trkpt lat="48.1132300" lon="7.3372900"><ele>199.1</ele></trkpt><trkpt lat="48.1116100" lon="7.3376700"><ele>199.5</ele></trkpt><trkpt lat="48.1111400" lon="7.3377500"><ele>199.5</ele></trkpt><trkpt lat="48.1109700" lon="7.3378400"><ele>199.0</ele></trkpt><trkpt lat="48.1108600" lon="7.3379400"><ele>198.0</ele></trkpt><trkpt lat="48.1105100" lon="7.3383000"><ele>197.4</ele></trkpt><trkpt lat="48.1097100" lon="7.3391200"><ele>196.6</ele></trkpt><trkpt lat="48.1090800" lon="7.3397400"><ele>195.9</ele></trkpt><trkpt lat="48.1089400" lon="7.3398200"><ele>195.5</ele></trkpt><trkpt lat="48.1084200" lon="7.3401000"><ele>195.4</ele></trkpt><trkpt lat="48.1082500" lon="7.3402200"><ele>195.2</ele></trkpt><trkpt lat="48.1082200" lon="7.3402400"><ele>195.3</ele></trkpt><trkpt lat="48.1079700" lon="7.3404100"><ele>195.3</ele></trkpt><trkpt lat="48.1077400" lon="7.3405600"><ele>195.3</ele></trkpt><trkpt lat="48.1073600" lon="7.3407800"><ele>195.1</ele></trkpt><trkpt lat="48.1070700" lon="7.3409100"><ele>195.2</ele></trkpt><trkpt lat="48.1062700" lon="7.3412600"><ele>195.1</ele></trkpt><trkpt lat="48.1057100" lon="7.3415300"><ele>195.1</ele></trkpt><trkpt lat="48.1054400" lon="7.3416700"><ele>195.1</ele></trkpt><trkpt lat="48.1050000" lon="7.3418900"><ele>195.3</ele></trkpt><trkpt lat="48.1046200" lon="7.3419900"><ele>195.3</ele></trkpt><trkpt lat="48.1044400" lon="7.3419600"><ele>195.3</ele></trkpt><trkpt lat="48.1043200" lon="7.3419400"><ele>195.3</ele></trkpt><trkpt lat="48.1040400" lon="7.3420000"><ele>195.3</ele></trkpt><trkpt lat="48.1030600" lon="7.3422700"><ele>195.3</ele></trkpt><trkpt lat="48.1027800" lon="7.3423600"><ele>195.3</ele></trkpt><trkpt lat="48.1021800" lon="7.3425700"><ele>195.3</ele></trkpt><trkpt lat="48.1020000" lon="7.3426700"><ele>195.4</ele></trkpt><trkpt lat="48.1015400" lon="7.3430200"><ele>195.5</ele></trkpt><trkpt lat="48.1013400" lon="7.3431600"><ele>195.6</ele></trkpt><trkpt lat="48.1006400" lon="7.3436000"><ele>195.7</ele></trkpt><trkpt lat="48.1000400" lon="7.3440900"><ele>195.8</ele></trkpt><trkpt lat="48.0996500" lon="7.3442700"><ele>195.8</ele></trkpt><trkpt lat="48.0992900" lon="7.3444000"><ele>195.8</ele></trkpt><trkpt lat="48.0991800" lon="7.3444500"><ele>195.8</ele></trkpt><trkpt lat="48.0990500" lon="7.3445400"><ele>195.8</ele></trkpt><trkpt lat="48.0987300" lon="7.3447300"><ele>195.7</ele></trkpt><trkpt lat="48.0982600" lon="7.3450100"><ele>195.5</ele></trkpt><trkpt lat="48.0976400" lon="7.3455700"><ele>195.4</ele></trkpt><trkpt lat="48.0974500" lon="7.3457000"><ele>195.1</ele></trkpt><trkpt lat="48.0970600" lon="7.3458300"><ele>195.0</ele></trkpt><trkpt lat="48.0962700" lon="7.3461200"><ele>194.9</ele></trkpt><trkpt lat="48.0960200" lon="7.3462800"><ele>195.0</ele></trkpt><trkpt lat="48.0957600" lon="7.3465000"><ele>195.0</ele></trkpt><trkpt lat="48.0943500" lon="7.3479200"><ele>195.0</ele></trkpt><trkpt lat="48.0940400" lon="7.3482500"><ele>195.0</ele></trkpt><trkpt lat="48.0938900" lon="7.3483600"><ele>194.8</ele></trkpt><trkpt lat="48.0937600" lon="7.3484400"><ele>194.5</ele></trkpt><trkpt lat="48.0936300" lon="7.3485200"><ele>194.5</ele></trkpt><trkpt lat="48.0932500" lon="7.3487000"><ele>194.4</ele></trkpt><trkpt lat="48.0931200" lon="7.3487400"><ele>194.4</ele></trkpt><trkpt lat="48.0930200" lon="7.3487400"><ele>194.6</ele></trkpt><trkpt lat="48.0929200" lon="7.3487000"><ele>195.0</ele></trkpt><trkpt lat="48.0928100" lon="7.3486100"><ele>195.2</ele></trkpt><trkpt lat="48.0927400" lon="7.3488100"><ele>195.6</ele></trkpt><trkpt lat="48.0925200" lon="7.3488400"><ele>196.1</ele></trkpt><trkpt lat="48.0924000" lon="7.3488800"><ele>196.3</ele></trkpt><trkpt lat="48.0922800" lon="7.3489400"><ele>196.4</ele></trkpt><trkpt lat="48.0921900" lon="7.3489900"><ele>196.7</ele></trkpt><trkpt lat="48.0922400" lon="7.3491300"><ele>196.3</ele></trkpt><trkpt lat="48.0923700" lon="7.3495800"><ele>196.0</ele></trkpt><trkpt lat="48.0926100" lon="7.3509800"><ele>195.5</ele></trkpt><trkpt lat="48.0927500" lon="7.3517600"><ele>195.3</ele></trkpt><trkpt lat="48.0928200" lon="7.3522000"><ele>194.7</ele></trkpt><trkpt lat="48.0928900" lon="7.3528500"><ele>194.5</ele></trkpt><trkpt lat="48.0930500" lon="7.3546700"><ele>194.4</ele></trkpt><trkpt lat="48.0930500" lon="7.3548900"><ele>194.1</ele></trkpt><trkpt lat="48.0930000" lon="7.3551100"><ele>193.5</ele></trkpt><trkpt lat="48.0929700" lon="7.3552800"><ele>193.2</ele></trkpt><trkpt lat="48.0929600" lon="7.3553200"><ele>192.8</ele></trkpt><trkpt lat="48.0929300" lon="7.3553800"><ele>192.5</ele></trkpt><trkpt lat="48.0928400" lon="7.3557900"><ele>192.4</ele></trkpt><trkpt lat="48.0928300" lon="7.3558500"><ele>192.4</ele></trkpt><trkpt lat="48.0928500" lon="7.3559400"><ele>192.4</ele></trkpt><trkpt lat="48.0928800" lon="7.3560600"><ele>192.4</ele></trkpt><trkpt lat="48.0928900" lon="7.3561400"><ele>192.4</ele></trkpt><trkpt lat="48.0928900" lon="7.3562200"><ele>192.4</ele></trkpt><trkpt lat="48.0928500" lon="7.3562600"><ele>192.4</ele></trkpt><trkpt lat="48.0926300" lon="7.3562100"><ele>192.5</ele></trkpt><trkpt lat="48.0925100" lon="7.3561200"><ele>192.7</ele></trkpt><trkpt lat="48.0923400" lon="7.3562100"><ele>192.8</ele></trkpt><trkpt lat="48.0907900" lon="7.3570100"><ele>193.0</ele></trkpt><trkpt lat="48.0906400" lon="7.3571000"><ele>193.9</ele></trkpt><trkpt lat="48.0905600" lon="7.3571200"><ele>194.4</ele></trkpt><trkpt lat="48.0902400" lon="7.3572500"><ele>194.9</ele></trkpt><trkpt lat="48.0901900" lon="7.3572700"><ele>194.9</ele></trkpt><trkpt lat="48.0901800" lon="7.3572800"><ele>194.7</ele></trkpt><trkpt lat="48.0899000" lon="7.3574100"><ele>193.8</ele></trkpt><trkpt lat="48.0896000" lon="7.3575100"><ele>193.2</ele></trkpt><trkpt lat="48.0895700" lon="7.3575200"><ele>192.5</ele></trkpt><trkpt lat="48.0887800" lon="7.3577800"><ele>192.2</ele></trkpt><trkpt lat="48.0885200" lon="7.3578400"><ele>192.2</ele></trkpt><trkpt lat="48.0885200" lon="7.3579400"><ele>192.1</ele></trkpt><trkpt lat="48.0885500" lon="7.3583000"><ele>192.1</ele></trkpt><trkpt lat="48.0885400" lon="7.3593800"><ele>192.2</ele></trkpt><trkpt lat="48.0885400" lon="7.3595400"><ele>193.1</ele></trkpt><trkpt lat="48.0885400" lon="7.3596900"><ele>193.9</ele></trkpt><trkpt lat="48.0883700" lon="7.3597400"><ele>194.4</ele></trkpt><trkpt lat="48.0882600" lon="7.3597700"><ele>195.0</ele></trkpt><trkpt lat="48.0878000" lon="7.3600100"><ele>195.6</ele></trkpt><trkpt lat="48.0870600" lon="7.3604500"><ele>195.6</ele></trkpt><trkpt lat="48.0869200" lon="7.3605400"><ele>195.8</ele></trkpt><trkpt lat="48.0861100" lon="7.3610300"><ele>196.3</ele></trkpt><trkpt lat="48.0858700" lon="7.3611800"><ele>196.6</ele></trkpt><trkpt lat="48.0849300" lon="7.3617000"><ele>196.6</ele></trkpt><trkpt lat="48.0849100" lon="7.3617100"><ele>196.3</ele></trkpt><trkpt lat="48.0846800" lon="7.3618400"><ele>195.7</ele></trkpt><trkpt lat="48.0846600" lon="7.3617200"><ele>195.4</ele></trkpt><trkpt lat="48.0845600" lon="7.3617200"><ele>195.3</ele></trkpt><trkpt lat="48.0844800" lon="7.3617600"><ele>195.2</ele></trkpt><trkpt lat="48.0843900" lon="7.3617600"><ele>194.8</ele></trkpt><trkpt lat="48.0835600" lon="7.3613200"><ele>195.2</ele></trkpt><trkpt lat="48.0825000" lon="7.3608000"><ele>195.3</ele></trkpt><trkpt lat="48.0820600" lon="7.3605700"><ele>195.1</ele></trkpt><trkpt lat="48.0820100" lon="7.3605400"><ele>195.4</ele></trkpt><trkpt lat="48.0819200" lon="7.3605000"><ele>195.7</ele></trkpt><trkpt lat="48.0817600" lon="7.3604200"><ele>195.7</ele></trkpt><trkpt lat="48.0813900" lon="7.3602400"><ele>195.7</ele></trkpt><trkpt lat="48.0813500" lon="7.3602200"><ele>195.7</ele></trkpt><trkpt lat="48.0812700" lon="7.3601800"><ele>195.4</ele></trkpt><trkpt lat="48.0810000" lon="7.3600500"><ele>195.2</ele></trkpt><trkpt lat="48.0807400" lon="7.3599400"><ele>195.3</ele></trkpt><trkpt lat="48.0807100" lon="7.3599300"><ele>195.3</ele></trkpt><trkpt lat="48.0806800" lon="7.3599100"><ele>195.5</ele></trkpt><trkpt lat="48.0806600" lon="7.3599000"><ele>195.7</ele></trkpt><trkpt lat="48.0806200" lon="7.3598900"><ele>196.2</ele></trkpt><trkpt lat="48.0804300" lon="7.3598100"><ele>196.6</ele></trkpt><trkpt lat="48.0798000" lon="7.3593400"><ele>196.9</ele></trkpt><trkpt lat="48.0789200" lon="7.3588300"><ele>197.3</ele></trkpt><trkpt lat="48.0793600" lon="7.3585100"><ele>197.3</ele></trkpt></trkseg></trk></gpx>