<?xml version="1.0" encoding="UTF-8"?>
<gpx xmlns:gpxdata="http://www.cluetrust.com/XML/GPXDATA/1/0" xmlns:xsi="http://www.w3.org/2001/XMLSchema-instance" xmlns="http://www.topografix.com/GPX/1/1" version="1.1" creator="http://ridewithgps.com/" xsi:schemaLocation="http://www.topografix.com/GPX/1/1 http://www.topografix.com/GPX/1/1/gpx.xsd http://www.cluetrust.com/XML/GPXDATA/1/0 http://www.cluetrust.com/Schemas/gpxdata10.xsd">
  <metadata>
    <name>Jour 20 - Tain - L'Hermitage @ Montélimar</name>
    <link href="https://ridewithgps.com/routes/56830705">
      <text>Jour 20 - Tain - L'Hermitage @ Montélimar</text>
    </link>
    <time>2026-08-24T15:25:03Z</time>
  </metadata>
  <trk>
    <name>Jour 20 - Tain - L'Hermitage @ Montélimar</name>
    <trkseg>
      <trkpt lat="45.06897" lon="4.84221">
        <ele>121.1</ele>
      </trkpt>
      <trkpt lat="45.06901" lon="4.84208">
        <ele>121.1</ele>
      </trkpt>
      <trkpt lat="45.06889" lon="4.84201">
        <ele>121.6</ele>
      </trkpt>
      <trkpt lat="45.06876" lon="4.84199">
        <ele>122.1</ele>
      </trkpt>
      <trkpt lat="45.0682" lon="4.84167">
        <ele>122.7</ele>
      </trkpt>
      <trkpt lat="45.06755" lon="4.84126">
        <ele>116.4</ele>
      </trkpt>
      <trkpt lat="45.06689" lon="4.84085">
        <ele>116.0</ele>
      </trkpt>
      <trkpt lat="45.06633" lon="4.84051">
        <ele>116.0</ele>
      </trkpt>
      <trkpt lat="45.06577" lon="4.84017">
        <ele>116.9</ele>
      </trkpt>
      <trkpt lat="45.06577" lon="4.84017">
        <ele>116.9</ele>
      </trkpt>
      <trkpt lat="45.06577" lon="4.84017">
        <ele>116.9</ele>
      </trkpt>
      <trkpt lat="45.06633" lon="4.84051">
        <ele>117.9</ele>
      </trkpt>
      <trkpt lat="45.06689" lon="4.84085">
        <ele>118.8</ele>
      </trkpt>
      <trkpt lat="45.06755" lon="4.84126">
        <ele>120.0</ele>
      </trkpt>
      <trkpt lat="45.0682" lon="4.84167">
        <ele>121.1</ele>
      </trkpt>
      <trkpt lat="45.06876" lon="4.84199">
        <ele>122.1</ele>
      </trkpt>
      <trkpt lat="45.06886" lon="4.84211">
        <ele>121.6</ele>
      </trkpt>
      <trkpt lat="45.06898" lon="4.84219">
        <ele>121.0</ele>
      </trkpt>
      <trkpt lat="45.06902" lon="4.84219">
        <ele>120.9</ele>
      </trkpt>
      <trkpt lat="45.06905" lon="4.84218">
        <ele>120.8</ele>
      </trkpt>
      <trkpt lat="45.06912" lon="4.84208">
        <ele>120.7</ele>
      </trkpt>
      <trkpt lat="45.06915" lon="4.84197">
        <ele>120.7</ele>
      </trkpt>
      <trkpt lat="45.06918" lon="4.84173">
        <ele>120.9</ele>
      </trkpt>
      <trkpt lat="45.06924" lon="4.84153">
        <ele>121.1</ele>
      </trkpt>
      <trkpt lat="45.06916" lon="4.84147">
        <ele>121.0</ele>
      </trkpt>
      <trkpt lat="45.06912" lon="4.84138">
        <ele>121.1</ele>
      </trkpt>
      <trkpt lat="45.0691" lon="4.84129">
        <ele>121.2</ele>
      </trkpt>
      <trkpt lat="45.06889" lon="4.84014">
        <ele>123.9</ele>
      </trkpt>
      <trkpt lat="45.06848" lon="4.83945">
        <ele>124.8</ele>
      </trkpt>
      <trkpt lat="45.06842" lon="4.83939">
        <ele>124.9</ele>
      </trkpt>
      <trkpt lat="45.06839" lon="4.83937">
        <ele>124.9</ele>
      </trkpt>
      <trkpt lat="45.06836" lon="4.83946">
        <ele>125.0</ele>
      </trkpt>
      <trkpt lat="45.06831" lon="4.83957">
        <ele>124.7</ele>
      </trkpt>
      <trkpt lat="45.06816" lon="4.84031">
        <ele>122.5</ele>
      </trkpt>
      <trkpt lat="45.06802" lon="4.84106">
        <ele>120.5</ele>
      </trkpt>
      <trkpt lat="45.06804" lon="4.84125">
        <ele>120.9</ele>
      </trkpt>
      <trkpt lat="45.06792" lon="4.84168">
        <ele>120.1</ele>
      </trkpt>
      <trkpt lat="45.06775" lon="4.84192">
        <ele>119.6</ele>
      </trkpt>
      <trkpt lat="45.06768" lon="4.84222">
        <ele>120.7</ele>
      </trkpt>
      <trkpt lat="45.06745" lon="4.84326">
        <ele>120.8</ele>
      </trkpt>
      <trkpt lat="45.06722" lon="4.84429">
        <ele>120.7</ele>
      </trkpt>
      <trkpt lat="45.06703" lon="4.84529">
        <ele>120.9</ele>
      </trkpt>
      <trkpt lat="45.06707" lon="4.84552">
        <ele>120.3</ele>
      </trkpt>
      <trkpt lat="45.06699" lon="4.84605">
        <ele>119.6</ele>
      </trkpt>
      <trkpt lat="45.06693" lon="4.84622">
        <ele>119.8</ele>
      </trkpt>
      <trkpt lat="45.06682" lon="4.84718">
        <ele>120.6</ele>
      </trkpt>
      <trkpt lat="45.06671" lon="4.84814">
        <ele>121.7</ele>
      </trkpt>
      <trkpt lat="45.0666" lon="4.8491">
        <ele>122.4</ele>
      </trkpt>
      <trkpt lat="45.06651" lon="4.84965">
        <ele>120.7</ele>
      </trkpt>
      <trkpt lat="45.06642" lon="4.8502">
        <ele>119.5</ele>
      </trkpt>
      <trkpt lat="45.06621" lon="4.85127">
        <ele>119.2</ele>
      </trkpt>
      <trkpt lat="45.06602" lon="4.85191">
        <ele>120.5</ele>
      </trkpt>
      <trkpt lat="45.06584" lon="4.85254">
        <ele>122.0</ele>
      </trkpt>
      <trkpt lat="45.06548" lon="4.85361">
        <ele>119.2</ele>
      </trkpt>
      <trkpt lat="45.06523" lon="4.8542">
        <ele>117.4</ele>
      </trkpt>
      <trkpt lat="45.06499" lon="4.8548">
        <ele>120.3</ele>
      </trkpt>
      <trkpt lat="45.06472" lon="4.85543">
        <ele>119.0</ele>
      </trkpt>
      <trkpt lat="45.06445" lon="4.85605">
        <ele>118.0</ele>
      </trkpt>
      <trkpt lat="45.06408" lon="4.85676">
        <ele>121.3</ele>
      </trkpt>
      <trkpt lat="45.0637" lon="4.85748">
        <ele>118.1</ele>
      </trkpt>
      <trkpt lat="45.06331" lon="4.85796">
        <ele>118.8</ele>
      </trkpt>
      <trkpt lat="45.06292" lon="4.85845">
        <ele>117.8</ele>
      </trkpt>
      <trkpt lat="45.0629" lon="4.85851">
        <ele>117.7</ele>
      </trkpt>
      <trkpt lat="45.06285" lon="4.85857">
        <ele>117.6</ele>
      </trkpt>
      <trkpt lat="45.06276" lon="4.85865">
        <ele>117.4</ele>
      </trkpt>
      <trkpt lat="45.0626" lon="4.8588">
        <ele>117.1</ele>
      </trkpt>
      <trkpt lat="45.06239" lon="4.85896">
        <ele>117.3</ele>
      </trkpt>
      <trkpt lat="45.06206" lon="4.85927">
        <ele>118.1</ele>
      </trkpt>
      <trkpt lat="45.0616" lon="4.85962">
        <ele>118.4</ele>
      </trkpt>
      <trkpt lat="45.06113" lon="4.85996">
        <ele>118.2</ele>
      </trkpt>
      <trkpt lat="45.06057" lon="4.86035">
        <ele>117.5</ele>
      </trkpt>
      <trkpt lat="45.06005" lon="4.86067">
        <ele>117.4</ele>
      </trkpt>
      <trkpt lat="45.05991" lon="4.86077">
        <ele>117.8</ele>
      </trkpt>
      <trkpt lat="45.05984" lon="4.86079">
        <ele>117.8</ele>
      </trkpt>
      <trkpt lat="45.05961" lon="4.86079">
        <ele>117.8</ele>
      </trkpt>
      <trkpt lat="45.05918" lon="4.86099">
        <ele>118.0</ele>
      </trkpt>
      <trkpt lat="45.0588" lon="4.8612">
        <ele>117.5</ele>
      </trkpt>
      <trkpt lat="45.058" lon="4.8616">
        <ele>117.9</ele>
      </trkpt>
      <trkpt lat="45.05756" lon="4.86179">
        <ele>117.1</ele>
      </trkpt>
      <trkpt lat="45.05692" lon="4.86201">
        <ele>117.0</ele>
      </trkpt>
      <trkpt lat="45.05643" lon="4.86211">
        <ele>116.9</ele>
      </trkpt>
      <trkpt lat="45.05576" lon="4.86218">
        <ele>116.8</ele>
      </trkpt>
      <trkpt lat="45.0553" lon="4.86216">
        <ele>116.4</ele>
      </trkpt>
      <trkpt lat="45.05484" lon="4.86214">
        <ele>116.0</ele>
      </trkpt>
      <trkpt lat="45.05405" lon="4.86199">
        <ele>115.8</ele>
      </trkpt>
      <trkpt lat="45.05354" lon="4.8618">
        <ele>117.3</ele>
      </trkpt>
      <trkpt lat="45.05304" lon="4.86161">
        <ele>117.8</ele>
      </trkpt>
      <trkpt lat="45.05251" lon="4.86131">
        <ele>116.7</ele>
      </trkpt>
      <trkpt lat="45.05199" lon="4.86101">
        <ele>116.5</ele>
      </trkpt>
      <trkpt lat="45.05137" lon="4.86057">
        <ele>117.3</ele>
      </trkpt>
      <trkpt lat="45.05076" lon="4.86012">
        <ele>119.1</ele>
      </trkpt>
      <trkpt lat="45.0502" lon="4.8597">
        <ele>118.0</ele>
      </trkpt>
      <trkpt lat="45.04964" lon="4.85928">
        <ele>116.3</ele>
      </trkpt>
      <trkpt lat="45.04909" lon="4.85886">
        <ele>116.1</ele>
      </trkpt>
      <trkpt lat="45.04853" lon="4.85836">
        <ele>117.1</ele>
      </trkpt>
      <trkpt lat="45.04798" lon="4.85785">
        <ele>116.8</ele>
      </trkpt>
      <trkpt lat="45.04742" lon="4.85735">
        <ele>116.6</ele>
      </trkpt>
      <trkpt lat="45.04691" lon="4.85679">
        <ele>115.8</ele>
      </trkpt>
      <trkpt lat="45.04639" lon="4.85622">
        <ele>115.6</ele>
      </trkpt>
      <trkpt lat="45.04583" lon="4.85545">
        <ele>115.1</ele>
      </trkpt>
      <trkpt lat="45.04527" lon="4.85467">
        <ele>116.3</ele>
      </trkpt>
      <trkpt lat="45.04479" lon="4.8539">
        <ele>116.7</ele>
      </trkpt>
      <trkpt lat="45.04431" lon="4.85312">
        <ele>115.7</ele>
      </trkpt>
      <trkpt lat="45.04382" lon="4.85234">
        <ele>118.4</ele>
      </trkpt>
      <trkpt lat="45.04342" lon="4.85163">
        <ele>118.2</ele>
      </trkpt>
      <trkpt lat="45.04321" lon="4.85131">
        <ele>119.1</ele>
      </trkpt>
      <trkpt lat="45.04304" lon="4.85095">
        <ele>120.7</ele>
      </trkpt>
      <trkpt lat="45.04261" lon="4.85024">
        <ele>118.0</ele>
      </trkpt>
      <trkpt lat="45.04218" lon="4.84953">
        <ele>119.4</ele>
      </trkpt>
      <trkpt lat="45.04196" lon="4.84925">
        <ele>121.0</ele>
      </trkpt>
      <trkpt lat="45.04145" lon="4.84854">
        <ele>117.0</ele>
      </trkpt>
      <trkpt lat="45.04094" lon="4.84784">
        <ele>115.5</ele>
      </trkpt>
      <trkpt lat="45.04059" lon="4.84741">
        <ele>114.0</ele>
      </trkpt>
      <trkpt lat="45.04015" lon="4.84692">
        <ele>114.0</ele>
      </trkpt>
      <trkpt lat="45.03963" lon="4.84643">
        <ele>114.4</ele>
      </trkpt>
      <trkpt lat="45.03911" lon="4.84595">
        <ele>114.5</ele>
      </trkpt>
      <trkpt lat="45.03845" lon="4.84538">
        <ele>114.2</ele>
      </trkpt>
      <trkpt lat="45.0378" lon="4.84481">
        <ele>115.0</ele>
      </trkpt>
      <trkpt lat="45.03714" lon="4.84424">
        <ele>114.2</ele>
      </trkpt>
      <trkpt lat="45.0367" lon="4.84389">
        <ele>114.3</ele>
      </trkpt>
      <trkpt lat="45.03626" lon="4.84353">
        <ele>114.6</ele>
      </trkpt>
      <trkpt lat="45.03557" lon="4.84311">
        <ele>115.2</ele>
      </trkpt>
      <trkpt lat="45.03513" lon="4.84287">
        <ele>115.0</ele>
      </trkpt>
      <trkpt lat="45.03468" lon="4.84263">
        <ele>116.4</ele>
      </trkpt>
      <trkpt lat="45.03391" lon="4.84233">
        <ele>117.7</ele>
      </trkpt>
      <trkpt lat="45.03321" lon="4.84212">
        <ele>113.9</ele>
      </trkpt>
      <trkpt lat="45.03266" lon="4.84202">
        <ele>114.8</ele>
      </trkpt>
      <trkpt lat="45.03177" lon="4.84191">
        <ele>114.7</ele>
      </trkpt>
      <trkpt lat="45.0311" lon="4.84193">
        <ele>114.7</ele>
      </trkpt>
      <trkpt lat="45.03043" lon="4.84195">
        <ele>114.5</ele>
      </trkpt>
      <trkpt lat="45.0296" lon="4.84209">
        <ele>115.3</ele>
      </trkpt>
      <trkpt lat="45.02888" lon="4.84226">
        <ele>115.3</ele>
      </trkpt>
      <trkpt lat="45.02819" lon="4.84253">
        <ele>113.4</ele>
      </trkpt>
      <trkpt lat="45.02776" lon="4.84273">
        <ele>115.1</ele>
      </trkpt>
      <trkpt lat="45.02732" lon="4.84294">
        <ele>116.3</ele>
      </trkpt>
      <trkpt lat="45.02652" lon="4.84339">
        <ele>118.9</ele>
      </trkpt>
      <trkpt lat="45.02609" lon="4.84372">
        <ele>116.7</ele>
      </trkpt>
      <trkpt lat="45.02566" lon="4.84405">
        <ele>115.7</ele>
      </trkpt>
      <trkpt lat="45.02504" lon="4.84465">
        <ele>117.2</ele>
      </trkpt>
      <trkpt lat="45.02441" lon="4.84525">
        <ele>116.3</ele>
      </trkpt>
      <trkpt lat="45.02369" lon="4.84597">
        <ele>116.1</ele>
      </trkpt>
      <trkpt lat="45.02296" lon="4.8467">
        <ele>115.4</ele>
      </trkpt>
      <trkpt lat="45.02224" lon="4.84742">
        <ele>115.1</ele>
      </trkpt>
      <trkpt lat="45.02152" lon="4.84814">
        <ele>115.8</ele>
      </trkpt>
      <trkpt lat="45.02079" lon="4.84887">
        <ele>114.4</ele>
      </trkpt>
      <trkpt lat="45.02007" lon="4.84959">
        <ele>113.7</ele>
      </trkpt>
      <trkpt lat="45.01979" lon="4.84991">
        <ele>114.0</ele>
      </trkpt>
      <trkpt lat="45.01907" lon="4.85062">
        <ele>114.6</ele>
      </trkpt>
      <trkpt lat="45.01836" lon="4.85133">
        <ele>115.1</ele>
      </trkpt>
      <trkpt lat="45.01764" lon="4.85204">
        <ele>114.4</ele>
      </trkpt>
      <trkpt lat="45.01693" lon="4.85274">
        <ele>114.3</ele>
      </trkpt>
      <trkpt lat="45.01629" lon="4.85333">
        <ele>114.7</ele>
      </trkpt>
      <trkpt lat="45.01566" lon="4.85392">
        <ele>116.5</ele>
      </trkpt>
      <trkpt lat="45.01507" lon="4.85439">
        <ele>114.9</ele>
      </trkpt>
      <trkpt lat="45.01468" lon="4.85469">
        <ele>115.5</ele>
      </trkpt>
      <trkpt lat="45.0141" lon="4.85511">
        <ele>113.3</ele>
      </trkpt>
      <trkpt lat="45.01351" lon="4.85552">
        <ele>117.3</ele>
      </trkpt>
      <trkpt lat="45.01307" lon="4.85578">
        <ele>117.1</ele>
      </trkpt>
      <trkpt lat="45.01263" lon="4.85604">
        <ele>115.0</ele>
      </trkpt>
      <trkpt lat="45.01199" lon="4.8564">
        <ele>117.4</ele>
      </trkpt>
      <trkpt lat="45.01136" lon="4.85676">
        <ele>120.2</ele>
      </trkpt>
      <trkpt lat="45.01072" lon="4.85713">
        <ele>119.9</ele>
      </trkpt>
      <trkpt lat="45.01008" lon="4.85749">
        <ele>119.1</ele>
      </trkpt>
      <trkpt lat="45.00932" lon="4.85792">
        <ele>115.7</ele>
      </trkpt>
      <trkpt lat="45.00855" lon="4.85834">
        <ele>117.8</ele>
      </trkpt>
      <trkpt lat="45.00779" lon="4.85877">
        <ele>117.4</ele>
      </trkpt>
      <trkpt lat="45.00697" lon="4.85924">
        <ele>118.9</ele>
      </trkpt>
      <trkpt lat="45.00615" lon="4.85971">
        <ele>118.3</ele>
      </trkpt>
      <trkpt lat="45.00532" lon="4.86018">
        <ele>116.4</ele>
      </trkpt>
      <trkpt lat="45.0045" lon="4.86065">
        <ele>118.6</ele>
      </trkpt>
      <trkpt lat="45.00368" lon="4.86111">
        <ele>117.0</ele>
      </trkpt>
      <trkpt lat="45.00285" lon="4.86158">
        <ele>117.8</ele>
      </trkpt>
      <trkpt lat="45.00203" lon="4.86205">
        <ele>116.8</ele>
      </trkpt>
      <trkpt lat="45.00121" lon="4.86252">
        <ele>118.5</ele>
      </trkpt>
      <trkpt lat="45.00038" lon="4.86299">
        <ele>117.0</ele>
      </trkpt>
      <trkpt lat="44.99956" lon="4.86345">
        <ele>112.0</ele>
      </trkpt>
      <trkpt lat="44.99874" lon="4.86392">
        <ele>115.9</ele>
      </trkpt>
      <trkpt lat="44.99805" lon="4.86429">
        <ele>116.1</ele>
      </trkpt>
      <trkpt lat="44.99729" lon="4.86471">
        <ele>114.8</ele>
      </trkpt>
      <trkpt lat="44.99653" lon="4.86514">
        <ele>116.1</ele>
      </trkpt>
      <trkpt lat="44.99577" lon="4.86557">
        <ele>113.9</ele>
      </trkpt>
      <trkpt lat="44.99513" lon="4.86594">
        <ele>112.8</ele>
      </trkpt>
      <trkpt lat="44.99448" lon="4.86631">
        <ele>114.1</ele>
      </trkpt>
      <trkpt lat="44.99384" lon="4.86668">
        <ele>114.5</ele>
      </trkpt>
      <trkpt lat="44.9932" lon="4.86705">
        <ele>114.7</ele>
      </trkpt>
      <trkpt lat="44.99293" lon="4.86716">
        <ele>114.1</ele>
      </trkpt>
      <trkpt lat="44.99289" lon="4.8672">
        <ele>114.1</ele>
      </trkpt>
      <trkpt lat="44.99285" lon="4.86725">
        <ele>114.1</ele>
      </trkpt>
      <trkpt lat="44.99283" lon="4.86731">
        <ele>114.1</ele>
      </trkpt>
      <trkpt lat="44.99284" lon="4.86739">
        <ele>114.5</ele>
      </trkpt>
      <trkpt lat="44.99286" lon="4.86743">
        <ele>114.8</ele>
      </trkpt>
      <trkpt lat="44.99291" lon="4.86747">
        <ele>115.3</ele>
      </trkpt>
      <trkpt lat="44.99327" lon="4.86763">
        <ele>117.5</ele>
      </trkpt>
      <trkpt lat="44.99387" lon="4.86795">
        <ele>116.8</ele>
      </trkpt>
      <trkpt lat="44.99423" lon="4.86817">
        <ele>118.2</ele>
      </trkpt>
      <trkpt lat="44.99452" lon="4.86839">
        <ele>117.5</ele>
      </trkpt>
      <trkpt lat="44.99501" lon="4.86878">
        <ele>117.1</ele>
      </trkpt>
      <trkpt lat="44.99506" lon="4.86881">
        <ele>117.1</ele>
      </trkpt>
      <trkpt lat="44.9951" lon="4.86881">
        <ele>117.1</ele>
      </trkpt>
      <trkpt lat="44.99519" lon="4.86879">
        <ele>116.9</ele>
      </trkpt>
      <trkpt lat="44.99522" lon="4.86876">
        <ele>116.9</ele>
      </trkpt>
      <trkpt lat="44.99534" lon="4.86858">
        <ele>116.6</ele>
      </trkpt>
      <trkpt lat="44.99536" lon="4.86856">
        <ele>116.6</ele>
      </trkpt>
      <trkpt lat="44.99538" lon="4.86856">
        <ele>116.6</ele>
      </trkpt>
      <trkpt lat="44.9954" lon="4.86858">
        <ele>116.6</ele>
      </trkpt>
      <trkpt lat="44.99541" lon="4.86861">
        <ele>116.7</ele>
      </trkpt>
      <trkpt lat="44.9954" lon="4.86864">
        <ele>116.7</ele>
      </trkpt>
      <trkpt lat="44.99523" lon="4.86889">
        <ele>116.2</ele>
      </trkpt>
      <trkpt lat="44.99517" lon="4.86903">
        <ele>116.0</ele>
      </trkpt>
      <trkpt lat="44.99467" lon="4.87005">
        <ele>114.6</ele>
      </trkpt>
      <trkpt lat="44.99416" lon="4.87107">
        <ele>113.1</ele>
      </trkpt>
      <trkpt lat="44.99413" lon="4.87114">
        <ele>113.0</ele>
      </trkpt>
      <trkpt lat="44.99399" lon="4.87103">
        <ele>112.8</ele>
      </trkpt>
      <trkpt lat="44.99398" lon="4.87101">
        <ele>112.8</ele>
      </trkpt>
      <trkpt lat="44.99387" lon="4.87092">
        <ele>112.6</ele>
      </trkpt>
      <trkpt lat="44.99378" lon="4.87088">
        <ele>112.6</ele>
      </trkpt>
      <trkpt lat="44.99346" lon="4.87074">
        <ele>112.8</ele>
      </trkpt>
      <trkpt lat="44.99279" lon="4.87056">
        <ele>113.1</ele>
      </trkpt>
      <trkpt lat="44.99223" lon="4.87035">
        <ele>113.5</ele>
      </trkpt>
      <trkpt lat="44.99168" lon="4.87014">
        <ele>113.2</ele>
      </trkpt>
      <trkpt lat="44.99085" lon="4.86974">
        <ele>113.3</ele>
      </trkpt>
      <trkpt lat="44.99023" lon="4.86927">
        <ele>115.9</ele>
      </trkpt>
      <trkpt lat="44.98963" lon="4.86855">
        <ele>114.6</ele>
      </trkpt>
      <trkpt lat="44.98889" lon="4.8681">
        <ele>114.4</ele>
      </trkpt>
      <trkpt lat="44.98807" lon="4.86764">
        <ele>112.7</ele>
      </trkpt>
      <trkpt lat="44.98733" lon="4.86724">
        <ele>112.7</ele>
      </trkpt>
      <trkpt lat="44.98683" lon="4.86683">
        <ele>112.8</ele>
      </trkpt>
      <trkpt lat="44.98633" lon="4.86643">
        <ele>114.5</ele>
      </trkpt>
      <trkpt lat="44.98598" lon="4.86599">
        <ele>115.8</ele>
      </trkpt>
      <trkpt lat="44.98562" lon="4.86555">
        <ele>115.6</ele>
      </trkpt>
      <trkpt lat="44.98524" lon="4.86499">
        <ele>114.1</ele>
      </trkpt>
      <trkpt lat="44.98485" lon="4.86442">
        <ele>114.1</ele>
      </trkpt>
      <trkpt lat="44.9845" lon="4.86373">
        <ele>113.7</ele>
      </trkpt>
      <trkpt lat="44.98414" lon="4.86303">
        <ele>113.5</ele>
      </trkpt>
      <trkpt lat="44.98365" lon="4.86205">
        <ele>114.8</ele>
      </trkpt>
      <trkpt lat="44.98324" lon="4.86109">
        <ele>114.2</ele>
      </trkpt>
      <trkpt lat="44.98286" lon="4.86039">
        <ele>114.4</ele>
      </trkpt>
      <trkpt lat="44.98233" lon="4.85969">
        <ele>113.3</ele>
      </trkpt>
      <trkpt lat="44.98181" lon="4.8592">
        <ele>113.0</ele>
      </trkpt>
      <trkpt lat="44.9814" lon="4.85891">
        <ele>113.4</ele>
      </trkpt>
      <trkpt lat="44.98087" lon="4.85863">
        <ele>113.4</ele>
      </trkpt>
      <trkpt lat="44.98064" lon="4.85853">
        <ele>113.1</ele>
      </trkpt>
      <trkpt lat="44.98018" lon="4.85844">
        <ele>112.7</ele>
      </trkpt>
      <trkpt lat="44.97973" lon="4.85835">
        <ele>112.4</ele>
      </trkpt>
      <trkpt lat="44.97923" lon="4.85835">
        <ele>113.0</ele>
      </trkpt>
      <trkpt lat="44.97873" lon="4.85836">
        <ele>114.2</ele>
      </trkpt>
      <trkpt lat="44.97827" lon="4.85841">
        <ele>115.4</ele>
      </trkpt>
      <trkpt lat="44.9778" lon="4.85847">
        <ele>116.5</ele>
      </trkpt>
      <trkpt lat="44.97726" lon="4.85862">
        <ele>116.5</ele>
      </trkpt>
      <trkpt lat="44.97672" lon="4.85876">
        <ele>115.6</ele>
      </trkpt>
      <trkpt lat="44.9762" lon="4.859">
        <ele>116.7</ele>
      </trkpt>
      <trkpt lat="44.97568" lon="4.85924">
        <ele>117.9</ele>
      </trkpt>
      <trkpt lat="44.97489" lon="4.85974">
        <ele>117.5</ele>
      </trkpt>
      <trkpt lat="44.9741" lon="4.86025">
        <ele>114.1</ele>
      </trkpt>
      <trkpt lat="44.97399" lon="4.86032">
        <ele>114.5</ele>
      </trkpt>
      <trkpt lat="44.97416" lon="4.86089">
        <ele>119.1</ele>
      </trkpt>
      <trkpt lat="44.97429" lon="4.86142">
        <ele>119.6</ele>
      </trkpt>
      <trkpt lat="44.97429" lon="4.86156">
        <ele>119.7</ele>
      </trkpt>
      <trkpt lat="44.97424" lon="4.86162">
        <ele>119.9</ele>
      </trkpt>
      <trkpt lat="44.97404" lon="4.86178">
        <ele>119.8</ele>
      </trkpt>
      <trkpt lat="44.97388" lon="4.86197">
        <ele>119.5</ele>
      </trkpt>
      <trkpt lat="44.97374" lon="4.8622">
        <ele>119.5</ele>
      </trkpt>
      <trkpt lat="44.97363" lon="4.86247">
        <ele>119.6</ele>
      </trkpt>
      <trkpt lat="44.97354" lon="4.86274">
        <ele>120.4</ele>
      </trkpt>
      <trkpt lat="44.97334" lon="4.86361">
        <ele>122.0</ele>
      </trkpt>
      <trkpt lat="44.97314" lon="4.86448">
        <ele>123.1</ele>
      </trkpt>
      <trkpt lat="44.97298" lon="4.8652">
        <ele>125.5</ele>
      </trkpt>
      <trkpt lat="44.97283" lon="4.86593">
        <ele>127.0</ele>
      </trkpt>
      <trkpt lat="44.97279" lon="4.86613">
        <ele>126.9</ele>
      </trkpt>
      <trkpt lat="44.97271" lon="4.86633">
        <ele>126.7</ele>
      </trkpt>
      <trkpt lat="44.97266" lon="4.86642">
        <ele>126.6</ele>
      </trkpt>
      <trkpt lat="44.97261" lon="4.86656">
        <ele>126.4</ele>
      </trkpt>
      <trkpt lat="44.9724" lon="4.8676">
        <ele>125.1</ele>
      </trkpt>
      <trkpt lat="44.9722" lon="4.86865">
        <ele>125.1</ele>
      </trkpt>
      <trkpt lat="44.97211" lon="4.86903">
        <ele>125.4</ele>
      </trkpt>
      <trkpt lat="44.97201" lon="4.86938">
        <ele>125.8</ele>
      </trkpt>
      <trkpt lat="44.97181" lon="4.86996">
        <ele>126.2</ele>
      </trkpt>
      <trkpt lat="44.97162" lon="4.87055">
        <ele>126.0</ele>
      </trkpt>
      <trkpt lat="44.9713" lon="4.87151">
        <ele>127.6</ele>
      </trkpt>
      <trkpt lat="44.97125" lon="4.8717">
        <ele>127.9</ele>
      </trkpt>
      <trkpt lat="44.97091" lon="4.87267">
        <ele>126.3</ele>
      </trkpt>
      <trkpt lat="44.97057" lon="4.87365">
        <ele>127.8</ele>
      </trkpt>
      <trkpt lat="44.97045" lon="4.87397">
        <ele>128.0</ele>
      </trkpt>
      <trkpt lat="44.97032" lon="4.87434">
        <ele>128.0</ele>
      </trkpt>
      <trkpt lat="44.97011" lon="4.87472">
        <ele>127.6</ele>
      </trkpt>
      <trkpt lat="44.97001" lon="4.87482">
        <ele>127.4</ele>
      </trkpt>
      <trkpt lat="44.96996" lon="4.87484">
        <ele>127.3</ele>
      </trkpt>
      <trkpt lat="44.96985" lon="4.87482">
        <ele>127.1</ele>
      </trkpt>
      <trkpt lat="44.96902" lon="4.87473">
        <ele>125.8</ele>
      </trkpt>
      <trkpt lat="44.96845" lon="4.8747">
        <ele>124.1</ele>
      </trkpt>
      <trkpt lat="44.96789" lon="4.87466">
        <ele>121.6</ele>
      </trkpt>
      <trkpt lat="44.96776" lon="4.87464">
        <ele>121.0</ele>
      </trkpt>
      <trkpt lat="44.96736" lon="4.8745">
        <ele>119.7</ele>
      </trkpt>
      <trkpt lat="44.96725" lon="4.87443">
        <ele>119.4</ele>
      </trkpt>
      <trkpt lat="44.96717" lon="4.87434">
        <ele>119.4</ele>
      </trkpt>
      <trkpt lat="44.96703" lon="4.87414">
        <ele>119.2</ele>
      </trkpt>
      <trkpt lat="44.96694" lon="4.87394">
        <ele>118.8</ele>
      </trkpt>
      <trkpt lat="44.96684" lon="4.87383">
        <ele>118.4</ele>
      </trkpt>
      <trkpt lat="44.9667" lon="4.87375">
        <ele>117.7</ele>
      </trkpt>
      <trkpt lat="44.96662" lon="4.87365">
        <ele>117.6</ele>
      </trkpt>
      <trkpt lat="44.96654" lon="4.87351">
        <ele>117.8</ele>
      </trkpt>
      <trkpt lat="44.96636" lon="4.87337">
        <ele>118.0</ele>
      </trkpt>
      <trkpt lat="44.96628" lon="4.87329">
        <ele>118.1</ele>
      </trkpt>
      <trkpt lat="44.96623" lon="4.87321">
        <ele>118.4</ele>
      </trkpt>
      <trkpt lat="44.96611" lon="4.87308">
        <ele>118.7</ele>
      </trkpt>
      <trkpt lat="44.966" lon="4.87294">
        <ele>119.0</ele>
      </trkpt>
      <trkpt lat="44.96593" lon="4.87289">
        <ele>119.1</ele>
      </trkpt>
      <trkpt lat="44.96587" lon="4.87287">
        <ele>119.1</ele>
      </trkpt>
      <trkpt lat="44.96564" lon="4.87288">
        <ele>119.1</ele>
      </trkpt>
      <trkpt lat="44.96554" lon="4.87285">
        <ele>119.1</ele>
      </trkpt>
      <trkpt lat="44.96528" lon="4.87269">
        <ele>119.2</ele>
      </trkpt>
      <trkpt lat="44.96521" lon="4.87261">
        <ele>119.2</ele>
      </trkpt>
      <trkpt lat="44.96512" lon="4.87244">
        <ele>119.1</ele>
      </trkpt>
      <trkpt lat="44.96506" lon="4.8723">
        <ele>118.8</ele>
      </trkpt>
      <trkpt lat="44.96499" lon="4.87198">
        <ele>118.3</ele>
      </trkpt>
      <trkpt lat="44.96492" lon="4.8718">
        <ele>117.9</ele>
      </trkpt>
      <trkpt lat="44.96476" lon="4.87159">
        <ele>117.0</ele>
      </trkpt>
      <trkpt lat="44.96464" lon="4.8715">
        <ele>116.5</ele>
      </trkpt>
      <trkpt lat="44.96449" lon="4.87137">
        <ele>115.8</ele>
      </trkpt>
      <trkpt lat="44.9644" lon="4.87136">
        <ele>115.5</ele>
      </trkpt>
      <trkpt lat="44.96432" lon="4.87145">
        <ele>115.3</ele>
      </trkpt>
      <trkpt lat="44.9642" lon="4.87166">
        <ele>115.1</ele>
      </trkpt>
      <trkpt lat="44.96393" lon="4.87202">
        <ele>115.3</ele>
      </trkpt>
      <trkpt lat="44.96379" lon="4.87211">
        <ele>115.1</ele>
      </trkpt>
      <trkpt lat="44.96359" lon="4.87227">
        <ele>114.8</ele>
      </trkpt>
      <trkpt lat="44.96325" lon="4.87261">
        <ele>114.0</ele>
      </trkpt>
      <trkpt lat="44.96304" lon="4.87284">
        <ele>113.9</ele>
      </trkpt>
      <trkpt lat="44.96292" lon="4.87303">
        <ele>113.7</ele>
      </trkpt>
      <trkpt lat="44.96287" lon="4.87322">
        <ele>113.5</ele>
      </trkpt>
      <trkpt lat="44.96284" lon="4.87343">
        <ele>113.4</ele>
      </trkpt>
      <trkpt lat="44.96282" lon="4.87368">
        <ele>113.4</ele>
      </trkpt>
      <trkpt lat="44.96284" lon="4.87386">
        <ele>113.4</ele>
      </trkpt>
      <trkpt lat="44.96288" lon="4.87407">
        <ele>113.5</ele>
      </trkpt>
      <trkpt lat="44.963" lon="4.87443">
        <ele>113.7</ele>
      </trkpt>
      <trkpt lat="44.96303" lon="4.87455">
        <ele>113.8</ele>
      </trkpt>
      <trkpt lat="44.96303" lon="4.87461">
        <ele>113.8</ele>
      </trkpt>
      <trkpt lat="44.96302" lon="4.87466">
        <ele>113.8</ele>
      </trkpt>
      <trkpt lat="44.96291" lon="4.87478">
        <ele>113.9</ele>
      </trkpt>
      <trkpt lat="44.96277" lon="4.87493">
        <ele>113.9</ele>
      </trkpt>
      <trkpt lat="44.96273" lon="4.87496">
        <ele>114.0</ele>
      </trkpt>
      <trkpt lat="44.96269" lon="4.87501">
        <ele>114.0</ele>
      </trkpt>
      <trkpt lat="44.96266" lon="4.87506">
        <ele>114.1</ele>
      </trkpt>
      <trkpt lat="44.9626" lon="4.87531">
        <ele>114.4</ele>
      </trkpt>
      <trkpt lat="44.96258" lon="4.87534">
        <ele>114.4</ele>
      </trkpt>
      <trkpt lat="44.96256" lon="4.87535">
        <ele>114.5</ele>
      </trkpt>
      <trkpt lat="44.9624" lon="4.87529">
        <ele>113.7</ele>
      </trkpt>
      <trkpt lat="44.96234" lon="4.87532">
        <ele>113.4</ele>
      </trkpt>
      <trkpt lat="44.9623" lon="4.87533">
        <ele>113.2</ele>
      </trkpt>
      <trkpt lat="44.96182" lon="4.87524">
        <ele>109.8</ele>
      </trkpt>
      <trkpt lat="44.96173" lon="4.87519">
        <ele>108.8</ele>
      </trkpt>
      <trkpt lat="44.96133" lon="4.87577">
        <ele>110.8</ele>
      </trkpt>
      <trkpt lat="44.96093" lon="4.87635">
        <ele>111.1</ele>
      </trkpt>
      <trkpt lat="44.96056" lon="4.87682">
        <ele>111.8</ele>
      </trkpt>
      <trkpt lat="44.96032" lon="4.87708">
        <ele>111.6</ele>
      </trkpt>
      <trkpt lat="44.9602" lon="4.87719">
        <ele>111.4</ele>
      </trkpt>
      <trkpt lat="44.96" lon="4.87741">
        <ele>110.9</ele>
      </trkpt>
      <trkpt lat="44.95959" lon="4.87775">
        <ele>110.6</ele>
      </trkpt>
      <trkpt lat="44.95921" lon="4.878">
        <ele>110.5</ele>
      </trkpt>
      <trkpt lat="44.95854" lon="4.87854">
        <ele>109.8</ele>
      </trkpt>
      <trkpt lat="44.9582" lon="4.87879">
        <ele>110.4</ele>
      </trkpt>
      <trkpt lat="44.95786" lon="4.87903">
        <ele>110.1</ele>
      </trkpt>
      <trkpt lat="44.95717" lon="4.87942">
        <ele>108.4</ele>
      </trkpt>
      <trkpt lat="44.95664" lon="4.87968">
        <ele>109.6</ele>
      </trkpt>
      <trkpt lat="44.95601" lon="4.87995">
        <ele>110.0</ele>
      </trkpt>
      <trkpt lat="44.95549" lon="4.88014">
        <ele>109.6</ele>
      </trkpt>
      <trkpt lat="44.95497" lon="4.88033">
        <ele>110.3</ele>
      </trkpt>
      <trkpt lat="44.95436" lon="4.8806">
        <ele>110.1</ele>
      </trkpt>
      <trkpt lat="44.95375" lon="4.88086">
        <ele>110.2</ele>
      </trkpt>
      <trkpt lat="44.95314" lon="4.88113">
        <ele>111.3</ele>
      </trkpt>
      <trkpt lat="44.95247" lon="4.88141">
        <ele>109.4</ele>
      </trkpt>
      <trkpt lat="44.95181" lon="4.88168">
        <ele>109.3</ele>
      </trkpt>
      <trkpt lat="44.95115" lon="4.88196">
        <ele>110.4</ele>
      </trkpt>
      <trkpt lat="44.95049" lon="4.88224">
        <ele>110.6</ele>
      </trkpt>
      <trkpt lat="44.94965" lon="4.88262">
        <ele>108.9</ele>
      </trkpt>
      <trkpt lat="44.94881" lon="4.88301">
        <ele>109.1</ele>
      </trkpt>
      <trkpt lat="44.94797" lon="4.8834">
        <ele>107.9</ele>
      </trkpt>
      <trkpt lat="44.94713" lon="4.88378">
        <ele>108.4</ele>
      </trkpt>
      <trkpt lat="44.94637" lon="4.88412">
        <ele>108.9</ele>
      </trkpt>
      <trkpt lat="44.94561" lon="4.88445">
        <ele>110.1</ele>
      </trkpt>
      <trkpt lat="44.94486" lon="4.88481">
        <ele>111.1</ele>
      </trkpt>
      <trkpt lat="44.9445" lon="4.885">
        <ele>112.0</ele>
      </trkpt>
      <trkpt lat="44.94422" lon="4.88515">
        <ele>112.4</ele>
      </trkpt>
      <trkpt lat="44.94416" lon="4.8852">
        <ele>112.4</ele>
      </trkpt>
      <trkpt lat="44.94382" lon="4.88538">
        <ele>109.7</ele>
      </trkpt>
      <trkpt lat="44.94368" lon="4.8855">
        <ele>109.2</ele>
      </trkpt>
      <trkpt lat="44.9436" lon="4.88561">
        <ele>109.5</ele>
      </trkpt>
      <trkpt lat="44.94357" lon="4.88568">
        <ele>109.8</ele>
      </trkpt>
      <trkpt lat="44.94344" lon="4.88596">
        <ele>110.9</ele>
      </trkpt>
      <trkpt lat="44.94325" lon="4.8863">
        <ele>111.6</ele>
      </trkpt>
      <trkpt lat="44.943" lon="4.88666">
        <ele>113.0</ele>
      </trkpt>
      <trkpt lat="44.94279" lon="4.88681">
        <ele>112.8</ele>
      </trkpt>
      <trkpt lat="44.94252" lon="4.88685">
        <ele>112.8</ele>
      </trkpt>
      <trkpt lat="44.94208" lon="4.88677">
        <ele>111.0</ele>
      </trkpt>
      <trkpt lat="44.94188" lon="4.88666">
        <ele>110.0</ele>
      </trkpt>
      <trkpt lat="44.94182" lon="4.88673">
        <ele>109.8</ele>
      </trkpt>
      <trkpt lat="44.9416" lon="4.88685">
        <ele>109.1</ele>
      </trkpt>
      <trkpt lat="44.94136" lon="4.88686">
        <ele>108.9</ele>
      </trkpt>
      <trkpt lat="44.94127" lon="4.88689">
        <ele>108.8</ele>
      </trkpt>
      <trkpt lat="44.94126" lon="4.88776">
        <ele>110.1</ele>
      </trkpt>
      <trkpt lat="44.94123" lon="4.88879">
        <ele>112.0</ele>
      </trkpt>
      <trkpt lat="44.94126" lon="4.8893">
        <ele>111.9</ele>
      </trkpt>
      <trkpt lat="44.94125" lon="4.88955">
        <ele>111.8</ele>
      </trkpt>
      <trkpt lat="44.94122" lon="4.88975">
        <ele>111.8</ele>
      </trkpt>
      <trkpt lat="44.94117" lon="4.8899">
        <ele>111.7</ele>
      </trkpt>
      <trkpt lat="44.94106" lon="4.89016">
        <ele>111.7</ele>
      </trkpt>
      <trkpt lat="44.94135" lon="4.89016">
        <ele>111.6</ele>
      </trkpt>
      <trkpt lat="44.94161" lon="4.89028">
        <ele>111.5</ele>
      </trkpt>
      <trkpt lat="44.94163" lon="4.89022">
        <ele>111.5</ele>
      </trkpt>
      <trkpt lat="44.94138" lon="4.89011">
        <ele>111.5</ele>
      </trkpt>
      <trkpt lat="44.94104" lon="4.89004">
        <ele>111.4</ele>
      </trkpt>
      <trkpt lat="44.94089" lon="4.89003">
        <ele>111.3</ele>
      </trkpt>
      <trkpt lat="44.94063" lon="4.88996">
        <ele>111.3</ele>
      </trkpt>
      <trkpt lat="44.94005" lon="4.88991">
        <ele>112.0</ele>
      </trkpt>
      <trkpt lat="44.93962" lon="4.88989">
        <ele>112.3</ele>
      </trkpt>
      <trkpt lat="44.93951" lon="4.88995">
        <ele>112.5</ele>
      </trkpt>
      <trkpt lat="44.93876" lon="4.8898">
        <ele>112.0</ele>
      </trkpt>
      <trkpt lat="44.93794" lon="4.8897">
        <ele>111.3</ele>
      </trkpt>
      <trkpt lat="44.93765" lon="4.88961">
        <ele>110.8</ele>
      </trkpt>
      <trkpt lat="44.93738" lon="4.8895">
        <ele>110.6</ele>
      </trkpt>
      <trkpt lat="44.93734" lon="4.88962">
        <ele>111.2</ele>
      </trkpt>
      <trkpt lat="44.93721" lon="4.88985">
        <ele>112.7</ele>
      </trkpt>
      <trkpt lat="44.93716" lon="4.8899">
        <ele>113.2</ele>
      </trkpt>
      <trkpt lat="44.937" lon="4.88987">
        <ele>113.7</ele>
      </trkpt>
      <trkpt lat="44.93647" lon="4.88985">
        <ele>115.5</ele>
      </trkpt>
      <trkpt lat="44.9363" lon="4.88987">
        <ele>115.9</ele>
      </trkpt>
      <trkpt lat="44.93597" lon="4.8899">
        <ele>116.6</ele>
      </trkpt>
      <trkpt lat="44.93581" lon="4.8899">
        <ele>117.0</ele>
      </trkpt>
      <trkpt lat="44.93577" lon="4.88987">
        <ele>117.2</ele>
      </trkpt>
      <trkpt lat="44.93558" lon="4.8897">
        <ele>117.9</ele>
      </trkpt>
      <trkpt lat="44.93546" lon="4.88964">
        <ele>118.3</ele>
      </trkpt>
      <trkpt lat="44.93533" lon="4.88957">
        <ele>118.5</ele>
      </trkpt>
      <trkpt lat="44.93498" lon="4.88937">
        <ele>118.5</ele>
      </trkpt>
      <trkpt lat="44.93456" lon="4.88909">
        <ele>116.4</ele>
      </trkpt>
      <trkpt lat="44.93451" lon="4.88907">
        <ele>116.2</ele>
      </trkpt>
      <trkpt lat="44.93433" lon="4.88904">
        <ele>115.8</ele>
      </trkpt>
      <trkpt lat="44.93386" lon="4.88905">
        <ele>116.0</ele>
      </trkpt>
      <trkpt lat="44.93339" lon="4.88905">
        <ele>116.3</ele>
      </trkpt>
      <trkpt lat="44.93307" lon="4.88896">
        <ele>116.9</ele>
      </trkpt>
      <trkpt lat="44.93281" lon="4.88894">
        <ele>117.8</ele>
      </trkpt>
      <trkpt lat="44.93239" lon="4.88893">
        <ele>119.8</ele>
      </trkpt>
      <trkpt lat="44.93227" lon="4.88891">
        <ele>120.4</ele>
      </trkpt>
      <trkpt lat="44.93198" lon="4.88878">
        <ele>121.0</ele>
      </trkpt>
      <trkpt lat="44.93194" lon="4.88873">
        <ele>120.6</ele>
      </trkpt>
      <trkpt lat="44.93191" lon="4.88868">
        <ele>120.2</ele>
      </trkpt>
      <trkpt lat="44.9319" lon="4.88856">
        <ele>118.8</ele>
      </trkpt>
      <trkpt lat="44.93181" lon="4.88847">
        <ele>118.2</ele>
      </trkpt>
      <trkpt lat="44.93158" lon="4.88827">
        <ele>117.0</ele>
      </trkpt>
      <trkpt lat="44.9309" lon="4.8877">
        <ele>118.1</ele>
      </trkpt>
      <trkpt lat="44.93084" lon="4.88766">
        <ele>118.3</ele>
      </trkpt>
      <trkpt lat="44.931" lon="4.88695">
        <ele>116.0</ele>
      </trkpt>
      <trkpt lat="44.93099" lon="4.88688">
        <ele>115.9</ele>
      </trkpt>
      <trkpt lat="44.93097" lon="4.88681">
        <ele>115.9</ele>
      </trkpt>
      <trkpt lat="44.93102" lon="4.88662">
        <ele>115.4</ele>
      </trkpt>
      <trkpt lat="44.93105" lon="4.88654">
        <ele>115.0</ele>
      </trkpt>
      <trkpt lat="44.93112" lon="4.88631">
        <ele>114.0</ele>
      </trkpt>
      <trkpt lat="44.9311" lon="4.88629">
        <ele>114.0</ele>
      </trkpt>
      <trkpt lat="44.93109" lon="4.88622">
        <ele>113.7</ele>
      </trkpt>
      <trkpt lat="44.9311" lon="4.88613">
        <ele>113.4</ele>
      </trkpt>
      <trkpt lat="44.93116" lon="4.8857">
        <ele>113.2</ele>
      </trkpt>
      <trkpt lat="44.93124" lon="4.88539">
        <ele>113.0</ele>
      </trkpt>
      <trkpt lat="44.93136" lon="4.88501">
        <ele>112.9</ele>
      </trkpt>
      <trkpt lat="44.93168" lon="4.88401">
        <ele>112.4</ele>
      </trkpt>
      <trkpt lat="44.93201" lon="4.88301">
        <ele>112.0</ele>
      </trkpt>
      <trkpt lat="44.93233" lon="4.88201">
        <ele>111.5</ele>
      </trkpt>
      <trkpt lat="44.93266" lon="4.88101">
        <ele>111.1</ele>
      </trkpt>
      <trkpt lat="44.93269" lon="4.88091">
        <ele>111.1</ele>
      </trkpt>
      <trkpt lat="44.93292" lon="4.88021">
        <ele>110.8</ele>
      </trkpt>
      <trkpt lat="44.93297" lon="4.88019">
        <ele>110.8</ele>
      </trkpt>
      <trkpt lat="44.93299" lon="4.88019">
        <ele>110.8</ele>
      </trkpt>
      <trkpt lat="44.93307" lon="4.88022">
        <ele>110.9</ele>
      </trkpt>
      <trkpt lat="44.93316" lon="4.88035">
        <ele>111.2</ele>
      </trkpt>
      <trkpt lat="44.93319" lon="4.88041">
        <ele>111.3</ele>
      </trkpt>
      <trkpt lat="44.93324" lon="4.88057">
        <ele>111.6</ele>
      </trkpt>
      <trkpt lat="44.93323" lon="4.88066">
        <ele>111.7</ele>
      </trkpt>
      <trkpt lat="44.93312" lon="4.88096">
        <ele>111.7</ele>
      </trkpt>
      <trkpt lat="44.93284" lon="4.88078">
        <ele>111.2</ele>
      </trkpt>
      <trkpt lat="44.93258" lon="4.88061">
        <ele>110.8</ele>
      </trkpt>
      <trkpt lat="44.93242" lon="4.88051">
        <ele>110.5</ele>
      </trkpt>
      <trkpt lat="44.93208" lon="4.8803">
        <ele>110.0</ele>
      </trkpt>
      <trkpt lat="44.93191" lon="4.88021">
        <ele>109.9</ele>
      </trkpt>
      <trkpt lat="44.93187" lon="4.88021">
        <ele>109.9</ele>
      </trkpt>
      <trkpt lat="44.9318" lon="4.8802">
        <ele>109.8</ele>
      </trkpt>
      <trkpt lat="44.93158" lon="4.88004">
        <ele>109.6</ele>
      </trkpt>
      <trkpt lat="44.9315" lon="4.87999">
        <ele>109.4</ele>
      </trkpt>
      <trkpt lat="44.93145" lon="4.87998">
        <ele>109.3</ele>
      </trkpt>
      <trkpt lat="44.93143" lon="4.87998">
        <ele>109.2</ele>
      </trkpt>
      <trkpt lat="44.93141" lon="4.88">
        <ele>109.1</ele>
      </trkpt>
      <trkpt lat="44.93115" lon="4.87972">
        <ele>109.5</ele>
      </trkpt>
      <trkpt lat="44.93114" lon="4.87981">
        <ele>109.1</ele>
      </trkpt>
      <trkpt lat="44.9311" lon="4.87991">
        <ele>108.4</ele>
      </trkpt>
      <trkpt lat="44.9311" lon="4.87995">
        <ele>108.2</ele>
      </trkpt>
      <trkpt lat="44.9311" lon="4.88">
        <ele>108.0</ele>
      </trkpt>
      <trkpt lat="44.93102" lon="4.88021">
        <ele>107.6</ele>
      </trkpt>
      <trkpt lat="44.93079" lon="4.87984">
        <ele>108.2</ele>
      </trkpt>
      <trkpt lat="44.93078" lon="4.87971">
        <ele>109.1</ele>
      </trkpt>
      <trkpt lat="44.93072" lon="4.87957">
        <ele>110.1</ele>
      </trkpt>
      <trkpt lat="44.9301" lon="4.87899">
        <ele>112.6</ele>
      </trkpt>
      <trkpt lat="44.92948" lon="4.87841">
        <ele>110.3</ele>
      </trkpt>
      <trkpt lat="44.92887" lon="4.87783">
        <ele>109.6</ele>
      </trkpt>
      <trkpt lat="44.92825" lon="4.87726">
        <ele>109.8</ele>
      </trkpt>
      <trkpt lat="44.92764" lon="4.87668">
        <ele>110.0</ele>
      </trkpt>
      <trkpt lat="44.92721" lon="4.87626">
        <ele>108.6</ele>
      </trkpt>
      <trkpt lat="44.92678" lon="4.87585">
        <ele>107.3</ele>
      </trkpt>
      <trkpt lat="44.9265" lon="4.87553">
        <ele>108.0</ele>
      </trkpt>
      <trkpt lat="44.92604" lon="4.87508">
        <ele>109.0</ele>
      </trkpt>
      <trkpt lat="44.92532" lon="4.87445">
        <ele>108.6</ele>
      </trkpt>
      <trkpt lat="44.92471" lon="4.87401">
        <ele>107.8</ele>
      </trkpt>
      <trkpt lat="44.9241" lon="4.87357">
        <ele>107.3</ele>
      </trkpt>
      <trkpt lat="44.92354" lon="4.87313">
        <ele>106.8</ele>
      </trkpt>
      <trkpt lat="44.92299" lon="4.8727">
        <ele>107.4</ele>
      </trkpt>
      <trkpt lat="44.92221" lon="4.87208">
        <ele>107.5</ele>
      </trkpt>
      <trkpt lat="44.92143" lon="4.87146">
        <ele>106.5</ele>
      </trkpt>
      <trkpt lat="44.92082" lon="4.87095">
        <ele>106.0</ele>
      </trkpt>
      <trkpt lat="44.92021" lon="4.87045">
        <ele>105.2</ele>
      </trkpt>
      <trkpt lat="44.92014" lon="4.87032">
        <ele>105.4</ele>
      </trkpt>
      <trkpt lat="44.92005" lon="4.86984">
        <ele>106.4</ele>
      </trkpt>
      <trkpt lat="44.92017" lon="4.86979">
        <ele>106.6</ele>
      </trkpt>
      <trkpt lat="44.92028" lon="4.86966">
        <ele>107.0</ele>
      </trkpt>
      <trkpt lat="44.92037" lon="4.86927">
        <ele>108.1</ele>
      </trkpt>
      <trkpt lat="44.92058" lon="4.86839">
        <ele>109.6</ele>
      </trkpt>
      <trkpt lat="44.92079" lon="4.8675">
        <ele>108.9</ele>
      </trkpt>
      <trkpt lat="44.92099" lon="4.86661">
        <ele>110.0</ele>
      </trkpt>
      <trkpt lat="44.92035" lon="4.8664">
        <ele>109.4</ele>
      </trkpt>
      <trkpt lat="44.92008" lon="4.86627">
        <ele>109.1</ele>
      </trkpt>
      <trkpt lat="44.91961" lon="4.86606">
        <ele>108.3</ele>
      </trkpt>
      <trkpt lat="44.91959" lon="4.86605">
        <ele>108.3</ele>
      </trkpt>
      <trkpt lat="44.91953" lon="4.86604">
        <ele>108.2</ele>
      </trkpt>
      <trkpt lat="44.9193" lon="4.86592">
        <ele>108.0</ele>
      </trkpt>
      <trkpt lat="44.91874" lon="4.86555">
        <ele>107.7</ele>
      </trkpt>
      <trkpt lat="44.91814" lon="4.86521">
        <ele>107.4</ele>
      </trkpt>
      <trkpt lat="44.91777" lon="4.86499">
        <ele>107.4</ele>
      </trkpt>
      <trkpt lat="44.91709" lon="4.86455">
        <ele>107.1</ele>
      </trkpt>
      <trkpt lat="44.91702" lon="4.86448">
        <ele>107.0</ele>
      </trkpt>
      <trkpt lat="44.91662" lon="4.86402">
        <ele>106.3</ele>
      </trkpt>
      <trkpt lat="44.91653" lon="4.86393">
        <ele>106.3</ele>
      </trkpt>
      <trkpt lat="44.91643" lon="4.86386">
        <ele>106.0</ele>
      </trkpt>
      <trkpt lat="44.91633" lon="4.86382">
        <ele>105.7</ele>
      </trkpt>
      <trkpt lat="44.91623" lon="4.8638">
        <ele>105.3</ele>
      </trkpt>
      <trkpt lat="44.91534" lon="4.86376">
        <ele>103.5</ele>
      </trkpt>
      <trkpt lat="44.91527" lon="4.86376">
        <ele>103.5</ele>
      </trkpt>
      <trkpt lat="44.9152" lon="4.86379">
        <ele>103.5</ele>
      </trkpt>
      <trkpt lat="44.91481" lon="4.86405">
        <ele>103.6</ele>
      </trkpt>
      <trkpt lat="44.91476" lon="4.86408">
        <ele>103.6</ele>
      </trkpt>
      <trkpt lat="44.91473" lon="4.86408">
        <ele>103.7</ele>
      </trkpt>
      <trkpt lat="44.91438" lon="4.86396">
        <ele>104.6</ele>
      </trkpt>
      <trkpt lat="44.91419" lon="4.86388">
        <ele>105.0</ele>
      </trkpt>
      <trkpt lat="44.91409" lon="4.86386">
        <ele>105.1</ele>
      </trkpt>
      <trkpt lat="44.91391" lon="4.86384">
        <ele>105.3</ele>
      </trkpt>
      <trkpt lat="44.91361" lon="4.86386">
        <ele>105.7</ele>
      </trkpt>
      <trkpt lat="44.91351" lon="4.86381">
        <ele>105.8</ele>
      </trkpt>
      <trkpt lat="44.91336" lon="4.86366">
        <ele>106.0</ele>
      </trkpt>
      <trkpt lat="44.91327" lon="4.8636">
        <ele>106.0</ele>
      </trkpt>
      <trkpt lat="44.9131" lon="4.8635">
        <ele>105.8</ele>
      </trkpt>
      <trkpt lat="44.91298" lon="4.86344">
        <ele>105.7</ele>
      </trkpt>
      <trkpt lat="44.9129" lon="4.86342">
        <ele>105.6</ele>
      </trkpt>
      <trkpt lat="44.91227" lon="4.86337">
        <ele>105.4</ele>
      </trkpt>
      <trkpt lat="44.91163" lon="4.86331">
        <ele>106.0</ele>
      </trkpt>
      <trkpt lat="44.91158" lon="4.86332">
        <ele>105.9</ele>
      </trkpt>
      <trkpt lat="44.91155" lon="4.86334">
        <ele>105.9</ele>
      </trkpt>
      <trkpt lat="44.91152" lon="4.86339">
        <ele>105.9</ele>
      </trkpt>
      <trkpt lat="44.91139" lon="4.86395">
        <ele>105.9</ele>
      </trkpt>
      <trkpt lat="44.9113" lon="4.86412">
        <ele>105.9</ele>
      </trkpt>
      <trkpt lat="44.91126" lon="4.86422">
        <ele>105.9</ele>
      </trkpt>
      <trkpt lat="44.91119" lon="4.86431">
        <ele>105.9</ele>
      </trkpt>
      <trkpt lat="44.91112" lon="4.86438">
        <ele>105.9</ele>
      </trkpt>
      <trkpt lat="44.91104" lon="4.86442">
        <ele>105.7</ele>
      </trkpt>
      <trkpt lat="44.91076" lon="4.86449">
        <ele>105.4</ele>
      </trkpt>
      <trkpt lat="44.91063" lon="4.86451">
        <ele>105.4</ele>
      </trkpt>
      <trkpt lat="44.91034" lon="4.86387">
        <ele>105.7</ele>
      </trkpt>
      <trkpt lat="44.91017" lon="4.86349">
        <ele>106.0</ele>
      </trkpt>
      <trkpt lat="44.90997" lon="4.86296">
        <ele>106.3</ele>
      </trkpt>
      <trkpt lat="44.9099" lon="4.86278">
        <ele>107.0</ele>
      </trkpt>
      <trkpt lat="44.90976" lon="4.86254">
        <ele>107.6</ele>
      </trkpt>
      <trkpt lat="44.90971" lon="4.86238">
        <ele>107.8</ele>
      </trkpt>
      <trkpt lat="44.9097" lon="4.86197">
        <ele>108.3</ele>
      </trkpt>
      <trkpt lat="44.90976" lon="4.86071">
        <ele>107.3</ele>
      </trkpt>
      <trkpt lat="44.90982" lon="4.85945">
        <ele>106.9</ele>
      </trkpt>
      <trkpt lat="44.90988" lon="4.85818">
        <ele>106.0</ele>
      </trkpt>
      <trkpt lat="44.90994" lon="4.85692">
        <ele>108.8</ele>
      </trkpt>
      <trkpt lat="44.91" lon="4.85617">
        <ele>109.4</ele>
      </trkpt>
      <trkpt lat="44.91009" lon="4.8558">
        <ele>108.6</ele>
      </trkpt>
      <trkpt lat="44.91014" lon="4.85564">
        <ele>108.3</ele>
      </trkpt>
      <trkpt lat="44.91026" lon="4.85531">
        <ele>107.6</ele>
      </trkpt>
      <trkpt lat="44.91037" lon="4.85492">
        <ele>106.9</ele>
      </trkpt>
      <trkpt lat="44.90985" lon="4.85458">
        <ele>109.0</ele>
      </trkpt>
      <trkpt lat="44.90934" lon="4.85424">
        <ele>110.2</ele>
      </trkpt>
      <trkpt lat="44.90864" lon="4.85401">
        <ele>111.3</ele>
      </trkpt>
      <trkpt lat="44.90809" lon="4.85391">
        <ele>112.2</ele>
      </trkpt>
      <trkpt lat="44.90754" lon="4.85381">
        <ele>114.1</ele>
      </trkpt>
      <trkpt lat="44.90733" lon="4.85374">
        <ele>114.4</ele>
      </trkpt>
      <trkpt lat="44.90663" lon="4.85373">
        <ele>111.8</ele>
      </trkpt>
      <trkpt lat="44.9063" lon="4.85375">
        <ele>111.7</ele>
      </trkpt>
      <trkpt lat="44.90575" lon="4.85376">
        <ele>111.9</ele>
      </trkpt>
      <trkpt lat="44.90519" lon="4.85374">
        <ele>112.1</ele>
      </trkpt>
      <trkpt lat="44.90474" lon="4.8537">
        <ele>111.5</ele>
      </trkpt>
      <trkpt lat="44.90403" lon="4.85358">
        <ele>110.2</ele>
      </trkpt>
      <trkpt lat="44.90362" lon="4.85347">
        <ele>110.6</ele>
      </trkpt>
      <trkpt lat="44.90304" lon="4.85328">
        <ele>112.0</ele>
      </trkpt>
      <trkpt lat="44.90253" lon="4.85308">
        <ele>113.8</ele>
      </trkpt>
      <trkpt lat="44.90176" lon="4.85273">
        <ele>113.3</ele>
      </trkpt>
      <trkpt lat="44.9015" lon="4.85264">
        <ele>112.5</ele>
      </trkpt>
      <trkpt lat="44.90117" lon="4.85255">
        <ele>111.8</ele>
      </trkpt>
      <trkpt lat="44.90043" lon="4.85239">
        <ele>110.6</ele>
      </trkpt>
      <trkpt lat="44.90005" lon="4.85233">
        <ele>109.0</ele>
      </trkpt>
      <trkpt lat="44.89922" lon="4.85223">
        <ele>109.0</ele>
      </trkpt>
      <trkpt lat="44.89844" lon="4.85215">
        <ele>109.1</ele>
      </trkpt>
      <trkpt lat="44.89767" lon="4.85207">
        <ele>107.3</ele>
      </trkpt>
      <trkpt lat="44.89689" lon="4.852">
        <ele>106.0</ele>
      </trkpt>
      <trkpt lat="44.89631" lon="4.85195">
        <ele>106.0</ele>
      </trkpt>
      <trkpt lat="44.89573" lon="4.8519">
        <ele>106.2</ele>
      </trkpt>
      <trkpt lat="44.89511" lon="4.85185">
        <ele>106.0</ele>
      </trkpt>
      <trkpt lat="44.8945" lon="4.85179">
        <ele>106.8</ele>
      </trkpt>
      <trkpt lat="44.89416" lon="4.85178">
        <ele>107.2</ele>
      </trkpt>
      <trkpt lat="44.89366" lon="4.85176">
        <ele>105.7</ele>
      </trkpt>
      <trkpt lat="44.89315" lon="4.85173">
        <ele>105.3</ele>
      </trkpt>
      <trkpt lat="44.89288" lon="4.85173">
        <ele>106.0</ele>
      </trkpt>
      <trkpt lat="44.89252" lon="4.85177">
        <ele>107.1</ele>
      </trkpt>
      <trkpt lat="44.89238" lon="4.85176">
        <ele>107.4</ele>
      </trkpt>
      <trkpt lat="44.89221" lon="4.85181">
        <ele>107.8</ele>
      </trkpt>
      <trkpt lat="44.8914" lon="4.852">
        <ele>108.9</ele>
      </trkpt>
      <trkpt lat="44.89059" lon="4.85218">
        <ele>108.9</ele>
      </trkpt>
      <trkpt lat="44.88978" lon="4.85237">
        <ele>109.2</ele>
      </trkpt>
      <trkpt lat="44.88967" lon="4.85232">
        <ele>108.8</ele>
      </trkpt>
      <trkpt lat="44.88963" lon="4.85238">
        <ele>108.7</ele>
      </trkpt>
      <trkpt lat="44.88956" lon="4.85244">
        <ele>108.4</ele>
      </trkpt>
      <trkpt lat="44.8894" lon="4.85247">
        <ele>107.8</ele>
      </trkpt>
      <trkpt lat="44.88934" lon="4.85247">
        <ele>107.6</ele>
      </trkpt>
      <trkpt lat="44.88868" lon="4.85274">
        <ele>106.2</ele>
      </trkpt>
      <trkpt lat="44.88801" lon="4.853">
        <ele>106.2</ele>
      </trkpt>
      <trkpt lat="44.88756" lon="4.85324">
        <ele>105.3</ele>
      </trkpt>
      <trkpt lat="44.8871" lon="4.85348">
        <ele>104.7</ele>
      </trkpt>
      <trkpt lat="44.88654" lon="4.85388">
        <ele>104.8</ele>
      </trkpt>
      <trkpt lat="44.88599" lon="4.85428">
        <ele>104.2</ele>
      </trkpt>
      <trkpt lat="44.88543" lon="4.85468">
        <ele>104.7</ele>
      </trkpt>
      <trkpt lat="44.88525" lon="4.85469">
        <ele>104.8</ele>
      </trkpt>
      <trkpt lat="44.88513" lon="4.85466">
        <ele>104.7</ele>
      </trkpt>
      <trkpt lat="44.88502" lon="4.85467">
        <ele>104.8</ele>
      </trkpt>
      <trkpt lat="44.88489" lon="4.8547">
        <ele>104.5</ele>
      </trkpt>
      <trkpt lat="44.88441" lon="4.85486">
        <ele>102.9</ele>
      </trkpt>
      <trkpt lat="44.88386" lon="4.85491">
        <ele>102.2</ele>
      </trkpt>
      <trkpt lat="44.88332" lon="4.85496">
        <ele>102.9</ele>
      </trkpt>
      <trkpt lat="44.88307" lon="4.85491">
        <ele>102.8</ele>
      </trkpt>
      <trkpt lat="44.88244" lon="4.85455">
        <ele>102.0</ele>
      </trkpt>
      <trkpt lat="44.8818" lon="4.85419">
        <ele>101.9</ele>
      </trkpt>
      <trkpt lat="44.88094" lon="4.85397">
        <ele>101.9</ele>
      </trkpt>
      <trkpt lat="44.88064" lon="4.85336">
        <ele>102.0</ele>
      </trkpt>
      <trkpt lat="44.88035" lon="4.85275">
        <ele>104.1</ele>
      </trkpt>
      <trkpt lat="44.88022" lon="4.85254">
        <ele>104.6</ele>
      </trkpt>
      <trkpt lat="44.88016" lon="4.85247">
        <ele>104.9</ele>
      </trkpt>
      <trkpt lat="44.8801" lon="4.8524">
        <ele>105.1</ele>
      </trkpt>
      <trkpt lat="44.88007" lon="4.85237">
        <ele>105.2</ele>
      </trkpt>
      <trkpt lat="44.88003" lon="4.85235">
        <ele>105.4</ele>
      </trkpt>
      <trkpt lat="44.87987" lon="4.85239">
        <ele>105.9</ele>
      </trkpt>
      <trkpt lat="44.87975" lon="4.85241">
        <ele>106.0</ele>
      </trkpt>
      <trkpt lat="44.87964" lon="4.8524">
        <ele>106.3</ele>
      </trkpt>
      <trkpt lat="44.87954" lon="4.85233">
        <ele>106.7</ele>
      </trkpt>
      <trkpt lat="44.87944" lon="4.85219">
        <ele>107.2</ele>
      </trkpt>
      <trkpt lat="44.87939" lon="4.85208">
        <ele>107.5</ele>
      </trkpt>
      <trkpt lat="44.87938" lon="4.85193">
        <ele>107.9</ele>
      </trkpt>
      <trkpt lat="44.87939" lon="4.85162">
        <ele>108.5</ele>
      </trkpt>
      <trkpt lat="44.87939" lon="4.85144">
        <ele>108.1</ele>
      </trkpt>
      <trkpt lat="44.87972" lon="4.85108">
        <ele>107.7</ele>
      </trkpt>
      <trkpt lat="44.87994" lon="4.8509">
        <ele>107.2</ele>
      </trkpt>
      <trkpt lat="44.88012" lon="4.85076">
        <ele>106.8</ele>
      </trkpt>
      <trkpt lat="44.88027" lon="4.8507">
        <ele>106.5</ele>
      </trkpt>
      <trkpt lat="44.88065" lon="4.85072">
        <ele>106.1</ele>
      </trkpt>
      <trkpt lat="44.88075" lon="4.85067">
        <ele>105.9</ele>
      </trkpt>
      <trkpt lat="44.88065" lon="4.85062">
        <ele>106.0</ele>
      </trkpt>
      <trkpt lat="44.88026" lon="4.85058">
        <ele>106.4</ele>
      </trkpt>
      <trkpt lat="44.88014" lon="4.85056">
        <ele>106.5</ele>
      </trkpt>
      <trkpt lat="44.87944" lon="4.85039">
        <ele>106.8</ele>
      </trkpt>
      <trkpt lat="44.87874" lon="4.85022">
        <ele>106.1</ele>
      </trkpt>
      <trkpt lat="44.87837" lon="4.85008">
        <ele>105.2</ele>
      </trkpt>
      <trkpt lat="44.87806" lon="4.85001">
        <ele>104.7</ele>
      </trkpt>
      <trkpt lat="44.87784" lon="4.84998">
        <ele>104.4</ele>
      </trkpt>
      <trkpt lat="44.87758" lon="4.85003">
        <ele>104.0</ele>
      </trkpt>
      <trkpt lat="44.87713" lon="4.85023">
        <ele>104.2</ele>
      </trkpt>
      <trkpt lat="44.87667" lon="4.85044">
        <ele>104.4</ele>
      </trkpt>
      <trkpt lat="44.87639" lon="4.85054">
        <ele>103.9</ele>
      </trkpt>
      <trkpt lat="44.87606" lon="4.8506">
        <ele>103.6</ele>
      </trkpt>
      <trkpt lat="44.87581" lon="4.85061">
        <ele>103.5</ele>
      </trkpt>
      <trkpt lat="44.87522" lon="4.85059">
        <ele>102.8</ele>
      </trkpt>
      <trkpt lat="44.87501" lon="4.85055">
        <ele>102.7</ele>
      </trkpt>
      <trkpt lat="44.87451" lon="4.8504">
        <ele>102.2</ele>
      </trkpt>
      <trkpt lat="44.87401" lon="4.85025">
        <ele>102.3</ele>
      </trkpt>
      <trkpt lat="44.87363" lon="4.85015">
        <ele>103.1</ele>
      </trkpt>
      <trkpt lat="44.87354" lon="4.85011">
        <ele>103.4</ele>
      </trkpt>
      <trkpt lat="44.87336" lon="4.85001">
        <ele>103.9</ele>
      </trkpt>
      <trkpt lat="44.87323" lon="4.8499">
        <ele>104.1</ele>
      </trkpt>
      <trkpt lat="44.87301" lon="4.84969">
        <ele>104.4</ele>
      </trkpt>
      <trkpt lat="44.87281" lon="4.84961">
        <ele>104.6</ele>
      </trkpt>
      <trkpt lat="44.87256" lon="4.84956">
        <ele>104.9</ele>
      </trkpt>
      <trkpt lat="44.87219" lon="4.84946">
        <ele>104.8</ele>
      </trkpt>
      <trkpt lat="44.87161" lon="4.84926">
        <ele>104.2</ele>
      </trkpt>
      <trkpt lat="44.87147" lon="4.84922">
        <ele>104.3</ele>
      </trkpt>
      <trkpt lat="44.87095" lon="4.84912">
        <ele>104.8</ele>
      </trkpt>
      <trkpt lat="44.87042" lon="4.84903">
        <ele>104.8</ele>
      </trkpt>
      <trkpt lat="44.86992" lon="4.84892">
        <ele>104.9</ele>
      </trkpt>
      <trkpt lat="44.86943" lon="4.8488">
        <ele>105.9</ele>
      </trkpt>
      <trkpt lat="44.8693" lon="4.84874">
        <ele>106.2</ele>
      </trkpt>
      <trkpt lat="44.86915" lon="4.84863">
        <ele>106.3</ele>
      </trkpt>
      <trkpt lat="44.8691" lon="4.84862">
        <ele>106.3</ele>
      </trkpt>
      <trkpt lat="44.86889" lon="4.84862">
        <ele>106.2</ele>
      </trkpt>
      <trkpt lat="44.86884" lon="4.8486">
        <ele>106.2</ele>
      </trkpt>
      <trkpt lat="44.86928" lon="4.84765">
        <ele>104.4</ele>
      </trkpt>
      <trkpt lat="44.86973" lon="4.8467">
        <ele>104.7</ele>
      </trkpt>
      <trkpt lat="44.87018" lon="4.84575">
        <ele>105.8</ele>
      </trkpt>
      <trkpt lat="44.87051" lon="4.84516">
        <ele>105.9</ele>
      </trkpt>
      <trkpt lat="44.87084" lon="4.84456">
        <ele>106.5</ele>
      </trkpt>
      <trkpt lat="44.87077" lon="4.8445">
        <ele>106.6</ele>
      </trkpt>
      <trkpt lat="44.87054" lon="4.84427">
        <ele>106.9</ele>
      </trkpt>
      <trkpt lat="44.8701" lon="4.84391">
        <ele>106.7</ele>
      </trkpt>
      <trkpt lat="44.86965" lon="4.84354">
        <ele>105.4</ele>
      </trkpt>
      <trkpt lat="44.86896" lon="4.843">
        <ele>104.7</ele>
      </trkpt>
      <trkpt lat="44.86827" lon="4.84246">
        <ele>106.9</ele>
      </trkpt>
      <trkpt lat="44.86758" lon="4.84192">
        <ele>106.1</ele>
      </trkpt>
      <trkpt lat="44.86711" lon="4.84154">
        <ele>105.0</ele>
      </trkpt>
      <trkpt lat="44.86664" lon="4.84117">
        <ele>104.1</ele>
      </trkpt>
      <trkpt lat="44.86601" lon="4.84071">
        <ele>105.7</ele>
      </trkpt>
      <trkpt lat="44.86588" lon="4.84065">
        <ele>105.9</ele>
      </trkpt>
      <trkpt lat="44.86582" lon="4.84064">
        <ele>106.0</ele>
      </trkpt>
      <trkpt lat="44.86579" lon="4.84062">
        <ele>106.0</ele>
      </trkpt>
      <trkpt lat="44.86574" lon="4.84055">
        <ele>105.9</ele>
      </trkpt>
      <trkpt lat="44.86529" lon="4.84019">
        <ele>105.9</ele>
      </trkpt>
      <trkpt lat="44.86483" lon="4.83983">
        <ele>106.2</ele>
      </trkpt>
      <trkpt lat="44.86424" lon="4.83934">
        <ele>106.9</ele>
      </trkpt>
      <trkpt lat="44.86366" lon="4.83886">
        <ele>107.6</ele>
      </trkpt>
      <trkpt lat="44.86354" lon="4.83872">
        <ele>107.9</ele>
      </trkpt>
      <trkpt lat="44.86336" lon="4.83858">
        <ele>108.4</ele>
      </trkpt>
      <trkpt lat="44.86316" lon="4.83848">
        <ele>108.1</ele>
      </trkpt>
      <trkpt lat="44.86263" lon="4.83806">
        <ele>107.0</ele>
      </trkpt>
      <trkpt lat="44.86213" lon="4.83764">
        <ele>108.2</ele>
      </trkpt>
      <trkpt lat="44.86186" lon="4.83739">
        <ele>108.8</ele>
      </trkpt>
      <trkpt lat="44.86181" lon="4.83746">
        <ele>108.8</ele>
      </trkpt>
      <trkpt lat="44.86169" lon="4.83757">
        <ele>108.9</ele>
      </trkpt>
      <trkpt lat="44.86156" lon="4.83775">
        <ele>108.6</ele>
      </trkpt>
      <trkpt lat="44.86084" lon="4.83709">
        <ele>109.0</ele>
      </trkpt>
      <trkpt lat="44.86077" lon="4.837">
        <ele>109.2</ele>
      </trkpt>
      <trkpt lat="44.86073" lon="4.83693">
        <ele>109.4</ele>
      </trkpt>
      <trkpt lat="44.8607" lon="4.83685">
        <ele>109.6</ele>
      </trkpt>
      <trkpt lat="44.86048" lon="4.83668">
        <ele>110.0</ele>
      </trkpt>
      <trkpt lat="44.86016" lon="4.83645">
        <ele>110.3</ele>
      </trkpt>
      <trkpt lat="44.86012" lon="4.8364">
        <ele>110.4</ele>
      </trkpt>
      <trkpt lat="44.86003" lon="4.83624">
        <ele>110.5</ele>
      </trkpt>
      <trkpt lat="44.85968" lon="4.83592">
        <ele>109.8</ele>
      </trkpt>
      <trkpt lat="44.85958" lon="4.83578">
        <ele>109.4</ele>
      </trkpt>
      <trkpt lat="44.85944" lon="4.83548">
        <ele>108.6</ele>
      </trkpt>
      <trkpt lat="44.85928" lon="4.83558">
        <ele>108.1</ele>
      </trkpt>
      <trkpt lat="44.85878" lon="4.83594">
        <ele>107.1</ele>
      </trkpt>
      <trkpt lat="44.85836" lon="4.83622">
        <ele>106.5</ele>
      </trkpt>
      <trkpt lat="44.85793" lon="4.8365">
        <ele>106.3</ele>
      </trkpt>
      <trkpt lat="44.85732" lon="4.83697">
        <ele>106.0</ele>
      </trkpt>
      <trkpt lat="44.85676" lon="4.83738">
        <ele>105.8</ele>
      </trkpt>
      <trkpt lat="44.8562" lon="4.8378">
        <ele>105.8</ele>
      </trkpt>
      <trkpt lat="44.85597" lon="4.83787">
        <ele>105.6</ele>
      </trkpt>
      <trkpt lat="44.85547" lon="4.83793">
        <ele>105.1</ele>
      </trkpt>
      <trkpt lat="44.85543" lon="4.83794">
        <ele>105.0</ele>
      </trkpt>
      <trkpt lat="44.8554" lon="4.83797">
        <ele>105.0</ele>
      </trkpt>
      <trkpt lat="44.85534" lon="4.83802">
        <ele>105.1</ele>
      </trkpt>
      <trkpt lat="44.85527" lon="4.838">
        <ele>105.0</ele>
      </trkpt>
      <trkpt lat="44.8552" lon="4.838">
        <ele>104.9</ele>
      </trkpt>
      <trkpt lat="44.85509" lon="4.83803">
        <ele>105.0</ele>
      </trkpt>
      <trkpt lat="44.85503" lon="4.83807">
        <ele>105.1</ele>
      </trkpt>
      <trkpt lat="44.85497" lon="4.83815">
        <ele>105.4</ele>
      </trkpt>
      <trkpt lat="44.85493" lon="4.83823">
        <ele>105.8</ele>
      </trkpt>
      <trkpt lat="44.85488" lon="4.83828">
        <ele>106.1</ele>
      </trkpt>
      <trkpt lat="44.85476" lon="4.83826">
        <ele>106.3</ele>
      </trkpt>
      <trkpt lat="44.8547" lon="4.83823">
        <ele>106.3</ele>
      </trkpt>
      <trkpt lat="44.85467" lon="4.83818">
        <ele>106.0</ele>
      </trkpt>
      <trkpt lat="44.8547" lon="4.83794">
        <ele>105.1</ele>
      </trkpt>
      <trkpt lat="44.85479" lon="4.83731">
        <ele>102.6</ele>
      </trkpt>
      <trkpt lat="44.85483" lon="4.83684">
        <ele>100.9</ele>
      </trkpt>
      <trkpt lat="44.85484" lon="4.83651">
        <ele>100.6</ele>
      </trkpt>
      <trkpt lat="44.85479" lon="4.8365">
        <ele>100.7</ele>
      </trkpt>
      <trkpt lat="44.854" lon="4.83635">
        <ele>102.4</ele>
      </trkpt>
      <trkpt lat="44.85372" lon="4.8363">
        <ele>102.9</ele>
      </trkpt>
      <trkpt lat="44.85347" lon="4.83628">
        <ele>103.3</ele>
      </trkpt>
      <trkpt lat="44.85334" lon="4.83624">
        <ele>103.5</ele>
      </trkpt>
      <trkpt lat="44.85327" lon="4.8362">
        <ele>103.3</ele>
      </trkpt>
      <trkpt lat="44.85323" lon="4.83612">
        <ele>103.2</ele>
      </trkpt>
      <trkpt lat="44.85311" lon="4.83609">
        <ele>102.8</ele>
      </trkpt>
      <trkpt lat="44.85301" lon="4.83603">
        <ele>102.7</ele>
      </trkpt>
      <trkpt lat="44.85291" lon="4.83596">
        <ele>102.8</ele>
      </trkpt>
      <trkpt lat="44.85282" lon="4.83584">
        <ele>103.3</ele>
      </trkpt>
      <trkpt lat="44.85222" lon="4.83493">
        <ele>103.1</ele>
      </trkpt>
      <trkpt lat="44.8518" lon="4.83425">
        <ele>102.5</ele>
      </trkpt>
      <trkpt lat="44.85137" lon="4.83358">
        <ele>102.6</ele>
      </trkpt>
      <trkpt lat="44.85095" lon="4.8329">
        <ele>102.0</ele>
      </trkpt>
      <trkpt lat="44.85053" lon="4.8322">
        <ele>102.1</ele>
      </trkpt>
      <trkpt lat="44.8501" lon="4.83151">
        <ele>101.7</ele>
      </trkpt>
      <trkpt lat="44.84967" lon="4.83081">
        <ele>100.6</ele>
      </trkpt>
      <trkpt lat="44.84927" lon="4.8302">
        <ele>99.6</ele>
      </trkpt>
      <trkpt lat="44.84891" lon="4.82962">
        <ele>100.0</ele>
      </trkpt>
      <trkpt lat="44.84855" lon="4.82905">
        <ele>100.2</ele>
      </trkpt>
      <trkpt lat="44.84819" lon="4.82842">
        <ele>98.7</ele>
      </trkpt>
      <trkpt lat="44.84786" lon="4.82791">
        <ele>98.1</ele>
      </trkpt>
      <trkpt lat="44.84752" lon="4.82734">
        <ele>97.0</ele>
      </trkpt>
      <trkpt lat="44.84699" lon="4.82649">
        <ele>96.0</ele>
      </trkpt>
      <trkpt lat="44.84646" lon="4.82563">
        <ele>97.0</ele>
      </trkpt>
      <trkpt lat="44.84593" lon="4.82478">
        <ele>98.1</ele>
      </trkpt>
      <trkpt lat="44.84542" lon="4.82403">
        <ele>98.6</ele>
      </trkpt>
      <trkpt lat="44.84482" lon="4.8232">
        <ele>99.0</ele>
      </trkpt>
      <trkpt lat="44.84456" lon="4.82277">
        <ele>101.0</ele>
      </trkpt>
      <trkpt lat="44.84447" lon="4.8226">
        <ele>101.7</ele>
      </trkpt>
      <trkpt lat="44.84439" lon="4.82249">
        <ele>102.0</ele>
      </trkpt>
      <trkpt lat="44.84429" lon="4.82244">
        <ele>102.2</ele>
      </trkpt>
      <trkpt lat="44.84421" lon="4.82237">
        <ele>102.5</ele>
      </trkpt>
      <trkpt lat="44.84416" lon="4.82228">
        <ele>102.8</ele>
      </trkpt>
      <trkpt lat="44.84414" lon="4.82217">
        <ele>103.3</ele>
      </trkpt>
      <trkpt lat="44.84416" lon="4.82206">
        <ele>103.6</ele>
      </trkpt>
      <trkpt lat="44.8442" lon="4.82198">
        <ele>103.9</ele>
      </trkpt>
      <trkpt lat="44.84428" lon="4.82188">
        <ele>104.3</ele>
      </trkpt>
      <trkpt lat="44.84444" lon="4.82169">
        <ele>105.2</ele>
      </trkpt>
      <trkpt lat="44.84448" lon="4.82159">
        <ele>105.4</ele>
      </trkpt>
      <trkpt lat="44.8445" lon="4.8215">
        <ele>105.5</ele>
      </trkpt>
      <trkpt lat="44.8445" lon="4.82141">
        <ele>105.5</ele>
      </trkpt>
      <trkpt lat="44.84448" lon="4.82131">
        <ele>105.5</ele>
      </trkpt>
      <trkpt lat="44.84444" lon="4.82124">
        <ele>105.5</ele>
      </trkpt>
      <trkpt lat="44.84433" lon="4.82116">
        <ele>105.3</ele>
      </trkpt>
      <trkpt lat="44.8437" lon="4.82073">
        <ele>105.5</ele>
      </trkpt>
      <trkpt lat="44.84336" lon="4.82046">
        <ele>105.1</ele>
      </trkpt>
      <trkpt lat="44.84297" lon="4.82007">
        <ele>104.6</ele>
      </trkpt>
      <trkpt lat="44.84256" lon="4.81975">
        <ele>104.2</ele>
      </trkpt>
      <trkpt lat="44.84233" lon="4.81965">
        <ele>104.0</ele>
      </trkpt>
      <trkpt lat="44.84227" lon="4.81961">
        <ele>104.1</ele>
      </trkpt>
      <trkpt lat="44.84198" lon="4.8194">
        <ele>104.6</ele>
      </trkpt>
      <trkpt lat="44.84134" lon="4.81896">
        <ele>106.3</ele>
      </trkpt>
      <trkpt lat="44.84089" lon="4.81861">
        <ele>107.6</ele>
      </trkpt>
      <trkpt lat="44.84074" lon="4.81851">
        <ele>106.4</ele>
      </trkpt>
      <trkpt lat="44.84029" lon="4.8183">
        <ele>99.8</ele>
      </trkpt>
      <trkpt lat="44.84006" lon="4.81818">
        <ele>98.1</ele>
      </trkpt>
      <trkpt lat="44.83989" lon="4.81803">
        <ele>99.7</ele>
      </trkpt>
      <trkpt lat="44.8393" lon="4.81759">
        <ele>106.6</ele>
      </trkpt>
      <trkpt lat="44.83899" lon="4.81738">
        <ele>105.8</ele>
      </trkpt>
      <trkpt lat="44.83858" lon="4.81713">
        <ele>103.0</ele>
      </trkpt>
      <trkpt lat="44.83816" lon="4.8169">
        <ele>102.4</ele>
      </trkpt>
      <trkpt lat="44.83773" lon="4.81667">
        <ele>98.6</ele>
      </trkpt>
      <trkpt lat="44.83737" lon="4.8165">
        <ele>97.6</ele>
      </trkpt>
      <trkpt lat="44.83674" lon="4.81626">
        <ele>100.9</ele>
      </trkpt>
      <trkpt lat="44.83612" lon="4.81602">
        <ele>98.2</ele>
      </trkpt>
      <trkpt lat="44.8359" lon="4.81593">
        <ele>95.9</ele>
      </trkpt>
      <trkpt lat="44.83548" lon="4.81574">
        <ele>95.8</ele>
      </trkpt>
      <trkpt lat="44.83491" lon="4.8155">
        <ele>97.4</ele>
      </trkpt>
      <trkpt lat="44.83441" lon="4.81527">
        <ele>99.1</ele>
      </trkpt>
      <trkpt lat="44.83409" lon="4.81511">
        <ele>100.2</ele>
      </trkpt>
      <trkpt lat="44.83371" lon="4.81486">
        <ele>101.0</ele>
      </trkpt>
      <trkpt lat="44.8333" lon="4.81457">
        <ele>101.3</ele>
      </trkpt>
      <trkpt lat="44.83283" lon="4.8142">
        <ele>97.8</ele>
      </trkpt>
      <trkpt lat="44.83231" lon="4.81376">
        <ele>95.8</ele>
      </trkpt>
      <trkpt lat="44.83173" lon="4.81318">
        <ele>96.2</ele>
      </trkpt>
      <trkpt lat="44.83134" lon="4.81279">
        <ele>97.4</ele>
      </trkpt>
      <trkpt lat="44.83096" lon="4.8124">
        <ele>96.3</ele>
      </trkpt>
      <trkpt lat="44.83055" lon="4.812">
        <ele>96.6</ele>
      </trkpt>
      <trkpt lat="44.83027" lon="4.81174">
        <ele>96.2</ele>
      </trkpt>
      <trkpt lat="44.82997" lon="4.81151">
        <ele>95.8</ele>
      </trkpt>
      <trkpt lat="44.82959" lon="4.81123">
        <ele>97.9</ele>
      </trkpt>
      <trkpt lat="44.82917" lon="4.81096">
        <ele>100.9</ele>
      </trkpt>
      <trkpt lat="44.82861" lon="4.81069">
        <ele>101.3</ele>
      </trkpt>
      <trkpt lat="44.82807" lon="4.81046">
        <ele>101.0</ele>
      </trkpt>
      <trkpt lat="44.8276" lon="4.81024">
        <ele>101.2</ele>
      </trkpt>
      <trkpt lat="44.82694" lon="4.80995">
        <ele>100.4</ele>
      </trkpt>
      <trkpt lat="44.82664" lon="4.80982">
        <ele>100.0</ele>
      </trkpt>
      <trkpt lat="44.82652" lon="4.80978">
        <ele>99.3</ele>
      </trkpt>
      <trkpt lat="44.8264" lon="4.80979">
        <ele>98.8</ele>
      </trkpt>
      <trkpt lat="44.82626" lon="4.80982">
        <ele>98.2</ele>
      </trkpt>
      <trkpt lat="44.82615" lon="4.80989">
        <ele>97.8</ele>
      </trkpt>
      <trkpt lat="44.82596" lon="4.81009">
        <ele>97.3</ele>
      </trkpt>
      <trkpt lat="44.8258" lon="4.81025">
        <ele>97.7</ele>
      </trkpt>
      <trkpt lat="44.82504" lon="4.81">
        <ele>97.0</ele>
      </trkpt>
      <trkpt lat="44.82489" lon="4.80978">
        <ele>97.8</ele>
      </trkpt>
      <trkpt lat="44.8246" lon="4.80942">
        <ele>98.3</ele>
      </trkpt>
      <trkpt lat="44.82427" lon="4.80911">
        <ele>97.2</ele>
      </trkpt>
      <trkpt lat="44.82415" lon="4.80885">
        <ele>96.6</ele>
      </trkpt>
      <trkpt lat="44.8241" lon="4.80889">
        <ele>96.5</ele>
      </trkpt>
      <trkpt lat="44.82402" lon="4.80891">
        <ele>96.2</ele>
      </trkpt>
      <trkpt lat="44.82394" lon="4.80888">
        <ele>95.9</ele>
      </trkpt>
      <trkpt lat="44.82405" lon="4.80834">
        <ele>95.9</ele>
      </trkpt>
      <trkpt lat="44.82408" lon="4.80817">
        <ele>95.9</ele>
      </trkpt>
      <trkpt lat="44.82426" lon="4.80729">
        <ele>95.9</ele>
      </trkpt>
      <trkpt lat="44.8243" lon="4.80703">
        <ele>95.7</ele>
      </trkpt>
      <trkpt lat="44.82438" lon="4.80661">
        <ele>95.5</ele>
      </trkpt>
      <trkpt lat="44.82445" lon="4.80624">
        <ele>95.9</ele>
      </trkpt>
      <trkpt lat="44.82455" lon="4.80595">
        <ele>96.3</ele>
      </trkpt>
      <trkpt lat="44.82464" lon="4.80578">
        <ele>96.8</ele>
      </trkpt>
      <trkpt lat="44.82472" lon="4.80568">
        <ele>97.2</ele>
      </trkpt>
      <trkpt lat="44.82494" lon="4.80544">
        <ele>98.3</ele>
      </trkpt>
      <trkpt lat="44.82504" lon="4.8053">
        <ele>98.5</ele>
      </trkpt>
      <trkpt lat="44.82511" lon="4.80519">
        <ele>98.5</ele>
      </trkpt>
      <trkpt lat="44.82514" lon="4.80512">
        <ele>98.5</ele>
      </trkpt>
      <trkpt lat="44.82545" lon="4.80399">
        <ele>97.7</ele>
      </trkpt>
      <trkpt lat="44.82569" lon="4.80318">
        <ele>98.5</ele>
      </trkpt>
      <trkpt lat="44.82581" lon="4.80302">
        <ele>98.6</ele>
      </trkpt>
      <trkpt lat="44.82599" lon="4.80282">
        <ele>100.4</ele>
      </trkpt>
      <trkpt lat="44.82615" lon="4.80281">
        <ele>102.4</ele>
      </trkpt>
      <trkpt lat="44.82624" lon="4.80279">
        <ele>103.7</ele>
      </trkpt>
      <trkpt lat="44.82628" lon="4.80276">
        <ele>104.3</ele>
      </trkpt>
      <trkpt lat="44.82595" lon="4.80213">
        <ele>100.0</ele>
      </trkpt>
      <trkpt lat="44.82568" lon="4.80159">
        <ele>98.0</ele>
      </trkpt>
      <trkpt lat="44.82542" lon="4.80105">
        <ele>98.6</ele>
      </trkpt>
      <trkpt lat="44.82514" lon="4.80054">
        <ele>97.7</ele>
      </trkpt>
      <trkpt lat="44.82509" lon="4.80037">
        <ele>97.2</ele>
      </trkpt>
      <trkpt lat="44.82505" lon="4.8002">
        <ele>96.6</ele>
      </trkpt>
      <trkpt lat="44.82504" lon="4.80003">
        <ele>96.2</ele>
      </trkpt>
      <trkpt lat="44.82493" lon="4.80003">
        <ele>96.2</ele>
      </trkpt>
      <trkpt lat="44.82489" lon="4.80001">
        <ele>96.2</ele>
      </trkpt>
      <trkpt lat="44.82483" lon="4.79989">
        <ele>96.2</ele>
      </trkpt>
      <trkpt lat="44.82436" lon="4.79898">
        <ele>96.5</ele>
      </trkpt>
      <trkpt lat="44.8239" lon="4.79807">
        <ele>96.7</ele>
      </trkpt>
      <trkpt lat="44.82381" lon="4.79792">
        <ele>96.7</ele>
      </trkpt>
      <trkpt lat="44.82379" lon="4.79801">
        <ele>96.8</ele>
      </trkpt>
      <trkpt lat="44.82375" lon="4.79806">
        <ele>96.8</ele>
      </trkpt>
      <trkpt lat="44.82372" lon="4.79813">
        <ele>96.8</ele>
      </trkpt>
      <trkpt lat="44.82372" lon="4.79823">
        <ele>96.9</ele>
      </trkpt>
      <trkpt lat="44.82368" lon="4.79838">
        <ele>96.7</ele>
      </trkpt>
      <trkpt lat="44.82363" lon="4.79851">
        <ele>96.4</ele>
      </trkpt>
      <trkpt lat="44.82347" lon="4.79886">
        <ele>96.2</ele>
      </trkpt>
      <trkpt lat="44.82323" lon="4.79922">
        <ele>97.1</ele>
      </trkpt>
      <trkpt lat="44.823" lon="4.79943">
        <ele>97.3</ele>
      </trkpt>
      <trkpt lat="44.82288" lon="4.79957">
        <ele>97.5</ele>
      </trkpt>
      <trkpt lat="44.82263" lon="4.79964">
        <ele>97.6</ele>
      </trkpt>
      <trkpt lat="44.82232" lon="4.79983">
        <ele>97.2</ele>
      </trkpt>
      <trkpt lat="44.82214" lon="4.79997">
        <ele>96.7</ele>
      </trkpt>
      <trkpt lat="44.82207" lon="4.80007">
        <ele>96.4</ele>
      </trkpt>
      <trkpt lat="44.82201" lon="4.80023">
        <ele>96.0</ele>
      </trkpt>
      <trkpt lat="44.82193" lon="4.80041">
        <ele>95.5</ele>
      </trkpt>
      <trkpt lat="44.82187" lon="4.8005">
        <ele>95.1</ele>
      </trkpt>
      <trkpt lat="44.82164" lon="4.80066">
        <ele>94.2</ele>
      </trkpt>
      <trkpt lat="44.82138" lon="4.80083">
        <ele>94.0</ele>
      </trkpt>
      <trkpt lat="44.82109" lon="4.80095">
        <ele>93.8</ele>
      </trkpt>
      <trkpt lat="44.8208" lon="4.80101">
        <ele>93.6</ele>
      </trkpt>
      <trkpt lat="44.82022" lon="4.80109">
        <ele>94.6</ele>
      </trkpt>
      <trkpt lat="44.81986" lon="4.80113">
        <ele>95.1</ele>
      </trkpt>
      <trkpt lat="44.81943" lon="4.80117">
        <ele>95.3</ele>
      </trkpt>
      <trkpt lat="44.81867" lon="4.8013">
        <ele>94.1</ele>
      </trkpt>
      <trkpt lat="44.81818" lon="4.80137">
        <ele>93.5</ele>
      </trkpt>
      <trkpt lat="44.81741" lon="4.80146">
        <ele>94.5</ele>
      </trkpt>
      <trkpt lat="44.81702" lon="4.8015">
        <ele>94.3</ele>
      </trkpt>
      <trkpt lat="44.81676" lon="4.80148">
        <ele>94.1</ele>
      </trkpt>
      <trkpt lat="44.81609" lon="4.80146">
        <ele>94.2</ele>
      </trkpt>
      <trkpt lat="44.8155" lon="4.8014">
        <ele>95.5</ele>
      </trkpt>
      <trkpt lat="44.81497" lon="4.80129">
        <ele>97.5</ele>
      </trkpt>
      <trkpt lat="44.81414" lon="4.80117">
        <ele>98.0</ele>
      </trkpt>
      <trkpt lat="44.81361" lon="4.80113">
        <ele>95.1</ele>
      </trkpt>
      <trkpt lat="44.81311" lon="4.80093">
        <ele>93.8</ele>
      </trkpt>
      <trkpt lat="44.81291" lon="4.80096">
        <ele>93.1</ele>
      </trkpt>
      <trkpt lat="44.81255" lon="4.80099">
        <ele>92.0</ele>
      </trkpt>
      <trkpt lat="44.81223" lon="4.80098">
        <ele>93.4</ele>
      </trkpt>
      <trkpt lat="44.81166" lon="4.80088">
        <ele>96.9</ele>
      </trkpt>
      <trkpt lat="44.81109" lon="4.80079">
        <ele>96.9</ele>
      </trkpt>
      <trkpt lat="44.81054" lon="4.80064">
        <ele>96.4</ele>
      </trkpt>
      <trkpt lat="44.81015" lon="4.80056">
        <ele>96.3</ele>
      </trkpt>
      <trkpt lat="44.8098" lon="4.8004">
        <ele>95.7</ele>
      </trkpt>
      <trkpt lat="44.80931" lon="4.80009">
        <ele>95.0</ele>
      </trkpt>
      <trkpt lat="44.80878" lon="4.79975">
        <ele>94.5</ele>
      </trkpt>
      <trkpt lat="44.80849" lon="4.79945">
        <ele>95.4</ele>
      </trkpt>
      <trkpt lat="44.80786" lon="4.79892">
        <ele>96.0</ele>
      </trkpt>
      <trkpt lat="44.80771" lon="4.79886">
        <ele>96.0</ele>
      </trkpt>
      <trkpt lat="44.80752" lon="4.7987">
        <ele>96.9</ele>
      </trkpt>
      <trkpt lat="44.80745" lon="4.79861">
        <ele>97.6</ele>
      </trkpt>
      <trkpt lat="44.80737" lon="4.79843">
        <ele>98.8</ele>
      </trkpt>
      <trkpt lat="44.80727" lon="4.79832">
        <ele>99.1</ele>
      </trkpt>
      <trkpt lat="44.80706" lon="4.79813">
        <ele>98.1</ele>
      </trkpt>
      <trkpt lat="44.80685" lon="4.79786">
        <ele>97.3</ele>
      </trkpt>
      <trkpt lat="44.80644" lon="4.79745">
        <ele>95.8</ele>
      </trkpt>
      <trkpt lat="44.80602" lon="4.79705">
        <ele>93.7</ele>
      </trkpt>
      <trkpt lat="44.8059" lon="4.79687">
        <ele>93.2</ele>
      </trkpt>
      <trkpt lat="44.80574" lon="4.79652">
        <ele>93.1</ele>
      </trkpt>
      <trkpt lat="44.80551" lon="4.79573">
        <ele>93.4</ele>
      </trkpt>
      <trkpt lat="44.8054" lon="4.79493">
        <ele>93.9</ele>
      </trkpt>
      <trkpt lat="44.80534" lon="4.79475">
        <ele>93.6</ele>
      </trkpt>
      <trkpt lat="44.80526" lon="4.79442">
        <ele>93.6</ele>
      </trkpt>
      <trkpt lat="44.80526" lon="4.79422">
        <ele>93.7</ele>
      </trkpt>
      <trkpt lat="44.80524" lon="4.79417">
        <ele>93.7</ele>
      </trkpt>
      <trkpt lat="44.80512" lon="4.79406">
        <ele>93.8</ele>
      </trkpt>
      <trkpt lat="44.80506" lon="4.79382">
        <ele>94.0</ele>
      </trkpt>
      <trkpt lat="44.80492" lon="4.79345">
        <ele>93.8</ele>
      </trkpt>
      <trkpt lat="44.80463" lon="4.79308">
        <ele>92.8</ele>
      </trkpt>
      <trkpt lat="44.80457" lon="4.79284">
        <ele>92.4</ele>
      </trkpt>
      <trkpt lat="44.80456" lon="4.79255">
        <ele>92.1</ele>
      </trkpt>
      <trkpt lat="44.80452" lon="4.79248">
        <ele>92.0</ele>
      </trkpt>
      <trkpt lat="44.80443" lon="4.79241">
        <ele>91.8</ele>
      </trkpt>
      <trkpt lat="44.80435" lon="4.79229">
        <ele>91.6</ele>
      </trkpt>
      <trkpt lat="44.80423" lon="4.79205">
        <ele>91.0</ele>
      </trkpt>
      <trkpt lat="44.80404" lon="4.79159">
        <ele>90.7</ele>
      </trkpt>
      <trkpt lat="44.80397" lon="4.79133">
        <ele>92.0</ele>
      </trkpt>
      <trkpt lat="44.80397" lon="4.79119">
        <ele>92.7</ele>
      </trkpt>
      <trkpt lat="44.80399" lon="4.79107">
        <ele>93.2</ele>
      </trkpt>
      <trkpt lat="44.804" lon="4.79099">
        <ele>93.6</ele>
      </trkpt>
      <trkpt lat="44.80398" lon="4.79092">
        <ele>93.9</ele>
      </trkpt>
      <trkpt lat="44.8039" lon="4.79076">
        <ele>94.0</ele>
      </trkpt>
      <trkpt lat="44.80373" lon="4.79029">
        <ele>93.4</ele>
      </trkpt>
      <trkpt lat="44.80362" lon="4.78996">
        <ele>93.3</ele>
      </trkpt>
      <trkpt lat="44.80348" lon="4.78965">
        <ele>94.8</ele>
      </trkpt>
      <trkpt lat="44.80332" lon="4.78919">
        <ele>97.7</ele>
      </trkpt>
      <trkpt lat="44.80307" lon="4.78837">
        <ele>94.1</ele>
      </trkpt>
      <trkpt lat="44.80299" lon="4.78801">
        <ele>95.0</ele>
      </trkpt>
      <trkpt lat="44.80296" lon="4.78779">
        <ele>95.8</ele>
      </trkpt>
      <trkpt lat="44.80281" lon="4.78735">
        <ele>97.0</ele>
      </trkpt>
      <trkpt lat="44.80258" lon="4.78676">
        <ele>96.2</ele>
      </trkpt>
      <trkpt lat="44.80236" lon="4.78617">
        <ele>94.3</ele>
      </trkpt>
      <trkpt lat="44.80228" lon="4.78593">
        <ele>93.6</ele>
      </trkpt>
      <trkpt lat="44.80213" lon="4.78554">
        <ele>93.6</ele>
      </trkpt>
      <trkpt lat="44.80182" lon="4.78478">
        <ele>94.8</ele>
      </trkpt>
      <trkpt lat="44.80166" lon="4.78452">
        <ele>94.4</ele>
      </trkpt>
      <trkpt lat="44.80164" lon="4.78447">
        <ele>94.4</ele>
      </trkpt>
      <trkpt lat="44.80156" lon="4.78433">
        <ele>94.2</ele>
      </trkpt>
      <trkpt lat="44.80135" lon="4.78402">
        <ele>93.9</ele>
      </trkpt>
      <trkpt lat="44.80093" lon="4.78351">
        <ele>92.3</ele>
      </trkpt>
      <trkpt lat="44.80055" lon="4.78298">
        <ele>92.8</ele>
      </trkpt>
      <trkpt lat="44.80049" lon="4.78286">
        <ele>93.0</ele>
      </trkpt>
      <trkpt lat="44.80054" lon="4.78275">
        <ele>93.4</ele>
      </trkpt>
      <trkpt lat="44.80011" lon="4.78211">
        <ele>93.3</ele>
      </trkpt>
      <trkpt lat="44.80006" lon="4.78189">
        <ele>93.6</ele>
      </trkpt>
      <trkpt lat="44.80008" lon="4.78188">
        <ele>93.7</ele>
      </trkpt>
      <trkpt lat="44.80014" lon="4.78182">
        <ele>94.0</ele>
      </trkpt>
      <trkpt lat="44.80016" lon="4.78197">
        <ele>93.7</ele>
      </trkpt>
      <trkpt lat="44.80024" lon="4.78217">
        <ele>93.5</ele>
      </trkpt>
      <trkpt lat="44.80063" lon="4.78268">
        <ele>93.8</ele>
      </trkpt>
      <trkpt lat="44.80103" lon="4.7832">
        <ele>93.1</ele>
      </trkpt>
      <trkpt lat="44.80122" lon="4.78326">
        <ele>93.0</ele>
      </trkpt>
      <trkpt lat="44.8011" lon="4.78338">
        <ele>93.0</ele>
      </trkpt>
      <trkpt lat="44.8004" lon="4.78413">
        <ele>92.9</ele>
      </trkpt>
      <trkpt lat="44.7997" lon="4.78487">
        <ele>92.8</ele>
      </trkpt>
      <trkpt lat="44.799" lon="4.78561">
        <ele>92.6</ele>
      </trkpt>
      <trkpt lat="44.7989" lon="4.78572">
        <ele>92.6</ele>
      </trkpt>
      <trkpt lat="44.79848" lon="4.78531">
        <ele>92.6</ele>
      </trkpt>
      <trkpt lat="44.79827" lon="4.78515">
        <ele>92.4</ele>
      </trkpt>
      <trkpt lat="44.79774" lon="4.78469">
        <ele>92.4</ele>
      </trkpt>
      <trkpt lat="44.7972" lon="4.78422">
        <ele>92.7</ele>
      </trkpt>
      <trkpt lat="44.79692" lon="4.78398">
        <ele>93.7</ele>
      </trkpt>
      <trkpt lat="44.7967" lon="4.78381">
        <ele>94.7</ele>
      </trkpt>
      <trkpt lat="44.79656" lon="4.78367">
        <ele>94.9</ele>
      </trkpt>
      <trkpt lat="44.79587" lon="4.78322">
        <ele>94.1</ele>
      </trkpt>
      <trkpt lat="44.79504" lon="4.78278">
        <ele>93.4</ele>
      </trkpt>
      <trkpt lat="44.79479" lon="4.78253">
        <ele>93.9</ele>
      </trkpt>
      <trkpt lat="44.79433" lon="4.78196">
        <ele>94.8</ele>
      </trkpt>
      <trkpt lat="44.79391" lon="4.78169">
        <ele>94.7</ele>
      </trkpt>
      <trkpt lat="44.79361" lon="4.78152">
        <ele>93.2</ele>
      </trkpt>
      <trkpt lat="44.79356" lon="4.78151">
        <ele>93.0</ele>
      </trkpt>
      <trkpt lat="44.79339" lon="4.78136">
        <ele>92.5</ele>
      </trkpt>
      <trkpt lat="44.79328" lon="4.78123">
        <ele>92.5</ele>
      </trkpt>
      <trkpt lat="44.79315" lon="4.78113">
        <ele>92.4</ele>
      </trkpt>
      <trkpt lat="44.79299" lon="4.78097">
        <ele>92.4</ele>
      </trkpt>
      <trkpt lat="44.79284" lon="4.78086">
        <ele>92.4</ele>
      </trkpt>
      <trkpt lat="44.79236" lon="4.78058">
        <ele>92.2</ele>
      </trkpt>
      <trkpt lat="44.79213" lon="4.78041">
        <ele>92.3</ele>
      </trkpt>
      <trkpt lat="44.79154" lon="4.7799">
        <ele>92.5</ele>
      </trkpt>
      <trkpt lat="44.7908" lon="4.77931">
        <ele>91.8</ele>
      </trkpt>
      <trkpt lat="44.79039" lon="4.77895">
        <ele>92.0</ele>
      </trkpt>
      <trkpt lat="44.79004" lon="4.77864">
        <ele>92.0</ele>
      </trkpt>
      <trkpt lat="44.7896" lon="4.77822">
        <ele>91.0</ele>
      </trkpt>
      <trkpt lat="44.78899" lon="4.77768">
        <ele>90.6</ele>
      </trkpt>
      <trkpt lat="44.78857" lon="4.77732">
        <ele>90.4</ele>
      </trkpt>
      <trkpt lat="44.78814" lon="4.77696">
        <ele>91.0</ele>
      </trkpt>
      <trkpt lat="44.78773" lon="4.77665">
        <ele>92.4</ele>
      </trkpt>
      <trkpt lat="44.78703" lon="4.77621">
        <ele>91.7</ele>
      </trkpt>
      <trkpt lat="44.78629" lon="4.7757">
        <ele>91.6</ele>
      </trkpt>
      <trkpt lat="44.78589" lon="4.77545">
        <ele>91.9</ele>
      </trkpt>
      <trkpt lat="44.78564" lon="4.77533">
        <ele>91.9</ele>
      </trkpt>
      <trkpt lat="44.78484" lon="4.77508">
        <ele>91.7</ele>
      </trkpt>
      <trkpt lat="44.78441" lon="4.77492">
        <ele>91.9</ele>
      </trkpt>
      <trkpt lat="44.78398" lon="4.77478">
        <ele>91.7</ele>
      </trkpt>
      <trkpt lat="44.78363" lon="4.77466">
        <ele>91.7</ele>
      </trkpt>
      <trkpt lat="44.7831" lon="4.77447">
        <ele>91.4</ele>
      </trkpt>
      <trkpt lat="44.78258" lon="4.77428">
        <ele>91.5</ele>
      </trkpt>
      <trkpt lat="44.78219" lon="4.77412">
        <ele>91.2</ele>
      </trkpt>
      <trkpt lat="44.78209" lon="4.77398">
        <ele>90.7</ele>
      </trkpt>
      <trkpt lat="44.78198" lon="4.77389">
        <ele>90.5</ele>
      </trkpt>
      <trkpt lat="44.78191" lon="4.77385">
        <ele>90.5</ele>
      </trkpt>
      <trkpt lat="44.78175" lon="4.77369">
        <ele>90.1</ele>
      </trkpt>
      <trkpt lat="44.78167" lon="4.77365">
        <ele>90.1</ele>
      </trkpt>
      <trkpt lat="44.7816" lon="4.77367">
        <ele>90.3</ele>
      </trkpt>
      <trkpt lat="44.78155" lon="4.77373">
        <ele>90.5</ele>
      </trkpt>
      <trkpt lat="44.78152" lon="4.7738">
        <ele>90.8</ele>
      </trkpt>
      <trkpt lat="44.78152" lon="4.77391">
        <ele>91.1</ele>
      </trkpt>
      <trkpt lat="44.78159" lon="4.77416">
        <ele>92.0</ele>
      </trkpt>
      <trkpt lat="44.78158" lon="4.77422">
        <ele>92.1</ele>
      </trkpt>
      <trkpt lat="44.78154" lon="4.77426">
        <ele>92.2</ele>
      </trkpt>
      <trkpt lat="44.78151" lon="4.77425">
        <ele>92.1</ele>
      </trkpt>
      <trkpt lat="44.78147" lon="4.77422">
        <ele>92.1</ele>
      </trkpt>
      <trkpt lat="44.7814" lon="4.77413">
        <ele>92.0</ele>
      </trkpt>
      <trkpt lat="44.78132" lon="4.77412">
        <ele>92.0</ele>
      </trkpt>
      <trkpt lat="44.78128" lon="4.77415">
        <ele>92.0</ele>
      </trkpt>
      <trkpt lat="44.78107" lon="4.77433">
        <ele>91.9</ele>
      </trkpt>
      <trkpt lat="44.78094" lon="4.77436">
        <ele>91.9</ele>
      </trkpt>
      <trkpt lat="44.78093" lon="4.77428">
        <ele>91.9</ele>
      </trkpt>
      <trkpt lat="44.78078" lon="4.77383">
        <ele>91.2</ele>
      </trkpt>
      <trkpt lat="44.78047" lon="4.77319">
        <ele>90.4</ele>
      </trkpt>
      <trkpt lat="44.78016" lon="4.77255">
        <ele>91.4</ele>
      </trkpt>
      <trkpt lat="44.78002" lon="4.77223">
        <ele>91.9</ele>
      </trkpt>
      <trkpt lat="44.77991" lon="4.77195">
        <ele>91.9</ele>
      </trkpt>
      <trkpt lat="44.77965" lon="4.77138">
        <ele>91.2</ele>
      </trkpt>
      <trkpt lat="44.77925" lon="4.77067">
        <ele>89.6</ele>
      </trkpt>
      <trkpt lat="44.77884" lon="4.77009">
        <ele>88.0</ele>
      </trkpt>
      <trkpt lat="44.7785" lon="4.76972">
        <ele>89.0</ele>
      </trkpt>
      <trkpt lat="44.77795" lon="4.76917">
        <ele>90.0</ele>
      </trkpt>
      <trkpt lat="44.7774" lon="4.76862">
        <ele>91.2</ele>
      </trkpt>
      <trkpt lat="44.77684" lon="4.76807">
        <ele>90.4</ele>
      </trkpt>
      <trkpt lat="44.77622" lon="4.76747">
        <ele>92.7</ele>
      </trkpt>
      <trkpt lat="44.77612" lon="4.76745">
        <ele>93.4</ele>
      </trkpt>
      <trkpt lat="44.77588" lon="4.76749">
        <ele>94.7</ele>
      </trkpt>
      <trkpt lat="44.77552" lon="4.76765">
        <ele>94.9</ele>
      </trkpt>
      <trkpt lat="44.7751" lon="4.76781">
        <ele>95.2</ele>
      </trkpt>
      <trkpt lat="44.77489" lon="4.76784">
        <ele>95.4</ele>
      </trkpt>
      <trkpt lat="44.7745" lon="4.76786">
        <ele>95.5</ele>
      </trkpt>
      <trkpt lat="44.77408" lon="4.76777">
        <ele>95.9</ele>
      </trkpt>
      <trkpt lat="44.77378" lon="4.76772">
        <ele>95.4</ele>
      </trkpt>
      <trkpt lat="44.77359" lon="4.76767">
        <ele>95.0</ele>
      </trkpt>
      <trkpt lat="44.77327" lon="4.76767">
        <ele>94.2</ele>
      </trkpt>
      <trkpt lat="44.77271" lon="4.76763">
        <ele>92.0</ele>
      </trkpt>
      <trkpt lat="44.77257" lon="4.76829">
        <ele>92.3</ele>
      </trkpt>
      <trkpt lat="44.7725" lon="4.76904">
        <ele>91.7</ele>
      </trkpt>
      <trkpt lat="44.77164" lon="4.76898">
        <ele>90.9</ele>
      </trkpt>
      <trkpt lat="44.77079" lon="4.76892">
        <ele>90.0</ele>
      </trkpt>
      <trkpt lat="44.77076" lon="4.76892">
        <ele>90.0</ele>
      </trkpt>
      <trkpt lat="44.77079" lon="4.76856">
        <ele>89.8</ele>
      </trkpt>
      <trkpt lat="44.77079" lon="4.76757">
        <ele>88.3</ele>
      </trkpt>
      <trkpt lat="44.77075" lon="4.76652">
        <ele>90.2</ele>
      </trkpt>
      <trkpt lat="44.7707" lon="4.76652">
        <ele>90.3</ele>
      </trkpt>
      <trkpt lat="44.77065" lon="4.76707">
        <ele>89.5</ele>
      </trkpt>
      <trkpt lat="44.77062" lon="4.76709">
        <ele>89.5</ele>
      </trkpt>
      <trkpt lat="44.77059" lon="4.76702">
        <ele>89.7</ele>
      </trkpt>
      <trkpt lat="44.77055" lon="4.76632">
        <ele>90.3</ele>
      </trkpt>
      <trkpt lat="44.7705" lon="4.76594">
        <ele>90.2</ele>
      </trkpt>
      <trkpt lat="44.77038" lon="4.76512">
        <ele>89.1</ele>
      </trkpt>
      <trkpt lat="44.77032" lon="4.76472">
        <ele>88.6</ele>
      </trkpt>
      <trkpt lat="44.77023" lon="4.76435">
        <ele>87.9</ele>
      </trkpt>
      <trkpt lat="44.76998" lon="4.76335">
        <ele>89.0</ele>
      </trkpt>
      <trkpt lat="44.76979" lon="4.7627">
        <ele>89.8</ele>
      </trkpt>
      <trkpt lat="44.76965" lon="4.76228">
        <ele>90.2</ele>
      </trkpt>
      <trkpt lat="44.76948" lon="4.76188">
        <ele>90.1</ele>
      </trkpt>
      <trkpt lat="44.76933" lon="4.76154">
        <ele>89.5</ele>
      </trkpt>
      <trkpt lat="44.7691" lon="4.76113">
        <ele>89.0</ele>
      </trkpt>
      <trkpt lat="44.76891" lon="4.76082">
        <ele>89.0</ele>
      </trkpt>
      <trkpt lat="44.76857" lon="4.76043">
        <ele>89.5</ele>
      </trkpt>
      <trkpt lat="44.76835" lon="4.76021">
        <ele>89.7</ele>
      </trkpt>
      <trkpt lat="44.7682" lon="4.76008">
        <ele>89.8</ele>
      </trkpt>
      <trkpt lat="44.76804" lon="4.75996">
        <ele>89.7</ele>
      </trkpt>
      <trkpt lat="44.76772" lon="4.75975">
        <ele>89.5</ele>
      </trkpt>
      <trkpt lat="44.76689" lon="4.75937">
        <ele>90.1</ele>
      </trkpt>
      <trkpt lat="44.76606" lon="4.75899">
        <ele>90.6</ele>
      </trkpt>
      <trkpt lat="44.76523" lon="4.7586">
        <ele>89.8</ele>
      </trkpt>
      <trkpt lat="44.7644" lon="4.75822">
        <ele>89.4</ele>
      </trkpt>
      <trkpt lat="44.76357" lon="4.75784">
        <ele>88.2</ele>
      </trkpt>
      <trkpt lat="44.76274" lon="4.75745">
        <ele>89.7</ele>
      </trkpt>
      <trkpt lat="44.76209" lon="4.75715">
        <ele>90.4</ele>
      </trkpt>
      <trkpt lat="44.76144" lon="4.75685">
        <ele>91.1</ele>
      </trkpt>
      <trkpt lat="44.76079" lon="4.75656">
        <ele>90.4</ele>
      </trkpt>
      <trkpt lat="44.76046" lon="4.75639">
        <ele>89.2</ele>
      </trkpt>
      <trkpt lat="44.75966" lon="4.75603">
        <ele>90.1</ele>
      </trkpt>
      <trkpt lat="44.75922" lon="4.75586">
        <ele>90.9</ele>
      </trkpt>
      <trkpt lat="44.75878" lon="4.75572">
        <ele>89.7</ele>
      </trkpt>
      <trkpt lat="44.75842" lon="4.75563">
        <ele>88.7</ele>
      </trkpt>
      <trkpt lat="44.75811" lon="4.75557">
        <ele>88.9</ele>
      </trkpt>
      <trkpt lat="44.75745" lon="4.75548">
        <ele>90.0</ele>
      </trkpt>
      <trkpt lat="44.75735" lon="4.7555">
        <ele>90.2</ele>
      </trkpt>
      <trkpt lat="44.75703" lon="4.75548">
        <ele>90.5</ele>
      </trkpt>
      <trkpt lat="44.75701" lon="4.75549">
        <ele>90.6</ele>
      </trkpt>
      <trkpt lat="44.75697" lon="4.75552">
        <ele>90.9</ele>
      </trkpt>
      <trkpt lat="44.75695" lon="4.75559">
        <ele>91.5</ele>
      </trkpt>
      <trkpt lat="44.75685" lon="4.75627">
        <ele>93.0</ele>
      </trkpt>
      <trkpt lat="44.7568" lon="4.75656">
        <ele>92.8</ele>
      </trkpt>
      <trkpt lat="44.75677" lon="4.75661">
        <ele>92.8</ele>
      </trkpt>
      <trkpt lat="44.75674" lon="4.75664">
        <ele>92.9</ele>
      </trkpt>
      <trkpt lat="44.7566" lon="4.75671">
        <ele>92.6</ele>
      </trkpt>
      <trkpt lat="44.75647" lon="4.75679">
        <ele>91.8</ele>
      </trkpt>
      <trkpt lat="44.75643" lon="4.7568">
        <ele>91.6</ele>
      </trkpt>
      <trkpt lat="44.75637" lon="4.75675">
        <ele>91.4</ele>
      </trkpt>
      <trkpt lat="44.75634" lon="4.75669">
        <ele>91.4</ele>
      </trkpt>
      <trkpt lat="44.75634" lon="4.75662">
        <ele>91.5</ele>
      </trkpt>
      <trkpt lat="44.75636" lon="4.75628">
        <ele>92.0</ele>
      </trkpt>
      <trkpt lat="44.75623" lon="4.75627">
        <ele>91.4</ele>
      </trkpt>
      <trkpt lat="44.75627" lon="4.7555">
        <ele>89.9</ele>
      </trkpt>
      <trkpt lat="44.75627" lon="4.75541">
        <ele>89.3</ele>
      </trkpt>
      <trkpt lat="44.75625" lon="4.75534">
        <ele>88.7</ele>
      </trkpt>
      <trkpt lat="44.75622" lon="4.75528">
        <ele>88.3</ele>
      </trkpt>
      <trkpt lat="44.75617" lon="4.75526">
        <ele>88.0</ele>
      </trkpt>
      <trkpt lat="44.75607" lon="4.75525">
        <ele>87.7</ele>
      </trkpt>
      <trkpt lat="44.75605" lon="4.7552">
        <ele>87.4</ele>
      </trkpt>
      <trkpt lat="44.75604" lon="4.75512">
        <ele>86.9</ele>
      </trkpt>
      <trkpt lat="44.75605" lon="4.75507">
        <ele>86.7</ele>
      </trkpt>
      <trkpt lat="44.7561" lon="4.75491">
        <ele>86.4</ele>
      </trkpt>
      <trkpt lat="44.75617" lon="4.75477">
        <ele>86.5</ele>
      </trkpt>
      <trkpt lat="44.75622" lon="4.75471">
        <ele>86.5</ele>
      </trkpt>
      <trkpt lat="44.75627" lon="4.75466">
        <ele>86.6</ele>
      </trkpt>
      <trkpt lat="44.75627" lon="4.75462">
        <ele>86.6</ele>
      </trkpt>
      <trkpt lat="44.75618" lon="4.75367">
        <ele>87.1</ele>
      </trkpt>
      <trkpt lat="44.75609" lon="4.75273">
        <ele>87.7</ele>
      </trkpt>
      <trkpt lat="44.75599" lon="4.75179">
        <ele>88.3</ele>
      </trkpt>
      <trkpt lat="44.7559" lon="4.75085">
        <ele>88.8</ele>
      </trkpt>
      <trkpt lat="44.7559" lon="4.75082">
        <ele>88.9</ele>
      </trkpt>
      <trkpt lat="44.75585" lon="4.75079">
        <ele>88.9</ele>
      </trkpt>
      <trkpt lat="44.75583" lon="4.75054">
        <ele>89.1</ele>
      </trkpt>
      <trkpt lat="44.75584" lon="4.75052">
        <ele>89.2</ele>
      </trkpt>
      <trkpt lat="44.75586" lon="4.7505">
        <ele>89.4</ele>
      </trkpt>
      <trkpt lat="44.75588" lon="4.75034">
        <ele>90.5</ele>
      </trkpt>
      <trkpt lat="44.75583" lon="4.75014">
        <ele>92.0</ele>
      </trkpt>
      <trkpt lat="44.75584" lon="4.74996">
        <ele>93.0</ele>
      </trkpt>
      <trkpt lat="44.75583" lon="4.74982">
        <ele>93.0</ele>
      </trkpt>
      <trkpt lat="44.75581" lon="4.74979">
        <ele>93.0</ele>
      </trkpt>
      <trkpt lat="44.75568" lon="4.74978">
        <ele>92.7</ele>
      </trkpt>
      <trkpt lat="44.7553" lon="4.74965">
        <ele>91.8</ele>
      </trkpt>
      <trkpt lat="44.75529" lon="4.74963">
        <ele>91.8</ele>
      </trkpt>
      <trkpt lat="44.75529" lon="4.74946">
        <ele>91.5</ele>
      </trkpt>
      <trkpt lat="44.75527" lon="4.7494">
        <ele>91.4</ele>
      </trkpt>
      <trkpt lat="44.75525" lon="4.74886">
        <ele>90.6</ele>
      </trkpt>
      <trkpt lat="44.7552" lon="4.7488">
        <ele>90.4</ele>
      </trkpt>
      <trkpt lat="44.75521" lon="4.7486">
        <ele>90.2</ele>
      </trkpt>
      <trkpt lat="44.75517" lon="4.74852">
        <ele>90.0</ele>
      </trkpt>
      <trkpt lat="44.75516" lon="4.74839">
        <ele>89.8</ele>
      </trkpt>
      <trkpt lat="44.75517" lon="4.74852">
        <ele>90.0</ele>
      </trkpt>
      <trkpt lat="44.75521" lon="4.7486">
        <ele>90.2</ele>
      </trkpt>
      <trkpt lat="44.7552" lon="4.7488">
        <ele>90.4</ele>
      </trkpt>
      <trkpt lat="44.75525" lon="4.74886">
        <ele>90.6</ele>
      </trkpt>
      <trkpt lat="44.75526" lon="4.74928">
        <ele>91.1</ele>
      </trkpt>
      <trkpt lat="44.75525" lon="4.74886">
        <ele>90.6</ele>
      </trkpt>
      <trkpt lat="44.7552" lon="4.7488">
        <ele>90.4</ele>
      </trkpt>
      <trkpt lat="44.75521" lon="4.7486">
        <ele>90.2</ele>
      </trkpt>
      <trkpt lat="44.75517" lon="4.74852">
        <ele>90.0</ele>
      </trkpt>
      <trkpt lat="44.75516" lon="4.74839">
        <ele>89.8</ele>
      </trkpt>
      <trkpt lat="44.75502" lon="4.7484">
        <ele>89.2</ele>
      </trkpt>
      <trkpt lat="44.75481" lon="4.74861">
        <ele>89.6</ele>
      </trkpt>
      <trkpt lat="44.75479" lon="4.74858">
        <ele>89.7</ele>
      </trkpt>
      <trkpt lat="44.75484" lon="4.74853">
        <ele>89.5</ele>
      </trkpt>
      <trkpt lat="44.75497" lon="4.7484">
        <ele>89.1</ele>
      </trkpt>
      <trkpt lat="44.75495" lon="4.74837">
        <ele>89.2</ele>
      </trkpt>
      <trkpt lat="44.75477" lon="4.74855">
        <ele>89.5</ele>
      </trkpt>
      <trkpt lat="44.75472" lon="4.74862">
        <ele>89.6</ele>
      </trkpt>
      <trkpt lat="44.75438" lon="4.74815">
        <ele>90.3</ele>
      </trkpt>
      <trkpt lat="44.75434" lon="4.74818">
        <ele>90.4</ele>
      </trkpt>
      <trkpt lat="44.75418" lon="4.74844">
        <ele>90.8</ele>
      </trkpt>
      <trkpt lat="44.75411" lon="4.74836">
        <ele>91.1</ele>
      </trkpt>
      <trkpt lat="44.75427" lon="4.7481">
        <ele>91.6</ele>
      </trkpt>
      <trkpt lat="44.75438" lon="4.74801">
        <ele>91.8</ele>
      </trkpt>
      <trkpt lat="44.75433" lon="4.74798">
        <ele>92.0</ele>
      </trkpt>
      <trkpt lat="44.75415" lon="4.748">
        <ele>92.2</ele>
      </trkpt>
      <trkpt lat="44.75355" lon="4.74783">
        <ele>93.8</ele>
      </trkpt>
      <trkpt lat="44.75355" lon="4.74783">
        <ele>93.8</ele>
      </trkpt>
      <trkpt lat="44.75357" lon="4.74783">
        <ele>93.8</ele>
      </trkpt>
      <trkpt lat="44.75355" lon="4.74783">
        <ele>93.9</ele>
      </trkpt>
      <trkpt lat="44.75352" lon="4.74778">
        <ele>94.0</ele>
      </trkpt>
      <trkpt lat="44.75351" lon="4.74776">
        <ele>94.1</ele>
      </trkpt>
      <trkpt lat="44.75351" lon="4.74773">
        <ele>94.2</ele>
      </trkpt>
      <trkpt lat="44.75352" lon="4.74762">
        <ele>94.5</ele>
      </trkpt>
      <trkpt lat="44.75333" lon="4.74757">
        <ele>94.8</ele>
      </trkpt>
      <trkpt lat="44.75331" lon="4.74757">
        <ele>94.8</ele>
      </trkpt>
      <trkpt lat="44.75329" lon="4.74759">
        <ele>94.6</ele>
      </trkpt>
      <trkpt lat="44.75326" lon="4.74773">
        <ele>94.3</ele>
      </trkpt>
      <trkpt lat="44.75322" lon="4.74774">
        <ele>94.1</ele>
      </trkpt>
      <trkpt lat="44.75319" lon="4.74774">
        <ele>94.1</ele>
      </trkpt>
      <trkpt lat="44.75319" lon="4.74774">
        <ele>94.1</ele>
      </trkpt>
      <trkpt lat="44.7527" lon="4.74764">
        <ele>92.8</ele>
      </trkpt>
      <trkpt lat="44.75221" lon="4.74755">
        <ele>92.4</ele>
      </trkpt>
      <trkpt lat="44.75221" lon="4.74755">
        <ele>92.4</ele>
      </trkpt>
      <trkpt lat="44.75175" lon="4.74744">
        <ele>93.3</ele>
      </trkpt>
      <trkpt lat="44.7513" lon="4.74734">
        <ele>94.7</ele>
      </trkpt>
      <trkpt lat="44.75105" lon="4.74729">
        <ele>95.4</ele>
      </trkpt>
      <trkpt lat="44.75071" lon="4.74725">
        <ele>95.5</ele>
      </trkpt>
      <trkpt lat="44.75062" lon="4.74722">
        <ele>95.3</ele>
      </trkpt>
      <trkpt lat="44.75045" lon="4.74715">
        <ele>95.0</ele>
      </trkpt>
      <trkpt lat="44.74996" lon="4.74691">
        <ele>93.6</ele>
      </trkpt>
      <trkpt lat="44.74952" lon="4.74672">
        <ele>92.7</ele>
      </trkpt>
      <trkpt lat="44.74922" lon="4.74657">
        <ele>92.6</ele>
      </trkpt>
      <trkpt lat="44.74901" lon="4.74643">
        <ele>92.7</ele>
      </trkpt>
      <trkpt lat="44.74829" lon="4.7461">
        <ele>91.2</ele>
      </trkpt>
      <trkpt lat="44.74799" lon="4.74592">
        <ele>90.6</ele>
      </trkpt>
      <trkpt lat="44.74785" lon="4.74583">
        <ele>90.3</ele>
      </trkpt>
      <trkpt lat="44.74775" lon="4.7457">
        <ele>90.4</ele>
      </trkpt>
      <trkpt lat="44.74767" lon="4.74547">
        <ele>91.0</ele>
      </trkpt>
      <trkpt lat="44.74764" lon="4.74542">
        <ele>91.1</ele>
      </trkpt>
      <trkpt lat="44.74757" lon="4.74542">
        <ele>90.8</ele>
      </trkpt>
      <trkpt lat="44.74749" lon="4.74534">
        <ele>90.8</ele>
      </trkpt>
      <trkpt lat="44.74734" lon="4.74538">
        <ele>90.3</ele>
      </trkpt>
      <trkpt lat="44.74728" lon="4.74549">
        <ele>89.9</ele>
      </trkpt>
      <trkpt lat="44.7472" lon="4.74559">
        <ele>89.4</ele>
      </trkpt>
      <trkpt lat="44.74719" lon="4.74564">
        <ele>89.2</ele>
      </trkpt>
      <trkpt lat="44.74712" lon="4.74565">
        <ele>89.1</ele>
      </trkpt>
      <trkpt lat="44.74709" lon="4.74573">
        <ele>88.8</ele>
      </trkpt>
      <trkpt lat="44.74682" lon="4.74558">
        <ele>88.8</ele>
      </trkpt>
      <trkpt lat="44.74657" lon="4.74547">
        <ele>88.9</ele>
      </trkpt>
      <trkpt lat="44.74639" lon="4.7454">
        <ele>89.2</ele>
      </trkpt>
      <trkpt lat="44.74639" lon="4.7454">
        <ele>89.2</ele>
      </trkpt>
      <trkpt lat="44.74617" lon="4.74532">
        <ele>89.5</ele>
      </trkpt>
      <trkpt lat="44.74583" lon="4.74518">
        <ele>89.8</ele>
      </trkpt>
      <trkpt lat="44.74516" lon="4.74486">
        <ele>89.6</ele>
      </trkpt>
      <trkpt lat="44.74449" lon="4.74454">
        <ele>88.9</ele>
      </trkpt>
      <trkpt lat="44.74389" lon="4.74427">
        <ele>89.1</ele>
      </trkpt>
      <trkpt lat="44.74344" lon="4.74404">
        <ele>91.3</ele>
      </trkpt>
      <trkpt lat="44.74327" lon="4.74399">
        <ele>91.4</ele>
      </trkpt>
      <trkpt lat="44.7431" lon="4.74397">
        <ele>91.2</ele>
      </trkpt>
      <trkpt lat="44.74289" lon="4.74392">
        <ele>91.1</ele>
      </trkpt>
      <trkpt lat="44.74289" lon="4.74392">
        <ele>91.1</ele>
      </trkpt>
      <trkpt lat="44.74274" lon="4.74389">
        <ele>90.9</ele>
      </trkpt>
      <trkpt lat="44.74258" lon="4.74388">
        <ele>90.6</ele>
      </trkpt>
      <trkpt lat="44.74249" lon="4.74387">
        <ele>90.4</ele>
      </trkpt>
      <trkpt lat="44.74241" lon="4.74389">
        <ele>90.1</ele>
      </trkpt>
      <trkpt lat="44.7423" lon="4.74381">
        <ele>90.1</ele>
      </trkpt>
      <trkpt lat="44.74201" lon="4.74371">
        <ele>89.7</ele>
      </trkpt>
      <trkpt lat="44.74192" lon="4.74465">
        <ele>88.2</ele>
      </trkpt>
      <trkpt lat="44.74182" lon="4.74559">
        <ele>88.8</ele>
      </trkpt>
      <trkpt lat="44.74174" lon="4.74627">
        <ele>89.4</ele>
      </trkpt>
      <trkpt lat="44.74171" lon="4.74651">
        <ele>89.8</ele>
      </trkpt>
      <trkpt lat="44.74157" lon="4.74721">
        <ele>89.9</ele>
      </trkpt>
      <trkpt lat="44.74143" lon="4.74812">
        <ele>89.0</ele>
      </trkpt>
      <trkpt lat="44.74126" lon="4.74809">
        <ele>88.8</ele>
      </trkpt>
      <trkpt lat="44.74126" lon="4.74809">
        <ele>88.8</ele>
      </trkpt>
      <trkpt lat="44.74075" lon="4.74803">
        <ele>88.3</ele>
      </trkpt>
      <trkpt lat="44.73998" lon="4.74791">
        <ele>87.5</ele>
      </trkpt>
      <trkpt lat="44.7392" lon="4.74778">
        <ele>88.3</ele>
      </trkpt>
      <trkpt lat="44.73859" lon="4.74769">
        <ele>89.3</ele>
      </trkpt>
      <trkpt lat="44.73798" lon="4.74761">
        <ele>89.9</ele>
      </trkpt>
      <trkpt lat="44.73738" lon="4.74752">
        <ele>89.8</ele>
      </trkpt>
      <trkpt lat="44.73692" lon="4.74747">
        <ele>89.3</ele>
      </trkpt>
      <trkpt lat="44.73623" lon="4.74736">
        <ele>89.4</ele>
      </trkpt>
      <trkpt lat="44.73554" lon="4.74725">
        <ele>89.7</ele>
      </trkpt>
      <trkpt lat="44.73507" lon="4.74719">
        <ele>89.6</ele>
      </trkpt>
      <trkpt lat="44.7346" lon="4.74712">
        <ele>90.0</ele>
      </trkpt>
      <trkpt lat="44.73402" lon="4.74703">
        <ele>90.6</ele>
      </trkpt>
      <trkpt lat="44.73344" lon="4.74694">
        <ele>91.0</ele>
      </trkpt>
      <trkpt lat="44.73276" lon="4.74685">
        <ele>91.7</ele>
      </trkpt>
      <trkpt lat="44.73222" lon="4.74676">
        <ele>91.7</ele>
      </trkpt>
      <trkpt lat="44.73222" lon="4.74676">
        <ele>91.7</ele>
      </trkpt>
      <trkpt lat="44.73214" lon="4.74675">
        <ele>91.6</ele>
      </trkpt>
      <trkpt lat="44.732" lon="4.7467">
        <ele>91.4</ele>
      </trkpt>
      <trkpt lat="44.73197" lon="4.74678">
        <ele>91.4</ele>
      </trkpt>
      <trkpt lat="44.73194" lon="4.74697">
        <ele>91.3</ele>
      </trkpt>
      <trkpt lat="44.73191" lon="4.74709">
        <ele>91.3</ele>
      </trkpt>
      <trkpt lat="44.73183" lon="4.7472">
        <ele>91.2</ele>
      </trkpt>
      <trkpt lat="44.73173" lon="4.74729">
        <ele>91.1</ele>
      </trkpt>
      <trkpt lat="44.73163" lon="4.7474">
        <ele>91.0</ele>
      </trkpt>
      <trkpt lat="44.73158" lon="4.74751">
        <ele>91.0</ele>
      </trkpt>
      <trkpt lat="44.73129" lon="4.74826">
        <ele>90.0</ele>
      </trkpt>
      <trkpt lat="44.73088" lon="4.74936">
        <ele>90.7</ele>
      </trkpt>
      <trkpt lat="44.73069" lon="4.75001">
        <ele>89.6</ele>
      </trkpt>
      <trkpt lat="44.73059" lon="4.75043">
        <ele>88.7</ele>
      </trkpt>
      <trkpt lat="44.73044" lon="4.75151">
        <ele>88.3</ele>
      </trkpt>
      <trkpt lat="44.73046" lon="4.75159">
        <ele>88.3</ele>
      </trkpt>
      <trkpt lat="44.73051" lon="4.75167">
        <ele>88.2</ele>
      </trkpt>
      <trkpt lat="44.73109" lon="4.75228">
        <ele>87.6</ele>
      </trkpt>
      <trkpt lat="44.73123" lon="4.75254">
        <ele>87.5</ele>
      </trkpt>
      <trkpt lat="44.73152" lon="4.75315">
        <ele>87.3</ele>
      </trkpt>
      <trkpt lat="44.73167" lon="4.75346">
        <ele>87.0</ele>
      </trkpt>
      <trkpt lat="44.73187" lon="4.75374">
        <ele>87.1</ele>
      </trkpt>
      <trkpt lat="44.7321" lon="4.75401">
        <ele>87.4</ele>
      </trkpt>
      <trkpt lat="44.73234" lon="4.75413">
        <ele>87.8</ele>
      </trkpt>
      <trkpt lat="44.7327" lon="4.75417">
        <ele>87.8</ele>
      </trkpt>
      <trkpt lat="44.73275" lon="4.75421">
        <ele>87.7</ele>
      </trkpt>
      <trkpt lat="44.73277" lon="4.7543">
        <ele>87.6</ele>
      </trkpt>
      <trkpt lat="44.73264" lon="4.75541">
        <ele>86.6</ele>
      </trkpt>
      <trkpt lat="44.73252" lon="4.75651">
        <ele>85.2</ele>
      </trkpt>
      <trkpt lat="44.73208" lon="4.75652">
        <ele>87.0</ele>
      </trkpt>
      <trkpt lat="44.73199" lon="4.75653">
        <ele>87.4</ele>
      </trkpt>
      <trkpt lat="44.7319" lon="4.75656">
        <ele>87.8</ele>
      </trkpt>
      <trkpt lat="44.73182" lon="4.75659">
        <ele>88.2</ele>
      </trkpt>
      <trkpt lat="44.73128" lon="4.7569">
        <ele>89.2</ele>
      </trkpt>
      <trkpt lat="44.73127" lon="4.75698">
        <ele>89.1</ele>
      </trkpt>
      <trkpt lat="44.73123" lon="4.75703">
        <ele>89.1</ele>
      </trkpt>
      <trkpt lat="44.7311" lon="4.75713">
        <ele>89.1</ele>
      </trkpt>
      <trkpt lat="44.73091" lon="4.75718">
        <ele>89.4</ele>
      </trkpt>
      <trkpt lat="44.73033" lon="4.75694">
        <ele>90.6</ele>
      </trkpt>
      <trkpt lat="44.73011" lon="4.75686">
        <ele>91.1</ele>
      </trkpt>
      <trkpt lat="44.73009" lon="4.75681">
        <ele>91.3</ele>
      </trkpt>
      <trkpt lat="44.72934" lon="4.75677">
        <ele>87.3</ele>
      </trkpt>
      <trkpt lat="44.72887" lon="4.75654">
        <ele>86.0</ele>
      </trkpt>
      <trkpt lat="44.7284" lon="4.7563">
        <ele>86.0</ele>
      </trkpt>
      <trkpt lat="44.72793" lon="4.75606">
        <ele>86.4</ele>
      </trkpt>
      <trkpt lat="44.72778" lon="4.75604">
        <ele>86.5</ele>
      </trkpt>
      <trkpt lat="44.72708" lon="4.75644">
        <ele>85.8</ele>
      </trkpt>
      <trkpt lat="44.72637" lon="4.75684">
        <ele>85.6</ele>
      </trkpt>
      <trkpt lat="44.72618" lon="4.75704">
        <ele>86.0</ele>
      </trkpt>
      <trkpt lat="44.72594" lon="4.75754">
        <ele>86.2</ele>
      </trkpt>
      <trkpt lat="44.72584" lon="4.7577">
        <ele>86.2</ele>
      </trkpt>
      <trkpt lat="44.72565" lon="4.75783">
        <ele>86.3</ele>
      </trkpt>
      <trkpt lat="44.72565" lon="4.75783">
        <ele>86.3</ele>
      </trkpt>
      <trkpt lat="44.72565" lon="4.75783">
        <ele>86.3</ele>
      </trkpt>
      <trkpt lat="44.72489" lon="4.75822">
        <ele>86.6</ele>
      </trkpt>
      <trkpt lat="44.72413" lon="4.7586">
        <ele>86.0</ele>
      </trkpt>
      <trkpt lat="44.72379" lon="4.75884">
        <ele>86.0</ele>
      </trkpt>
      <trkpt lat="44.72366" lon="4.75889">
        <ele>86.0</ele>
      </trkpt>
      <trkpt lat="44.72347" lon="4.75883">
        <ele>86.0</ele>
      </trkpt>
      <trkpt lat="44.7233" lon="4.75866">
        <ele>86.0</ele>
      </trkpt>
      <trkpt lat="44.72313" lon="4.75845">
        <ele>85.8</ele>
      </trkpt>
      <trkpt lat="44.72293" lon="4.75819">
        <ele>85.6</ele>
      </trkpt>
      <trkpt lat="44.72276" lon="4.75809">
        <ele>85.5</ele>
      </trkpt>
      <trkpt lat="44.72244" lon="4.75795">
        <ele>85.4</ele>
      </trkpt>
      <trkpt lat="44.72225" lon="4.75781">
        <ele>85.4</ele>
      </trkpt>
      <trkpt lat="44.72197" lon="4.75754">
        <ele>85.3</ele>
      </trkpt>
      <trkpt lat="44.72164" lon="4.75734">
        <ele>85.0</ele>
      </trkpt>
      <trkpt lat="44.72137" lon="4.757">
        <ele>85.2</ele>
      </trkpt>
      <trkpt lat="44.72105" lon="4.75669">
        <ele>85.7</ele>
      </trkpt>
      <trkpt lat="44.7206" lon="4.75641">
        <ele>86.0</ele>
      </trkpt>
      <trkpt lat="44.72042" lon="4.75637">
        <ele>86.0</ele>
      </trkpt>
      <trkpt lat="44.72009" lon="4.75653">
        <ele>86.0</ele>
      </trkpt>
      <trkpt lat="44.71989" lon="4.75658">
        <ele>85.9</ele>
      </trkpt>
      <trkpt lat="44.71945" lon="4.75657">
        <ele>85.4</ele>
      </trkpt>
      <trkpt lat="44.71901" lon="4.75659">
        <ele>85.3</ele>
      </trkpt>
      <trkpt lat="44.71863" lon="4.75665">
        <ele>85.7</ele>
      </trkpt>
      <trkpt lat="44.7182" lon="4.75679">
        <ele>86.9</ele>
      </trkpt>
      <trkpt lat="44.71796" lon="4.75693">
        <ele>88.3</ele>
      </trkpt>
      <trkpt lat="44.71773" lon="4.75677">
        <ele>90.6</ele>
      </trkpt>
      <trkpt lat="44.71732" lon="4.75753">
        <ele>90.2</ele>
      </trkpt>
      <trkpt lat="44.71696" lon="4.75816">
        <ele>89.7</ele>
      </trkpt>
      <trkpt lat="44.71661" lon="4.75879">
        <ele>88.4</ele>
      </trkpt>
      <trkpt lat="44.71627" lon="4.75934">
        <ele>88.6</ele>
      </trkpt>
      <trkpt lat="44.71627" lon="4.75934">
        <ele>88.6</ele>
      </trkpt>
      <trkpt lat="44.71593" lon="4.75988">
        <ele>88.2</ele>
      </trkpt>
      <trkpt lat="44.7156" lon="4.76042">
        <ele>88.8</ele>
      </trkpt>
      <trkpt lat="44.71511" lon="4.76115">
        <ele>90.5</ele>
      </trkpt>
      <trkpt lat="44.71495" lon="4.76143">
        <ele>91.1</ele>
      </trkpt>
      <trkpt lat="44.71469" lon="4.76176">
        <ele>90.8</ele>
      </trkpt>
      <trkpt lat="44.71469" lon="4.76176">
        <ele>90.8</ele>
      </trkpt>
      <trkpt lat="44.71417" lon="4.76224">
        <ele>90.3</ele>
      </trkpt>
      <trkpt lat="44.71431" lon="4.76254">
        <ele>89.7</ele>
      </trkpt>
      <trkpt lat="44.71432" lon="4.76261">
        <ele>89.5</ele>
      </trkpt>
      <trkpt lat="44.71431" lon="4.76266">
        <ele>89.3</ele>
      </trkpt>
      <trkpt lat="44.7141" lon="4.76286">
        <ele>89.0</ele>
      </trkpt>
      <trkpt lat="44.71381" lon="4.76308">
        <ele>89.8</ele>
      </trkpt>
      <trkpt lat="44.71357" lon="4.76325">
        <ele>91.2</ele>
      </trkpt>
      <trkpt lat="44.71298" lon="4.76372">
        <ele>89.7</ele>
      </trkpt>
      <trkpt lat="44.7125" lon="4.76425">
        <ele>89.1</ele>
      </trkpt>
      <trkpt lat="44.71246" lon="4.76427">
        <ele>89.1</ele>
      </trkpt>
      <trkpt lat="44.71244" lon="4.76438">
        <ele>88.1</ele>
      </trkpt>
      <trkpt lat="44.71244" lon="4.76438">
        <ele>88.1</ele>
      </trkpt>
      <trkpt lat="44.71241" lon="4.76445">
        <ele>87.6</ele>
      </trkpt>
      <trkpt lat="44.71196" lon="4.76485">
        <ele>86.9</ele>
      </trkpt>
      <trkpt lat="44.71179" lon="4.76495">
        <ele>87.4</ele>
      </trkpt>
      <trkpt lat="44.7117" lon="4.76495">
        <ele>88.1</ele>
      </trkpt>
      <trkpt lat="44.71156" lon="4.76511">
        <ele>88.6</ele>
      </trkpt>
      <trkpt lat="44.71152" lon="4.76515">
        <ele>88.7</ele>
      </trkpt>
      <trkpt lat="44.71133" lon="4.76532">
        <ele>89.4</ele>
      </trkpt>
      <trkpt lat="44.71121" lon="4.76552">
        <ele>88.6</ele>
      </trkpt>
      <trkpt lat="44.71104" lon="4.76563">
        <ele>88.9</ele>
      </trkpt>
      <trkpt lat="44.71085" lon="4.7657">
        <ele>89.6</ele>
      </trkpt>
      <trkpt lat="44.71076" lon="4.76575">
        <ele>89.5</ele>
      </trkpt>
      <trkpt lat="44.71073" lon="4.76587">
        <ele>88.2</ele>
      </trkpt>
      <trkpt lat="44.71063" lon="4.76605">
        <ele>87.3</ele>
      </trkpt>
      <trkpt lat="44.7106" lon="4.7661">
        <ele>87.1</ele>
      </trkpt>
      <trkpt lat="44.71049" lon="4.76627">
        <ele>86.6</ele>
      </trkpt>
      <trkpt lat="44.71036" lon="4.7664">
        <ele>86.7</ele>
      </trkpt>
      <trkpt lat="44.71022" lon="4.76651">
        <ele>87.1</ele>
      </trkpt>
      <trkpt lat="44.71022" lon="4.76651">
        <ele>87.1</ele>
      </trkpt>
      <trkpt lat="44.70978" lon="4.76683">
        <ele>87.4</ele>
      </trkpt>
      <trkpt lat="44.70945" lon="4.767">
        <ele>87.8</ele>
      </trkpt>
      <trkpt lat="44.70923" lon="4.76721">
        <ele>88.3</ele>
      </trkpt>
      <trkpt lat="44.70917" lon="4.76736">
        <ele>88.3</ele>
      </trkpt>
      <trkpt lat="44.70911" lon="4.76743">
        <ele>88.0</ele>
      </trkpt>
      <trkpt lat="44.70895" lon="4.76743">
        <ele>87.6</ele>
      </trkpt>
      <trkpt lat="44.70851" lon="4.76759">
        <ele>86.3</ele>
      </trkpt>
      <trkpt lat="44.70807" lon="4.76755">
        <ele>86.7</ele>
      </trkpt>
      <trkpt lat="44.70748" lon="4.76756">
        <ele>88.1</ele>
      </trkpt>
      <trkpt lat="44.70748" lon="4.76756">
        <ele>88.1</ele>
      </trkpt>
      <trkpt lat="44.70713" lon="4.76756">
        <ele>87.7</ele>
      </trkpt>
      <trkpt lat="44.70681" lon="4.76764">
        <ele>87.6</ele>
      </trkpt>
      <trkpt lat="44.70653" lon="4.76762">
        <ele>87.3</ele>
      </trkpt>
      <trkpt lat="44.70623" lon="4.76755">
        <ele>86.7</ele>
      </trkpt>
      <trkpt lat="44.70594" lon="4.76738">
        <ele>86.0</ele>
      </trkpt>
      <trkpt lat="44.70572" lon="4.76729">
        <ele>86.0</ele>
      </trkpt>
      <trkpt lat="44.70557" lon="4.76734">
        <ele>86.4</ele>
      </trkpt>
      <trkpt lat="44.70544" lon="4.76731">
        <ele>86.6</ele>
      </trkpt>
      <trkpt lat="44.7051" lon="4.76696">
        <ele>86.5</ele>
      </trkpt>
      <trkpt lat="44.70477" lon="4.76682">
        <ele>86.1</ele>
      </trkpt>
      <trkpt lat="44.70444" lon="4.76677">
        <ele>85.6</ele>
      </trkpt>
      <trkpt lat="44.70405" lon="4.7668">
        <ele>85.5</ele>
      </trkpt>
      <trkpt lat="44.70393" lon="4.76682">
        <ele>85.7</ele>
      </trkpt>
      <trkpt lat="44.70393" lon="4.76682">
        <ele>85.7</ele>
      </trkpt>
      <trkpt lat="44.70339" lon="4.76695">
        <ele>86.6</ele>
      </trkpt>
      <trkpt lat="44.70319" lon="4.76703">
        <ele>86.9</ele>
      </trkpt>
      <trkpt lat="44.70307" lon="4.76713">
        <ele>87.0</ele>
      </trkpt>
      <trkpt lat="44.7028" lon="4.7674">
        <ele>86.8</ele>
      </trkpt>
      <trkpt lat="44.70271" lon="4.76734">
        <ele>86.7</ele>
      </trkpt>
      <trkpt lat="44.70266" lon="4.76716">
        <ele>86.9</ele>
      </trkpt>
      <trkpt lat="44.70256" lon="4.76668">
        <ele>87.8</ele>
      </trkpt>
      <trkpt lat="44.70252" lon="4.76659">
        <ele>88.4</ele>
      </trkpt>
      <trkpt lat="44.70248" lon="4.76659">
        <ele>88.5</ele>
      </trkpt>
      <trkpt lat="44.70241" lon="4.76661">
        <ele>88.6</ele>
      </trkpt>
      <trkpt lat="44.70191" lon="4.76691">
        <ele>88.4</ele>
      </trkpt>
      <trkpt lat="44.70179" lon="4.76688">
        <ele>88.8</ele>
      </trkpt>
      <trkpt lat="44.70174" lon="4.76672">
        <ele>89.6</ele>
      </trkpt>
      <trkpt lat="44.70166" lon="4.76664">
        <ele>90.2</ele>
      </trkpt>
      <trkpt lat="44.7016" lon="4.76668">
        <ele>90.1</ele>
      </trkpt>
      <trkpt lat="44.70157" lon="4.76664">
        <ele>90.5</ele>
      </trkpt>
      <trkpt lat="44.7015" lon="4.76675">
        <ele>90.0</ele>
      </trkpt>
      <trkpt lat="44.70142" lon="4.76682">
        <ele>89.8</ele>
      </trkpt>
      <trkpt lat="44.70103" lon="4.76704">
        <ele>89.4</ele>
      </trkpt>
      <trkpt lat="44.70045" lon="4.76738">
        <ele>89.4</ele>
      </trkpt>
      <trkpt lat="44.69987" lon="4.76771">
        <ele>89.4</ele>
      </trkpt>
      <trkpt lat="44.69908" lon="4.7682">
        <ele>90.2</ele>
      </trkpt>
      <trkpt lat="44.69903" lon="4.76824">
        <ele>90.2</ele>
      </trkpt>
      <trkpt lat="44.69913" lon="4.76857">
        <ele>88.8</ele>
      </trkpt>
      <trkpt lat="44.69916" lon="4.76862">
        <ele>88.7</ele>
      </trkpt>
      <trkpt lat="44.69907" lon="4.76871">
        <ele>88.8</ele>
      </trkpt>
      <trkpt lat="44.69885" lon="4.76886">
        <ele>88.9</ele>
      </trkpt>
      <trkpt lat="44.69869" lon="4.76894">
        <ele>88.9</ele>
      </trkpt>
      <trkpt lat="44.69844" lon="4.76902">
        <ele>88.8</ele>
      </trkpt>
      <trkpt lat="44.6979" lon="4.76935">
        <ele>88.7</ele>
      </trkpt>
      <trkpt lat="44.69737" lon="4.76968">
        <ele>87.7</ele>
      </trkpt>
      <trkpt lat="44.69729" lon="4.76972">
        <ele>87.5</ele>
      </trkpt>
      <trkpt lat="44.69661" lon="4.77012">
        <ele>86.3</ele>
      </trkpt>
      <trkpt lat="44.6963" lon="4.77035">
        <ele>84.9</ele>
      </trkpt>
      <trkpt lat="44.69586" lon="4.77062">
        <ele>83.3</ele>
      </trkpt>
      <trkpt lat="44.69542" lon="4.77088">
        <ele>83.8</ele>
      </trkpt>
      <trkpt lat="44.69495" lon="4.77114">
        <ele>84.7</ele>
      </trkpt>
      <trkpt lat="44.69448" lon="4.7714">
        <ele>85.6</ele>
      </trkpt>
      <trkpt lat="44.69424" lon="4.77152">
        <ele>86.2</ele>
      </trkpt>
      <trkpt lat="44.69409" lon="4.77162">
        <ele>86.6</ele>
      </trkpt>
      <trkpt lat="44.69397" lon="4.77168">
        <ele>86.9</ele>
      </trkpt>
      <trkpt lat="44.69371" lon="4.77186">
        <ele>87.7</ele>
      </trkpt>
      <trkpt lat="44.69326" lon="4.77213">
        <ele>87.9</ele>
      </trkpt>
      <trkpt lat="44.69324" lon="4.77217">
        <ele>87.7</ele>
      </trkpt>
      <trkpt lat="44.69325" lon="4.77226">
        <ele>87.3</ele>
      </trkpt>
      <trkpt lat="44.69323" lon="4.77229">
        <ele>87.2</ele>
      </trkpt>
      <trkpt lat="44.6924" lon="4.77261">
        <ele>87.6</ele>
      </trkpt>
      <trkpt lat="44.69195" lon="4.77276">
        <ele>86.2</ele>
      </trkpt>
      <trkpt lat="44.69149" lon="4.7729">
        <ele>85.1</ele>
      </trkpt>
      <trkpt lat="44.69139" lon="4.77292">
        <ele>85.2</ele>
      </trkpt>
      <trkpt lat="44.69082" lon="4.77294">
        <ele>85.4</ele>
      </trkpt>
      <trkpt lat="44.69082" lon="4.77294">
        <ele>85.4</ele>
      </trkpt>
      <trkpt lat="44.69039" lon="4.77295">
        <ele>85.1</ele>
      </trkpt>
      <trkpt lat="44.68965" lon="4.7729">
        <ele>84.4</ele>
      </trkpt>
      <trkpt lat="44.6889" lon="4.77286">
        <ele>83.7</ele>
      </trkpt>
      <trkpt lat="44.68841" lon="4.77281">
        <ele>84.2</ele>
      </trkpt>
      <trkpt lat="44.68791" lon="4.77277">
        <ele>84.9</ele>
      </trkpt>
      <trkpt lat="44.68746" lon="4.77274">
        <ele>85.5</ele>
      </trkpt>
      <trkpt lat="44.68701" lon="4.77271">
        <ele>84.9</ele>
      </trkpt>
      <trkpt lat="44.68628" lon="4.77269">
        <ele>84.3</ele>
      </trkpt>
      <trkpt lat="44.68628" lon="4.77255">
        <ele>84.8</ele>
      </trkpt>
      <trkpt lat="44.68613" lon="4.77255">
        <ele>84.8</ele>
      </trkpt>
      <trkpt lat="44.68568" lon="4.77253">
        <ele>84.7</ele>
      </trkpt>
      <trkpt lat="44.68498" lon="4.77245">
        <ele>84.4</ele>
      </trkpt>
      <trkpt lat="44.68428" lon="4.77236">
        <ele>83.8</ele>
      </trkpt>
      <trkpt lat="44.68377" lon="4.77243">
        <ele>84.0</ele>
      </trkpt>
      <trkpt lat="44.68311" lon="4.77247">
        <ele>85.2</ele>
      </trkpt>
      <trkpt lat="44.68245" lon="4.77252">
        <ele>85.1</ele>
      </trkpt>
      <trkpt lat="44.68228" lon="4.7725">
        <ele>85.3</ele>
      </trkpt>
      <trkpt lat="44.682" lon="4.77245">
        <ele>85.9</ele>
      </trkpt>
      <trkpt lat="44.68143" lon="4.77229">
        <ele>87.9</ele>
      </trkpt>
      <trkpt lat="44.68097" lon="4.77224">
        <ele>89.3</ele>
      </trkpt>
      <trkpt lat="44.68051" lon="4.77219">
        <ele>90.3</ele>
      </trkpt>
      <trkpt lat="44.68019" lon="4.7722">
        <ele>90.9</ele>
      </trkpt>
      <trkpt lat="44.6801" lon="4.77215">
        <ele>91.0</ele>
      </trkpt>
      <trkpt lat="44.67978" lon="4.77221">
        <ele>91.4</ele>
      </trkpt>
      <trkpt lat="44.67959" lon="4.77226">
        <ele>91.5</ele>
      </trkpt>
      <trkpt lat="44.6795" lon="4.77232">
        <ele>91.5</ele>
      </trkpt>
      <trkpt lat="44.67946" lon="4.77245">
        <ele>91.4</ele>
      </trkpt>
      <trkpt lat="44.67946" lon="4.77273">
        <ele>90.9</ele>
      </trkpt>
      <trkpt lat="44.67952" lon="4.77326">
        <ele>90.0</ele>
      </trkpt>
      <trkpt lat="44.6795" lon="4.77346">
        <ele>89.2</ele>
      </trkpt>
      <trkpt lat="44.67935" lon="4.77406">
        <ele>86.4</ele>
      </trkpt>
      <trkpt lat="44.67927" lon="4.7749">
        <ele>85.2</ele>
      </trkpt>
      <trkpt lat="44.67936" lon="4.77501">
        <ele>85.2</ele>
      </trkpt>
      <trkpt lat="44.67931" lon="4.77545">
        <ele>85.4</ele>
      </trkpt>
      <trkpt lat="44.67924" lon="4.77577">
        <ele>85.3</ele>
      </trkpt>
      <trkpt lat="44.67909" lon="4.77616">
        <ele>85.6</ele>
      </trkpt>
      <trkpt lat="44.67893" lon="4.77647">
        <ele>86.2</ele>
      </trkpt>
      <trkpt lat="44.67875" lon="4.7767">
        <ele>86.6</ele>
      </trkpt>
      <trkpt lat="44.67851" lon="4.77691">
        <ele>87.0</ele>
      </trkpt>
      <trkpt lat="44.67821" lon="4.77706">
        <ele>87.4</ele>
      </trkpt>
      <trkpt lat="44.67778" lon="4.77711">
        <ele>87.5</ele>
      </trkpt>
      <trkpt lat="44.67713" lon="4.77702">
        <ele>87.1</ele>
      </trkpt>
      <trkpt lat="44.67653" lon="4.77692">
        <ele>86.9</ele>
      </trkpt>
      <trkpt lat="44.67599" lon="4.7769">
        <ele>87.6</ele>
      </trkpt>
      <trkpt lat="44.67552" lon="4.77701">
        <ele>87.7</ele>
      </trkpt>
      <trkpt lat="44.67503" lon="4.7772">
        <ele>87.3</ele>
      </trkpt>
      <trkpt lat="44.6746" lon="4.77746">
        <ele>88.0</ele>
      </trkpt>
      <trkpt lat="44.67424" lon="4.77776">
        <ele>87.4</ele>
      </trkpt>
      <trkpt lat="44.67374" lon="4.77819">
        <ele>85.2</ele>
      </trkpt>
      <trkpt lat="44.67324" lon="4.77863">
        <ele>83.7</ele>
      </trkpt>
      <trkpt lat="44.67254" lon="4.77921">
        <ele>81.3</ele>
      </trkpt>
      <trkpt lat="44.67184" lon="4.7798">
        <ele>83.1</ele>
      </trkpt>
      <trkpt lat="44.67136" lon="4.78005">
        <ele>84.1</ele>
      </trkpt>
      <trkpt lat="44.67099" lon="4.78016">
        <ele>84.2</ele>
      </trkpt>
      <trkpt lat="44.67099" lon="4.78016">
        <ele>84.2</ele>
      </trkpt>
      <trkpt lat="44.67069" lon="4.78024">
        <ele>84.0</ele>
      </trkpt>
      <trkpt lat="44.66997" lon="4.78047">
        <ele>83.6</ele>
      </trkpt>
      <trkpt lat="44.66925" lon="4.7807">
        <ele>83.5</ele>
      </trkpt>
      <trkpt lat="44.66854" lon="4.78093">
        <ele>80.6</ele>
      </trkpt>
      <trkpt lat="44.66815" lon="4.78104">
        <ele>77.5</ele>
      </trkpt>
      <trkpt lat="44.66743" lon="4.78126">
        <ele>75.9</ele>
      </trkpt>
      <trkpt lat="44.6667" lon="4.78149">
        <ele>81.2</ele>
      </trkpt>
      <trkpt lat="44.66608" lon="4.7815">
        <ele>81.2</ele>
      </trkpt>
      <trkpt lat="44.66556" lon="4.78144">
        <ele>82.1</ele>
      </trkpt>
      <trkpt lat="44.66492" lon="4.78123">
        <ele>82.6</ele>
      </trkpt>
      <trkpt lat="44.66429" lon="4.78097">
        <ele>80.9</ele>
      </trkpt>
      <trkpt lat="44.66367" lon="4.78072">
        <ele>81.5</ele>
      </trkpt>
      <trkpt lat="44.66304" lon="4.78046">
        <ele>81.4</ele>
      </trkpt>
      <trkpt lat="44.66231" lon="4.78018">
        <ele>80.5</ele>
      </trkpt>
      <trkpt lat="44.66158" lon="4.7799">
        <ele>81.2</ele>
      </trkpt>
      <trkpt lat="44.66104" lon="4.77966">
        <ele>82.2</ele>
      </trkpt>
      <trkpt lat="44.66037" lon="4.77941">
        <ele>82.3</ele>
      </trkpt>
      <trkpt lat="44.6597" lon="4.77915">
        <ele>81.6</ele>
      </trkpt>
      <trkpt lat="44.6592" lon="4.77891">
        <ele>80.7</ele>
      </trkpt>
      <trkpt lat="44.65871" lon="4.77867">
        <ele>81.7</ele>
      </trkpt>
      <trkpt lat="44.65825" lon="4.77834">
        <ele>82.5</ele>
      </trkpt>
      <trkpt lat="44.65786" lon="4.778">
        <ele>84.1</ele>
      </trkpt>
      <trkpt lat="44.65748" lon="4.77767">
        <ele>83.9</ele>
      </trkpt>
      <trkpt lat="44.65721" lon="4.77749">
        <ele>84.4</ele>
      </trkpt>
      <trkpt lat="44.65691" lon="4.77735">
        <ele>85.2</ele>
      </trkpt>
      <trkpt lat="44.65627" lon="4.7771">
        <ele>85.8</ele>
      </trkpt>
      <trkpt lat="44.65627" lon="4.7771">
        <ele>85.8</ele>
      </trkpt>
      <trkpt lat="44.65581" lon="4.77691">
        <ele>85.8</ele>
      </trkpt>
      <trkpt lat="44.65535" lon="4.77673">
        <ele>84.1</ele>
      </trkpt>
      <trkpt lat="44.65522" lon="4.77661">
        <ele>83.4</ele>
      </trkpt>
      <trkpt lat="44.65524" lon="4.77656">
        <ele>83.4</ele>
      </trkpt>
      <trkpt lat="44.65533" lon="4.7761">
        <ele>82.7</ele>
      </trkpt>
      <trkpt lat="44.65487" lon="4.77599">
        <ele>81.3</ele>
      </trkpt>
      <trkpt lat="44.65409" lon="4.77558">
        <ele>80.6</ele>
      </trkpt>
      <trkpt lat="44.65336" lon="4.77498">
        <ele>82.0</ele>
      </trkpt>
      <trkpt lat="44.65263" lon="4.77439">
        <ele>80.8</ele>
      </trkpt>
      <trkpt lat="44.65189" lon="4.77379">
        <ele>80.5</ele>
      </trkpt>
      <trkpt lat="44.65163" lon="4.77356">
        <ele>80.3</ele>
      </trkpt>
      <trkpt lat="44.651" lon="4.77304">
        <ele>80.2</ele>
      </trkpt>
      <trkpt lat="44.65037" lon="4.77252">
        <ele>78.9</ele>
      </trkpt>
      <trkpt lat="44.64974" lon="4.772">
        <ele>78.6</ele>
      </trkpt>
      <trkpt lat="44.6491" lon="4.77147">
        <ele>79.9</ele>
      </trkpt>
      <trkpt lat="44.64847" lon="4.77095">
        <ele>83.2</ele>
      </trkpt>
      <trkpt lat="44.64781" lon="4.7704">
        <ele>81.1</ele>
      </trkpt>
      <trkpt lat="44.64715" lon="4.76984">
        <ele>79.5</ele>
      </trkpt>
      <trkpt lat="44.64649" lon="4.76928">
        <ele>79.2</ele>
      </trkpt>
      <trkpt lat="44.64583" lon="4.76873">
        <ele>81.1</ele>
      </trkpt>
      <trkpt lat="44.64517" lon="4.76818">
        <ele>81.2</ele>
      </trkpt>
      <trkpt lat="44.6445" lon="4.76762">
        <ele>79.5</ele>
      </trkpt>
      <trkpt lat="44.64384" lon="4.76707">
        <ele>80.0</ele>
      </trkpt>
      <trkpt lat="44.64318" lon="4.76652">
        <ele>82.4</ele>
      </trkpt>
      <trkpt lat="44.64252" lon="4.76597">
        <ele>82.0</ele>
      </trkpt>
      <trkpt lat="44.64186" lon="4.76541">
        <ele>81.7</ele>
      </trkpt>
      <trkpt lat="44.64186" lon="4.76541">
        <ele>81.7</ele>
      </trkpt>
      <trkpt lat="44.64126" lon="4.76492">
        <ele>82.4</ele>
      </trkpt>
      <trkpt lat="44.64067" lon="4.76442">
        <ele>83.0</ele>
      </trkpt>
      <trkpt lat="44.64007" lon="4.76392">
        <ele>81.1</ele>
      </trkpt>
      <trkpt lat="44.63959" lon="4.76356">
        <ele>80.2</ele>
      </trkpt>
      <trkpt lat="44.63931" lon="4.76332">
        <ele>80.1</ele>
      </trkpt>
      <trkpt lat="44.63916" lon="4.76309">
        <ele>79.7</ele>
      </trkpt>
      <trkpt lat="44.63887" lon="4.76275">
        <ele>79.2</ele>
      </trkpt>
      <trkpt lat="44.63885" lon="4.76269">
        <ele>79.1</ele>
      </trkpt>
      <trkpt lat="44.63884" lon="4.76265">
        <ele>79.1</ele>
      </trkpt>
      <trkpt lat="44.63884" lon="4.76255">
        <ele>79.0</ele>
      </trkpt>
      <trkpt lat="44.63891" lon="4.76218">
        <ele>79.1</ele>
      </trkpt>
      <trkpt lat="44.63898" lon="4.76204">
        <ele>79.3</ele>
      </trkpt>
      <trkpt lat="44.63903" lon="4.76198">
        <ele>79.4</ele>
      </trkpt>
      <trkpt lat="44.63904" lon="4.76184">
        <ele>79.6</ele>
      </trkpt>
      <trkpt lat="44.63901" lon="4.76165">
        <ele>79.6</ele>
      </trkpt>
      <trkpt lat="44.63901" lon="4.76151">
        <ele>79.3</ele>
      </trkpt>
      <trkpt lat="44.63907" lon="4.76066">
        <ele>77.5</ele>
      </trkpt>
      <trkpt lat="44.63914" lon="4.75981">
        <ele>75.7</ele>
      </trkpt>
      <trkpt lat="44.63919" lon="4.75935">
        <ele>75.3</ele>
      </trkpt>
      <trkpt lat="44.63937" lon="4.75825">
        <ele>75.1</ele>
      </trkpt>
      <trkpt lat="44.63954" lon="4.75714">
        <ele>74.9</ele>
      </trkpt>
      <trkpt lat="44.63961" lon="4.75639">
        <ele>73.8</ele>
      </trkpt>
      <trkpt lat="44.63958" lon="4.75585">
        <ele>73.5</ele>
      </trkpt>
      <trkpt lat="44.6396" lon="4.75569">
        <ele>73.6</ele>
      </trkpt>
      <trkpt lat="44.63959" lon="4.75561">
        <ele>73.6</ele>
      </trkpt>
      <trkpt lat="44.63947" lon="4.75536">
        <ele>73.7</ele>
      </trkpt>
      <trkpt lat="44.63927" lon="4.7549">
        <ele>73.5</ele>
      </trkpt>
      <trkpt lat="44.6389" lon="4.7545">
        <ele>74.1</ele>
      </trkpt>
      <trkpt lat="44.63897" lon="4.75438">
        <ele>74.2</ele>
      </trkpt>
      <trkpt lat="44.63825" lon="4.75363">
        <ele>71.7</ele>
      </trkpt>
      <trkpt lat="44.63753" lon="4.75288">
        <ele>73.4</ele>
      </trkpt>
      <trkpt lat="44.6374" lon="4.75271">
        <ele>73.5</ele>
      </trkpt>
      <trkpt lat="44.63718" lon="4.75252">
        <ele>73.4</ele>
      </trkpt>
      <trkpt lat="44.63647" lon="4.75176">
        <ele>70.2</ele>
      </trkpt>
      <trkpt lat="44.63576" lon="4.75101">
        <ele>73.7</ele>
      </trkpt>
      <trkpt lat="44.63568" lon="4.75093">
        <ele>74.0</ele>
      </trkpt>
      <trkpt lat="44.63556" lon="4.75085">
        <ele>74.3</ele>
      </trkpt>
      <trkpt lat="44.63499" lon="4.75022">
        <ele>74.3</ele>
      </trkpt>
      <trkpt lat="44.63497" lon="4.75012">
        <ele>74.2</ele>
      </trkpt>
      <trkpt lat="44.63498" lon="4.75002">
        <ele>74.1</ele>
      </trkpt>
      <trkpt lat="44.63503" lon="4.74989">
        <ele>73.9</ele>
      </trkpt>
      <trkpt lat="44.63503" lon="4.74989">
        <ele>73.9</ele>
      </trkpt>
      <trkpt lat="44.63532" lon="4.74902">
        <ele>72.7</ele>
      </trkpt>
      <trkpt lat="44.63562" lon="4.74815">
        <ele>72.1</ele>
      </trkpt>
      <trkpt lat="44.63561" lon="4.74808">
        <ele>72.2</ele>
      </trkpt>
      <trkpt lat="44.63558" lon="4.74804">
        <ele>72.3</ele>
      </trkpt>
      <trkpt lat="44.63497" lon="4.74754">
        <ele>73.9</ele>
      </trkpt>
      <trkpt lat="44.6345" lon="4.74724">
        <ele>75.9</ele>
      </trkpt>
      <trkpt lat="44.63426" lon="4.74706">
        <ele>76.9</ele>
      </trkpt>
      <trkpt lat="44.63412" lon="4.747">
        <ele>77.1</ele>
      </trkpt>
      <trkpt lat="44.63399" lon="4.74689">
        <ele>77.3</ele>
      </trkpt>
      <trkpt lat="44.63393" lon="4.74681">
        <ele>77.4</ele>
      </trkpt>
      <trkpt lat="44.63383" lon="4.74682">
        <ele>77.2</ele>
      </trkpt>
      <trkpt lat="44.6337" lon="4.74668">
        <ele>77.4</ele>
      </trkpt>
      <trkpt lat="44.63361" lon="4.74664">
        <ele>77.4</ele>
      </trkpt>
      <trkpt lat="44.63345" lon="4.74665">
        <ele>77.2</ele>
      </trkpt>
      <trkpt lat="44.63325" lon="4.74608">
        <ele>78.9</ele>
      </trkpt>
      <trkpt lat="44.63305" lon="4.74574">
        <ele>79.2</ele>
      </trkpt>
      <trkpt lat="44.63276" lon="4.7455">
        <ele>78.9</ele>
      </trkpt>
      <trkpt lat="44.63228" lon="4.74529">
        <ele>78.6</ele>
      </trkpt>
      <trkpt lat="44.63179" lon="4.74508">
        <ele>78.2</ele>
      </trkpt>
      <trkpt lat="44.63136" lon="4.74489">
        <ele>76.9</ele>
      </trkpt>
      <trkpt lat="44.63093" lon="4.74471">
        <ele>75.6</ele>
      </trkpt>
      <trkpt lat="44.6302" lon="4.74444">
        <ele>75.5</ele>
      </trkpt>
      <trkpt lat="44.62946" lon="4.74417">
        <ele>76.3</ele>
      </trkpt>
      <trkpt lat="44.62933" lon="4.7442">
        <ele>76.5</ele>
      </trkpt>
      <trkpt lat="44.62919" lon="4.74426">
        <ele>76.7</ele>
      </trkpt>
      <trkpt lat="44.62893" lon="4.74431">
        <ele>76.1</ele>
      </trkpt>
      <trkpt lat="44.62866" lon="4.74442">
        <ele>75.4</ele>
      </trkpt>
      <trkpt lat="44.62794" lon="4.74461">
        <ele>75.4</ele>
      </trkpt>
      <trkpt lat="44.62778" lon="4.74463">
        <ele>75.8</ele>
      </trkpt>
      <trkpt lat="44.62775" lon="4.74468">
        <ele>75.9</ele>
      </trkpt>
      <trkpt lat="44.62758" lon="4.74552">
        <ele>76.8</ele>
      </trkpt>
      <trkpt lat="44.6274" lon="4.74636">
        <ele>75.6</ele>
      </trkpt>
      <trkpt lat="44.62723" lon="4.7472">
        <ele>75.3</ele>
      </trkpt>
      <trkpt lat="44.62709" lon="4.74786">
        <ele>75.7</ele>
      </trkpt>
      <trkpt lat="44.62695" lon="4.74852">
        <ele>75.9</ele>
      </trkpt>
      <trkpt lat="44.62691" lon="4.74884">
        <ele>75.8</ele>
      </trkpt>
      <trkpt lat="44.6268" lon="4.74934">
        <ele>75.9</ele>
      </trkpt>
      <trkpt lat="44.62676" lon="4.74939">
        <ele>75.9</ele>
      </trkpt>
      <trkpt lat="44.62673" lon="4.74941">
        <ele>75.9</ele>
      </trkpt>
      <trkpt lat="44.62668" lon="4.74941">
        <ele>76.0</ele>
      </trkpt>
      <trkpt lat="44.62625" lon="4.7492">
        <ele>76.0</ele>
      </trkpt>
      <trkpt lat="44.62582" lon="4.74899">
        <ele>76.0</ele>
      </trkpt>
      <trkpt lat="44.62575" lon="4.749">
        <ele>76.0</ele>
      </trkpt>
      <trkpt lat="44.62566" lon="4.74908">
        <ele>76.0</ele>
      </trkpt>
      <trkpt lat="44.62564" lon="4.74917">
        <ele>76.0</ele>
      </trkpt>
      <trkpt lat="44.62545" lon="4.75014">
        <ele>77.5</ele>
      </trkpt>
      <trkpt lat="44.62541" lon="4.75043">
        <ele>78.8</ele>
      </trkpt>
      <trkpt lat="44.62543" lon="4.75074">
        <ele>80.0</ele>
      </trkpt>
      <trkpt lat="44.6254" lon="4.7508">
        <ele>80.5</ele>
      </trkpt>
      <trkpt lat="44.62538" lon="4.75083">
        <ele>80.7</ele>
      </trkpt>
      <trkpt lat="44.62511" lon="4.75086">
        <ele>82.1</ele>
      </trkpt>
      <trkpt lat="44.62505" lon="4.75081">
        <ele>82.6</ele>
      </trkpt>
      <trkpt lat="44.62505" lon="4.75081">
        <ele>82.6</ele>
      </trkpt>
      <trkpt lat="44.62443" lon="4.75033">
        <ele>79.1</ele>
      </trkpt>
      <trkpt lat="44.62369" lon="4.74984">
        <ele>80.9</ele>
      </trkpt>
      <trkpt lat="44.62295" lon="4.74936">
        <ele>77.9</ele>
      </trkpt>
      <trkpt lat="44.62221" lon="4.74887">
        <ele>75.9</ele>
      </trkpt>
      <trkpt lat="44.62147" lon="4.74839">
        <ele>76.4</ele>
      </trkpt>
      <trkpt lat="44.62073" lon="4.74792">
        <ele>76.1</ele>
      </trkpt>
      <trkpt lat="44.62" lon="4.74745">
        <ele>77.9</ele>
      </trkpt>
      <trkpt lat="44.61926" lon="4.74698">
        <ele>79.1</ele>
      </trkpt>
      <trkpt lat="44.6185" lon="4.74651">
        <ele>77.9</ele>
      </trkpt>
      <trkpt lat="44.61774" lon="4.74603">
        <ele>81.3</ele>
      </trkpt>
      <trkpt lat="44.61698" lon="4.74556">
        <ele>79.1</ele>
      </trkpt>
      <trkpt lat="44.61621" lon="4.74506">
        <ele>77.0</ele>
      </trkpt>
      <trkpt lat="44.61543" lon="4.74456">
        <ele>78.3</ele>
      </trkpt>
      <trkpt lat="44.61465" lon="4.74406">
        <ele>77.9</ele>
      </trkpt>
      <trkpt lat="44.61388" lon="4.74356">
        <ele>76.9</ele>
      </trkpt>
      <trkpt lat="44.61321" lon="4.74314">
        <ele>75.4</ele>
      </trkpt>
      <trkpt lat="44.61254" lon="4.74272">
        <ele>74.2</ele>
      </trkpt>
      <trkpt lat="44.61187" lon="4.7423">
        <ele>75.7</ele>
      </trkpt>
      <trkpt lat="44.61119" lon="4.74186">
        <ele>78.5</ele>
      </trkpt>
      <trkpt lat="44.6105" lon="4.74142">
        <ele>77.4</ele>
      </trkpt>
      <trkpt lat="44.60982" lon="4.74098">
        <ele>75.9</ele>
      </trkpt>
      <trkpt lat="44.60913" lon="4.74054">
        <ele>75.8</ele>
      </trkpt>
      <trkpt lat="44.60844" lon="4.74011">
        <ele>78.3</ele>
      </trkpt>
      <trkpt lat="44.60775" lon="4.73967">
        <ele>75.4</ele>
      </trkpt>
      <trkpt lat="44.60702" lon="4.73924">
        <ele>74.2</ele>
      </trkpt>
      <trkpt lat="44.60671" lon="4.739">
        <ele>73.5</ele>
      </trkpt>
      <trkpt lat="44.60667" lon="4.73893">
        <ele>73.6</ele>
      </trkpt>
      <trkpt lat="44.60667" lon="4.73893">
        <ele>73.6</ele>
      </trkpt>
      <trkpt lat="44.60658" lon="4.7388">
        <ele>74.0</ele>
      </trkpt>
      <trkpt lat="44.60654" lon="4.73872">
        <ele>74.2</ele>
      </trkpt>
      <trkpt lat="44.60652" lon="4.73862">
        <ele>74.4</ele>
      </trkpt>
      <trkpt lat="44.60651" lon="4.73855">
        <ele>74.5</ele>
      </trkpt>
      <trkpt lat="44.60653" lon="4.73846">
        <ele>74.7</ele>
      </trkpt>
      <trkpt lat="44.60657" lon="4.73831">
        <ele>75.0</ele>
      </trkpt>
      <trkpt lat="44.60664" lon="4.73817">
        <ele>75.3</ele>
      </trkpt>
      <trkpt lat="44.60589" lon="4.7377">
        <ele>77.7</ele>
      </trkpt>
      <trkpt lat="44.60515" lon="4.73724">
        <ele>78.3</ele>
      </trkpt>
      <trkpt lat="44.60445" lon="4.73681">
        <ele>79.0</ele>
      </trkpt>
      <trkpt lat="44.60376" lon="4.73637">
        <ele>79.2</ele>
      </trkpt>
      <trkpt lat="44.60307" lon="4.73594">
        <ele>79.7</ele>
      </trkpt>
      <trkpt lat="44.60265" lon="4.73563">
        <ele>77.4</ele>
      </trkpt>
      <trkpt lat="44.60224" lon="4.73531">
        <ele>76.9</ele>
      </trkpt>
      <trkpt lat="44.60159" lon="4.73474">
        <ele>78.3</ele>
      </trkpt>
      <trkpt lat="44.60091" lon="4.73418">
        <ele>80.8</ele>
      </trkpt>
      <trkpt lat="44.60024" lon="4.73361">
        <ele>80.1</ele>
      </trkpt>
      <trkpt lat="44.59994" lon="4.73329">
        <ele>83.0</ele>
      </trkpt>
      <trkpt lat="44.5996" lon="4.73281">
        <ele>78.0</ele>
      </trkpt>
      <trkpt lat="44.59926" lon="4.73233">
        <ele>75.5</ele>
      </trkpt>
      <trkpt lat="44.5992" lon="4.73218">
        <ele>75.1</ele>
      </trkpt>
      <trkpt lat="44.59918" lon="4.73212">
        <ele>75.1</ele>
      </trkpt>
      <trkpt lat="44.59918" lon="4.73203">
        <ele>75.0</ele>
      </trkpt>
      <trkpt lat="44.59925" lon="4.73176">
        <ele>75.1</ele>
      </trkpt>
      <trkpt lat="44.59925" lon="4.7317">
        <ele>75.1</ele>
      </trkpt>
      <trkpt lat="44.59925" lon="4.73167">
        <ele>75.1</ele>
      </trkpt>
      <trkpt lat="44.59923" lon="4.73164">
        <ele>75.0</ele>
      </trkpt>
      <trkpt lat="44.59921" lon="4.73163">
        <ele>75.0</ele>
      </trkpt>
      <trkpt lat="44.59916" lon="4.73166">
        <ele>75.0</ele>
      </trkpt>
      <trkpt lat="44.59893" lon="4.73188">
        <ele>75.5</ele>
      </trkpt>
      <trkpt lat="44.59886" lon="4.73198">
        <ele>75.7</ele>
      </trkpt>
      <trkpt lat="44.59877" lon="4.73211">
        <ele>75.9</ele>
      </trkpt>
      <trkpt lat="44.59862" lon="4.73238">
        <ele>76.4</ele>
      </trkpt>
      <trkpt lat="44.59857" lon="4.73244">
        <ele>76.8</ele>
      </trkpt>
      <trkpt lat="44.59851" lon="4.73247">
        <ele>77.2</ele>
      </trkpt>
      <trkpt lat="44.59846" lon="4.73248">
        <ele>77.4</ele>
      </trkpt>
      <trkpt lat="44.5984" lon="4.73247">
        <ele>77.6</ele>
      </trkpt>
      <trkpt lat="44.59827" lon="4.73239">
        <ele>76.9</ele>
      </trkpt>
      <trkpt lat="44.59811" lon="4.73224">
        <ele>75.5</ele>
      </trkpt>
      <trkpt lat="44.59794" lon="4.73203">
        <ele>74.4</ele>
      </trkpt>
      <trkpt lat="44.59794" lon="4.73203">
        <ele>74.4</ele>
      </trkpt>
      <trkpt lat="44.5973" lon="4.73126">
        <ele>74.8</ele>
      </trkpt>
      <trkpt lat="44.59666" lon="4.73048">
        <ele>77.4</ele>
      </trkpt>
      <trkpt lat="44.59601" lon="4.72971">
        <ele>72.6</ele>
      </trkpt>
      <trkpt lat="44.59537" lon="4.72894">
        <ele>72.0</ele>
      </trkpt>
      <trkpt lat="44.59519" lon="4.72869">
        <ele>71.7</ele>
      </trkpt>
      <trkpt lat="44.59504" lon="4.72846">
        <ele>71.2</ele>
      </trkpt>
      <trkpt lat="44.59463" lon="4.72761">
        <ele>71.0</ele>
      </trkpt>
      <trkpt lat="44.59421" lon="4.72676">
        <ele>76.4</ele>
      </trkpt>
      <trkpt lat="44.59418" lon="4.72656">
        <ele>77.0</ele>
      </trkpt>
      <trkpt lat="44.59411" lon="4.72636">
        <ele>76.6</ele>
      </trkpt>
      <trkpt lat="44.59411" lon="4.7263">
        <ele>76.6</ele>
      </trkpt>
      <trkpt lat="44.59413" lon="4.72626">
        <ele>76.7</ele>
      </trkpt>
      <trkpt lat="44.59416" lon="4.72623">
        <ele>77.0</ele>
      </trkpt>
      <trkpt lat="44.59426" lon="4.72622">
        <ele>77.2</ele>
      </trkpt>
      <trkpt lat="44.5943" lon="4.7262">
        <ele>77.2</ele>
      </trkpt>
      <trkpt lat="44.59433" lon="4.72616">
        <ele>77.3</ele>
      </trkpt>
      <trkpt lat="44.59432" lon="4.72604">
        <ele>77.3</ele>
      </trkpt>
      <trkpt lat="44.59427" lon="4.72587">
        <ele>77.2</ele>
      </trkpt>
      <trkpt lat="44.59396" lon="4.72519">
        <ele>74.3</ele>
      </trkpt>
      <trkpt lat="44.59365" lon="4.7245">
        <ele>72.6</ele>
      </trkpt>
      <trkpt lat="44.59352" lon="4.72422">
        <ele>71.9</ele>
      </trkpt>
      <trkpt lat="44.59341" lon="4.72402">
        <ele>72.1</ele>
      </trkpt>
      <trkpt lat="44.59346" lon="4.72393">
        <ele>72.2</ele>
      </trkpt>
      <trkpt lat="44.59381" lon="4.72335">
        <ele>73.0</ele>
      </trkpt>
      <trkpt lat="44.59387" lon="4.7232">
        <ele>73.2</ele>
      </trkpt>
      <trkpt lat="44.59388" lon="4.72309">
        <ele>73.4</ele>
      </trkpt>
      <trkpt lat="44.5939" lon="4.72269">
        <ele>75.2</ele>
      </trkpt>
      <trkpt lat="44.59397" lon="4.72147">
        <ele>76.8</ele>
      </trkpt>
      <trkpt lat="44.594" lon="4.72111">
        <ele>75.3</ele>
      </trkpt>
      <trkpt lat="44.59403" lon="4.72094">
        <ele>74.6</ele>
      </trkpt>
      <trkpt lat="44.5941" lon="4.72076">
        <ele>73.9</ele>
      </trkpt>
      <trkpt lat="44.5942" lon="4.72055">
        <ele>73.3</ele>
      </trkpt>
      <trkpt lat="44.59414" lon="4.72051">
        <ele>73.3</ele>
      </trkpt>
      <trkpt lat="44.5938" lon="4.72042">
        <ele>73.4</ele>
      </trkpt>
      <trkpt lat="44.59369" lon="4.72039">
        <ele>73.5</ele>
      </trkpt>
      <trkpt lat="44.59359" lon="4.72034">
        <ele>73.5</ele>
      </trkpt>
      <trkpt lat="44.59304" lon="4.72003">
        <ele>73.1</ele>
      </trkpt>
      <trkpt lat="44.59249" lon="4.71973">
        <ele>72.7</ele>
      </trkpt>
      <trkpt lat="44.59224" lon="4.71957">
        <ele>72.5</ele>
      </trkpt>
      <trkpt lat="44.59208" lon="4.71945">
        <ele>72.3</ele>
      </trkpt>
      <trkpt lat="44.592" lon="4.71952">
        <ele>72.4</ele>
      </trkpt>
      <trkpt lat="44.59179" lon="4.71993">
        <ele>72.9</ele>
      </trkpt>
      <trkpt lat="44.59174" lon="4.72">
        <ele>73.0</ele>
      </trkpt>
      <trkpt lat="44.59168" lon="4.72004">
        <ele>73.1</ele>
      </trkpt>
      <trkpt lat="44.59165" lon="4.72004">
        <ele>73.1</ele>
      </trkpt>
      <trkpt lat="44.59159" lon="4.72002">
        <ele>73.1</ele>
      </trkpt>
      <trkpt lat="44.59104" lon="4.71962">
        <ele>73.0</ele>
      </trkpt>
      <trkpt lat="44.59104" lon="4.71962">
        <ele>73.0</ele>
      </trkpt>
      <trkpt lat="44.59035" lon="4.7191">
        <ele>71.4</ele>
      </trkpt>
      <trkpt lat="44.59021" lon="4.71896">
        <ele>71.4</ele>
      </trkpt>
      <trkpt lat="44.58973" lon="4.71835">
        <ele>71.3</ele>
      </trkpt>
      <trkpt lat="44.58925" lon="4.71775">
        <ele>71.5</ele>
      </trkpt>
      <trkpt lat="44.58882" lon="4.71723">
        <ele>71.3</ele>
      </trkpt>
      <trkpt lat="44.58839" lon="4.71671">
        <ele>72.7</ele>
      </trkpt>
      <trkpt lat="44.58802" lon="4.71616">
        <ele>71.4</ele>
      </trkpt>
      <trkpt lat="44.58764" lon="4.71561">
        <ele>71.4</ele>
      </trkpt>
      <trkpt lat="44.58718" lon="4.71499">
        <ele>70.0</ele>
      </trkpt>
      <trkpt lat="44.58672" lon="4.71436">
        <ele>70.0</ele>
      </trkpt>
      <trkpt lat="44.58612" lon="4.71351">
        <ele>70.1</ele>
      </trkpt>
      <trkpt lat="44.58594" lon="4.7132">
        <ele>70.1</ele>
      </trkpt>
      <trkpt lat="44.58585" lon="4.71302">
        <ele>70.0</ele>
      </trkpt>
      <trkpt lat="44.58575" lon="4.71277">
        <ele>70.1</ele>
      </trkpt>
      <trkpt lat="44.58558" lon="4.71227">
        <ele>71.6</ele>
      </trkpt>
      <trkpt lat="44.58554" lon="4.71217">
        <ele>71.9</ele>
      </trkpt>
      <trkpt lat="44.58551" lon="4.71214">
        <ele>72.1</ele>
      </trkpt>
      <trkpt lat="44.58494" lon="4.71161">
        <ele>74.8</ele>
      </trkpt>
      <trkpt lat="44.58491" lon="4.71156">
        <ele>74.6</ele>
      </trkpt>
      <trkpt lat="44.58491" lon="4.71156">
        <ele>74.6</ele>
      </trkpt>
      <trkpt lat="44.58489" lon="4.71152">
        <ele>74.4</ele>
      </trkpt>
      <trkpt lat="44.58487" lon="4.71146">
        <ele>74.2</ele>
      </trkpt>
      <trkpt lat="44.58486" lon="4.71133">
        <ele>73.6</ele>
      </trkpt>
      <trkpt lat="44.58481" lon="4.71121">
        <ele>73.0</ele>
      </trkpt>
      <trkpt lat="44.58481" lon="4.71117">
        <ele>72.8</ele>
      </trkpt>
      <trkpt lat="44.58484" lon="4.71109">
        <ele>72.4</ele>
      </trkpt>
      <trkpt lat="44.58536" lon="4.71047">
        <ele>69.9</ele>
      </trkpt>
      <trkpt lat="44.58589" lon="4.70984">
        <ele>69.3</ele>
      </trkpt>
      <trkpt lat="44.58601" lon="4.70971">
        <ele>69.6</ele>
      </trkpt>
      <trkpt lat="44.58614" lon="4.70957">
        <ele>69.9</ele>
      </trkpt>
      <trkpt lat="44.58615" lon="4.70952">
        <ele>70.0</ele>
      </trkpt>
      <trkpt lat="44.58616" lon="4.70942">
        <ele>70.1</ele>
      </trkpt>
      <trkpt lat="44.58615" lon="4.70832">
        <ele>71.4</ele>
      </trkpt>
      <trkpt lat="44.58619" lon="4.70768">
        <ele>72.3</ele>
      </trkpt>
      <trkpt lat="44.58625" lon="4.70711">
        <ele>72.0</ele>
      </trkpt>
      <trkpt lat="44.58669" lon="4.70653">
        <ele>70.2</ele>
      </trkpt>
      <trkpt lat="44.58713" lon="4.70596">
        <ele>71.5</ele>
      </trkpt>
      <trkpt lat="44.58674" lon="4.70536">
        <ele>72.2</ele>
      </trkpt>
      <trkpt lat="44.58628" lon="4.70601">
        <ele>71.1</ele>
      </trkpt>
      <trkpt lat="44.58583" lon="4.70666">
        <ele>73.0</ele>
      </trkpt>
      <trkpt lat="44.58541" lon="4.70727">
        <ele>72.5</ele>
      </trkpt>
      <trkpt lat="44.58532" lon="4.70737">
        <ele>72.4</ele>
      </trkpt>
      <trkpt lat="44.58523" lon="4.70743">
        <ele>72.3</ele>
      </trkpt>
      <trkpt lat="44.58521" lon="4.70754">
        <ele>72.2</ele>
      </trkpt>
      <trkpt lat="44.58464" lon="4.70834">
        <ele>72.0</ele>
      </trkpt>
      <trkpt lat="44.58407" lon="4.70914">
        <ele>72.0</ele>
      </trkpt>
      <trkpt lat="44.5837" lon="4.70966">
        <ele>71.7</ele>
      </trkpt>
      <trkpt lat="44.58332" lon="4.71017">
        <ele>72.0</ele>
      </trkpt>
      <trkpt lat="44.58329" lon="4.71022">
        <ele>72.0</ele>
      </trkpt>
      <trkpt lat="44.58323" lon="4.71031">
        <ele>72.0</ele>
      </trkpt>
      <trkpt lat="44.58264" lon="4.71115">
        <ele>72.5</ele>
      </trkpt>
      <trkpt lat="44.58204" lon="4.71198">
        <ele>73.0</ele>
      </trkpt>
      <trkpt lat="44.58144" lon="4.71281">
        <ele>73.5</ele>
      </trkpt>
      <trkpt lat="44.58139" lon="4.7129">
        <ele>73.6</ele>
      </trkpt>
      <trkpt lat="44.5813" lon="4.71301">
        <ele>73.6</ele>
      </trkpt>
      <trkpt lat="44.58092" lon="4.71355">
        <ele>74.0</ele>
      </trkpt>
      <trkpt lat="44.58054" lon="4.71408">
        <ele>73.3</ele>
      </trkpt>
      <trkpt lat="44.58081" lon="4.7152">
        <ele>74.0</ele>
      </trkpt>
      <trkpt lat="44.58109" lon="4.71632">
        <ele>77.1</ele>
      </trkpt>
      <trkpt lat="44.58109" lon="4.71632">
        <ele>77.1</ele>
      </trkpt>
      <trkpt lat="44.58125" lon="4.71697">
        <ele>77.4</ele>
      </trkpt>
      <trkpt lat="44.5813" lon="4.71715">
        <ele>77.7</ele>
      </trkpt>
      <trkpt lat="44.58118" lon="4.7177">
        <ele>76.2</ele>
      </trkpt>
      <trkpt lat="44.58109" lon="4.71781">
        <ele>75.2</ele>
      </trkpt>
      <trkpt lat="44.58027" lon="4.71743">
        <ele>73.2</ele>
      </trkpt>
      <trkpt lat="44.57944" lon="4.71716">
        <ele>72.8</ele>
      </trkpt>
      <trkpt lat="44.57859" lon="4.71694">
        <ele>73.2</ele>
      </trkpt>
      <trkpt lat="44.57792" lon="4.71682">
        <ele>74.7</ele>
      </trkpt>
      <trkpt lat="44.57734" lon="4.71674">
        <ele>75.4</ele>
      </trkpt>
      <trkpt lat="44.57676" lon="4.71667">
        <ele>71.7</ele>
      </trkpt>
      <trkpt lat="44.57653" lon="4.71664">
        <ele>71.2</ele>
      </trkpt>
      <trkpt lat="44.57623" lon="4.71664">
        <ele>71.2</ele>
      </trkpt>
      <trkpt lat="44.57606" lon="4.71659">
        <ele>71.6</ele>
      </trkpt>
      <trkpt lat="44.57612" lon="4.71583">
        <ele>77.3</ele>
      </trkpt>
      <trkpt lat="44.57619" lon="4.71507">
        <ele>77.5</ele>
      </trkpt>
      <trkpt lat="44.57625" lon="4.71475">
        <ele>76.0</ele>
      </trkpt>
      <trkpt lat="44.57645" lon="4.71479">
        <ele>76.2</ele>
      </trkpt>
      <trkpt lat="44.57659" lon="4.71486">
        <ele>76.5</ele>
      </trkpt>
      <trkpt lat="44.57639" lon="4.71558">
        <ele>76.9</ele>
      </trkpt>
      <trkpt lat="44.57633" lon="4.71594">
        <ele>76.1</ele>
      </trkpt>
      <trkpt lat="44.57627" lon="4.71649">
        <ele>75.6</ele>
      </trkpt>
      <trkpt lat="44.57621" lon="4.71745">
        <ele>74.9</ele>
      </trkpt>
      <trkpt lat="44.57621" lon="4.71745">
        <ele>74.9</ele>
      </trkpt>
      <trkpt lat="44.57617" lon="4.71819">
        <ele>74.3</ele>
      </trkpt>
      <trkpt lat="44.57613" lon="4.71892">
        <ele>73.7</ele>
      </trkpt>
      <trkpt lat="44.57606" lon="4.71941">
        <ele>73.4</ele>
      </trkpt>
      <trkpt lat="44.57597" lon="4.71988">
        <ele>78.7</ele>
      </trkpt>
      <trkpt lat="44.57582" lon="4.72044">
        <ele>78.8</ele>
      </trkpt>
      <trkpt lat="44.57571" lon="4.72068">
        <ele>77.1</ele>
      </trkpt>
      <trkpt lat="44.57555" lon="4.721">
        <ele>75.0</ele>
      </trkpt>
      <trkpt lat="44.57514" lon="4.72165">
        <ele>72.2</ele>
      </trkpt>
      <trkpt lat="44.57499" lon="4.72184">
        <ele>71.6</ele>
      </trkpt>
      <trkpt lat="44.57459" lon="4.72239">
        <ele>70.6</ele>
      </trkpt>
      <trkpt lat="44.57419" lon="4.72294">
        <ele>71.0</ele>
      </trkpt>
      <trkpt lat="44.57371" lon="4.72362">
        <ele>71.2</ele>
      </trkpt>
      <trkpt lat="44.57322" lon="4.7243">
        <ele>71.0</ele>
      </trkpt>
      <trkpt lat="44.57274" lon="4.72498">
        <ele>71.4</ele>
      </trkpt>
      <trkpt lat="44.57225" lon="4.72566">
        <ele>72.2</ele>
      </trkpt>
      <trkpt lat="44.57225" lon="4.72566">
        <ele>72.2</ele>
      </trkpt>
      <trkpt lat="44.57192" lon="4.72611">
        <ele>72.6</ele>
      </trkpt>
      <trkpt lat="44.57159" lon="4.72657">
        <ele>72.1</ele>
      </trkpt>
      <trkpt lat="44.57126" lon="4.72705">
        <ele>71.5</ele>
      </trkpt>
      <trkpt lat="44.57092" lon="4.72753">
        <ele>71.0</ele>
      </trkpt>
      <trkpt lat="44.57032" lon="4.72836">
        <ele>71.7</ele>
      </trkpt>
      <trkpt lat="44.56972" lon="4.72918">
        <ele>73.0</ele>
      </trkpt>
      <trkpt lat="44.56955" lon="4.72943">
        <ele>72.8</ele>
      </trkpt>
      <trkpt lat="44.5694" lon="4.72969">
        <ele>73.2</ele>
      </trkpt>
      <trkpt lat="44.56918" lon="4.73021">
        <ele>75.2</ele>
      </trkpt>
      <trkpt lat="44.56918" lon="4.73021">
        <ele>75.2</ele>
      </trkpt>
      <trkpt lat="44.56912" lon="4.73035">
        <ele>75.4</ele>
      </trkpt>
      <trkpt lat="44.56907" lon="4.73046">
        <ele>75.5</ele>
      </trkpt>
      <trkpt lat="44.56893" lon="4.73089">
        <ele>75.5</ele>
      </trkpt>
      <trkpt lat="44.5689" lon="4.73094">
        <ele>75.2</ele>
      </trkpt>
      <trkpt lat="44.56886" lon="4.731">
        <ele>75.0</ele>
      </trkpt>
      <trkpt lat="44.56885" lon="4.73104">
        <ele>74.8</ele>
      </trkpt>
      <trkpt lat="44.56885" lon="4.73112">
        <ele>74.5</ele>
      </trkpt>
      <trkpt lat="44.56871" lon="4.73137">
        <ele>73.6</ele>
      </trkpt>
      <trkpt lat="44.56844" lon="4.73198">
        <ele>73.2</ele>
      </trkpt>
      <trkpt lat="44.56816" lon="4.73258">
        <ele>74.0</ele>
      </trkpt>
      <trkpt lat="44.56777" lon="4.73329">
        <ele>75.3</ele>
      </trkpt>
      <trkpt lat="44.56738" lon="4.73399">
        <ele>75.2</ele>
      </trkpt>
      <trkpt lat="44.56714" lon="4.73439">
        <ele>75.0</ele>
      </trkpt>
      <trkpt lat="44.56702" lon="4.73456">
        <ele>75.0</ele>
      </trkpt>
      <trkpt lat="44.56689" lon="4.73469">
        <ele>75.0</ele>
      </trkpt>
      <trkpt lat="44.5666" lon="4.73495">
        <ele>75.2</ele>
      </trkpt>
      <trkpt lat="44.56649" lon="4.73507">
        <ele>75.4</ele>
      </trkpt>
      <trkpt lat="44.56638" lon="4.73515">
        <ele>75.6</ele>
      </trkpt>
      <trkpt lat="44.56632" lon="4.7351">
        <ele>75.8</ele>
      </trkpt>
      <trkpt lat="44.56626" lon="4.73508">
        <ele>75.9</ele>
      </trkpt>
      <trkpt lat="44.56618" lon="4.73508">
        <ele>76.0</ele>
      </trkpt>
      <trkpt lat="44.56612" lon="4.73511">
        <ele>76.1</ele>
      </trkpt>
      <trkpt lat="44.56607" lon="4.73516">
        <ele>76.1</ele>
      </trkpt>
      <trkpt lat="44.56602" lon="4.73523">
        <ele>76.0</ele>
      </trkpt>
      <trkpt lat="44.56599" lon="4.73531">
        <ele>75.8</ele>
      </trkpt>
      <trkpt lat="44.56598" lon="4.73539">
        <ele>75.6</ele>
      </trkpt>
      <trkpt lat="44.56598" lon="4.73548">
        <ele>75.3</ele>
      </trkpt>
      <trkpt lat="44.5659" lon="4.73565">
        <ele>74.7</ele>
      </trkpt>
      <trkpt lat="44.56566" lon="4.73591">
        <ele>74.5</ele>
      </trkpt>
      <trkpt lat="44.56561" lon="4.73595">
        <ele>74.6</ele>
      </trkpt>
      <trkpt lat="44.56561" lon="4.73595">
        <ele>74.6</ele>
      </trkpt>
      <trkpt lat="44.56542" lon="4.73614">
        <ele>75.2</ele>
      </trkpt>
      <trkpt lat="44.56507" lon="4.7365">
        <ele>75.9</ele>
      </trkpt>
      <trkpt lat="44.5649" lon="4.73684">
        <ele>76.2</ele>
      </trkpt>
      <trkpt lat="44.56456" lon="4.73756">
        <ele>77.0</ele>
      </trkpt>
      <trkpt lat="44.56444" lon="4.73783">
        <ele>77.1</ele>
      </trkpt>
      <trkpt lat="44.5642" lon="4.7384">
        <ele>77.9</ele>
      </trkpt>
      <trkpt lat="44.56408" lon="4.73873">
        <ele>78.0</ele>
      </trkpt>
      <trkpt lat="44.56392" lon="4.7392">
        <ele>78.0</ele>
      </trkpt>
      <trkpt lat="44.56378" lon="4.73951">
        <ele>77.8</ele>
      </trkpt>
      <trkpt lat="44.56336" lon="4.7404">
        <ele>78.9</ele>
      </trkpt>
      <trkpt lat="44.56293" lon="4.74129">
        <ele>79.3</ele>
      </trkpt>
      <trkpt lat="44.5626" lon="4.74209">
        <ele>79.1</ele>
      </trkpt>
      <trkpt lat="44.56255" lon="4.74228">
        <ele>79.1</ele>
      </trkpt>
      <trkpt lat="44.56239" lon="4.74301">
        <ele>79.1</ele>
      </trkpt>
      <trkpt lat="44.56222" lon="4.74373">
        <ele>80.3</ele>
      </trkpt>
      <trkpt lat="44.56222" lon="4.74373">
        <ele>80.3</ele>
      </trkpt>
      <trkpt lat="44.56201" lon="4.74468">
        <ele>81.0</ele>
      </trkpt>
      <trkpt lat="44.56202" lon="4.74488">
        <ele>80.7</ele>
      </trkpt>
      <trkpt lat="44.56201" lon="4.745">
        <ele>80.6</ele>
      </trkpt>
      <trkpt lat="44.56191" lon="4.74539">
        <ele>80.5</ele>
      </trkpt>
      <trkpt lat="44.56183" lon="4.74572">
        <ele>80.3</ele>
      </trkpt>
      <trkpt lat="44.56174" lon="4.74594">
        <ele>80.3</ele>
      </trkpt>
      <trkpt lat="44.56152" lon="4.74619">
        <ele>80.9</ele>
      </trkpt>
      <trkpt lat="44.56137" lon="4.74631">
        <ele>81.1</ele>
      </trkpt>
      <trkpt lat="44.56133" lon="4.74629">
        <ele>81.1</ele>
      </trkpt>
      <trkpt lat="44.56131" lon="4.7463">
        <ele>81.1</ele>
      </trkpt>
      <trkpt lat="44.56125" lon="4.74632">
        <ele>81.2</ele>
      </trkpt>
      <trkpt lat="44.56122" lon="4.74636">
        <ele>81.3</ele>
      </trkpt>
      <trkpt lat="44.5612" lon="4.74639">
        <ele>81.3</ele>
      </trkpt>
      <trkpt lat="44.5612" lon="4.74643">
        <ele>81.4</ele>
      </trkpt>
      <trkpt lat="44.56121" lon="4.74647">
        <ele>81.5</ele>
      </trkpt>
      <trkpt lat="44.56124" lon="4.74652">
        <ele>81.6</ele>
      </trkpt>
      <trkpt lat="44.56085" lon="4.74705">
        <ele>81.6</ele>
      </trkpt>
      <trkpt lat="44.56047" lon="4.74757">
        <ele>81.3</ele>
      </trkpt>
      <trkpt lat="44.56047" lon="4.74757">
        <ele>81.3</ele>
      </trkpt>
      <trkpt lat="44.56039" lon="4.74772">
        <ele>81.9</ele>
      </trkpt>
      <trkpt lat="44.56035" lon="4.74788">
        <ele>82.7</ele>
      </trkpt>
      <trkpt lat="44.56033" lon="4.74788">
        <ele>82.7</ele>
      </trkpt>
      <trkpt lat="44.56028" lon="4.7479">
        <ele>82.9</ele>
      </trkpt>
      <trkpt lat="44.56025" lon="4.74794">
        <ele>83.2</ele>
      </trkpt>
      <trkpt lat="44.56023" lon="4.748">
        <ele>83.5</ele>
      </trkpt>
      <trkpt lat="44.56023" lon="4.74805">
        <ele>83.8</ele>
      </trkpt>
      <trkpt lat="44.56024" lon="4.74811">
        <ele>84.0</ele>
      </trkpt>
      <trkpt lat="44.56027" lon="4.74815">
        <ele>84.1</ele>
      </trkpt>
      <trkpt lat="44.56024" lon="4.74825">
        <ele>84.7</ele>
      </trkpt>
      <trkpt lat="44.56017" lon="4.74869">
        <ele>86.2</ele>
      </trkpt>
      <trkpt lat="44.56007" lon="4.74894">
        <ele>87.1</ele>
      </trkpt>
      <trkpt lat="44.55998" lon="4.74898">
        <ele>87.5</ele>
      </trkpt>
      <trkpt lat="44.55995" lon="4.74906">
        <ele>87.7</ele>
      </trkpt>
      <trkpt lat="44.55984" lon="4.74958">
        <ele>87.1</ele>
      </trkpt>
      <trkpt lat="44.55968" lon="4.75018">
        <ele>87.2</ele>
      </trkpt>
      <trkpt lat="44.55968" lon="4.75018">
        <ele>87.2</ele>
      </trkpt>
      <trkpt lat="44.55956" lon="4.75064">
        <ele>88.6</ele>
      </trkpt>
    </trkseg>
  </trk>
</gpx>
