<?xml version='1.0' encoding='utf-8'?>
<gpx version="1.1" creator="France2026" xmlns="http://www.topografix.com/GPX/1/1" xmlns:xsi="http://www.w3.org/2001/XMLSchema-instance" xsi:schemaLocation="http://www.topografix.com/GPX/1/1 http://www.topografix.com/GPX/1/1/gpx.xsd"><metadata><name>Jour 7 — Colmar → Brunstatt-Didenheim via Cernay, Wittelsheim et Richwiller</name><desc>Départ de Colmar. Passage par Rouffach puis Cernay. À partir de Cernay, variante directe via Wittelsheim et Richwiller, en privilégiant le secteur du canal avant l’arrivée à Brunstatt-Didenheim.</desc></metadata><trk><name>Jour 7 — Colmar → Brunstatt-Didenheim</name><trkseg><trkpt lat="48.0793600" lon="7.3585100"><ele>197.3</ele></trkpt><trkpt lat="48.0789200" lon="7.3588300"><ele>197.3</ele></trkpt><trkpt lat="48.0788400" lon="7.3590500"><ele>197.4</ele></trkpt><trkpt lat="48.0788000" lon="7.3591500"><ele>197.4</ele></trkpt><trkpt lat="48.0786800" lon="7.3594100"><ele>197.6</ele></trkpt><trkpt lat="48.0786600" lon="7.3594600"><ele>197.8</ele></trkpt><trkpt lat="48.0783900" lon="7.3591800"><ele>197.9</ele></trkpt><trkpt lat="48.0783300" lon="7.3591100"><ele>198.7</ele></trkpt><trkpt lat="48.0782300" lon="7.3590100"><ele>199.4</ele></trkpt><trkpt lat="48.0781700" lon="7.3589600"><ele>199.6</ele></trkpt><trkpt lat="48.0781000" lon="7.3589000"><ele>199.8</ele></trkpt><trkpt lat="48.0780400" lon="7.3588600"><ele>199.7</ele></trkpt><trkpt lat="48.0779600" lon="7.3588100"><ele>199.3</ele></trkpt><trkpt lat="48.0778300" lon="7.3587300"><ele>199.0</ele></trkpt><trkpt lat="48.0777800" lon="7.3587000"><ele>198.3</ele></trkpt><trkpt lat="48.0777400" lon="7.3586700"><ele>198.0</ele></trkpt><trkpt lat="48.0778100" lon="7.3582600"><ele>197.5</ele></trkpt><trkpt lat="48.0777900" lon="7.3581300"><ele>197.1</ele></trkpt><trkpt lat="48.0777700" lon="7.3580700"><ele>196.8</ele></trkpt><trkpt lat="48.0778000" lon="7.3580300"><ele>197.2</ele></trkpt><trkpt lat="48.0778800" lon="7.3579000"><ele>197.5</ele></trkpt><trkpt lat="48.0779200" lon="7.3578300"><ele>198.2</ele></trkpt><trkpt lat="48.0779700" lon="7.3577500"><ele>198.9</ele></trkpt><trkpt lat="48.0779900" lon="7.3577000"><ele>199.3</ele></trkpt><trkpt lat="48.0780200" lon="7.3576500"><ele>199.8</ele></trkpt><trkpt lat="48.0780200" lon="7.3575500"><ele>200.0</ele></trkpt><trkpt lat="48.0780100" lon="7.3571800"><ele>200.1</ele></trkpt><trkpt lat="48.0781600" lon="7.3572100"><ele>200.1</ele></trkpt><trkpt lat="48.0782100" lon="7.3572500"><ele>200.1</ele></trkpt><trkpt lat="48.0782600" lon="7.3573100"><ele>199.9</ele></trkpt><trkpt lat="48.0783000" lon="7.3573500"><ele>199.8</ele></trkpt><trkpt lat="48.0782900" lon="7.3573800"><ele>199.9</ele></trkpt><trkpt lat="48.0783100" lon="7.3574100"><ele>199.8</ele></trkpt><trkpt lat="48.0783300" lon="7.3573700"><ele>199.7</ele></trkpt><trkpt lat="48.0783800" lon="7.3572400"><ele>199.6</ele></trkpt><trkpt lat="48.0783800" lon="7.3572400"><ele>199.5</ele></trkpt><trkpt lat="48.0784000" lon="7.3572500"><ele>199.4</ele></trkpt><trkpt lat="48.0784300" lon="7.3572800"><ele>199.3</ele></trkpt><trkpt lat="48.0784300" lon="7.3572000"><ele>199.3</ele></trkpt><trkpt lat="48.0785200" lon="7.3570900"><ele>198.9</ele></trkpt><trkpt lat="48.0787500" lon="7.3570400"><ele>198.3</ele></trkpt><trkpt lat="48.0791000" lon="7.3566200"><ele>197.7</ele></trkpt><trkpt lat="48.0791600" lon="7.3565300"><ele>197.6</ele></trkpt><trkpt lat="48.0791600" lon="7.3565100"><ele>197.2</ele></trkpt><trkpt lat="48.0791800" lon="7.3563800"><ele>197.0</ele></trkpt><trkpt lat="48.0792000" lon="7.3562300"><ele>197.3</ele></trkpt><trkpt lat="48.0792100" lon="7.3561500"><ele>197.6</ele></trkpt><trkpt lat="48.0792700" lon="7.3557800"><ele>197.5</ele></trkpt><trkpt lat="48.0792700" lon="7.3557600"><ele>197.6</ele></trkpt><trkpt lat="48.0792800" lon="7.3557000"><ele>198.1</ele></trkpt><trkpt lat="48.0792800" lon="7.3556600"><ele>198.1</ele></trkpt><trkpt lat="48.0793700" lon="7.3551500"><ele>197.9</ele></trkpt><trkpt lat="48.0793500" lon="7.3550200"><ele>197.6</ele></trkpt><trkpt lat="48.0793100" lon="7.3549500"><ele>197.3</ele></trkpt><trkpt lat="48.0793300" lon="7.3548800"><ele>197.1</ele></trkpt><trkpt lat="48.0793300" lon="7.3548700"><ele>197.2</ele></trkpt><trkpt lat="48.0794000" lon="7.3545400"><ele>197.4</ele></trkpt><trkpt lat="48.0794100" lon="7.3544800"><ele>197.9</ele></trkpt><trkpt lat="48.0794200" lon="7.3544100"><ele>198.3</ele></trkpt><trkpt lat="48.0794300" lon="7.3543300"><ele>198.5</ele></trkpt><trkpt lat="48.0794600" lon="7.3541300"><ele>198.4</ele></trkpt><trkpt lat="48.0795200" lon="7.3537900"><ele>198.5</ele></trkpt><trkpt lat="48.0796100" lon="7.3533000"><ele>198.5</ele></trkpt><trkpt lat="48.0796300" lon="7.3532000"><ele>198.5</ele></trkpt><trkpt lat="48.0792200" lon="7.3529600"><ele>198.8</ele></trkpt><trkpt lat="48.0791100" lon="7.3529000"><ele>199.3</ele></trkpt><trkpt lat="48.0790100" lon="7.3528600"><ele>199.6</ele></trkpt><trkpt lat="48.0786900" lon="7.3527700"><ele>199.9</ele></trkpt><trkpt lat="48.0786500" lon="7.3527600"><ele>200.3</ele></trkpt><trkpt lat="48.0786600" lon="7.3527100"><ele>200.1</ele></trkpt><trkpt lat="48.0786700" lon="7.3526400"><ele>199.9</ele></trkpt><trkpt lat="48.0786600" lon="7.3525700"><ele>199.8</ele></trkpt><trkpt lat="48.0786400" lon="7.3525200"><ele>199.6</ele></trkpt><trkpt lat="48.0786100" lon="7.3524600"><ele>199.4</ele></trkpt><trkpt lat="48.0785100" lon="7.3521500"><ele>199.1</ele></trkpt><trkpt lat="48.0785100" lon="7.3521100"><ele>198.8</ele></trkpt><trkpt lat="48.0785200" lon="7.3520000"><ele>198.6</ele></trkpt><trkpt lat="48.0785300" lon="7.3519400"><ele>198.4</ele></trkpt><trkpt lat="48.0785600" lon="7.3518100"><ele>198.3</ele></trkpt><trkpt lat="48.0785800" lon="7.3516900"><ele>198.5</ele></trkpt><trkpt lat="48.0786400" lon="7.3513900"><ele>198.8</ele></trkpt><trkpt lat="48.0787100" lon="7.3511300"><ele>199.1</ele></trkpt><trkpt lat="48.0787400" lon="7.3510500"><ele>200.1</ele></trkpt><trkpt lat="48.0787700" lon="7.3509600"><ele>200.6</ele></trkpt><trkpt lat="48.0788500" lon="7.3507100"><ele>201.0</ele></trkpt><trkpt lat="48.0789400" lon="7.3504700"><ele>201.4</ele></trkpt><trkpt lat="48.0790000" lon="7.3502600"><ele>201.4</ele></trkpt><trkpt lat="48.0790300" lon="7.3501400"><ele>200.9</ele></trkpt><trkpt lat="48.0790400" lon="7.3500600"><ele>200.9</ele></trkpt><trkpt lat="48.0790400" lon="7.3499600"><ele>200.8</ele></trkpt><trkpt lat="48.0790500" lon="7.3498200"><ele>200.7</ele></trkpt><trkpt lat="48.0790500" lon="7.3497300"><ele>200.7</ele></trkpt><trkpt lat="48.0790400" lon="7.3496600"><ele>200.6</ele></trkpt><trkpt lat="48.0790300" lon="7.3495100"><ele>200.5</ele></trkpt><trkpt lat="48.0790300" lon="7.3494200"><ele>200.4</ele></trkpt><trkpt lat="48.0790300" lon="7.3493400"><ele>200.4</ele></trkpt><trkpt lat="48.0790400" lon="7.3492800"><ele>200.4</ele></trkpt><trkpt lat="48.0790500" lon="7.3492300"><ele>200.3</ele></trkpt><trkpt lat="48.0790100" lon="7.3492000"><ele>200.3</ele></trkpt><trkpt lat="48.0789600" lon="7.3491700"><ele>200.2</ele></trkpt><trkpt lat="48.0789400" lon="7.3491600"><ele>200.2</ele></trkpt><trkpt lat="48.0789200" lon="7.3491100"><ele>200.2</ele></trkpt><trkpt lat="48.0788900" lon="7.3490300"><ele>200.1</ele></trkpt><trkpt lat="48.0788400" lon="7.3489300"><ele>200.0</ele></trkpt><trkpt lat="48.0787800" lon="7.3488300"><ele>199.9</ele></trkpt><trkpt lat="48.0787200" lon="7.3487500"><ele>199.8</ele></trkpt><trkpt lat="48.0786500" lon="7.3486800"><ele>199.8</ele></trkpt><trkpt lat="48.0785800" lon="7.3486200"><ele>199.7</ele></trkpt><trkpt lat="48.0785100" lon="7.3485800"><ele>199.6</ele></trkpt><trkpt lat="48.0783900" lon="7.3485100"><ele>199.5</ele></trkpt><trkpt lat="48.0773400" lon="7.3479100"><ele>198.3</ele></trkpt><trkpt lat="48.0773300" lon="7.3478800"><ele>198.3</ele></trkpt><trkpt lat="48.0773100" lon="7.3478500"><ele>198.3</ele></trkpt><trkpt lat="48.0772900" lon="7.3478300"><ele>198.3</ele></trkpt><trkpt lat="48.0772600" lon="7.3478100"><ele>198.2</ele></trkpt><trkpt lat="48.0772400" lon="7.3478200"><ele>198.2</ele></trkpt><trkpt lat="48.0772200" lon="7.3478200"><ele>198.2</ele></trkpt><trkpt lat="48.0771200" lon="7.3477600"><ele>198.1</ele></trkpt><trkpt lat="48.0770600" lon="7.3477800"><ele>198.7</ele></trkpt><trkpt lat="48.0763900" lon="7.3473600"><ele>199.1</ele></trkpt><trkpt lat="48.0761800" lon="7.3472100"><ele>199.6</ele></trkpt><trkpt lat="48.0760000" lon="7.3470100"><ele>200.1</ele></trkpt><trkpt lat="48.0755600" lon="7.3461200"><ele>200.4</ele></trkpt><trkpt lat="48.0753500" lon="7.3456900"><ele>200.2</ele></trkpt><trkpt lat="48.0751600" lon="7.3452700"><ele>200.1</ele></trkpt><trkpt lat="48.0751100" lon="7.3451600"><ele>199.9</ele></trkpt><trkpt lat="48.0749000" lon="7.3447100"><ele>200.1</ele></trkpt><trkpt lat="48.0748700" lon="7.3446500"><ele>200.4</ele></trkpt><trkpt lat="48.0749300" lon="7.3445500"><ele>200.2</ele></trkpt><trkpt lat="48.0749400" lon="7.3444200"><ele>200.5</ele></trkpt><trkpt lat="48.0748900" lon="7.3443000"><ele>200.7</ele></trkpt><trkpt lat="48.0748000" lon="7.3442500"><ele>200.7</ele></trkpt><trkpt lat="48.0747600" lon="7.3442600"><ele>200.9</ele></trkpt><trkpt lat="48.0747300" lon="7.3441700"><ele>201.1</ele></trkpt><trkpt lat="48.0739100" lon="7.3420300"><ele>201.0</ele></trkpt><trkpt lat="48.0737300" lon="7.3415600"><ele>200.9</ele></trkpt><trkpt lat="48.0731000" lon="7.3401100"><ele>200.9</ele></trkpt><trkpt lat="48.0727300" lon="7.3392100"><ele>200.7</ele></trkpt><trkpt lat="48.0726900" lon="7.3391500"><ele>201.0</ele></trkpt><trkpt lat="48.0726800" lon="7.3391000"><ele>201.1</ele></trkpt><trkpt lat="48.0726900" lon="7.3390600"><ele>201.2</ele></trkpt><trkpt lat="48.0727000" lon="7.3390200"><ele>201.3</ele></trkpt><trkpt lat="48.0726900" lon="7.3389800"><ele>201.5</ele></trkpt><trkpt lat="48.0726800" lon="7.3389500"><ele>201.2</ele></trkpt><trkpt lat="48.0726600" lon="7.3389200"><ele>201.0</ele></trkpt><trkpt lat="48.0726300" lon="7.3389100"><ele>200.9</ele></trkpt><trkpt lat="48.0726100" lon="7.3389100"><ele>200.8</ele></trkpt><trkpt lat="48.0725700" lon="7.3388600"><ele>200.9</ele></trkpt><trkpt lat="48.0725400" lon="7.3387400"><ele>201.4</ele></trkpt><trkpt lat="48.0720600" lon="7.3376500"><ele>202.0</ele></trkpt><trkpt lat="48.0714000" lon="7.3361200"><ele>202.4</ele></trkpt><trkpt lat="48.0713500" lon="7.3360300"><ele>202.5</ele></trkpt><trkpt lat="48.0713500" lon="7.3360000"><ele>202.4</ele></trkpt><trkpt lat="48.0713400" lon="7.3359400"><ele>202.2</ele></trkpt><trkpt lat="48.0713500" lon="7.3359000"><ele>201.9</ele></trkpt><trkpt lat="48.0713400" lon="7.3358600"><ele>201.6</ele></trkpt><trkpt lat="48.0713300" lon="7.3358300"><ele>201.7</ele></trkpt><trkpt lat="48.0713100" lon="7.3358000"><ele>202.0</ele></trkpt><trkpt lat="48.0712800" lon="7.3357800"><ele>202.1</ele></trkpt><trkpt lat="48.0712300" lon="7.3357600"><ele>202.2</ele></trkpt><trkpt lat="48.0712000" lon="7.3357100"><ele>202.1</ele></trkpt><trkpt lat="48.0711800" lon="7.3356900"><ele>202.5</ele></trkpt><trkpt lat="48.0711600" lon="7.3355700"><ele>202.8</ele></trkpt><trkpt lat="48.0705600" lon="7.3341300"><ele>203.2</ele></trkpt><trkpt lat="48.0704700" lon="7.3339700"><ele>203.7</ele></trkpt><trkpt lat="48.0704600" lon="7.3339200"><ele>204.3</ele></trkpt><trkpt lat="48.0704600" lon="7.3338800"><ele>204.3</ele></trkpt><trkpt lat="48.0704500" lon="7.3337800"><ele>204.2</ele></trkpt><trkpt lat="48.0704500" lon="7.3337400"><ele>204.2</ele></trkpt><trkpt lat="48.0704400" lon="7.3336900"><ele>204.2</ele></trkpt><trkpt lat="48.0704200" lon="7.3336600"><ele>204.2</ele></trkpt><trkpt lat="48.0704000" lon="7.3336300"><ele>204.2</ele></trkpt><trkpt lat="48.0703700" lon="7.3336200"><ele>204.1</ele></trkpt><trkpt lat="48.0703300" lon="7.3335700"><ele>204.4</ele></trkpt><trkpt lat="48.0703100" lon="7.3335200"><ele>204.5</ele></trkpt><trkpt lat="48.0702600" lon="7.3334300"><ele>204.8</ele></trkpt><trkpt lat="48.0702400" lon="7.3333300"><ele>204.7</ele></trkpt><trkpt lat="48.0699200" lon="7.3325300"><ele>204.8</ele></trkpt><trkpt lat="48.0695700" lon="7.3316200"><ele>204.4</ele></trkpt><trkpt lat="48.0695300" lon="7.3315500"><ele>204.2</ele></trkpt><trkpt lat="48.0695200" lon="7.3315100"><ele>203.9</ele></trkpt><trkpt lat="48.0695100" lon="7.3314500"><ele>203.9</ele></trkpt><trkpt lat="48.0695200" lon="7.3314200"><ele>203.9</ele></trkpt><trkpt lat="48.0695400" lon="7.3313300"><ele>203.9</ele></trkpt><trkpt lat="48.0695300" lon="7.3312700"><ele>203.8</ele></trkpt><trkpt lat="48.0695100" lon="7.3312100"><ele>203.8</ele></trkpt><trkpt lat="48.0694700" lon="7.3311700"><ele>203.8</ele></trkpt><trkpt lat="48.0694300" lon="7.3311600"><ele>204.0</ele></trkpt><trkpt lat="48.0692800" lon="7.3306400"><ele>204.0</ele></trkpt><trkpt lat="48.0691400" lon="7.3301400"><ele>204.0</ele></trkpt><trkpt lat="48.0688800" lon="7.3292000"><ele>204.5</ele></trkpt><trkpt lat="48.0688100" lon="7.3289100"><ele>205.0</ele></trkpt><trkpt lat="48.0681600" lon="7.3265300"><ele>205.3</ele></trkpt><trkpt lat="48.0680100" lon="7.3259600"><ele>205.5</ele></trkpt><trkpt lat="48.0678100" lon="7.3253400"><ele>205.6</ele></trkpt><trkpt lat="48.0676900" lon="7.3249600"><ele>205.3</ele></trkpt><trkpt lat="48.0675900" lon="7.3246200"><ele>204.9</ele></trkpt><trkpt lat="48.0675500" lon="7.3244500"><ele>204.8</ele></trkpt><trkpt lat="48.0674600" lon="7.3242000"><ele>204.9</ele></trkpt><trkpt lat="48.0674100" lon="7.3240600"><ele>205.0</ele></trkpt><trkpt lat="48.0673900" lon="7.3239100"><ele>205.1</ele></trkpt><trkpt lat="48.0674000" lon="7.3237800"><ele>205.3</ele></trkpt><trkpt lat="48.0674400" lon="7.3237300"><ele>205.5</ele></trkpt><trkpt lat="48.0675600" lon="7.3236000"><ele>205.6</ele></trkpt><trkpt lat="48.0675900" lon="7.3236100"><ele>205.8</ele></trkpt><trkpt lat="48.0676200" lon="7.3235300"><ele>205.9</ele></trkpt><trkpt lat="48.0676500" lon="7.3234300"><ele>206.1</ele></trkpt><trkpt lat="48.0676400" lon="7.3234000"><ele>206.2</ele></trkpt><trkpt lat="48.0676300" lon="7.3233300"><ele>206.3</ele></trkpt><trkpt lat="48.0676200" lon="7.3232000"><ele>206.2</ele></trkpt><trkpt lat="48.0676300" lon="7.3231400"><ele>206.3</ele></trkpt><trkpt lat="48.0675800" lon="7.3230100"><ele>206.3</ele></trkpt><trkpt lat="48.0675300" lon="7.3229200"><ele>206.3</ele></trkpt><trkpt lat="48.0674900" lon="7.3229400"><ele>206.3</ele></trkpt><trkpt lat="48.0674500" lon="7.3229600"><ele>206.4</ele></trkpt><trkpt lat="48.0674100" lon="7.3229300"><ele>206.3</ele></trkpt><trkpt lat="48.0673800" lon="7.3228700"><ele>206.2</ele></trkpt><trkpt lat="48.0673600" lon="7.3227900"><ele>206.1</ele></trkpt><trkpt lat="48.0673600" lon="7.3225800"><ele>206.4</ele></trkpt><trkpt lat="48.0673800" lon="7.3222900"><ele>207.0</ele></trkpt><trkpt lat="48.0674800" lon="7.3214200"><ele>208.0</ele></trkpt><trkpt lat="48.0676300" lon="7.3203400"><ele>209.1</ele></trkpt><trkpt lat="48.0677700" lon="7.3187600"><ele>210.1</ele></trkpt><trkpt lat="48.0680400" lon="7.3159300"><ele>211.1</ele></trkpt><trkpt lat="48.0681600" lon="7.3149100"><ele>211.6</ele></trkpt><trkpt lat="48.0683000" lon="7.3136200"><ele>211.9</ele></trkpt><trkpt lat="48.0683100" lon="7.3134100"><ele>212.6</ele></trkpt><trkpt lat="48.0683500" lon="7.3127800"><ele>213.1</ele></trkpt><trkpt lat="48.0683800" lon="7.3112900"><ele>213.4</ele></trkpt><trkpt lat="48.0683800" lon="7.3111500"><ele>214.0</ele></trkpt><trkpt lat="48.0683800" lon="7.3108200"><ele>214.5</ele></trkpt><trkpt lat="48.0683900" lon="7.3098200"><ele>214.4</ele></trkpt><trkpt lat="48.0683900" lon="7.3097600"><ele>214.5</ele></trkpt><trkpt lat="48.0683900" lon="7.3097100"><ele>214.8</ele></trkpt><trkpt lat="48.0683900" lon="7.3096100"><ele>215.1</ele></trkpt><trkpt lat="48.0684000" lon="7.3089500"><ele>215.4</ele></trkpt><trkpt lat="48.0684200" lon="7.3082200"><ele>215.8</ele></trkpt><trkpt lat="48.0684100" lon="7.3080700"><ele>216.1</ele></trkpt><trkpt lat="48.0683900" lon="7.3073700"><ele>216.3</ele></trkpt><trkpt lat="48.0683700" lon="7.3067500"><ele>216.5</ele></trkpt><trkpt lat="48.0683500" lon="7.3055700"><ele>216.9</ele></trkpt><trkpt lat="48.0683500" lon="7.3047400"><ele>217.2</ele></trkpt><trkpt lat="48.0683700" lon="7.3045700"><ele>217.6</ele></trkpt><trkpt lat="48.0683900" lon="7.3044000"><ele>218.2</ele></trkpt><trkpt lat="48.0683900" lon="7.3043400"><ele>218.4</ele></trkpt><trkpt lat="48.0685500" lon="7.3036200"><ele>219.3</ele></trkpt><trkpt lat="48.0689000" lon="7.3022900"><ele>220.2</ele></trkpt><trkpt lat="48.0693600" lon="7.3005400"><ele>221.3</ele></trkpt><trkpt lat="48.0693300" lon="7.3005400"><ele>221.5</ele></trkpt><trkpt lat="48.0693200" lon="7.3004600"><ele>221.8</ele></trkpt><trkpt lat="48.0692900" lon="7.3004200"><ele>221.3</ele></trkpt><trkpt lat="48.0692500" lon="7.3004100"><ele>220.9</ele></trkpt><trkpt lat="48.0692100" lon="7.3004500"><ele>220.3</ele></trkpt><trkpt lat="48.0691800" lon="7.3005200"><ele>220.2</ele></trkpt><trkpt lat="48.0691600" lon="7.3006100"><ele>220.2</ele></trkpt><trkpt lat="48.0691100" lon="7.3006200"><ele>220.5</ele></trkpt><trkpt lat="48.0690500" lon="7.3006500"><ele>220.5</ele></trkpt><trkpt lat="48.0686000" lon="7.3008200"><ele>220.6</ele></trkpt><trkpt lat="48.0684900" lon="7.3008500"><ele>220.7</ele></trkpt><trkpt lat="48.0683900" lon="7.3009100"><ele>220.7</ele></trkpt><trkpt lat="48.0680400" lon="7.3012000"><ele>220.4</ele></trkpt><trkpt lat="48.0678400" lon="7.3013500"><ele>220.4</ele></trkpt><trkpt lat="48.0677300" lon="7.3014400"><ele>220.1</ele></trkpt><trkpt lat="48.0674200" lon="7.3016400"><ele>219.5</ele></trkpt><trkpt lat="48.0670800" lon="7.3018400"><ele>219.1</ele></trkpt><trkpt lat="48.0667100" lon="7.3020600"><ele>218.7</ele></trkpt><trkpt lat="48.0662900" lon="7.3023000"><ele>218.2</ele></trkpt><trkpt lat="48.0660300" lon="7.3024400"><ele>217.8</ele></trkpt><trkpt lat="48.0658400" lon="7.3025300"><ele>217.6</ele></trkpt><trkpt lat="48.0653300" lon="7.3027500"><ele>217.3</ele></trkpt><trkpt lat="48.0652300" lon="7.3028100"><ele>216.9</ele></trkpt><trkpt lat="48.0652200" lon="7.3029200"><ele>216.6</ele></trkpt><trkpt lat="48.0651400" lon="7.3030600"><ele>215.9</ele></trkpt><trkpt lat="48.0651000" lon="7.3032500"><ele>215.4</ele></trkpt><trkpt lat="48.0650200" lon="7.3036000"><ele>215.0</ele></trkpt><trkpt lat="48.0648900" lon="7.3039500"><ele>214.8</ele></trkpt><trkpt lat="48.0647400" lon="7.3042700"><ele>214.3</ele></trkpt><trkpt lat="48.0646000" lon="7.3044900"><ele>214.2</ele></trkpt><trkpt lat="48.0642900" lon="7.3049000"><ele>214.1</ele></trkpt><trkpt lat="48.0641200" lon="7.3051000"><ele>213.9</ele></trkpt><trkpt lat="48.0639600" lon="7.3052300"><ele>213.6</ele></trkpt><trkpt lat="48.0639300" lon="7.3052600"><ele>213.4</ele></trkpt><trkpt lat="48.0636600" lon="7.3054700"><ele>213.3</ele></trkpt><trkpt lat="48.0635500" lon="7.3055400"><ele>213.2</ele></trkpt><trkpt lat="48.0633800" lon="7.3056400"><ele>213.1</ele></trkpt><trkpt lat="48.0628600" lon="7.3059300"><ele>213.2</ele></trkpt><trkpt lat="48.0627300" lon="7.3060100"><ele>213.5</ele></trkpt><trkpt lat="48.0626700" lon="7.3060700"><ele>213.9</ele></trkpt><trkpt lat="48.0626300" lon="7.3061300"><ele>214.0</ele></trkpt><trkpt lat="48.0625900" lon="7.3062200"><ele>214.1</ele></trkpt><trkpt lat="48.0625400" lon="7.3063400"><ele>213.9</ele></trkpt><trkpt lat="48.0624900" lon="7.3065100"><ele>213.4</ele></trkpt><trkpt lat="48.0624200" lon="7.3067800"><ele>213.2</ele></trkpt><trkpt lat="48.0623900" lon="7.3068500"><ele>213.0</ele></trkpt><trkpt lat="48.0623200" lon="7.3067900"><ele>212.6</ele></trkpt><trkpt lat="48.0617600" lon="7.3063300"><ele>212.7</ele></trkpt><trkpt lat="48.0616900" lon="7.3062700"><ele>212.7</ele></trkpt><trkpt lat="48.0616600" lon="7.3062400"><ele>212.4</ele></trkpt><trkpt lat="48.0616400" lon="7.3062100"><ele>212.4</ele></trkpt><trkpt lat="48.0616000" lon="7.3062400"><ele>212.6</ele></trkpt><trkpt lat="48.0615700" lon="7.3062500"><ele>212.6</ele></trkpt><trkpt lat="48.0615300" lon="7.3062600"><ele>212.7</ele></trkpt><trkpt lat="48.0614700" lon="7.3062600"><ele>212.7</ele></trkpt><trkpt lat="48.0613100" lon="7.3062100"><ele>212.6</ele></trkpt><trkpt lat="48.0611700" lon="7.3061600"><ele>212.6</ele></trkpt><trkpt lat="48.0611100" lon="7.3061500"><ele>212.5</ele></trkpt><trkpt lat="48.0610600" lon="7.3061500"><ele>212.3</ele></trkpt><trkpt lat="48.0609000" lon="7.3061300"><ele>212.3</ele></trkpt><trkpt lat="48.0608100" lon="7.3061300"><ele>212.0</ele></trkpt><trkpt lat="48.0607300" lon="7.3061200"><ele>211.6</ele></trkpt><trkpt lat="48.0606400" lon="7.3061200"><ele>211.5</ele></trkpt><trkpt lat="48.0604900" lon="7.3061100"><ele>211.2</ele></trkpt><trkpt lat="48.0604000" lon="7.3061100"><ele>210.9</ele></trkpt><trkpt lat="48.0603400" lon="7.3061000"><ele>210.8</ele></trkpt><trkpt lat="48.0602800" lon="7.3060900"><ele>210.7</ele></trkpt><trkpt lat="48.0601700" lon="7.3060800"><ele>210.4</ele></trkpt><trkpt lat="48.0601400" lon="7.3060800"><ele>210.3</ele></trkpt><trkpt lat="48.0598000" lon="7.3060700"><ele>210.1</ele></trkpt><trkpt lat="48.0597000" lon="7.3060800"><ele>210.0</ele></trkpt><trkpt lat="48.0596200" lon="7.3060900"><ele>209.9</ele></trkpt><trkpt lat="48.0595500" lon="7.3060900"><ele>209.8</ele></trkpt><trkpt lat="48.0594900" lon="7.3061000"><ele>209.4</ele></trkpt><trkpt lat="48.0587300" lon="7.3060900"><ele>209.1</ele></trkpt><trkpt lat="48.0577200" lon="7.3060600"><ele>208.6</ele></trkpt><trkpt lat="48.0576400" lon="7.3060600"><ele>208.1</ele></trkpt><trkpt lat="48.0575900" lon="7.3060600"><ele>207.7</ele></trkpt><trkpt lat="48.0575500" lon="7.3060600"><ele>207.3</ele></trkpt><trkpt lat="48.0574800" lon="7.3060500"><ele>207.0</ele></trkpt><trkpt lat="48.0569600" lon="7.3059700"><ele>206.8</ele></trkpt><trkpt lat="48.0568400" lon="7.3059500"><ele>206.6</ele></trkpt><trkpt lat="48.0566400" lon="7.3059200"><ele>206.5</ele></trkpt><trkpt lat="48.0565900" lon="7.3059100"><ele>206.5</ele></trkpt><trkpt lat="48.0565400" lon="7.3059000"><ele>206.5</ele></trkpt><trkpt lat="48.0565000" lon="7.3058800"><ele>206.6</ele></trkpt><trkpt lat="48.0564700" lon="7.3058700"><ele>206.5</ele></trkpt><trkpt lat="48.0564300" lon="7.3058600"><ele>206.2</ele></trkpt><trkpt lat="48.0561700" lon="7.3058100"><ele>205.9</ele></trkpt><trkpt lat="48.0554900" lon="7.3057000"><ele>205.8</ele></trkpt><trkpt lat="48.0554400" lon="7.3056900"><ele>205.7</ele></trkpt><trkpt lat="48.0554000" lon="7.3056800"><ele>205.7</ele></trkpt><trkpt lat="48.0553400" lon="7.3056900"><ele>205.9</ele></trkpt><trkpt lat="48.0550800" lon="7.3057200"><ele>206.3</ele></trkpt><trkpt lat="48.0550200" lon="7.3057300"><ele>206.3</ele></trkpt><trkpt lat="48.0549800" lon="7.3057300"><ele>206.4</ele></trkpt><trkpt lat="48.0549600" lon="7.3057300"><ele>206.4</ele></trkpt><trkpt lat="48.0548900" lon="7.3057100"><ele>206.5</ele></trkpt><trkpt lat="48.0548300" lon="7.3056800"><ele>206.4</ele></trkpt><trkpt lat="48.0548000" lon="7.3056700"><ele>206.4</ele></trkpt><trkpt lat="48.0548200" lon="7.3055200"><ele>206.4</ele></trkpt><trkpt lat="48.0548200" lon="7.3054900"><ele>206.5</ele></trkpt><trkpt lat="48.0549100" lon="7.3047500"><ele>206.5</ele></trkpt><trkpt lat="48.0548800" lon="7.3047400"><ele>206.7</ele></trkpt><trkpt lat="48.0548500" lon="7.3047400"><ele>206.5</ele></trkpt><trkpt lat="48.0544300" lon="7.3046500"><ele>206.3</ele></trkpt><trkpt lat="48.0541800" lon="7.3046000"><ele>206.1</ele></trkpt><trkpt lat="48.0539000" lon="7.3045600"><ele>206.2</ele></trkpt><trkpt lat="48.0535900" lon="7.3045300"><ele>206.2</ele></trkpt><trkpt lat="48.0534000" lon="7.3045200"><ele>206.5</ele></trkpt><trkpt lat="48.0532900" lon="7.3045200"><ele>207.2</ele></trkpt><trkpt lat="48.0532300" lon="7.3045400"><ele>207.4</ele></trkpt><trkpt lat="48.0531800" lon="7.3045700"><ele>208.0</ele></trkpt><trkpt lat="48.0531400" lon="7.3046100"><ele>208.5</ele></trkpt><trkpt lat="48.0526300" lon="7.3054400"><ele>208.4</ele></trkpt><trkpt lat="48.0524900" lon="7.3058100"><ele>208.6</ele></trkpt><trkpt lat="48.0524400" lon="7.3059200"><ele>209.3</ele></trkpt><trkpt lat="48.0523600" lon="7.3060800"><ele>208.6</ele></trkpt><trkpt lat="48.0522900" lon="7.3061700"><ele>209.0</ele></trkpt><trkpt lat="48.0521800" lon="7.3063000"><ele>210.7</ele></trkpt><trkpt lat="48.0520800" lon="7.3064100"><ele>210.9</ele></trkpt><trkpt lat="48.0517900" lon="7.3066700"><ele>210.7</ele></trkpt><trkpt lat="48.0515100" lon="7.3068900"><ele>211.1</ele></trkpt><trkpt lat="48.0512800" lon="7.3070100"><ele>210.2</ele></trkpt><trkpt lat="48.0511100" lon="7.3070800"><ele>208.4</ele></trkpt><trkpt lat="48.0509600" lon="7.3071300"><ele>207.3</ele></trkpt><trkpt lat="48.0508400" lon="7.3071700"><ele>206.2</ele></trkpt><trkpt lat="48.0506800" lon="7.3071900"><ele>205.0</ele></trkpt><trkpt lat="48.0504100" lon="7.3072600"><ele>203.9</ele></trkpt><trkpt lat="48.0502800" lon="7.3072900"><ele>203.3</ele></trkpt><trkpt lat="48.0501800" lon="7.3073000"><ele>202.6</ele></trkpt><trkpt lat="48.0501000" lon="7.3073000"><ele>202.2</ele></trkpt><trkpt lat="48.0498600" lon="7.3072700"><ele>201.8</ele></trkpt><trkpt lat="48.0497200" lon="7.3072400"><ele>201.7</ele></trkpt><trkpt lat="48.0493900" lon="7.3071400"><ele>201.5</ele></trkpt><trkpt lat="48.0491300" lon="7.3070700"><ele>201.5</ele></trkpt><trkpt lat="48.0489600" lon="7.3070100"><ele>201.5</ele></trkpt><trkpt lat="48.0488200" lon="7.3069700"><ele>201.7</ele></trkpt><trkpt lat="48.0486100" lon="7.3069300"><ele>201.8</ele></trkpt><trkpt lat="48.0484700" lon="7.3069100"><ele>201.8</ele></trkpt><trkpt lat="48.0483500" lon="7.3069000"><ele>201.8</ele></trkpt><trkpt lat="48.0482000" lon="7.3068800"><ele>201.8</ele></trkpt><trkpt lat="48.0481200" lon="7.3068800"><ele>201.9</ele></trkpt><trkpt lat="48.0480500" lon="7.3068800"><ele>202.0</ele></trkpt><trkpt lat="48.0479600" lon="7.3068900"><ele>202.1</ele></trkpt><trkpt lat="48.0479000" lon="7.3069100"><ele>202.3</ele></trkpt><trkpt lat="48.0478200" lon="7.3069300"><ele>202.6</ele></trkpt><trkpt lat="48.0476800" lon="7.3069600"><ele>202.6</ele></trkpt><trkpt lat="48.0472800" lon="7.3070700"><ele>202.7</ele></trkpt><trkpt lat="48.0471400" lon="7.3071000"><ele>202.5</ele></trkpt><trkpt lat="48.0470100" lon="7.3071200"><ele>202.2</ele></trkpt><trkpt lat="48.0469500" lon="7.3071300"><ele>202.0</ele></trkpt><trkpt lat="48.0468900" lon="7.3071300"><ele>202.0</ele></trkpt><trkpt lat="48.0467300" lon="7.3071500"><ele>202.2</ele></trkpt><trkpt lat="48.0463500" lon="7.3071700"><ele>202.4</ele></trkpt><trkpt lat="48.0463000" lon="7.3071900"><ele>202.7</ele></trkpt><trkpt lat="48.0462600" lon="7.3072200"><ele>202.8</ele></trkpt><trkpt lat="48.0462300" lon="7.3072800"><ele>202.8</ele></trkpt><trkpt lat="48.0462600" lon="7.3074400"><ele>202.5</ele></trkpt><trkpt lat="48.0462500" lon="7.3077300"><ele>202.1</ele></trkpt><trkpt lat="48.0461800" lon="7.3084100"><ele>201.6</ele></trkpt><trkpt lat="48.0460200" lon="7.3092900"><ele>201.4</ele></trkpt><trkpt lat="48.0460100" lon="7.3093500"><ele>201.1</ele></trkpt><trkpt lat="48.0460000" lon="7.3094100"><ele>201.4</ele></trkpt><trkpt lat="48.0459900" lon="7.3094800"><ele>201.7</ele></trkpt><trkpt lat="48.0459700" lon="7.3095700"><ele>201.9</ele></trkpt><trkpt lat="48.0459200" lon="7.3098600"><ele>202.2</ele></trkpt><trkpt lat="48.0459100" lon="7.3099100"><ele>201.9</ele></trkpt><trkpt lat="48.0459100" lon="7.3100000"><ele>201.5</ele></trkpt><trkpt lat="48.0459100" lon="7.3100900"><ele>201.3</ele></trkpt><trkpt lat="48.0459200" lon="7.3101300"><ele>201.0</ele></trkpt><trkpt lat="48.0459200" lon="7.3101700"><ele>200.8</ele></trkpt><trkpt lat="48.0458800" lon="7.3101900"><ele>201.1</ele></trkpt><trkpt lat="48.0458400" lon="7.3102300"><ele>201.4</ele></trkpt><trkpt lat="48.0457900" lon="7.3102900"><ele>201.6</ele></trkpt><trkpt lat="48.0457400" lon="7.3103700"><ele>201.6</ele></trkpt><trkpt lat="48.0456300" lon="7.3104200"><ele>201.4</ele></trkpt><trkpt lat="48.0455400" lon="7.3104400"><ele>201.2</ele></trkpt><trkpt lat="48.0452700" lon="7.3105300"><ele>201.0</ele></trkpt><trkpt lat="48.0451400" lon="7.3105800"><ele>201.0</ele></trkpt><trkpt lat="48.0450400" lon="7.3106200"><ele>201.0</ele></trkpt><trkpt lat="48.0449600" lon="7.3106700"><ele>201.1</ele></trkpt><trkpt lat="48.0448200" lon="7.3107600"><ele>201.0</ele></trkpt><trkpt lat="48.0447000" lon="7.3108600"><ele>200.9</ele></trkpt><trkpt lat="48.0445900" lon="7.3109500"><ele>200.8</ele></trkpt><trkpt lat="48.0444100" lon="7.3111200"><ele>200.6</ele></trkpt><trkpt lat="48.0442700" lon="7.3112500"><ele>200.5</ele></trkpt><trkpt lat="48.0439600" lon="7.3115300"><ele>200.3</ele></trkpt><trkpt lat="48.0439200" lon="7.3115800"><ele>200.1</ele></trkpt><trkpt lat="48.0438100" lon="7.3117300"><ele>199.9</ele></trkpt><trkpt lat="48.0437500" lon="7.3118000"><ele>199.8</ele></trkpt><trkpt lat="48.0437300" lon="7.3118300"><ele>199.7</ele></trkpt><trkpt lat="48.0436600" lon="7.3118900"><ele>199.8</ele></trkpt><trkpt lat="48.0436100" lon="7.3119200"><ele>199.9</ele></trkpt><trkpt lat="48.0436200" lon="7.3119800"><ele>199.8</ele></trkpt><trkpt lat="48.0436200" lon="7.3120200"><ele>199.6</ele></trkpt><trkpt lat="48.0436100" lon="7.3121100"><ele>199.4</ele></trkpt><trkpt lat="48.0436100" lon="7.3121500"><ele>199.2</ele></trkpt><trkpt lat="48.0436000" lon="7.3122200"><ele>199.0</ele></trkpt><trkpt lat="48.0435600" lon="7.3124100"><ele>198.7</ele></trkpt><trkpt lat="48.0435400" lon="7.3124700"><ele>198.6</ele></trkpt><trkpt lat="48.0435200" lon="7.3125200"><ele>198.5</ele></trkpt><trkpt lat="48.0435100" lon="7.3125600"><ele>198.4</ele></trkpt><trkpt lat="48.0434800" lon="7.3126700"><ele>198.3</ele></trkpt><trkpt lat="48.0434700" lon="7.3127000"><ele>198.2</ele></trkpt><trkpt lat="48.0434300" lon="7.3128200"><ele>198.0</ele></trkpt><trkpt lat="48.0434200" lon="7.3129300"><ele>197.9</ele></trkpt><trkpt lat="48.0434300" lon="7.3130600"><ele>197.9</ele></trkpt><trkpt lat="48.0434300" lon="7.3131000"><ele>197.9</ele></trkpt><trkpt lat="48.0434700" lon="7.3134200"><ele>197.8</ele></trkpt><trkpt lat="48.0434800" lon="7.3135100"><ele>197.9</ele></trkpt><trkpt lat="48.0434700" lon="7.3136100"><ele>197.6</ele></trkpt><trkpt lat="48.0434300" lon="7.3140900"><ele>197.2</ele></trkpt><trkpt lat="48.0433200" lon="7.3149900"><ele>196.6</ele></trkpt><trkpt lat="48.0432300" lon="7.3155100"><ele>195.9</ele></trkpt><trkpt lat="48.0431900" lon="7.3157700"><ele>195.0</ele></trkpt><trkpt lat="48.0429000" lon="7.3168600"><ele>194.3</ele></trkpt><trkpt lat="48.0425500" lon="7.3193400"><ele>193.8</ele></trkpt><trkpt lat="48.0423300" lon="7.3206700"><ele>193.6</ele></trkpt><trkpt lat="48.0421600" lon="7.3219100"><ele>193.6</ele></trkpt><trkpt lat="48.0421200" lon="7.3220300"><ele>193.8</ele></trkpt><trkpt lat="48.0408200" lon="7.3214300"><ele>194.0</ele></trkpt><trkpt lat="48.0407700" lon="7.3213600"><ele>193.9</ele></trkpt><trkpt lat="48.0407800" lon="7.3212500"><ele>193.7</ele></trkpt><trkpt lat="48.0408000" lon="7.3208300"><ele>193.3</ele></trkpt><trkpt lat="48.0407700" lon="7.3206300"><ele>193.1</ele></trkpt><trkpt lat="48.0407200" lon="7.3205300"><ele>193.2</ele></trkpt><trkpt lat="48.0406700" lon="7.3204300"><ele>193.2</ele></trkpt><trkpt lat="48.0406400" lon="7.3204000"><ele>193.3</ele></trkpt><trkpt lat="48.0406600" lon="7.3203300"><ele>193.5</ele></trkpt><trkpt lat="48.0406600" lon="7.3203000"><ele>193.5</ele></trkpt><trkpt lat="48.0406600" lon="7.3202800"><ele>193.4</ele></trkpt><trkpt lat="48.0405800" lon="7.3201600"><ele>193.4</ele></trkpt><trkpt lat="48.0405300" lon="7.3200500"><ele>193.4</ele></trkpt><trkpt lat="48.0405100" lon="7.3200200"><ele>193.2</ele></trkpt><trkpt lat="48.0404500" lon="7.3200100"><ele>193.1</ele></trkpt><trkpt lat="48.0404100" lon="7.3200200"><ele>193.2</ele></trkpt><trkpt lat="48.0403900" lon="7.3200600"><ele>193.3</ele></trkpt><trkpt lat="48.0403500" lon="7.3201000"><ele>193.3</ele></trkpt><trkpt lat="48.0403200" lon="7.3201100"><ele>193.3</ele></trkpt><trkpt lat="48.0401700" lon="7.3200700"><ele>193.3</ele></trkpt><trkpt lat="48.0400400" lon="7.3200300"><ele>193.2</ele></trkpt><trkpt lat="48.0399700" lon="7.3200400"><ele>193.2</ele></trkpt><trkpt lat="48.0399200" lon="7.3200700"><ele>193.2</ele></trkpt><trkpt lat="48.0396800" lon="7.3203200"><ele>193.2</ele></trkpt><trkpt lat="48.0396300" lon="7.3203500"><ele>193.3</ele></trkpt><trkpt lat="48.0395700" lon="7.3203600"><ele>193.4</ele></trkpt><trkpt lat="48.0395100" lon="7.3203700"><ele>193.3</ele></trkpt><trkpt lat="48.0393900" lon="7.3203300"><ele>193.1</ele></trkpt><trkpt lat="48.0391800" lon="7.3202300"><ele>193.3</ele></trkpt><trkpt lat="48.0391100" lon="7.3202400"><ele>193.2</ele></trkpt><trkpt lat="48.0390700" lon="7.3202500"><ele>193.1</ele></trkpt><trkpt lat="48.0390200" lon="7.3202800"><ele>193.0</ele></trkpt><trkpt lat="48.0389900" lon="7.3203000"><ele>192.9</ele></trkpt><trkpt lat="48.0389700" lon="7.3203500"><ele>192.8</ele></trkpt><trkpt lat="48.0389200" lon="7.3204500"><ele>192.9</ele></trkpt><trkpt lat="48.0388900" lon="7.3204900"><ele>193.0</ele></trkpt><trkpt lat="48.0388500" lon="7.3205100"><ele>193.2</ele></trkpt><trkpt lat="48.0387900" lon="7.3205200"><ele>193.3</ele></trkpt><trkpt lat="48.0387400" lon="7.3205100"><ele>193.7</ele></trkpt><trkpt lat="48.0377800" lon="7.3199700"><ele>194.0</ele></trkpt><trkpt lat="48.0350800" lon="7.3184300"><ele>194.6</ele></trkpt><trkpt lat="48.0337900" lon="7.3176800"><ele>195.0</ele></trkpt><trkpt lat="48.0325700" lon="7.3169400"><ele>195.6</ele></trkpt><trkpt lat="48.0318700" lon="7.3165200"><ele>195.9</ele></trkpt><trkpt lat="48.0312800" lon="7.3161400"><ele>196.3</ele></trkpt><trkpt lat="48.0307600" lon="7.3157700"><ele>196.3</ele></trkpt><trkpt lat="48.0306400" lon="7.3157000"><ele>196.5</ele></trkpt><trkpt lat="48.0305400" lon="7.3156100"><ele>196.6</ele></trkpt><trkpt lat="48.0295700" lon="7.3146900"><ele>196.7</ele></trkpt><trkpt lat="48.0295400" lon="7.3146500"><ele>196.9</ele></trkpt><trkpt lat="48.0295100" lon="7.3145800"><ele>197.0</ele></trkpt><trkpt lat="48.0295200" lon="7.3145200"><ele>197.1</ele></trkpt><trkpt lat="48.0295400" lon="7.3144600"><ele>197.1</ele></trkpt><trkpt lat="48.0295700" lon="7.3144000"><ele>197.0</ele></trkpt><trkpt lat="48.0297800" lon="7.3142100"><ele>196.9</ele></trkpt><trkpt lat="48.0298200" lon="7.3141900"><ele>196.6</ele></trkpt><trkpt lat="48.0298600" lon="7.3141800"><ele>196.3</ele></trkpt><trkpt lat="48.0299100" lon="7.3141700"><ele>196.0</ele></trkpt><trkpt lat="48.0299400" lon="7.3141400"><ele>195.6</ele></trkpt><trkpt lat="48.0299600" lon="7.3140800"><ele>195.3</ele></trkpt><trkpt lat="48.0299700" lon="7.3140000"><ele>195.3</ele></trkpt><trkpt lat="48.0299900" lon="7.3139400"><ele>195.3</ele></trkpt><trkpt lat="48.0300200" lon="7.3139000"><ele>195.4</ele></trkpt><trkpt lat="48.0300800" lon="7.3138300"><ele>195.6</ele></trkpt><trkpt lat="48.0306200" lon="7.3131400"><ele>195.9</ele></trkpt><trkpt lat="48.0306600" lon="7.3131100"><ele>196.2</ele></trkpt><trkpt lat="48.0307100" lon="7.3130800"><ele>196.5</ele></trkpt><trkpt lat="48.0307400" lon="7.3130300"><ele>196.6</ele></trkpt><trkpt lat="48.0307500" lon="7.3129800"><ele>196.6</ele></trkpt><trkpt lat="48.0307300" lon="7.3129200"><ele>196.6</ele></trkpt><trkpt lat="48.0307100" lon="7.3128900"><ele>196.5</ele></trkpt><trkpt lat="48.0306900" lon="7.3128600"><ele>196.4</ele></trkpt><trkpt lat="48.0306600" lon="7.3128200"><ele>196.4</ele></trkpt><trkpt lat="48.0306300" lon="7.3128000"><ele>196.3</ele></trkpt><trkpt lat="48.0306100" lon="7.3127900"><ele>196.3</ele></trkpt><trkpt lat="48.0305800" lon="7.3127900"><ele>196.2</ele></trkpt><trkpt lat="48.0305500" lon="7.3128100"><ele>196.2</ele></trkpt><trkpt lat="48.0305200" lon="7.3128400"><ele>196.2</ele></trkpt><trkpt lat="48.0305100" lon="7.3129100"><ele>196.1</ele></trkpt><trkpt lat="48.0305000" lon="7.3129700"><ele>196.1</ele></trkpt><trkpt lat="48.0304800" lon="7.3130200"><ele>196.0</ele></trkpt><trkpt lat="48.0304500" lon="7.3130800"><ele>196.0</ele></trkpt><trkpt lat="48.0302800" lon="7.3132900"><ele>195.8</ele></trkpt><trkpt lat="48.0302400" lon="7.3133200"><ele>195.7</ele></trkpt><trkpt lat="48.0301800" lon="7.3133400"><ele>195.7</ele></trkpt><trkpt lat="48.0301500" lon="7.3133500"><ele>195.8</ele></trkpt><trkpt lat="48.0300800" lon="7.3133500"><ele>195.9</ele></trkpt><trkpt lat="48.0300500" lon="7.3133400"><ele>196.0</ele></trkpt><trkpt lat="48.0300100" lon="7.3133200"><ele>196.0</ele></trkpt><trkpt lat="48.0299700" lon="7.3132900"><ele>196.1</ele></trkpt><trkpt lat="48.0299200" lon="7.3132300"><ele>196.1</ele></trkpt><trkpt lat="48.0298200" lon="7.3130900"><ele>196.2</ele></trkpt><trkpt lat="48.0297500" lon="7.3130000"><ele>196.3</ele></trkpt><trkpt lat="48.0296800" lon="7.3129500"><ele>196.4</ele></trkpt><trkpt lat="48.0296200" lon="7.3129200"><ele>196.5</ele></trkpt><trkpt lat="48.0295200" lon="7.3128900"><ele>196.7</ele></trkpt><trkpt lat="48.0292600" lon="7.3128600"><ele>196.7</ele></trkpt><trkpt lat="48.0290900" lon="7.3128700"><ele>196.8</ele></trkpt><trkpt lat="48.0290100" lon="7.3128900"><ele>196.7</ele></trkpt><trkpt lat="48.0289300" lon="7.3129200"><ele>197.2</ele></trkpt><trkpt lat="48.0288600" lon="7.3129600"><ele>197.3</ele></trkpt><trkpt lat="48.0287800" lon="7.3130400"><ele>197.7</ele></trkpt><trkpt lat="48.0286000" lon="7.3132500"><ele>198.0</ele></trkpt><trkpt lat="48.0285100" lon="7.3133400"><ele>198.4</ele></trkpt><trkpt lat="48.0284500" lon="7.3133800"><ele>198.4</ele></trkpt><trkpt lat="48.0284000" lon="7.3133900"><ele>198.6</ele></trkpt><trkpt lat="48.0283600" lon="7.3134000"><ele>198.7</ele></trkpt><trkpt lat="48.0283200" lon="7.3133900"><ele>198.6</ele></trkpt><trkpt lat="48.0282500" lon="7.3133600"><ele>198.1</ele></trkpt><trkpt lat="48.0281100" lon="7.3132500"><ele>197.7</ele></trkpt><trkpt lat="48.0280200" lon="7.3131900"><ele>198.5</ele></trkpt><trkpt lat="48.0279200" lon="7.3131300"><ele>199.2</ele></trkpt><trkpt lat="48.0274000" lon="7.3129100"><ele>200.3</ele></trkpt><trkpt lat="48.0273500" lon="7.3128800"><ele>201.8</ele></trkpt><trkpt lat="48.0272200" lon="7.3127700"><ele>204.0</ele></trkpt><trkpt lat="48.0269100" lon="7.3124700"><ele>205.1</ele></trkpt><trkpt lat="48.0263700" lon="7.3119200"><ele>206.9</ele></trkpt><trkpt lat="48.0262100" lon="7.3117700"><ele>208.4</ele></trkpt><trkpt lat="48.0260800" lon="7.3116600"><ele>210.3</ele></trkpt><trkpt lat="48.0259800" lon="7.3116000"><ele>211.8</ele></trkpt><trkpt lat="48.0258400" lon="7.3115300"><ele>212.7</ele></trkpt><trkpt lat="48.0256500" lon="7.3114500"><ele>213.7</ele></trkpt><trkpt lat="48.0254600" lon="7.3114100"><ele>214.7</ele></trkpt><trkpt lat="48.0253600" lon="7.3114100"><ele>215.9</ele></trkpt><trkpt lat="48.0252600" lon="7.3114200"><ele>217.3</ele></trkpt><trkpt lat="48.0250400" lon="7.3114500"><ele>218.6</ele></trkpt><trkpt lat="48.0247800" lon="7.3115000"><ele>220.0</ele></trkpt><trkpt lat="48.0246400" lon="7.3115400"><ele>221.2</ele></trkpt><trkpt lat="48.0244100" lon="7.3116200"><ele>222.1</ele></trkpt><trkpt lat="48.0241300" lon="7.3117300"><ele>222.3</ele></trkpt><trkpt lat="48.0239600" lon="7.3117700"><ele>223.8</ele></trkpt><trkpt lat="48.0237800" lon="7.3117900"><ele>224.9</ele></trkpt><trkpt lat="48.0233700" lon="7.3118100"><ele>227.2</ele></trkpt><trkpt lat="48.0231600" lon="7.3118200"><ele>229.0</ele></trkpt><trkpt lat="48.0225800" lon="7.3118400"><ele>231.2</ele></trkpt><trkpt lat="48.0224100" lon="7.3118400"><ele>232.6</ele></trkpt><trkpt lat="48.0222900" lon="7.3118300"><ele>233.9</ele></trkpt><trkpt lat="48.0221800" lon="7.3118100"><ele>235.2</ele></trkpt><trkpt lat="48.0220400" lon="7.3117700"><ele>236.3</ele></trkpt><trkpt lat="48.0214700" lon="7.3116000"><ele>236.9</ele></trkpt><trkpt lat="48.0212400" lon="7.3115300"><ele>237.0</ele></trkpt><trkpt lat="48.0210800" lon="7.3115000"><ele>236.8</ele></trkpt><trkpt lat="48.0207700" lon="7.3114600"><ele>235.8</ele></trkpt><trkpt lat="48.0206800" lon="7.3114600"><ele>234.3</ele></trkpt><trkpt lat="48.0206100" lon="7.3114600"><ele>233.1</ele></trkpt><trkpt lat="48.0203400" lon="7.3114300"><ele>231.7</ele></trkpt><trkpt lat="48.0201500" lon="7.3113900"><ele>229.9</ele></trkpt><trkpt lat="48.0199700" lon="7.3113200"><ele>227.9</ele></trkpt><trkpt lat="48.0196800" lon="7.3112000"><ele>226.3</ele></trkpt><trkpt lat="48.0194600" lon="7.3111100"><ele>224.7</ele></trkpt><trkpt lat="48.0194000" lon="7.3110900"><ele>223.3</ele></trkpt><trkpt lat="48.0193700" lon="7.3110900"><ele>222.5</ele></trkpt><trkpt lat="48.0192800" lon="7.3110000"><ele>221.9</ele></trkpt><trkpt lat="48.0192000" lon="7.3109000"><ele>220.9</ele></trkpt><trkpt lat="48.0191000" lon="7.3108000"><ele>219.7</ele></trkpt><trkpt lat="48.0182700" lon="7.3099800"><ele>218.7</ele></trkpt><trkpt lat="48.0176400" lon="7.3093800"><ele>217.6</ele></trkpt><trkpt lat="48.0168100" lon="7.3085600"><ele>216.6</ele></trkpt><trkpt lat="48.0167700" lon="7.3085400"><ele>216.2</ele></trkpt><trkpt lat="48.0167100" lon="7.3084900"><ele>215.9</ele></trkpt><trkpt lat="48.0166700" lon="7.3084700"><ele>216.1</ele></trkpt><trkpt lat="48.0166300" lon="7.3084400"><ele>216.3</ele></trkpt><trkpt lat="48.0164800" lon="7.3083500"><ele>215.9</ele></trkpt><trkpt lat="48.0162300" lon="7.3081000"><ele>215.8</ele></trkpt><trkpt lat="48.0159900" lon="7.3079700"><ele>215.4</ele></trkpt><trkpt lat="48.0148300" lon="7.3076600"><ele>214.6</ele></trkpt><trkpt lat="48.0139300" lon="7.3072700"><ele>213.7</ele></trkpt><trkpt lat="48.0137200" lon="7.3071900"><ele>213.1</ele></trkpt><trkpt lat="48.0135700" lon="7.3071200"><ele>211.8</ele></trkpt><trkpt lat="48.0134300" lon="7.3070300"><ele>210.9</ele></trkpt><trkpt lat="48.0127700" lon="7.3065900"><ele>209.7</ele></trkpt><trkpt lat="48.0126700" lon="7.3065200"><ele>208.8</ele></trkpt><trkpt lat="48.0125900" lon="7.3064200"><ele>208.0</ele></trkpt><trkpt lat="48.0125200" lon="7.3063000"><ele>207.5</ele></trkpt><trkpt lat="48.0124600" lon="7.3061500"><ele>206.7</ele></trkpt><trkpt lat="48.0120800" lon="7.3050600"><ele>206.0</ele></trkpt><trkpt lat="48.0118700" lon="7.3045300"><ele>205.5</ele></trkpt><trkpt lat="48.0116900" lon="7.3040500"><ele>204.6</ele></trkpt><trkpt lat="48.0116300" lon="7.3039000"><ele>204.2</ele></trkpt><trkpt lat="48.0115800" lon="7.3037300"><ele>203.9</ele></trkpt><trkpt lat="48.0114200" lon="7.3025600"><ele>203.7</ele></trkpt><trkpt lat="48.0114200" lon="7.3025400"><ele>203.4</ele></trkpt><trkpt lat="48.0114100" lon="7.3020600"><ele>203.5</ele></trkpt><trkpt lat="48.0113900" lon="7.3019200"><ele>203.5</ele></trkpt><trkpt lat="48.0113100" lon="7.3015800"><ele>203.3</ele></trkpt><trkpt lat="48.0112800" lon="7.3014200"><ele>203.5</ele></trkpt><trkpt lat="48.0112500" lon="7.3010400"><ele>203.3</ele></trkpt><trkpt lat="48.0112200" lon="7.3008500"><ele>203.2</ele></trkpt><trkpt lat="48.0111800" lon="7.3007400"><ele>202.7</ele></trkpt><trkpt lat="48.0111100" lon="7.3006500"><ele>202.5</ele></trkpt><trkpt lat="48.0109100" lon="7.3005000"><ele>202.0</ele></trkpt><trkpt lat="48.0108500" lon="7.3004200"><ele>201.9</ele></trkpt><trkpt lat="48.0108100" lon="7.3003100"><ele>201.7</ele></trkpt><trkpt lat="48.0107300" lon="7.3000400"><ele>201.8</ele></trkpt><trkpt lat="48.0106900" lon="7.2999600"><ele>201.9</ele></trkpt><trkpt lat="48.0106400" lon="7.2999200"><ele>201.8</ele></trkpt><trkpt lat="48.0104800" lon="7.2998300"><ele>201.3</ele></trkpt><trkpt lat="48.0103300" lon="7.2996800"><ele>201.0</ele></trkpt><trkpt lat="48.0102600" lon="7.2995600"><ele>200.8</ele></trkpt><trkpt lat="48.0102100" lon="7.2993700"><ele>200.8</ele></trkpt><trkpt lat="48.0101200" lon="7.2989000"><ele>201.0</ele></trkpt><trkpt lat="48.0100500" lon="7.2985600"><ele>201.0</ele></trkpt><trkpt lat="48.0100300" lon="7.2984900"><ele>200.9</ele></trkpt><trkpt lat="48.0095600" lon="7.2967600"><ele>200.7</ele></trkpt><trkpt lat="48.0094600" lon="7.2964900"><ele>200.7</ele></trkpt><trkpt lat="48.0093300" lon="7.2962700"><ele>200.3</ele></trkpt><trkpt lat="48.0089400" lon="7.2958300"><ele>200.2</ele></trkpt><trkpt lat="48.0087300" lon="7.2956400"><ele>200.2</ele></trkpt><trkpt lat="48.0086000" lon="7.2956000"><ele>200.2</ele></trkpt><trkpt lat="48.0084200" lon="7.2956100"><ele>199.7</ele></trkpt><trkpt lat="48.0080400" lon="7.2956700"><ele>199.8</ele></trkpt><trkpt lat="48.0078500" lon="7.2957100"><ele>200.0</ele></trkpt><trkpt lat="48.0078000" lon="7.2957200"><ele>200.2</ele></trkpt><trkpt lat="48.0075300" lon="7.2957700"><ele>200.2</ele></trkpt><trkpt lat="48.0065700" lon="7.2959700"><ele>200.2</ele></trkpt><trkpt lat="48.0062000" lon="7.2960000"><ele>200.2</ele></trkpt><trkpt lat="48.0059600" lon="7.2959500"><ele>200.1</ele></trkpt><trkpt lat="48.0059500" lon="7.2959000"><ele>199.9</ele></trkpt><trkpt lat="48.0059300" lon="7.2958600"><ele>199.9</ele></trkpt><trkpt lat="48.0059100" lon="7.2958200"><ele>199.9</ele></trkpt><trkpt lat="48.0058600" lon="7.2957900"><ele>199.8</ele></trkpt><trkpt lat="48.0058100" lon="7.2957800"><ele>199.8</ele></trkpt><trkpt lat="48.0057700" lon="7.2957900"><ele>199.9</ele></trkpt><trkpt lat="48.0057300" lon="7.2958300"><ele>199.8</ele></trkpt><trkpt lat="48.0057000" lon="7.2958700"><ele>199.8</ele></trkpt><trkpt lat="48.0056800" lon="7.2959400"><ele>199.6</ele></trkpt><trkpt lat="48.0055100" lon="7.2960500"><ele>199.3</ele></trkpt><trkpt lat="48.0049600" lon="7.2961000"><ele>199.4</ele></trkpt><trkpt lat="48.0046100" lon="7.2960000"><ele>199.5</ele></trkpt><trkpt lat="48.0040200" lon="7.2957500"><ele>199.5</ele></trkpt><trkpt lat="48.0040000" lon="7.2956500"><ele>199.9</ele></trkpt><trkpt lat="48.0039300" lon="7.2955700"><ele>200.1</ele></trkpt><trkpt lat="48.0037200" lon="7.2954500"><ele>200.2</ele></trkpt><trkpt lat="48.0035900" lon="7.2953700"><ele>200.1</ele></trkpt><trkpt lat="48.0034700" lon="7.2952800"><ele>200.0</ele></trkpt><trkpt lat="48.0033100" lon="7.2951300"><ele>200.1</ele></trkpt><trkpt lat="48.0032100" lon="7.2950500"><ele>200.3</ele></trkpt><trkpt lat="48.0029500" lon="7.2948600"><ele>200.7</ele></trkpt><trkpt lat="48.0026300" lon="7.2946600"><ele>201.0</ele></trkpt><trkpt lat="48.0022200" lon="7.2944600"><ele>201.3</ele></trkpt><trkpt lat="48.0020700" lon="7.2944000"><ele>201.4</ele></trkpt><trkpt lat="48.0019400" lon="7.2943700"><ele>201.2</ele></trkpt><trkpt lat="48.0018100" lon="7.2943400"><ele>200.7</ele></trkpt><trkpt lat="48.0015800" lon="7.2943200"><ele>200.4</ele></trkpt><trkpt lat="48.0009900" lon="7.2943100"><ele>200.0</ele></trkpt><trkpt lat="48.0004800" lon="7.2942800"><ele>199.5</ele></trkpt><trkpt lat="48.0001800" lon="7.2942700"><ele>199.4</ele></trkpt><trkpt lat="47.9997700" lon="7.2942800"><ele>199.4</ele></trkpt><trkpt lat="47.9996300" lon="7.2942800"><ele>199.2</ele></trkpt><trkpt lat="47.9995000" lon="7.2942600"><ele>199.1</ele></trkpt><trkpt lat="47.9994200" lon="7.2942400"><ele>199.0</ele></trkpt><trkpt lat="47.9993300" lon="7.2941900"><ele>199.1</ele></trkpt><trkpt lat="47.9992400" lon="7.2941400"><ele>199.1</ele></trkpt><trkpt lat="47.9991400" lon="7.2941100"><ele>199.0</ele></trkpt><trkpt lat="47.9987900" lon="7.2941400"><ele>199.0</ele></trkpt><trkpt lat="47.9983400" lon="7.2940900"><ele>199.0</ele></trkpt><trkpt lat="47.9982000" lon="7.2940400"><ele>199.1</ele></trkpt><trkpt lat="47.9975200" lon="7.2939200"><ele>199.2</ele></trkpt><trkpt lat="47.9952300" lon="7.2935300"><ele>199.4</ele></trkpt><trkpt lat="47.9946000" lon="7.2934300"><ele>199.5</ele></trkpt><trkpt lat="47.9945100" lon="7.2934300"><ele>199.8</ele></trkpt><trkpt lat="47.9935600" lon="7.2934600"><ele>200.0</ele></trkpt><trkpt lat="47.9928200" lon="7.2934500"><ele>200.3</ele></trkpt><trkpt lat="47.9926700" lon="7.2935000"><ele>201.0</ele></trkpt><trkpt lat="47.9925500" lon="7.2935200"><ele>202.0</ele></trkpt><trkpt lat="47.9917800" lon="7.2935200"><ele>203.0</ele></trkpt><trkpt lat="47.9914600" lon="7.2935300"><ele>204.4</ele></trkpt><trkpt lat="47.9909200" lon="7.2935400"><ele>206.0</ele></trkpt><trkpt lat="47.9903000" lon="7.2935200"><ele>207.0</ele></trkpt><trkpt lat="47.9897200" lon="7.2934600"><ele>207.9</ele></trkpt><trkpt lat="47.9893700" lon="7.2934000"><ele>208.7</ele></trkpt><trkpt lat="47.9892000" lon="7.2933600"><ele>209.7</ele></trkpt><trkpt lat="47.9890500" lon="7.2933000"><ele>210.0</ele></trkpt><trkpt lat="47.9889700" lon="7.2932600"><ele>210.3</ele></trkpt><trkpt lat="47.9889000" lon="7.2932100"><ele>211.0</ele></trkpt><trkpt lat="47.9888000" lon="7.2931200"><ele>211.4</ele></trkpt><trkpt lat="47.9887400" lon="7.2928100"><ele>211.3</ele></trkpt><trkpt lat="47.9885800" lon="7.2920000"><ele>211.8</ele></trkpt><trkpt lat="47.9885200" lon="7.2917400"><ele>212.5</ele></trkpt><trkpt lat="47.9883800" lon="7.2911800"><ele>213.0</ele></trkpt><trkpt lat="47.9883200" lon="7.2909200"><ele>213.5</ele></trkpt><trkpt lat="47.9881300" lon="7.2910300"><ele>214.5</ele></trkpt><trkpt lat="47.9880200" lon="7.2911200"><ele>215.3</ele></trkpt><trkpt lat="47.9876600" lon="7.2911200"><ele>216.3</ele></trkpt><trkpt lat="47.9871800" lon="7.2911300"><ele>217.1</ele></trkpt><trkpt lat="47.9867000" lon="7.2911900"><ele>218.1</ele></trkpt><trkpt lat="47.9865600" lon="7.2912100"><ele>218.9</ele></trkpt><trkpt lat="47.9863200" lon="7.2912400"><ele>220.3</ele></trkpt><trkpt lat="47.9862000" lon="7.2912400"><ele>221.4</ele></trkpt><trkpt lat="47.9856200" lon="7.2912300"><ele>222.5</ele></trkpt><trkpt lat="47.9855700" lon="7.2912200"><ele>223.9</ele></trkpt><trkpt lat="47.9855400" lon="7.2912200"><ele>225.0</ele></trkpt><trkpt lat="47.9853700" lon="7.2912000"><ele>225.8</ele></trkpt><trkpt lat="47.9851300" lon="7.2912300"><ele>226.3</ele></trkpt><trkpt lat="47.9849700" lon="7.2912500"><ele>226.4</ele></trkpt><trkpt lat="47.9847800" lon="7.2912300"><ele>226.1</ele></trkpt><trkpt lat="47.9846800" lon="7.2912100"><ele>225.7</ele></trkpt><trkpt lat="47.9846400" lon="7.2911800"><ele>224.7</ele></trkpt><trkpt lat="47.9841600" lon="7.2910000"><ele>224.2</ele></trkpt><trkpt lat="47.9840200" lon="7.2909000"><ele>224.0</ele></trkpt><trkpt lat="47.9839900" lon="7.2908800"><ele>223.8</ele></trkpt><trkpt lat="47.9839400" lon="7.2908500"><ele>223.6</ele></trkpt><trkpt lat="47.9838700" lon="7.2908300"><ele>223.3</ele></trkpt><trkpt lat="47.9837400" lon="7.2908100"><ele>223.1</ele></trkpt><trkpt lat="47.9832600" lon="7.2907500"><ele>222.8</ele></trkpt><trkpt lat="47.9831500" lon="7.2907700"><ele>222.6</ele></trkpt><trkpt lat="47.9831000" lon="7.2907800"><ele>222.2</ele></trkpt><trkpt lat="47.9830100" lon="7.2907300"><ele>222.1</ele></trkpt><trkpt lat="47.9825200" lon="7.2906700"><ele>221.9</ele></trkpt><trkpt lat="47.9824100" lon="7.2906500"><ele>221.7</ele></trkpt><trkpt lat="47.9823700" lon="7.2906400"><ele>221.6</ele></trkpt><trkpt lat="47.9823100" lon="7.2913100"><ele>221.0</ele></trkpt><trkpt lat="47.9822500" lon="7.2913000"><ele>220.4</ele></trkpt><trkpt lat="47.9818000" lon="7.2913900"><ele>219.6</ele></trkpt><trkpt lat="47.9816900" lon="7.2914200"><ele>218.6</ele></trkpt><trkpt lat="47.9814400" lon="7.2915200"><ele>217.8</ele></trkpt><trkpt lat="47.9812000" lon="7.2916100"><ele>216.9</ele></trkpt><trkpt lat="47.9810700" lon="7.2916400"><ele>216.6</ele></trkpt><trkpt lat="47.9809900" lon="7.2916500"><ele>216.0</ele></trkpt><trkpt lat="47.9809100" lon="7.2916500"><ele>215.5</ele></trkpt><trkpt lat="47.9806900" lon="7.2915800"><ele>214.9</ele></trkpt><trkpt lat="47.9806900" lon="7.2915500"><ele>214.9</ele></trkpt><trkpt lat="47.9806900" lon="7.2915200"><ele>214.4</ele></trkpt><trkpt lat="47.9806700" lon="7.2914900"><ele>214.5</ele></trkpt><trkpt lat="47.9806600" lon="7.2914700"><ele>214.5</ele></trkpt><trkpt lat="47.9806400" lon="7.2914500"><ele>214.4</ele></trkpt><trkpt lat="47.9806200" lon="7.2914500"><ele>214.4</ele></trkpt><trkpt lat="47.9806000" lon="7.2914600"><ele>214.3</ele></trkpt><trkpt lat="47.9805800" lon="7.2914800"><ele>214.1</ele></trkpt><trkpt lat="47.9805600" lon="7.2915000"><ele>214.0</ele></trkpt><trkpt lat="47.9805600" lon="7.2915300"><ele>213.9</ele></trkpt><trkpt lat="47.9805600" lon="7.2915700"><ele>213.8</ele></trkpt><trkpt lat="47.9805600" lon="7.2915800"><ele>213.5</ele></trkpt><trkpt lat="47.9804800" lon="7.2916000"><ele>213.1</ele></trkpt><trkpt lat="47.9803900" lon="7.2915900"><ele>212.7</ele></trkpt><trkpt lat="47.9799800" lon="7.2915000"><ele>212.3</ele></trkpt><trkpt lat="47.9799500" lon="7.2915000"><ele>211.9</ele></trkpt><trkpt lat="47.9799200" lon="7.2914300"><ele>211.4</ele></trkpt><trkpt lat="47.9798700" lon="7.2913800"><ele>211.0</ele></trkpt><trkpt lat="47.9791500" lon="7.2912100"><ele>210.6</ele></trkpt><trkpt lat="47.9790400" lon="7.2912200"><ele>209.8</ele></trkpt><trkpt lat="47.9790000" lon="7.2912200"><ele>208.5</ele></trkpt><trkpt lat="47.9782700" lon="7.2913100"><ele>207.6</ele></trkpt><trkpt lat="47.9780600" lon="7.2933600"><ele>206.8</ele></trkpt><trkpt lat="47.9779900" lon="7.2941600"><ele>205.8</ele></trkpt><trkpt lat="47.9779900" lon="7.2943100"><ele>205.1</ele></trkpt><trkpt lat="47.9773600" lon="7.2944800"><ele>204.8</ele></trkpt><trkpt lat="47.9768700" lon="7.2946500"><ele>204.4</ele></trkpt><trkpt lat="47.9765300" lon="7.2948300"><ele>203.7</ele></trkpt><trkpt lat="47.9759400" lon="7.2952100"><ele>203.1</ele></trkpt><trkpt lat="47.9753500" lon="7.2957500"><ele>202.6</ele></trkpt><trkpt lat="47.9747300" lon="7.2964000"><ele>202.1</ele></trkpt><trkpt lat="47.9743600" lon="7.2968300"><ele>201.8</ele></trkpt><trkpt lat="47.9737100" lon="7.2976400"><ele>201.7</ele></trkpt><trkpt lat="47.9733900" lon="7.2980000"><ele>201.6</ele></trkpt><trkpt lat="47.9730000" lon="7.2984300"><ele>201.5</ele></trkpt><trkpt lat="47.9724600" lon="7.2989900"><ele>201.5</ele></trkpt><trkpt lat="47.9716600" lon="7.2997700"><ele>201.3</ele></trkpt><trkpt lat="47.9709500" lon="7.3004700"><ele>201.3</ele></trkpt><trkpt lat="47.9705200" lon="7.3009500"><ele>201.5</ele></trkpt><trkpt lat="47.9700600" lon="7.3014400"><ele>201.7</ele></trkpt><trkpt lat="47.9699100" lon="7.3015500"><ele>202.0</ele></trkpt><trkpt lat="47.9697700" lon="7.3016200"><ele>202.6</ele></trkpt><trkpt lat="47.9693500" lon="7.3017100"><ele>203.4</ele></trkpt><trkpt lat="47.9692000" lon="7.3017800"><ele>203.6</ele></trkpt><trkpt lat="47.9688700" lon="7.3020000"><ele>203.7</ele></trkpt><trkpt lat="47.9686500" lon="7.3021500"><ele>203.9</ele></trkpt><trkpt lat="47.9685700" lon="7.3021600"><ele>203.7</ele></trkpt><trkpt lat="47.9680900" lon="7.3021900"><ele>203.3</ele></trkpt><trkpt lat="47.9677900" lon="7.3022000"><ele>203.2</ele></trkpt><trkpt lat="47.9675800" lon="7.3021200"><ele>203.1</ele></trkpt><trkpt lat="47.9672500" lon="7.3019100"><ele>202.8</ele></trkpt><trkpt lat="47.9672300" lon="7.3019900"><ele>202.6</ele></trkpt><trkpt lat="47.9672000" lon="7.3020600"><ele>202.2</ele></trkpt><trkpt lat="47.9672000" lon="7.3020700"><ele>202.4</ele></trkpt><trkpt lat="47.9671900" lon="7.3021000"><ele>202.7</ele></trkpt><trkpt lat="47.9663500" lon="7.3013900"><ele>203.1</ele></trkpt><trkpt lat="47.9663100" lon="7.3013600"><ele>203.3</ele></trkpt><trkpt lat="47.9662700" lon="7.3013400"><ele>203.4</ele></trkpt><trkpt lat="47.9662200" lon="7.3013500"><ele>203.2</ele></trkpt><trkpt lat="47.9661700" lon="7.3013600"><ele>202.9</ele></trkpt><trkpt lat="47.9661200" lon="7.3013600"><ele>202.6</ele></trkpt><trkpt lat="47.9660900" lon="7.3013500"><ele>202.8</ele></trkpt><trkpt lat="47.9660500" lon="7.3013300"><ele>203.1</ele></trkpt><trkpt lat="47.9656000" lon="7.3009600"><ele>203.3</ele></trkpt><trkpt lat="47.9653600" lon="7.3007600"><ele>203.6</ele></trkpt><trkpt lat="47.9653300" lon="7.3007000"><ele>203.9</ele></trkpt><trkpt lat="47.9653200" lon="7.3005700"><ele>203.9</ele></trkpt><trkpt lat="47.9652900" lon="7.3005000"><ele>203.9</ele></trkpt><trkpt lat="47.9650500" lon="7.3003500"><ele>204.0</ele></trkpt><trkpt lat="47.9649700" lon="7.3003100"><ele>203.9</ele></trkpt><trkpt lat="47.9649300" lon="7.3002800"><ele>204.1</ele></trkpt><trkpt lat="47.9643400" lon="7.2998700"><ele>204.2</ele></trkpt><trkpt lat="47.9639600" lon="7.2996100"><ele>204.2</ele></trkpt><trkpt lat="47.9638700" lon="7.2995500"><ele>204.2</ele></trkpt><trkpt lat="47.9638200" lon="7.2995200"><ele>204.2</ele></trkpt><trkpt lat="47.9638000" lon="7.2995600"><ele>204.2</ele></trkpt><trkpt lat="47.9637600" lon="7.2995700"><ele>204.3</ele></trkpt><trkpt lat="47.9618700" lon="7.2987500"><ele>204.5</ele></trkpt><trkpt lat="47.9618200" lon="7.2987300"><ele>204.8</ele></trkpt><trkpt lat="47.9618700" lon="7.2984300"><ele>205.1</ele></trkpt><trkpt lat="47.9619000" lon="7.2983400"><ele>205.1</ele></trkpt><trkpt lat="47.9619100" lon="7.2982900"><ele>205.4</ele></trkpt><trkpt lat="47.9616400" lon="7.2981100"><ele>205.4</ele></trkpt><trkpt lat="47.9615000" lon="7.2980100"><ele>205.5</ele></trkpt><trkpt lat="47.9614700" lon="7.2980000"><ele>205.5</ele></trkpt><trkpt lat="47.9614200" lon="7.2980100"><ele>205.6</ele></trkpt><trkpt lat="47.9614000" lon="7.2980400"><ele>205.5</ele></trkpt><trkpt lat="47.9613900" lon="7.2980900"><ele>205.2</ele></trkpt><trkpt lat="47.9613600" lon="7.2982100"><ele>205.2</ele></trkpt><trkpt lat="47.9612500" lon="7.2987500"><ele>204.9</ele></trkpt><trkpt lat="47.9611800" lon="7.2991300"><ele>204.6</ele></trkpt><trkpt lat="47.9611500" lon="7.2992500"><ele>204.4</ele></trkpt><trkpt lat="47.9611500" lon="7.2992900"><ele>204.3</ele></trkpt><trkpt lat="47.9611200" lon="7.2994000"><ele>204.2</ele></trkpt><trkpt lat="47.9611000" lon="7.2994600"><ele>204.3</ele></trkpt><trkpt lat="47.9609800" lon="7.2997700"><ele>204.3</ele></trkpt><trkpt lat="47.9608400" lon="7.3000500"><ele>204.4</ele></trkpt><trkpt lat="47.9606000" lon="7.3004400"><ele>204.5</ele></trkpt><trkpt lat="47.9603800" lon="7.3007600"><ele>204.6</ele></trkpt><trkpt lat="47.9603600" lon="7.3008200"><ele>204.8</ele></trkpt><trkpt lat="47.9602800" lon="7.3008900"><ele>205.4</ele></trkpt><trkpt lat="47.9598200" lon="7.3012200"><ele>206.1</ele></trkpt><trkpt lat="47.9596700" lon="7.3013200"><ele>206.1</ele></trkpt><trkpt lat="47.9596100" lon="7.3013700"><ele>206.3</ele></trkpt><trkpt lat="47.9588800" lon="7.3017400"><ele>206.3</ele></trkpt><trkpt lat="47.9577200" lon="7.3023200"><ele>205.8</ele></trkpt><trkpt lat="47.9576400" lon="7.3023500"><ele>205.2</ele></trkpt><trkpt lat="47.9575700" lon="7.3023700"><ele>205.2</ele></trkpt><trkpt lat="47.9575400" lon="7.3023100"><ele>205.1</ele></trkpt><trkpt lat="47.9574200" lon="7.3019200"><ele>205.0</ele></trkpt><trkpt lat="47.9574700" lon="7.3018400"><ele>205.1</ele></trkpt><trkpt lat="47.9574300" lon="7.3017000"><ele>205.2</ele></trkpt><trkpt lat="47.9573600" lon="7.3014600"><ele>205.4</ele></trkpt><trkpt lat="47.9573100" lon="7.3012200"><ele>205.8</ele></trkpt><trkpt lat="47.9572800" lon="7.3010700"><ele>206.1</ele></trkpt><trkpt lat="47.9573000" lon="7.3005600"><ele>206.5</ele></trkpt><trkpt lat="47.9573200" lon="7.3001800"><ele>207.1</ele></trkpt><trkpt lat="47.9573900" lon="7.2996800"><ele>207.7</ele></trkpt><trkpt lat="47.9574200" lon="7.2994800"><ele>208.3</ele></trkpt><trkpt lat="47.9573700" lon="7.2990700"><ele>208.7</ele></trkpt><trkpt lat="47.9573500" lon="7.2990100"><ele>209.1</ele></trkpt><trkpt lat="47.9573000" lon="7.2987700"><ele>209.1</ele></trkpt><trkpt lat="47.9572700" lon="7.2985700"><ele>209.2</ele></trkpt><trkpt lat="47.9573000" lon="7.2982000"><ele>209.0</ele></trkpt><trkpt lat="47.9573300" lon="7.2981000"><ele>209.1</ele></trkpt><trkpt lat="47.9574100" lon="7.2977700"><ele>208.8</ele></trkpt><trkpt lat="47.9574600" lon="7.2975800"><ele>208.6</ele></trkpt><trkpt lat="47.9576700" lon="7.2967600"><ele>208.3</ele></trkpt><trkpt lat="47.9576800" lon="7.2967200"><ele>207.8</ele></trkpt><trkpt lat="47.9577600" lon="7.2964300"><ele>208.0</ele></trkpt><trkpt lat="47.9577700" lon="7.2963900"><ele>207.9</ele></trkpt><trkpt lat="47.9579600" lon="7.2957900"><ele>208.1</ele></trkpt><trkpt lat="47.9575100" lon="7.2954300"><ele>208.1</ele></trkpt><trkpt lat="47.9572500" lon="7.2952200"><ele>208.2</ele></trkpt><trkpt lat="47.9567900" lon="7.2947200"><ele>207.7</ele></trkpt><trkpt lat="47.9567600" lon="7.2947000"><ele>207.7</ele></trkpt><trkpt lat="47.9566800" lon="7.2946000"><ele>207.7</ele></trkpt><trkpt lat="47.9565900" lon="7.2945100"><ele>207.7</ele></trkpt><trkpt lat="47.9565000" lon="7.2944400"><ele>207.8</ele></trkpt><trkpt lat="47.9564100" lon="7.2943600"><ele>207.8</ele></trkpt><trkpt lat="47.9561900" lon="7.2942000"><ele>207.7</ele></trkpt><trkpt lat="47.9557600" lon="7.2939400"><ele>207.6</ele></trkpt><trkpt lat="47.9557700" lon="7.2938900"><ele>207.8</ele></trkpt><trkpt lat="47.9557900" lon="7.2938300"><ele>208.0</ele></trkpt><trkpt lat="47.9558400" lon="7.2936200"><ele>208.3</ele></trkpt><trkpt lat="47.9558800" lon="7.2934700"><ele>208.4</ele></trkpt><trkpt lat="47.9560000" lon="7.2930900"><ele>208.5</ele></trkpt><trkpt lat="47.9561400" lon="7.2927300"><ele>208.3</ele></trkpt><trkpt lat="47.9563700" lon="7.2923400"><ele>208.2</ele></trkpt><trkpt lat="47.9564700" lon="7.2920800"><ele>208.2</ele></trkpt><trkpt lat="47.9565300" lon="7.2917800"><ele>208.4</ele></trkpt><trkpt lat="47.9565600" lon="7.2915500"><ele>208.6</ele></trkpt><trkpt lat="47.9565400" lon="7.2913700"><ele>209.0</ele></trkpt><trkpt lat="47.9564700" lon="7.2911900"><ele>209.1</ele></trkpt><trkpt lat="47.9564000" lon="7.2910300"><ele>209.4</ele></trkpt><trkpt lat="47.9559900" lon="7.2905200"><ele>210.6</ele></trkpt><trkpt lat="47.9558200" lon="7.2902900"><ele>212.8</ele></trkpt><trkpt lat="47.9553800" lon="7.2894300"><ele>214.7</ele></trkpt><trkpt lat="47.9551200" lon="7.2889300"><ele>217.4</ele></trkpt><trkpt lat="47.9550800" lon="7.2888500"><ele>220.0</ele></trkpt><trkpt lat="47.9547300" lon="7.2881100"><ele>221.7</ele></trkpt><trkpt lat="47.9546900" lon="7.2880000"><ele>222.3</ele></trkpt><trkpt lat="47.9546400" lon="7.2879000"><ele>223.1</ele></trkpt><trkpt lat="47.9545500" lon="7.2876900"><ele>223.1</ele></trkpt><trkpt lat="47.9544700" lon="7.2876100"><ele>223.1</ele></trkpt><trkpt lat="47.9543400" lon="7.2875100"><ele>223.3</ele></trkpt><trkpt lat="47.9540300" lon="7.2872800"><ele>223.9</ele></trkpt><trkpt lat="47.9537100" lon="7.2869800"><ele>224.4</ele></trkpt><trkpt lat="47.9533400" lon="7.2866100"><ele>225.0</ele></trkpt><trkpt lat="47.9528400" lon="7.2860900"><ele>225.3</ele></trkpt><trkpt lat="47.9525700" lon="7.2857900"><ele>225.2</ele></trkpt><trkpt lat="47.9521200" lon="7.2852200"><ele>224.9</ele></trkpt><trkpt lat="47.9519100" lon="7.2849400"><ele>224.7</ele></trkpt><trkpt lat="47.9516100" lon="7.2845200"><ele>224.6</ele></trkpt><trkpt lat="47.9513000" lon="7.2841000"><ele>224.2</ele></trkpt><trkpt lat="47.9511100" lon="7.2839100"><ele>222.9</ele></trkpt><trkpt lat="47.9502300" lon="7.2830400"><ele>221.0</ele></trkpt><trkpt lat="47.9494200" lon="7.2822400"><ele>219.1</ele></trkpt><trkpt lat="47.9489800" lon="7.2817800"><ele>217.0</ele></trkpt><trkpt lat="47.9488500" lon="7.2816500"><ele>215.3</ele></trkpt><trkpt lat="47.9486800" lon="7.2814500"><ele>214.5</ele></trkpt><trkpt lat="47.9485400" lon="7.2813600"><ele>214.1</ele></trkpt><trkpt lat="47.9483600" lon="7.2812200"><ele>213.6</ele></trkpt><trkpt lat="47.9483200" lon="7.2812100"><ele>213.6</ele></trkpt><trkpt lat="47.9483100" lon="7.2811000"><ele>213.9</ele></trkpt><trkpt lat="47.9482900" lon="7.2806500"><ele>214.4</ele></trkpt><trkpt lat="47.9482900" lon="7.2803800"><ele>214.9</ele></trkpt><trkpt lat="47.9483000" lon="7.2800000"><ele>215.3</ele></trkpt><trkpt lat="47.9483400" lon="7.2796300"><ele>215.4</ele></trkpt><trkpt lat="47.9483800" lon="7.2792700"><ele>215.7</ele></trkpt><trkpt lat="47.9484200" lon="7.2790300"><ele>215.5</ele></trkpt><trkpt lat="47.9485000" lon="7.2785600"><ele>215.8</ele></trkpt><trkpt lat="47.9485500" lon="7.2782600"><ele>215.7</ele></trkpt><trkpt lat="47.9486100" lon="7.2779600"><ele>216.1</ele></trkpt><trkpt lat="47.9486600" lon="7.2777400"><ele>216.4</ele></trkpt><trkpt lat="47.9487300" lon="7.2774400"><ele>216.8</ele></trkpt><trkpt lat="47.9487800" lon="7.2772400"><ele>216.8</ele></trkpt><trkpt lat="47.9488900" lon="7.2768700"><ele>217.1</ele></trkpt><trkpt lat="47.9489200" lon="7.2767700"><ele>217.6</ele></trkpt><trkpt lat="47.9491000" lon="7.2761600"><ele>217.7</ele></trkpt><trkpt lat="47.9491800" lon="7.2758700"><ele>218.8</ele></trkpt><trkpt lat="47.9493500" lon="7.2752100"><ele>219.2</ele></trkpt><trkpt lat="47.9494300" lon="7.2749300"><ele>219.8</ele></trkpt><trkpt lat="47.9495400" lon="7.2745700"><ele>220.2</ele></trkpt><trkpt lat="47.9496000" lon="7.2744400"><ele>220.8</ele></trkpt><trkpt lat="47.9496500" lon="7.2743400"><ele>221.1</ele></trkpt><trkpt lat="47.9497800" lon="7.2740800"><ele>222.4</ele></trkpt><trkpt lat="47.9499500" lon="7.2738200"><ele>223.3</ele></trkpt><trkpt lat="47.9501700" lon="7.2735200"><ele>227.0</ele></trkpt><trkpt lat="47.9503300" lon="7.2733500"><ele>227.2</ele></trkpt><trkpt lat="47.9504200" lon="7.2732500"><ele>227.3</ele></trkpt><trkpt lat="47.9505300" lon="7.2731100"><ele>227.1</ele></trkpt><trkpt lat="47.9506400" lon="7.2729400"><ele>227.5</ele></trkpt><trkpt lat="47.9507600" lon="7.2726900"><ele>224.5</ele></trkpt><trkpt lat="47.9508400" lon="7.2724800"><ele>224.5</ele></trkpt><trkpt lat="47.9509800" lon="7.2719100"><ele>223.7</ele></trkpt><trkpt lat="47.9511200" lon="7.2713500"><ele>223.1</ele></trkpt><trkpt lat="47.9511800" lon="7.2711100"><ele>223.1</ele></trkpt><trkpt lat="47.9512300" lon="7.2708900"><ele>222.7</ele></trkpt><trkpt lat="47.9512900" lon="7.2705800"><ele>223.9</ele></trkpt><trkpt lat="47.9513600" lon="7.2702400"><ele>224.7</ele></trkpt><trkpt lat="47.9516600" lon="7.2691100"><ele>226.8</ele></trkpt><trkpt lat="47.9517300" lon="7.2688000"><ele>227.4</ele></trkpt><trkpt lat="47.9518200" lon="7.2683500"><ele>228.3</ele></trkpt><trkpt lat="47.9518900" lon="7.2679000"><ele>227.6</ele></trkpt><trkpt lat="47.9520100" lon="7.2670100"><ele>228.0</ele></trkpt><trkpt lat="47.9520100" lon="7.2669500"><ele>227.0</ele></trkpt><trkpt lat="47.9519800" lon="7.2668700"><ele>226.9</ele></trkpt><trkpt lat="47.9520600" lon="7.2667700"><ele>227.9</ele></trkpt><trkpt lat="47.9522900" lon="7.2664200"><ele>228.0</ele></trkpt><trkpt lat="47.9524200" lon="7.2662300"><ele>229.3</ele></trkpt><trkpt lat="47.9525100" lon="7.2661100"><ele>230.6</ele></trkpt><trkpt lat="47.9527900" lon="7.2657500"><ele>232.5</ele></trkpt><trkpt lat="47.9529500" lon="7.2655000"><ele>233.6</ele></trkpt><trkpt lat="47.9534800" lon="7.2645900"><ele>234.4</ele></trkpt><trkpt lat="47.9541100" lon="7.2638400"><ele>235.2</ele></trkpt><trkpt lat="47.9542700" lon="7.2635800"><ele>234.8</ele></trkpt><trkpt lat="47.9547500" lon="7.2628500"><ele>234.7</ele></trkpt><trkpt lat="47.9551200" lon="7.2622800"><ele>234.5</ele></trkpt><trkpt lat="47.9554400" lon="7.2618200"><ele>235.3</ele></trkpt><trkpt lat="47.9556100" lon="7.2616600"><ele>235.7</ele></trkpt><trkpt lat="47.9558900" lon="7.2614500"><ele>237.0</ele></trkpt><trkpt lat="47.9561900" lon="7.2612500"><ele>237.4</ele></trkpt><trkpt lat="47.9563600" lon="7.2610400"><ele>238.3</ele></trkpt><trkpt lat="47.9564600" lon="7.2608600"><ele>239.4</ele></trkpt><trkpt lat="47.9566400" lon="7.2605500"><ele>239.9</ele></trkpt><trkpt lat="47.9567500" lon="7.2603100"><ele>240.8</ele></trkpt><trkpt lat="47.9571500" lon="7.2598400"><ele>241.8</ele></trkpt><trkpt lat="47.9575100" lon="7.2593700"><ele>242.6</ele></trkpt><trkpt lat="47.9578400" lon="7.2590000"><ele>243.8</ele></trkpt><trkpt lat="47.9579100" lon="7.2588500"><ele>244.9</ele></trkpt><trkpt lat="47.9579400" lon="7.2587600"><ele>245.2</ele></trkpt><trkpt lat="47.9579500" lon="7.2586600"><ele>245.4</ele></trkpt><trkpt lat="47.9579400" lon="7.2585300"><ele>245.3</ele></trkpt><trkpt lat="47.9579300" lon="7.2584100"><ele>244.8</ele></trkpt><trkpt lat="47.9579000" lon="7.2582800"><ele>244.0</ele></trkpt><trkpt lat="47.9578200" lon="7.2580700"><ele>243.4</ele></trkpt><trkpt lat="47.9576200" lon="7.2577900"><ele>242.8</ele></trkpt><trkpt lat="47.9572800" lon="7.2571900"><ele>242.2</ele></trkpt><trkpt lat="47.9572100" lon="7.2569700"><ele>241.6</ele></trkpt><trkpt lat="47.9571900" lon="7.2568300"><ele>241.6</ele></trkpt><trkpt lat="47.9571900" lon="7.2564000"><ele>241.3</ele></trkpt><trkpt lat="47.9571700" lon="7.2561600"><ele>241.0</ele></trkpt><trkpt lat="47.9570600" lon="7.2553600"><ele>240.9</ele></trkpt><trkpt lat="47.9570300" lon="7.2549200"><ele>241.8</ele></trkpt><trkpt lat="47.9570400" lon="7.2546200"><ele>241.4</ele></trkpt><trkpt lat="47.9571800" lon="7.2532900"><ele>241.6</ele></trkpt><trkpt lat="47.9571800" lon="7.2531500"><ele>242.1</ele></trkpt><trkpt lat="47.9571700" lon="7.2530600"><ele>242.5</ele></trkpt><trkpt lat="47.9571600" lon="7.2528000"><ele>242.1</ele></trkpt><trkpt lat="47.9571400" lon="7.2524700"><ele>242.6</ele></trkpt><trkpt lat="47.9571400" lon="7.2522900"><ele>243.3</ele></trkpt><trkpt lat="47.9571800" lon="7.2520200"><ele>243.3</ele></trkpt><trkpt lat="47.9573000" lon="7.2515300"><ele>243.5</ele></trkpt><trkpt lat="47.9574200" lon="7.2510200"><ele>243.7</ele></trkpt><trkpt lat="47.9574400" lon="7.2509100"><ele>244.1</ele></trkpt><trkpt lat="47.9574400" lon="7.2507700"><ele>244.7</ele></trkpt><trkpt lat="47.9574100" lon="7.2506400"><ele>244.8</ele></trkpt><trkpt lat="47.9573600" lon="7.2505300"><ele>245.0</ele></trkpt><trkpt lat="47.9569400" lon="7.2500200"><ele>243.6</ele></trkpt><trkpt lat="47.9569200" lon="7.2499700"><ele>243.5</ele></trkpt><trkpt lat="47.9568800" lon="7.2498600"><ele>243.3</ele></trkpt><trkpt lat="47.9568500" lon="7.2498100"><ele>243.2</ele></trkpt><trkpt lat="47.9568100" lon="7.2497200"><ele>243.0</ele></trkpt><trkpt lat="47.9567500" lon="7.2496700"><ele>242.8</ele></trkpt><trkpt lat="47.9568400" lon="7.2493400"><ele>242.2</ele></trkpt><trkpt lat="47.9568900" lon="7.2491400"><ele>242.2</ele></trkpt><trkpt lat="47.9569300" lon="7.2488800"><ele>242.3</ele></trkpt><trkpt lat="47.9569500" lon="7.2486800"><ele>242.3</ele></trkpt><trkpt lat="47.9569800" lon="7.2483200"><ele>242.6</ele></trkpt><trkpt lat="47.9569900" lon="7.2482500"><ele>242.9</ele></trkpt><trkpt lat="47.9570200" lon="7.2478300"><ele>243.2</ele></trkpt><trkpt lat="47.9570300" lon="7.2476800"><ele>243.4</ele></trkpt><trkpt lat="47.9570400" lon="7.2475300"><ele>243.6</ele></trkpt><trkpt lat="47.9570500" lon="7.2474300"><ele>243.5</ele></trkpt><trkpt lat="47.9570600" lon="7.2473200"><ele>243.6</ele></trkpt><trkpt lat="47.9570700" lon="7.2471700"><ele>243.8</ele></trkpt><trkpt lat="47.9571100" lon="7.2468000"><ele>243.9</ele></trkpt><trkpt lat="47.9571200" lon="7.2466900"><ele>244.0</ele></trkpt><trkpt lat="47.9571200" lon="7.2466100"><ele>244.2</ele></trkpt><trkpt lat="47.9571300" lon="7.2465700"><ele>244.2</ele></trkpt><trkpt lat="47.9571400" lon="7.2464600"><ele>244.5</ele></trkpt><trkpt lat="47.9571800" lon="7.2462200"><ele>244.9</ele></trkpt><trkpt lat="47.9572500" lon="7.2459700"><ele>245.1</ele></trkpt><trkpt lat="47.9572600" lon="7.2459300"><ele>245.2</ele></trkpt><trkpt lat="47.9573300" lon="7.2457300"><ele>245.4</ele></trkpt><trkpt lat="47.9573900" lon="7.2456200"><ele>245.3</ele></trkpt><trkpt lat="47.9575200" lon="7.2453900"><ele>245.6</ele></trkpt><trkpt lat="47.9577600" lon="7.2449500"><ele>245.9</ele></trkpt><trkpt lat="47.9579800" lon="7.2445700"><ele>246.4</ele></trkpt><trkpt lat="47.9580000" lon="7.2445400"><ele>247.0</ele></trkpt><trkpt lat="47.9580900" lon="7.2444200"><ele>247.4</ele></trkpt><trkpt lat="47.9581900" lon="7.2443200"><ele>248.1</ele></trkpt><trkpt lat="47.9582300" lon="7.2442700"><ele>248.4</ele></trkpt><trkpt lat="47.9585900" lon="7.2439100"><ele>248.6</ele></trkpt><trkpt lat="47.9587900" lon="7.2436800"><ele>248.8</ele></trkpt><trkpt lat="47.9588500" lon="7.2435900"><ele>249.1</ele></trkpt><trkpt lat="47.9588800" lon="7.2435500"><ele>249.1</ele></trkpt><trkpt lat="47.9589700" lon="7.2433300"><ele>249.5</ele></trkpt><trkpt lat="47.9591300" lon="7.2428900"><ele>250.0</ele></trkpt><trkpt lat="47.9591700" lon="7.2427900"><ele>250.4</ele></trkpt><trkpt lat="47.9592100" lon="7.2426900"><ele>251.5</ele></trkpt><trkpt lat="47.9588000" lon="7.2422100"><ele>252.3</ele></trkpt><trkpt lat="47.9579600" lon="7.2412700"><ele>253.2</ele></trkpt><trkpt lat="47.9579300" lon="7.2411900"><ele>254.3</ele></trkpt><trkpt lat="47.9579300" lon="7.2411300"><ele>254.9</ele></trkpt><trkpt lat="47.9578500" lon="7.2411500"><ele>254.8</ele></trkpt><trkpt lat="47.9575200" lon="7.2411800"><ele>255.2</ele></trkpt><trkpt lat="47.9574500" lon="7.2412200"><ele>255.5</ele></trkpt><trkpt lat="47.9573400" lon="7.2413500"><ele>254.3</ele></trkpt><trkpt lat="47.9572500" lon="7.2414200"><ele>254.4</ele></trkpt><trkpt lat="47.9571200" lon="7.2414700"><ele>255.3</ele></trkpt><trkpt lat="47.9561500" lon="7.2416100"><ele>255.5</ele></trkpt><trkpt lat="47.9561300" lon="7.2414600"><ele>256.7</ele></trkpt><trkpt lat="47.9560400" lon="7.2412400"><ele>258.9</ele></trkpt><trkpt lat="47.9559400" lon="7.2410300"><ele>260.0</ele></trkpt><trkpt lat="47.9558400" lon="7.2409100"><ele>260.1</ele></trkpt><trkpt lat="47.9557600" lon="7.2408600"><ele>261.3</ele></trkpt><trkpt lat="47.9554300" lon="7.2407400"><ele>262.2</ele></trkpt><trkpt lat="47.9553500" lon="7.2406900"><ele>263.2</ele></trkpt><trkpt lat="47.9553100" lon="7.2405900"><ele>265.2</ele></trkpt><trkpt lat="47.9553000" lon="7.2403000"><ele>268.2</ele></trkpt><trkpt lat="47.9553200" lon="7.2399600"><ele>270.0</ele></trkpt><trkpt lat="47.9553800" lon="7.2397200"><ele>271.9</ele></trkpt><trkpt lat="47.9554600" lon="7.2394300"><ele>275.1</ele></trkpt><trkpt lat="47.9555400" lon="7.2391500"><ele>276.9</ele></trkpt><trkpt lat="47.9556000" lon="7.2389400"><ele>279.4</ele></trkpt><trkpt lat="47.9555000" lon="7.2388800"><ele>280.9</ele></trkpt><trkpt lat="47.9551100" lon="7.2389300"><ele>281.1</ele></trkpt><trkpt lat="47.9545300" lon="7.2389900"><ele>281.5</ele></trkpt><trkpt lat="47.9543200" lon="7.2389800"><ele>283.7</ele></trkpt><trkpt lat="47.9537600" lon="7.2389200"><ele>283.3</ele></trkpt><trkpt lat="47.9533900" lon="7.2387400"><ele>285.8</ele></trkpt><trkpt lat="47.9532400" lon="7.2387000"><ele>289.7</ele></trkpt><trkpt lat="47.9530800" lon="7.2387000"><ele>292.9</ele></trkpt><trkpt lat="47.9528800" lon="7.2387400"><ele>292.0</ele></trkpt><trkpt lat="47.9525800" lon="7.2389000"><ele>293.1</ele></trkpt><trkpt lat="47.9523900" lon="7.2390200"><ele>292.8</ele></trkpt><trkpt lat="47.9521600" lon="7.2392400"><ele>292.2</ele></trkpt><trkpt lat="47.9521000" lon="7.2392800"><ele>290.3</ele></trkpt><trkpt lat="47.9519200" lon="7.2393400"><ele>290.3</ele></trkpt><trkpt lat="47.9517400" lon="7.2394700"><ele>290.3</ele></trkpt><trkpt lat="47.9516100" lon="7.2395400"><ele>291.3</ele></trkpt><trkpt lat="47.9514100" lon="7.2396100"><ele>291.2</ele></trkpt><trkpt lat="47.9512200" lon="7.2396500"><ele>291.2</ele></trkpt><trkpt lat="47.9511600" lon="7.2396300"><ele>293.5</ele></trkpt><trkpt lat="47.9510500" lon="7.2396200"><ele>294.1</ele></trkpt><trkpt lat="47.9509300" lon="7.2396600"><ele>293.6</ele></trkpt><trkpt lat="47.9506900" lon="7.2398500"><ele>294.4</ele></trkpt><trkpt lat="47.9504800" lon="7.2400100"><ele>295.6</ele></trkpt><trkpt lat="47.9504000" lon="7.2400400"><ele>295.8</ele></trkpt><trkpt lat="47.9501900" lon="7.2400600"><ele>297.4</ele></trkpt><trkpt lat="47.9499400" lon="7.2400800"><ele>299.0</ele></trkpt><trkpt lat="47.9498300" lon="7.2400600"><ele>300.4</ele></trkpt><trkpt lat="47.9497500" lon="7.2400200"><ele>302.0</ele></trkpt><trkpt lat="47.9490900" lon="7.2396600"><ele>303.0</ele></trkpt><trkpt lat="47.9487400" lon="7.2395500"><ele>303.5</ele></trkpt><trkpt lat="47.9486400" lon="7.2394700"><ele>304.1</ele></trkpt><trkpt lat="47.9484800" lon="7.2393200"><ele>303.6</ele></trkpt><trkpt lat="47.9483900" lon="7.2392700"><ele>303.1</ele></trkpt><trkpt lat="47.9480100" lon="7.2391600"><ele>302.2</ele></trkpt><trkpt lat="47.9475700" lon="7.2389400"><ele>301.3</ele></trkpt><trkpt lat="47.9473800" lon="7.2388200"><ele>300.7</ele></trkpt><trkpt lat="47.9471900" lon="7.2386400"><ele>300.6</ele></trkpt><trkpt lat="47.9468200" lon="7.2382700"><ele>300.1</ele></trkpt><trkpt lat="47.9464400" lon="7.2379700"><ele>300.0</ele></trkpt><trkpt lat="47.9461900" lon="7.2378100"><ele>299.6</ele></trkpt><trkpt lat="47.9461000" lon="7.2377600"><ele>299.1</ele></trkpt><trkpt lat="47.9460000" lon="7.2377100"><ele>298.7</ele></trkpt><trkpt lat="47.9458700" lon="7.2375800"><ele>298.5</ele></trkpt><trkpt lat="47.9453100" lon="7.2369800"><ele>298.5</ele></trkpt><trkpt lat="47.9451400" lon="7.2368200"><ele>298.0</ele></trkpt><trkpt lat="47.9450600" lon="7.2368100"><ele>297.2</ele></trkpt><trkpt lat="47.9448200" lon="7.2368500"><ele>296.4</ele></trkpt><trkpt lat="47.9447200" lon="7.2368400"><ele>295.4</ele></trkpt><trkpt lat="47.9446200" lon="7.2367900"><ele>294.4</ele></trkpt><trkpt lat="47.9445300" lon="7.2367000"><ele>293.6</ele></trkpt><trkpt lat="47.9443900" lon="7.2365200"><ele>292.5</ele></trkpt><trkpt lat="47.9442700" lon="7.2363800"><ele>291.1</ele></trkpt><trkpt lat="47.9439600" lon="7.2360000"><ele>289.7</ele></trkpt><trkpt lat="47.9434100" lon="7.2352500"><ele>287.9</ele></trkpt><trkpt lat="47.9432500" lon="7.2350900"><ele>286.5</ele></trkpt><trkpt lat="47.9431800" lon="7.2350300"><ele>285.2</ele></trkpt><trkpt lat="47.9430100" lon="7.2349200"><ele>283.8</ele></trkpt><trkpt lat="47.9428600" lon="7.2348300"><ele>282.1</ele></trkpt><trkpt lat="47.9425200" lon="7.2346900"><ele>280.3</ele></trkpt><trkpt lat="47.9417900" lon="7.2341800"><ele>278.3</ele></trkpt><trkpt lat="47.9413800" lon="7.2338800"><ele>276.5</ele></trkpt><trkpt lat="47.9411700" lon="7.2337800"><ele>274.7</ele></trkpt><trkpt lat="47.9410800" lon="7.2337600"><ele>273.1</ele></trkpt><trkpt lat="47.9408500" lon="7.2336900"><ele>271.8</ele></trkpt><trkpt lat="47.9407400" lon="7.2337200"><ele>270.7</ele></trkpt><trkpt lat="47.9406900" lon="7.2337500"><ele>269.5</ele></trkpt><trkpt lat="47.9406500" lon="7.2337500"><ele>268.6</ele></trkpt><trkpt lat="47.9405700" lon="7.2337300"><ele>267.9</ele></trkpt><trkpt lat="47.9404300" lon="7.2336200"><ele>267.0</ele></trkpt><trkpt lat="47.9400500" lon="7.2332700"><ele>266.1</ele></trkpt><trkpt lat="47.9395200" lon="7.2328700"><ele>265.5</ele></trkpt><trkpt lat="47.9394700" lon="7.2328400"><ele>264.8</ele></trkpt><trkpt lat="47.9392600" lon="7.2326900"><ele>264.3</ele></trkpt><trkpt lat="47.9390300" lon="7.2325500"><ele>264.1</ele></trkpt><trkpt lat="47.9381800" lon="7.2320500"><ele>263.9</ele></trkpt><trkpt lat="47.9380700" lon="7.2320000"><ele>263.5</ele></trkpt><trkpt lat="47.9380100" lon="7.2319900"><ele>263.5</ele></trkpt><trkpt lat="47.9379600" lon="7.2320100"><ele>263.3</ele></trkpt><trkpt lat="47.9377400" lon="7.2321700"><ele>263.4</ele></trkpt><trkpt lat="47.9375700" lon="7.2323000"><ele>263.5</ele></trkpt><trkpt lat="47.9375200" lon="7.2324000"><ele>263.7</ele></trkpt><trkpt lat="47.9374600" lon="7.2324100"><ele>263.9</ele></trkpt><trkpt lat="47.9374000" lon="7.2324300"><ele>264.1</ele></trkpt><trkpt lat="47.9372900" lon="7.2324700"><ele>264.3</ele></trkpt><trkpt lat="47.9372300" lon="7.2325000"><ele>265.2</ele></trkpt><trkpt lat="47.9371700" lon="7.2325300"><ele>266.1</ele></trkpt><trkpt lat="47.9370800" lon="7.2326000"><ele>265.9</ele></trkpt><trkpt lat="47.9369900" lon="7.2326700"><ele>265.7</ele></trkpt><trkpt lat="47.9369300" lon="7.2327400"><ele>265.7</ele></trkpt><trkpt lat="47.9368900" lon="7.2327900"><ele>265.5</ele></trkpt><trkpt lat="47.9368400" lon="7.2328700"><ele>265.3</ele></trkpt><trkpt lat="47.9367700" lon="7.2330300"><ele>265.5</ele></trkpt><trkpt lat="47.9367500" lon="7.2330800"><ele>265.6</ele></trkpt><trkpt lat="47.9367200" lon="7.2331300"><ele>265.7</ele></trkpt><trkpt lat="47.9366800" lon="7.2331700"><ele>265.2</ele></trkpt><trkpt lat="47.9366500" lon="7.2332000"><ele>264.9</ele></trkpt><trkpt lat="47.9366000" lon="7.2332200"><ele>265.2</ele></trkpt><trkpt lat="47.9363200" lon="7.2332700"><ele>265.6</ele></trkpt><trkpt lat="47.9361900" lon="7.2333100"><ele>266.6</ele></trkpt><trkpt lat="47.9359800" lon="7.2333700"><ele>267.7</ele></trkpt><trkpt lat="47.9356300" lon="7.2334900"><ele>268.1</ele></trkpt><trkpt lat="47.9355600" lon="7.2335100"><ele>268.5</ele></trkpt><trkpt lat="47.9355700" lon="7.2336200"><ele>268.8</ele></trkpt><trkpt lat="47.9355900" lon="7.2338100"><ele>268.5</ele></trkpt><trkpt lat="47.9355800" lon="7.2338400"><ele>268.0</ele></trkpt><trkpt lat="47.9355700" lon="7.2338700"><ele>267.6</ele></trkpt><trkpt lat="47.9355100" lon="7.2338900"><ele>266.1</ele></trkpt><trkpt lat="47.9355200" lon="7.2342500"><ele>264.6</ele></trkpt><trkpt lat="47.9355400" lon="7.2349300"><ele>262.6</ele></trkpt><trkpt lat="47.9355500" lon="7.2350400"><ele>260.9</ele></trkpt><trkpt lat="47.9355700" lon="7.2351900"><ele>259.6</ele></trkpt><trkpt lat="47.9355900" lon="7.2352700"><ele>258.7</ele></trkpt><trkpt lat="47.9356100" lon="7.2353100"><ele>257.8</ele></trkpt><trkpt lat="47.9357000" lon="7.2355400"><ele>257.1</ele></trkpt><trkpt lat="47.9358200" lon="7.2358700"><ele>256.3</ele></trkpt><trkpt lat="47.9361100" lon="7.2366600"><ele>255.4</ele></trkpt><trkpt lat="47.9361200" lon="7.2367000"><ele>254.8</ele></trkpt><trkpt lat="47.9361300" lon="7.2367800"><ele>254.2</ele></trkpt><trkpt lat="47.9361400" lon="7.2368700"><ele>254.3</ele></trkpt><trkpt lat="47.9361400" lon="7.2369300"><ele>254.1</ele></trkpt><trkpt lat="47.9361500" lon="7.2372100"><ele>253.6</ele></trkpt><trkpt lat="47.9361400" lon="7.2374700"><ele>253.9</ele></trkpt><trkpt lat="47.9361300" lon="7.2377200"><ele>253.8</ele></trkpt><trkpt lat="47.9361100" lon="7.2380200"><ele>253.3</ele></trkpt><trkpt lat="47.9360700" lon="7.2385200"><ele>252.7</ele></trkpt><trkpt lat="47.9359900" lon="7.2385100"><ele>252.0</ele></trkpt><trkpt lat="47.9358300" lon="7.2386600"><ele>250.7</ele></trkpt><trkpt lat="47.9353000" lon="7.2389700"><ele>250.2</ele></trkpt><trkpt lat="47.9348600" lon="7.2392900"><ele>250.0</ele></trkpt><trkpt lat="47.9346800" lon="7.2394900"><ele>250.2</ele></trkpt><trkpt lat="47.9346400" lon="7.2395200"><ele>250.4</ele></trkpt><trkpt lat="47.9345900" lon="7.2395400"><ele>250.8</ele></trkpt><trkpt lat="47.9345400" lon="7.2395500"><ele>250.3</ele></trkpt><trkpt lat="47.9344900" lon="7.2395300"><ele>249.7</ele></trkpt><trkpt lat="47.9340000" lon="7.2393800"><ele>248.8</ele></trkpt><trkpt lat="47.9339400" lon="7.2393500"><ele>248.7</ele></trkpt><trkpt lat="47.9338700" lon="7.2393200"><ele>248.5</ele></trkpt><trkpt lat="47.9333300" lon="7.2389900"><ele>248.5</ele></trkpt><trkpt lat="47.9333100" lon="7.2392700"><ele>248.7</ele></trkpt><trkpt lat="47.9332800" lon="7.2396300"><ele>248.8</ele></trkpt><trkpt lat="47.9332700" lon="7.2397000"><ele>248.4</ele></trkpt><trkpt lat="47.9332500" lon="7.2397600"><ele>248.1</ele></trkpt><trkpt lat="47.9332300" lon="7.2398100"><ele>248.1</ele></trkpt><trkpt lat="47.9331300" lon="7.2399300"><ele>248.4</ele></trkpt><trkpt lat="47.9330800" lon="7.2399900"><ele>248.5</ele></trkpt><trkpt lat="47.9330100" lon="7.2400900"><ele>248.7</ele></trkpt><trkpt lat="47.9327900" lon="7.2403800"><ele>249.4</ele></trkpt><trkpt lat="47.9326500" lon="7.2405800"><ele>250.0</ele></trkpt><trkpt lat="47.9326000" lon="7.2406500"><ele>250.8</ele></trkpt><trkpt lat="47.9324400" lon="7.2408900"><ele>251.9</ele></trkpt><trkpt lat="47.9323700" lon="7.2409800"><ele>252.2</ele></trkpt><trkpt lat="47.9321700" lon="7.2412100"><ele>252.8</ele></trkpt><trkpt lat="47.9320200" lon="7.2413500"><ele>254.0</ele></trkpt><trkpt lat="47.9318900" lon="7.2414400"><ele>254.4</ele></trkpt><trkpt lat="47.9316800" lon="7.2415200"><ele>255.3</ele></trkpt><trkpt lat="47.9314900" lon="7.2415700"><ele>255.7</ele></trkpt><trkpt lat="47.9309900" lon="7.2416300"><ele>256.1</ele></trkpt><trkpt lat="47.9309000" lon="7.2416500"><ele>254.7</ele></trkpt><trkpt lat="47.9308300" lon="7.2416000"><ele>253.6</ele></trkpt><trkpt lat="47.9303300" lon="7.2417000"><ele>252.7</ele></trkpt><trkpt lat="47.9300800" lon="7.2417100"><ele>252.7</ele></trkpt><trkpt lat="47.9296000" lon="7.2416100"><ele>250.8</ele></trkpt><trkpt lat="47.9293400" lon="7.2416700"><ele>250.2</ele></trkpt><trkpt lat="47.9291300" lon="7.2417500"><ele>248.9</ele></trkpt><trkpt lat="47.9288900" lon="7.2419200"><ele>246.4</ele></trkpt><trkpt lat="47.9287400" lon="7.2421000"><ele>244.8</ele></trkpt><trkpt lat="47.9286400" lon="7.2422500"><ele>244.1</ele></trkpt><trkpt lat="47.9285700" lon="7.2424000"><ele>242.6</ele></trkpt><trkpt lat="47.9284500" lon="7.2427100"><ele>242.2</ele></trkpt><trkpt lat="47.9283300" lon="7.2431100"><ele>241.9</ele></trkpt><trkpt lat="47.9281900" lon="7.2434500"><ele>240.9</ele></trkpt><trkpt lat="47.9280900" lon="7.2436600"><ele>240.5</ele></trkpt><trkpt lat="47.9277800" lon="7.2441500"><ele>240.7</ele></trkpt><trkpt lat="47.9276100" lon="7.2443600"><ele>240.7</ele></trkpt><trkpt lat="47.9272900" lon="7.2447300"><ele>240.8</ele></trkpt><trkpt lat="47.9267600" lon="7.2452400"><ele>240.4</ele></trkpt><trkpt lat="47.9260200" lon="7.2461600"><ele>239.8</ele></trkpt><trkpt lat="47.9257200" lon="7.2466200"><ele>238.6</ele></trkpt><trkpt lat="47.9254000" lon="7.2472400"><ele>237.4</ele></trkpt><trkpt lat="47.9253100" lon="7.2473400"><ele>236.4</ele></trkpt><trkpt lat="47.9252400" lon="7.2473600"><ele>235.9</ele></trkpt><trkpt lat="47.9250500" lon="7.2473900"><ele>235.8</ele></trkpt><trkpt lat="47.9250000" lon="7.2473900"><ele>235.8</ele></trkpt><trkpt lat="47.9249300" lon="7.2474000"><ele>235.7</ele></trkpt><trkpt lat="47.9247200" lon="7.2474200"><ele>235.7</ele></trkpt><trkpt lat="47.9244700" lon="7.2474500"><ele>235.6</ele></trkpt><trkpt lat="47.9242800" lon="7.2474700"><ele>235.5</ele></trkpt><trkpt lat="47.9240800" lon="7.2474800"><ele>235.3</ele></trkpt><trkpt lat="47.9237900" lon="7.2474700"><ele>235.2</ele></trkpt><trkpt lat="47.9233500" lon="7.2474400"><ele>235.4</ele></trkpt><trkpt lat="47.9232100" lon="7.2474400"><ele>235.7</ele></trkpt><trkpt lat="47.9231400" lon="7.2474600"><ele>235.9</ele></trkpt><trkpt lat="47.9231000" lon="7.2474700"><ele>235.8</ele></trkpt><trkpt lat="47.9230000" lon="7.2475400"><ele>235.9</ele></trkpt><trkpt lat="47.9229200" lon="7.2476600"><ele>236.0</ele></trkpt><trkpt lat="47.9228000" lon="7.2479200"><ele>236.0</ele></trkpt><trkpt lat="47.9226100" lon="7.2483500"><ele>236.2</ele></trkpt><trkpt lat="47.9224900" lon="7.2485700"><ele>236.4</ele></trkpt><trkpt lat="47.9222800" lon="7.2489000"><ele>236.6</ele></trkpt><trkpt lat="47.9220500" lon="7.2492200"><ele>236.7</ele></trkpt><trkpt lat="47.9219300" lon="7.2493600"><ele>236.7</ele></trkpt><trkpt lat="47.9217800" lon="7.2495200"><ele>236.7</ele></trkpt><trkpt lat="47.9216300" lon="7.2496300"><ele>236.7</ele></trkpt><trkpt lat="47.9215800" lon="7.2496700"><ele>236.7</ele></trkpt><trkpt lat="47.9214400" lon="7.2497800"><ele>236.8</ele></trkpt><trkpt lat="47.9209800" lon="7.2500800"><ele>237.3</ele></trkpt><trkpt lat="47.9205200" lon="7.2503600"><ele>237.8</ele></trkpt><trkpt lat="47.9203000" lon="7.2504700"><ele>237.7</ele></trkpt><trkpt lat="47.9202300" lon="7.2505600"><ele>238.1</ele></trkpt><trkpt lat="47.9201400" lon="7.2507200"><ele>238.4</ele></trkpt><trkpt lat="47.9201000" lon="7.2508200"><ele>238.3</ele></trkpt><trkpt lat="47.9200900" lon="7.2508800"><ele>238.2</ele></trkpt><trkpt lat="47.9200800" lon="7.2509600"><ele>238.3</ele></trkpt><trkpt lat="47.9200800" lon="7.2510700"><ele>237.9</ele></trkpt><trkpt lat="47.9201000" lon="7.2512800"><ele>237.6</ele></trkpt><trkpt lat="47.9201100" lon="7.2514000"><ele>237.3</ele></trkpt><trkpt lat="47.9201100" lon="7.2514300"><ele>236.9</ele></trkpt><trkpt lat="47.9201000" lon="7.2514600"><ele>236.9</ele></trkpt><trkpt lat="47.9200800" lon="7.2514500"><ele>237.0</ele></trkpt><trkpt lat="47.9196700" lon="7.2511800"><ele>237.4</ele></trkpt><trkpt lat="47.9195800" lon="7.2511200"><ele>237.9</ele></trkpt><trkpt lat="47.9188200" lon="7.2506300"><ele>238.5</ele></trkpt><trkpt lat="47.9182500" lon="7.2502600"><ele>239.2</ele></trkpt><trkpt lat="47.9179700" lon="7.2500800"><ele>240.2</ele></trkpt><trkpt lat="47.9177800" lon="7.2498900"><ele>240.7</ele></trkpt><trkpt lat="47.9175800" lon="7.2496700"><ele>241.4</ele></trkpt><trkpt lat="47.9175000" lon="7.2495800"><ele>242.1</ele></trkpt><trkpt lat="47.9173300" lon="7.2493500"><ele>242.7</ele></trkpt><trkpt lat="47.9173100" lon="7.2492400"><ele>243.0</ele></trkpt><trkpt lat="47.9172900" lon="7.2491900"><ele>243.4</ele></trkpt><trkpt lat="47.9169700" lon="7.2487800"><ele>243.5</ele></trkpt><trkpt lat="47.9169400" lon="7.2487400"><ele>243.9</ele></trkpt><trkpt lat="47.9169100" lon="7.2487000"><ele>244.4</ele></trkpt><trkpt lat="47.9164600" lon="7.2481400"><ele>244.8</ele></trkpt><trkpt lat="47.9163200" lon="7.2479800"><ele>245.6</ele></trkpt><trkpt lat="47.9158500" lon="7.2475100"><ele>246.3</ele></trkpt><trkpt lat="47.9155600" lon="7.2472100"><ele>246.7</ele></trkpt><trkpt lat="47.9153900" lon="7.2470500"><ele>247.1</ele></trkpt><trkpt lat="47.9153600" lon="7.2470200"><ele>247.3</ele></trkpt><trkpt lat="47.9153300" lon="7.2470000"><ele>247.3</ele></trkpt><trkpt lat="47.9149900" lon="7.2467900"><ele>247.4</ele></trkpt><trkpt lat="47.9147500" lon="7.2466300"><ele>247.4</ele></trkpt><trkpt lat="47.9146900" lon="7.2465900"><ele>247.6</ele></trkpt><trkpt lat="47.9146300" lon="7.2465400"><ele>247.8</ele></trkpt><trkpt lat="47.9145100" lon="7.2464200"><ele>248.1</ele></trkpt><trkpt lat="47.9144200" lon="7.2463200"><ele>248.5</ele></trkpt><trkpt lat="47.9140700" lon="7.2459100"><ele>248.9</ele></trkpt><trkpt lat="47.9140400" lon="7.2459400"><ele>249.2</ele></trkpt><trkpt lat="47.9137100" lon="7.2463600"><ele>249.4</ele></trkpt><trkpt lat="47.9135200" lon="7.2465800"><ele>249.4</ele></trkpt><trkpt lat="47.9132200" lon="7.2467700"><ele>249.5</ele></trkpt><trkpt lat="47.9131200" lon="7.2468300"><ele>249.3</ele></trkpt><trkpt lat="47.9130900" lon="7.2468500"><ele>249.1</ele></trkpt><trkpt lat="47.9129100" lon="7.2469700"><ele>249.0</ele></trkpt><trkpt lat="47.9122500" lon="7.2473600"><ele>248.9</ele></trkpt><trkpt lat="47.9118900" lon="7.2475500"><ele>248.9</ele></trkpt><trkpt lat="47.9112100" lon="7.2479000"><ele>249.2</ele></trkpt><trkpt lat="47.9108600" lon="7.2480500"><ele>249.4</ele></trkpt><trkpt lat="47.9099800" lon="7.2484400"><ele>249.8</ele></trkpt><trkpt lat="47.9098000" lon="7.2485100"><ele>250.2</ele></trkpt><trkpt lat="47.9086100" lon="7.2488900"><ele>250.4</ele></trkpt><trkpt lat="47.9083900" lon="7.2489600"><ele>250.7</ele></trkpt><trkpt lat="47.9076400" lon="7.2491300"><ele>250.9</ele></trkpt><trkpt lat="47.9074600" lon="7.2491600"><ele>251.0</ele></trkpt><trkpt lat="47.9074300" lon="7.2491500"><ele>250.9</ele></trkpt><trkpt lat="47.9074000" lon="7.2491400"><ele>251.1</ele></trkpt><trkpt lat="47.9073700" lon="7.2491200"><ele>251.2</ele></trkpt><trkpt lat="47.9073500" lon="7.2490900"><ele>251.2</ele></trkpt><trkpt lat="47.9073300" lon="7.2491200"><ele>251.3</ele></trkpt><trkpt lat="47.9072800" lon="7.2491400"><ele>251.4</ele></trkpt><trkpt lat="47.9072700" lon="7.2491500"><ele>251.5</ele></trkpt><trkpt lat="47.9072200" lon="7.2491600"><ele>251.5</ele></trkpt><trkpt lat="47.9072000" lon="7.2491600"><ele>251.5</ele></trkpt><trkpt lat="47.9070200" lon="7.2492000"><ele>251.5</ele></trkpt><trkpt lat="47.9069600" lon="7.2492200"><ele>251.6</ele></trkpt><trkpt lat="47.9060900" lon="7.2494900"><ele>251.6</ele></trkpt><trkpt lat="47.9060600" lon="7.2495000"><ele>251.8</ele></trkpt><trkpt lat="47.9060000" lon="7.2495100"><ele>251.9</ele></trkpt><trkpt lat="47.9059400" lon="7.2495100"><ele>252.0</ele></trkpt><trkpt lat="47.9059000" lon="7.2495100"><ele>252.0</ele></trkpt><trkpt lat="47.9058400" lon="7.2495100"><ele>252.2</ele></trkpt><trkpt lat="47.9058000" lon="7.2494900"><ele>252.2</ele></trkpt><trkpt lat="47.9056700" lon="7.2494400"><ele>252.1</ele></trkpt><trkpt lat="47.9055300" lon="7.2493900"><ele>252.2</ele></trkpt><trkpt lat="47.9054400" lon="7.2493800"><ele>252.1</ele></trkpt><trkpt lat="47.9051000" lon="7.2494300"><ele>252.0</ele></trkpt><trkpt lat="47.9049000" lon="7.2494900"><ele>252.1</ele></trkpt><trkpt lat="47.9045000" lon="7.2496900"><ele>252.0</ele></trkpt><trkpt lat="47.9044500" lon="7.2497100"><ele>252.0</ele></trkpt><trkpt lat="47.9041300" lon="7.2497300"><ele>252.2</ele></trkpt><trkpt lat="47.9040400" lon="7.2498000"><ele>252.2</ele></trkpt><trkpt lat="47.9039700" lon="7.2497600"><ele>252.1</ele></trkpt><trkpt lat="47.9039100" lon="7.2497400"><ele>252.4</ele></trkpt><trkpt lat="47.9038900" lon="7.2497000"><ele>252.6</ele></trkpt><trkpt lat="47.9039200" lon="7.2493800"><ele>252.8</ele></trkpt><trkpt lat="47.9039400" lon="7.2491400"><ele>253.0</ele></trkpt><trkpt lat="47.9039500" lon="7.2489800"><ele>253.3</ele></trkpt><trkpt lat="47.9040100" lon="7.2487900"><ele>253.1</ele></trkpt><trkpt lat="47.9040600" lon="7.2485200"><ele>253.6</ele></trkpt><trkpt lat="47.9041000" lon="7.2482500"><ele>254.2</ele></trkpt><trkpt lat="47.9041300" lon="7.2479400"><ele>254.4</ele></trkpt><trkpt lat="47.9041600" lon="7.2476600"><ele>254.7</ele></trkpt><trkpt lat="47.9041700" lon="7.2474400"><ele>255.5</ele></trkpt><trkpt lat="47.9041800" lon="7.2470300"><ele>255.5</ele></trkpt><trkpt lat="47.9041600" lon="7.2466900"><ele>255.5</ele></trkpt><trkpt lat="47.9041500" lon="7.2465200"><ele>255.6</ele></trkpt><trkpt lat="47.9041200" lon="7.2458500"><ele>255.8</ele></trkpt><trkpt lat="47.9040800" lon="7.2452600"><ele>256.4</ele></trkpt><trkpt lat="47.9040600" lon="7.2448200"><ele>256.9</ele></trkpt><trkpt lat="47.9040500" lon="7.2447600"><ele>257.3</ele></trkpt><trkpt lat="47.9040400" lon="7.2442100"><ele>258.1</ele></trkpt><trkpt lat="47.9040200" lon="7.2438500"><ele>258.4</ele></trkpt><trkpt lat="47.9040300" lon="7.2433800"><ele>258.2</ele></trkpt><trkpt lat="47.9040700" lon="7.2432000"><ele>258.1</ele></trkpt><trkpt lat="47.9041100" lon="7.2429000"><ele>258.0</ele></trkpt><trkpt lat="47.9041600" lon="7.2424200"><ele>258.2</ele></trkpt><trkpt lat="47.9041700" lon="7.2423600"><ele>258.8</ele></trkpt><trkpt lat="47.9041700" lon="7.2422700"><ele>259.1</ele></trkpt><trkpt lat="47.9041700" lon="7.2422000"><ele>259.6</ele></trkpt><trkpt lat="47.9041600" lon="7.2421400"><ele>260.3</ele></trkpt><trkpt lat="47.9040000" lon="7.2417800"><ele>260.1</ele></trkpt><trkpt lat="47.9039600" lon="7.2417700"><ele>260.2</ele></trkpt><trkpt lat="47.9038100" lon="7.2417800"><ele>260.6</ele></trkpt><trkpt lat="47.9037900" lon="7.2417800"><ele>260.6</ele></trkpt><trkpt lat="47.9037100" lon="7.2409600"><ele>262.1</ele></trkpt><trkpt lat="47.9036000" lon="7.2394100"><ele>262.6</ele></trkpt><trkpt lat="47.9035800" lon="7.2390500"><ele>263.1</ele></trkpt><trkpt lat="47.9035700" lon="7.2388700"><ele>262.3</ele></trkpt><trkpt lat="47.9035300" lon="7.2387500"><ele>262.0</ele></trkpt><trkpt lat="47.9032400" lon="7.2388100"><ele>262.0</ele></trkpt><trkpt lat="47.9029500" lon="7.2388500"><ele>262.1</ele></trkpt><trkpt lat="47.9023600" lon="7.2388900"><ele>262.1</ele></trkpt><trkpt lat="47.9022100" lon="7.2389000"><ele>262.3</ele></trkpt><trkpt lat="47.9021900" lon="7.2389000"><ele>262.6</ele></trkpt><trkpt lat="47.9021700" lon="7.2389000"><ele>262.5</ele></trkpt><trkpt lat="47.9021500" lon="7.2385000"><ele>262.7</ele></trkpt><trkpt lat="47.9021200" lon="7.2383500"><ele>263.1</ele></trkpt><trkpt lat="47.9020600" lon="7.2377300"><ele>263.5</ele></trkpt><trkpt lat="47.9019800" lon="7.2370200"><ele>263.9</ele></trkpt><trkpt lat="47.9019100" lon="7.2370400"><ele>264.2</ele></trkpt><trkpt lat="47.9017800" lon="7.2370300"><ele>264.4</ele></trkpt><trkpt lat="47.9016500" lon="7.2370500"><ele>264.6</ele></trkpt><trkpt lat="47.9015700" lon="7.2369600"><ele>264.6</ele></trkpt><trkpt lat="47.9014900" lon="7.2370000"><ele>264.4</ele></trkpt><trkpt lat="47.9013700" lon="7.2369500"><ele>264.8</ele></trkpt><trkpt lat="47.9012700" lon="7.2368900"><ele>265.3</ele></trkpt><trkpt lat="47.9007800" lon="7.2367800"><ele>265.8</ele></trkpt><trkpt lat="47.9006000" lon="7.2367300"><ele>266.5</ele></trkpt><trkpt lat="47.9002100" lon="7.2370100"><ele>267.3</ele></trkpt><trkpt lat="47.9001700" lon="7.2370200"><ele>267.4</ele></trkpt><trkpt lat="47.9001300" lon="7.2369700"><ele>267.5</ele></trkpt><trkpt lat="47.9001200" lon="7.2369300"><ele>267.7</ele></trkpt><trkpt lat="47.9001100" lon="7.2368900"><ele>267.5</ele></trkpt><trkpt lat="47.9001100" lon="7.2368400"><ele>267.3</ele></trkpt><trkpt lat="47.8999100" lon="7.2347900"><ele>266.9</ele></trkpt><trkpt lat="47.8998900" lon="7.2344800"><ele>266.5</ele></trkpt><trkpt lat="47.8998600" lon="7.2341600"><ele>266.0</ele></trkpt><trkpt lat="47.8998400" lon="7.2339700"><ele>266.0</ele></trkpt><trkpt lat="47.8997400" lon="7.2337200"><ele>266.4</ele></trkpt><trkpt lat="47.8997400" lon="7.2335600"><ele>267.0</ele></trkpt><trkpt lat="47.8997300" lon="7.2334800"><ele>267.6</ele></trkpt><trkpt lat="47.8999000" lon="7.2335700"><ele>268.0</ele></trkpt><trkpt lat="47.9000300" lon="7.2335700"><ele>268.4</ele></trkpt><trkpt lat="47.9001200" lon="7.2335500"><ele>268.6</ele></trkpt><trkpt lat="47.9002300" lon="7.2334600"><ele>269.1</ele></trkpt><trkpt lat="47.9003200" lon="7.2333100"><ele>269.1</ele></trkpt><trkpt lat="47.9003800" lon="7.2331300"><ele>269.1</ele></trkpt><trkpt lat="47.9004000" lon="7.2328100"><ele>269.1</ele></trkpt><trkpt lat="47.9004600" lon="7.2319100"><ele>269.2</ele></trkpt><trkpt lat="47.9004300" lon="7.2318000"><ele>269.0</ele></trkpt><trkpt lat="47.9003900" lon="7.2317100"><ele>269.4</ele></trkpt><trkpt lat="47.9003800" lon="7.2316400"><ele>269.7</ele></trkpt><trkpt lat="47.9004100" lon="7.2311500"><ele>270.0</ele></trkpt><trkpt lat="47.9004000" lon="7.2310400"><ele>269.9</ele></trkpt><trkpt lat="47.9003600" lon="7.2310500"><ele>269.8</ele></trkpt><trkpt lat="47.9000200" lon="7.2311100"><ele>269.9</ele></trkpt><trkpt lat="47.9000300" lon="7.2308100"><ele>269.9</ele></trkpt><trkpt lat="47.9000500" lon="7.2304900"><ele>270.0</ele></trkpt><trkpt lat="47.9000700" lon="7.2303100"><ele>270.5</ele></trkpt><trkpt lat="47.9001000" lon="7.2301100"><ele>271.0</ele></trkpt><trkpt lat="47.9001700" lon="7.2299100"><ele>271.3</ele></trkpt><trkpt lat="47.9002600" lon="7.2296200"><ele>271.8</ele></trkpt><trkpt lat="47.9003700" lon="7.2293400"><ele>272.2</ele></trkpt><trkpt lat="47.9005700" lon="7.2288800"><ele>272.1</ele></trkpt><trkpt lat="47.9006600" lon="7.2286800"><ele>271.9</ele></trkpt><trkpt lat="47.9007000" lon="7.2285600"><ele>272.5</ele></trkpt><trkpt lat="47.9007200" lon="7.2285100"><ele>273.1</ele></trkpt><trkpt lat="47.9008500" lon="7.2279600"><ele>273.6</ele></trkpt><trkpt lat="47.9009000" lon="7.2275700"><ele>274.9</ele></trkpt><trkpt lat="47.9009700" lon="7.2271500"><ele>276.1</ele></trkpt><trkpt lat="47.9010300" lon="7.2268000"><ele>276.5</ele></trkpt><trkpt lat="47.9011300" lon="7.2262800"><ele>276.7</ele></trkpt><trkpt lat="47.9011400" lon="7.2262200"><ele>277.0</ele></trkpt><trkpt lat="47.9011500" lon="7.2261700"><ele>276.5</ele></trkpt><trkpt lat="47.9011400" lon="7.2261400"><ele>276.3</ele></trkpt><trkpt lat="47.9006900" lon="7.2260100"><ele>276.3</ele></trkpt><trkpt lat="47.9008900" lon="7.2251800"><ele>276.6</ele></trkpt><trkpt lat="47.9011200" lon="7.2245400"><ele>277.0</ele></trkpt><trkpt lat="47.9011800" lon="7.2243500"><ele>277.9</ele></trkpt><trkpt lat="47.9013500" lon="7.2238900"><ele>278.7</ele></trkpt><trkpt lat="47.9013600" lon="7.2237500"><ele>279.2</ele></trkpt><trkpt lat="47.9013600" lon="7.2236800"><ele>279.5</ele></trkpt><trkpt lat="47.9013500" lon="7.2236500"><ele>279.1</ele></trkpt><trkpt lat="47.9013300" lon="7.2236100"><ele>278.9</ele></trkpt><trkpt lat="47.9012400" lon="7.2234200"><ele>278.5</ele></trkpt><trkpt lat="47.9011900" lon="7.2232900"><ele>278.2</ele></trkpt><trkpt lat="47.9011900" lon="7.2232500"><ele>278.1</ele></trkpt><trkpt lat="47.9011900" lon="7.2232200"><ele>278.5</ele></trkpt><trkpt lat="47.9012900" lon="7.2231400"><ele>278.7</ele></trkpt><trkpt lat="47.9016200" lon="7.2228200"><ele>278.8</ele></trkpt><trkpt lat="47.9016700" lon="7.2227800"><ele>279.0</ele></trkpt><trkpt lat="47.9017200" lon="7.2227300"><ele>278.5</ele></trkpt><trkpt lat="47.9017400" lon="7.2226700"><ele>278.1</ele></trkpt><trkpt lat="47.9017400" lon="7.2225900"><ele>277.8</ele></trkpt><trkpt lat="47.9017300" lon="7.2225000"><ele>277.4</ele></trkpt><trkpt lat="47.9017400" lon="7.2224500"><ele>277.1</ele></trkpt><trkpt lat="47.9017700" lon="7.2224100"><ele>277.5</ele></trkpt><trkpt lat="47.9018000" lon="7.2223900"><ele>277.8</ele></trkpt><trkpt lat="47.9018200" lon="7.2223800"><ele>278.1</ele></trkpt><trkpt lat="47.9018600" lon="7.2223900"><ele>278.7</ele></trkpt><trkpt lat="47.9018900" lon="7.2221500"><ele>279.3</ele></trkpt><trkpt lat="47.9019700" lon="7.2214900"><ele>279.7</ele></trkpt><trkpt lat="47.9020100" lon="7.2212800"><ele>280.2</ele></trkpt><trkpt lat="47.9020600" lon="7.2210800"><ele>281.2</ele></trkpt><trkpt lat="47.9021000" lon="7.2209300"><ele>281.6</ele></trkpt><trkpt lat="47.9021900" lon="7.2206500"><ele>282.0</ele></trkpt><trkpt lat="47.9023000" lon="7.2203800"><ele>282.3</ele></trkpt><trkpt lat="47.9025000" lon="7.2200200"><ele>283.0</ele></trkpt><trkpt lat="47.9025600" lon="7.2199300"><ele>283.2</ele></trkpt><trkpt lat="47.9027900" lon="7.2195500"><ele>283.6</ele></trkpt><trkpt lat="47.9032300" lon="7.2186300"><ele>284.0</ele></trkpt><trkpt lat="47.9032900" lon="7.2185200"><ele>284.4</ele></trkpt><trkpt lat="47.9033500" lon="7.2184300"><ele>284.4</ele></trkpt><trkpt lat="47.9035900" lon="7.2179300"><ele>284.6</ele></trkpt><trkpt lat="47.9037200" lon="7.2177700"><ele>284.7</ele></trkpt><trkpt lat="47.9037400" lon="7.2177400"><ele>284.8</ele></trkpt><trkpt lat="47.9036100" lon="7.2174900"><ele>284.7</ele></trkpt><trkpt lat="47.9035900" lon="7.2174300"><ele>285.2</ele></trkpt><trkpt lat="47.9030800" lon="7.2176500"><ele>285.8</ele></trkpt><trkpt lat="47.9027300" lon="7.2178100"><ele>287.0</ele></trkpt><trkpt lat="47.9023100" lon="7.2179900"><ele>286.7</ele></trkpt><trkpt lat="47.9019200" lon="7.2181700"><ele>286.4</ele></trkpt><trkpt lat="47.9015400" lon="7.2184800"><ele>285.6</ele></trkpt><trkpt lat="47.9014700" lon="7.2185500"><ele>284.3</ele></trkpt><trkpt lat="47.9013700" lon="7.2186200"><ele>282.4</ele></trkpt><trkpt lat="47.9009000" lon="7.2190300"><ele>281.8</ele></trkpt><trkpt lat="47.9008300" lon="7.2190900"><ele>281.5</ele></trkpt><trkpt lat="47.9006700" lon="7.2192300"><ele>281.3</ele></trkpt><trkpt lat="47.9002500" lon="7.2195900"><ele>280.9</ele></trkpt><trkpt lat="47.9002000" lon="7.2196400"><ele>280.5</ele></trkpt><trkpt lat="47.8998300" lon="7.2199600"><ele>280.3</ele></trkpt><trkpt lat="47.8997200" lon="7.2200600"><ele>280.0</ele></trkpt><trkpt lat="47.8996300" lon="7.2200500"><ele>279.5</ele></trkpt><trkpt lat="47.8995100" lon="7.2200200"><ele>279.4</ele></trkpt><trkpt lat="47.8994700" lon="7.2200100"><ele>279.2</ele></trkpt><trkpt lat="47.8994300" lon="7.2199900"><ele>279.1</ele></trkpt><trkpt lat="47.8993700" lon="7.2201500"><ele>278.8</ele></trkpt><trkpt lat="47.8991600" lon="7.2205500"><ele>278.2</ele></trkpt><trkpt lat="47.8990300" lon="7.2206600"><ele>277.6</ele></trkpt><trkpt lat="47.8981700" lon="7.2214200"><ele>277.1</ele></trkpt><trkpt lat="47.8980800" lon="7.2214900"><ele>276.2</ele></trkpt><trkpt lat="47.8978700" lon="7.2216800"><ele>276.0</ele></trkpt><trkpt lat="47.8974100" lon="7.2220800"><ele>275.4</ele></trkpt><trkpt lat="47.8973400" lon="7.2221400"><ele>274.8</ele></trkpt><trkpt lat="47.8963800" lon="7.2229500"><ele>273.9</ele></trkpt><trkpt lat="47.8963100" lon="7.2230100"><ele>273.5</ele></trkpt><trkpt lat="47.8957400" lon="7.2235100"><ele>272.5</ele></trkpt><trkpt lat="47.8956300" lon="7.2236000"><ele>272.0</ele></trkpt><trkpt lat="47.8955100" lon="7.2237000"><ele>271.6</ele></trkpt><trkpt lat="47.8949500" lon="7.2241800"><ele>271.2</ele></trkpt><trkpt lat="47.8947000" lon="7.2244100"><ele>270.9</ele></trkpt><trkpt lat="47.8943000" lon="7.2247700"><ele>270.6</ele></trkpt><trkpt lat="47.8942500" lon="7.2248100"><ele>270.6</ele></trkpt><trkpt lat="47.8941700" lon="7.2248900"><ele>270.3</ele></trkpt><trkpt lat="47.8937600" lon="7.2252500"><ele>270.4</ele></trkpt><trkpt lat="47.8934100" lon="7.2255300"><ele>270.2</ele></trkpt><trkpt lat="47.8933300" lon="7.2255900"><ele>269.9</ele></trkpt><trkpt lat="47.8930000" lon="7.2258000"><ele>269.5</ele></trkpt><trkpt lat="47.8928400" lon="7.2258700"><ele>269.5</ele></trkpt><trkpt lat="47.8926700" lon="7.2259600"><ele>269.1</ele></trkpt><trkpt lat="47.8925000" lon="7.2259900"><ele>268.8</ele></trkpt><trkpt lat="47.8923300" lon="7.2260300"><ele>268.8</ele></trkpt><trkpt lat="47.8921000" lon="7.2259900"><ele>269.0</ele></trkpt><trkpt lat="47.8918700" lon="7.2259600"><ele>269.5</ele></trkpt><trkpt lat="47.8917000" lon="7.2259300"><ele>269.8</ele></trkpt><trkpt lat="47.8914900" lon="7.2259200"><ele>270.4</ele></trkpt><trkpt lat="47.8909900" lon="7.2259600"><ele>270.6</ele></trkpt><trkpt lat="47.8908900" lon="7.2259800"><ele>270.5</ele></trkpt><trkpt lat="47.8906600" lon="7.2260200"><ele>269.9</ele></trkpt><trkpt lat="47.8903900" lon="7.2260800"><ele>269.7</ele></trkpt><trkpt lat="47.8901700" lon="7.2261600"><ele>269.4</ele></trkpt><trkpt lat="47.8900600" lon="7.2262000"><ele>269.4</ele></trkpt><trkpt lat="47.8899000" lon="7.2262800"><ele>269.3</ele></trkpt><trkpt lat="47.8897000" lon="7.2264000"><ele>269.4</ele></trkpt><trkpt lat="47.8894900" lon="7.2265800"><ele>269.1</ele></trkpt><trkpt lat="47.8893600" lon="7.2267400"><ele>269.2</ele></trkpt><trkpt lat="47.8892500" lon="7.2268700"><ele>268.8</ele></trkpt><trkpt lat="47.8891300" lon="7.2269900"><ele>269.2</ele></trkpt><trkpt lat="47.8890500" lon="7.2270700"><ele>269.1</ele></trkpt><trkpt lat="47.8889500" lon="7.2271500"><ele>269.4</ele></trkpt><trkpt lat="47.8888100" lon="7.2272600"><ele>270.1</ele></trkpt><trkpt lat="47.8887700" lon="7.2270700"><ele>270.7</ele></trkpt><trkpt lat="47.8887200" lon="7.2268300"><ele>270.7</ele></trkpt><trkpt lat="47.8886400" lon="7.2264800"><ele>271.3</ele></trkpt><trkpt lat="47.8886300" lon="7.2264500"><ele>271.6</ele></trkpt><trkpt lat="47.8886200" lon="7.2264300"><ele>271.6</ele></trkpt><trkpt lat="47.8886100" lon="7.2264200"><ele>271.6</ele></trkpt><trkpt lat="47.8885900" lon="7.2264100"><ele>271.7</ele></trkpt><trkpt lat="47.8885700" lon="7.2264100"><ele>271.9</ele></trkpt><trkpt lat="47.8885400" lon="7.2264200"><ele>271.9</ele></trkpt><trkpt lat="47.8880900" lon="7.2266100"><ele>271.7</ele></trkpt><trkpt lat="47.8876600" lon="7.2267800"><ele>271.5</ele></trkpt><trkpt lat="47.8876000" lon="7.2268000"><ele>271.3</ele></trkpt><trkpt lat="47.8875700" lon="7.2268100"><ele>271.0</ele></trkpt><trkpt lat="47.8875300" lon="7.2268100"><ele>270.9</ele></trkpt><trkpt lat="47.8874900" lon="7.2268000"><ele>271.0</ele></trkpt><trkpt lat="47.8874600" lon="7.2267900"><ele>271.2</ele></trkpt><trkpt lat="47.8873800" lon="7.2267500"><ele>271.5</ele></trkpt><trkpt lat="47.8872200" lon="7.2266800"><ele>272.0</ele></trkpt><trkpt lat="47.8871400" lon="7.2266400"><ele>272.4</ele></trkpt><trkpt lat="47.8870600" lon="7.2266200"><ele>272.8</ele></trkpt><trkpt lat="47.8869900" lon="7.2266000"><ele>272.9</ele></trkpt><trkpt lat="47.8869400" lon="7.2266000"><ele>273.1</ele></trkpt><trkpt lat="47.8868800" lon="7.2266100"><ele>273.2</ele></trkpt><trkpt lat="47.8868300" lon="7.2266200"><ele>273.4</ele></trkpt><trkpt lat="47.8867800" lon="7.2266400"><ele>273.6</ele></trkpt><trkpt lat="47.8867400" lon="7.2266600"><ele>273.7</ele></trkpt><trkpt lat="47.8866800" lon="7.2266800"><ele>274.1</ele></trkpt><trkpt lat="47.8864300" lon="7.2268500"><ele>274.0</ele></trkpt><trkpt lat="47.8862500" lon="7.2269700"><ele>273.9</ele></trkpt><trkpt lat="47.8860600" lon="7.2271000"><ele>274.0</ele></trkpt><trkpt lat="47.8860000" lon="7.2271100"><ele>274.2</ele></trkpt><trkpt lat="47.8859200" lon="7.2271100"><ele>274.2</ele></trkpt><trkpt lat="47.8858500" lon="7.2270900"><ele>274.4</ele></trkpt><trkpt lat="47.8856800" lon="7.2270500"><ele>274.6</ele></trkpt><trkpt lat="47.8854700" lon="7.2269600"><ele>274.7</ele></trkpt><trkpt lat="47.8853900" lon="7.2269100"><ele>275.0</ele></trkpt><trkpt lat="47.8853100" lon="7.2268500"><ele>275.4</ele></trkpt><trkpt lat="47.8852200" lon="7.2267700"><ele>275.8</ele></trkpt><trkpt lat="47.8849900" lon="7.2265200"><ele>276.1</ele></trkpt><trkpt lat="47.8847000" lon="7.2261500"><ele>276.6</ele></trkpt><trkpt lat="47.8843300" lon="7.2256200"><ele>276.9</ele></trkpt><trkpt lat="47.8842500" lon="7.2255300"><ele>277.1</ele></trkpt><trkpt lat="47.8841900" lon="7.2254600"><ele>277.4</ele></trkpt><trkpt lat="47.8841400" lon="7.2254200"><ele>277.8</ele></trkpt><trkpt lat="47.8840900" lon="7.2254000"><ele>278.1</ele></trkpt><trkpt lat="47.8840300" lon="7.2253800"><ele>278.3</ele></trkpt><trkpt lat="47.8838200" lon="7.2253800"><ele>278.6</ele></trkpt><trkpt lat="47.8836400" lon="7.2253800"><ele>278.9</ele></trkpt><trkpt lat="47.8833400" lon="7.2253900"><ele>279.2</ele></trkpt><trkpt lat="47.8830700" lon="7.2253900"><ele>279.4</ele></trkpt><trkpt lat="47.8829600" lon="7.2253700"><ele>279.6</ele></trkpt><trkpt lat="47.8828900" lon="7.2253300"><ele>279.6</ele></trkpt><trkpt lat="47.8827000" lon="7.2252000"><ele>279.6</ele></trkpt><trkpt lat="47.8826100" lon="7.2251400"><ele>279.6</ele></trkpt><trkpt lat="47.8824200" lon="7.2250100"><ele>279.5</ele></trkpt><trkpt lat="47.8823700" lon="7.2249800"><ele>279.5</ele></trkpt><trkpt lat="47.8823100" lon="7.2249500"><ele>279.4</ele></trkpt><trkpt lat="47.8822600" lon="7.2249300"><ele>279.3</ele></trkpt><trkpt lat="47.8822600" lon="7.2249000"><ele>279.1</ele></trkpt><trkpt lat="47.8822600" lon="7.2248600"><ele>279.1</ele></trkpt><trkpt lat="47.8822400" lon="7.2248300"><ele>279.1</ele></trkpt><trkpt lat="47.8822300" lon="7.2248100"><ele>279.1</ele></trkpt><trkpt lat="47.8822100" lon="7.2248000"><ele>279.2</ele></trkpt><trkpt lat="47.8821800" lon="7.2248000"><ele>279.3</ele></trkpt><trkpt lat="47.8821500" lon="7.2247000"><ele>279.4</ele></trkpt><trkpt lat="47.8821100" lon="7.2245700"><ele>279.5</ele></trkpt><trkpt lat="47.8821100" lon="7.2245400"><ele>279.6</ele></trkpt><trkpt lat="47.8821000" lon="7.2245200"><ele>279.8</ele></trkpt><trkpt lat="47.8820100" lon="7.2241900"><ele>280.0</ele></trkpt><trkpt lat="47.8819600" lon="7.2239600"><ele>280.2</ele></trkpt><trkpt lat="47.8819200" lon="7.2237600"><ele>280.5</ele></trkpt><trkpt lat="47.8817800" lon="7.2230800"><ele>280.7</ele></trkpt><trkpt lat="47.8817700" lon="7.2230300"><ele>280.9</ele></trkpt><trkpt lat="47.8817500" lon="7.2229200"><ele>281.3</ele></trkpt><trkpt lat="47.8816500" lon="7.2224200"><ele>281.6</ele></trkpt><trkpt lat="47.8815700" lon="7.2220000"><ele>281.8</ele></trkpt><trkpt lat="47.8814200" lon="7.2212300"><ele>282.1</ele></trkpt><trkpt lat="47.8814000" lon="7.2211300"><ele>282.8</ele></trkpt><trkpt lat="47.8813800" lon="7.2210300"><ele>283.4</ele></trkpt><trkpt lat="47.8811800" lon="7.2200600"><ele>283.9</ele></trkpt><trkpt lat="47.8811000" lon="7.2196700"><ele>284.4</ele></trkpt><trkpt lat="47.8810900" lon="7.2196200"><ele>284.9</ele></trkpt><trkpt lat="47.8810800" lon="7.2195800"><ele>284.9</ele></trkpt><trkpt lat="47.8810600" lon="7.2194700"><ele>285.1</ele></trkpt><trkpt lat="47.8810100" lon="7.2192000"><ele>285.4</ele></trkpt><trkpt lat="47.8809100" lon="7.2186800"><ele>285.7</ele></trkpt><trkpt lat="47.8807800" lon="7.2179100"><ele>286.1</ele></trkpt><trkpt lat="47.8807600" lon="7.2177900"><ele>286.5</ele></trkpt><trkpt lat="47.8807400" lon="7.2176500"><ele>286.7</ele></trkpt><trkpt lat="47.8807200" lon="7.2174900"><ele>287.0</ele></trkpt><trkpt lat="47.8807100" lon="7.2174500"><ele>287.1</ele></trkpt><trkpt lat="47.8806500" lon="7.2174500"><ele>287.6</ele></trkpt><trkpt lat="47.8806400" lon="7.2173500"><ele>287.9</ele></trkpt><trkpt lat="47.8805500" lon="7.2167800"><ele>288.5</ele></trkpt><trkpt lat="47.8805300" lon="7.2166700"><ele>289.3</ele></trkpt><trkpt lat="47.8802900" lon="7.2151200"><ele>290.4</ele></trkpt><trkpt lat="47.8801800" lon="7.2143400"><ele>291.4</ele></trkpt><trkpt lat="47.8796600" lon="7.2145600"><ele>292.4</ele></trkpt><trkpt lat="47.8786400" lon="7.2149300"><ele>293.2</ele></trkpt><trkpt lat="47.8783600" lon="7.2149900"><ele>293.9</ele></trkpt><trkpt lat="47.8780800" lon="7.2150100"><ele>294.4</ele></trkpt><trkpt lat="47.8776000" lon="7.2150100"><ele>294.7</ele></trkpt><trkpt lat="47.8770800" lon="7.2149400"><ele>295.0</ele></trkpt><trkpt lat="47.8769200" lon="7.2149400"><ele>295.2</ele></trkpt><trkpt lat="47.8767200" lon="7.2149600"><ele>295.1</ele></trkpt><trkpt lat="47.8765900" lon="7.2150200"><ele>295.1</ele></trkpt><trkpt lat="47.8763100" lon="7.2152500"><ele>295.5</ele></trkpt><trkpt lat="47.8761200" lon="7.2153900"><ele>295.6</ele></trkpt><trkpt lat="47.8759200" lon="7.2154900"><ele>296.1</ele></trkpt><trkpt lat="47.8757300" lon="7.2155300"><ele>296.4</ele></trkpt><trkpt lat="47.8756700" lon="7.2155300"><ele>296.3</ele></trkpt><trkpt lat="47.8751500" lon="7.2155100"><ele>296.0</ele></trkpt><trkpt lat="47.8751100" lon="7.2155000"><ele>295.9</ele></trkpt><trkpt lat="47.8750800" lon="7.2155000"><ele>295.5</ele></trkpt><trkpt lat="47.8750700" lon="7.2156300"><ele>295.2</ele></trkpt><trkpt lat="47.8750600" lon="7.2158600"><ele>295.2</ele></trkpt><trkpt lat="47.8749400" lon="7.2161000"><ele>295.4</ele></trkpt><trkpt lat="47.8749100" lon="7.2161500"><ele>295.4</ele></trkpt><trkpt lat="47.8748000" lon="7.2160800"><ele>295.6</ele></trkpt><trkpt lat="47.8747700" lon="7.2160600"><ele>295.6</ele></trkpt><trkpt lat="47.8747200" lon="7.2160400"><ele>295.7</ele></trkpt><trkpt lat="47.8742500" lon="7.2159100"><ele>296.2</ele></trkpt><trkpt lat="47.8742200" lon="7.2159900"><ele>296.1</ele></trkpt><trkpt lat="47.8742000" lon="7.2160700"><ele>295.7</ele></trkpt><trkpt lat="47.8741100" lon="7.2161900"><ele>295.1</ele></trkpt><trkpt lat="47.8738500" lon="7.2165300"><ele>295.0</ele></trkpt><trkpt lat="47.8736300" lon="7.2168100"><ele>294.9</ele></trkpt><trkpt lat="47.8735300" lon="7.2169200"><ele>294.6</ele></trkpt><trkpt lat="47.8732200" lon="7.2171800"><ele>294.2</ele></trkpt><trkpt lat="47.8725700" lon="7.2175000"><ele>293.9</ele></trkpt><trkpt lat="47.8723400" lon="7.2176200"><ele>293.5</ele></trkpt><trkpt lat="47.8722900" lon="7.2176500"><ele>292.6</ele></trkpt><trkpt lat="47.8722000" lon="7.2176700"><ele>290.3</ele></trkpt><trkpt lat="47.8718700" lon="7.2177000"><ele>287.5</ele></trkpt><trkpt lat="47.8709200" lon="7.2176600"><ele>284.7</ele></trkpt><trkpt lat="47.8706700" lon="7.2175900"><ele>281.6</ele></trkpt><trkpt lat="47.8704800" lon="7.2174700"><ele>278.9</ele></trkpt><trkpt lat="47.8703900" lon="7.2173900"><ele>276.5</ele></trkpt><trkpt lat="47.8703100" lon="7.2173500"><ele>275.0</ele></trkpt><trkpt lat="47.8695200" lon="7.2169900"><ele>273.5</ele></trkpt><trkpt lat="47.8694200" lon="7.2169200"><ele>272.0</ele></trkpt><trkpt lat="47.8693400" lon="7.2168400"><ele>270.4</ele></trkpt><trkpt lat="47.8690700" lon="7.2164800"><ele>269.3</ele></trkpt><trkpt lat="47.8689500" lon="7.2163800"><ele>267.6</ele></trkpt><trkpt lat="47.8685600" lon="7.2161100"><ele>264.8</ele></trkpt><trkpt lat="47.8684400" lon="7.2160500"><ele>261.9</ele></trkpt><trkpt lat="47.8670000" lon="7.2160100"><ele>258.6</ele></trkpt><trkpt lat="47.8665100" lon="7.2159800"><ele>256.0</ele></trkpt><trkpt lat="47.8655900" lon="7.2158800"><ele>254.2</ele></trkpt><trkpt lat="47.8646700" lon="7.2158300"><ele>253.5</ele></trkpt><trkpt lat="47.8636000" lon="7.2157100"><ele>253.1</ele></trkpt><trkpt lat="47.8635400" lon="7.2156600"><ele>253.1</ele></trkpt><trkpt lat="47.8634800" lon="7.2157300"><ele>253.4</ele></trkpt><trkpt lat="47.8633400" lon="7.2157600"><ele>253.3</ele></trkpt><trkpt lat="47.8632800" lon="7.2157600"><ele>253.3</ele></trkpt><trkpt lat="47.8632100" lon="7.2157500"><ele>253.3</ele></trkpt><trkpt lat="47.8631600" lon="7.2157500"><ele>253.3</ele></trkpt><trkpt lat="47.8627500" lon="7.2156900"><ele>253.1</ele></trkpt><trkpt lat="47.8626900" lon="7.2157100"><ele>253.0</ele></trkpt><trkpt lat="47.8626600" lon="7.2157700"><ele>253.1</ele></trkpt><trkpt lat="47.8626300" lon="7.2160400"><ele>253.3</ele></trkpt><trkpt lat="47.8626000" lon="7.2162200"><ele>253.8</ele></trkpt><trkpt lat="47.8625700" lon="7.2162800"><ele>254.5</ele></trkpt><trkpt lat="47.8623400" lon="7.2165100"><ele>255.3</ele></trkpt><trkpt lat="47.8622700" lon="7.2166300"><ele>255.3</ele></trkpt><trkpt lat="47.8622300" lon="7.2167500"><ele>255.5</ele></trkpt><trkpt lat="47.8621500" lon="7.2169900"><ele>255.3</ele></trkpt><trkpt lat="47.8620700" lon="7.2172100"><ele>255.0</ele></trkpt><trkpt lat="47.8620300" lon="7.2172700"><ele>254.4</ele></trkpt><trkpt lat="47.8619800" lon="7.2173000"><ele>254.6</ele></trkpt><trkpt lat="47.8619400" lon="7.2173000"><ele>254.8</ele></trkpt><trkpt lat="47.8615700" lon="7.2169300"><ele>254.9</ele></trkpt><trkpt lat="47.8615200" lon="7.2168900"><ele>255.0</ele></trkpt><trkpt lat="47.8614800" lon="7.2168700"><ele>255.5</ele></trkpt><trkpt lat="47.8613800" lon="7.2168200"><ele>256.0</ele></trkpt><trkpt lat="47.8611200" lon="7.2167700"><ele>256.4</ele></trkpt><trkpt lat="47.8606600" lon="7.2167000"><ele>256.9</ele></trkpt><trkpt lat="47.8606100" lon="7.2167100"><ele>257.3</ele></trkpt><trkpt lat="47.8605600" lon="7.2167300"><ele>257.2</ele></trkpt><trkpt lat="47.8605000" lon="7.2166400"><ele>257.4</ele></trkpt><trkpt lat="47.8604200" lon="7.2165800"><ele>257.8</ele></trkpt><trkpt lat="47.8602800" lon="7.2165100"><ele>258.3</ele></trkpt><trkpt lat="47.8599700" lon="7.2164200"><ele>260.3</ele></trkpt><trkpt lat="47.8598700" lon="7.2164000"><ele>262.8</ele></trkpt><trkpt lat="47.8592800" lon="7.2163200"><ele>264.7</ele></trkpt><trkpt lat="47.8589700" lon="7.2163300"><ele>266.3</ele></trkpt><trkpt lat="47.8583800" lon="7.2164700"><ele>268.0</ele></trkpt><trkpt lat="47.8582900" lon="7.2164900"><ele>268.2</ele></trkpt><trkpt lat="47.8580900" lon="7.2165200"><ele>268.0</ele></trkpt><trkpt lat="47.8574300" lon="7.2165200"><ele>268.3</ele></trkpt><trkpt lat="47.8572700" lon="7.2165500"><ele>268.8</ele></trkpt><trkpt lat="47.8571800" lon="7.2166000"><ele>269.8</ele></trkpt><trkpt lat="47.8571000" lon="7.2167900"><ele>269.5</ele></trkpt><trkpt lat="47.8570400" lon="7.2170600"><ele>268.3</ele></trkpt><trkpt lat="47.8569400" lon="7.2175900"><ele>267.2</ele></trkpt><trkpt lat="47.8567500" lon="7.2185100"><ele>265.7</ele></trkpt><trkpt lat="47.8566700" lon="7.2190500"><ele>263.8</ele></trkpt><trkpt lat="47.8565900" lon="7.2195500"><ele>263.0</ele></trkpt><trkpt lat="47.8565300" lon="7.2196800"><ele>263.2</ele></trkpt><trkpt lat="47.8564600" lon="7.2197500"><ele>262.9</ele></trkpt><trkpt lat="47.8563600" lon="7.2197600"><ele>262.0</ele></trkpt><trkpt lat="47.8562400" lon="7.2197200"><ele>261.2</ele></trkpt><trkpt lat="47.8556900" lon="7.2193600"><ele>260.4</ele></trkpt><trkpt lat="47.8556000" lon="7.2193700"><ele>259.0</ele></trkpt><trkpt lat="47.8555100" lon="7.2194600"><ele>258.2</ele></trkpt><trkpt lat="47.8553900" lon="7.2196500"><ele>257.9</ele></trkpt><trkpt lat="47.8546200" lon="7.2212400"><ele>257.3</ele></trkpt><trkpt lat="47.8544200" lon="7.2215800"><ele>256.8</ele></trkpt><trkpt lat="47.8542900" lon="7.2217000"><ele>257.0</ele></trkpt><trkpt lat="47.8541600" lon="7.2217700"><ele>256.6</ele></trkpt><trkpt lat="47.8540800" lon="7.2218000"><ele>256.2</ele></trkpt><trkpt lat="47.8539300" lon="7.2217600"><ele>255.9</ele></trkpt><trkpt lat="47.8536900" lon="7.2216300"><ele>255.7</ele></trkpt><trkpt lat="47.8532500" lon="7.2212100"><ele>255.4</ele></trkpt><trkpt lat="47.8527400" lon="7.2206600"><ele>255.5</ele></trkpt><trkpt lat="47.8525000" lon="7.2203500"><ele>255.8</ele></trkpt><trkpt lat="47.8523700" lon="7.2201100"><ele>256.2</ele></trkpt><trkpt lat="47.8522500" lon="7.2198900"><ele>256.6</ele></trkpt><trkpt lat="47.8519600" lon="7.2194500"><ele>256.8</ele></trkpt><trkpt lat="47.8519200" lon="7.2195100"><ele>256.9</ele></trkpt><trkpt lat="47.8518100" lon="7.2197800"><ele>256.7</ele></trkpt><trkpt lat="47.8516500" lon="7.2202100"><ele>256.6</ele></trkpt><trkpt lat="47.8514900" lon="7.2206200"><ele>256.2</ele></trkpt><trkpt lat="47.8511300" lon="7.2214400"><ele>256.2</ele></trkpt><trkpt lat="47.8509100" lon="7.2219700"><ele>255.6</ele></trkpt><trkpt lat="47.8507800" lon="7.2222500"><ele>254.9</ele></trkpt><trkpt lat="47.8505700" lon="7.2227100"><ele>254.1</ele></trkpt><trkpt lat="47.8502500" lon="7.2223900"><ele>253.7</ele></trkpt><trkpt lat="47.8498800" lon="7.2220400"><ele>253.0</ele></trkpt><trkpt lat="47.8497100" lon="7.2219400"><ele>253.0</ele></trkpt><trkpt lat="47.8495200" lon="7.2218400"><ele>253.2</ele></trkpt><trkpt lat="47.8493500" lon="7.2217300"><ele>253.6</ele></trkpt><trkpt lat="47.8491200" lon="7.2215200"><ele>253.9</ele></trkpt><trkpt lat="47.8488400" lon="7.2212500"><ele>254.3</ele></trkpt><trkpt lat="47.8487200" lon="7.2211100"><ele>254.7</ele></trkpt><trkpt lat="47.8486800" lon="7.2210900"><ele>255.2</ele></trkpt><trkpt lat="47.8486400" lon="7.2211000"><ele>255.2</ele></trkpt><trkpt lat="47.8481600" lon="7.2217900"><ele>254.9</ele></trkpt><trkpt lat="47.8480600" lon="7.2218800"><ele>254.8</ele></trkpt><trkpt lat="47.8479500" lon="7.2219300"><ele>254.7</ele></trkpt><trkpt lat="47.8478500" lon="7.2219100"><ele>254.3</ele></trkpt><trkpt lat="47.8474200" lon="7.2214700"><ele>254.3</ele></trkpt><trkpt lat="47.8474000" lon="7.2214500"><ele>254.5</ele></trkpt><trkpt lat="47.8473800" lon="7.2215100"><ele>254.6</ele></trkpt><trkpt lat="47.8473500" lon="7.2215800"><ele>254.7</ele></trkpt><trkpt lat="47.8473100" lon="7.2215700"><ele>254.9</ele></trkpt><trkpt lat="47.8471800" lon="7.2215400"><ele>255.0</ele></trkpt><trkpt lat="47.8471300" lon="7.2215300"><ele>254.9</ele></trkpt><trkpt lat="47.8470900" lon="7.2215200"><ele>254.8</ele></trkpt><trkpt lat="47.8470000" lon="7.2214800"><ele>254.8</ele></trkpt><trkpt lat="47.8469100" lon="7.2214300"><ele>254.8</ele></trkpt><trkpt lat="47.8468000" lon="7.2213700"><ele>254.6</ele></trkpt><trkpt lat="47.8467100" lon="7.2213200"><ele>254.6</ele></trkpt><trkpt lat="47.8461000" lon="7.2209800"><ele>254.7</ele></trkpt><trkpt lat="47.8455800" lon="7.2207100"><ele>254.7</ele></trkpt><trkpt lat="47.8454000" lon="7.2206200"><ele>254.6</ele></trkpt><trkpt lat="47.8451300" lon="7.2204900"><ele>254.8</ele></trkpt><trkpt lat="47.8450600" lon="7.2204600"><ele>254.8</ele></trkpt><trkpt lat="47.8450100" lon="7.2204400"><ele>254.6</ele></trkpt><trkpt lat="47.8448800" lon="7.2203800"><ele>254.6</ele></trkpt><trkpt lat="47.8448700" lon="7.2203700"><ele>254.6</ele></trkpt><trkpt lat="47.8447400" lon="7.2203100"><ele>254.7</ele></trkpt><trkpt lat="47.8446200" lon="7.2202700"><ele>254.8</ele></trkpt><trkpt lat="47.8445600" lon="7.2202500"><ele>254.9</ele></trkpt><trkpt lat="47.8444800" lon="7.2202300"><ele>255.2</ele></trkpt><trkpt lat="47.8443700" lon="7.2202100"><ele>255.4</ele></trkpt><trkpt lat="47.8442600" lon="7.2201900"><ele>255.2</ele></trkpt><trkpt lat="47.8441400" lon="7.2201800"><ele>255.1</ele></trkpt><trkpt lat="47.8439900" lon="7.2201800"><ele>255.0</ele></trkpt><trkpt lat="47.8437100" lon="7.2202000"><ele>254.6</ele></trkpt><trkpt lat="47.8436300" lon="7.2202200"><ele>254.3</ele></trkpt><trkpt lat="47.8435600" lon="7.2202300"><ele>254.3</ele></trkpt><trkpt lat="47.8434900" lon="7.2202300"><ele>254.2</ele></trkpt><trkpt lat="47.8433400" lon="7.2202300"><ele>254.1</ele></trkpt><trkpt lat="47.8432500" lon="7.2202600"><ele>254.4</ele></trkpt><trkpt lat="47.8432400" lon="7.2202300"><ele>254.9</ele></trkpt><trkpt lat="47.8432100" lon="7.2201200"><ele>255.1</ele></trkpt><trkpt lat="47.8431700" lon="7.2200900"><ele>255.5</ele></trkpt><trkpt lat="47.8431000" lon="7.2200800"><ele>255.7</ele></trkpt><trkpt lat="47.8430100" lon="7.2200800"><ele>255.8</ele></trkpt><trkpt lat="47.8429500" lon="7.2200700"><ele>255.8</ele></trkpt><trkpt lat="47.8425300" lon="7.2199000"><ele>255.8</ele></trkpt><trkpt lat="47.8424400" lon="7.2198400"><ele>255.8</ele></trkpt><trkpt lat="47.8423700" lon="7.2197800"><ele>255.9</ele></trkpt><trkpt lat="47.8420300" lon="7.2193700"><ele>256.3</ele></trkpt><trkpt lat="47.8415500" lon="7.2186400"><ele>256.6</ele></trkpt><trkpt lat="47.8409400" lon="7.2179400"><ele>257.6</ele></trkpt><trkpt lat="47.8403800" lon="7.2173000"><ele>258.9</ele></trkpt><trkpt lat="47.8384700" lon="7.2148200"><ele>259.8</ele></trkpt><trkpt lat="47.8383400" lon="7.2146800"><ele>260.3</ele></trkpt><trkpt lat="47.8376700" lon="7.2159000"><ele>261.1</ele></trkpt><trkpt lat="47.8370000" lon="7.2171900"><ele>261.3</ele></trkpt><trkpt lat="47.8354500" lon="7.2201300"><ele>261.2</ele></trkpt><trkpt lat="47.8354000" lon="7.2201800"><ele>261.4</ele></trkpt><trkpt lat="47.8352900" lon="7.2198800"><ele>262.1</ele></trkpt><trkpt lat="47.8351400" lon="7.2196000"><ele>262.8</ele></trkpt><trkpt lat="47.8343000" lon="7.2182900"><ele>263.7</ele></trkpt><trkpt lat="47.8326100" lon="7.2164700"><ele>265.3</ele></trkpt><trkpt lat="47.8304400" lon="7.2140500"><ele>267.6</ele></trkpt><trkpt lat="47.8282400" lon="7.2116600"><ele>269.6</ele></trkpt><trkpt lat="47.8267900" lon="7.2085500"><ele>271.3</ele></trkpt><trkpt lat="47.8265900" lon="7.2080900"><ele>272.9</ele></trkpt><trkpt lat="47.8265700" lon="7.2080000"><ele>273.7</ele></trkpt><trkpt lat="47.8266100" lon="7.2079300"><ele>274.2</ele></trkpt><trkpt lat="47.8280700" lon="7.2063700"><ele>275.1</ele></trkpt><trkpt lat="47.8292700" lon="7.2050900"><ele>276.0</ele></trkpt><trkpt lat="47.8308400" lon="7.2031400"><ele>277.1</ele></trkpt><trkpt lat="47.8312900" lon="7.2026700"><ele>278.3</ele></trkpt><trkpt lat="47.8313700" lon="7.2025100"><ele>279.4</ele></trkpt><trkpt lat="47.8314100" lon="7.2023500"><ele>280.3</ele></trkpt><trkpt lat="47.8314100" lon="7.2019200"><ele>281.1</ele></trkpt><trkpt lat="47.8313900" lon="7.2016700"><ele>282.2</ele></trkpt><trkpt lat="47.8313400" lon="7.2014100"><ele>283.2</ele></trkpt><trkpt lat="47.8309600" lon="7.2004000"><ele>283.9</ele></trkpt><trkpt lat="47.8309100" lon="7.2002300"><ele>284.8</ele></trkpt><trkpt lat="47.8308200" lon="7.2001500"><ele>285.6</ele></trkpt><trkpt lat="47.8298400" lon="7.1983700"><ele>286.3</ele></trkpt><trkpt lat="47.8296400" lon="7.1980600"><ele>287.6</ele></trkpt><trkpt lat="47.8288600" lon="7.1964000"><ele>288.9</ele></trkpt><trkpt lat="47.8283700" lon="7.1953200"><ele>289.9</ele></trkpt><trkpt lat="47.8278100" lon="7.1945600"><ele>290.8</ele></trkpt><trkpt lat="47.8273400" lon="7.1939900"><ele>291.5</ele></trkpt><trkpt lat="47.8270600" lon="7.1934200"><ele>291.7</ele></trkpt><trkpt lat="47.8269000" lon="7.1930900"><ele>291.8</ele></trkpt><trkpt lat="47.8265900" lon="7.1923700"><ele>292.1</ele></trkpt><trkpt lat="47.8265800" lon="7.1923400"><ele>292.4</ele></trkpt><trkpt lat="47.8265200" lon="7.1922600"><ele>292.8</ele></trkpt><trkpt lat="47.8261500" lon="7.1919100"><ele>292.9</ele></trkpt><trkpt lat="47.8258400" lon="7.1916400"><ele>293.0</ele></trkpt><trkpt lat="47.8252700" lon="7.1912000"><ele>293.0</ele></trkpt><trkpt lat="47.8251500" lon="7.1910800"><ele>293.0</ele></trkpt><trkpt lat="47.8249900" lon="7.1909400"><ele>292.8</ele></trkpt><trkpt lat="47.8242400" lon="7.1902000"><ele>292.6</ele></trkpt><trkpt lat="47.8237200" lon="7.1898600"><ele>292.4</ele></trkpt><trkpt lat="47.8232500" lon="7.1894000"><ele>292.2</ele></trkpt><trkpt lat="47.8226200" lon="7.1886100"><ele>292.2</ele></trkpt><trkpt lat="47.8223100" lon="7.1881800"><ele>292.2</ele></trkpt><trkpt lat="47.8219800" lon="7.1876500"><ele>292.4</ele></trkpt><trkpt lat="47.8218600" lon="7.1874000"><ele>292.8</ele></trkpt><trkpt lat="47.8217800" lon="7.1872800"><ele>293.1</ele></trkpt><trkpt lat="47.8213700" lon="7.1869500"><ele>293.3</ele></trkpt><trkpt lat="47.8201300" lon="7.1859800"><ele>293.6</ele></trkpt><trkpt lat="47.8195100" lon="7.1855100"><ele>293.7</ele></trkpt><trkpt lat="47.8192800" lon="7.1853000"><ele>294.1</ele></trkpt><trkpt lat="47.8191400" lon="7.1851300"><ele>294.4</ele></trkpt><trkpt lat="47.8190000" lon="7.1849200"><ele>294.5</ele></trkpt><trkpt lat="47.8189500" lon="7.1848800"><ele>294.7</ele></trkpt><trkpt lat="47.8189100" lon="7.1848600"><ele>294.7</ele></trkpt><trkpt lat="47.8188600" lon="7.1848500"><ele>294.5</ele></trkpt><trkpt lat="47.8188100" lon="7.1848500"><ele>294.2</ele></trkpt><trkpt lat="47.8185900" lon="7.1847800"><ele>293.9</ele></trkpt><trkpt lat="47.8179800" lon="7.1846000"><ele>293.5</ele></trkpt><trkpt lat="47.8177900" lon="7.1845400"><ele>293.1</ele></trkpt><trkpt lat="47.8175600" lon="7.1844600"><ele>292.7</ele></trkpt><trkpt lat="47.8173400" lon="7.1844100"><ele>292.5</ele></trkpt><trkpt lat="47.8171800" lon="7.1844000"><ele>292.5</ele></trkpt><trkpt lat="47.8168500" lon="7.1844400"><ele>292.7</ele></trkpt><trkpt lat="47.8165700" lon="7.1845400"><ele>292.9</ele></trkpt><trkpt lat="47.8164900" lon="7.1838400"><ele>293.8</ele></trkpt><trkpt lat="47.8164900" lon="7.1836800"><ele>295.0</ele></trkpt><trkpt lat="47.8167700" lon="7.1820500"><ele>296.3</ele></trkpt><trkpt lat="47.8168900" lon="7.1812300"><ele>298.0</ele></trkpt><trkpt lat="47.8169400" lon="7.1810800"><ele>299.8</ele></trkpt><trkpt lat="47.8170600" lon="7.1809200"><ele>301.1</ele></trkpt><trkpt lat="47.8172000" lon="7.1807900"><ele>302.2</ele></trkpt><trkpt lat="47.8178700" lon="7.1801400"><ele>302.5</ele></trkpt><trkpt lat="47.8178100" lon="7.1800100"><ele>302.7</ele></trkpt><trkpt lat="47.8178000" lon="7.1799800"><ele>302.8</ele></trkpt><trkpt lat="47.8175800" lon="7.1795100"><ele>302.9</ele></trkpt><trkpt lat="47.8174500" lon="7.1792600"><ele>301.8</ele></trkpt><trkpt lat="47.8173700" lon="7.1791100"><ele>301.1</ele></trkpt><trkpt lat="47.8169300" lon="7.1784300"><ele>300.3</ele></trkpt><trkpt lat="47.8168900" lon="7.1784000"><ele>299.3</ele></trkpt><trkpt lat="47.8168800" lon="7.1783900"><ele>298.1</ele></trkpt><trkpt lat="47.8168000" lon="7.1783100"><ele>297.8</ele></trkpt><trkpt lat="47.8167200" lon="7.1782300"><ele>297.5</ele></trkpt><trkpt lat="47.8166200" lon="7.1781900"><ele>297.3</ele></trkpt><trkpt lat="47.8166000" lon="7.1781800"><ele>297.2</ele></trkpt><trkpt lat="47.8164900" lon="7.1781300"><ele>297.2</ele></trkpt><trkpt lat="47.8163200" lon="7.1781000"><ele>297.1</ele></trkpt><trkpt lat="47.8161000" lon="7.1781000"><ele>296.9</ele></trkpt><trkpt lat="47.8154700" lon="7.1781700"><ele>296.4</ele></trkpt><trkpt lat="47.8150700" lon="7.1782500"><ele>296.1</ele></trkpt><trkpt lat="47.8148900" lon="7.1782900"><ele>295.9</ele></trkpt><trkpt lat="47.8148600" lon="7.1782600"><ele>295.7</ele></trkpt><trkpt lat="47.8148300" lon="7.1782500"><ele>295.6</ele></trkpt><trkpt lat="47.8147900" lon="7.1782400"><ele>295.6</ele></trkpt><trkpt lat="47.8147600" lon="7.1782600"><ele>295.4</ele></trkpt><trkpt lat="47.8146200" lon="7.1781600"><ele>295.2</ele></trkpt><trkpt lat="47.8142500" lon="7.1780000"><ele>295.2</ele></trkpt><trkpt lat="47.8142400" lon="7.1779500"><ele>295.2</ele></trkpt><trkpt lat="47.8142200" lon="7.1779000"><ele>295.4</ele></trkpt><trkpt lat="47.8140300" lon="7.1776100"><ele>295.5</ele></trkpt><trkpt lat="47.8140200" lon="7.1776000"><ele>295.9</ele></trkpt><trkpt lat="47.8139500" lon="7.1775300"><ele>296.5</ele></trkpt><trkpt lat="47.8136200" lon="7.1771000"><ele>297.2</ele></trkpt><trkpt lat="47.8134200" lon="7.1767700"><ele>297.5</ele></trkpt><trkpt lat="47.8133300" lon="7.1766000"><ele>298.2</ele></trkpt><trkpt lat="47.8126700" lon="7.1754700"><ele>298.5</ele></trkpt><trkpt lat="47.8121900" lon="7.1747400"><ele>298.6</ele></trkpt><trkpt lat="47.8121300" lon="7.1746200"><ele>298.7</ele></trkpt><trkpt lat="47.8121700" lon="7.1745400"><ele>299.0</ele></trkpt><trkpt lat="47.8121800" lon="7.1744500"><ele>299.0</ele></trkpt><trkpt lat="47.8121600" lon="7.1743900"><ele>299.2</ele></trkpt><trkpt lat="47.8121200" lon="7.1743500"><ele>299.2</ele></trkpt><trkpt lat="47.8120600" lon="7.1743400"><ele>299.2</ele></trkpt><trkpt lat="47.8120100" lon="7.1743900"><ele>299.3</ele></trkpt><trkpt lat="47.8119800" lon="7.1744700"><ele>299.4</ele></trkpt><trkpt lat="47.8119000" lon="7.1744300"><ele>299.8</ele></trkpt><trkpt lat="47.8118200" lon="7.1743600"><ele>300.1</ele></trkpt><trkpt lat="47.8114700" lon="7.1739800"><ele>300.7</ele></trkpt><trkpt lat="47.8113700" lon="7.1738400"><ele>301.3</ele></trkpt><trkpt lat="47.8112500" lon="7.1736700"><ele>301.7</ele></trkpt><trkpt lat="47.8104450" lon="7.1747150" /><trkpt lat="47.8096400" lon="7.1757600" /><trkpt lat="47.8096360" lon="7.1771009" /><trkpt lat="47.8096320" lon="7.1784418" /><trkpt lat="47.8096280" lon="7.1797827" /><trkpt lat="47.8096240" lon="7.1811236" /><trkpt lat="47.8096200" lon="7.1824644" /><trkpt lat="47.8096160" lon="7.1838053" /><trkpt lat="47.8096120" lon="7.1851462" /><trkpt lat="47.8096080" lon="7.1864871" /><trkpt lat="47.8096040" lon="7.1878280" /><trkpt lat="47.8096000" lon="7.1891689" /><trkpt lat="47.8095960" lon="7.1905098" /><trkpt lat="47.8095920" lon="7.1918507" /><trkpt lat="47.8095880" lon="7.1931916" /><trkpt lat="47.8095840" lon="7.1945324" /><trkpt lat="47.8095800" lon="7.1958733" /><trkpt lat="47.8095760" lon="7.1972142" /><trkpt lat="47.8095720" lon="7.1985551" /><trkpt lat="47.8095680" lon="7.1998960" /><trkpt lat="47.8095640" lon="7.2012369" /><trkpt lat="47.8095600" lon="7.2025778" /><trkpt lat="47.8095560" lon="7.2039187" /><trkpt lat="47.8095520" lon="7.2052596" /><trkpt lat="47.8095480" lon="7.2066004" /><trkpt lat="47.8095440" lon="7.2079413" /><trkpt lat="47.8095400" lon="7.2092822" /><trkpt lat="47.8095360" lon="7.2106231" /><trkpt lat="47.8095320" lon="7.2119640" /><trkpt lat="47.8095280" lon="7.2133049" /><trkpt lat="47.8095240" lon="7.2146458" /><trkpt lat="47.8095200" lon="7.2159867" /><trkpt lat="47.8095160" lon="7.2173276" /><trkpt lat="47.8095120" lon="7.2186684" /><trkpt lat="47.8095080" lon="7.2200093" /><trkpt lat="47.8095040" lon="7.2213502" /><trkpt lat="47.8095000" lon="7.2226911" /><trkpt lat="47.8094960" lon="7.2240320" /><trkpt lat="47.8094920" lon="7.2253729" /><trkpt lat="47.8094880" lon="7.2267138" /><trkpt lat="47.8094840" lon="7.2280547" /><trkpt lat="47.8094800" lon="7.2293956" /><trkpt lat="47.8094760" lon="7.2307364" /><trkpt lat="47.8094720" lon="7.2320773" /><trkpt lat="47.8094680" lon="7.2334182" /><trkpt lat="47.8094640" lon="7.2347591" /><trkpt lat="47.8094600" lon="7.2361000" /><trkpt lat="47.8088246" lon="7.2370689" /><trkpt lat="47.8081891" lon="7.2380378" /><trkpt lat="47.8075537" lon="7.2390067" /><trkpt lat="47.8069183" lon="7.2399757" /><trkpt lat="47.8062828" lon="7.2409446" /><trkpt lat="47.8056474" lon="7.2419135" /><trkpt lat="47.8050120" lon="7.2428824" /><trkpt lat="47.8043765" lon="7.2438513" /><trkpt lat="47.8037411" lon="7.2448202" /><trkpt lat="47.8031057" lon="7.2457891" /><trkpt lat="47.8024702" lon="7.2467580" /><trkpt lat="47.8018348" lon="7.2477270" /><trkpt lat="47.8011993" lon="7.2486959" /><trkpt lat="47.8005639" lon="7.2496648" /><trkpt lat="47.7999285" lon="7.2506337" /><trkpt lat="47.7992930" lon="7.2516026" /><trkpt lat="47.7986576" lon="7.2525715" /><trkpt lat="47.7980222" lon="7.2535404" /><trkpt lat="47.7973867" lon="7.2545093" /><trkpt lat="47.7967513" lon="7.2554783" /><trkpt lat="47.7961159" lon="7.2564472" /><trkpt lat="47.7954804" lon="7.2574161" /><trkpt lat="47.7948450" lon="7.2583850" /><trkpt lat="47.7942096" lon="7.2593539" /><trkpt lat="47.7935741" lon="7.2603228" /><trkpt lat="47.7929387" lon="7.2612917" /><trkpt lat="47.7923033" lon="7.2622607" /><trkpt lat="47.7916678" lon="7.2632296" /><trkpt lat="47.7910324" lon="7.2641985" /><trkpt lat="47.7903970" lon="7.2651674" /><trkpt lat="47.7897615" lon="7.2661363" /><trkpt lat="47.7891261" lon="7.2671052" /><trkpt lat="47.7884907" lon="7.2680741" /><trkpt lat="47.7878552" lon="7.2690430" /><trkpt lat="47.7872198" lon="7.2700120" /><trkpt lat="47.7865843" lon="7.2709809" /><trkpt lat="47.7859489" lon="7.2719498" /><trkpt lat="47.7853135" lon="7.2729187" /><trkpt lat="47.7846780" lon="7.2738876" /><trkpt lat="47.7840426" lon="7.2748565" /><trkpt lat="47.7834072" lon="7.2758254" /><trkpt lat="47.7827717" lon="7.2767943" /><trkpt lat="47.7821363" lon="7.2777633" /><trkpt lat="47.7815009" lon="7.2787322" /><trkpt lat="47.7808654" lon="7.2797011" /><trkpt lat="47.7802300" lon="7.2806700" /><trkpt lat="47.7794000" lon="7.2812254" /><trkpt lat="47.7785700" lon="7.2817807" /><trkpt lat="47.7777400" lon="7.2823361" /><trkpt lat="47.7769100" lon="7.2828914" /><trkpt lat="47.7760800" lon="7.2834468" /><trkpt lat="47.7752500" lon="7.2840021" /><trkpt lat="47.7744200" lon="7.2845575" /><trkpt lat="47.7735900" lon="7.2851128" /><trkpt lat="47.7727600" lon="7.2856682" /><trkpt lat="47.7719300" lon="7.2862235" /><trkpt lat="47.7711000" lon="7.2867789" /><trkpt lat="47.7702700" lon="7.2873342" /><trkpt lat="47.7694400" lon="7.2878896" /><trkpt lat="47.7686100" lon="7.2884449" /><trkpt lat="47.7677800" lon="7.2890003" /><trkpt lat="47.7669500" lon="7.2895556" /><trkpt lat="47.7661200" lon="7.2901110" /><trkpt lat="47.7652900" lon="7.2906663" /><trkpt lat="47.7644600" lon="7.2912217" /><trkpt lat="47.7636300" lon="7.2917770" /><trkpt lat="47.7628000" lon="7.2923324" /><trkpt lat="47.7619700" lon="7.2928877" /><trkpt lat="47.7611400" lon="7.2934431" /><trkpt lat="47.7603100" lon="7.2939985" /><trkpt lat="47.7594800" lon="7.2945538" /><trkpt lat="47.7586500" lon="7.2951092" /><trkpt lat="47.7578200" lon="7.2956645" /><trkpt lat="47.7569900" lon="7.2962199" /><trkpt lat="47.7561600" lon="7.2967752" /><trkpt lat="47.7553300" lon="7.2973306" /><trkpt lat="47.7545000" lon="7.2978859" /><trkpt lat="47.7536700" lon="7.2984413" /><trkpt lat="47.7528400" lon="7.2989966" /><trkpt lat="47.7520100" lon="7.2995520" /><trkpt lat="47.7511800" lon="7.3001073" /><trkpt lat="47.7503500" lon="7.3006627" /><trkpt lat="47.7495200" lon="7.3012180" /><trkpt lat="47.7486900" lon="7.3017734" /><trkpt lat="47.7478600" lon="7.3023287" /><trkpt lat="47.7470300" lon="7.3028841" /><trkpt lat="47.7462000" lon="7.3034394" /><trkpt lat="47.7453700" lon="7.3039948" /><trkpt lat="47.7445400" lon="7.3045501" /><trkpt lat="47.7437100" lon="7.3051055" /><trkpt lat="47.7428800" lon="7.3056608" /><trkpt lat="47.7420500" lon="7.3062162" /><trkpt lat="47.7412200" lon="7.3067715" /><trkpt lat="47.7403900" lon="7.3073269" /><trkpt lat="47.7395600" lon="7.3078823" /><trkpt lat="47.7387300" lon="7.3084376" /><trkpt lat="47.7379000" lon="7.3089930" /><trkpt lat="47.7370700" lon="7.3095483" /><trkpt lat="47.7362400" lon="7.3101037" /><trkpt lat="47.7354100" lon="7.3106590" /><trkpt lat="47.7345800" lon="7.3112144" /><trkpt lat="47.7337500" lon="7.3117697" /><trkpt lat="47.7329200" lon="7.3123251" /><trkpt lat="47.7320900" lon="7.3128804" /><trkpt lat="47.7312600" lon="7.3134358" /><trkpt lat="47.7304300" lon="7.3139911" /><trkpt lat="47.7296000" lon="7.3145465" /><trkpt lat="47.7287700" lon="7.3151018" /><trkpt lat="47.7279400" lon="7.3156572" /><trkpt lat="47.7271100" lon="7.3162125" /><trkpt lat="47.7262800" lon="7.3167679" /><trkpt lat="47.7254500" lon="7.3173232" /><trkpt lat="47.7246200" lon="7.3178786" /><trkpt lat="47.7237900" lon="7.3184339" /><trkpt lat="47.7229600" lon="7.3189893" /><trkpt lat="47.7221300" lon="7.3195446" /><trkpt lat="47.7213000" lon="7.3201000" /></trkseg></trk></gpx>