<?xml version="1.0" encoding="UTF-8"?>
<gpx xmlns:gpxdata="http://www.cluetrust.com/XML/GPXDATA/1/0" xmlns:xsi="http://www.w3.org/2001/XMLSchema-instance" xmlns="http://www.topografix.com/GPX/1/1" version="1.1" creator="http://ridewithgps.com/" xsi:schemaLocation="http://www.topografix.com/GPX/1/1 http://www.topografix.com/GPX/1/1/gpx.xsd http://www.cluetrust.com/XML/GPXDATA/1/0 http://www.cluetrust.com/Schemas/gpxdata10.xsd">
  <metadata>
    <name>Jour 17 - Condrieu @ Tain l'Hermitage</name>
    <link href="https://ridewithgps.com/routes/57164260">
      <text>Jour 17 - Condrieu @ Tain l'Hermitage</text>
    </link>
    <time>2026-09-15T00:42:11Z</time>
  </metadata>
  <trk>
    <name>Jour 17 - Condrieu @ Tain l'Hermitage</name>
    <trkseg>
      <trkpt lat="45.45724" lon="4.75895">
        <ele>144.6</ele>
      </trkpt>
      <trkpt lat="45.45728" lon="4.75927">
        <ele>144.2</ele>
      </trkpt>
      <trkpt lat="45.4573" lon="4.7594">
        <ele>144.3</ele>
      </trkpt>
      <trkpt lat="45.45714" lon="4.75945">
        <ele>143.7</ele>
      </trkpt>
      <trkpt lat="45.45697" lon="4.75853">
        <ele>144.6</ele>
      </trkpt>
      <trkpt lat="45.4568" lon="4.75761">
        <ele>145.9</ele>
      </trkpt>
      <trkpt lat="45.4564" lon="4.75657">
        <ele>145.4</ele>
      </trkpt>
      <trkpt lat="45.45629" lon="4.75628">
        <ele>144.7</ele>
      </trkpt>
      <trkpt lat="45.45613" lon="4.75583">
        <ele>143.8</ele>
      </trkpt>
      <trkpt lat="45.45589" lon="4.75529">
        <ele>146.1</ele>
      </trkpt>
      <trkpt lat="45.45572" lon="4.75504">
        <ele>146.9</ele>
      </trkpt>
      <trkpt lat="45.45555" lon="4.75483">
        <ele>146.4</ele>
      </trkpt>
      <trkpt lat="45.45537" lon="4.75465">
        <ele>145.7</ele>
      </trkpt>
      <trkpt lat="45.45531" lon="4.7546">
        <ele>145.5</ele>
      </trkpt>
      <trkpt lat="45.45518" lon="4.75452">
        <ele>144.9</ele>
      </trkpt>
      <trkpt lat="45.45501" lon="4.75438">
        <ele>144.3</ele>
      </trkpt>
      <trkpt lat="45.45483" lon="4.75431">
        <ele>144.0</ele>
      </trkpt>
      <trkpt lat="45.45458" lon="4.75425">
        <ele>143.3</ele>
      </trkpt>
      <trkpt lat="45.45429" lon="4.75419">
        <ele>142.4</ele>
      </trkpt>
      <trkpt lat="45.45407" lon="4.75417">
        <ele>142.3</ele>
      </trkpt>
      <trkpt lat="45.45399" lon="4.75417">
        <ele>142.6</ele>
      </trkpt>
      <trkpt lat="45.4537" lon="4.75415">
        <ele>143.8</ele>
      </trkpt>
      <trkpt lat="45.4536" lon="4.75413">
        <ele>144.3</ele>
      </trkpt>
      <trkpt lat="45.45333" lon="4.75412">
        <ele>145.4</ele>
      </trkpt>
      <trkpt lat="45.45305" lon="4.7541">
        <ele>146.1</ele>
      </trkpt>
      <trkpt lat="45.4528" lon="4.75405">
        <ele>147.2</ele>
      </trkpt>
      <trkpt lat="45.45197" lon="4.75397">
        <ele>149.7</ele>
      </trkpt>
      <trkpt lat="45.45115" lon="4.7539">
        <ele>141.2</ele>
      </trkpt>
      <trkpt lat="45.4504" lon="4.75379">
        <ele>142.2</ele>
      </trkpt>
      <trkpt lat="45.44966" lon="4.75372">
        <ele>145.4</ele>
      </trkpt>
      <trkpt lat="45.44895" lon="4.75369">
        <ele>142.3</ele>
      </trkpt>
      <trkpt lat="45.44843" lon="4.75371">
        <ele>135.7</ele>
      </trkpt>
      <trkpt lat="45.44791" lon="4.7538">
        <ele>137.1</ele>
      </trkpt>
      <trkpt lat="45.44753" lon="4.75389">
        <ele>140.9</ele>
      </trkpt>
      <trkpt lat="45.44716" lon="4.75401">
        <ele>141.8</ele>
      </trkpt>
      <trkpt lat="45.44672" lon="4.75418">
        <ele>142.8</ele>
      </trkpt>
      <trkpt lat="45.44628" lon="4.75436">
        <ele>143.5</ele>
      </trkpt>
      <trkpt lat="45.4457" lon="4.7546">
        <ele>142.8</ele>
      </trkpt>
      <trkpt lat="45.44513" lon="4.75484">
        <ele>141.0</ele>
      </trkpt>
      <trkpt lat="45.44481" lon="4.75495">
        <ele>141.6</ele>
      </trkpt>
      <trkpt lat="45.44425" lon="4.75493">
        <ele>145.2</ele>
      </trkpt>
      <trkpt lat="45.44399" lon="4.75496">
        <ele>145.9</ele>
      </trkpt>
      <trkpt lat="45.44387" lon="4.75501">
        <ele>145.9</ele>
      </trkpt>
      <trkpt lat="45.4437" lon="4.75514">
        <ele>145.0</ele>
      </trkpt>
      <trkpt lat="45.44343" lon="4.75539">
        <ele>143.2</ele>
      </trkpt>
      <trkpt lat="45.44326" lon="4.75551">
        <ele>142.7</ele>
      </trkpt>
      <trkpt lat="45.44319" lon="4.75555">
        <ele>142.7</ele>
      </trkpt>
      <trkpt lat="45.44277" lon="4.75569">
        <ele>144.4</ele>
      </trkpt>
      <trkpt lat="45.44268" lon="4.7557">
        <ele>144.9</ele>
      </trkpt>
      <trkpt lat="45.44239" lon="4.75562">
        <ele>146.3</ele>
      </trkpt>
      <trkpt lat="45.44233" lon="4.75559">
        <ele>146.4</ele>
      </trkpt>
      <trkpt lat="45.44212" lon="4.75541">
        <ele>146.7</ele>
      </trkpt>
      <trkpt lat="45.44202" lon="4.75534">
        <ele>146.7</ele>
      </trkpt>
      <trkpt lat="45.44193" lon="4.75531">
        <ele>146.8</ele>
      </trkpt>
      <trkpt lat="45.44165" lon="4.7553">
        <ele>147.1</ele>
      </trkpt>
      <trkpt lat="45.44157" lon="4.7553">
        <ele>147.1</ele>
      </trkpt>
      <trkpt lat="45.44149" lon="4.75532">
        <ele>147.2</ele>
      </trkpt>
      <trkpt lat="45.4414" lon="4.75536">
        <ele>147.3</ele>
      </trkpt>
      <trkpt lat="45.44133" lon="4.75543">
        <ele>147.6</ele>
      </trkpt>
      <trkpt lat="45.44122" lon="4.7556">
        <ele>148.2</ele>
      </trkpt>
      <trkpt lat="45.44103" lon="4.75606">
        <ele>147.6</ele>
      </trkpt>
      <trkpt lat="45.44091" lon="4.7563">
        <ele>146.5</ele>
      </trkpt>
      <trkpt lat="45.44077" lon="4.7565">
        <ele>145.7</ele>
      </trkpt>
      <trkpt lat="45.44068" lon="4.75657">
        <ele>145.4</ele>
      </trkpt>
      <trkpt lat="45.4406" lon="4.75662">
        <ele>145.1</ele>
      </trkpt>
      <trkpt lat="45.44039" lon="4.75669">
        <ele>144.9</ele>
      </trkpt>
      <trkpt lat="45.44019" lon="4.75677">
        <ele>144.3</ele>
      </trkpt>
      <trkpt lat="45.44011" lon="4.75678">
        <ele>144.2</ele>
      </trkpt>
      <trkpt lat="45.43963" lon="4.7567">
        <ele>146.0</ele>
      </trkpt>
      <trkpt lat="45.43939" lon="4.75663">
        <ele>147.1</ele>
      </trkpt>
      <trkpt lat="45.43895" lon="4.75643">
        <ele>146.9</ele>
      </trkpt>
      <trkpt lat="45.43878" lon="4.75641">
        <ele>146.9</ele>
      </trkpt>
      <trkpt lat="45.43858" lon="4.75641">
        <ele>147.0</ele>
      </trkpt>
      <trkpt lat="45.43824" lon="4.75642">
        <ele>147.0</ele>
      </trkpt>
      <trkpt lat="45.43816" lon="4.75644">
        <ele>147.1</ele>
      </trkpt>
      <trkpt lat="45.43807" lon="4.75648">
        <ele>147.2</ele>
      </trkpt>
      <trkpt lat="45.4377" lon="4.75667">
        <ele>148.0</ele>
      </trkpt>
      <trkpt lat="45.43754" lon="4.75678">
        <ele>148.0</ele>
      </trkpt>
      <trkpt lat="45.43743" lon="4.75689">
        <ele>147.8</ele>
      </trkpt>
      <trkpt lat="45.43721" lon="4.75723">
        <ele>147.4</ele>
      </trkpt>
      <trkpt lat="45.43714" lon="4.7573">
        <ele>147.4</ele>
      </trkpt>
      <trkpt lat="45.43696" lon="4.75742">
        <ele>147.2</ele>
      </trkpt>
      <trkpt lat="45.43677" lon="4.75751">
        <ele>147.1</ele>
      </trkpt>
      <trkpt lat="45.43653" lon="4.75756">
        <ele>146.3</ele>
      </trkpt>
      <trkpt lat="45.4363" lon="4.75758">
        <ele>145.8</ele>
      </trkpt>
      <trkpt lat="45.4361" lon="4.75757">
        <ele>145.7</ele>
      </trkpt>
      <trkpt lat="45.43578" lon="4.75752">
        <ele>145.6</ele>
      </trkpt>
      <trkpt lat="45.43546" lon="4.75745">
        <ele>144.7</ele>
      </trkpt>
      <trkpt lat="45.43481" lon="4.75721">
        <ele>142.8</ele>
      </trkpt>
      <trkpt lat="45.43455" lon="4.75707">
        <ele>142.5</ele>
      </trkpt>
      <trkpt lat="45.43434" lon="4.75686">
        <ele>143.0</ele>
      </trkpt>
      <trkpt lat="45.43398" lon="4.75633">
        <ele>144.2</ele>
      </trkpt>
      <trkpt lat="45.43389" lon="4.75623">
        <ele>144.3</ele>
      </trkpt>
      <trkpt lat="45.4338" lon="4.75615">
        <ele>144.4</ele>
      </trkpt>
      <trkpt lat="45.43334" lon="4.75589">
        <ele>145.0</ele>
      </trkpt>
      <trkpt lat="45.43261" lon="4.75541">
        <ele>145.0</ele>
      </trkpt>
      <trkpt lat="45.4323" lon="4.75516">
        <ele>144.3</ele>
      </trkpt>
      <trkpt lat="45.43203" lon="4.75491">
        <ele>144.5</ele>
      </trkpt>
      <trkpt lat="45.43164" lon="4.75447">
        <ele>144.2</ele>
      </trkpt>
      <trkpt lat="45.43125" lon="4.75403">
        <ele>142.1</ele>
      </trkpt>
      <trkpt lat="45.43107" lon="4.75371">
        <ele>143.1</ele>
      </trkpt>
      <trkpt lat="45.43096" lon="4.75348">
        <ele>144.6</ele>
      </trkpt>
      <trkpt lat="45.43041" lon="4.75254">
        <ele>145.9</ele>
      </trkpt>
      <trkpt lat="45.43014" lon="4.75211">
        <ele>144.7</ele>
      </trkpt>
      <trkpt lat="45.42961" lon="4.75133">
        <ele>141.3</ele>
      </trkpt>
      <trkpt lat="45.42914" lon="4.75069">
        <ele>142.7</ele>
      </trkpt>
      <trkpt lat="45.42851" lon="4.74993">
        <ele>142.9</ele>
      </trkpt>
      <trkpt lat="45.42789" lon="4.74917">
        <ele>145.0</ele>
      </trkpt>
      <trkpt lat="45.42726" lon="4.74841">
        <ele>142.0</ele>
      </trkpt>
      <trkpt lat="45.42663" lon="4.74765">
        <ele>142.9</ele>
      </trkpt>
      <trkpt lat="45.42601" lon="4.74689">
        <ele>144.7</ele>
      </trkpt>
      <trkpt lat="45.42538" lon="4.74613">
        <ele>143.7</ele>
      </trkpt>
      <trkpt lat="45.42475" lon="4.74537">
        <ele>143.5</ele>
      </trkpt>
      <trkpt lat="45.42413" lon="4.74461">
        <ele>142.9</ele>
      </trkpt>
      <trkpt lat="45.4235" lon="4.74385">
        <ele>140.7</ele>
      </trkpt>
      <trkpt lat="45.42288" lon="4.74309">
        <ele>141.2</ele>
      </trkpt>
      <trkpt lat="45.42254" lon="4.74271">
        <ele>142.0</ele>
      </trkpt>
      <trkpt lat="45.42195" lon="4.74221">
        <ele>141.9</ele>
      </trkpt>
      <trkpt lat="45.42136" lon="4.74172">
        <ele>145.8</ele>
      </trkpt>
      <trkpt lat="45.42066" lon="4.74133">
        <ele>145.8</ele>
      </trkpt>
      <trkpt lat="45.42014" lon="4.74108">
        <ele>142.4</ele>
      </trkpt>
      <trkpt lat="45.41962" lon="4.74083">
        <ele>141.2</ele>
      </trkpt>
      <trkpt lat="45.41907" lon="4.74064">
        <ele>140.0</ele>
      </trkpt>
      <trkpt lat="45.41851" lon="4.74045">
        <ele>141.2</ele>
      </trkpt>
      <trkpt lat="45.4179" lon="4.74032">
        <ele>141.7</ele>
      </trkpt>
      <trkpt lat="45.4173" lon="4.7402">
        <ele>142.6</ele>
      </trkpt>
      <trkpt lat="45.41683" lon="4.74015">
        <ele>143.7</ele>
      </trkpt>
      <trkpt lat="45.41635" lon="4.74011">
        <ele>143.3</ele>
      </trkpt>
      <trkpt lat="45.41625" lon="4.74006">
        <ele>143.1</ele>
      </trkpt>
      <trkpt lat="45.4162" lon="4.74006">
        <ele>143.1</ele>
      </trkpt>
      <trkpt lat="45.416" lon="4.74009">
        <ele>142.9</ele>
      </trkpt>
      <trkpt lat="45.41548" lon="4.74013">
        <ele>143.2</ele>
      </trkpt>
      <trkpt lat="45.41497" lon="4.74016">
        <ele>144.1</ele>
      </trkpt>
      <trkpt lat="45.41491" lon="4.74015">
        <ele>144.0</ele>
      </trkpt>
      <trkpt lat="45.41482" lon="4.74008">
        <ele>143.9</ele>
      </trkpt>
      <trkpt lat="45.41478" lon="4.74003">
        <ele>143.8</ele>
      </trkpt>
      <trkpt lat="45.41475" lon="4.73994">
        <ele>143.7</ele>
      </trkpt>
      <trkpt lat="45.41473" lon="4.73976">
        <ele>143.8</ele>
      </trkpt>
      <trkpt lat="45.41473" lon="4.73918">
        <ele>144.0</ele>
      </trkpt>
      <trkpt lat="45.41471" lon="4.73901">
        <ele>144.4</ele>
      </trkpt>
      <trkpt lat="45.41463" lon="4.73856">
        <ele>145.5</ele>
      </trkpt>
      <trkpt lat="45.41441" lon="4.7376">
        <ele>146.5</ele>
      </trkpt>
      <trkpt lat="45.41439" lon="4.73755">
        <ele>146.5</ele>
      </trkpt>
      <trkpt lat="45.41437" lon="4.73752">
        <ele>146.5</ele>
      </trkpt>
      <trkpt lat="45.41435" lon="4.7375">
        <ele>146.4</ele>
      </trkpt>
      <trkpt lat="45.41432" lon="4.73749">
        <ele>146.4</ele>
      </trkpt>
      <trkpt lat="45.41408" lon="4.73749">
        <ele>145.8</ele>
      </trkpt>
      <trkpt lat="45.41404" lon="4.7375">
        <ele>145.7</ele>
      </trkpt>
      <trkpt lat="45.41403" lon="4.73751">
        <ele>145.7</ele>
      </trkpt>
      <trkpt lat="45.41402" lon="4.73754">
        <ele>145.6</ele>
      </trkpt>
      <trkpt lat="45.41402" lon="4.73756">
        <ele>145.6</ele>
      </trkpt>
      <trkpt lat="45.4142" lon="4.73861">
        <ele>145.3</ele>
      </trkpt>
      <trkpt lat="45.41423" lon="4.73893">
        <ele>144.6</ele>
      </trkpt>
      <trkpt lat="45.41422" lon="4.7394">
        <ele>143.7</ele>
      </trkpt>
      <trkpt lat="45.41419" lon="4.73971">
        <ele>143.4</ele>
      </trkpt>
      <trkpt lat="45.41417" lon="4.73982">
        <ele>143.2</ele>
      </trkpt>
      <trkpt lat="45.41409" lon="4.7401">
        <ele>142.7</ele>
      </trkpt>
      <trkpt lat="45.41405" lon="4.74018">
        <ele>142.7</ele>
      </trkpt>
      <trkpt lat="45.41401" lon="4.74024">
        <ele>142.6</ele>
      </trkpt>
      <trkpt lat="45.41392" lon="4.74029">
        <ele>142.4</ele>
      </trkpt>
      <trkpt lat="45.41366" lon="4.74035">
        <ele>141.9</ele>
      </trkpt>
      <trkpt lat="45.41304" lon="4.74046">
        <ele>142.3</ele>
      </trkpt>
      <trkpt lat="45.41242" lon="4.74057">
        <ele>143.5</ele>
      </trkpt>
      <trkpt lat="45.41236" lon="4.74057">
        <ele>143.4</ele>
      </trkpt>
      <trkpt lat="45.41231" lon="4.74054">
        <ele>143.3</ele>
      </trkpt>
      <trkpt lat="45.41227" lon="4.74048">
        <ele>143.1</ele>
      </trkpt>
      <trkpt lat="45.41224" lon="4.74039">
        <ele>142.8</ele>
      </trkpt>
      <trkpt lat="45.41222" lon="4.74024">
        <ele>142.5</ele>
      </trkpt>
      <trkpt lat="45.41221" lon="4.74013">
        <ele>142.2</ele>
      </trkpt>
      <trkpt lat="45.4122" lon="4.74006">
        <ele>142.0</ele>
      </trkpt>
      <trkpt lat="45.41215" lon="4.73996">
        <ele>141.7</ele>
      </trkpt>
      <trkpt lat="45.4121" lon="4.73992">
        <ele>141.5</ele>
      </trkpt>
      <trkpt lat="45.41206" lon="4.73992">
        <ele>141.4</ele>
      </trkpt>
      <trkpt lat="45.41159" lon="4.74005">
        <ele>140.1</ele>
      </trkpt>
      <trkpt lat="45.41098" lon="4.74017">
        <ele>139.3</ele>
      </trkpt>
      <trkpt lat="45.41061" lon="4.74026">
        <ele>139.2</ele>
      </trkpt>
      <trkpt lat="45.41035" lon="4.74034">
        <ele>139.5</ele>
      </trkpt>
      <trkpt lat="45.4098" lon="4.74056">
        <ele>140.7</ele>
      </trkpt>
      <trkpt lat="45.40937" lon="4.74076">
        <ele>141.7</ele>
      </trkpt>
      <trkpt lat="45.40863" lon="4.74119">
        <ele>141.3</ele>
      </trkpt>
      <trkpt lat="45.40799" lon="4.7416">
        <ele>140.6</ele>
      </trkpt>
      <trkpt lat="45.40747" lon="4.74196">
        <ele>141.0</ele>
      </trkpt>
      <trkpt lat="45.40695" lon="4.74233">
        <ele>139.9</ele>
      </trkpt>
      <trkpt lat="45.40629" lon="4.74276">
        <ele>140.1</ele>
      </trkpt>
      <trkpt lat="45.40581" lon="4.74308">
        <ele>140.6</ele>
      </trkpt>
      <trkpt lat="45.40534" lon="4.74341">
        <ele>140.6</ele>
      </trkpt>
      <trkpt lat="45.4051" lon="4.7436">
        <ele>141.2</ele>
      </trkpt>
      <trkpt lat="45.40483" lon="4.74383">
        <ele>142.2</ele>
      </trkpt>
      <trkpt lat="45.40433" lon="4.7443">
        <ele>143.5</ele>
      </trkpt>
      <trkpt lat="45.40377" lon="4.74489">
        <ele>145.1</ele>
      </trkpt>
      <trkpt lat="45.40321" lon="4.74549">
        <ele>144.6</ele>
      </trkpt>
      <trkpt lat="45.4025" lon="4.74616">
        <ele>143.2</ele>
      </trkpt>
      <trkpt lat="45.40179" lon="4.74682">
        <ele>142.6</ele>
      </trkpt>
      <trkpt lat="45.40108" lon="4.74749">
        <ele>142.0</ele>
      </trkpt>
      <trkpt lat="45.40098" lon="4.74765">
        <ele>142.1</ele>
      </trkpt>
      <trkpt lat="45.40096" lon="4.74774">
        <ele>142.1</ele>
      </trkpt>
      <trkpt lat="45.40097" lon="4.74782">
        <ele>142.1</ele>
      </trkpt>
      <trkpt lat="45.40106" lon="4.74803">
        <ele>142.0</ele>
      </trkpt>
      <trkpt lat="45.40107" lon="4.74807">
        <ele>141.9</ele>
      </trkpt>
      <trkpt lat="45.40108" lon="4.74813">
        <ele>141.8</ele>
      </trkpt>
      <trkpt lat="45.40108" lon="4.74821">
        <ele>141.8</ele>
      </trkpt>
      <trkpt lat="45.40107" lon="4.74829">
        <ele>141.9</ele>
      </trkpt>
      <trkpt lat="45.40104" lon="4.74836">
        <ele>141.9</ele>
      </trkpt>
      <trkpt lat="45.40091" lon="4.74857">
        <ele>141.4</ele>
      </trkpt>
      <trkpt lat="45.40068" lon="4.74889">
        <ele>139.2</ele>
      </trkpt>
      <trkpt lat="45.39997" lon="4.74958">
        <ele>137.6</ele>
      </trkpt>
      <trkpt lat="45.39927" lon="4.75026">
        <ele>139.6</ele>
      </trkpt>
      <trkpt lat="45.39896" lon="4.75054">
        <ele>139.9</ele>
      </trkpt>
      <trkpt lat="45.39883" lon="4.75064">
        <ele>140.3</ele>
      </trkpt>
      <trkpt lat="45.39845" lon="4.75087">
        <ele>141.5</ele>
      </trkpt>
      <trkpt lat="45.39811" lon="4.75111">
        <ele>141.2</ele>
      </trkpt>
      <trkpt lat="45.39805" lon="4.75116">
        <ele>141.1</ele>
      </trkpt>
      <trkpt lat="45.39791" lon="4.75137">
        <ele>140.7</ele>
      </trkpt>
      <trkpt lat="45.39783" lon="4.75147">
        <ele>140.6</ele>
      </trkpt>
      <trkpt lat="45.39742" lon="4.75186">
        <ele>140.5</ele>
      </trkpt>
      <trkpt lat="45.39719" lon="4.75202">
        <ele>140.7</ele>
      </trkpt>
      <trkpt lat="45.39708" lon="4.75207">
        <ele>141.0</ele>
      </trkpt>
      <trkpt lat="45.39695" lon="4.7521">
        <ele>141.4</ele>
      </trkpt>
      <trkpt lat="45.39654" lon="4.75216">
        <ele>142.4</ele>
      </trkpt>
      <trkpt lat="45.39643" lon="4.7522">
        <ele>142.5</ele>
      </trkpt>
      <trkpt lat="45.39576" lon="4.75266">
        <ele>142.2</ele>
      </trkpt>
      <trkpt lat="45.39568" lon="4.75276">
        <ele>141.8</ele>
      </trkpt>
      <trkpt lat="45.39544" lon="4.75308">
        <ele>141.6</ele>
      </trkpt>
      <trkpt lat="45.39536" lon="4.75315">
        <ele>141.8</ele>
      </trkpt>
      <trkpt lat="45.39498" lon="4.75336">
        <ele>143.8</ele>
      </trkpt>
      <trkpt lat="45.39483" lon="4.75343">
        <ele>143.1</ele>
      </trkpt>
      <trkpt lat="45.39428" lon="4.75357">
        <ele>141.3</ele>
      </trkpt>
      <trkpt lat="45.3939" lon="4.75365">
        <ele>141.1</ele>
      </trkpt>
      <trkpt lat="45.39377" lon="4.75371">
        <ele>141.2</ele>
      </trkpt>
      <trkpt lat="45.39344" lon="4.75387">
        <ele>142.0</ele>
      </trkpt>
      <trkpt lat="45.39315" lon="4.75403">
        <ele>142.5</ele>
      </trkpt>
      <trkpt lat="45.39303" lon="4.75411">
        <ele>142.5</ele>
      </trkpt>
      <trkpt lat="45.39276" lon="4.75439">
        <ele>141.4</ele>
      </trkpt>
      <trkpt lat="45.39255" lon="4.75455">
        <ele>140.6</ele>
      </trkpt>
      <trkpt lat="45.39241" lon="4.75462">
        <ele>140.4</ele>
      </trkpt>
      <trkpt lat="45.39229" lon="4.75467">
        <ele>140.3</ele>
      </trkpt>
      <trkpt lat="45.39219" lon="4.75469">
        <ele>140.3</ele>
      </trkpt>
      <trkpt lat="45.39159" lon="4.75472">
        <ele>140.7</ele>
      </trkpt>
      <trkpt lat="45.3915" lon="4.75474">
        <ele>140.7</ele>
      </trkpt>
      <trkpt lat="45.39115" lon="4.75486">
        <ele>140.8</ele>
      </trkpt>
      <trkpt lat="45.39057" lon="4.75508">
        <ele>140.8</ele>
      </trkpt>
      <trkpt lat="45.3903" lon="4.75533">
        <ele>140.2</ele>
      </trkpt>
      <trkpt lat="45.39019" lon="4.75541">
        <ele>140.0</ele>
      </trkpt>
      <trkpt lat="45.3901" lon="4.75545">
        <ele>139.9</ele>
      </trkpt>
      <trkpt lat="45.39002" lon="4.75548">
        <ele>139.9</ele>
      </trkpt>
      <trkpt lat="45.38992" lon="4.75549">
        <ele>140.0</ele>
      </trkpt>
      <trkpt lat="45.38953" lon="4.75545">
        <ele>140.9</ele>
      </trkpt>
      <trkpt lat="45.3894" lon="4.75546">
        <ele>141.2</ele>
      </trkpt>
      <trkpt lat="45.3893" lon="4.75547">
        <ele>141.4</ele>
      </trkpt>
      <trkpt lat="45.3888" lon="4.75561">
        <ele>141.8</ele>
      </trkpt>
      <trkpt lat="45.38804" lon="4.7558">
        <ele>141.9</ele>
      </trkpt>
      <trkpt lat="45.38769" lon="4.75586">
        <ele>141.9</ele>
      </trkpt>
      <trkpt lat="45.38695" lon="4.75598">
        <ele>142.0</ele>
      </trkpt>
      <trkpt lat="45.3868" lon="4.75599">
        <ele>142.1</ele>
      </trkpt>
      <trkpt lat="45.3865" lon="4.75598">
        <ele>142.3</ele>
      </trkpt>
      <trkpt lat="45.38613" lon="4.75592">
        <ele>142.6</ele>
      </trkpt>
      <trkpt lat="45.38564" lon="4.75581">
        <ele>142.0</ele>
      </trkpt>
      <trkpt lat="45.3852" lon="4.75566">
        <ele>140.0</ele>
      </trkpt>
      <trkpt lat="45.38489" lon="4.75551">
        <ele>139.3</ele>
      </trkpt>
      <trkpt lat="45.38446" lon="4.75527">
        <ele>139.2</ele>
      </trkpt>
      <trkpt lat="45.38418" lon="4.75508">
        <ele>139.0</ele>
      </trkpt>
      <trkpt lat="45.3836" lon="4.75467">
        <ele>139.4</ele>
      </trkpt>
      <trkpt lat="45.38303" lon="4.75426">
        <ele>139.0</ele>
      </trkpt>
      <trkpt lat="45.3829" lon="4.75421">
        <ele>139.0</ele>
      </trkpt>
      <trkpt lat="45.38277" lon="4.75419">
        <ele>139.0</ele>
      </trkpt>
      <trkpt lat="45.38271" lon="4.75419">
        <ele>139.0</ele>
      </trkpt>
      <trkpt lat="45.38262" lon="4.75422">
        <ele>139.0</ele>
      </trkpt>
      <trkpt lat="45.38252" lon="4.75428">
        <ele>139.0</ele>
      </trkpt>
      <trkpt lat="45.38207" lon="4.75464">
        <ele>139.6</ele>
      </trkpt>
      <trkpt lat="45.38162" lon="4.75501">
        <ele>140.9</ele>
      </trkpt>
      <trkpt lat="45.38144" lon="4.75517">
        <ele>140.6</ele>
      </trkpt>
      <trkpt lat="45.38136" lon="4.75529">
        <ele>140.6</ele>
      </trkpt>
      <trkpt lat="45.38131" lon="4.75544">
        <ele>140.7</ele>
      </trkpt>
      <trkpt lat="45.3813" lon="4.75563">
        <ele>140.7</ele>
      </trkpt>
      <trkpt lat="45.38138" lon="4.75601">
        <ele>140.1</ele>
      </trkpt>
      <trkpt lat="45.38138" lon="4.75614">
        <ele>139.9</ele>
      </trkpt>
      <trkpt lat="45.38135" lon="4.75626">
        <ele>139.8</ele>
      </trkpt>
      <trkpt lat="45.3813" lon="4.75629">
        <ele>139.8</ele>
      </trkpt>
      <trkpt lat="45.38124" lon="4.75628">
        <ele>140.0</ele>
      </trkpt>
      <trkpt lat="45.38118" lon="4.75622">
        <ele>140.2</ele>
      </trkpt>
      <trkpt lat="45.38116" lon="4.75616">
        <ele>140.5</ele>
      </trkpt>
      <trkpt lat="45.38114" lon="4.7561">
        <ele>140.7</ele>
      </trkpt>
      <trkpt lat="45.38114" lon="4.75594">
        <ele>141.2</ele>
      </trkpt>
      <trkpt lat="45.38113" lon="4.7559">
        <ele>141.3</ele>
      </trkpt>
      <trkpt lat="45.38112" lon="4.75588">
        <ele>141.5</ele>
      </trkpt>
      <trkpt lat="45.38108" lon="4.75588">
        <ele>141.7</ele>
      </trkpt>
      <trkpt lat="45.38106" lon="4.7559">
        <ele>141.7</ele>
      </trkpt>
      <trkpt lat="45.38104" lon="4.75594">
        <ele>141.6</ele>
      </trkpt>
      <trkpt lat="45.38094" lon="4.75624">
        <ele>140.8</ele>
      </trkpt>
      <trkpt lat="45.38087" lon="4.75653">
        <ele>139.6</ele>
      </trkpt>
      <trkpt lat="45.38083" lon="4.75666">
        <ele>139.0</ele>
      </trkpt>
      <trkpt lat="45.38063" lon="4.75773">
        <ele>139.1</ele>
      </trkpt>
      <trkpt lat="45.38043" lon="4.7588">
        <ele>142.5</ele>
      </trkpt>
      <trkpt lat="45.38039" lon="4.75899">
        <ele>143.5</ele>
      </trkpt>
      <trkpt lat="45.3804" lon="4.7592">
        <ele>144.5</ele>
      </trkpt>
      <trkpt lat="45.38037" lon="4.75946">
        <ele>144.9</ele>
      </trkpt>
      <trkpt lat="45.38028" lon="4.75968">
        <ele>145.0</ele>
      </trkpt>
      <trkpt lat="45.38009" lon="4.75999">
        <ele>145.2</ele>
      </trkpt>
      <trkpt lat="45.37996" lon="4.76012">
        <ele>144.8</ele>
      </trkpt>
      <trkpt lat="45.37941" lon="4.76044">
        <ele>143.8</ele>
      </trkpt>
      <trkpt lat="45.37885" lon="4.76077">
        <ele>144.9</ele>
      </trkpt>
      <trkpt lat="45.3783" lon="4.7611">
        <ele>146.9</ele>
      </trkpt>
      <trkpt lat="45.37759" lon="4.76151">
        <ele>142.5</ele>
      </trkpt>
      <trkpt lat="45.37688" lon="4.76193">
        <ele>141.2</ele>
      </trkpt>
      <trkpt lat="45.37617" lon="4.76235">
        <ele>141.4</ele>
      </trkpt>
      <trkpt lat="45.37552" lon="4.76281">
        <ele>142.5</ele>
      </trkpt>
      <trkpt lat="45.37487" lon="4.76327">
        <ele>142.3</ele>
      </trkpt>
      <trkpt lat="45.37422" lon="4.76374">
        <ele>142.8</ele>
      </trkpt>
      <trkpt lat="45.37363" lon="4.7642">
        <ele>142.2</ele>
      </trkpt>
      <trkpt lat="45.37305" lon="4.76465">
        <ele>139.5</ele>
      </trkpt>
      <trkpt lat="45.37246" lon="4.76511">
        <ele>138.1</ele>
      </trkpt>
      <trkpt lat="45.37187" lon="4.76566">
        <ele>137.7</ele>
      </trkpt>
      <trkpt lat="45.37127" lon="4.7662">
        <ele>138.2</ele>
      </trkpt>
      <trkpt lat="45.37068" lon="4.76674">
        <ele>138.1</ele>
      </trkpt>
      <trkpt lat="45.37002" lon="4.76735">
        <ele>138.0</ele>
      </trkpt>
      <trkpt lat="45.36937" lon="4.76795">
        <ele>139.7</ele>
      </trkpt>
      <trkpt lat="45.36871" lon="4.76856">
        <ele>139.3</ele>
      </trkpt>
      <trkpt lat="45.36805" lon="4.76917">
        <ele>139.0</ele>
      </trkpt>
      <trkpt lat="45.3674" lon="4.76978">
        <ele>138.4</ele>
      </trkpt>
      <trkpt lat="45.36674" lon="4.77038">
        <ele>138.0</ele>
      </trkpt>
      <trkpt lat="45.36608" lon="4.77099">
        <ele>139.5</ele>
      </trkpt>
      <trkpt lat="45.36539" lon="4.77162">
        <ele>138.5</ele>
      </trkpt>
      <trkpt lat="45.36469" lon="4.77225">
        <ele>139.0</ele>
      </trkpt>
      <trkpt lat="45.364" lon="4.77288">
        <ele>139.0</ele>
      </trkpt>
      <trkpt lat="45.36333" lon="4.7735">
        <ele>137.2</ele>
      </trkpt>
      <trkpt lat="45.36265" lon="4.77413">
        <ele>138.8</ele>
      </trkpt>
      <trkpt lat="45.36223" lon="4.77452">
        <ele>138.6</ele>
      </trkpt>
      <trkpt lat="45.36179" lon="4.77492">
        <ele>138.8</ele>
      </trkpt>
      <trkpt lat="45.36131" lon="4.77527">
        <ele>139.5</ele>
      </trkpt>
      <trkpt lat="45.36079" lon="4.77574">
        <ele>137.9</ele>
      </trkpt>
      <trkpt lat="45.36027" lon="4.77622">
        <ele>137.8</ele>
      </trkpt>
      <trkpt lat="45.35974" lon="4.7767">
        <ele>138.6</ele>
      </trkpt>
      <trkpt lat="45.3592" lon="4.77719">
        <ele>139.3</ele>
      </trkpt>
      <trkpt lat="45.35867" lon="4.77767">
        <ele>139.2</ele>
      </trkpt>
      <trkpt lat="45.35796" lon="4.77832">
        <ele>138.6</ele>
      </trkpt>
      <trkpt lat="45.35726" lon="4.77897">
        <ele>137.4</ele>
      </trkpt>
      <trkpt lat="45.35664" lon="4.77947">
        <ele>137.1</ele>
      </trkpt>
      <trkpt lat="45.35602" lon="4.77998">
        <ele>138.2</ele>
      </trkpt>
      <trkpt lat="45.3555" lon="4.78031">
        <ele>138.4</ele>
      </trkpt>
      <trkpt lat="45.35499" lon="4.78064">
        <ele>137.8</ele>
      </trkpt>
      <trkpt lat="45.35452" lon="4.78089">
        <ele>137.6</ele>
      </trkpt>
      <trkpt lat="45.35404" lon="4.78113">
        <ele>137.4</ele>
      </trkpt>
      <trkpt lat="45.35334" lon="4.78141">
        <ele>135.7</ele>
      </trkpt>
      <trkpt lat="45.35326" lon="4.78148">
        <ele>135.9</ele>
      </trkpt>
      <trkpt lat="45.35319" lon="4.78158">
        <ele>136.2</ele>
      </trkpt>
      <trkpt lat="45.35314" lon="4.78167">
        <ele>136.5</ele>
      </trkpt>
      <trkpt lat="45.35304" lon="4.78194">
        <ele>137.5</ele>
      </trkpt>
      <trkpt lat="45.35301" lon="4.782">
        <ele>137.8</ele>
      </trkpt>
      <trkpt lat="45.35294" lon="4.78209">
        <ele>138.6</ele>
      </trkpt>
      <trkpt lat="45.35289" lon="4.78212">
        <ele>139.1</ele>
      </trkpt>
      <trkpt lat="45.35281" lon="4.78215">
        <ele>139.8</ele>
      </trkpt>
      <trkpt lat="45.35274" lon="4.78215">
        <ele>140.3</ele>
      </trkpt>
      <trkpt lat="45.35269" lon="4.78214">
        <ele>140.6</ele>
      </trkpt>
      <trkpt lat="45.35265" lon="4.78211">
        <ele>140.7</ele>
      </trkpt>
      <trkpt lat="45.35242" lon="4.78185">
        <ele>139.6</ele>
      </trkpt>
      <trkpt lat="45.35231" lon="4.78176">
        <ele>138.9</ele>
      </trkpt>
      <trkpt lat="45.3522" lon="4.78172">
        <ele>138.7</ele>
      </trkpt>
      <trkpt lat="45.35209" lon="4.78172">
        <ele>138.8</ele>
      </trkpt>
      <trkpt lat="45.35122" lon="4.78187">
        <ele>138.8</ele>
      </trkpt>
      <trkpt lat="45.35034" lon="4.78202">
        <ele>137.5</ele>
      </trkpt>
      <trkpt lat="45.34956" lon="4.78209">
        <ele>136.2</ele>
      </trkpt>
      <trkpt lat="45.34878" lon="4.78216">
        <ele>136.5</ele>
      </trkpt>
      <trkpt lat="45.348" lon="4.78223">
        <ele>137.7</ele>
      </trkpt>
      <trkpt lat="45.34715" lon="4.78239">
        <ele>137.9</ele>
      </trkpt>
      <trkpt lat="45.3463" lon="4.78255">
        <ele>138.1</ele>
      </trkpt>
      <trkpt lat="45.34545" lon="4.78272">
        <ele>137.9</ele>
      </trkpt>
      <trkpt lat="45.34459" lon="4.78286">
        <ele>136.9</ele>
      </trkpt>
      <trkpt lat="45.34373" lon="4.78299">
        <ele>136.6</ele>
      </trkpt>
      <trkpt lat="45.34287" lon="4.78313">
        <ele>137.2</ele>
      </trkpt>
      <trkpt lat="45.34217" lon="4.78325">
        <ele>137.9</ele>
      </trkpt>
      <trkpt lat="45.34148" lon="4.78337">
        <ele>139.1</ele>
      </trkpt>
      <trkpt lat="45.34084" lon="4.78346">
        <ele>142.4</ele>
      </trkpt>
      <trkpt lat="45.34073" lon="4.7835">
        <ele>142.7</ele>
      </trkpt>
      <trkpt lat="45.34065" lon="4.78357">
        <ele>143.0</ele>
      </trkpt>
      <trkpt lat="45.34059" lon="4.78369">
        <ele>143.5</ele>
      </trkpt>
      <trkpt lat="45.34052" lon="4.78393">
        <ele>144.3</ele>
      </trkpt>
      <trkpt lat="45.3405" lon="4.78417">
        <ele>145.0</ele>
      </trkpt>
      <trkpt lat="45.34046" lon="4.78437">
        <ele>142.8</ele>
      </trkpt>
      <trkpt lat="45.34034" lon="4.78446">
        <ele>141.9</ele>
      </trkpt>
      <trkpt lat="45.34005" lon="4.78449">
        <ele>141.5</ele>
      </trkpt>
      <trkpt lat="45.3399" lon="4.7844">
        <ele>141.9</ele>
      </trkpt>
      <trkpt lat="45.33984" lon="4.78421">
        <ele>143.1</ele>
      </trkpt>
      <trkpt lat="45.33976" lon="4.78372">
        <ele>142.3</ele>
      </trkpt>
      <trkpt lat="45.33971" lon="4.78365">
        <ele>141.9</ele>
      </trkpt>
      <trkpt lat="45.33963" lon="4.78365">
        <ele>141.3</ele>
      </trkpt>
      <trkpt lat="45.33879" lon="4.78379">
        <ele>137.6</ele>
      </trkpt>
      <trkpt lat="45.33795" lon="4.78393">
        <ele>137.5</ele>
      </trkpt>
      <trkpt lat="45.3371" lon="4.78407">
        <ele>137.6</ele>
      </trkpt>
      <trkpt lat="45.33626" lon="4.78421">
        <ele>137.1</ele>
      </trkpt>
      <trkpt lat="45.33542" lon="4.78436">
        <ele>137.4</ele>
      </trkpt>
      <trkpt lat="45.33458" lon="4.7845">
        <ele>137.2</ele>
      </trkpt>
      <trkpt lat="45.33374" lon="4.78464">
        <ele>137.4</ele>
      </trkpt>
      <trkpt lat="45.33289" lon="4.78478">
        <ele>139.0</ele>
      </trkpt>
      <trkpt lat="45.33205" lon="4.78492">
        <ele>137.9</ele>
      </trkpt>
      <trkpt lat="45.33121" lon="4.78506">
        <ele>137.2</ele>
      </trkpt>
      <trkpt lat="45.33037" lon="4.7852">
        <ele>137.7</ele>
      </trkpt>
      <trkpt lat="45.32992" lon="4.78527">
        <ele>138.2</ele>
      </trkpt>
      <trkpt lat="45.32965" lon="4.78529">
        <ele>138.2</ele>
      </trkpt>
      <trkpt lat="45.32956" lon="4.78515">
        <ele>137.9</ele>
      </trkpt>
      <trkpt lat="45.32927" lon="4.78455">
        <ele>137.9</ele>
      </trkpt>
      <trkpt lat="45.32898" lon="4.78395">
        <ele>137.8</ele>
      </trkpt>
      <trkpt lat="45.32885" lon="4.78375">
        <ele>137.6</ele>
      </trkpt>
      <trkpt lat="45.32881" lon="4.78353">
        <ele>137.2</ele>
      </trkpt>
      <trkpt lat="45.32852" lon="4.78258">
        <ele>136.3</ele>
      </trkpt>
      <trkpt lat="45.32823" lon="4.78163">
        <ele>137.0</ele>
      </trkpt>
      <trkpt lat="45.32811" lon="4.78163">
        <ele>137.0</ele>
      </trkpt>
      <trkpt lat="45.32742" lon="4.78191">
        <ele>137.4</ele>
      </trkpt>
      <trkpt lat="45.32674" lon="4.78218">
        <ele>138.3</ele>
      </trkpt>
      <trkpt lat="45.32657" lon="4.78223">
        <ele>138.5</ele>
      </trkpt>
      <trkpt lat="45.32648" lon="4.78224">
        <ele>138.6</ele>
      </trkpt>
      <trkpt lat="45.32637" lon="4.78223">
        <ele>138.8</ele>
      </trkpt>
      <trkpt lat="45.32626" lon="4.78218">
        <ele>139.0</ele>
      </trkpt>
      <trkpt lat="45.32608" lon="4.78198">
        <ele>139.2</ele>
      </trkpt>
      <trkpt lat="45.32591" lon="4.78183">
        <ele>139.2</ele>
      </trkpt>
      <trkpt lat="45.32576" lon="4.78174">
        <ele>139.0</ele>
      </trkpt>
      <trkpt lat="45.32561" lon="4.78168">
        <ele>138.7</ele>
      </trkpt>
      <trkpt lat="45.32549" lon="4.78164">
        <ele>138.6</ele>
      </trkpt>
      <trkpt lat="45.32537" lon="4.78164">
        <ele>138.4</ele>
      </trkpt>
      <trkpt lat="45.32498" lon="4.7817">
        <ele>138.0</ele>
      </trkpt>
      <trkpt lat="45.3248" lon="4.7817">
        <ele>138.0</ele>
      </trkpt>
      <trkpt lat="45.32467" lon="4.78167">
        <ele>138.0</ele>
      </trkpt>
      <trkpt lat="45.3246" lon="4.7816">
        <ele>138.0</ele>
      </trkpt>
      <trkpt lat="45.32447" lon="4.78136">
        <ele>138.2</ele>
      </trkpt>
      <trkpt lat="45.32442" lon="4.78125">
        <ele>138.3</ele>
      </trkpt>
      <trkpt lat="45.32444" lon="4.78124">
        <ele>138.3</ele>
      </trkpt>
      <trkpt lat="45.32446" lon="4.78116">
        <ele>138.4</ele>
      </trkpt>
      <trkpt lat="45.32435" lon="4.7807">
        <ele>138.7</ele>
      </trkpt>
      <trkpt lat="45.32433" lon="4.78064">
        <ele>138.8</ele>
      </trkpt>
      <trkpt lat="45.32431" lon="4.78062">
        <ele>138.8</ele>
      </trkpt>
      <trkpt lat="45.32427" lon="4.78061">
        <ele>138.8</ele>
      </trkpt>
      <trkpt lat="45.32425" lon="4.78063">
        <ele>138.9</ele>
      </trkpt>
      <trkpt lat="45.32423" lon="4.78068">
        <ele>138.9</ele>
      </trkpt>
      <trkpt lat="45.32423" lon="4.78073">
        <ele>138.9</ele>
      </trkpt>
      <trkpt lat="45.32428" lon="4.78094">
        <ele>138.8</ele>
      </trkpt>
      <trkpt lat="45.32427" lon="4.781">
        <ele>138.7</ele>
      </trkpt>
      <trkpt lat="45.32426" lon="4.78105">
        <ele>138.7</ele>
      </trkpt>
      <trkpt lat="45.32422" lon="4.78108">
        <ele>138.7</ele>
      </trkpt>
      <trkpt lat="45.32417" lon="4.78111">
        <ele>138.7</ele>
      </trkpt>
      <trkpt lat="45.32396" lon="4.781">
        <ele>138.9</ele>
      </trkpt>
      <trkpt lat="45.32362" lon="4.78085">
        <ele>139.0</ele>
      </trkpt>
      <trkpt lat="45.32336" lon="4.78074">
        <ele>138.9</ele>
      </trkpt>
      <trkpt lat="45.32308" lon="4.78069">
        <ele>138.9</ele>
      </trkpt>
      <trkpt lat="45.32231" lon="4.78046">
        <ele>138.6</ele>
      </trkpt>
      <trkpt lat="45.32206" lon="4.78033">
        <ele>137.9</ele>
      </trkpt>
      <trkpt lat="45.32171" lon="4.78013">
        <ele>137.1</ele>
      </trkpt>
      <trkpt lat="45.32127" lon="4.77995">
        <ele>137.0</ele>
      </trkpt>
      <trkpt lat="45.3206" lon="4.77963">
        <ele>137.2</ele>
      </trkpt>
      <trkpt lat="45.32006" lon="4.77949">
        <ele>137.4</ele>
      </trkpt>
      <trkpt lat="45.31961" lon="4.77942">
        <ele>136.7</ele>
      </trkpt>
      <trkpt lat="45.31917" lon="4.77934">
        <ele>136.0</ele>
      </trkpt>
      <trkpt lat="45.31856" lon="4.77919">
        <ele>136.0</ele>
      </trkpt>
      <trkpt lat="45.31826" lon="4.7791">
        <ele>136.1</ele>
      </trkpt>
      <trkpt lat="45.31807" lon="4.77902">
        <ele>136.3</ele>
      </trkpt>
      <trkpt lat="45.31752" lon="4.77877">
        <ele>137.0</ele>
      </trkpt>
      <trkpt lat="45.31747" lon="4.77874">
        <ele>137.0</ele>
      </trkpt>
      <trkpt lat="45.31724" lon="4.77852">
        <ele>137.0</ele>
      </trkpt>
      <trkpt lat="45.31697" lon="4.77829">
        <ele>137.1</ele>
      </trkpt>
      <trkpt lat="45.31665" lon="4.77811">
        <ele>137.2</ele>
      </trkpt>
      <trkpt lat="45.31635" lon="4.77798">
        <ele>136.7</ele>
      </trkpt>
      <trkpt lat="45.31598" lon="4.77791">
        <ele>135.9</ele>
      </trkpt>
      <trkpt lat="45.31543" lon="4.77788">
        <ele>135.8</ele>
      </trkpt>
      <trkpt lat="45.315" lon="4.77794">
        <ele>136.0</ele>
      </trkpt>
      <trkpt lat="45.31476" lon="4.778">
        <ele>136.3</ele>
      </trkpt>
      <trkpt lat="45.31462" lon="4.77805">
        <ele>136.5</ele>
      </trkpt>
      <trkpt lat="45.31422" lon="4.77811">
        <ele>136.9</ele>
      </trkpt>
      <trkpt lat="45.314" lon="4.77811">
        <ele>136.9</ele>
      </trkpt>
      <trkpt lat="45.31374" lon="4.77808">
        <ele>136.8</ele>
      </trkpt>
      <trkpt lat="45.31366" lon="4.77807">
        <ele>136.8</ele>
      </trkpt>
      <trkpt lat="45.31347" lon="4.77834">
        <ele>137.0</ele>
      </trkpt>
      <trkpt lat="45.31301" lon="4.77871">
        <ele>136.8</ele>
      </trkpt>
      <trkpt lat="45.31295" lon="4.77879">
        <ele>136.8</ele>
      </trkpt>
      <trkpt lat="45.31295" lon="4.77885">
        <ele>136.8</ele>
      </trkpt>
      <trkpt lat="45.31302" lon="4.77914">
        <ele>137.0</ele>
      </trkpt>
      <trkpt lat="45.31294" lon="4.77938">
        <ele>136.9</ele>
      </trkpt>
      <trkpt lat="45.31275" lon="4.77959">
        <ele>136.6</ele>
      </trkpt>
      <trkpt lat="45.31223" lon="4.78033">
        <ele>137.9</ele>
      </trkpt>
      <trkpt lat="45.31205" lon="4.78067">
        <ele>138.5</ele>
      </trkpt>
      <trkpt lat="45.31174" lon="4.7817">
        <ele>137.8</ele>
      </trkpt>
      <trkpt lat="45.31149" lon="4.78235">
        <ele>136.3</ele>
      </trkpt>
      <trkpt lat="45.31139" lon="4.78267">
        <ele>135.8</ele>
      </trkpt>
      <trkpt lat="45.31126" lon="4.78313">
        <ele>135.2</ele>
      </trkpt>
      <trkpt lat="45.31106" lon="4.78378">
        <ele>135.4</ele>
      </trkpt>
      <trkpt lat="45.311" lon="4.78407">
        <ele>135.7</ele>
      </trkpt>
      <trkpt lat="45.31099" lon="4.78418">
        <ele>135.8</ele>
      </trkpt>
      <trkpt lat="45.311" lon="4.78449">
        <ele>135.2</ele>
      </trkpt>
      <trkpt lat="45.31105" lon="4.78478">
        <ele>134.7</ele>
      </trkpt>
      <trkpt lat="45.31103" lon="4.78486">
        <ele>134.5</ele>
      </trkpt>
      <trkpt lat="45.31049" lon="4.78555">
        <ele>136.2</ele>
      </trkpt>
      <trkpt lat="45.31037" lon="4.7858">
        <ele>138.3</ele>
      </trkpt>
      <trkpt lat="45.31033" lon="4.7861">
        <ele>137.4</ele>
      </trkpt>
      <trkpt lat="45.31017" lon="4.78598">
        <ele>139.5</ele>
      </trkpt>
      <trkpt lat="45.31013" lon="4.78599">
        <ele>139.8</ele>
      </trkpt>
      <trkpt lat="45.31008" lon="4.78603">
        <ele>139.9</ele>
      </trkpt>
      <trkpt lat="45.30967" lon="4.78665">
        <ele>134.9</ele>
      </trkpt>
      <trkpt lat="45.30926" lon="4.78726">
        <ele>132.5</ele>
      </trkpt>
      <trkpt lat="45.3088" lon="4.78792">
        <ele>133.7</ele>
      </trkpt>
      <trkpt lat="45.3087" lon="4.78815">
        <ele>133.6</ele>
      </trkpt>
      <trkpt lat="45.30861" lon="4.78838">
        <ele>133.5</ele>
      </trkpt>
      <trkpt lat="45.30852" lon="4.78859">
        <ele>134.1</ele>
      </trkpt>
      <trkpt lat="45.30837" lon="4.78892">
        <ele>135.1</ele>
      </trkpt>
      <trkpt lat="45.30782" lon="4.78968">
        <ele>136.9</ele>
      </trkpt>
      <trkpt lat="45.30766" lon="4.79003">
        <ele>137.3</ele>
      </trkpt>
      <trkpt lat="45.30761" lon="4.79021">
        <ele>137.6</ele>
      </trkpt>
      <trkpt lat="45.30743" lon="4.79136">
        <ele>138.4</ele>
      </trkpt>
      <trkpt lat="45.30733" lon="4.79184">
        <ele>138.1</ele>
      </trkpt>
      <trkpt lat="45.30733" lon="4.79211">
        <ele>137.8</ele>
      </trkpt>
      <trkpt lat="45.30739" lon="4.79256">
        <ele>137.1</ele>
      </trkpt>
      <trkpt lat="45.30737" lon="4.79353">
        <ele>137.3</ele>
      </trkpt>
      <trkpt lat="45.30738" lon="4.79366">
        <ele>137.6</ele>
      </trkpt>
      <trkpt lat="45.30751" lon="4.79424">
        <ele>138.3</ele>
      </trkpt>
      <trkpt lat="45.30708" lon="4.79455">
        <ele>140.9</ele>
      </trkpt>
      <trkpt lat="45.30666" lon="4.79487">
        <ele>142.6</ele>
      </trkpt>
      <trkpt lat="45.30651" lon="4.79499">
        <ele>142.4</ele>
      </trkpt>
      <trkpt lat="45.30645" lon="4.79506">
        <ele>142.2</ele>
      </trkpt>
      <trkpt lat="45.30639" lon="4.79514">
        <ele>141.9</ele>
      </trkpt>
      <trkpt lat="45.30629" lon="4.79532">
        <ele>141.5</ele>
      </trkpt>
      <trkpt lat="45.30623" lon="4.79556">
        <ele>141.1</ele>
      </trkpt>
      <trkpt lat="45.30621" lon="4.79567">
        <ele>140.9</ele>
      </trkpt>
      <trkpt lat="45.30621" lon="4.79579">
        <ele>140.8</ele>
      </trkpt>
      <trkpt lat="45.30621" lon="4.79592">
        <ele>140.2</ele>
      </trkpt>
      <trkpt lat="45.30622" lon="4.79605">
        <ele>139.4</ele>
      </trkpt>
      <trkpt lat="45.30627" lon="4.79622">
        <ele>138.2</ele>
      </trkpt>
      <trkpt lat="45.30631" lon="4.79633">
        <ele>137.3</ele>
      </trkpt>
      <trkpt lat="45.30662" lon="4.79717">
        <ele>133.9</ele>
      </trkpt>
      <trkpt lat="45.30693" lon="4.79801">
        <ele>135.6</ele>
      </trkpt>
      <trkpt lat="45.30727" lon="4.79892">
        <ele>139.4</ele>
      </trkpt>
      <trkpt lat="45.30761" lon="4.79983">
        <ele>139.4</ele>
      </trkpt>
      <trkpt lat="45.30769" lon="4.80008">
        <ele>138.7</ele>
      </trkpt>
      <trkpt lat="45.30779" lon="4.80046">
        <ele>137.0</ele>
      </trkpt>
      <trkpt lat="45.30784" lon="4.80073">
        <ele>135.9</ele>
      </trkpt>
      <trkpt lat="45.30789" lon="4.80103">
        <ele>135.5</ele>
      </trkpt>
      <trkpt lat="45.30792" lon="4.80134">
        <ele>135.5</ele>
      </trkpt>
      <trkpt lat="45.30794" lon="4.80167">
        <ele>135.5</ele>
      </trkpt>
      <trkpt lat="45.3077" lon="4.80184">
        <ele>135.7</ele>
      </trkpt>
      <trkpt lat="45.30768" lon="4.80175">
        <ele>135.7</ele>
      </trkpt>
      <trkpt lat="45.30767" lon="4.80148">
        <ele>135.7</ele>
      </trkpt>
      <trkpt lat="45.30766" lon="4.80146">
        <ele>135.7</ele>
      </trkpt>
      <trkpt lat="45.30764" lon="4.80146">
        <ele>135.7</ele>
      </trkpt>
      <trkpt lat="45.30748" lon="4.80156">
        <ele>136.0</ele>
      </trkpt>
      <trkpt lat="45.30702" lon="4.80189">
        <ele>137.2</ele>
      </trkpt>
      <trkpt lat="45.30655" lon="4.80222">
        <ele>137.2</ele>
      </trkpt>
      <trkpt lat="45.30584" lon="4.80275">
        <ele>137.4</ele>
      </trkpt>
      <trkpt lat="45.30513" lon="4.80327">
        <ele>137.8</ele>
      </trkpt>
      <trkpt lat="45.30442" lon="4.8038">
        <ele>138.2</ele>
      </trkpt>
      <trkpt lat="45.30418" lon="4.80392">
        <ele>138.7</ele>
      </trkpt>
      <trkpt lat="45.30397" lon="4.80397">
        <ele>138.1</ele>
      </trkpt>
      <trkpt lat="45.30377" lon="4.80396">
        <ele>137.5</ele>
      </trkpt>
      <trkpt lat="45.30361" lon="4.8039">
        <ele>136.9</ele>
      </trkpt>
      <trkpt lat="45.30299" lon="4.80334">
        <ele>136.0</ele>
      </trkpt>
      <trkpt lat="45.30247" lon="4.80308">
        <ele>135.4</ele>
      </trkpt>
      <trkpt lat="45.30209" lon="4.80302">
        <ele>135.1</ele>
      </trkpt>
      <trkpt lat="45.30183" lon="4.80309">
        <ele>135.2</ele>
      </trkpt>
      <trkpt lat="45.30164" lon="4.80319">
        <ele>135.4</ele>
      </trkpt>
      <trkpt lat="45.30148" lon="4.80336">
        <ele>135.4</ele>
      </trkpt>
      <trkpt lat="45.30105" lon="4.80379">
        <ele>135.0</ele>
      </trkpt>
      <trkpt lat="45.30052" lon="4.80433">
        <ele>135.0</ele>
      </trkpt>
      <trkpt lat="45.29999" lon="4.80487">
        <ele>134.7</ele>
      </trkpt>
      <trkpt lat="45.29947" lon="4.80541">
        <ele>135.7</ele>
      </trkpt>
      <trkpt lat="45.29903" lon="4.80588">
        <ele>135.8</ele>
      </trkpt>
      <trkpt lat="45.29859" lon="4.80635">
        <ele>135.7</ele>
      </trkpt>
      <trkpt lat="45.29842" lon="4.80653">
        <ele>135.2</ele>
      </trkpt>
      <trkpt lat="45.29822" lon="4.80675">
        <ele>135.0</ele>
      </trkpt>
      <trkpt lat="45.2978" lon="4.80719">
        <ele>134.8</ele>
      </trkpt>
      <trkpt lat="45.29739" lon="4.80763">
        <ele>134.7</ele>
      </trkpt>
      <trkpt lat="45.2969" lon="4.80808">
        <ele>135.5</ele>
      </trkpt>
      <trkpt lat="45.29642" lon="4.80853">
        <ele>135.5</ele>
      </trkpt>
      <trkpt lat="45.29573" lon="4.809">
        <ele>135.7</ele>
      </trkpt>
      <trkpt lat="45.29504" lon="4.80947">
        <ele>133.4</ele>
      </trkpt>
      <trkpt lat="45.29462" lon="4.80969">
        <ele>133.5</ele>
      </trkpt>
      <trkpt lat="45.29419" lon="4.80991">
        <ele>133.0</ele>
      </trkpt>
      <trkpt lat="45.29342" lon="4.81022">
        <ele>134.7</ele>
      </trkpt>
      <trkpt lat="45.29326" lon="4.81035">
        <ele>135.1</ele>
      </trkpt>
      <trkpt lat="45.29313" lon="4.81043">
        <ele>135.2</ele>
      </trkpt>
      <trkpt lat="45.29281" lon="4.81054">
        <ele>134.9</ele>
      </trkpt>
      <trkpt lat="45.29248" lon="4.81064">
        <ele>134.5</ele>
      </trkpt>
      <trkpt lat="45.29219" lon="4.81077">
        <ele>134.2</ele>
      </trkpt>
      <trkpt lat="45.29196" lon="4.81085">
        <ele>133.8</ele>
      </trkpt>
      <trkpt lat="45.29154" lon="4.81092">
        <ele>133.2</ele>
      </trkpt>
      <trkpt lat="45.29076" lon="4.81101">
        <ele>132.9</ele>
      </trkpt>
      <trkpt lat="45.29019" lon="4.81109">
        <ele>133.8</ele>
      </trkpt>
      <trkpt lat="45.28954" lon="4.81113">
        <ele>134.5</ele>
      </trkpt>
      <trkpt lat="45.28889" lon="4.81117">
        <ele>135.0</ele>
      </trkpt>
      <trkpt lat="45.28825" lon="4.8112">
        <ele>135.2</ele>
      </trkpt>
      <trkpt lat="45.28771" lon="4.81115">
        <ele>134.6</ele>
      </trkpt>
      <trkpt lat="45.28696" lon="4.8112">
        <ele>134.2</ele>
      </trkpt>
      <trkpt lat="45.2862" lon="4.81124">
        <ele>135.6</ele>
      </trkpt>
      <trkpt lat="45.28604" lon="4.81122">
        <ele>136.0</ele>
      </trkpt>
      <trkpt lat="45.28582" lon="4.81112">
        <ele>135.8</ele>
      </trkpt>
      <trkpt lat="45.28506" lon="4.81109">
        <ele>135.8</ele>
      </trkpt>
      <trkpt lat="45.28474" lon="4.81105">
        <ele>135.2</ele>
      </trkpt>
      <trkpt lat="45.28415" lon="4.81102">
        <ele>134.7</ele>
      </trkpt>
      <trkpt lat="45.28405" lon="4.81107">
        <ele>135.2</ele>
      </trkpt>
      <trkpt lat="45.28394" lon="4.8111">
        <ele>135.4</ele>
      </trkpt>
      <trkpt lat="45.28334" lon="4.81115">
        <ele>135.3</ele>
      </trkpt>
      <trkpt lat="45.28302" lon="4.8112">
        <ele>135.7</ele>
      </trkpt>
      <trkpt lat="45.28268" lon="4.81124">
        <ele>135.9</ele>
      </trkpt>
      <trkpt lat="45.28209" lon="4.81136">
        <ele>136.8</ele>
      </trkpt>
      <trkpt lat="45.28176" lon="4.81137">
        <ele>136.9</ele>
      </trkpt>
      <trkpt lat="45.28108" lon="4.8115">
        <ele>137.8</ele>
      </trkpt>
      <trkpt lat="45.2808" lon="4.81153">
        <ele>137.9</ele>
      </trkpt>
      <trkpt lat="45.28045" lon="4.81161">
        <ele>137.8</ele>
      </trkpt>
      <trkpt lat="45.2801" lon="4.81164">
        <ele>137.1</ele>
      </trkpt>
      <trkpt lat="45.27994" lon="4.8117">
        <ele>137.1</ele>
      </trkpt>
      <trkpt lat="45.27971" lon="4.81172">
        <ele>136.9</ele>
      </trkpt>
      <trkpt lat="45.27946" lon="4.8118">
        <ele>137.1</ele>
      </trkpt>
      <trkpt lat="45.27936" lon="4.81185">
        <ele>137.3</ele>
      </trkpt>
      <trkpt lat="45.27916" lon="4.81185">
        <ele>137.1</ele>
      </trkpt>
      <trkpt lat="45.27869" lon="4.8118">
        <ele>136.4</ele>
      </trkpt>
      <trkpt lat="45.27799" lon="4.81181">
        <ele>136.3</ele>
      </trkpt>
      <trkpt lat="45.27755" lon="4.81175">
        <ele>136.2</ele>
      </trkpt>
      <trkpt lat="45.27746" lon="4.81175">
        <ele>136.3</ele>
      </trkpt>
      <trkpt lat="45.27724" lon="4.81183">
        <ele>136.4</ele>
      </trkpt>
      <trkpt lat="45.27695" lon="4.81178">
        <ele>135.9</ele>
      </trkpt>
      <trkpt lat="45.27659" lon="4.81178">
        <ele>135.5</ele>
      </trkpt>
      <trkpt lat="45.27607" lon="4.81177">
        <ele>134.4</ele>
      </trkpt>
      <trkpt lat="45.27556" lon="4.81176">
        <ele>134.4</ele>
      </trkpt>
      <trkpt lat="45.27537" lon="4.81179">
        <ele>135.0</ele>
      </trkpt>
      <trkpt lat="45.27518" lon="4.81173">
        <ele>135.0</ele>
      </trkpt>
      <trkpt lat="45.27484" lon="4.8117">
        <ele>135.4</ele>
      </trkpt>
      <trkpt lat="45.27476" lon="4.81172">
        <ele>135.6</ele>
      </trkpt>
      <trkpt lat="45.2745" lon="4.81173">
        <ele>136.0</ele>
      </trkpt>
      <trkpt lat="45.27409" lon="4.81171">
        <ele>136.2</ele>
      </trkpt>
      <trkpt lat="45.27362" lon="4.81174">
        <ele>135.8</ele>
      </trkpt>
      <trkpt lat="45.27309" lon="4.81179">
        <ele>135.8</ele>
      </trkpt>
      <trkpt lat="45.27256" lon="4.81184">
        <ele>136.1</ele>
      </trkpt>
      <trkpt lat="45.272" lon="4.81187">
        <ele>136.1</ele>
      </trkpt>
      <trkpt lat="45.2719" lon="4.81188">
        <ele>136.1</ele>
      </trkpt>
      <trkpt lat="45.27175" lon="4.81186">
        <ele>136.0</ele>
      </trkpt>
      <trkpt lat="45.27173" lon="4.81186">
        <ele>136.0</ele>
      </trkpt>
      <trkpt lat="45.27172" lon="4.81191">
        <ele>136.2</ele>
      </trkpt>
      <trkpt lat="45.27159" lon="4.81189">
        <ele>135.9</ele>
      </trkpt>
      <trkpt lat="45.27133" lon="4.81187">
        <ele>135.1</ele>
      </trkpt>
      <trkpt lat="45.27076" lon="4.81196">
        <ele>133.8</ele>
      </trkpt>
      <trkpt lat="45.27036" lon="4.81199">
        <ele>132.6</ele>
      </trkpt>
      <trkpt lat="45.27015" lon="4.81199">
        <ele>131.9</ele>
      </trkpt>
      <trkpt lat="45.27006" lon="4.81198">
        <ele>131.6</ele>
      </trkpt>
      <trkpt lat="45.26986" lon="4.81192">
        <ele>131.4</ele>
      </trkpt>
      <trkpt lat="45.26978" lon="4.81192">
        <ele>131.5</ele>
      </trkpt>
      <trkpt lat="45.26971" lon="4.81196">
        <ele>131.6</ele>
      </trkpt>
      <trkpt lat="45.26969" lon="4.812">
        <ele>131.6</ele>
      </trkpt>
      <trkpt lat="45.26955" lon="4.81197">
        <ele>131.7</ele>
      </trkpt>
      <trkpt lat="45.26927" lon="4.81196">
        <ele>131.9</ele>
      </trkpt>
      <trkpt lat="45.26884" lon="4.812">
        <ele>132.5</ele>
      </trkpt>
      <trkpt lat="45.26833" lon="4.81209">
        <ele>133.0</ele>
      </trkpt>
      <trkpt lat="45.26783" lon="4.81218">
        <ele>132.5</ele>
      </trkpt>
      <trkpt lat="45.26751" lon="4.81224">
        <ele>132.3</ele>
      </trkpt>
      <trkpt lat="45.2673" lon="4.81229">
        <ele>132.2</ele>
      </trkpt>
      <trkpt lat="45.26715" lon="4.81236">
        <ele>132.1</ele>
      </trkpt>
      <trkpt lat="45.26654" lon="4.81268">
        <ele>132.0</ele>
      </trkpt>
      <trkpt lat="45.26641" lon="4.81273">
        <ele>132.1</ele>
      </trkpt>
      <trkpt lat="45.26636" lon="4.81273">
        <ele>132.1</ele>
      </trkpt>
      <trkpt lat="45.26628" lon="4.81273">
        <ele>132.1</ele>
      </trkpt>
      <trkpt lat="45.2662" lon="4.81274">
        <ele>132.2</ele>
      </trkpt>
      <trkpt lat="45.26604" lon="4.81271">
        <ele>132.2</ele>
      </trkpt>
      <trkpt lat="45.26589" lon="4.81265">
        <ele>132.2</ele>
      </trkpt>
      <trkpt lat="45.26556" lon="4.81247">
        <ele>132.3</ele>
      </trkpt>
      <trkpt lat="45.26541" lon="4.81241">
        <ele>132.5</ele>
      </trkpt>
      <trkpt lat="45.26507" lon="4.81234">
        <ele>132.7</ele>
      </trkpt>
      <trkpt lat="45.26421" lon="4.81222">
        <ele>132.7</ele>
      </trkpt>
      <trkpt lat="45.26388" lon="4.81222">
        <ele>132.4</ele>
      </trkpt>
      <trkpt lat="45.26339" lon="4.81226">
        <ele>132.0</ele>
      </trkpt>
      <trkpt lat="45.26283" lon="4.81218">
        <ele>132.0</ele>
      </trkpt>
      <trkpt lat="45.26228" lon="4.8121">
        <ele>132.1</ele>
      </trkpt>
      <trkpt lat="45.2619" lon="4.81196">
        <ele>132.5</ele>
      </trkpt>
      <trkpt lat="45.26128" lon="4.8118">
        <ele>132.5</ele>
      </trkpt>
      <trkpt lat="45.26066" lon="4.81163">
        <ele>133.1</ele>
      </trkpt>
      <trkpt lat="45.26038" lon="4.81154">
        <ele>134.6</ele>
      </trkpt>
      <trkpt lat="45.25981" lon="4.81122">
        <ele>135.0</ele>
      </trkpt>
      <trkpt lat="45.25936" lon="4.81099">
        <ele>133.5</ele>
      </trkpt>
      <trkpt lat="45.25891" lon="4.81077">
        <ele>132.9</ele>
      </trkpt>
      <trkpt lat="45.25847" lon="4.81061">
        <ele>132.7</ele>
      </trkpt>
      <trkpt lat="45.25807" lon="4.81043">
        <ele>132.3</ele>
      </trkpt>
      <trkpt lat="45.25758" lon="4.81027">
        <ele>132.0</ele>
      </trkpt>
      <trkpt lat="45.25705" lon="4.80994">
        <ele>131.9</ele>
      </trkpt>
      <trkpt lat="45.25665" lon="4.80974">
        <ele>131.7</ele>
      </trkpt>
      <trkpt lat="45.25608" lon="4.80952">
        <ele>131.5</ele>
      </trkpt>
      <trkpt lat="45.25551" lon="4.8093">
        <ele>131.1</ele>
      </trkpt>
      <trkpt lat="45.25508" lon="4.80912">
        <ele>130.3</ele>
      </trkpt>
      <trkpt lat="45.25482" lon="4.80905">
        <ele>130.8</ele>
      </trkpt>
      <trkpt lat="45.25442" lon="4.80901">
        <ele>131.8</ele>
      </trkpt>
      <trkpt lat="45.25434" lon="4.809">
        <ele>132.0</ele>
      </trkpt>
      <trkpt lat="45.2542" lon="4.809">
        <ele>132.3</ele>
      </trkpt>
      <trkpt lat="45.2541" lon="4.80898">
        <ele>132.4</ele>
      </trkpt>
      <trkpt lat="45.25389" lon="4.8089">
        <ele>132.3</ele>
      </trkpt>
      <trkpt lat="45.25381" lon="4.80888">
        <ele>132.3</ele>
      </trkpt>
      <trkpt lat="45.25372" lon="4.8089">
        <ele>132.4</ele>
      </trkpt>
      <trkpt lat="45.25368" lon="4.80893">
        <ele>132.6</ele>
      </trkpt>
      <trkpt lat="45.25365" lon="4.809">
        <ele>132.9</ele>
      </trkpt>
      <trkpt lat="45.25357" lon="4.80919">
        <ele>133.8</ele>
      </trkpt>
      <trkpt lat="45.25349" lon="4.8093">
        <ele>134.5</ele>
      </trkpt>
      <trkpt lat="45.25331" lon="4.80945">
        <ele>135.8</ele>
      </trkpt>
      <trkpt lat="45.25317" lon="4.80952">
        <ele>136.5</ele>
      </trkpt>
      <trkpt lat="45.25274" lon="4.80964">
        <ele>137.7</ele>
      </trkpt>
      <trkpt lat="45.25255" lon="4.80965">
        <ele>138.1</ele>
      </trkpt>
      <trkpt lat="45.25228" lon="4.80967">
        <ele>137.9</ele>
      </trkpt>
      <trkpt lat="45.25221" lon="4.80971">
        <ele>137.8</ele>
      </trkpt>
      <trkpt lat="45.25216" lon="4.8098">
        <ele>137.9</ele>
      </trkpt>
      <trkpt lat="45.25214" lon="4.8099">
        <ele>138.0</ele>
      </trkpt>
      <trkpt lat="45.25212" lon="4.81038">
        <ele>138.8</ele>
      </trkpt>
      <trkpt lat="45.25206" lon="4.81055">
        <ele>138.9</ele>
      </trkpt>
      <trkpt lat="45.25195" lon="4.8107">
        <ele>138.8</ele>
      </trkpt>
      <trkpt lat="45.25165" lon="4.81097">
        <ele>137.6</ele>
      </trkpt>
      <trkpt lat="45.25153" lon="4.81112">
        <ele>137.2</ele>
      </trkpt>
      <trkpt lat="45.25124" lon="4.81086">
        <ele>137.0</ele>
      </trkpt>
      <trkpt lat="45.25076" lon="4.81047">
        <ele>136.0</ele>
      </trkpt>
      <trkpt lat="45.25029" lon="4.81012">
        <ele>136.6</ele>
      </trkpt>
      <trkpt lat="45.24982" lon="4.80977">
        <ele>136.8</ele>
      </trkpt>
      <trkpt lat="45.24966" lon="4.80957">
        <ele>136.8</ele>
      </trkpt>
      <trkpt lat="45.24918" lon="4.80925">
        <ele>136.9</ele>
      </trkpt>
      <trkpt lat="45.24871" lon="4.80893">
        <ele>136.3</ele>
      </trkpt>
      <trkpt lat="45.24824" lon="4.80859">
        <ele>136.0</ele>
      </trkpt>
      <trkpt lat="45.24777" lon="4.80825">
        <ele>136.0</ele>
      </trkpt>
      <trkpt lat="45.24711" lon="4.80775">
        <ele>135.8</ele>
      </trkpt>
      <trkpt lat="45.24645" lon="4.80725">
        <ele>136.5</ele>
      </trkpt>
      <trkpt lat="45.24579" lon="4.80676">
        <ele>137.1</ele>
      </trkpt>
      <trkpt lat="45.24557" lon="4.80662">
        <ele>137.3</ele>
      </trkpt>
      <trkpt lat="45.24469" lon="4.80635">
        <ele>138.5</ele>
      </trkpt>
      <trkpt lat="45.24382" lon="4.80609">
        <ele>138.8</ele>
      </trkpt>
      <trkpt lat="45.24295" lon="4.80583">
        <ele>137.0</ele>
      </trkpt>
      <trkpt lat="45.2422" lon="4.80557">
        <ele>136.9</ele>
      </trkpt>
      <trkpt lat="45.24213" lon="4.80556">
        <ele>136.9</ele>
      </trkpt>
      <trkpt lat="45.24149" lon="4.80551">
        <ele>136.7</ele>
      </trkpt>
      <trkpt lat="45.24093" lon="4.8055">
        <ele>137.0</ele>
      </trkpt>
      <trkpt lat="45.24037" lon="4.80549">
        <ele>135.9</ele>
      </trkpt>
      <trkpt lat="45.23985" lon="4.8055">
        <ele>134.7</ele>
      </trkpt>
      <trkpt lat="45.23975" lon="4.80553">
        <ele>134.5</ele>
      </trkpt>
      <trkpt lat="45.23968" lon="4.80559">
        <ele>134.3</ele>
      </trkpt>
      <trkpt lat="45.23954" lon="4.80575">
        <ele>133.9</ele>
      </trkpt>
      <trkpt lat="45.23913" lon="4.80627">
        <ele>132.4</ele>
      </trkpt>
      <trkpt lat="45.23904" lon="4.80635">
        <ele>132.0</ele>
      </trkpt>
      <trkpt lat="45.23885" lon="4.80646">
        <ele>131.4</ele>
      </trkpt>
      <trkpt lat="45.23874" lon="4.80652">
        <ele>131.1</ele>
      </trkpt>
      <trkpt lat="45.23853" lon="4.80659">
        <ele>130.5</ele>
      </trkpt>
      <trkpt lat="45.23849" lon="4.80648">
        <ele>130.4</ele>
      </trkpt>
      <trkpt lat="45.23839" lon="4.80637">
        <ele>130.2</ele>
      </trkpt>
      <trkpt lat="45.23794" lon="4.80593">
        <ele>130.5</ele>
      </trkpt>
      <trkpt lat="45.23749" lon="4.80548">
        <ele>131.0</ele>
      </trkpt>
      <trkpt lat="45.23702" lon="4.8052">
        <ele>131.0</ele>
      </trkpt>
      <trkpt lat="45.23617" lon="4.80491">
        <ele>131.4</ele>
      </trkpt>
      <trkpt lat="45.23543" lon="4.80474">
        <ele>131.1</ele>
      </trkpt>
      <trkpt lat="45.23469" lon="4.80457">
        <ele>130.0</ele>
      </trkpt>
      <trkpt lat="45.23395" lon="4.80439">
        <ele>129.9</ele>
      </trkpt>
      <trkpt lat="45.23322" lon="4.80422">
        <ele>130.4</ele>
      </trkpt>
      <trkpt lat="45.23291" lon="4.80424">
        <ele>131.5</ele>
      </trkpt>
      <trkpt lat="45.23262" lon="4.80436">
        <ele>132.7</ele>
      </trkpt>
      <trkpt lat="45.23193" lon="4.80433">
        <ele>132.9</ele>
      </trkpt>
      <trkpt lat="45.23124" lon="4.8043">
        <ele>131.9</ele>
      </trkpt>
      <trkpt lat="45.23081" lon="4.8042">
        <ele>131.1</ele>
      </trkpt>
      <trkpt lat="45.23064" lon="4.80426">
        <ele>131.3</ele>
      </trkpt>
      <trkpt lat="45.23024" lon="4.80409">
        <ele>131.5</ele>
      </trkpt>
      <trkpt lat="45.2297" lon="4.80407">
        <ele>131.6</ele>
      </trkpt>
      <trkpt lat="45.22916" lon="4.80404">
        <ele>131.5</ele>
      </trkpt>
      <trkpt lat="45.22833" lon="4.80413">
        <ele>130.9</ele>
      </trkpt>
      <trkpt lat="45.22745" lon="4.80441">
        <ele>132.2</ele>
      </trkpt>
      <trkpt lat="45.22672" lon="4.80469">
        <ele>129.8</ele>
      </trkpt>
      <trkpt lat="45.22599" lon="4.80498">
        <ele>130.0</ele>
      </trkpt>
      <trkpt lat="45.22546" lon="4.80531">
        <ele>129.1</ele>
      </trkpt>
      <trkpt lat="45.22472" lon="4.8057">
        <ele>127.7</ele>
      </trkpt>
      <trkpt lat="45.22398" lon="4.80609">
        <ele>127.9</ele>
      </trkpt>
      <trkpt lat="45.22324" lon="4.80649">
        <ele>129.3</ele>
      </trkpt>
      <trkpt lat="45.22267" lon="4.80676">
        <ele>127.7</ele>
      </trkpt>
      <trkpt lat="45.22211" lon="4.80702">
        <ele>127.7</ele>
      </trkpt>
      <trkpt lat="45.22141" lon="4.80734">
        <ele>127.8</ele>
      </trkpt>
      <trkpt lat="45.22092" lon="4.80758">
        <ele>127.2</ele>
      </trkpt>
      <trkpt lat="45.22042" lon="4.80783">
        <ele>127.2</ele>
      </trkpt>
      <trkpt lat="45.22018" lon="4.80788">
        <ele>127.1</ele>
      </trkpt>
      <trkpt lat="45.21951" lon="4.80812">
        <ele>127.9</ele>
      </trkpt>
      <trkpt lat="45.21933" lon="4.80816">
        <ele>128.3</ele>
      </trkpt>
      <trkpt lat="45.21911" lon="4.80829">
        <ele>129.1</ele>
      </trkpt>
      <trkpt lat="45.21898" lon="4.80845">
        <ele>129.6</ele>
      </trkpt>
      <trkpt lat="45.21893" lon="4.80846">
        <ele>129.8</ele>
      </trkpt>
      <trkpt lat="45.21883" lon="4.80844">
        <ele>130.2</ele>
      </trkpt>
      <trkpt lat="45.21863" lon="4.80843">
        <ele>131.0</ele>
      </trkpt>
      <trkpt lat="45.2178" lon="4.80863">
        <ele>131.5</ele>
      </trkpt>
      <trkpt lat="45.21698" lon="4.80883">
        <ele>131.0</ele>
      </trkpt>
      <trkpt lat="45.21648" lon="4.80894">
        <ele>131.2</ele>
      </trkpt>
      <trkpt lat="45.21599" lon="4.80904">
        <ele>131.4</ele>
      </trkpt>
      <trkpt lat="45.21564" lon="4.80914">
        <ele>131.6</ele>
      </trkpt>
      <trkpt lat="45.2154" lon="4.80918">
        <ele>131.6</ele>
      </trkpt>
      <trkpt lat="45.21502" lon="4.80923">
        <ele>131.5</ele>
      </trkpt>
      <trkpt lat="45.21452" lon="4.8094">
        <ele>132.0</ele>
      </trkpt>
      <trkpt lat="45.21393" lon="4.80955">
        <ele>130.9</ele>
      </trkpt>
      <trkpt lat="45.21351" lon="4.80968">
        <ele>129.6</ele>
      </trkpt>
      <trkpt lat="45.2131" lon="4.80978">
        <ele>129.2</ele>
      </trkpt>
      <trkpt lat="45.21258" lon="4.80988">
        <ele>129.6</ele>
      </trkpt>
      <trkpt lat="45.21216" lon="4.81003">
        <ele>129.3</ele>
      </trkpt>
      <trkpt lat="45.21158" lon="4.81026">
        <ele>129.2</ele>
      </trkpt>
      <trkpt lat="45.21077" lon="4.81066">
        <ele>131.4</ele>
      </trkpt>
      <trkpt lat="45.20995" lon="4.81106">
        <ele>127.8</ele>
      </trkpt>
      <trkpt lat="45.20949" lon="4.81133">
        <ele>128.8</ele>
      </trkpt>
      <trkpt lat="45.20902" lon="4.81161">
        <ele>130.0</ele>
      </trkpt>
      <trkpt lat="45.20848" lon="4.8122">
        <ele>129.5</ele>
      </trkpt>
      <trkpt lat="45.20785" lon="4.81257">
        <ele>128.1</ele>
      </trkpt>
      <trkpt lat="45.2072" lon="4.81282">
        <ele>128.2</ele>
      </trkpt>
      <trkpt lat="45.20639" lon="4.81328">
        <ele>129.2</ele>
      </trkpt>
      <trkpt lat="45.20613" lon="4.81351">
        <ele>129.9</ele>
      </trkpt>
      <trkpt lat="45.2057" lon="4.81358">
        <ele>129.9</ele>
      </trkpt>
      <trkpt lat="45.20562" lon="4.81385">
        <ele>130.2</ele>
      </trkpt>
      <trkpt lat="45.20503" lon="4.81389">
        <ele>129.1</ele>
      </trkpt>
      <trkpt lat="45.20443" lon="4.81393">
        <ele>129.6</ele>
      </trkpt>
      <trkpt lat="45.2039" lon="4.81392">
        <ele>129.6</ele>
      </trkpt>
      <trkpt lat="45.20336" lon="4.81392">
        <ele>129.1</ele>
      </trkpt>
      <trkpt lat="45.20312" lon="4.81384">
        <ele>129.4</ele>
      </trkpt>
      <trkpt lat="45.20285" lon="4.81371">
        <ele>129.8</ele>
      </trkpt>
      <trkpt lat="45.20256" lon="4.81348">
        <ele>130.2</ele>
      </trkpt>
      <trkpt lat="45.20233" lon="4.81339">
        <ele>130.4</ele>
      </trkpt>
      <trkpt lat="45.20217" lon="4.81328">
        <ele>130.2</ele>
      </trkpt>
      <trkpt lat="45.20183" lon="4.81297">
        <ele>129.2</ele>
      </trkpt>
      <trkpt lat="45.20162" lon="4.81269">
        <ele>128.8</ele>
      </trkpt>
      <trkpt lat="45.20125" lon="4.81215">
        <ele>134.2</ele>
      </trkpt>
      <trkpt lat="45.20101" lon="4.81185">
        <ele>136.6</ele>
      </trkpt>
      <trkpt lat="45.20063" lon="4.81111">
        <ele>133.7</ele>
      </trkpt>
      <trkpt lat="45.20021" lon="4.81024">
        <ele>130.0</ele>
      </trkpt>
      <trkpt lat="45.19994" lon="4.80975">
        <ele>127.9</ele>
      </trkpt>
      <trkpt lat="45.19964" lon="4.80929">
        <ele>130.8</ele>
      </trkpt>
      <trkpt lat="45.19933" lon="4.80889">
        <ele>131.3</ele>
      </trkpt>
      <trkpt lat="45.19904" lon="4.80861">
        <ele>130.6</ele>
      </trkpt>
      <trkpt lat="45.19891" lon="4.80844">
        <ele>130.1</ele>
      </trkpt>
      <trkpt lat="45.1987" lon="4.80814">
        <ele>130.0</ele>
      </trkpt>
      <trkpt lat="45.19851" lon="4.80799">
        <ele>130.3</ele>
      </trkpt>
      <trkpt lat="45.19803" lon="4.80785">
        <ele>130.6</ele>
      </trkpt>
      <trkpt lat="45.19766" lon="4.80785">
        <ele>131.3</ele>
      </trkpt>
      <trkpt lat="45.19742" lon="4.80782">
        <ele>131.0</ele>
      </trkpt>
      <trkpt lat="45.1972" lon="4.80772">
        <ele>129.5</ele>
      </trkpt>
      <trkpt lat="45.19652" lon="4.80766">
        <ele>128.5</ele>
      </trkpt>
      <trkpt lat="45.19623" lon="4.80763">
        <ele>128.7</ele>
      </trkpt>
      <trkpt lat="45.19608" lon="4.80763">
        <ele>128.8</ele>
      </trkpt>
      <trkpt lat="45.19576" lon="4.80763">
        <ele>129.1</ele>
      </trkpt>
      <trkpt lat="45.19506" lon="4.80767">
        <ele>129.0</ele>
      </trkpt>
      <trkpt lat="45.19481" lon="4.80755">
        <ele>129.2</ele>
      </trkpt>
      <trkpt lat="45.19473" lon="4.80755">
        <ele>129.3</ele>
      </trkpt>
      <trkpt lat="45.19428" lon="4.80764">
        <ele>130.0</ele>
      </trkpt>
      <trkpt lat="45.1938" lon="4.80781">
        <ele>129.2</ele>
      </trkpt>
      <trkpt lat="45.19329" lon="4.80802">
        <ele>128.2</ele>
      </trkpt>
      <trkpt lat="45.19257" lon="4.80852">
        <ele>128.5</ele>
      </trkpt>
      <trkpt lat="45.19185" lon="4.80902">
        <ele>130.1</ele>
      </trkpt>
      <trkpt lat="45.19113" lon="4.80951">
        <ele>129.8</ele>
      </trkpt>
      <trkpt lat="45.1904" lon="4.81001">
        <ele>131.0</ele>
      </trkpt>
      <trkpt lat="45.18968" lon="4.81051">
        <ele>129.6</ele>
      </trkpt>
      <trkpt lat="45.18896" lon="4.81101">
        <ele>129.4</ele>
      </trkpt>
      <trkpt lat="45.18854" lon="4.81126">
        <ele>128.9</ele>
      </trkpt>
      <trkpt lat="45.18813" lon="4.81152">
        <ele>128.9</ele>
      </trkpt>
      <trkpt lat="45.18754" lon="4.81183">
        <ele>128.3</ele>
      </trkpt>
      <trkpt lat="45.18696" lon="4.81215">
        <ele>130.5</ele>
      </trkpt>
      <trkpt lat="45.18675" lon="4.81227">
        <ele>131.4</ele>
      </trkpt>
      <trkpt lat="45.18671" lon="4.81234">
        <ele>131.9</ele>
      </trkpt>
      <trkpt lat="45.18671" lon="4.8124">
        <ele>132.3</ele>
      </trkpt>
      <trkpt lat="45.1862" lon="4.81264">
        <ele>130.6</ele>
      </trkpt>
      <trkpt lat="45.18574" lon="4.81288">
        <ele>130.6</ele>
      </trkpt>
      <trkpt lat="45.18529" lon="4.81312">
        <ele>132.4</ele>
      </trkpt>
      <trkpt lat="45.18449" lon="4.81362">
        <ele>131.9</ele>
      </trkpt>
      <trkpt lat="45.18458" lon="4.81384">
        <ele>134.1</ele>
      </trkpt>
      <trkpt lat="45.18457" lon="4.81388">
        <ele>134.4</ele>
      </trkpt>
      <trkpt lat="45.18445" lon="4.81381">
        <ele>133.2</ele>
      </trkpt>
      <trkpt lat="45.18445" lon="4.81376">
        <ele>132.8</ele>
      </trkpt>
      <trkpt lat="45.18443" lon="4.81372">
        <ele>132.3</ele>
      </trkpt>
      <trkpt lat="45.18441" lon="4.81368">
        <ele>131.9</ele>
      </trkpt>
      <trkpt lat="45.18439" lon="4.81362">
        <ele>131.3</ele>
      </trkpt>
      <trkpt lat="45.18435" lon="4.81347">
        <ele>129.7</ele>
      </trkpt>
      <trkpt lat="45.18421" lon="4.81276">
        <ele>127.1</ele>
      </trkpt>
      <trkpt lat="45.18408" lon="4.81205">
        <ele>127.0</ele>
      </trkpt>
      <trkpt lat="45.18393" lon="4.81126">
        <ele>127.8</ele>
      </trkpt>
      <trkpt lat="45.18378" lon="4.81048">
        <ele>130.7</ele>
      </trkpt>
      <trkpt lat="45.18372" lon="4.81012">
        <ele>131.8</ele>
      </trkpt>
      <trkpt lat="45.18367" lon="4.8098">
        <ele>131.7</ele>
      </trkpt>
      <trkpt lat="45.18366" lon="4.80944">
        <ele>130.9</ele>
      </trkpt>
      <trkpt lat="45.18365" lon="4.80929">
        <ele>130.5</ele>
      </trkpt>
      <trkpt lat="45.18367" lon="4.809">
        <ele>130.0</ele>
      </trkpt>
      <trkpt lat="45.18373" lon="4.80852">
        <ele>129.2</ele>
      </trkpt>
      <trkpt lat="45.18362" lon="4.80865">
        <ele>129.5</ele>
      </trkpt>
      <trkpt lat="45.18341" lon="4.80916">
        <ele>130.8</ele>
      </trkpt>
      <trkpt lat="45.18309" lon="4.80987">
        <ele>131.8</ele>
      </trkpt>
      <trkpt lat="45.18299" lon="4.8102">
        <ele>132.0</ele>
      </trkpt>
      <trkpt lat="45.18297" lon="4.81059">
        <ele>132.3</ele>
      </trkpt>
      <trkpt lat="45.18303" lon="4.81117">
        <ele>130.4</ele>
      </trkpt>
      <trkpt lat="45.18276" lon="4.8112">
        <ele>130.0</ele>
      </trkpt>
      <trkpt lat="45.18202" lon="4.8112">
        <ele>128.8</ele>
      </trkpt>
      <trkpt lat="45.1815" lon="4.81114">
        <ele>128.6</ele>
      </trkpt>
      <trkpt lat="45.18099" lon="4.81103">
        <ele>130.4</ele>
      </trkpt>
      <trkpt lat="45.18053" lon="4.81089">
        <ele>130.0</ele>
      </trkpt>
      <trkpt lat="45.17993" lon="4.81069">
        <ele>127.2</ele>
      </trkpt>
      <trkpt lat="45.1796" lon="4.81054">
        <ele>127.4</ele>
      </trkpt>
      <trkpt lat="45.1792" lon="4.81034">
        <ele>127.6</ele>
      </trkpt>
      <trkpt lat="45.17881" lon="4.81011">
        <ele>127.5</ele>
      </trkpt>
      <trkpt lat="45.17816" lon="4.80976">
        <ele>126.7</ele>
      </trkpt>
      <trkpt lat="45.17751" lon="4.80941">
        <ele>128.4</ele>
      </trkpt>
      <trkpt lat="45.17668" lon="4.80896">
        <ele>129.2</ele>
      </trkpt>
      <trkpt lat="45.17586" lon="4.80851">
        <ele>130.1</ele>
      </trkpt>
      <trkpt lat="45.17504" lon="4.80806">
        <ele>130.0</ele>
      </trkpt>
      <trkpt lat="45.17439" lon="4.80772">
        <ele>129.1</ele>
      </trkpt>
      <trkpt lat="45.17406" lon="4.80753">
        <ele>129.8</ele>
      </trkpt>
      <trkpt lat="45.17381" lon="4.80739">
        <ele>129.6</ele>
      </trkpt>
      <trkpt lat="45.17322" lon="4.8071">
        <ele>129.0</ele>
      </trkpt>
      <trkpt lat="45.17262" lon="4.80681">
        <ele>130.1</ele>
      </trkpt>
      <trkpt lat="45.1721" lon="4.8066">
        <ele>129.8</ele>
      </trkpt>
      <trkpt lat="45.17157" lon="4.80643">
        <ele>129.6</ele>
      </trkpt>
      <trkpt lat="45.17103" lon="4.80631">
        <ele>131.3</ele>
      </trkpt>
      <trkpt lat="45.17055" lon="4.80624">
        <ele>132.1</ele>
      </trkpt>
      <trkpt lat="45.17031" lon="4.80619">
        <ele>132.6</ele>
      </trkpt>
      <trkpt lat="45.16991" lon="4.80615">
        <ele>133.5</ele>
      </trkpt>
      <trkpt lat="45.16975" lon="4.80617">
        <ele>133.8</ele>
      </trkpt>
      <trkpt lat="45.16961" lon="4.80625">
        <ele>133.1</ele>
      </trkpt>
      <trkpt lat="45.16946" lon="4.80629">
        <ele>132.9</ele>
      </trkpt>
      <trkpt lat="45.16932" lon="4.80627">
        <ele>133.7</ele>
      </trkpt>
      <trkpt lat="45.16925" lon="4.80624">
        <ele>134.4</ele>
      </trkpt>
      <trkpt lat="45.16918" lon="4.80623">
        <ele>134.8</ele>
      </trkpt>
      <trkpt lat="45.16915" lon="4.80624">
        <ele>134.8</ele>
      </trkpt>
      <trkpt lat="45.16895" lon="4.80638">
        <ele>134.2</ele>
      </trkpt>
      <trkpt lat="45.16879" lon="4.80644">
        <ele>134.7</ele>
      </trkpt>
      <trkpt lat="45.16878" lon="4.80643">
        <ele>135.0</ele>
      </trkpt>
      <trkpt lat="45.16877" lon="4.80641">
        <ele>135.3</ele>
      </trkpt>
      <trkpt lat="45.16878" lon="4.80638">
        <ele>135.6</ele>
      </trkpt>
      <trkpt lat="45.16905" lon="4.80612">
        <ele>137.5</ele>
      </trkpt>
      <trkpt lat="45.16907" lon="4.8061">
        <ele>137.8</ele>
      </trkpt>
      <trkpt lat="45.16907" lon="4.80608">
        <ele>138.2</ele>
      </trkpt>
      <trkpt lat="45.16905" lon="4.80606">
        <ele>138.6</ele>
      </trkpt>
      <trkpt lat="45.16903" lon="4.80607">
        <ele>138.6</ele>
      </trkpt>
      <trkpt lat="45.16867" lon="4.80637">
        <ele>136.9</ele>
      </trkpt>
      <trkpt lat="45.16849" lon="4.80648">
        <ele>137.1</ele>
      </trkpt>
      <trkpt lat="45.16842" lon="4.80649">
        <ele>137.8</ele>
      </trkpt>
      <trkpt lat="45.16835" lon="4.80654">
        <ele>138.0</ele>
      </trkpt>
      <trkpt lat="45.16805" lon="4.80666">
        <ele>138.7</ele>
      </trkpt>
      <trkpt lat="45.16797" lon="4.80675">
        <ele>138.0</ele>
      </trkpt>
      <trkpt lat="45.16787" lon="4.8068">
        <ele>137.7</ele>
      </trkpt>
      <trkpt lat="45.16761" lon="4.80694">
        <ele>136.7</ele>
      </trkpt>
      <trkpt lat="45.16741" lon="4.80698">
        <ele>137.6</ele>
      </trkpt>
      <trkpt lat="45.16724" lon="4.80709">
        <ele>138.3</ele>
      </trkpt>
      <trkpt lat="45.16649" lon="4.80764">
        <ele>140.4</ele>
      </trkpt>
      <trkpt lat="45.16645" lon="4.80768">
        <ele>140.2</ele>
      </trkpt>
      <trkpt lat="45.16642" lon="4.80773">
        <ele>139.8</ele>
      </trkpt>
      <trkpt lat="45.16641" lon="4.80777">
        <ele>139.1</ele>
      </trkpt>
      <trkpt lat="45.16637" lon="4.80782">
        <ele>138.6</ele>
      </trkpt>
      <trkpt lat="45.16633" lon="4.80784">
        <ele>138.8</ele>
      </trkpt>
      <trkpt lat="45.16626" lon="4.80784">
        <ele>139.6</ele>
      </trkpt>
      <trkpt lat="45.16621" lon="4.80785">
        <ele>139.8</ele>
      </trkpt>
      <trkpt lat="45.16617" lon="4.80788">
        <ele>139.7</ele>
      </trkpt>
      <trkpt lat="45.16573" lon="4.8082">
        <ele>138.3</ele>
      </trkpt>
      <trkpt lat="45.16518" lon="4.80859">
        <ele>139.3</ele>
      </trkpt>
      <trkpt lat="45.16463" lon="4.80898">
        <ele>138.6</ele>
      </trkpt>
      <trkpt lat="45.16408" lon="4.80936">
        <ele>136.1</ele>
      </trkpt>
      <trkpt lat="45.16361" lon="4.80963">
        <ele>137.4</ele>
      </trkpt>
      <trkpt lat="45.16315" lon="4.80989">
        <ele>138.1</ele>
      </trkpt>
      <trkpt lat="45.16301" lon="4.80998">
        <ele>137.8</ele>
      </trkpt>
      <trkpt lat="45.16283" lon="4.81021">
        <ele>136.3</ele>
      </trkpt>
      <trkpt lat="45.1625" lon="4.81049">
        <ele>135.3</ele>
      </trkpt>
      <trkpt lat="45.16238" lon="4.81061">
        <ele>135.0</ele>
      </trkpt>
      <trkpt lat="45.16225" lon="4.81082">
        <ele>133.9</ele>
      </trkpt>
      <trkpt lat="45.16216" lon="4.81094">
        <ele>133.9</ele>
      </trkpt>
      <trkpt lat="45.16205" lon="4.81102">
        <ele>134.3</ele>
      </trkpt>
      <trkpt lat="45.16194" lon="4.81108">
        <ele>134.9</ele>
      </trkpt>
      <trkpt lat="45.16179" lon="4.81111">
        <ele>136.0</ele>
      </trkpt>
      <trkpt lat="45.16158" lon="4.81136">
        <ele>136.5</ele>
      </trkpt>
      <trkpt lat="45.16141" lon="4.81162">
        <ele>136.4</ele>
      </trkpt>
      <trkpt lat="45.16085" lon="4.81253">
        <ele>137.8</ele>
      </trkpt>
      <trkpt lat="45.16046" lon="4.81326">
        <ele>136.5</ele>
      </trkpt>
      <trkpt lat="45.16032" lon="4.81403">
        <ele>132.8</ele>
      </trkpt>
      <trkpt lat="45.16029" lon="4.81415">
        <ele>132.3</ele>
      </trkpt>
      <trkpt lat="45.15986" lon="4.81521">
        <ele>130.5</ele>
      </trkpt>
      <trkpt lat="45.15964" lon="4.81578">
        <ele>129.4</ele>
      </trkpt>
      <trkpt lat="45.15942" lon="4.81635">
        <ele>129.6</ele>
      </trkpt>
      <trkpt lat="45.15922" lon="4.81691">
        <ele>128.7</ele>
      </trkpt>
      <trkpt lat="45.15924" lon="4.81714">
        <ele>127.6</ele>
      </trkpt>
      <trkpt lat="45.15932" lon="4.81752">
        <ele>125.8</ele>
      </trkpt>
      <trkpt lat="45.15935" lon="4.8177">
        <ele>125.8</ele>
      </trkpt>
      <trkpt lat="45.15933" lon="4.81795">
        <ele>125.7</ele>
      </trkpt>
      <trkpt lat="45.15925" lon="4.81843">
        <ele>125.3</ele>
      </trkpt>
      <trkpt lat="45.15912" lon="4.81944">
        <ele>125.4</ele>
      </trkpt>
      <trkpt lat="45.15898" lon="4.82045">
        <ele>127.1</ele>
      </trkpt>
      <trkpt lat="45.15876" lon="4.82148">
        <ele>127.7</ele>
      </trkpt>
      <trkpt lat="45.15849" lon="4.82241">
        <ele>129.9</ele>
      </trkpt>
      <trkpt lat="45.15811" lon="4.82336">
        <ele>129.0</ele>
      </trkpt>
      <trkpt lat="45.1579" lon="4.82377">
        <ele>128.5</ele>
      </trkpt>
      <trkpt lat="45.15743" lon="4.8243">
        <ele>127.4</ele>
      </trkpt>
      <trkpt lat="45.15718" lon="4.82454">
        <ele>127.8</ele>
      </trkpt>
      <trkpt lat="45.15691" lon="4.82474">
        <ele>127.4</ele>
      </trkpt>
      <trkpt lat="45.1564" lon="4.82498">
        <ele>126.4</ele>
      </trkpt>
      <trkpt lat="45.15593" lon="4.82507">
        <ele>126.9</ele>
      </trkpt>
      <trkpt lat="45.15565" lon="4.82511">
        <ele>126.8</ele>
      </trkpt>
      <trkpt lat="45.15538" lon="4.8251">
        <ele>126.5</ele>
      </trkpt>
      <trkpt lat="45.15483" lon="4.82506">
        <ele>126.1</ele>
      </trkpt>
      <trkpt lat="45.15441" lon="4.82495">
        <ele>126.2</ele>
      </trkpt>
      <trkpt lat="45.15397" lon="4.82477">
        <ele>126.9</ele>
      </trkpt>
      <trkpt lat="45.1535" lon="4.82453">
        <ele>127.8</ele>
      </trkpt>
      <trkpt lat="45.15292" lon="4.82406">
        <ele>127.0</ele>
      </trkpt>
      <trkpt lat="45.15234" lon="4.82359">
        <ele>125.9</ele>
      </trkpt>
      <trkpt lat="45.15176" lon="4.82311">
        <ele>123.9</ele>
      </trkpt>
      <trkpt lat="45.15163" lon="4.82297">
        <ele>123.7</ele>
      </trkpt>
      <trkpt lat="45.15129" lon="4.82271">
        <ele>123.9</ele>
      </trkpt>
      <trkpt lat="45.15091" lon="4.82239">
        <ele>123.8</ele>
      </trkpt>
      <trkpt lat="45.15038" lon="4.82197">
        <ele>123.0</ele>
      </trkpt>
      <trkpt lat="45.14987" lon="4.82148">
        <ele>122.8</ele>
      </trkpt>
      <trkpt lat="45.14941" lon="4.82111">
        <ele>123.6</ele>
      </trkpt>
      <trkpt lat="45.14901" lon="4.82075">
        <ele>123.7</ele>
      </trkpt>
      <trkpt lat="45.14861" lon="4.8204">
        <ele>125.0</ele>
      </trkpt>
      <trkpt lat="45.14815" lon="4.81994">
        <ele>125.4</ele>
      </trkpt>
      <trkpt lat="45.14769" lon="4.81949">
        <ele>126.4</ele>
      </trkpt>
      <trkpt lat="45.14701" lon="4.81879">
        <ele>127.8</ele>
      </trkpt>
      <trkpt lat="45.14632" lon="4.81809">
        <ele>128.9</ele>
      </trkpt>
      <trkpt lat="45.14592" lon="4.81769">
        <ele>127.4</ele>
      </trkpt>
      <trkpt lat="45.14551" lon="4.81729">
        <ele>127.1</ele>
      </trkpt>
      <trkpt lat="45.14509" lon="4.81685">
        <ele>126.4</ele>
      </trkpt>
      <trkpt lat="45.14467" lon="4.8164">
        <ele>126.8</ele>
      </trkpt>
      <trkpt lat="45.1441" lon="4.81585">
        <ele>127.1</ele>
      </trkpt>
      <trkpt lat="45.14375" lon="4.81551">
        <ele>126.5</ele>
      </trkpt>
      <trkpt lat="45.14347" lon="4.81521">
        <ele>125.7</ele>
      </trkpt>
      <trkpt lat="45.14311" lon="4.81485">
        <ele>125.5</ele>
      </trkpt>
      <trkpt lat="45.14272" lon="4.81442">
        <ele>124.6</ele>
      </trkpt>
      <trkpt lat="45.14232" lon="4.81399">
        <ele>123.7</ele>
      </trkpt>
      <trkpt lat="45.14197" lon="4.81359">
        <ele>123.8</ele>
      </trkpt>
      <trkpt lat="45.14189" lon="4.81346">
        <ele>123.6</ele>
      </trkpt>
      <trkpt lat="45.14182" lon="4.81317">
        <ele>123.0</ele>
      </trkpt>
      <trkpt lat="45.14171" lon="4.81303">
        <ele>122.7</ele>
      </trkpt>
      <trkpt lat="45.14146" lon="4.81278">
        <ele>123.7</ele>
      </trkpt>
      <trkpt lat="45.14137" lon="4.81254">
        <ele>123.9</ele>
      </trkpt>
      <trkpt lat="45.14129" lon="4.81256">
        <ele>124.3</ele>
      </trkpt>
      <trkpt lat="45.14123" lon="4.81256">
        <ele>124.7</ele>
      </trkpt>
      <trkpt lat="45.14116" lon="4.81251">
        <ele>125.1</ele>
      </trkpt>
      <trkpt lat="45.141" lon="4.81235">
        <ele>126.6</ele>
      </trkpt>
      <trkpt lat="45.1405" lon="4.8117">
        <ele>128.0</ele>
      </trkpt>
      <trkpt lat="45.14" lon="4.81104">
        <ele>127.3</ele>
      </trkpt>
      <trkpt lat="45.13937" lon="4.81014">
        <ele>129.0</ele>
      </trkpt>
      <trkpt lat="45.13886" lon="4.80932">
        <ele>129.0</ele>
      </trkpt>
      <trkpt lat="45.13869" lon="4.80902">
        <ele>128.0</ele>
      </trkpt>
      <trkpt lat="45.13864" lon="4.80883">
        <ele>127.4</ele>
      </trkpt>
      <trkpt lat="45.13864" lon="4.80868">
        <ele>127.3</ele>
      </trkpt>
      <trkpt lat="45.1387" lon="4.80845">
        <ele>127.3</ele>
      </trkpt>
      <trkpt lat="45.13864" lon="4.80842">
        <ele>126.9</ele>
      </trkpt>
      <trkpt lat="45.13853" lon="4.8083">
        <ele>126.2</ele>
      </trkpt>
      <trkpt lat="45.13833" lon="4.80784">
        <ele>125.6</ele>
      </trkpt>
      <trkpt lat="45.13831" lon="4.8076">
        <ele>125.9</ele>
      </trkpt>
      <trkpt lat="45.13825" lon="4.80736">
        <ele>126.0</ele>
      </trkpt>
      <trkpt lat="45.13808" lon="4.80704">
        <ele>125.8</ele>
      </trkpt>
      <trkpt lat="45.13796" lon="4.80682">
        <ele>125.6</ele>
      </trkpt>
      <trkpt lat="45.13783" lon="4.80665">
        <ele>125.4</ele>
      </trkpt>
      <trkpt lat="45.13771" lon="4.80648">
        <ele>125.2</ele>
      </trkpt>
      <trkpt lat="45.13764" lon="4.80641">
        <ele>125.1</ele>
      </trkpt>
      <trkpt lat="45.13758" lon="4.80638">
        <ele>124.9</ele>
      </trkpt>
      <trkpt lat="45.13732" lon="4.8059">
        <ele>123.9</ele>
      </trkpt>
      <trkpt lat="45.137" lon="4.80527">
        <ele>124.3</ele>
      </trkpt>
      <trkpt lat="45.13681" lon="4.80497">
        <ele>124.5</ele>
      </trkpt>
      <trkpt lat="45.13659" lon="4.80468">
        <ele>124.7</ele>
      </trkpt>
      <trkpt lat="45.13622" lon="4.8043">
        <ele>125.1</ele>
      </trkpt>
      <trkpt lat="45.13592" lon="4.80407">
        <ele>126.2</ele>
      </trkpt>
      <trkpt lat="45.13532" lon="4.80364">
        <ele>126.9</ele>
      </trkpt>
      <trkpt lat="45.13516" lon="4.80348">
        <ele>126.7</ele>
      </trkpt>
      <trkpt lat="45.1349" lon="4.80309">
        <ele>128.9</ele>
      </trkpt>
      <trkpt lat="45.13476" lon="4.80301">
        <ele>129.1</ele>
      </trkpt>
      <trkpt lat="45.13456" lon="4.80294">
        <ele>128.7</ele>
      </trkpt>
      <trkpt lat="45.13441" lon="4.80296">
        <ele>127.7</ele>
      </trkpt>
      <trkpt lat="45.13424" lon="4.80296">
        <ele>126.8</ele>
      </trkpt>
      <trkpt lat="45.13387" lon="4.80272">
        <ele>125.8</ele>
      </trkpt>
      <trkpt lat="45.13366" lon="4.80267">
        <ele>125.1</ele>
      </trkpt>
      <trkpt lat="45.13328" lon="4.80269">
        <ele>124.1</ele>
      </trkpt>
      <trkpt lat="45.13289" lon="4.80259">
        <ele>124.5</ele>
      </trkpt>
      <trkpt lat="45.13269" lon="4.80255">
        <ele>124.7</ele>
      </trkpt>
      <trkpt lat="45.13247" lon="4.80254">
        <ele>124.9</ele>
      </trkpt>
      <trkpt lat="45.13201" lon="4.80244">
        <ele>125.8</ele>
      </trkpt>
      <trkpt lat="45.13186" lon="4.80243">
        <ele>125.9</ele>
      </trkpt>
      <trkpt lat="45.13157" lon="4.80249">
        <ele>124.5</ele>
      </trkpt>
      <trkpt lat="45.1314" lon="4.8025">
        <ele>124.8</ele>
      </trkpt>
      <trkpt lat="45.13077" lon="4.80241">
        <ele>128.0</ele>
      </trkpt>
      <trkpt lat="45.13015" lon="4.8023">
        <ele>126.8</ele>
      </trkpt>
      <trkpt lat="45.12952" lon="4.80219">
        <ele>126.0</ele>
      </trkpt>
      <trkpt lat="45.1289" lon="4.80208">
        <ele>125.8</ele>
      </trkpt>
      <trkpt lat="45.12809" lon="4.80177">
        <ele>127.8</ele>
      </trkpt>
      <trkpt lat="45.12788" lon="4.80177">
        <ele>127.7</ele>
      </trkpt>
      <trkpt lat="45.12768" lon="4.80171">
        <ele>127.9</ele>
      </trkpt>
      <trkpt lat="45.12744" lon="4.80167">
        <ele>127.8</ele>
      </trkpt>
      <trkpt lat="45.12709" lon="4.80171">
        <ele>126.8</ele>
      </trkpt>
      <trkpt lat="45.12656" lon="4.80161">
        <ele>126.8</ele>
      </trkpt>
      <trkpt lat="45.12621" lon="4.80152">
        <ele>127.0</ele>
      </trkpt>
      <trkpt lat="45.1257" lon="4.80142">
        <ele>126.1</ele>
      </trkpt>
      <trkpt lat="45.12507" lon="4.8013">
        <ele>125.8</ele>
      </trkpt>
      <trkpt lat="45.12453" lon="4.80117">
        <ele>126.1</ele>
      </trkpt>
      <trkpt lat="45.12431" lon="4.80111">
        <ele>126.2</ele>
      </trkpt>
      <trkpt lat="45.12424" lon="4.80107">
        <ele>126.3</ele>
      </trkpt>
      <trkpt lat="45.12413" lon="4.80103">
        <ele>126.2</ele>
      </trkpt>
      <trkpt lat="45.12385" lon="4.80104">
        <ele>125.9</ele>
      </trkpt>
      <trkpt lat="45.12362" lon="4.80099">
        <ele>125.8</ele>
      </trkpt>
      <trkpt lat="45.12329" lon="4.80094">
        <ele>125.6</ele>
      </trkpt>
      <trkpt lat="45.12303" lon="4.80094">
        <ele>125.7</ele>
      </trkpt>
      <trkpt lat="45.12229" lon="4.80106">
        <ele>125.7</ele>
      </trkpt>
      <trkpt lat="45.12193" lon="4.8012">
        <ele>125.8</ele>
      </trkpt>
      <trkpt lat="45.12153" lon="4.80148">
        <ele>125.2</ele>
      </trkpt>
      <trkpt lat="45.12128" lon="4.80155">
        <ele>124.5</ele>
      </trkpt>
      <trkpt lat="45.12112" lon="4.80161">
        <ele>123.9</ele>
      </trkpt>
      <trkpt lat="45.12096" lon="4.80174">
        <ele>123.2</ele>
      </trkpt>
      <trkpt lat="45.12082" lon="4.80178">
        <ele>122.9</ele>
      </trkpt>
      <trkpt lat="45.12056" lon="4.80293">
        <ele>122.1</ele>
      </trkpt>
      <trkpt lat="45.1205" lon="4.80341">
        <ele>121.8</ele>
      </trkpt>
      <trkpt lat="45.12047" lon="4.80357">
        <ele>122.0</ele>
      </trkpt>
      <trkpt lat="45.12036" lon="4.80385">
        <ele>122.4</ele>
      </trkpt>
      <trkpt lat="45.11997" lon="4.80438">
        <ele>122.7</ele>
      </trkpt>
      <trkpt lat="45.11973" lon="4.80477">
        <ele>122.2</ele>
      </trkpt>
      <trkpt lat="45.11908" lon="4.80552">
        <ele>119.7</ele>
      </trkpt>
      <trkpt lat="45.11862" lon="4.80594">
        <ele>120.3</ele>
      </trkpt>
      <trkpt lat="45.11816" lon="4.80636">
        <ele>122.3</ele>
      </trkpt>
      <trkpt lat="45.11745" lon="4.80685">
        <ele>123.0</ele>
      </trkpt>
      <trkpt lat="45.11674" lon="4.80734">
        <ele>123.2</ele>
      </trkpt>
      <trkpt lat="45.11632" lon="4.80767">
        <ele>122.9</ele>
      </trkpt>
      <trkpt lat="45.1159" lon="4.808">
        <ele>124.0</ele>
      </trkpt>
      <trkpt lat="45.11558" lon="4.80833">
        <ele>124.4</ele>
      </trkpt>
      <trkpt lat="45.11522" lon="4.80865">
        <ele>123.7</ele>
      </trkpt>
      <trkpt lat="45.1145" lon="4.80927">
        <ele>123.6</ele>
      </trkpt>
      <trkpt lat="45.11379" lon="4.80988">
        <ele>124.4</ele>
      </trkpt>
      <trkpt lat="45.11349" lon="4.81033">
        <ele>123.4</ele>
      </trkpt>
      <trkpt lat="45.11338" lon="4.81042">
        <ele>123.1</ele>
      </trkpt>
      <trkpt lat="45.11327" lon="4.81046">
        <ele>123.0</ele>
      </trkpt>
      <trkpt lat="45.11287" lon="4.81065">
        <ele>122.9</ele>
      </trkpt>
      <trkpt lat="45.11248" lon="4.81088">
        <ele>123.1</ele>
      </trkpt>
      <trkpt lat="45.11223" lon="4.81112">
        <ele>123.2</ele>
      </trkpt>
      <trkpt lat="45.112" lon="4.81142">
        <ele>122.6</ele>
      </trkpt>
      <trkpt lat="45.11182" lon="4.81177">
        <ele>121.6</ele>
      </trkpt>
      <trkpt lat="45.11174" lon="4.81198">
        <ele>121.5</ele>
      </trkpt>
      <trkpt lat="45.1116" lon="4.81221">
        <ele>121.6</ele>
      </trkpt>
      <trkpt lat="45.11148" lon="4.81227">
        <ele>121.5</ele>
      </trkpt>
      <trkpt lat="45.11095" lon="4.81237">
        <ele>121.0</ele>
      </trkpt>
      <trkpt lat="45.11042" lon="4.81248">
        <ele>121.0</ele>
      </trkpt>
      <trkpt lat="45.11022" lon="4.81257">
        <ele>121.1</ele>
      </trkpt>
      <trkpt lat="45.11003" lon="4.81272">
        <ele>121.3</ele>
      </trkpt>
      <trkpt lat="45.10962" lon="4.81309">
        <ele>120.9</ele>
      </trkpt>
      <trkpt lat="45.10957" lon="4.81315">
        <ele>120.9</ele>
      </trkpt>
      <trkpt lat="45.10934" lon="4.8135">
        <ele>120.7</ele>
      </trkpt>
      <trkpt lat="45.10897" lon="4.81434">
        <ele>121.0</ele>
      </trkpt>
      <trkpt lat="45.10858" lon="4.81508">
        <ele>121.7</ele>
      </trkpt>
      <trkpt lat="45.10818" lon="4.81583">
        <ele>122.0</ele>
      </trkpt>
      <trkpt lat="45.10784" lon="4.81652">
        <ele>121.3</ele>
      </trkpt>
      <trkpt lat="45.10746" lon="4.81704">
        <ele>122.9</ele>
      </trkpt>
      <trkpt lat="45.10701" lon="4.81747">
        <ele>122.8</ele>
      </trkpt>
      <trkpt lat="45.10657" lon="4.8179">
        <ele>121.0</ele>
      </trkpt>
      <trkpt lat="45.10621" lon="4.81828">
        <ele>121.1</ele>
      </trkpt>
      <trkpt lat="45.10585" lon="4.81866">
        <ele>122.0</ele>
      </trkpt>
      <trkpt lat="45.10551" lon="4.81912">
        <ele>122.0</ele>
      </trkpt>
      <trkpt lat="45.10486" lon="4.8197">
        <ele>122.6</ele>
      </trkpt>
      <trkpt lat="45.10421" lon="4.82029">
        <ele>123.0</ele>
      </trkpt>
      <trkpt lat="45.10374" lon="4.82084">
        <ele>122.0</ele>
      </trkpt>
      <trkpt lat="45.10327" lon="4.8214">
        <ele>123.0</ele>
      </trkpt>
      <trkpt lat="45.10309" lon="4.82155">
        <ele>123.6</ele>
      </trkpt>
      <trkpt lat="45.10286" lon="4.82159">
        <ele>123.7</ele>
      </trkpt>
      <trkpt lat="45.10259" lon="4.82154">
        <ele>123.5</ele>
      </trkpt>
      <trkpt lat="45.10216" lon="4.82153">
        <ele>122.8</ele>
      </trkpt>
      <trkpt lat="45.10212" lon="4.82153">
        <ele>122.7</ele>
      </trkpt>
      <trkpt lat="45.10201" lon="4.82156">
        <ele>122.6</ele>
      </trkpt>
      <trkpt lat="45.10187" lon="4.82164">
        <ele>122.4</ele>
      </trkpt>
      <trkpt lat="45.10183" lon="4.8217">
        <ele>122.5</ele>
      </trkpt>
      <trkpt lat="45.10144" lon="4.82213">
        <ele>122.5</ele>
      </trkpt>
      <trkpt lat="45.10122" lon="4.8223">
        <ele>122.2</ele>
      </trkpt>
      <trkpt lat="45.10079" lon="4.82247">
        <ele>120.9</ele>
      </trkpt>
      <trkpt lat="45.1004" lon="4.82246">
        <ele>120.5</ele>
      </trkpt>
      <trkpt lat="45.10002" lon="4.82237">
        <ele>120.2</ele>
      </trkpt>
      <trkpt lat="45.0997" lon="4.82225">
        <ele>120.2</ele>
      </trkpt>
      <trkpt lat="45.09951" lon="4.82221">
        <ele>120.1</ele>
      </trkpt>
      <trkpt lat="45.0989" lon="4.82223">
        <ele>119.9</ele>
      </trkpt>
      <trkpt lat="45.09828" lon="4.82225">
        <ele>119.8</ele>
      </trkpt>
      <trkpt lat="45.09774" lon="4.82233">
        <ele>120.6</ele>
      </trkpt>
      <trkpt lat="45.0972" lon="4.82241">
        <ele>121.3</ele>
      </trkpt>
      <trkpt lat="45.09633" lon="4.82267">
        <ele>121.9</ele>
      </trkpt>
      <trkpt lat="45.09602" lon="4.8228">
        <ele>121.9</ele>
      </trkpt>
      <trkpt lat="45.09576" lon="4.82296">
        <ele>122.0</ele>
      </trkpt>
      <trkpt lat="45.09488" lon="4.82309">
        <ele>121.5</ele>
      </trkpt>
      <trkpt lat="45.09412" lon="4.8233">
        <ele>122.0</ele>
      </trkpt>
      <trkpt lat="45.09338" lon="4.8233">
        <ele>121.1</ele>
      </trkpt>
      <trkpt lat="45.0927" lon="4.82332">
        <ele>121.0</ele>
      </trkpt>
      <trkpt lat="45.09203" lon="4.82334">
        <ele>119.9</ele>
      </trkpt>
      <trkpt lat="45.09135" lon="4.82336">
        <ele>119.0</ele>
      </trkpt>
      <trkpt lat="45.09085" lon="4.82343">
        <ele>119.0</ele>
      </trkpt>
      <trkpt lat="45.09036" lon="4.8235">
        <ele>119.6</ele>
      </trkpt>
      <trkpt lat="45.08982" lon="4.82354">
        <ele>120.1</ele>
      </trkpt>
      <trkpt lat="45.08929" lon="4.82358">
        <ele>120.3</ele>
      </trkpt>
      <trkpt lat="45.08876" lon="4.8235">
        <ele>120.2</ele>
      </trkpt>
      <trkpt lat="45.08824" lon="4.82343">
        <ele>119.8</ele>
      </trkpt>
      <trkpt lat="45.08756" lon="4.82344">
        <ele>118.9</ele>
      </trkpt>
      <trkpt lat="45.08713" lon="4.8235">
        <ele>119.6</ele>
      </trkpt>
      <trkpt lat="45.08653" lon="4.82367">
        <ele>120.0</ele>
      </trkpt>
      <trkpt lat="45.08592" lon="4.82384">
        <ele>118.9</ele>
      </trkpt>
      <trkpt lat="45.08542" lon="4.82392">
        <ele>119.3</ele>
      </trkpt>
      <trkpt lat="45.08491" lon="4.82399">
        <ele>119.8</ele>
      </trkpt>
      <trkpt lat="45.08459" lon="4.82396">
        <ele>119.0</ele>
      </trkpt>
      <trkpt lat="45.08381" lon="4.82375">
        <ele>117.8</ele>
      </trkpt>
      <trkpt lat="45.08307" lon="4.82357">
        <ele>118.3</ele>
      </trkpt>
      <trkpt lat="45.08234" lon="4.82339">
        <ele>120.1</ele>
      </trkpt>
      <trkpt lat="45.08187" lon="4.82326">
        <ele>120.6</ele>
      </trkpt>
      <trkpt lat="45.08139" lon="4.82312">
        <ele>120.1</ele>
      </trkpt>
      <trkpt lat="45.08061" lon="4.82279">
        <ele>119.5</ele>
      </trkpt>
      <trkpt lat="45.07982" lon="4.82247">
        <ele>119.8</ele>
      </trkpt>
      <trkpt lat="45.07922" lon="4.82227">
        <ele>118.8</ele>
      </trkpt>
      <trkpt lat="45.0789" lon="4.82221">
        <ele>119.0</ele>
      </trkpt>
      <trkpt lat="45.07849" lon="4.82219">
        <ele>119.4</ele>
      </trkpt>
      <trkpt lat="45.0781" lon="4.82219">
        <ele>119.6</ele>
      </trkpt>
      <trkpt lat="45.0778" lon="4.8222">
        <ele>119.5</ele>
      </trkpt>
      <trkpt lat="45.07735" lon="4.82219">
        <ele>119.4</ele>
      </trkpt>
      <trkpt lat="45.07722" lon="4.82214">
        <ele>119.5</ele>
      </trkpt>
      <trkpt lat="45.07723" lon="4.8221">
        <ele>119.5</ele>
      </trkpt>
      <trkpt lat="45.07723" lon="4.82206">
        <ele>119.5</ele>
      </trkpt>
      <trkpt lat="45.07722" lon="4.82202">
        <ele>119.5</ele>
      </trkpt>
      <trkpt lat="45.07719" lon="4.82199">
        <ele>119.5</ele>
      </trkpt>
      <trkpt lat="45.07715" lon="4.82198">
        <ele>119.5</ele>
      </trkpt>
      <trkpt lat="45.07712" lon="4.82199">
        <ele>119.5</ele>
      </trkpt>
      <trkpt lat="45.0771" lon="4.82202">
        <ele>119.5</ele>
      </trkpt>
      <trkpt lat="45.07709" lon="4.82207">
        <ele>119.5</ele>
      </trkpt>
      <trkpt lat="45.0771" lon="4.8221">
        <ele>119.5</ele>
      </trkpt>
      <trkpt lat="45.07711" lon="4.82213">
        <ele>119.5</ele>
      </trkpt>
      <trkpt lat="45.07691" lon="4.82228">
        <ele>119.6</ele>
      </trkpt>
      <trkpt lat="45.07683" lon="4.82238">
        <ele>119.7</ele>
      </trkpt>
      <trkpt lat="45.07678" lon="4.82212">
        <ele>119.5</ele>
      </trkpt>
      <trkpt lat="45.07658" lon="4.82134">
        <ele>118.9</ele>
      </trkpt>
      <trkpt lat="45.07638" lon="4.82057">
        <ele>119.2</ele>
      </trkpt>
      <trkpt lat="45.07616" lon="4.81973">
        <ele>119.5</ele>
      </trkpt>
      <trkpt lat="45.07594" lon="4.8189">
        <ele>119.5</ele>
      </trkpt>
      <trkpt lat="45.07572" lon="4.81807">
        <ele>120.0</ele>
      </trkpt>
      <trkpt lat="45.07553" lon="4.81738">
        <ele>120.5</ele>
      </trkpt>
      <trkpt lat="45.07533" lon="4.81668">
        <ele>121.0</ele>
      </trkpt>
      <trkpt lat="45.07532" lon="4.81666">
        <ele>121.0</ele>
      </trkpt>
      <trkpt lat="45.07527" lon="4.81651">
        <ele>121.3</ele>
      </trkpt>
      <trkpt lat="45.07524" lon="4.81652">
        <ele>121.2</ele>
      </trkpt>
      <trkpt lat="45.07472" lon="4.81689">
        <ele>121.2</ele>
      </trkpt>
      <trkpt lat="45.0742" lon="4.81727">
        <ele>122.4</ele>
      </trkpt>
      <trkpt lat="45.07398" lon="4.81748">
        <ele>122.7</ele>
      </trkpt>
      <trkpt lat="45.07387" lon="4.81762">
        <ele>122.5</ele>
      </trkpt>
      <trkpt lat="45.07381" lon="4.8177">
        <ele>122.4</ele>
      </trkpt>
      <trkpt lat="45.07369" lon="4.81799">
        <ele>122.2</ele>
      </trkpt>
      <trkpt lat="45.07356" lon="4.8184">
        <ele>122.1</ele>
      </trkpt>
      <trkpt lat="45.07341" lon="4.81895">
        <ele>123.3</ele>
      </trkpt>
      <trkpt lat="45.07325" lon="4.81951">
        <ele>124.2</ele>
      </trkpt>
      <trkpt lat="45.07303" lon="4.82022">
        <ele>123.9</ele>
      </trkpt>
      <trkpt lat="45.07281" lon="4.82093">
        <ele>124.3</ele>
      </trkpt>
      <trkpt lat="45.0726" lon="4.82168">
        <ele>124.8</ele>
      </trkpt>
      <trkpt lat="45.07259" lon="4.82174">
        <ele>124.8</ele>
      </trkpt>
      <trkpt lat="45.0726" lon="4.82184">
        <ele>124.7</ele>
      </trkpt>
      <trkpt lat="45.07263" lon="4.82195">
        <ele>124.6</ele>
      </trkpt>
      <trkpt lat="45.0727" lon="4.82202">
        <ele>124.4</ele>
      </trkpt>
      <trkpt lat="45.07265" lon="4.82216">
        <ele>124.5</ele>
      </trkpt>
      <trkpt lat="45.07267" lon="4.82221">
        <ele>124.5</ele>
      </trkpt>
      <trkpt lat="45.07275" lon="4.82238">
        <ele>124.2</ele>
      </trkpt>
      <trkpt lat="45.07283" lon="4.82264">
        <ele>123.8</ele>
      </trkpt>
      <trkpt lat="45.07287" lon="4.82281">
        <ele>123.8</ele>
      </trkpt>
      <trkpt lat="45.07291" lon="4.82312">
        <ele>123.9</ele>
      </trkpt>
      <trkpt lat="45.07291" lon="4.82356">
        <ele>124.1</ele>
      </trkpt>
      <trkpt lat="45.07288" lon="4.82393">
        <ele>124.3</ele>
      </trkpt>
      <trkpt lat="45.07281" lon="4.82452">
        <ele>123.0</ele>
      </trkpt>
      <trkpt lat="45.07272" lon="4.82496">
        <ele>121.8</ele>
      </trkpt>
      <trkpt lat="45.07247" lon="4.82582">
        <ele>121.1</ele>
      </trkpt>
      <trkpt lat="45.07227" lon="4.82637">
        <ele>121.7</ele>
      </trkpt>
      <trkpt lat="45.07203" lon="4.82689">
        <ele>122.2</ele>
      </trkpt>
      <trkpt lat="45.07203" lon="4.82694">
        <ele>122.1</ele>
      </trkpt>
      <trkpt lat="45.07185" lon="4.82727">
        <ele>122.3</ele>
      </trkpt>
      <trkpt lat="45.07158" lon="4.82766">
        <ele>122.9</ele>
      </trkpt>
      <trkpt lat="45.07129" lon="4.82803">
        <ele>122.8</ele>
      </trkpt>
      <trkpt lat="45.07119" lon="4.82815">
        <ele>122.9</ele>
      </trkpt>
      <trkpt lat="45.07078" lon="4.82854">
        <ele>122.6</ele>
      </trkpt>
      <trkpt lat="45.07065" lon="4.82869">
        <ele>122.3</ele>
      </trkpt>
      <trkpt lat="45.07066" lon="4.82879">
        <ele>122.0</ele>
      </trkpt>
      <trkpt lat="45.07084" lon="4.82909">
        <ele>121.2</ele>
      </trkpt>
      <trkpt lat="45.07086" lon="4.82917">
        <ele>120.9</ele>
      </trkpt>
      <trkpt lat="45.07086" lon="4.82925">
        <ele>120.9</ele>
      </trkpt>
      <trkpt lat="45.07085" lon="4.82929">
        <ele>120.9</ele>
      </trkpt>
      <trkpt lat="45.07053" lon="4.82966">
        <ele>120.6</ele>
      </trkpt>
      <trkpt lat="45.07006" lon="4.83025">
        <ele>119.1</ele>
      </trkpt>
      <trkpt lat="45.06959" lon="4.83085">
        <ele>120.4</ele>
      </trkpt>
      <trkpt lat="45.06943" lon="4.83114">
        <ele>120.3</ele>
      </trkpt>
      <trkpt lat="45.06911" lon="4.83182">
        <ele>120.9</ele>
      </trkpt>
      <trkpt lat="45.06888" lon="4.83225">
        <ele>123.3</ele>
      </trkpt>
      <trkpt lat="45.06881" lon="4.83243">
        <ele>123.7</ele>
      </trkpt>
      <trkpt lat="45.06871" lon="4.83278">
        <ele>123.3</ele>
      </trkpt>
      <trkpt lat="45.06854" lon="4.83325">
        <ele>123.3</ele>
      </trkpt>
      <trkpt lat="45.06837" lon="4.8336">
        <ele>123.5</ele>
      </trkpt>
      <trkpt lat="45.06792" lon="4.83441">
        <ele>123.6</ele>
      </trkpt>
      <trkpt lat="45.06787" lon="4.83453">
        <ele>123.6</ele>
      </trkpt>
      <trkpt lat="45.06786" lon="4.83463">
        <ele>123.4</ele>
      </trkpt>
      <trkpt lat="45.0678" lon="4.8347">
        <ele>123.7</ele>
      </trkpt>
      <trkpt lat="45.06775" lon="4.83479">
        <ele>124.0</ele>
      </trkpt>
      <trkpt lat="45.06733" lon="4.83573">
        <ele>119.4</ele>
      </trkpt>
      <trkpt lat="45.06691" lon="4.83667">
        <ele>121.2</ele>
      </trkpt>
      <trkpt lat="45.06649" lon="4.83762">
        <ele>117.9</ele>
      </trkpt>
      <trkpt lat="45.06608" lon="4.83866">
        <ele>118.6</ele>
      </trkpt>
      <trkpt lat="45.06567" lon="4.83971">
        <ele>117.1</ele>
      </trkpt>
      <trkpt lat="45.06564" lon="4.83982">
        <ele>117.2</ele>
      </trkpt>
      <trkpt lat="45.06565" lon="4.83993">
        <ele>117.1</ele>
      </trkpt>
      <trkpt lat="45.06568" lon="4.84002">
        <ele>116.9</ele>
      </trkpt>
      <trkpt lat="45.06571" lon="4.84006">
        <ele>116.8</ele>
      </trkpt>
      <trkpt lat="45.06569" lon="4.84012">
        <ele>116.8</ele>
      </trkpt>
      <trkpt lat="45.06629" lon="4.84049">
        <ele>116.0</ele>
      </trkpt>
      <trkpt lat="45.06689" lon="4.84085">
        <ele>116.0</ele>
      </trkpt>
      <trkpt lat="45.06755" lon="4.84126">
        <ele>116.4</ele>
      </trkpt>
      <trkpt lat="45.0682" lon="4.84167">
        <ele>122.7</ele>
      </trkpt>
      <trkpt lat="45.06876" lon="4.84199">
        <ele>122.1</ele>
      </trkpt>
      <trkpt lat="45.068764" lon="4.841995">
        <ele>122.0</ele>
      </trkpt>
      <trkpt lat="45.06886" lon="4.84211">
        <ele>121.6</ele>
      </trkpt>
      <trkpt lat="45.06891" lon="4.84221">
        <ele>121.3</ele>
      </trkpt>
      <trkpt lat="45.06894" lon="4.84228">
        <ele>121.1</ele>
      </trkpt>
      <trkpt lat="45.06896" lon="4.84234">
        <ele>121.0</ele>
      </trkpt>
      <trkpt lat="45.06896" lon="4.8424">
        <ele>120.9</ele>
      </trkpt>
      <trkpt lat="45.06885" lon="4.84285">
        <ele>121.0</ele>
      </trkpt>
      <trkpt lat="45.06877" lon="4.84326">
        <ele>121.0</ele>
      </trkpt>
      <trkpt lat="45.06847" lon="4.84436">
        <ele>121.1</ele>
      </trkpt>
      <trkpt lat="45.06817" lon="4.84545">
        <ele>120.0</ele>
      </trkpt>
      <trkpt lat="45.0679" lon="4.84653">
        <ele>120.0</ele>
      </trkpt>
      <trkpt lat="45.06762" lon="4.8476">
        <ele>119.2</ele>
      </trkpt>
      <trkpt lat="45.0677" lon="4.84764">
        <ele>119.3</ele>
      </trkpt>
      <trkpt lat="45.06796" lon="4.84758">
        <ele>119.5</ele>
      </trkpt>
      <trkpt lat="45.06836" lon="4.84751">
        <ele>120.0</ele>
      </trkpt>
      <trkpt lat="45.0687" lon="4.84744">
        <ele>120.5</ele>
      </trkpt>
      <trkpt lat="45.06924" lon="4.84733">
        <ele>121.0</ele>
      </trkpt>
    </trkseg>
  </trk>
</gpx>
