<?xml version="1.0" encoding="UTF-8"?>
<gpx xmlns:gpxdata="http://www.cluetrust.com/XML/GPXDATA/1/0" xmlns:xsi="http://www.w3.org/2001/XMLSchema-instance" xmlns="http://www.topografix.com/GPX/1/1" version="1.1" creator="http://ridewithgps.com/" xsi:schemaLocation="http://www.topografix.com/GPX/1/1 http://www.topografix.com/GPX/1/1/gpx.xsd http://www.cluetrust.com/XML/GPXDATA/1/0 http://www.cluetrust.com/Schemas/gpxdata10.xsd">
  <metadata>
    <name>Jour 15 - Chalon-sur-Saône @ Mâcon</name>
    <link href="https://ridewithgps.com/routes/56273151">
      <text>Jour 15 - Chalon-sur-Saône @ Mâcon</text>
    </link>
    <time>2026-07-22T15:15:31Z</time>
  </metadata>
  <trk>
    <name>Jour 15 - Chalon-sur-Saône @ Mâcon</name>
    <trkseg>
      <trkpt lat="46.78105" lon="4.8493">
        <ele>178.8</ele>
      </trkpt>
      <trkpt lat="46.78126" lon="4.85002">
        <ele>177.5</ele>
      </trkpt>
      <trkpt lat="46.78072" lon="4.8503">
        <ele>177.7</ele>
      </trkpt>
      <trkpt lat="46.77993" lon="4.85077">
        <ele>179.1</ele>
      </trkpt>
      <trkpt lat="46.77981" lon="4.85086">
        <ele>179.6</ele>
      </trkpt>
      <trkpt lat="46.77975" lon="4.85095">
        <ele>179.9</ele>
      </trkpt>
      <trkpt lat="46.77943" lon="4.85102">
        <ele>180.7</ele>
      </trkpt>
      <trkpt lat="46.77942" lon="4.85113">
        <ele>181.0</ele>
      </trkpt>
      <trkpt lat="46.77943" lon="4.85123">
        <ele>181.1</ele>
      </trkpt>
      <trkpt lat="46.77946" lon="4.85128">
        <ele>181.2</ele>
      </trkpt>
      <trkpt lat="46.77966" lon="4.85196">
        <ele>181.8</ele>
      </trkpt>
      <trkpt lat="46.77997" lon="4.85259">
        <ele>183.6</ele>
      </trkpt>
      <trkpt lat="46.77942" lon="4.8531">
        <ele>178.9</ele>
      </trkpt>
      <trkpt lat="46.77912" lon="4.85338">
        <ele>176.6</ele>
      </trkpt>
      <trkpt lat="46.77935" lon="4.85401">
        <ele>177.9</ele>
      </trkpt>
      <trkpt lat="46.77959" lon="4.85464">
        <ele>176.8</ele>
      </trkpt>
      <trkpt lat="46.7797" lon="4.85485">
        <ele>177.0</ele>
      </trkpt>
      <trkpt lat="46.77976" lon="4.85498">
        <ele>177.2</ele>
      </trkpt>
      <trkpt lat="46.77981" lon="4.85515">
        <ele>177.4</ele>
      </trkpt>
      <trkpt lat="46.77987" lon="4.85552">
        <ele>177.4</ele>
      </trkpt>
      <trkpt lat="46.78009" lon="4.85607">
        <ele>179.1</ele>
      </trkpt>
      <trkpt lat="46.78037" lon="4.85672">
        <ele>180.9</ele>
      </trkpt>
      <trkpt lat="46.78082" lon="4.8578">
        <ele>183.8</ele>
      </trkpt>
      <trkpt lat="46.78099" lon="4.85829">
        <ele>184.4</ele>
      </trkpt>
      <trkpt lat="46.78092" lon="4.85835">
        <ele>184.1</ele>
      </trkpt>
      <trkpt lat="46.78088" lon="4.85838">
        <ele>183.9</ele>
      </trkpt>
      <trkpt lat="46.7805" lon="4.85879">
        <ele>181.1</ele>
      </trkpt>
      <trkpt lat="46.78012" lon="4.8592">
        <ele>180.9</ele>
      </trkpt>
      <trkpt lat="46.78006" lon="4.85926">
        <ele>181.0</ele>
      </trkpt>
      <trkpt lat="46.78018" lon="4.8598">
        <ele>181.3</ele>
      </trkpt>
      <trkpt lat="46.7802" lon="4.86002">
        <ele>181.5</ele>
      </trkpt>
      <trkpt lat="46.7802" lon="4.86028">
        <ele>181.1</ele>
      </trkpt>
      <trkpt lat="46.78012" lon="4.86084">
        <ele>180.3</ele>
      </trkpt>
      <trkpt lat="46.78011" lon="4.86097">
        <ele>180.3</ele>
      </trkpt>
      <trkpt lat="46.78013" lon="4.86125">
        <ele>180.3</ele>
      </trkpt>
      <trkpt lat="46.78019" lon="4.86172">
        <ele>180.2</ele>
      </trkpt>
      <trkpt lat="46.78018" lon="4.86183">
        <ele>179.6</ele>
      </trkpt>
      <trkpt lat="46.78016" lon="4.86192">
        <ele>179.2</ele>
      </trkpt>
      <trkpt lat="46.78006" lon="4.86206">
        <ele>178.9</ele>
      </trkpt>
      <trkpt lat="46.7793" lon="4.86264">
        <ele>179.3</ele>
      </trkpt>
      <trkpt lat="46.77926" lon="4.8627">
        <ele>179.2</ele>
      </trkpt>
      <trkpt lat="46.7791" lon="4.8635">
        <ele>177.4</ele>
      </trkpt>
      <trkpt lat="46.77898" lon="4.86447">
        <ele>178.4</ele>
      </trkpt>
      <trkpt lat="46.77885" lon="4.86544">
        <ele>178.5</ele>
      </trkpt>
      <trkpt lat="46.77877" lon="4.86615">
        <ele>178.1</ele>
      </trkpt>
      <trkpt lat="46.77868" lon="4.86686">
        <ele>177.5</ele>
      </trkpt>
      <trkpt lat="46.77864" lon="4.86711">
        <ele>177.4</ele>
      </trkpt>
      <trkpt lat="46.77882" lon="4.86714">
        <ele>177.1</ele>
      </trkpt>
      <trkpt lat="46.77882" lon="4.86731">
        <ele>177.0</ele>
      </trkpt>
      <trkpt lat="46.77885" lon="4.86789">
        <ele>176.9</ele>
      </trkpt>
      <trkpt lat="46.7789" lon="4.86862">
        <ele>176.5</ele>
      </trkpt>
      <trkpt lat="46.7789" lon="4.86886">
        <ele>176.1</ele>
      </trkpt>
      <trkpt lat="46.7789" lon="4.8692">
        <ele>175.6</ele>
      </trkpt>
      <trkpt lat="46.77893" lon="4.86945">
        <ele>175.1</ele>
      </trkpt>
      <trkpt lat="46.77903" lon="4.86978">
        <ele>174.1</ele>
      </trkpt>
      <trkpt lat="46.77939" lon="4.87043">
        <ele>173.1</ele>
      </trkpt>
      <trkpt lat="46.77943" lon="4.8705">
        <ele>173.1</ele>
      </trkpt>
      <trkpt lat="46.77951" lon="4.87074">
        <ele>173.0</ele>
      </trkpt>
      <trkpt lat="46.77956" lon="4.87092">
        <ele>173.0</ele>
      </trkpt>
      <trkpt lat="46.77967" lon="4.8718">
        <ele>173.4</ele>
      </trkpt>
      <trkpt lat="46.77981" lon="4.87278">
        <ele>172.4</ele>
      </trkpt>
      <trkpt lat="46.77995" lon="4.87376">
        <ele>172.0</ele>
      </trkpt>
      <trkpt lat="46.78009" lon="4.87474">
        <ele>172.0</ele>
      </trkpt>
      <trkpt lat="46.78023" lon="4.87571">
        <ele>173.2</ele>
      </trkpt>
      <trkpt lat="46.78028" lon="4.87583">
        <ele>173.3</ele>
      </trkpt>
      <trkpt lat="46.77957" lon="4.87641">
        <ele>173.7</ele>
      </trkpt>
      <trkpt lat="46.77901" lon="4.8767">
        <ele>172.8</ele>
      </trkpt>
      <trkpt lat="46.77861" lon="4.87684">
        <ele>172.5</ele>
      </trkpt>
      <trkpt lat="46.7783" lon="4.87694">
        <ele>172.7</ele>
      </trkpt>
      <trkpt lat="46.77796" lon="4.877">
        <ele>173.5</ele>
      </trkpt>
      <trkpt lat="46.77787" lon="4.877">
        <ele>173.7</ele>
      </trkpt>
      <trkpt lat="46.77777" lon="4.87697">
        <ele>173.8</ele>
      </trkpt>
      <trkpt lat="46.77772" lon="4.87691">
        <ele>173.8</ele>
      </trkpt>
      <trkpt lat="46.77768" lon="4.87684">
        <ele>173.8</ele>
      </trkpt>
      <trkpt lat="46.77763" lon="4.87673">
        <ele>173.8</ele>
      </trkpt>
      <trkpt lat="46.7776" lon="4.8767">
        <ele>173.8</ele>
      </trkpt>
      <trkpt lat="46.77752" lon="4.87667">
        <ele>174.0</ele>
      </trkpt>
      <trkpt lat="46.77734" lon="4.87663">
        <ele>173.7</ele>
      </trkpt>
      <trkpt lat="46.77728" lon="4.87661">
        <ele>173.6</ele>
      </trkpt>
      <trkpt lat="46.77726" lon="4.87657">
        <ele>173.6</ele>
      </trkpt>
      <trkpt lat="46.77725" lon="4.87651">
        <ele>173.5</ele>
      </trkpt>
      <trkpt lat="46.77731" lon="4.87594">
        <ele>172.7</ele>
      </trkpt>
      <trkpt lat="46.77729" lon="4.87589">
        <ele>172.6</ele>
      </trkpt>
      <trkpt lat="46.77721" lon="4.87584">
        <ele>172.3</ele>
      </trkpt>
      <trkpt lat="46.77719" lon="4.87581">
        <ele>172.3</ele>
      </trkpt>
      <trkpt lat="46.77718" lon="4.87578">
        <ele>172.3</ele>
      </trkpt>
      <trkpt lat="46.77715" lon="4.87577">
        <ele>172.2</ele>
      </trkpt>
      <trkpt lat="46.77713" lon="4.87578">
        <ele>172.1</ele>
      </trkpt>
      <trkpt lat="46.77664" lon="4.87608">
        <ele>171.6</ele>
      </trkpt>
      <trkpt lat="46.77615" lon="4.87638">
        <ele>172.1</ele>
      </trkpt>
      <trkpt lat="46.77611" lon="4.87639">
        <ele>172.1</ele>
      </trkpt>
      <trkpt lat="46.77606" lon="4.87637">
        <ele>172.0</ele>
      </trkpt>
      <trkpt lat="46.77603" lon="4.87639">
        <ele>172.1</ele>
      </trkpt>
      <trkpt lat="46.77601" lon="4.87641">
        <ele>172.1</ele>
      </trkpt>
      <trkpt lat="46.776" lon="4.87645">
        <ele>172.3</ele>
      </trkpt>
      <trkpt lat="46.77593" lon="4.87685">
        <ele>173.0</ele>
      </trkpt>
      <trkpt lat="46.77587" lon="4.87708">
        <ele>173.0</ele>
      </trkpt>
      <trkpt lat="46.7756" lon="4.87787">
        <ele>173.0</ele>
      </trkpt>
      <trkpt lat="46.7755" lon="4.87791">
        <ele>173.0</ele>
      </trkpt>
      <trkpt lat="46.77535" lon="4.87796">
        <ele>173.1</ele>
      </trkpt>
      <trkpt lat="46.77519" lon="4.87807">
        <ele>173.3</ele>
      </trkpt>
      <trkpt lat="46.77509" lon="4.87818">
        <ele>173.6</ele>
      </trkpt>
      <trkpt lat="46.77502" lon="4.87833">
        <ele>174.0</ele>
      </trkpt>
      <trkpt lat="46.77498" lon="4.87839">
        <ele>173.8</ele>
      </trkpt>
      <trkpt lat="46.7749" lon="4.87846">
        <ele>173.6</ele>
      </trkpt>
      <trkpt lat="46.77485" lon="4.8785">
        <ele>173.7</ele>
      </trkpt>
      <trkpt lat="46.77473" lon="4.87839">
        <ele>174.2</ele>
      </trkpt>
      <trkpt lat="46.77414" lon="4.87823">
        <ele>174.3</ele>
      </trkpt>
      <trkpt lat="46.77355" lon="4.87806">
        <ele>172.8</ele>
      </trkpt>
      <trkpt lat="46.77296" lon="4.87789">
        <ele>172.5</ele>
      </trkpt>
      <trkpt lat="46.77272" lon="4.87781">
        <ele>172.6</ele>
      </trkpt>
      <trkpt lat="46.77267" lon="4.87784">
        <ele>172.6</ele>
      </trkpt>
      <trkpt lat="46.77255" lon="4.87812">
        <ele>172.3</ele>
      </trkpt>
      <trkpt lat="46.77241" lon="4.87853">
        <ele>173.4</ele>
      </trkpt>
      <trkpt lat="46.77214" lon="4.8795">
        <ele>176.5</ele>
      </trkpt>
      <trkpt lat="46.77207" lon="4.88005">
        <ele>176.3</ele>
      </trkpt>
      <trkpt lat="46.77218" lon="4.88134">
        <ele>173.3</ele>
      </trkpt>
      <trkpt lat="46.77221" lon="4.88147">
        <ele>172.9</ele>
      </trkpt>
      <trkpt lat="46.77225" lon="4.88189">
        <ele>172.5</ele>
      </trkpt>
      <trkpt lat="46.77226" lon="4.88217">
        <ele>172.8</ele>
      </trkpt>
      <trkpt lat="46.77225" lon="4.88245">
        <ele>173.1</ele>
      </trkpt>
      <trkpt lat="46.77218" lon="4.8832">
        <ele>172.8</ele>
      </trkpt>
      <trkpt lat="46.77211" lon="4.88396">
        <ele>173.2</ele>
      </trkpt>
      <trkpt lat="46.772" lon="4.88474">
        <ele>174.3</ele>
      </trkpt>
      <trkpt lat="46.7719" lon="4.88603">
        <ele>175.5</ele>
      </trkpt>
      <trkpt lat="46.77192" lon="4.88617">
        <ele>175.8</ele>
      </trkpt>
      <trkpt lat="46.77196" lon="4.88626">
        <ele>176.0</ele>
      </trkpt>
      <trkpt lat="46.77206" lon="4.88635">
        <ele>176.2</ele>
      </trkpt>
      <trkpt lat="46.77253" lon="4.88661">
        <ele>176.9</ele>
      </trkpt>
      <trkpt lat="46.77298" lon="4.8868">
        <ele>176.9</ele>
      </trkpt>
      <trkpt lat="46.77347" lon="4.88695">
        <ele>177.0</ele>
      </trkpt>
      <trkpt lat="46.77351" lon="4.88698">
        <ele>177.0</ele>
      </trkpt>
      <trkpt lat="46.77348" lon="4.88708">
        <ele>177.0</ele>
      </trkpt>
      <trkpt lat="46.77349" lon="4.88742">
        <ele>177.0</ele>
      </trkpt>
      <trkpt lat="46.77349" lon="4.88857">
        <ele>178.0</ele>
      </trkpt>
      <trkpt lat="46.77349" lon="4.88973">
        <ele>178.3</ele>
      </trkpt>
      <trkpt lat="46.77348" lon="4.88994">
        <ele>178.3</ele>
      </trkpt>
      <trkpt lat="46.77344" lon="4.89035">
        <ele>179.0</ele>
      </trkpt>
      <trkpt lat="46.77337" lon="4.89092">
        <ele>179.9</ele>
      </trkpt>
      <trkpt lat="46.77322" lon="4.89162">
        <ele>178.9</ele>
      </trkpt>
      <trkpt lat="46.77306" lon="4.89232">
        <ele>178.9</ele>
      </trkpt>
      <trkpt lat="46.77293" lon="4.89299">
        <ele>179.6</ele>
      </trkpt>
      <trkpt lat="46.77254" lon="4.89306">
        <ele>179.7</ele>
      </trkpt>
      <trkpt lat="46.77207" lon="4.89316">
        <ele>179.3</ele>
      </trkpt>
      <trkpt lat="46.77147" lon="4.8933">
        <ele>179.2</ele>
      </trkpt>
      <trkpt lat="46.77088" lon="4.89344">
        <ele>180.1</ele>
      </trkpt>
      <trkpt lat="46.77029" lon="4.89358">
        <ele>179.9</ele>
      </trkpt>
      <trkpt lat="46.77024" lon="4.89378">
        <ele>179.8</ele>
      </trkpt>
      <trkpt lat="46.77001" lon="4.89438">
        <ele>179.3</ele>
      </trkpt>
      <trkpt lat="46.76978" lon="4.89497">
        <ele>180.2</ele>
      </trkpt>
      <trkpt lat="46.7696" lon="4.89538">
        <ele>180.0</ele>
      </trkpt>
      <trkpt lat="46.76933" lon="4.89586">
        <ele>179.8</ele>
      </trkpt>
      <trkpt lat="46.7693" lon="4.89592">
        <ele>179.9</ele>
      </trkpt>
      <trkpt lat="46.76912" lon="4.89575">
        <ele>180.0</ele>
      </trkpt>
      <trkpt lat="46.76909" lon="4.89575">
        <ele>180.0</ele>
      </trkpt>
      <trkpt lat="46.76903" lon="4.89579">
        <ele>179.9</ele>
      </trkpt>
      <trkpt lat="46.76861" lon="4.8966">
        <ele>178.7</ele>
      </trkpt>
      <trkpt lat="46.76853" lon="4.8966">
        <ele>178.5</ele>
      </trkpt>
      <trkpt lat="46.76811" lon="4.89733">
        <ele>176.4</ele>
      </trkpt>
      <trkpt lat="46.76769" lon="4.89806">
        <ele>175.8</ele>
      </trkpt>
      <trkpt lat="46.76726" lon="4.89879">
        <ele>175.9</ele>
      </trkpt>
      <trkpt lat="46.76716" lon="4.89893">
        <ele>175.9</ele>
      </trkpt>
      <trkpt lat="46.76675" lon="4.89941">
        <ele>175.7</ele>
      </trkpt>
      <trkpt lat="46.76654" lon="4.89964">
        <ele>175.6</ele>
      </trkpt>
      <trkpt lat="46.76632" lon="4.89986">
        <ele>175.9</ele>
      </trkpt>
      <trkpt lat="46.76611" lon="4.90005">
        <ele>176.4</ele>
      </trkpt>
      <trkpt lat="46.76593" lon="4.90022">
        <ele>177.0</ele>
      </trkpt>
      <trkpt lat="46.76572" lon="4.90037">
        <ele>177.1</ele>
      </trkpt>
      <trkpt lat="46.76551" lon="4.90051">
        <ele>176.7</ele>
      </trkpt>
      <trkpt lat="46.76487" lon="4.90087">
        <ele>176.0</ele>
      </trkpt>
      <trkpt lat="46.76462" lon="4.90099">
        <ele>176.3</ele>
      </trkpt>
      <trkpt lat="46.76436" lon="4.90108">
        <ele>176.6</ele>
      </trkpt>
      <trkpt lat="46.764" lon="4.9012">
        <ele>177.2</ele>
      </trkpt>
      <trkpt lat="46.76379" lon="4.90124">
        <ele>177.5</ele>
      </trkpt>
      <trkpt lat="46.76318" lon="4.90133">
        <ele>177.7</ele>
      </trkpt>
      <trkpt lat="46.76292" lon="4.90134">
        <ele>177.4</ele>
      </trkpt>
      <trkpt lat="46.76248" lon="4.90131">
        <ele>177.0</ele>
      </trkpt>
      <trkpt lat="46.762" lon="4.90127">
        <ele>177.3</ele>
      </trkpt>
      <trkpt lat="46.76152" lon="4.90122">
        <ele>178.1</ele>
      </trkpt>
      <trkpt lat="46.76066" lon="4.90113">
        <ele>180.4</ele>
      </trkpt>
      <trkpt lat="46.7598" lon="4.90104">
        <ele>178.1</ele>
      </trkpt>
      <trkpt lat="46.75894" lon="4.90095">
        <ele>176.9</ele>
      </trkpt>
      <trkpt lat="46.75829" lon="4.90087">
        <ele>177.0</ele>
      </trkpt>
      <trkpt lat="46.75768" lon="4.90082">
        <ele>177.0</ele>
      </trkpt>
      <trkpt lat="46.75687" lon="4.90082">
        <ele>179.2</ele>
      </trkpt>
      <trkpt lat="46.75606" lon="4.90096">
        <ele>180.1</ele>
      </trkpt>
      <trkpt lat="46.75574" lon="4.90105">
        <ele>180.2</ele>
      </trkpt>
      <trkpt lat="46.75514" lon="4.90126">
        <ele>180.5</ele>
      </trkpt>
      <trkpt lat="46.75507" lon="4.90124">
        <ele>180.5</ele>
      </trkpt>
      <trkpt lat="46.75502" lon="4.90121">
        <ele>180.4</ele>
      </trkpt>
      <trkpt lat="46.75485" lon="4.90105">
        <ele>180.0</ele>
      </trkpt>
      <trkpt lat="46.75482" lon="4.901">
        <ele>180.0</ele>
      </trkpt>
      <trkpt lat="46.75489" lon="4.90144">
        <ele>181.3</ele>
      </trkpt>
      <trkpt lat="46.75458" lon="4.90161">
        <ele>181.9</ele>
      </trkpt>
      <trkpt lat="46.75393" lon="4.90193">
        <ele>182.7</ele>
      </trkpt>
      <trkpt lat="46.75328" lon="4.90224">
        <ele>183.0</ele>
      </trkpt>
      <trkpt lat="46.75292" lon="4.90243">
        <ele>182.5</ele>
      </trkpt>
      <trkpt lat="46.75287" lon="4.90247">
        <ele>182.5</ele>
      </trkpt>
      <trkpt lat="46.75277" lon="4.90259">
        <ele>182.2</ele>
      </trkpt>
      <trkpt lat="46.7527" lon="4.90265">
        <ele>182.1</ele>
      </trkpt>
      <trkpt lat="46.75187" lon="4.90308">
        <ele>182.6</ele>
      </trkpt>
      <trkpt lat="46.7518" lon="4.9031">
        <ele>182.7</ele>
      </trkpt>
      <trkpt lat="46.75176" lon="4.90308">
        <ele>182.8</ele>
      </trkpt>
      <trkpt lat="46.75171" lon="4.90308">
        <ele>182.9</ele>
      </trkpt>
      <trkpt lat="46.75167" lon="4.9031">
        <ele>183.0</ele>
      </trkpt>
      <trkpt lat="46.7516" lon="4.90315">
        <ele>183.0</ele>
      </trkpt>
      <trkpt lat="46.7509" lon="4.90378">
        <ele>183.5</ele>
      </trkpt>
      <trkpt lat="46.75087" lon="4.9038">
        <ele>183.5</ele>
      </trkpt>
      <trkpt lat="46.7507" lon="4.90382">
        <ele>184.0</ele>
      </trkpt>
      <trkpt lat="46.75033" lon="4.90428">
        <ele>185.1</ele>
      </trkpt>
      <trkpt lat="46.75019" lon="4.90442">
        <ele>185.1</ele>
      </trkpt>
      <trkpt lat="46.75017" lon="4.90446">
        <ele>185.1</ele>
      </trkpt>
      <trkpt lat="46.75015" lon="4.9045">
        <ele>185.1</ele>
      </trkpt>
      <trkpt lat="46.74965" lon="4.90513">
        <ele>184.5</ele>
      </trkpt>
      <trkpt lat="46.74952" lon="4.90531">
        <ele>184.8</ele>
      </trkpt>
      <trkpt lat="46.74925" lon="4.90577">
        <ele>185.7</ele>
      </trkpt>
      <trkpt lat="46.74914" lon="4.90597">
        <ele>186.0</ele>
      </trkpt>
      <trkpt lat="46.74874" lon="4.90695">
        <ele>187.4</ele>
      </trkpt>
      <trkpt lat="46.74834" lon="4.90792">
        <ele>189.0</ele>
      </trkpt>
      <trkpt lat="46.74793" lon="4.9089">
        <ele>190.2</ele>
      </trkpt>
      <trkpt lat="46.74753" lon="4.90987">
        <ele>190.1</ele>
      </trkpt>
      <trkpt lat="46.74715" lon="4.91076">
        <ele>191.5</ele>
      </trkpt>
      <trkpt lat="46.74677" lon="4.91166">
        <ele>192.0</ele>
      </trkpt>
      <trkpt lat="46.74657" lon="4.91218">
        <ele>192.7</ele>
      </trkpt>
      <trkpt lat="46.74626" lon="4.91291">
        <ele>193.0</ele>
      </trkpt>
      <trkpt lat="46.74596" lon="4.91364">
        <ele>192.9</ele>
      </trkpt>
      <trkpt lat="46.74594" lon="4.91368">
        <ele>192.9</ele>
      </trkpt>
      <trkpt lat="46.74592" lon="4.91374">
        <ele>192.9</ele>
      </trkpt>
      <trkpt lat="46.7456" lon="4.91452">
        <ele>192.4</ele>
      </trkpt>
      <trkpt lat="46.74527" lon="4.91529">
        <ele>191.9</ele>
      </trkpt>
      <trkpt lat="46.74481" lon="4.91641">
        <ele>192.2</ele>
      </trkpt>
      <trkpt lat="46.74434" lon="4.91752">
        <ele>192.8</ele>
      </trkpt>
      <trkpt lat="46.74388" lon="4.91863">
        <ele>193.0</ele>
      </trkpt>
      <trkpt lat="46.74345" lon="4.91965">
        <ele>194.2</ele>
      </trkpt>
      <trkpt lat="46.74303" lon="4.92067">
        <ele>196.3</ele>
      </trkpt>
      <trkpt lat="46.74261" lon="4.92169">
        <ele>197.4</ele>
      </trkpt>
      <trkpt lat="46.74218" lon="4.92271">
        <ele>197.6</ele>
      </trkpt>
      <trkpt lat="46.74176" lon="4.92373">
        <ele>197.2</ele>
      </trkpt>
      <trkpt lat="46.74133" lon="4.92475">
        <ele>199.0</ele>
      </trkpt>
      <trkpt lat="46.74091" lon="4.92577">
        <ele>198.2</ele>
      </trkpt>
      <trkpt lat="46.74049" lon="4.92679">
        <ele>196.3</ele>
      </trkpt>
      <trkpt lat="46.74006" lon="4.92781">
        <ele>193.7</ele>
      </trkpt>
      <trkpt lat="46.73964" lon="4.92883">
        <ele>192.9</ele>
      </trkpt>
      <trkpt lat="46.7394" lon="4.9294">
        <ele>192.4</ele>
      </trkpt>
      <trkpt lat="46.73916" lon="4.92997">
        <ele>191.0</ele>
      </trkpt>
      <trkpt lat="46.739" lon="4.93033">
        <ele>190.8</ele>
      </trkpt>
      <trkpt lat="46.73856" lon="4.93139">
        <ele>192.3</ele>
      </trkpt>
      <trkpt lat="46.73813" lon="4.93246">
        <ele>193.2</ele>
      </trkpt>
      <trkpt lat="46.73769" lon="4.93352">
        <ele>193.0</ele>
      </trkpt>
      <trkpt lat="46.73725" lon="4.93459">
        <ele>192.6</ele>
      </trkpt>
      <trkpt lat="46.73681" lon="4.93566">
        <ele>192.0</ele>
      </trkpt>
      <trkpt lat="46.73637" lon="4.93672">
        <ele>193.4</ele>
      </trkpt>
      <trkpt lat="46.73593" lon="4.93779">
        <ele>194.8</ele>
      </trkpt>
      <trkpt lat="46.73549" lon="4.93883">
        <ele>196.9</ele>
      </trkpt>
      <trkpt lat="46.73506" lon="4.93988">
        <ele>199.0</ele>
      </trkpt>
      <trkpt lat="46.73462" lon="4.94092">
        <ele>195.5</ele>
      </trkpt>
      <trkpt lat="46.73418" lon="4.94197">
        <ele>196.6</ele>
      </trkpt>
      <trkpt lat="46.73374" lon="4.94301">
        <ele>195.9</ele>
      </trkpt>
      <trkpt lat="46.73331" lon="4.94405">
        <ele>196.2</ele>
      </trkpt>
      <trkpt lat="46.73287" lon="4.9451">
        <ele>194.5</ele>
      </trkpt>
      <trkpt lat="46.73281" lon="4.94521">
        <ele>194.5</ele>
      </trkpt>
      <trkpt lat="46.73214" lon="4.9459">
        <ele>193.6</ele>
      </trkpt>
      <trkpt lat="46.73147" lon="4.94659">
        <ele>193.2</ele>
      </trkpt>
      <trkpt lat="46.7308" lon="4.94728">
        <ele>194.0</ele>
      </trkpt>
      <trkpt lat="46.73026" lon="4.94784">
        <ele>194.6</ele>
      </trkpt>
      <trkpt lat="46.72972" lon="4.94841">
        <ele>194.9</ele>
      </trkpt>
      <trkpt lat="46.72917" lon="4.94897">
        <ele>194.2</ele>
      </trkpt>
      <trkpt lat="46.72855" lon="4.9496">
        <ele>193.6</ele>
      </trkpt>
      <trkpt lat="46.72823" lon="4.9499">
        <ele>193.9</ele>
      </trkpt>
      <trkpt lat="46.72807" lon="4.95002">
        <ele>194.0</ele>
      </trkpt>
      <trkpt lat="46.72743" lon="4.95044">
        <ele>194.5</ele>
      </trkpt>
      <trkpt lat="46.72682" lon="4.95085">
        <ele>195.0</ele>
      </trkpt>
      <trkpt lat="46.72621" lon="4.95126">
        <ele>194.2</ele>
      </trkpt>
      <trkpt lat="46.72598" lon="4.95137">
        <ele>193.9</ele>
      </trkpt>
      <trkpt lat="46.72567" lon="4.9515">
        <ele>193.8</ele>
      </trkpt>
      <trkpt lat="46.72488" lon="4.95186">
        <ele>193.9</ele>
      </trkpt>
      <trkpt lat="46.72482" lon="4.95189">
        <ele>193.9</ele>
      </trkpt>
      <trkpt lat="46.72452" lon="4.95217">
        <ele>194.1</ele>
      </trkpt>
      <trkpt lat="46.7242" lon="4.9525">
        <ele>195.0</ele>
      </trkpt>
      <trkpt lat="46.72348" lon="4.95295">
        <ele>193.7</ele>
      </trkpt>
      <trkpt lat="46.72323" lon="4.95312">
        <ele>193.7</ele>
      </trkpt>
      <trkpt lat="46.72276" lon="4.95336">
        <ele>194.0</ele>
      </trkpt>
      <trkpt lat="46.72251" lon="4.95347">
        <ele>194.0</ele>
      </trkpt>
      <trkpt lat="46.72218" lon="4.95354">
        <ele>194.0</ele>
      </trkpt>
      <trkpt lat="46.72152" lon="4.9536">
        <ele>193.6</ele>
      </trkpt>
      <trkpt lat="46.72142" lon="4.95359">
        <ele>193.3</ele>
      </trkpt>
      <trkpt lat="46.72135" lon="4.95356">
        <ele>193.1</ele>
      </trkpt>
      <trkpt lat="46.72115" lon="4.95345">
        <ele>192.3</ele>
      </trkpt>
      <trkpt lat="46.7211" lon="4.95317">
        <ele>191.7</ele>
      </trkpt>
      <trkpt lat="46.72102" lon="4.95245">
        <ele>190.3</ele>
      </trkpt>
      <trkpt lat="46.721" lon="4.95237">
        <ele>190.2</ele>
      </trkpt>
      <trkpt lat="46.72097" lon="4.95231">
        <ele>190.0</ele>
      </trkpt>
      <trkpt lat="46.72092" lon="4.95225">
        <ele>189.8</ele>
      </trkpt>
      <trkpt lat="46.72079" lon="4.95222">
        <ele>189.5</ele>
      </trkpt>
      <trkpt lat="46.7206" lon="4.95221">
        <ele>188.5</ele>
      </trkpt>
      <trkpt lat="46.71972" lon="4.95223">
        <ele>184.4</ele>
      </trkpt>
      <trkpt lat="46.71962" lon="4.9522">
        <ele>184.0</ele>
      </trkpt>
      <trkpt lat="46.7195" lon="4.95214">
        <ele>183.4</ele>
      </trkpt>
      <trkpt lat="46.7194" lon="4.95207">
        <ele>183.0</ele>
      </trkpt>
      <trkpt lat="46.7193" lon="4.95197">
        <ele>182.6</ele>
      </trkpt>
      <trkpt lat="46.71923" lon="4.95187">
        <ele>182.2</ele>
      </trkpt>
      <trkpt lat="46.71913" lon="4.95169">
        <ele>181.9</ele>
      </trkpt>
      <trkpt lat="46.71902" lon="4.95133">
        <ele>181.4</ele>
      </trkpt>
      <trkpt lat="46.71893" lon="4.95088">
        <ele>180.9</ele>
      </trkpt>
      <trkpt lat="46.71881" lon="4.95039">
        <ele>179.2</ele>
      </trkpt>
      <trkpt lat="46.71877" lon="4.95031">
        <ele>178.8</ele>
      </trkpt>
      <trkpt lat="46.71875" lon="4.95038">
        <ele>178.9</ele>
      </trkpt>
      <trkpt lat="46.71869" lon="4.95047">
        <ele>178.9</ele>
      </trkpt>
      <trkpt lat="46.71819" lon="4.9497">
        <ele>176.2</ele>
      </trkpt>
      <trkpt lat="46.71769" lon="4.94893">
        <ele>174.5</ele>
      </trkpt>
      <trkpt lat="46.71763" lon="4.94882">
        <ele>174.3</ele>
      </trkpt>
      <trkpt lat="46.71705" lon="4.94784">
        <ele>175.6</ele>
      </trkpt>
      <trkpt lat="46.71681" lon="4.94738">
        <ele>176.0</ele>
      </trkpt>
      <trkpt lat="46.7165" lon="4.9464">
        <ele>175.9</ele>
      </trkpt>
      <trkpt lat="46.71619" lon="4.94542">
        <ele>175.6</ele>
      </trkpt>
      <trkpt lat="46.71588" lon="4.94444">
        <ele>176.5</ele>
      </trkpt>
      <trkpt lat="46.71557" lon="4.94346">
        <ele>175.4</ele>
      </trkpt>
      <trkpt lat="46.7153" lon="4.94266">
        <ele>174.0</ele>
      </trkpt>
      <trkpt lat="46.71503" lon="4.94185">
        <ele>174.7</ele>
      </trkpt>
      <trkpt lat="46.71471" lon="4.94086">
        <ele>173.7</ele>
      </trkpt>
      <trkpt lat="46.71439" lon="4.93987">
        <ele>174.1</ele>
      </trkpt>
      <trkpt lat="46.71407" lon="4.93888">
        <ele>174.0</ele>
      </trkpt>
      <trkpt lat="46.71375" lon="4.93788">
        <ele>172.5</ele>
      </trkpt>
      <trkpt lat="46.71366" lon="4.93762">
        <ele>172.6</ele>
      </trkpt>
      <trkpt lat="46.71341" lon="4.93682">
        <ele>172.9</ele>
      </trkpt>
      <trkpt lat="46.71315" lon="4.93602">
        <ele>173.3</ele>
      </trkpt>
      <trkpt lat="46.7129" lon="4.93523">
        <ele>173.4</ele>
      </trkpt>
      <trkpt lat="46.71269" lon="4.93458">
        <ele>174.6</ele>
      </trkpt>
      <trkpt lat="46.71248" lon="4.93393">
        <ele>175.4</ele>
      </trkpt>
      <trkpt lat="46.7124" lon="4.93372">
        <ele>174.9</ele>
      </trkpt>
      <trkpt lat="46.71233" lon="4.93357">
        <ele>174.6</ele>
      </trkpt>
      <trkpt lat="46.71226" lon="4.93345">
        <ele>174.4</ele>
      </trkpt>
      <trkpt lat="46.71215" lon="4.93329">
        <ele>174.5</ele>
      </trkpt>
      <trkpt lat="46.71182" lon="4.93285">
        <ele>175.8</ele>
      </trkpt>
      <trkpt lat="46.71134" lon="4.93222">
        <ele>172.9</ele>
      </trkpt>
      <trkpt lat="46.71087" lon="4.9316">
        <ele>170.0</ele>
      </trkpt>
      <trkpt lat="46.71039" lon="4.93097">
        <ele>172.2</ele>
      </trkpt>
      <trkpt lat="46.71025" lon="4.9308">
        <ele>173.5</ele>
      </trkpt>
      <trkpt lat="46.70993" lon="4.93035">
        <ele>174.7</ele>
      </trkpt>
      <trkpt lat="46.70942" lon="4.92955">
        <ele>174.5</ele>
      </trkpt>
      <trkpt lat="46.7095" lon="4.92951">
        <ele>174.5</ele>
      </trkpt>
      <trkpt lat="46.70954" lon="4.92949">
        <ele>174.5</ele>
      </trkpt>
      <trkpt lat="46.70957" lon="4.92951">
        <ele>174.5</ele>
      </trkpt>
      <trkpt lat="46.70969" lon="4.92975">
        <ele>174.4</ele>
      </trkpt>
      <trkpt lat="46.70978" lon="4.92992">
        <ele>174.3</ele>
      </trkpt>
      <trkpt lat="46.70996" lon="4.93017">
        <ele>174.3</ele>
      </trkpt>
      <trkpt lat="46.71021" lon="4.93049">
        <ele>173.5</ele>
      </trkpt>
      <trkpt lat="46.7103" lon="4.93057">
        <ele>173.0</ele>
      </trkpt>
      <trkpt lat="46.71043" lon="4.93071">
        <ele>172.4</ele>
      </trkpt>
      <trkpt lat="46.71055" lon="4.93088">
        <ele>171.6</ele>
      </trkpt>
      <trkpt lat="46.71052" lon="4.93097">
        <ele>171.6</ele>
      </trkpt>
      <trkpt lat="46.71047" lon="4.93107">
        <ele>171.6</ele>
      </trkpt>
      <trkpt lat="46.71042" lon="4.93113">
        <ele>171.6</ele>
      </trkpt>
      <trkpt lat="46.71034" lon="4.93116">
        <ele>171.8</ele>
      </trkpt>
      <trkpt lat="46.71028" lon="4.93119">
        <ele>171.9</ele>
      </trkpt>
      <trkpt lat="46.71005" lon="4.93141">
        <ele>171.5</ele>
      </trkpt>
      <trkpt lat="46.70999" lon="4.93145">
        <ele>171.4</ele>
      </trkpt>
      <trkpt lat="46.70988" lon="4.93156">
        <ele>171.6</ele>
      </trkpt>
      <trkpt lat="46.70979" lon="4.93167">
        <ele>171.8</ele>
      </trkpt>
      <trkpt lat="46.70969" lon="4.93181">
        <ele>172.2</ele>
      </trkpt>
      <trkpt lat="46.70941" lon="4.93211">
        <ele>172.3</ele>
      </trkpt>
      <trkpt lat="46.70902" lon="4.93249">
        <ele>170.1</ele>
      </trkpt>
      <trkpt lat="46.70844" lon="4.93287">
        <ele>170.0</ele>
      </trkpt>
      <trkpt lat="46.70819" lon="4.93303">
        <ele>170.7</ele>
      </trkpt>
      <trkpt lat="46.70791" lon="4.93317">
        <ele>172.0</ele>
      </trkpt>
      <trkpt lat="46.70753" lon="4.93346">
        <ele>173.3</ele>
      </trkpt>
      <trkpt lat="46.70714" lon="4.93358">
        <ele>173.1</ele>
      </trkpt>
      <trkpt lat="46.70697" lon="4.93364">
        <ele>172.9</ele>
      </trkpt>
      <trkpt lat="46.70631" lon="4.9339">
        <ele>171.1</ele>
      </trkpt>
      <trkpt lat="46.70607" lon="4.93392">
        <ele>170.6</ele>
      </trkpt>
      <trkpt lat="46.70594" lon="4.93395">
        <ele>170.4</ele>
      </trkpt>
      <trkpt lat="46.70579" lon="4.93404">
        <ele>170.2</ele>
      </trkpt>
      <trkpt lat="46.70504" lon="4.93432">
        <ele>170.0</ele>
      </trkpt>
      <trkpt lat="46.70479" lon="4.9344">
        <ele>170.9</ele>
      </trkpt>
      <trkpt lat="46.70456" lon="4.93446">
        <ele>171.7</ele>
      </trkpt>
      <trkpt lat="46.70423" lon="4.93452">
        <ele>172.7</ele>
      </trkpt>
      <trkpt lat="46.70372" lon="4.9346">
        <ele>173.8</ele>
      </trkpt>
      <trkpt lat="46.70362" lon="4.93463">
        <ele>174.1</ele>
      </trkpt>
      <trkpt lat="46.70328" lon="4.93491">
        <ele>175.7</ele>
      </trkpt>
      <trkpt lat="46.70315" lon="4.93499">
        <ele>175.5</ele>
      </trkpt>
      <trkpt lat="46.70303" lon="4.93505">
        <ele>174.9</ele>
      </trkpt>
      <trkpt lat="46.70255" lon="4.9352">
        <ele>173.1</ele>
      </trkpt>
      <trkpt lat="46.7023" lon="4.93532">
        <ele>173.2</ele>
      </trkpt>
      <trkpt lat="46.70215" lon="4.93539">
        <ele>173.3</ele>
      </trkpt>
      <trkpt lat="46.70205" lon="4.93548">
        <ele>173.4</ele>
      </trkpt>
      <trkpt lat="46.70195" lon="4.93552">
        <ele>173.7</ele>
      </trkpt>
      <trkpt lat="46.70179" lon="4.93562">
        <ele>174.0</ele>
      </trkpt>
      <trkpt lat="46.70134" lon="4.93586">
        <ele>174.6</ele>
      </trkpt>
      <trkpt lat="46.70125" lon="4.93594">
        <ele>174.3</ele>
      </trkpt>
      <trkpt lat="46.70109" lon="4.93612">
        <ele>173.6</ele>
      </trkpt>
      <trkpt lat="46.70105" lon="4.93619">
        <ele>173.1</ele>
      </trkpt>
      <trkpt lat="46.70101" lon="4.93628">
        <ele>172.6</ele>
      </trkpt>
      <trkpt lat="46.70094" lon="4.93644">
        <ele>171.5</ele>
      </trkpt>
      <trkpt lat="46.70091" lon="4.9365">
        <ele>171.2</ele>
      </trkpt>
      <trkpt lat="46.70087" lon="4.93654">
        <ele>170.9</ele>
      </trkpt>
      <trkpt lat="46.7008" lon="4.93657">
        <ele>170.8</ele>
      </trkpt>
      <trkpt lat="46.70073" lon="4.93658">
        <ele>170.8</ele>
      </trkpt>
      <trkpt lat="46.7005" lon="4.93654">
        <ele>171.2</ele>
      </trkpt>
      <trkpt lat="46.70041" lon="4.93654">
        <ele>171.2</ele>
      </trkpt>
      <trkpt lat="46.70011" lon="4.9366">
        <ele>171.6</ele>
      </trkpt>
      <trkpt lat="46.69987" lon="4.93666">
        <ele>172.0</ele>
      </trkpt>
      <trkpt lat="46.69975" lon="4.93671">
        <ele>171.9</ele>
      </trkpt>
      <trkpt lat="46.69947" lon="4.93686">
        <ele>171.4</ele>
      </trkpt>
      <trkpt lat="46.69921" lon="4.93699">
        <ele>170.8</ele>
      </trkpt>
      <trkpt lat="46.69914" lon="4.93702">
        <ele>170.7</ele>
      </trkpt>
      <trkpt lat="46.69908" lon="4.93706">
        <ele>170.6</ele>
      </trkpt>
      <trkpt lat="46.69883" lon="4.93729">
        <ele>170.5</ele>
      </trkpt>
      <trkpt lat="46.69841" lon="4.93778">
        <ele>171.2</ele>
      </trkpt>
      <trkpt lat="46.69799" lon="4.93819">
        <ele>171.6</ele>
      </trkpt>
      <trkpt lat="46.69729" lon="4.93882">
        <ele>171.0</ele>
      </trkpt>
      <trkpt lat="46.69659" lon="4.93945">
        <ele>170.8</ele>
      </trkpt>
      <trkpt lat="46.6959" lon="4.94007">
        <ele>170.0</ele>
      </trkpt>
      <trkpt lat="46.6952" lon="4.9407">
        <ele>170.0</ele>
      </trkpt>
      <trkpt lat="46.69511" lon="4.94077">
        <ele>170.0</ele>
      </trkpt>
      <trkpt lat="46.69449" lon="4.94114">
        <ele>170.0</ele>
      </trkpt>
      <trkpt lat="46.69422" lon="4.94127">
        <ele>170.0</ele>
      </trkpt>
      <trkpt lat="46.69395" lon="4.94136">
        <ele>169.9</ele>
      </trkpt>
      <trkpt lat="46.69336" lon="4.94156">
        <ele>169.9</ele>
      </trkpt>
      <trkpt lat="46.69324" lon="4.94157">
        <ele>169.9</ele>
      </trkpt>
      <trkpt lat="46.69316" lon="4.9416">
        <ele>169.9</ele>
      </trkpt>
      <trkpt lat="46.69287" lon="4.94173">
        <ele>170.0</ele>
      </trkpt>
      <trkpt lat="46.69264" lon="4.94181">
        <ele>170.0</ele>
      </trkpt>
      <trkpt lat="46.69241" lon="4.94186">
        <ele>170.0</ele>
      </trkpt>
      <trkpt lat="46.69187" lon="4.94202">
        <ele>170.0</ele>
      </trkpt>
      <trkpt lat="46.69174" lon="4.94205">
        <ele>170.0</ele>
      </trkpt>
      <trkpt lat="46.69124" lon="4.9421">
        <ele>169.8</ele>
      </trkpt>
      <trkpt lat="46.69075" lon="4.94215">
        <ele>169.7</ele>
      </trkpt>
      <trkpt lat="46.69024" lon="4.94222">
        <ele>170.1</ele>
      </trkpt>
      <trkpt lat="46.68955" lon="4.94227">
        <ele>173.5</ele>
      </trkpt>
      <trkpt lat="46.68893" lon="4.94236">
        <ele>176.0</ele>
      </trkpt>
      <trkpt lat="46.68821" lon="4.94247">
        <ele>174.6</ele>
      </trkpt>
      <trkpt lat="46.68749" lon="4.94259">
        <ele>176.4</ele>
      </trkpt>
      <trkpt lat="46.68723" lon="4.94259">
        <ele>179.2</ele>
      </trkpt>
      <trkpt lat="46.68682" lon="4.94263">
        <ele>182.7</ele>
      </trkpt>
      <trkpt lat="46.68656" lon="4.9427">
        <ele>181.5</ele>
      </trkpt>
      <trkpt lat="46.68586" lon="4.9429">
        <ele>171.3</ele>
      </trkpt>
      <trkpt lat="46.68562" lon="4.94293">
        <ele>169.6</ele>
      </trkpt>
      <trkpt lat="46.68545" lon="4.94301">
        <ele>168.8</ele>
      </trkpt>
      <trkpt lat="46.68462" lon="4.94322">
        <ele>169.6</ele>
      </trkpt>
      <trkpt lat="46.6844" lon="4.94326">
        <ele>170.1</ele>
      </trkpt>
      <trkpt lat="46.68427" lon="4.94327">
        <ele>170.3</ele>
      </trkpt>
      <trkpt lat="46.68406" lon="4.94332">
        <ele>170.4</ele>
      </trkpt>
      <trkpt lat="46.68349" lon="4.94341">
        <ele>172.2</ele>
      </trkpt>
      <trkpt lat="46.68334" lon="4.94348">
        <ele>172.4</ele>
      </trkpt>
      <trkpt lat="46.68322" lon="4.94351">
        <ele>172.9</ele>
      </trkpt>
      <trkpt lat="46.68278" lon="4.94365">
        <ele>173.9</ele>
      </trkpt>
      <trkpt lat="46.68234" lon="4.94379">
        <ele>173.9</ele>
      </trkpt>
      <trkpt lat="46.68192" lon="4.94393">
        <ele>173.7</ele>
      </trkpt>
      <trkpt lat="46.68167" lon="4.94405">
        <ele>173.7</ele>
      </trkpt>
      <trkpt lat="46.6812" lon="4.94418">
        <ele>173.0</ele>
      </trkpt>
      <trkpt lat="46.68082" lon="4.94431">
        <ele>172.6</ele>
      </trkpt>
      <trkpt lat="46.68027" lon="4.94455">
        <ele>173.4</ele>
      </trkpt>
      <trkpt lat="46.67973" lon="4.94479">
        <ele>172.3</ele>
      </trkpt>
      <trkpt lat="46.67951" lon="4.9449">
        <ele>171.1</ele>
      </trkpt>
      <trkpt lat="46.67914" lon="4.94508">
        <ele>169.6</ele>
      </trkpt>
      <trkpt lat="46.67892" lon="4.9452">
        <ele>167.1</ele>
      </trkpt>
      <trkpt lat="46.67866" lon="4.94536">
        <ele>165.5</ele>
      </trkpt>
      <trkpt lat="46.67829" lon="4.94552">
        <ele>165.5</ele>
      </trkpt>
      <trkpt lat="46.67755" lon="4.94581">
        <ele>171.0</ele>
      </trkpt>
      <trkpt lat="46.6772" lon="4.94597">
        <ele>170.8</ele>
      </trkpt>
      <trkpt lat="46.67665" lon="4.94609">
        <ele>170.7</ele>
      </trkpt>
      <trkpt lat="46.67588" lon="4.94631">
        <ele>170.8</ele>
      </trkpt>
      <trkpt lat="46.67512" lon="4.94652">
        <ele>174.7</ele>
      </trkpt>
      <trkpt lat="46.67436" lon="4.94674">
        <ele>173.4</ele>
      </trkpt>
      <trkpt lat="46.67406" lon="4.94684">
        <ele>172.5</ele>
      </trkpt>
      <trkpt lat="46.67383" lon="4.94689">
        <ele>172.5</ele>
      </trkpt>
      <trkpt lat="46.67347" lon="4.94695">
        <ele>172.5</ele>
      </trkpt>
      <trkpt lat="46.67331" lon="4.94699">
        <ele>172.5</ele>
      </trkpt>
      <trkpt lat="46.67306" lon="4.94711">
        <ele>172.2</ele>
      </trkpt>
      <trkpt lat="46.67259" lon="4.94724">
        <ele>172.5</ele>
      </trkpt>
      <trkpt lat="46.67236" lon="4.94726">
        <ele>172.7</ele>
      </trkpt>
      <trkpt lat="46.67196" lon="4.94731">
        <ele>173.0</ele>
      </trkpt>
      <trkpt lat="46.67174" lon="4.94735">
        <ele>173.1</ele>
      </trkpt>
      <trkpt lat="46.67161" lon="4.94736">
        <ele>173.2</ele>
      </trkpt>
      <trkpt lat="46.6714" lon="4.94736">
        <ele>173.2</ele>
      </trkpt>
      <trkpt lat="46.67132" lon="4.94737">
        <ele>173.2</ele>
      </trkpt>
      <trkpt lat="46.67089" lon="4.94748">
        <ele>173.0</ele>
      </trkpt>
      <trkpt lat="46.67027" lon="4.94756">
        <ele>172.8</ele>
      </trkpt>
      <trkpt lat="46.66965" lon="4.94763">
        <ele>172.5</ele>
      </trkpt>
      <trkpt lat="46.66903" lon="4.94771">
        <ele>172.4</ele>
      </trkpt>
      <trkpt lat="46.66855" lon="4.9478">
        <ele>173.0</ele>
      </trkpt>
      <trkpt lat="46.66835" lon="4.94785">
        <ele>173.4</ele>
      </trkpt>
      <trkpt lat="46.66825" lon="4.94795">
        <ele>173.5</ele>
      </trkpt>
      <trkpt lat="46.66818" lon="4.94798">
        <ele>173.6</ele>
      </trkpt>
      <trkpt lat="46.66813" lon="4.94799">
        <ele>173.6</ele>
      </trkpt>
      <trkpt lat="46.66802" lon="4.94798">
        <ele>173.6</ele>
      </trkpt>
      <trkpt lat="46.6677" lon="4.94786">
        <ele>173.4</ele>
      </trkpt>
      <trkpt lat="46.66751" lon="4.94785">
        <ele>173.4</ele>
      </trkpt>
      <trkpt lat="46.66698" lon="4.94792">
        <ele>173.5</ele>
      </trkpt>
      <trkpt lat="46.66662" lon="4.94796">
        <ele>173.2</ele>
      </trkpt>
      <trkpt lat="46.66586" lon="4.94806">
        <ele>171.1</ele>
      </trkpt>
      <trkpt lat="46.6651" lon="4.94816">
        <ele>171.0</ele>
      </trkpt>
      <trkpt lat="46.66434" lon="4.94826">
        <ele>172.6</ele>
      </trkpt>
      <trkpt lat="46.66358" lon="4.94836">
        <ele>172.9</ele>
      </trkpt>
      <trkpt lat="46.66342" lon="4.9484">
        <ele>172.7</ele>
      </trkpt>
      <trkpt lat="46.66259" lon="4.9489">
        <ele>171.6</ele>
      </trkpt>
      <trkpt lat="46.66177" lon="4.94939">
        <ele>172.7</ele>
      </trkpt>
      <trkpt lat="46.66113" lon="4.94979">
        <ele>173.9</ele>
      </trkpt>
      <trkpt lat="46.66048" lon="4.95019">
        <ele>173.4</ele>
      </trkpt>
      <trkpt lat="46.65984" lon="4.95059">
        <ele>169.9</ele>
      </trkpt>
      <trkpt lat="46.65919" lon="4.95095">
        <ele>169.0</ele>
      </trkpt>
      <trkpt lat="46.65855" lon="4.9513">
        <ele>169.7</ele>
      </trkpt>
      <trkpt lat="46.65829" lon="4.95147">
        <ele>169.5</ele>
      </trkpt>
      <trkpt lat="46.65814" lon="4.95158">
        <ele>169.2</ele>
      </trkpt>
      <trkpt lat="46.65805" lon="4.95161">
        <ele>169.1</ele>
      </trkpt>
      <trkpt lat="46.65802" lon="4.95165">
        <ele>169.0</ele>
      </trkpt>
      <trkpt lat="46.65796" lon="4.95169">
        <ele>169.0</ele>
      </trkpt>
      <trkpt lat="46.65762" lon="4.95186">
        <ele>169.0</ele>
      </trkpt>
      <trkpt lat="46.65713" lon="4.95202">
        <ele>169.5</ele>
      </trkpt>
      <trkpt lat="46.65685" lon="4.95215">
        <ele>169.7</ele>
      </trkpt>
      <trkpt lat="46.65673" lon="4.95218">
        <ele>169.7</ele>
      </trkpt>
      <trkpt lat="46.65665" lon="4.95219">
        <ele>169.7</ele>
      </trkpt>
      <trkpt lat="46.65594" lon="4.95241">
        <ele>169.2</ele>
      </trkpt>
      <trkpt lat="46.65575" lon="4.95245">
        <ele>169.1</ele>
      </trkpt>
      <trkpt lat="46.6552" lon="4.95251">
        <ele>169.0</ele>
      </trkpt>
      <trkpt lat="46.65465" lon="4.95257">
        <ele>170.5</ele>
      </trkpt>
      <trkpt lat="46.65449" lon="4.95262">
        <ele>171.1</ele>
      </trkpt>
      <trkpt lat="46.65441" lon="4.95263">
        <ele>171.4</ele>
      </trkpt>
      <trkpt lat="46.65405" lon="4.95265">
        <ele>172.4</ele>
      </trkpt>
      <trkpt lat="46.65367" lon="4.95273">
        <ele>172.3</ele>
      </trkpt>
      <trkpt lat="46.65322" lon="4.95277">
        <ele>172.5</ele>
      </trkpt>
      <trkpt lat="46.65267" lon="4.9528">
        <ele>172.7</ele>
      </trkpt>
      <trkpt lat="46.65202" lon="4.95285">
        <ele>172.8</ele>
      </trkpt>
      <trkpt lat="46.65193" lon="4.95287">
        <ele>172.7</ele>
      </trkpt>
      <trkpt lat="46.65185" lon="4.95291">
        <ele>172.5</ele>
      </trkpt>
      <trkpt lat="46.65166" lon="4.95294">
        <ele>172.3</ele>
      </trkpt>
      <trkpt lat="46.65153" lon="4.95295">
        <ele>172.1</ele>
      </trkpt>
      <trkpt lat="46.65145" lon="4.95295">
        <ele>172.0</ele>
      </trkpt>
      <trkpt lat="46.65116" lon="4.95301">
        <ele>171.3</ele>
      </trkpt>
      <trkpt lat="46.6507" lon="4.95318">
        <ele>170.0</ele>
      </trkpt>
      <trkpt lat="46.65044" lon="4.95322">
        <ele>169.8</ele>
      </trkpt>
      <trkpt lat="46.65012" lon="4.95327">
        <ele>169.5</ele>
      </trkpt>
      <trkpt lat="46.64981" lon="4.9533">
        <ele>169.3</ele>
      </trkpt>
      <trkpt lat="46.64934" lon="4.95333">
        <ele>169.0</ele>
      </trkpt>
      <trkpt lat="46.64886" lon="4.95337">
        <ele>170.8</ele>
      </trkpt>
      <trkpt lat="46.64807" lon="4.95344">
        <ele>172.8</ele>
      </trkpt>
      <trkpt lat="46.64728" lon="4.95352">
        <ele>171.1</ele>
      </trkpt>
      <trkpt lat="46.64662" lon="4.95363">
        <ele>170.4</ele>
      </trkpt>
      <trkpt lat="46.64621" lon="4.95367">
        <ele>171.2</ele>
      </trkpt>
      <trkpt lat="46.64608" lon="4.95367">
        <ele>171.5</ele>
      </trkpt>
      <trkpt lat="46.64588" lon="4.95365">
        <ele>172.0</ele>
      </trkpt>
      <trkpt lat="46.64536" lon="4.95345">
        <ele>175.2</ele>
      </trkpt>
      <trkpt lat="46.64509" lon="4.95335">
        <ele>177.4</ele>
      </trkpt>
      <trkpt lat="46.64467" lon="4.95322">
        <ele>174.5</ele>
      </trkpt>
      <trkpt lat="46.64415" lon="4.95318">
        <ele>169.7</ele>
      </trkpt>
      <trkpt lat="46.64364" lon="4.95315">
        <ele>169.7</ele>
      </trkpt>
      <trkpt lat="46.64317" lon="4.95316">
        <ele>169.3</ele>
      </trkpt>
      <trkpt lat="46.64269" lon="4.95317">
        <ele>168.2</ele>
      </trkpt>
      <trkpt lat="46.6423" lon="4.95327">
        <ele>168.0</ele>
      </trkpt>
      <trkpt lat="46.64151" lon="4.95334">
        <ele>170.4</ele>
      </trkpt>
      <trkpt lat="46.64072" lon="4.9534">
        <ele>171.9</ele>
      </trkpt>
      <trkpt lat="46.64043" lon="4.95349">
        <ele>171.8</ele>
      </trkpt>
      <trkpt lat="46.63983" lon="4.95381">
        <ele>170.5</ele>
      </trkpt>
      <trkpt lat="46.63928" lon="4.95402">
        <ele>168.8</ele>
      </trkpt>
      <trkpt lat="46.63874" lon="4.95424">
        <ele>170.0</ele>
      </trkpt>
      <trkpt lat="46.63831" lon="4.95432">
        <ele>171.5</ele>
      </trkpt>
      <trkpt lat="46.63749" lon="4.95438">
        <ele>172.7</ele>
      </trkpt>
      <trkpt lat="46.63687" lon="4.95433">
        <ele>172.4</ele>
      </trkpt>
      <trkpt lat="46.63652" lon="4.95423">
        <ele>172.6</ele>
      </trkpt>
      <trkpt lat="46.63632" lon="4.95413">
        <ele>172.5</ele>
      </trkpt>
      <trkpt lat="46.6362" lon="4.95413">
        <ele>172.4</ele>
      </trkpt>
      <trkpt lat="46.63583" lon="4.9543">
        <ele>171.5</ele>
      </trkpt>
      <trkpt lat="46.63498" lon="4.95428">
        <ele>172.4</ele>
      </trkpt>
      <trkpt lat="46.63424" lon="4.95424">
        <ele>172.7</ele>
      </trkpt>
      <trkpt lat="46.63376" lon="4.95427">
        <ele>170.8</ele>
      </trkpt>
      <trkpt lat="46.63298" lon="4.95423">
        <ele>169.0</ele>
      </trkpt>
      <trkpt lat="46.63241" lon="4.95413">
        <ele>169.1</ele>
      </trkpt>
      <trkpt lat="46.63194" lon="4.95395">
        <ele>170.0</ele>
      </trkpt>
      <trkpt lat="46.63147" lon="4.95377">
        <ele>170.9</ele>
      </trkpt>
      <trkpt lat="46.63079" lon="4.95345">
        <ele>172.4</ele>
      </trkpt>
      <trkpt lat="46.63047" lon="4.95327">
        <ele>172.9</ele>
      </trkpt>
      <trkpt lat="46.62995" lon="4.95303">
        <ele>172.6</ele>
      </trkpt>
      <trkpt lat="46.62943" lon="4.95279">
        <ele>173.2</ele>
      </trkpt>
      <trkpt lat="46.62918" lon="4.95272">
        <ele>174.2</ele>
      </trkpt>
      <trkpt lat="46.62865" lon="4.95243">
        <ele>175.7</ele>
      </trkpt>
      <trkpt lat="46.62827" lon="4.95219">
        <ele>176.1</ele>
      </trkpt>
      <trkpt lat="46.62784" lon="4.95185">
        <ele>176.0</ele>
      </trkpt>
      <trkpt lat="46.62743" lon="4.95145">
        <ele>176.0</ele>
      </trkpt>
      <trkpt lat="46.62702" lon="4.95106">
        <ele>173.9</ele>
      </trkpt>
      <trkpt lat="46.62671" lon="4.95074">
        <ele>172.8</ele>
      </trkpt>
      <trkpt lat="46.62654" lon="4.95054">
        <ele>173.4</ele>
      </trkpt>
      <trkpt lat="46.62602" lon="4.94978">
        <ele>176.2</ele>
      </trkpt>
      <trkpt lat="46.62549" lon="4.94902">
        <ele>178.0</ele>
      </trkpt>
      <trkpt lat="46.62521" lon="4.94849">
        <ele>177.6</ele>
      </trkpt>
      <trkpt lat="46.62493" lon="4.94796">
        <ele>176.6</ele>
      </trkpt>
      <trkpt lat="46.62479" lon="4.94771">
        <ele>176.3</ele>
      </trkpt>
      <trkpt lat="46.62416" lon="4.94684">
        <ele>176.0</ele>
      </trkpt>
      <trkpt lat="46.62359" lon="4.94598">
        <ele>174.8</ele>
      </trkpt>
      <trkpt lat="46.62329" lon="4.9456">
        <ele>174.6</ele>
      </trkpt>
      <trkpt lat="46.62303" lon="4.94535">
        <ele>173.8</ele>
      </trkpt>
      <trkpt lat="46.62252" lon="4.94488">
        <ele>173.4</ele>
      </trkpt>
      <trkpt lat="46.62197" lon="4.9444">
        <ele>173.0</ele>
      </trkpt>
      <trkpt lat="46.62142" lon="4.94392">
        <ele>174.2</ele>
      </trkpt>
      <trkpt lat="46.6211" lon="4.94364">
        <ele>176.7</ele>
      </trkpt>
      <trkpt lat="46.62057" lon="4.9434">
        <ele>178.8</ele>
      </trkpt>
      <trkpt lat="46.62004" lon="4.94316">
        <ele>178.5</ele>
      </trkpt>
      <trkpt lat="46.61953" lon="4.94296">
        <ele>178.3</ele>
      </trkpt>
      <trkpt lat="46.61903" lon="4.94276">
        <ele>178.7</ele>
      </trkpt>
      <trkpt lat="46.6185" lon="4.94258">
        <ele>181.3</ele>
      </trkpt>
      <trkpt lat="46.61796" lon="4.94239">
        <ele>177.2</ele>
      </trkpt>
      <trkpt lat="46.61728" lon="4.94218">
        <ele>173.8</ele>
      </trkpt>
      <trkpt lat="46.6166" lon="4.94196">
        <ele>176.0</ele>
      </trkpt>
      <trkpt lat="46.61585" lon="4.94183">
        <ele>176.3</ele>
      </trkpt>
      <trkpt lat="46.61527" lon="4.9417">
        <ele>177.6</ele>
      </trkpt>
      <trkpt lat="46.61469" lon="4.94157">
        <ele>178.2</ele>
      </trkpt>
      <trkpt lat="46.61458" lon="4.94158">
        <ele>178.3</ele>
      </trkpt>
      <trkpt lat="46.61406" lon="4.94147">
        <ele>177.3</ele>
      </trkpt>
      <trkpt lat="46.61354" lon="4.94135">
        <ele>172.9</ele>
      </trkpt>
      <trkpt lat="46.61343" lon="4.94129">
        <ele>172.4</ele>
      </trkpt>
      <trkpt lat="46.61299" lon="4.94104">
        <ele>172.9</ele>
      </trkpt>
      <trkpt lat="46.61255" lon="4.94079">
        <ele>173.0</ele>
      </trkpt>
      <trkpt lat="46.61206" lon="4.94042">
        <ele>172.8</ele>
      </trkpt>
      <trkpt lat="46.61157" lon="4.94006">
        <ele>172.6</ele>
      </trkpt>
      <trkpt lat="46.61088" lon="4.93948">
        <ele>169.7</ele>
      </trkpt>
      <trkpt lat="46.6102" lon="4.93891">
        <ele>170.4</ele>
      </trkpt>
      <trkpt lat="46.60985" lon="4.93877">
        <ele>171.4</ele>
      </trkpt>
      <trkpt lat="46.60952" lon="4.9384">
        <ele>173.6</ele>
      </trkpt>
      <trkpt lat="46.60894" lon="4.93788">
        <ele>172.3</ele>
      </trkpt>
      <trkpt lat="46.60837" lon="4.93736">
        <ele>174.0</ele>
      </trkpt>
      <trkpt lat="46.60779" lon="4.93684">
        <ele>174.4</ele>
      </trkpt>
      <trkpt lat="46.60748" lon="4.93641">
        <ele>176.3</ele>
      </trkpt>
      <trkpt lat="46.60697" lon="4.93585">
        <ele>177.4</ele>
      </trkpt>
      <trkpt lat="46.60646" lon="4.9353">
        <ele>175.6</ele>
      </trkpt>
      <trkpt lat="46.60595" lon="4.93474">
        <ele>174.6</ele>
      </trkpt>
      <trkpt lat="46.60545" lon="4.93422">
        <ele>174.7</ele>
      </trkpt>
      <trkpt lat="46.60495" lon="4.9337">
        <ele>175.4</ele>
      </trkpt>
      <trkpt lat="46.60445" lon="4.93318">
        <ele>178.7</ele>
      </trkpt>
      <trkpt lat="46.60393" lon="4.93253">
        <ele>179.6</ele>
      </trkpt>
      <trkpt lat="46.60341" lon="4.93199">
        <ele>179.1</ele>
      </trkpt>
      <trkpt lat="46.60289" lon="4.93144">
        <ele>176.8</ele>
      </trkpt>
      <trkpt lat="46.6027" lon="4.93126">
        <ele>176.5</ele>
      </trkpt>
      <trkpt lat="46.60223" lon="4.93078">
        <ele>176.0</ele>
      </trkpt>
      <trkpt lat="46.60169" lon="4.93037">
        <ele>176.1</ele>
      </trkpt>
      <trkpt lat="46.60115" lon="4.92995">
        <ele>174.3</ele>
      </trkpt>
      <trkpt lat="46.6006" lon="4.92953">
        <ele>173.7</ele>
      </trkpt>
      <trkpt lat="46.60044" lon="4.92942">
        <ele>174.0</ele>
      </trkpt>
      <trkpt lat="46.59987" lon="4.92891">
        <ele>174.6</ele>
      </trkpt>
      <trkpt lat="46.5993" lon="4.9284">
        <ele>175.6</ele>
      </trkpt>
      <trkpt lat="46.5992" lon="4.92834">
        <ele>175.9</ele>
      </trkpt>
      <trkpt lat="46.59899" lon="4.92837">
        <ele>176.6</ele>
      </trkpt>
      <trkpt lat="46.59875" lon="4.92834">
        <ele>177.0</ele>
      </trkpt>
      <trkpt lat="46.59841" lon="4.92823">
        <ele>177.1</ele>
      </trkpt>
      <trkpt lat="46.59806" lon="4.92808">
        <ele>176.6</ele>
      </trkpt>
      <trkpt lat="46.59751" lon="4.92768">
        <ele>175.1</ele>
      </trkpt>
      <trkpt lat="46.59696" lon="4.92729">
        <ele>174.1</ele>
      </trkpt>
      <trkpt lat="46.59646" lon="4.92701">
        <ele>173.6</ele>
      </trkpt>
      <trkpt lat="46.59596" lon="4.92673">
        <ele>173.1</ele>
      </trkpt>
      <trkpt lat="46.59577" lon="4.92659">
        <ele>173.2</ele>
      </trkpt>
      <trkpt lat="46.59556" lon="4.92641">
        <ele>173.8</ele>
      </trkpt>
      <trkpt lat="46.59508" lon="4.92589">
        <ele>174.0</ele>
      </trkpt>
      <trkpt lat="46.59459" lon="4.92536">
        <ele>174.7</ele>
      </trkpt>
      <trkpt lat="46.59435" lon="4.92505">
        <ele>174.4</ele>
      </trkpt>
      <trkpt lat="46.59416" lon="4.92478">
        <ele>174.2</ele>
      </trkpt>
      <trkpt lat="46.59402" lon="4.92462">
        <ele>173.4</ele>
      </trkpt>
      <trkpt lat="46.59362" lon="4.92426">
        <ele>174.2</ele>
      </trkpt>
      <trkpt lat="46.59348" lon="4.92405">
        <ele>174.8</ele>
      </trkpt>
      <trkpt lat="46.5932" lon="4.92379">
        <ele>173.9</ele>
      </trkpt>
      <trkpt lat="46.59263" lon="4.92321">
        <ele>174.8</ele>
      </trkpt>
      <trkpt lat="46.5924" lon="4.92296">
        <ele>173.8</ele>
      </trkpt>
      <trkpt lat="46.59178" lon="4.92221">
        <ele>172.8</ele>
      </trkpt>
      <trkpt lat="46.59115" lon="4.92146">
        <ele>174.2</ele>
      </trkpt>
      <trkpt lat="46.59053" lon="4.92064">
        <ele>171.6</ele>
      </trkpt>
      <trkpt lat="46.5902" lon="4.92008">
        <ele>172.3</ele>
      </trkpt>
      <trkpt lat="46.58979" lon="4.91928">
        <ele>172.0</ele>
      </trkpt>
      <trkpt lat="46.58954" lon="4.91889">
        <ele>171.0</ele>
      </trkpt>
      <trkpt lat="46.58937" lon="4.91867">
        <ele>171.0</ele>
      </trkpt>
      <trkpt lat="46.58894" lon="4.91824">
        <ele>172.7</ele>
      </trkpt>
      <trkpt lat="46.58851" lon="4.91782">
        <ele>173.7</ele>
      </trkpt>
      <trkpt lat="46.58797" lon="4.91724">
        <ele>173.5</ele>
      </trkpt>
      <trkpt lat="46.58743" lon="4.91665">
        <ele>171.9</ele>
      </trkpt>
      <trkpt lat="46.58688" lon="4.91606">
        <ele>171.6</ele>
      </trkpt>
      <trkpt lat="46.58663" lon="4.91582">
        <ele>171.8</ele>
      </trkpt>
      <trkpt lat="46.58637" lon="4.91561">
        <ele>171.1</ele>
      </trkpt>
      <trkpt lat="46.58599" lon="4.91533">
        <ele>170.9</ele>
      </trkpt>
      <trkpt lat="46.58552" lon="4.91505">
        <ele>172.5</ele>
      </trkpt>
      <trkpt lat="46.58545" lon="4.91499">
        <ele>172.9</ele>
      </trkpt>
      <trkpt lat="46.58535" lon="4.91491">
        <ele>173.0</ele>
      </trkpt>
      <trkpt lat="46.58517" lon="4.91472">
        <ele>173.2</ele>
      </trkpt>
      <trkpt lat="46.58509" lon="4.91472">
        <ele>173.4</ele>
      </trkpt>
      <trkpt lat="46.58504" lon="4.9147">
        <ele>173.5</ele>
      </trkpt>
      <trkpt lat="46.58457" lon="4.91441">
        <ele>172.5</ele>
      </trkpt>
      <trkpt lat="46.58411" lon="4.91409">
        <ele>172.5</ele>
      </trkpt>
      <trkpt lat="46.58346" lon="4.91362">
        <ele>171.0</ele>
      </trkpt>
      <trkpt lat="46.58312" lon="4.91339">
        <ele>171.8</ele>
      </trkpt>
      <trkpt lat="46.58275" lon="4.91316">
        <ele>171.7</ele>
      </trkpt>
      <trkpt lat="46.58205" lon="4.91276">
        <ele>170.5</ele>
      </trkpt>
      <trkpt lat="46.58135" lon="4.91237">
        <ele>171.5</ele>
      </trkpt>
      <trkpt lat="46.58115" lon="4.91228">
        <ele>171.6</ele>
      </trkpt>
      <trkpt lat="46.58083" lon="4.91216">
        <ele>171.8</ele>
      </trkpt>
      <trkpt lat="46.58051" lon="4.91207">
        <ele>170.7</ele>
      </trkpt>
      <trkpt lat="46.58023" lon="4.91201">
        <ele>169.9</ele>
      </trkpt>
      <trkpt lat="46.58" lon="4.91198">
        <ele>169.4</ele>
      </trkpt>
      <trkpt lat="46.5797" lon="4.91197">
        <ele>170.4</ele>
      </trkpt>
      <trkpt lat="46.57897" lon="4.91201">
        <ele>172.9</ele>
      </trkpt>
      <trkpt lat="46.57874" lon="4.91199">
        <ele>173.8</ele>
      </trkpt>
      <trkpt lat="46.57836" lon="4.91193">
        <ele>175.3</ele>
      </trkpt>
      <trkpt lat="46.57815" lon="4.91191">
        <ele>174.0</ele>
      </trkpt>
      <trkpt lat="46.5777" lon="4.91189">
        <ele>170.5</ele>
      </trkpt>
      <trkpt lat="46.57724" lon="4.91187">
        <ele>169.5</ele>
      </trkpt>
      <trkpt lat="46.57661" lon="4.91182">
        <ele>170.6</ele>
      </trkpt>
      <trkpt lat="46.57631" lon="4.91181">
        <ele>170.3</ele>
      </trkpt>
      <trkpt lat="46.57618" lon="4.91182">
        <ele>170.2</ele>
      </trkpt>
      <trkpt lat="46.57594" lon="4.91187">
        <ele>169.9</ele>
      </trkpt>
      <trkpt lat="46.57534" lon="4.91205">
        <ele>169.5</ele>
      </trkpt>
      <trkpt lat="46.57492" lon="4.9121">
        <ele>169.6</ele>
      </trkpt>
      <trkpt lat="46.57445" lon="4.9122">
        <ele>169.8</ele>
      </trkpt>
      <trkpt lat="46.57398" lon="4.91228">
        <ele>169.9</ele>
      </trkpt>
      <trkpt lat="46.5735" lon="4.91236">
        <ele>169.6</ele>
      </trkpt>
      <trkpt lat="46.57307" lon="4.91241">
        <ele>169.4</ele>
      </trkpt>
      <trkpt lat="46.57282" lon="4.91243">
        <ele>169.3</ele>
      </trkpt>
      <trkpt lat="46.57226" lon="4.91237">
        <ele>169.9</ele>
      </trkpt>
      <trkpt lat="46.57177" lon="4.91233">
        <ele>170.5</ele>
      </trkpt>
      <trkpt lat="46.57158" lon="4.91231">
        <ele>170.8</ele>
      </trkpt>
      <trkpt lat="46.57084" lon="4.91213">
        <ele>171.9</ele>
      </trkpt>
      <trkpt lat="46.57015" lon="4.91194">
        <ele>174.6</ele>
      </trkpt>
      <trkpt lat="46.57002" lon="4.91189">
        <ele>175.5</ele>
      </trkpt>
      <trkpt lat="46.56949" lon="4.91171">
        <ele>177.5</ele>
      </trkpt>
      <trkpt lat="46.56896" lon="4.91153">
        <ele>177.4</ele>
      </trkpt>
      <trkpt lat="46.56848" lon="4.9114">
        <ele>176.3</ele>
      </trkpt>
      <trkpt lat="46.56801" lon="4.91126">
        <ele>173.7</ele>
      </trkpt>
      <trkpt lat="46.56771" lon="4.9112">
        <ele>172.3</ele>
      </trkpt>
      <trkpt lat="46.5676" lon="4.91118">
        <ele>171.8</ele>
      </trkpt>
      <trkpt lat="46.56704" lon="4.91114">
        <ele>172.6</ele>
      </trkpt>
      <trkpt lat="46.56698" lon="4.91113">
        <ele>172.8</ele>
      </trkpt>
      <trkpt lat="46.56695" lon="4.9111">
        <ele>173.0</ele>
      </trkpt>
      <trkpt lat="46.5669" lon="4.91102">
        <ele>173.8</ele>
      </trkpt>
      <trkpt lat="46.56685" lon="4.91087">
        <ele>175.1</ele>
      </trkpt>
      <trkpt lat="46.5667" lon="4.91097">
        <ele>174.7</ele>
      </trkpt>
      <trkpt lat="46.56659" lon="4.91103">
        <ele>174.7</ele>
      </trkpt>
      <trkpt lat="46.5664" lon="4.9111">
        <ele>175.1</ele>
      </trkpt>
      <trkpt lat="46.56611" lon="4.91114">
        <ele>176.2</ele>
      </trkpt>
      <trkpt lat="46.566" lon="4.91117">
        <ele>176.6</ele>
      </trkpt>
      <trkpt lat="46.56576" lon="4.91125">
        <ele>177.2</ele>
      </trkpt>
      <trkpt lat="46.56553" lon="4.91136">
        <ele>177.6</ele>
      </trkpt>
      <trkpt lat="46.56479" lon="4.91174">
        <ele>178.2</ele>
      </trkpt>
      <trkpt lat="46.56441" lon="4.9119">
        <ele>178.3</ele>
      </trkpt>
      <trkpt lat="46.56424" lon="4.91198">
        <ele>178.2</ele>
      </trkpt>
      <trkpt lat="46.56416" lon="4.91203">
        <ele>178.1</ele>
      </trkpt>
      <trkpt lat="46.56399" lon="4.91211">
        <ele>178.1</ele>
      </trkpt>
      <trkpt lat="46.56334" lon="4.91247">
        <ele>179.1</ele>
      </trkpt>
      <trkpt lat="46.56318" lon="4.91257">
        <ele>179.2</ele>
      </trkpt>
      <trkpt lat="46.56293" lon="4.91277">
        <ele>178.8</ele>
      </trkpt>
      <trkpt lat="46.56235" lon="4.91324">
        <ele>178.4</ele>
      </trkpt>
      <trkpt lat="46.56178" lon="4.91372">
        <ele>178.4</ele>
      </trkpt>
      <trkpt lat="46.56141" lon="4.91405">
        <ele>178.6</ele>
      </trkpt>
      <trkpt lat="46.56087" lon="4.91462">
        <ele>174.8</ele>
      </trkpt>
      <trkpt lat="46.56022" lon="4.91534">
        <ele>172.9</ele>
      </trkpt>
      <trkpt lat="46.5601" lon="4.91544">
        <ele>172.7</ele>
      </trkpt>
      <trkpt lat="46.55966" lon="4.91573">
        <ele>172.9</ele>
      </trkpt>
      <trkpt lat="46.55921" lon="4.91602">
        <ele>175.7</ele>
      </trkpt>
      <trkpt lat="46.55877" lon="4.91631">
        <ele>175.1</ele>
      </trkpt>
      <trkpt lat="46.55834" lon="4.91658">
        <ele>175.9</ele>
      </trkpt>
      <trkpt lat="46.55788" lon="4.91684">
        <ele>174.1</ele>
      </trkpt>
      <trkpt lat="46.55742" lon="4.9171">
        <ele>172.1</ele>
      </trkpt>
      <trkpt lat="46.55704" lon="4.9173">
        <ele>172.4</ele>
      </trkpt>
      <trkpt lat="46.55643" lon="4.91749">
        <ele>174.3</ele>
      </trkpt>
      <trkpt lat="46.55587" lon="4.91763">
        <ele>174.0</ele>
      </trkpt>
      <trkpt lat="46.55551" lon="4.91779">
        <ele>173.2</ele>
      </trkpt>
      <trkpt lat="46.55496" lon="4.91801">
        <ele>172.7</ele>
      </trkpt>
      <trkpt lat="46.55443" lon="4.91828">
        <ele>175.7</ele>
      </trkpt>
      <trkpt lat="46.55419" lon="4.91845">
        <ele>176.6</ele>
      </trkpt>
      <trkpt lat="46.55394" lon="4.91856">
        <ele>175.5</ele>
      </trkpt>
      <trkpt lat="46.55328" lon="4.9189">
        <ele>174.6</ele>
      </trkpt>
      <trkpt lat="46.55263" lon="4.91925">
        <ele>173.5</ele>
      </trkpt>
      <trkpt lat="46.55208" lon="4.91954">
        <ele>173.1</ele>
      </trkpt>
      <trkpt lat="46.55125" lon="4.91992">
        <ele>175.1</ele>
      </trkpt>
      <trkpt lat="46.55072" lon="4.9201">
        <ele>173.3</ele>
      </trkpt>
      <trkpt lat="46.55055" lon="4.92018">
        <ele>172.9</ele>
      </trkpt>
      <trkpt lat="46.55006" lon="4.92037">
        <ele>172.5</ele>
      </trkpt>
      <trkpt lat="46.54957" lon="4.92055">
        <ele>172.9</ele>
      </trkpt>
      <trkpt lat="46.54913" lon="4.92079">
        <ele>172.3</ele>
      </trkpt>
      <trkpt lat="46.54885" lon="4.92094">
        <ele>172.9</ele>
      </trkpt>
      <trkpt lat="46.54838" lon="4.92126">
        <ele>177.2</ele>
      </trkpt>
      <trkpt lat="46.54792" lon="4.92175">
        <ele>175.8</ele>
      </trkpt>
      <trkpt lat="46.54769" lon="4.92199">
        <ele>172.1</ele>
      </trkpt>
      <trkpt lat="46.54753" lon="4.92211">
        <ele>170.6</ele>
      </trkpt>
      <trkpt lat="46.54718" lon="4.92245">
        <ele>171.1</ele>
      </trkpt>
      <trkpt lat="46.5467" lon="4.92276">
        <ele>172.3</ele>
      </trkpt>
      <trkpt lat="46.54622" lon="4.92306">
        <ele>173.2</ele>
      </trkpt>
      <trkpt lat="46.5458" lon="4.9233">
        <ele>175.8</ele>
      </trkpt>
      <trkpt lat="46.54519" lon="4.92375">
        <ele>173.7</ele>
      </trkpt>
      <trkpt lat="46.54491" lon="4.92399">
        <ele>174.2</ele>
      </trkpt>
      <trkpt lat="46.54469" lon="4.92417">
        <ele>174.3</ele>
      </trkpt>
      <trkpt lat="46.5441" lon="4.92454">
        <ele>172.5</ele>
      </trkpt>
      <trkpt lat="46.54381" lon="4.92467">
        <ele>172.4</ele>
      </trkpt>
      <trkpt lat="46.54369" lon="4.92464">
        <ele>172.9</ele>
      </trkpt>
      <trkpt lat="46.54327" lon="4.92491">
        <ele>173.1</ele>
      </trkpt>
      <trkpt lat="46.54257" lon="4.92534">
        <ele>170.8</ele>
      </trkpt>
      <trkpt lat="46.54199" lon="4.92564">
        <ele>171.7</ele>
      </trkpt>
      <trkpt lat="46.5414" lon="4.92593">
        <ele>172.5</ele>
      </trkpt>
      <trkpt lat="46.54081" lon="4.92622">
        <ele>171.2</ele>
      </trkpt>
      <trkpt lat="46.54004" lon="4.92651">
        <ele>173.8</ele>
      </trkpt>
      <trkpt lat="46.53942" lon="4.92678">
        <ele>172.7</ele>
      </trkpt>
      <trkpt lat="46.53893" lon="4.92698">
        <ele>171.5</ele>
      </trkpt>
      <trkpt lat="46.53838" lon="4.92732">
        <ele>171.7</ele>
      </trkpt>
      <trkpt lat="46.53782" lon="4.92766">
        <ele>171.9</ele>
      </trkpt>
      <trkpt lat="46.53712" lon="4.92805">
        <ele>172.8</ele>
      </trkpt>
      <trkpt lat="46.53643" lon="4.92843">
        <ele>172.9</ele>
      </trkpt>
      <trkpt lat="46.53605" lon="4.92867">
        <ele>173.0</ele>
      </trkpt>
      <trkpt lat="46.53553" lon="4.92892">
        <ele>173.6</ele>
      </trkpt>
      <trkpt lat="46.53492" lon="4.92934">
        <ele>172.5</ele>
      </trkpt>
      <trkpt lat="46.53458" lon="4.92952">
        <ele>172.8</ele>
      </trkpt>
      <trkpt lat="46.5342" lon="4.92984">
        <ele>172.7</ele>
      </trkpt>
      <trkpt lat="46.53376" lon="4.93015">
        <ele>173.9</ele>
      </trkpt>
      <trkpt lat="46.53333" lon="4.93046">
        <ele>175.4</ele>
      </trkpt>
      <trkpt lat="46.53292" lon="4.93084">
        <ele>173.5</ele>
      </trkpt>
      <trkpt lat="46.53276" lon="4.93097">
        <ele>172.6</ele>
      </trkpt>
      <trkpt lat="46.53233" lon="4.93125">
        <ele>173.5</ele>
      </trkpt>
      <trkpt lat="46.53189" lon="4.93163">
        <ele>174.1</ele>
      </trkpt>
      <trkpt lat="46.53175" lon="4.93171">
        <ele>174.0</ele>
      </trkpt>
      <trkpt lat="46.53107" lon="4.93218">
        <ele>176.9</ele>
      </trkpt>
      <trkpt lat="46.53069" lon="4.9325">
        <ele>176.0</ele>
      </trkpt>
      <trkpt lat="46.53015" lon="4.93303">
        <ele>178.5</ele>
      </trkpt>
      <trkpt lat="46.5296" lon="4.93356">
        <ele>179.4</ele>
      </trkpt>
      <trkpt lat="46.52905" lon="4.93409">
        <ele>175.6</ele>
      </trkpt>
      <trkpt lat="46.52872" lon="4.93435">
        <ele>177.4</ele>
      </trkpt>
      <trkpt lat="46.52796" lon="4.93489">
        <ele>178.7</ele>
      </trkpt>
      <trkpt lat="46.52768" lon="4.93514">
        <ele>177.7</ele>
      </trkpt>
      <trkpt lat="46.52707" lon="4.93543">
        <ele>175.8</ele>
      </trkpt>
      <trkpt lat="46.52647" lon="4.93572">
        <ele>172.9</ele>
      </trkpt>
      <trkpt lat="46.52587" lon="4.93597">
        <ele>175.4</ele>
      </trkpt>
      <trkpt lat="46.52566" lon="4.93601">
        <ele>175.3</ele>
      </trkpt>
      <trkpt lat="46.52546" lon="4.93602">
        <ele>175.2</ele>
      </trkpt>
      <trkpt lat="46.52529" lon="4.93603">
        <ele>175.1</ele>
      </trkpt>
      <trkpt lat="46.52513" lon="4.93608">
        <ele>174.7</ele>
      </trkpt>
      <trkpt lat="46.52495" lon="4.93615">
        <ele>174.0</ele>
      </trkpt>
      <trkpt lat="46.5247" lon="4.93626">
        <ele>173.1</ele>
      </trkpt>
      <trkpt lat="46.52384" lon="4.9364">
        <ele>172.5</ele>
      </trkpt>
      <trkpt lat="46.52359" lon="4.93649">
        <ele>171.6</ele>
      </trkpt>
      <trkpt lat="46.52334" lon="4.93665">
        <ele>170.1</ele>
      </trkpt>
      <trkpt lat="46.52299" lon="4.93679">
        <ele>170.2</ele>
      </trkpt>
      <trkpt lat="46.52231" lon="4.9369">
        <ele>170.8</ele>
      </trkpt>
      <trkpt lat="46.52154" lon="4.93692">
        <ele>172.1</ele>
      </trkpt>
      <trkpt lat="46.5212" lon="4.93695">
        <ele>172.4</ele>
      </trkpt>
      <trkpt lat="46.52072" lon="4.93705">
        <ele>172.6</ele>
      </trkpt>
      <trkpt lat="46.52046" lon="4.93707">
        <ele>171.9</ele>
      </trkpt>
      <trkpt lat="46.5201" lon="4.93703">
        <ele>171.0</ele>
      </trkpt>
      <trkpt lat="46.51933" lon="4.93684">
        <ele>172.0</ele>
      </trkpt>
      <trkpt lat="46.51882" lon="4.93669">
        <ele>172.1</ele>
      </trkpt>
      <trkpt lat="46.51832" lon="4.93653">
        <ele>171.5</ele>
      </trkpt>
      <trkpt lat="46.51815" lon="4.93645">
        <ele>172.0</ele>
      </trkpt>
      <trkpt lat="46.5174" lon="4.93612">
        <ele>172.3</ele>
      </trkpt>
      <trkpt lat="46.51687" lon="4.93576">
        <ele>173.3</ele>
      </trkpt>
      <trkpt lat="46.51634" lon="4.9354">
        <ele>173.0</ele>
      </trkpt>
      <trkpt lat="46.51561" lon="4.93475">
        <ele>171.4</ele>
      </trkpt>
      <trkpt lat="46.51506" lon="4.93415">
        <ele>173.8</ele>
      </trkpt>
      <trkpt lat="46.51451" lon="4.93356">
        <ele>169.6</ele>
      </trkpt>
      <trkpt lat="46.51397" lon="4.93296">
        <ele>168.2</ele>
      </trkpt>
      <trkpt lat="46.51342" lon="4.93237">
        <ele>169.3</ele>
      </trkpt>
      <trkpt lat="46.51297" lon="4.93195">
        <ele>169.7</ele>
      </trkpt>
      <trkpt lat="46.51251" lon="4.93154">
        <ele>169.2</ele>
      </trkpt>
      <trkpt lat="46.51203" lon="4.93106">
        <ele>170.9</ele>
      </trkpt>
      <trkpt lat="46.51163" lon="4.93074">
        <ele>172.7</ele>
      </trkpt>
      <trkpt lat="46.51123" lon="4.93042">
        <ele>171.7</ele>
      </trkpt>
      <trkpt lat="46.5106" lon="4.92998">
        <ele>173.2</ele>
      </trkpt>
      <trkpt lat="46.51024" lon="4.92976">
        <ele>173.3</ele>
      </trkpt>
      <trkpt lat="46.50977" lon="4.92953">
        <ele>173.0</ele>
      </trkpt>
      <trkpt lat="46.50917" lon="4.92927">
        <ele>173.4</ele>
      </trkpt>
      <trkpt lat="46.50856" lon="4.92901">
        <ele>170.8</ele>
      </trkpt>
      <trkpt lat="46.50805" lon="4.92893">
        <ele>170.1</ele>
      </trkpt>
      <trkpt lat="46.50781" lon="4.92881">
        <ele>170.4</ele>
      </trkpt>
      <trkpt lat="46.50695" lon="4.92859">
        <ele>170.6</ele>
      </trkpt>
      <trkpt lat="46.50638" lon="4.92837">
        <ele>171.6</ele>
      </trkpt>
      <trkpt lat="46.50584" lon="4.92818">
        <ele>172.8</ele>
      </trkpt>
      <trkpt lat="46.50529" lon="4.92799">
        <ele>171.6</ele>
      </trkpt>
      <trkpt lat="46.5052" lon="4.92798">
        <ele>171.5</ele>
      </trkpt>
      <trkpt lat="46.50496" lon="4.92787">
        <ele>171.8</ele>
      </trkpt>
      <trkpt lat="46.50485" lon="4.92776">
        <ele>172.4</ele>
      </trkpt>
      <trkpt lat="46.50475" lon="4.92762">
        <ele>173.3</ele>
      </trkpt>
      <trkpt lat="46.50441" lon="4.92737">
        <ele>173.7</ele>
      </trkpt>
      <trkpt lat="46.50419" lon="4.92723">
        <ele>173.4</ele>
      </trkpt>
      <trkpt lat="46.50415" lon="4.92717">
        <ele>173.2</ele>
      </trkpt>
      <trkpt lat="46.50406" lon="4.92719">
        <ele>173.1</ele>
      </trkpt>
      <trkpt lat="46.50399" lon="4.92718">
        <ele>173.0</ele>
      </trkpt>
      <trkpt lat="46.50376" lon="4.92696">
        <ele>172.2</ele>
      </trkpt>
      <trkpt lat="46.50366" lon="4.92689">
        <ele>171.9</ele>
      </trkpt>
      <trkpt lat="46.50349" lon="4.92686">
        <ele>171.6</ele>
      </trkpt>
      <trkpt lat="46.50333" lon="4.92679">
        <ele>171.3</ele>
      </trkpt>
      <trkpt lat="46.50273" lon="4.92642">
        <ele>171.5</ele>
      </trkpt>
      <trkpt lat="46.5023" lon="4.92622">
        <ele>170.4</ele>
      </trkpt>
      <trkpt lat="46.50216" lon="4.92617">
        <ele>170.0</ele>
      </trkpt>
      <trkpt lat="46.50161" lon="4.92615">
        <ele>168.9</ele>
      </trkpt>
      <trkpt lat="46.50105" lon="4.92612">
        <ele>170.1</ele>
      </trkpt>
      <trkpt lat="46.50068" lon="4.92608">
        <ele>171.0</ele>
      </trkpt>
      <trkpt lat="46.50048" lon="4.92604">
        <ele>171.6</ele>
      </trkpt>
      <trkpt lat="46.50027" lon="4.92597">
        <ele>172.4</ele>
      </trkpt>
      <trkpt lat="46.50002" lon="4.92586">
        <ele>173.8</ele>
      </trkpt>
      <trkpt lat="46.49924" lon="4.9254">
        <ele>172.5</ele>
      </trkpt>
      <trkpt lat="46.49847" lon="4.92499">
        <ele>172.7</ele>
      </trkpt>
      <trkpt lat="46.4977" lon="4.92457">
        <ele>172.4</ele>
      </trkpt>
      <trkpt lat="46.4975" lon="4.92445">
        <ele>172.9</ele>
      </trkpt>
      <trkpt lat="46.49719" lon="4.92422">
        <ele>172.5</ele>
      </trkpt>
      <trkpt lat="46.49684" lon="4.92389">
        <ele>172.7</ele>
      </trkpt>
      <trkpt lat="46.49672" lon="4.92378">
        <ele>173.7</ele>
      </trkpt>
      <trkpt lat="46.49643" lon="4.92344">
        <ele>175.3</ele>
      </trkpt>
      <trkpt lat="46.49616" lon="4.92308">
        <ele>173.8</ele>
      </trkpt>
      <trkpt lat="46.49599" lon="4.92285">
        <ele>174.1</ele>
      </trkpt>
      <trkpt lat="46.49564" lon="4.92227">
        <ele>174.8</ele>
      </trkpt>
      <trkpt lat="46.49527" lon="4.92158">
        <ele>175.5</ele>
      </trkpt>
      <trkpt lat="46.49479" lon="4.92079">
        <ele>173.5</ele>
      </trkpt>
      <trkpt lat="46.49428" lon="4.91998">
        <ele>176.3</ele>
      </trkpt>
      <trkpt lat="46.494" lon="4.91951">
        <ele>174.5</ele>
      </trkpt>
      <trkpt lat="46.49354" lon="4.91888">
        <ele>171.9</ele>
      </trkpt>
      <trkpt lat="46.49308" lon="4.91824">
        <ele>173.2</ele>
      </trkpt>
      <trkpt lat="46.4927" lon="4.91776">
        <ele>172.9</ele>
      </trkpt>
      <trkpt lat="46.49233" lon="4.91727">
        <ele>172.1</ele>
      </trkpt>
      <trkpt lat="46.49213" lon="4.91697">
        <ele>170.4</ele>
      </trkpt>
      <trkpt lat="46.49195" lon="4.91665">
        <ele>169.4</ele>
      </trkpt>
      <trkpt lat="46.49166" lon="4.91602">
        <ele>172.8</ele>
      </trkpt>
      <trkpt lat="46.49137" lon="4.91537">
        <ele>171.5</ele>
      </trkpt>
      <trkpt lat="46.49125" lon="4.91505">
        <ele>171.0</ele>
      </trkpt>
      <trkpt lat="46.49112" lon="4.91478">
        <ele>171.2</ele>
      </trkpt>
      <trkpt lat="46.4909" lon="4.9144">
        <ele>171.7</ele>
      </trkpt>
      <trkpt lat="46.49044" lon="4.91394">
        <ele>172.1</ele>
      </trkpt>
      <trkpt lat="46.48982" lon="4.91338">
        <ele>171.5</ele>
      </trkpt>
      <trkpt lat="46.48904" lon="4.91294">
        <ele>172.7</ele>
      </trkpt>
      <trkpt lat="46.48823" lon="4.91262">
        <ele>173.1</ele>
      </trkpt>
      <trkpt lat="46.48774" lon="4.91247">
        <ele>173.0</ele>
      </trkpt>
      <trkpt lat="46.4877" lon="4.91246">
        <ele>173.0</ele>
      </trkpt>
      <trkpt lat="46.48762" lon="4.91253">
        <ele>173.0</ele>
      </trkpt>
      <trkpt lat="46.48701" lon="4.9124">
        <ele>173.0</ele>
      </trkpt>
      <trkpt lat="46.48639" lon="4.91226">
        <ele>173.1</ele>
      </trkpt>
      <trkpt lat="46.48585" lon="4.91228">
        <ele>173.5</ele>
      </trkpt>
      <trkpt lat="46.4854" lon="4.91238">
        <ele>172.8</ele>
      </trkpt>
      <trkpt lat="46.48495" lon="4.91247">
        <ele>172.0</ele>
      </trkpt>
      <trkpt lat="46.4844" lon="4.91255">
        <ele>171.8</ele>
      </trkpt>
      <trkpt lat="46.48372" lon="4.91255">
        <ele>172.8</ele>
      </trkpt>
      <trkpt lat="46.48305" lon="4.91254">
        <ele>173.5</ele>
      </trkpt>
      <trkpt lat="46.48298" lon="4.91255">
        <ele>173.4</ele>
      </trkpt>
      <trkpt lat="46.48242" lon="4.91265">
        <ele>173.2</ele>
      </trkpt>
      <trkpt lat="46.48164" lon="4.91256">
        <ele>173.3</ele>
      </trkpt>
      <trkpt lat="46.48111" lon="4.91256">
        <ele>173.8</ele>
      </trkpt>
      <trkpt lat="46.48076" lon="4.91261">
        <ele>174.1</ele>
      </trkpt>
      <trkpt lat="46.48022" lon="4.91261">
        <ele>173.0</ele>
      </trkpt>
      <trkpt lat="46.47937" lon="4.91275">
        <ele>173.9</ele>
      </trkpt>
      <trkpt lat="46.47889" lon="4.91281">
        <ele>173.1</ele>
      </trkpt>
      <trkpt lat="46.4784" lon="4.91286">
        <ele>171.2</ele>
      </trkpt>
      <trkpt lat="46.47791" lon="4.91297">
        <ele>170.5</ele>
      </trkpt>
      <trkpt lat="46.47741" lon="4.9132">
        <ele>170.3</ele>
      </trkpt>
      <trkpt lat="46.47714" lon="4.91327">
        <ele>171.3</ele>
      </trkpt>
      <trkpt lat="46.47653" lon="4.91334">
        <ele>172.8</ele>
      </trkpt>
      <trkpt lat="46.47647" lon="4.91334">
        <ele>172.7</ele>
      </trkpt>
      <trkpt lat="46.47623" lon="4.91343">
        <ele>172.1</ele>
      </trkpt>
      <trkpt lat="46.47606" lon="4.91354">
        <ele>171.5</ele>
      </trkpt>
      <trkpt lat="46.47589" lon="4.91362">
        <ele>171.0</ele>
      </trkpt>
      <trkpt lat="46.47542" lon="4.91379">
        <ele>170.2</ele>
      </trkpt>
      <trkpt lat="46.47477" lon="4.91393">
        <ele>170.2</ele>
      </trkpt>
      <trkpt lat="46.47448" lon="4.914">
        <ele>170.4</ele>
      </trkpt>
      <trkpt lat="46.47438" lon="4.91403">
        <ele>170.4</ele>
      </trkpt>
      <trkpt lat="46.47364" lon="4.91415">
        <ele>172.5</ele>
      </trkpt>
      <trkpt lat="46.47292" lon="4.91415">
        <ele>171.5</ele>
      </trkpt>
      <trkpt lat="46.47221" lon="4.91416">
        <ele>170.4</ele>
      </trkpt>
      <trkpt lat="46.47151" lon="4.91412">
        <ele>173.5</ele>
      </trkpt>
      <trkpt lat="46.47081" lon="4.91408">
        <ele>175.7</ele>
      </trkpt>
      <trkpt lat="46.4704" lon="4.91411">
        <ele>171.5</ele>
      </trkpt>
      <trkpt lat="46.46988" lon="4.91413">
        <ele>167.8</ele>
      </trkpt>
      <trkpt lat="46.46975" lon="4.91412">
        <ele>168.4</ele>
      </trkpt>
      <trkpt lat="46.46931" lon="4.91413">
        <ele>170.4</ele>
      </trkpt>
      <trkpt lat="46.46887" lon="4.91416">
        <ele>171.4</ele>
      </trkpt>
      <trkpt lat="46.4686" lon="4.91421">
        <ele>171.5</ele>
      </trkpt>
      <trkpt lat="46.46851" lon="4.91422">
        <ele>171.6</ele>
      </trkpt>
      <trkpt lat="46.46842" lon="4.91421">
        <ele>171.8</ele>
      </trkpt>
      <trkpt lat="46.46794" lon="4.91416">
        <ele>172.5</ele>
      </trkpt>
      <trkpt lat="46.46761" lon="4.91403">
        <ele>172.5</ele>
      </trkpt>
      <trkpt lat="46.46736" lon="4.91384">
        <ele>172.2</ele>
      </trkpt>
      <trkpt lat="46.46732" lon="4.9138">
        <ele>172.1</ele>
      </trkpt>
      <trkpt lat="46.46712" lon="4.9137">
        <ele>171.9</ele>
      </trkpt>
      <trkpt lat="46.46698" lon="4.91368">
        <ele>171.8</ele>
      </trkpt>
      <trkpt lat="46.46665" lon="4.91375">
        <ele>172.0</ele>
      </trkpt>
      <trkpt lat="46.46645" lon="4.91371">
        <ele>171.4</ele>
      </trkpt>
      <trkpt lat="46.4656" lon="4.91332">
        <ele>170.7</ele>
      </trkpt>
      <trkpt lat="46.46532" lon="4.9133">
        <ele>170.4</ele>
      </trkpt>
      <trkpt lat="46.46484" lon="4.91313">
        <ele>170.1</ele>
      </trkpt>
      <trkpt lat="46.46445" lon="4.91301">
        <ele>170.4</ele>
      </trkpt>
      <trkpt lat="46.46414" lon="4.91301">
        <ele>170.6</ele>
      </trkpt>
      <trkpt lat="46.46395" lon="4.91303">
        <ele>170.7</ele>
      </trkpt>
      <trkpt lat="46.46366" lon="4.91297">
        <ele>170.6</ele>
      </trkpt>
      <trkpt lat="46.46324" lon="4.91282">
        <ele>170.3</ele>
      </trkpt>
      <trkpt lat="46.46278" lon="4.91267">
        <ele>171.3</ele>
      </trkpt>
      <trkpt lat="46.46232" lon="4.91252">
        <ele>173.3</ele>
      </trkpt>
      <trkpt lat="46.46156" lon="4.91211">
        <ele>172.8</ele>
      </trkpt>
      <trkpt lat="46.46121" lon="4.91191">
        <ele>171.6</ele>
      </trkpt>
      <trkpt lat="46.46086" lon="4.91168">
        <ele>171.9</ele>
      </trkpt>
      <trkpt lat="46.46066" lon="4.91153">
        <ele>171.2</ele>
      </trkpt>
      <trkpt lat="46.46015" lon="4.91112">
        <ele>169.8</ele>
      </trkpt>
      <trkpt lat="46.45969" lon="4.91061">
        <ele>169.7</ele>
      </trkpt>
      <trkpt lat="46.45951" lon="4.91044">
        <ele>169.8</ele>
      </trkpt>
      <trkpt lat="46.45937" lon="4.91027">
        <ele>170.1</ele>
      </trkpt>
      <trkpt lat="46.4591" lon="4.90999">
        <ele>170.8</ele>
      </trkpt>
      <trkpt lat="46.45885" lon="4.90966">
        <ele>170.0</ele>
      </trkpt>
      <trkpt lat="46.45839" lon="4.9089">
        <ele>169.3</ele>
      </trkpt>
      <trkpt lat="46.45773" lon="4.90815">
        <ele>171.1</ele>
      </trkpt>
      <trkpt lat="46.45745" lon="4.9078">
        <ele>170.6</ele>
      </trkpt>
      <trkpt lat="46.45705" lon="4.9072">
        <ele>170.0</ele>
      </trkpt>
      <trkpt lat="46.45677" lon="4.90672">
        <ele>171.6</ele>
      </trkpt>
      <trkpt lat="46.45631" lon="4.90583">
        <ele>170.2</ele>
      </trkpt>
      <trkpt lat="46.45585" lon="4.90493">
        <ele>170.9</ele>
      </trkpt>
      <trkpt lat="46.45556" lon="4.90436">
        <ele>170.6</ele>
      </trkpt>
      <trkpt lat="46.45527" lon="4.90379">
        <ele>170.7</ele>
      </trkpt>
      <trkpt lat="46.45497" lon="4.90326">
        <ele>170.1</ele>
      </trkpt>
      <trkpt lat="46.45472" lon="4.90291">
        <ele>170.7</ele>
      </trkpt>
      <trkpt lat="46.45419" lon="4.90222">
        <ele>172.3</ele>
      </trkpt>
      <trkpt lat="46.45357" lon="4.9013">
        <ele>173.6</ele>
      </trkpt>
      <trkpt lat="46.45317" lon="4.90077">
        <ele>171.4</ele>
      </trkpt>
      <trkpt lat="46.45278" lon="4.90023">
        <ele>171.2</ele>
      </trkpt>
      <trkpt lat="46.45239" lon="4.89963">
        <ele>171.5</ele>
      </trkpt>
      <trkpt lat="46.45201" lon="4.89903">
        <ele>172.4</ele>
      </trkpt>
      <trkpt lat="46.45164" lon="4.89836">
        <ele>171.2</ele>
      </trkpt>
      <trkpt lat="46.45136" lon="4.89793">
        <ele>171.9</ele>
      </trkpt>
      <trkpt lat="46.45114" lon="4.89763">
        <ele>172.4</ele>
      </trkpt>
      <trkpt lat="46.45065" lon="4.89704">
        <ele>172.4</ele>
      </trkpt>
      <trkpt lat="46.45025" lon="4.89661">
        <ele>174.0</ele>
      </trkpt>
      <trkpt lat="46.44985" lon="4.89615">
        <ele>173.6</ele>
      </trkpt>
      <trkpt lat="46.44923" lon="4.89562">
        <ele>174.3</ele>
      </trkpt>
      <trkpt lat="46.44882" lon="4.89528">
        <ele>172.6</ele>
      </trkpt>
      <trkpt lat="46.44841" lon="4.89495">
        <ele>172.2</ele>
      </trkpt>
      <trkpt lat="46.44828" lon="4.89494">
        <ele>172.0</ele>
      </trkpt>
      <trkpt lat="46.44801" lon="4.89497">
        <ele>170.9</ele>
      </trkpt>
      <trkpt lat="46.44786" lon="4.89493">
        <ele>170.6</ele>
      </trkpt>
      <trkpt lat="46.44773" lon="4.8948">
        <ele>170.8</ele>
      </trkpt>
      <trkpt lat="46.44759" lon="4.8945">
        <ele>172.1</ele>
      </trkpt>
      <trkpt lat="46.4475" lon="4.89427">
        <ele>173.4</ele>
      </trkpt>
      <trkpt lat="46.44747" lon="4.89409">
        <ele>173.9</ele>
      </trkpt>
      <trkpt lat="46.44732" lon="4.89394">
        <ele>173.4</ele>
      </trkpt>
      <trkpt lat="46.44679" lon="4.89347">
        <ele>172.7</ele>
      </trkpt>
      <trkpt lat="46.44626" lon="4.89301">
        <ele>172.8</ele>
      </trkpt>
      <trkpt lat="46.44599" lon="4.89287">
        <ele>172.8</ele>
      </trkpt>
      <trkpt lat="46.44556" lon="4.89267">
        <ele>174.1</ele>
      </trkpt>
      <trkpt lat="46.44512" lon="4.89246">
        <ele>175.7</ele>
      </trkpt>
      <trkpt lat="46.44459" lon="4.89222">
        <ele>173.5</ele>
      </trkpt>
      <trkpt lat="46.44406" lon="4.89198">
        <ele>171.8</ele>
      </trkpt>
      <trkpt lat="46.44329" lon="4.89155">
        <ele>170.7</ele>
      </trkpt>
      <trkpt lat="46.44274" lon="4.89122">
        <ele>170.4</ele>
      </trkpt>
      <trkpt lat="46.44219" lon="4.89089">
        <ele>170.7</ele>
      </trkpt>
      <trkpt lat="46.44175" lon="4.89062">
        <ele>169.2</ele>
      </trkpt>
      <trkpt lat="46.44191" lon="4.88994">
        <ele>168.4</ele>
      </trkpt>
      <trkpt lat="46.44221" lon="4.88876">
        <ele>168.5</ele>
      </trkpt>
      <trkpt lat="46.44251" lon="4.88758">
        <ele>172.7</ele>
      </trkpt>
      <trkpt lat="46.4428" lon="4.8864">
        <ele>171.7</ele>
      </trkpt>
      <trkpt lat="46.4431" lon="4.88522">
        <ele>171.4</ele>
      </trkpt>
      <trkpt lat="46.4431" lon="4.88514">
        <ele>171.6</ele>
      </trkpt>
      <trkpt lat="46.44295" lon="4.88508">
        <ele>172.2</ele>
      </trkpt>
      <trkpt lat="46.44286" lon="4.88502">
        <ele>172.7</ele>
      </trkpt>
      <trkpt lat="46.44282" lon="4.88493">
        <ele>172.7</ele>
      </trkpt>
      <trkpt lat="46.44274" lon="4.88486">
        <ele>172.8</ele>
      </trkpt>
      <trkpt lat="46.44192" lon="4.88446">
        <ele>171.3</ele>
      </trkpt>
      <trkpt lat="46.44109" lon="4.88405">
        <ele>170.6</ele>
      </trkpt>
      <trkpt lat="46.44027" lon="4.88365">
        <ele>171.1</ele>
      </trkpt>
      <trkpt lat="46.43978" lon="4.88341">
        <ele>171.1</ele>
      </trkpt>
      <trkpt lat="46.43929" lon="4.88318">
        <ele>171.0</ele>
      </trkpt>
      <trkpt lat="46.43916" lon="4.88315">
        <ele>171.0</ele>
      </trkpt>
      <trkpt lat="46.43908" lon="4.88317">
        <ele>171.0</ele>
      </trkpt>
      <trkpt lat="46.439" lon="4.88322">
        <ele>171.0</ele>
      </trkpt>
      <trkpt lat="46.43896" lon="4.88371">
        <ele>171.8</ele>
      </trkpt>
      <trkpt lat="46.43883" lon="4.88465">
        <ele>172.2</ele>
      </trkpt>
      <trkpt lat="46.43877" lon="4.88486">
        <ele>171.8</ele>
      </trkpt>
      <trkpt lat="46.43874" lon="4.8849">
        <ele>171.6</ele>
      </trkpt>
      <trkpt lat="46.4387" lon="4.88492">
        <ele>171.3</ele>
      </trkpt>
      <trkpt lat="46.43847" lon="4.88485">
        <ele>170.2</ele>
      </trkpt>
      <trkpt lat="46.43785" lon="4.88463">
        <ele>169.6</ele>
      </trkpt>
      <trkpt lat="46.43724" lon="4.88441">
        <ele>169.7</ele>
      </trkpt>
      <trkpt lat="46.43662" lon="4.8842">
        <ele>169.1</ele>
      </trkpt>
      <trkpt lat="46.43624" lon="4.88405">
        <ele>168.2</ele>
      </trkpt>
      <trkpt lat="46.43614" lon="4.88403">
        <ele>168.0</ele>
      </trkpt>
      <trkpt lat="46.43608" lon="4.88403">
        <ele>167.9</ele>
      </trkpt>
      <trkpt lat="46.43602" lon="4.88406">
        <ele>167.7</ele>
      </trkpt>
      <trkpt lat="46.43595" lon="4.88414">
        <ele>167.4</ele>
      </trkpt>
      <trkpt lat="46.43568" lon="4.88481">
        <ele>172.2</ele>
      </trkpt>
      <trkpt lat="46.43541" lon="4.88549">
        <ele>173.0</ele>
      </trkpt>
      <trkpt lat="46.43497" lon="4.88653">
        <ele>169.8</ele>
      </trkpt>
      <trkpt lat="46.43475" lon="4.88714">
        <ele>169.6</ele>
      </trkpt>
      <trkpt lat="46.43466" lon="4.88746">
        <ele>169.4</ele>
      </trkpt>
      <trkpt lat="46.4346" lon="4.88759">
        <ele>169.4</ele>
      </trkpt>
      <trkpt lat="46.43458" lon="4.88754">
        <ele>169.5</ele>
      </trkpt>
      <trkpt lat="46.43449" lon="4.88749">
        <ele>169.6</ele>
      </trkpt>
      <trkpt lat="46.43442" lon="4.88751">
        <ele>169.7</ele>
      </trkpt>
      <trkpt lat="46.43433" lon="4.88756">
        <ele>169.8</ele>
      </trkpt>
      <trkpt lat="46.43423" lon="4.8876">
        <ele>169.8</ele>
      </trkpt>
      <trkpt lat="46.43349" lon="4.88746">
        <ele>170.0</ele>
      </trkpt>
      <trkpt lat="46.43299" lon="4.88737">
        <ele>169.5</ele>
      </trkpt>
      <trkpt lat="46.43249" lon="4.88727">
        <ele>169.0</ele>
      </trkpt>
      <trkpt lat="46.43225" lon="4.88728">
        <ele>169.1</ele>
      </trkpt>
      <trkpt lat="46.43161" lon="4.88729">
        <ele>169.3</ele>
      </trkpt>
      <trkpt lat="46.43132" lon="4.88734">
        <ele>169.5</ele>
      </trkpt>
      <trkpt lat="46.43095" lon="4.88747">
        <ele>169.8</ele>
      </trkpt>
      <trkpt lat="46.43053" lon="4.88767">
        <ele>170.4</ele>
      </trkpt>
      <trkpt lat="46.42978" lon="4.88817">
        <ele>169.8</ele>
      </trkpt>
      <trkpt lat="46.42969" lon="4.88819">
        <ele>169.8</ele>
      </trkpt>
      <trkpt lat="46.42963" lon="4.88817">
        <ele>169.9</ele>
      </trkpt>
      <trkpt lat="46.42954" lon="4.88818">
        <ele>169.9</ele>
      </trkpt>
      <trkpt lat="46.42905" lon="4.88834">
        <ele>169.9</ele>
      </trkpt>
      <trkpt lat="46.4287" lon="4.88844">
        <ele>169.4</ele>
      </trkpt>
      <trkpt lat="46.42841" lon="4.88849">
        <ele>169.1</ele>
      </trkpt>
      <trkpt lat="46.42794" lon="4.88848">
        <ele>169.4</ele>
      </trkpt>
      <trkpt lat="46.42723" lon="4.88843">
        <ele>170.2</ele>
      </trkpt>
      <trkpt lat="46.42653" lon="4.88838">
        <ele>170.7</ele>
      </trkpt>
      <trkpt lat="46.42583" lon="4.88834">
        <ele>170.0</ele>
      </trkpt>
      <trkpt lat="46.42517" lon="4.8883">
        <ele>169.2</ele>
      </trkpt>
      <trkpt lat="46.42474" lon="4.88825">
        <ele>169.1</ele>
      </trkpt>
      <trkpt lat="46.42407" lon="4.88813">
        <ele>168.5</ele>
      </trkpt>
      <trkpt lat="46.42341" lon="4.88801">
        <ele>166.0</ele>
      </trkpt>
      <trkpt lat="46.42275" lon="4.88789">
        <ele>169.5</ele>
      </trkpt>
      <trkpt lat="46.42199" lon="4.88773">
        <ele>170.7</ele>
      </trkpt>
      <trkpt lat="46.42123" lon="4.88758">
        <ele>170.3</ele>
      </trkpt>
      <trkpt lat="46.42064" lon="4.88742">
        <ele>168.4</ele>
      </trkpt>
      <trkpt lat="46.41993" lon="4.88729">
        <ele>165.1</ele>
      </trkpt>
      <trkpt lat="46.41923" lon="4.88716">
        <ele>171.3</ele>
      </trkpt>
      <trkpt lat="46.41879" lon="4.8871">
        <ele>170.4</ele>
      </trkpt>
      <trkpt lat="46.41845" lon="4.88709">
        <ele>169.3</ele>
      </trkpt>
      <trkpt lat="46.41795" lon="4.88701">
        <ele>169.5</ele>
      </trkpt>
      <trkpt lat="46.4178" lon="4.88696">
        <ele>169.8</ele>
      </trkpt>
      <trkpt lat="46.41763" lon="4.88683">
        <ele>170.4</ele>
      </trkpt>
      <trkpt lat="46.41753" lon="4.88674">
        <ele>170.8</ele>
      </trkpt>
      <trkpt lat="46.41747" lon="4.88671">
        <ele>170.8</ele>
      </trkpt>
      <trkpt lat="46.41736" lon="4.88671">
        <ele>170.6</ele>
      </trkpt>
      <trkpt lat="46.41707" lon="4.88673">
        <ele>169.9</ele>
      </trkpt>
      <trkpt lat="46.41696" lon="4.88672">
        <ele>169.6</ele>
      </trkpt>
      <trkpt lat="46.41634" lon="4.88655">
        <ele>168.9</ele>
      </trkpt>
      <trkpt lat="46.4158" lon="4.88636">
        <ele>169.0</ele>
      </trkpt>
      <trkpt lat="46.41547" lon="4.88624">
        <ele>168.3</ele>
      </trkpt>
      <trkpt lat="46.41499" lon="4.8861">
        <ele>167.0</ele>
      </trkpt>
      <trkpt lat="46.41451" lon="4.88597">
        <ele>168.4</ele>
      </trkpt>
      <trkpt lat="46.41424" lon="4.8859">
        <ele>169.6</ele>
      </trkpt>
      <trkpt lat="46.4135" lon="4.88583">
        <ele>170.0</ele>
      </trkpt>
      <trkpt lat="46.41277" lon="4.88576">
        <ele>171.4</ele>
      </trkpt>
      <trkpt lat="46.41203" lon="4.88568">
        <ele>171.4</ele>
      </trkpt>
      <trkpt lat="46.4119" lon="4.88568">
        <ele>171.3</ele>
      </trkpt>
      <trkpt lat="46.41103" lon="4.88577">
        <ele>170.2</ele>
      </trkpt>
      <trkpt lat="46.41032" lon="4.88584">
        <ele>171.8</ele>
      </trkpt>
      <trkpt lat="46.41007" lon="4.88566">
        <ele>172.5</ele>
      </trkpt>
      <trkpt lat="46.40998" lon="4.88558">
        <ele>172.6</ele>
      </trkpt>
      <trkpt lat="46.40989" lon="4.88563">
        <ele>172.4</ele>
      </trkpt>
      <trkpt lat="46.40978" lon="4.88572">
        <ele>172.0</ele>
      </trkpt>
      <trkpt lat="46.40928" lon="4.88631">
        <ele>169.2</ele>
      </trkpt>
      <trkpt lat="46.40917" lon="4.88643">
        <ele>169.0</ele>
      </trkpt>
      <trkpt lat="46.40903" lon="4.88651">
        <ele>169.1</ele>
      </trkpt>
      <trkpt lat="46.40865" lon="4.88667">
        <ele>169.0</ele>
      </trkpt>
      <trkpt lat="46.40839" lon="4.88674">
        <ele>169.0</ele>
      </trkpt>
      <trkpt lat="46.40799" lon="4.88681">
        <ele>169.3</ele>
      </trkpt>
      <trkpt lat="46.40753" lon="4.88692">
        <ele>169.4</ele>
      </trkpt>
      <trkpt lat="46.40706" lon="4.88703">
        <ele>168.8</ele>
      </trkpt>
      <trkpt lat="46.4068" lon="4.88715">
        <ele>168.5</ele>
      </trkpt>
      <trkpt lat="46.40651" lon="4.88727">
        <ele>168.4</ele>
      </trkpt>
      <trkpt lat="46.4064" lon="4.8873">
        <ele>168.5</ele>
      </trkpt>
      <trkpt lat="46.40628" lon="4.88733">
        <ele>168.5</ele>
      </trkpt>
      <trkpt lat="46.40606" lon="4.88735">
        <ele>168.6</ele>
      </trkpt>
      <trkpt lat="46.40544" lon="4.88727">
        <ele>168.8</ele>
      </trkpt>
      <trkpt lat="46.40509" lon="4.88721">
        <ele>168.8</ele>
      </trkpt>
      <trkpt lat="46.40482" lon="4.88713">
        <ele>168.7</ele>
      </trkpt>
      <trkpt lat="46.40444" lon="4.88692">
        <ele>168.5</ele>
      </trkpt>
      <trkpt lat="46.4041" lon="4.88667">
        <ele>168.0</ele>
      </trkpt>
      <trkpt lat="46.40378" lon="4.88636">
        <ele>168.7</ele>
      </trkpt>
      <trkpt lat="46.40343" lon="4.88606">
        <ele>170.0</ele>
      </trkpt>
      <trkpt lat="46.40309" lon="4.88581">
        <ele>170.1</ele>
      </trkpt>
      <trkpt lat="46.40275" lon="4.88558">
        <ele>169.0</ele>
      </trkpt>
      <trkpt lat="46.40215" lon="4.88512">
        <ele>168.9</ele>
      </trkpt>
      <trkpt lat="46.4019" lon="4.8849">
        <ele>169.1</ele>
      </trkpt>
      <trkpt lat="46.40168" lon="4.88464">
        <ele>169.4</ele>
      </trkpt>
      <trkpt lat="46.40153" lon="4.88449">
        <ele>169.2</ele>
      </trkpt>
      <trkpt lat="46.40113" lon="4.88421">
        <ele>168.1</ele>
      </trkpt>
      <trkpt lat="46.40042" lon="4.88376">
        <ele>168.0</ele>
      </trkpt>
      <trkpt lat="46.39977" lon="4.88313">
        <ele>168.7</ele>
      </trkpt>
      <trkpt lat="46.39909" lon="4.88251">
        <ele>169.7</ele>
      </trkpt>
      <trkpt lat="46.3984" lon="4.88189">
        <ele>169.2</ele>
      </trkpt>
      <trkpt lat="46.39815" lon="4.8817">
        <ele>169.3</ele>
      </trkpt>
      <trkpt lat="46.39761" lon="4.88132">
        <ele>168.5</ele>
      </trkpt>
      <trkpt lat="46.39718" lon="4.88106">
        <ele>170.0</ele>
      </trkpt>
      <trkpt lat="46.39675" lon="4.88079">
        <ele>172.6</ele>
      </trkpt>
      <trkpt lat="46.39605" lon="4.88039">
        <ele>169.5</ele>
      </trkpt>
      <trkpt lat="46.39531" lon="4.88005">
        <ele>168.1</ele>
      </trkpt>
      <trkpt lat="46.39488" lon="4.87982">
        <ele>166.9</ele>
      </trkpt>
      <trkpt lat="46.39446" lon="4.87957">
        <ele>168.1</ele>
      </trkpt>
      <trkpt lat="46.39404" lon="4.87929">
        <ele>169.9</ele>
      </trkpt>
      <trkpt lat="46.39362" lon="4.87895">
        <ele>168.1</ele>
      </trkpt>
      <trkpt lat="46.39301" lon="4.87836">
        <ele>166.4</ele>
      </trkpt>
      <trkpt lat="46.39241" lon="4.87778">
        <ele>168.2</ele>
      </trkpt>
      <trkpt lat="46.39209" lon="4.87756">
        <ele>167.9</ele>
      </trkpt>
      <trkpt lat="46.39169" lon="4.87704">
        <ele>169.8</ele>
      </trkpt>
      <trkpt lat="46.39155" lon="4.87683">
        <ele>170.5</ele>
      </trkpt>
      <trkpt lat="46.39132" lon="4.87664">
        <ele>170.1</ele>
      </trkpt>
      <trkpt lat="46.39112" lon="4.87643">
        <ele>170.1</ele>
      </trkpt>
      <trkpt lat="46.39093" lon="4.87622">
        <ele>170.6</ele>
      </trkpt>
      <trkpt lat="46.39026" lon="4.87556">
        <ele>170.6</ele>
      </trkpt>
      <trkpt lat="46.39003" lon="4.87536">
        <ele>171.1</ele>
      </trkpt>
      <trkpt lat="46.38951" lon="4.87496">
        <ele>170.1</ele>
      </trkpt>
      <trkpt lat="46.38924" lon="4.87473">
        <ele>169.4</ele>
      </trkpt>
      <trkpt lat="46.38871" lon="4.87422">
        <ele>172.1</ele>
      </trkpt>
      <trkpt lat="46.38856" lon="4.8741">
        <ele>172.4</ele>
      </trkpt>
      <trkpt lat="46.3884" lon="4.87399">
        <ele>172.3</ele>
      </trkpt>
      <trkpt lat="46.38808" lon="4.87382">
        <ele>171.3</ele>
      </trkpt>
      <trkpt lat="46.38782" lon="4.87362">
        <ele>170.8</ele>
      </trkpt>
      <trkpt lat="46.38767" lon="4.87346">
        <ele>170.9</ele>
      </trkpt>
      <trkpt lat="46.38757" lon="4.87339">
        <ele>170.9</ele>
      </trkpt>
      <trkpt lat="46.38751" lon="4.87336">
        <ele>170.9</ele>
      </trkpt>
      <trkpt lat="46.38736" lon="4.87332">
        <ele>170.4</ele>
      </trkpt>
      <trkpt lat="46.38724" lon="4.87327">
        <ele>169.9</ele>
      </trkpt>
      <trkpt lat="46.3864" lon="4.87287">
        <ele>170.9</ele>
      </trkpt>
      <trkpt lat="46.38603" lon="4.87272">
        <ele>173.1</ele>
      </trkpt>
      <trkpt lat="46.38585" lon="4.8726">
        <ele>174.9</ele>
      </trkpt>
      <trkpt lat="46.3857" lon="4.87244">
        <ele>174.6</ele>
      </trkpt>
      <trkpt lat="46.38538" lon="4.8722">
        <ele>172.1</ele>
      </trkpt>
      <trkpt lat="46.38497" lon="4.87202">
        <ele>169.8</ele>
      </trkpt>
      <trkpt lat="46.38437" lon="4.87162">
        <ele>171.2</ele>
      </trkpt>
      <trkpt lat="46.38376" lon="4.87121">
        <ele>170.6</ele>
      </trkpt>
      <trkpt lat="46.38352" lon="4.87106">
        <ele>171.7</ele>
      </trkpt>
      <trkpt lat="46.38337" lon="4.87095">
        <ele>172.9</ele>
      </trkpt>
      <trkpt lat="46.38327" lon="4.87083">
        <ele>173.5</ele>
      </trkpt>
      <trkpt lat="46.38294" lon="4.87055">
        <ele>170.8</ele>
      </trkpt>
      <trkpt lat="46.38274" lon="4.87038">
        <ele>169.9</ele>
      </trkpt>
      <trkpt lat="46.38236" lon="4.87002">
        <ele>169.4</ele>
      </trkpt>
      <trkpt lat="46.38192" lon="4.86955">
        <ele>170.3</ele>
      </trkpt>
      <trkpt lat="46.38158" lon="4.86917">
        <ele>172.4</ele>
      </trkpt>
      <trkpt lat="46.38127" lon="4.86878">
        <ele>170.8</ele>
      </trkpt>
      <trkpt lat="46.38063" lon="4.86813">
        <ele>171.0</ele>
      </trkpt>
      <trkpt lat="46.37997" lon="4.86758">
        <ele>173.1</ele>
      </trkpt>
      <trkpt lat="46.37964" lon="4.86727">
        <ele>171.5</ele>
      </trkpt>
      <trkpt lat="46.37925" lon="4.86687">
        <ele>172.3</ele>
      </trkpt>
      <trkpt lat="46.37896" lon="4.86656">
        <ele>172.3</ele>
      </trkpt>
      <trkpt lat="46.3784" lon="4.86609">
        <ele>170.6</ele>
      </trkpt>
      <trkpt lat="46.37784" lon="4.86562">
        <ele>169.9</ele>
      </trkpt>
      <trkpt lat="46.37712" lon="4.86511">
        <ele>169.4</ele>
      </trkpt>
      <trkpt lat="46.37646" lon="4.86457">
        <ele>169.2</ele>
      </trkpt>
      <trkpt lat="46.37612" lon="4.86417">
        <ele>171.6</ele>
      </trkpt>
      <trkpt lat="46.37574" lon="4.86382">
        <ele>172.6</ele>
      </trkpt>
      <trkpt lat="46.37563" lon="4.86368">
        <ele>172.1</ele>
      </trkpt>
      <trkpt lat="46.37544" lon="4.86351">
        <ele>170.9</ele>
      </trkpt>
      <trkpt lat="46.37514" lon="4.86332">
        <ele>168.5</ele>
      </trkpt>
      <trkpt lat="46.37478" lon="4.86297">
        <ele>170.3</ele>
      </trkpt>
      <trkpt lat="46.37419" lon="4.86245">
        <ele>173.3</ele>
      </trkpt>
      <trkpt lat="46.3736" lon="4.86192">
        <ele>173.3</ele>
      </trkpt>
      <trkpt lat="46.37305" lon="4.86132">
        <ele>173.2</ele>
      </trkpt>
      <trkpt lat="46.37275" lon="4.86104">
        <ele>172.3</ele>
      </trkpt>
      <trkpt lat="46.372" lon="4.86037">
        <ele>171.1</ele>
      </trkpt>
      <trkpt lat="46.3716" lon="4.86">
        <ele>171.6</ele>
      </trkpt>
      <trkpt lat="46.37121" lon="4.85963">
        <ele>170.4</ele>
      </trkpt>
      <trkpt lat="46.37113" lon="4.85955">
        <ele>170.2</ele>
      </trkpt>
      <trkpt lat="46.37071" lon="4.85922">
        <ele>170.1</ele>
      </trkpt>
      <trkpt lat="46.37029" lon="4.8589">
        <ele>172.2</ele>
      </trkpt>
      <trkpt lat="46.36985" lon="4.85856">
        <ele>172.2</ele>
      </trkpt>
      <trkpt lat="46.36942" lon="4.85822">
        <ele>172.0</ele>
      </trkpt>
      <trkpt lat="46.36862" lon="4.85765">
        <ele>171.6</ele>
      </trkpt>
      <trkpt lat="46.36843" lon="4.85748">
        <ele>172.2</ele>
      </trkpt>
      <trkpt lat="46.36792" lon="4.85713">
        <ele>171.5</ele>
      </trkpt>
      <trkpt lat="46.3674" lon="4.85679">
        <ele>172.8</ele>
      </trkpt>
      <trkpt lat="46.36684" lon="4.85638">
        <ele>173.6</ele>
      </trkpt>
      <trkpt lat="46.36629" lon="4.85598">
        <ele>174.8</ele>
      </trkpt>
      <trkpt lat="46.36586" lon="4.85562">
        <ele>178.0</ele>
      </trkpt>
      <trkpt lat="46.36528" lon="4.85512">
        <ele>179.5</ele>
      </trkpt>
      <trkpt lat="46.36486" lon="4.85478">
        <ele>180.2</ele>
      </trkpt>
      <trkpt lat="46.36437" lon="4.85443">
        <ele>177.4</ele>
      </trkpt>
      <trkpt lat="46.36376" lon="4.85402">
        <ele>178.2</ele>
      </trkpt>
      <trkpt lat="46.36324" lon="4.85378">
        <ele>177.6</ele>
      </trkpt>
      <trkpt lat="46.36273" lon="4.85354">
        <ele>175.8</ele>
      </trkpt>
      <trkpt lat="46.36189" lon="4.85325">
        <ele>175.1</ele>
      </trkpt>
      <trkpt lat="46.36186" lon="4.85321">
        <ele>175.1</ele>
      </trkpt>
      <trkpt lat="46.36177" lon="4.85321">
        <ele>174.7</ele>
      </trkpt>
      <trkpt lat="46.36164" lon="4.85317">
        <ele>174.4</ele>
      </trkpt>
      <trkpt lat="46.36126" lon="4.85302">
        <ele>174.3</ele>
      </trkpt>
      <trkpt lat="46.36071" lon="4.85284">
        <ele>173.5</ele>
      </trkpt>
      <trkpt lat="46.36059" lon="4.85286">
        <ele>172.7</ele>
      </trkpt>
      <trkpt lat="46.36048" lon="4.85284">
        <ele>172.1</ele>
      </trkpt>
      <trkpt lat="46.35997" lon="4.85259">
        <ele>170.7</ele>
      </trkpt>
      <trkpt lat="46.35945" lon="4.85227">
        <ele>173.7</ele>
      </trkpt>
      <trkpt lat="46.35932" lon="4.85212">
        <ele>173.7</ele>
      </trkpt>
      <trkpt lat="46.35867" lon="4.85169">
        <ele>174.3</ele>
      </trkpt>
      <trkpt lat="46.35802" lon="4.85126">
        <ele>172.0</ele>
      </trkpt>
      <trkpt lat="46.35765" lon="4.85106">
        <ele>169.9</ele>
      </trkpt>
      <trkpt lat="46.35746" lon="4.85095">
        <ele>169.5</ele>
      </trkpt>
      <trkpt lat="46.357" lon="4.85067">
        <ele>168.8</ele>
      </trkpt>
      <trkpt lat="46.35637" lon="4.85034">
        <ele>169.8</ele>
      </trkpt>
      <trkpt lat="46.3559" lon="4.85017">
        <ele>171.6</ele>
      </trkpt>
      <trkpt lat="46.35543" lon="4.85">
        <ele>172.5</ele>
      </trkpt>
      <trkpt lat="46.35524" lon="4.84995">
        <ele>172.4</ele>
      </trkpt>
      <trkpt lat="46.35463" lon="4.84986">
        <ele>172.9</ele>
      </trkpt>
      <trkpt lat="46.35401" lon="4.84977">
        <ele>173.4</ele>
      </trkpt>
      <trkpt lat="46.35347" lon="4.84974">
        <ele>172.8</ele>
      </trkpt>
      <trkpt lat="46.35305" lon="4.84977">
        <ele>173.1</ele>
      </trkpt>
      <trkpt lat="46.35283" lon="4.84976">
        <ele>173.6</ele>
      </trkpt>
      <trkpt lat="46.35274" lon="4.84974">
        <ele>173.8</ele>
      </trkpt>
      <trkpt lat="46.35248" lon="4.84974">
        <ele>174.4</ele>
      </trkpt>
      <trkpt lat="46.35235" lon="4.84978">
        <ele>174.8</ele>
      </trkpt>
      <trkpt lat="46.35215" lon="4.84986">
        <ele>175.4</ele>
      </trkpt>
      <trkpt lat="46.35171" lon="4.84997">
        <ele>177.0</ele>
      </trkpt>
      <trkpt lat="46.35101" lon="4.8501">
        <ele>176.5</ele>
      </trkpt>
      <trkpt lat="46.35043" lon="4.85023">
        <ele>174.6</ele>
      </trkpt>
      <trkpt lat="46.34984" lon="4.85037">
        <ele>172.4</ele>
      </trkpt>
      <trkpt lat="46.34916" lon="4.85046">
        <ele>170.7</ele>
      </trkpt>
      <trkpt lat="46.34869" lon="4.85052">
        <ele>173.6</ele>
      </trkpt>
      <trkpt lat="46.34823" lon="4.85059">
        <ele>176.2</ele>
      </trkpt>
      <trkpt lat="46.34775" lon="4.85073">
        <ele>175.9</ele>
      </trkpt>
      <trkpt lat="46.34727" lon="4.85086">
        <ele>175.4</ele>
      </trkpt>
      <trkpt lat="46.34685" lon="4.85097">
        <ele>173.9</ele>
      </trkpt>
      <trkpt lat="46.34654" lon="4.85099">
        <ele>173.1</ele>
      </trkpt>
      <trkpt lat="46.34564" lon="4.851">
        <ele>170.5</ele>
      </trkpt>
      <trkpt lat="46.34501" lon="4.85103">
        <ele>168.6</ele>
      </trkpt>
      <trkpt lat="46.34436" lon="4.85107">
        <ele>169.4</ele>
      </trkpt>
      <trkpt lat="46.3439" lon="4.85112">
        <ele>169.9</ele>
      </trkpt>
      <trkpt lat="46.34344" lon="4.85117">
        <ele>170.3</ele>
      </trkpt>
      <trkpt lat="46.34263" lon="4.85118">
        <ele>170.8</ele>
      </trkpt>
      <trkpt lat="46.34214" lon="4.85114">
        <ele>169.7</ele>
      </trkpt>
      <trkpt lat="46.34184" lon="4.8511">
        <ele>168.8</ele>
      </trkpt>
      <trkpt lat="46.34111" lon="4.85096">
        <ele>169.3</ele>
      </trkpt>
      <trkpt lat="46.34037" lon="4.85082">
        <ele>171.1</ele>
      </trkpt>
      <trkpt lat="46.33964" lon="4.85068">
        <ele>173.6</ele>
      </trkpt>
      <trkpt lat="46.33945" lon="4.85077">
        <ele>174.2</ele>
      </trkpt>
      <trkpt lat="46.33926" lon="4.85082">
        <ele>174.7</ele>
      </trkpt>
      <trkpt lat="46.33868" lon="4.85082">
        <ele>172.7</ele>
      </trkpt>
      <trkpt lat="46.33793" lon="4.85073">
        <ele>171.1</ele>
      </trkpt>
      <trkpt lat="46.33719" lon="4.85064">
        <ele>170.9</ele>
      </trkpt>
      <trkpt lat="46.3368" lon="4.8506">
        <ele>170.8</ele>
      </trkpt>
      <trkpt lat="46.33659" lon="4.85065">
        <ele>170.8</ele>
      </trkpt>
      <trkpt lat="46.33627" lon="4.85054">
        <ele>170.5</ele>
      </trkpt>
      <trkpt lat="46.33543" lon="4.85051">
        <ele>171.0</ele>
      </trkpt>
      <trkpt lat="46.33475" lon="4.85059">
        <ele>172.4</ele>
      </trkpt>
      <trkpt lat="46.33408" lon="4.85068">
        <ele>173.2</ele>
      </trkpt>
      <trkpt lat="46.33343" lon="4.85075">
        <ele>171.3</ele>
      </trkpt>
      <trkpt lat="46.33279" lon="4.85082">
        <ele>171.0</ele>
      </trkpt>
      <trkpt lat="46.33214" lon="4.8509">
        <ele>170.3</ele>
      </trkpt>
      <trkpt lat="46.33169" lon="4.85088">
        <ele>169.9</ele>
      </trkpt>
      <trkpt lat="46.33115" lon="4.85083">
        <ele>169.4</ele>
      </trkpt>
      <trkpt lat="46.33062" lon="4.85079">
        <ele>169.8</ele>
      </trkpt>
      <trkpt lat="46.3299" lon="4.85066">
        <ele>171.8</ele>
      </trkpt>
      <trkpt lat="46.32919" lon="4.85052">
        <ele>172.0</ele>
      </trkpt>
      <trkpt lat="46.32849" lon="4.85025">
        <ele>170.2</ele>
      </trkpt>
      <trkpt lat="46.32816" lon="4.84963">
        <ele>171.4</ele>
      </trkpt>
      <trkpt lat="46.32783" lon="4.84901">
        <ele>170.5</ele>
      </trkpt>
      <trkpt lat="46.32761" lon="4.84865">
        <ele>169.6</ele>
      </trkpt>
      <trkpt lat="46.32704" lon="4.84809">
        <ele>169.0</ele>
      </trkpt>
      <trkpt lat="46.32701" lon="4.84806">
        <ele>169.0</ele>
      </trkpt>
      <trkpt lat="46.32662" lon="4.84738">
        <ele>169.3</ele>
      </trkpt>
      <trkpt lat="46.32622" lon="4.84676">
        <ele>171.0</ele>
      </trkpt>
      <trkpt lat="46.32597" lon="4.84589">
        <ele>171.7</ele>
      </trkpt>
      <trkpt lat="46.32578" lon="4.84518">
        <ele>172.0</ele>
      </trkpt>
      <trkpt lat="46.32574" lon="4.845">
        <ele>171.9</ele>
      </trkpt>
      <trkpt lat="46.32549" lon="4.84504">
        <ele>171.6</ele>
      </trkpt>
      <trkpt lat="46.32544" lon="4.84502">
        <ele>171.5</ele>
      </trkpt>
      <trkpt lat="46.32541" lon="4.84502">
        <ele>171.5</ele>
      </trkpt>
      <trkpt lat="46.32539" lon="4.84503">
        <ele>171.5</ele>
      </trkpt>
      <trkpt lat="46.3253" lon="4.84503">
        <ele>171.4</ele>
      </trkpt>
      <trkpt lat="46.32531" lon="4.84499">
        <ele>171.4</ele>
      </trkpt>
      <trkpt lat="46.3253" lon="4.84494">
        <ele>171.4</ele>
      </trkpt>
      <trkpt lat="46.32454" lon="4.84489">
        <ele>172.1</ele>
      </trkpt>
      <trkpt lat="46.32377" lon="4.84485">
        <ele>172.4</ele>
      </trkpt>
      <trkpt lat="46.32301" lon="4.8448">
        <ele>171.7</ele>
      </trkpt>
      <trkpt lat="46.32283" lon="4.84479">
        <ele>171.5</ele>
      </trkpt>
      <trkpt lat="46.32216" lon="4.84479">
        <ele>171.8</ele>
      </trkpt>
      <trkpt lat="46.32173" lon="4.84485">
        <ele>172.3</ele>
      </trkpt>
      <trkpt lat="46.32162" lon="4.84489">
        <ele>172.3</ele>
      </trkpt>
      <trkpt lat="46.32159" lon="4.84493">
        <ele>172.2</ele>
      </trkpt>
      <trkpt lat="46.32159" lon="4.84499">
        <ele>172.1</ele>
      </trkpt>
      <trkpt lat="46.32158" lon="4.84502">
        <ele>172.1</ele>
      </trkpt>
      <trkpt lat="46.32144" lon="4.8452">
        <ele>172.9</ele>
      </trkpt>
      <trkpt lat="46.32135" lon="4.84536">
        <ele>173.8</ele>
      </trkpt>
      <trkpt lat="46.32127" lon="4.84555">
        <ele>175.0</ele>
      </trkpt>
      <trkpt lat="46.32117" lon="4.84586">
        <ele>177.0</ele>
      </trkpt>
      <trkpt lat="46.32085" lon="4.84561">
        <ele>178.0</ele>
      </trkpt>
      <trkpt lat="46.32032" lon="4.84519">
        <ele>175.6</ele>
      </trkpt>
      <trkpt lat="46.31979" lon="4.84478">
        <ele>175.0</ele>
      </trkpt>
      <trkpt lat="46.31926" lon="4.84437">
        <ele>172.5</ele>
      </trkpt>
      <trkpt lat="46.31854" lon="4.84366">
        <ele>171.5</ele>
      </trkpt>
      <trkpt lat="46.31783" lon="4.84296">
        <ele>171.4</ele>
      </trkpt>
      <trkpt lat="46.31712" lon="4.84226">
        <ele>170.9</ele>
      </trkpt>
      <trkpt lat="46.31699" lon="4.84215">
        <ele>170.6</ele>
      </trkpt>
      <trkpt lat="46.31659" lon="4.84181">
        <ele>172.1</ele>
      </trkpt>
      <trkpt lat="46.31616" lon="4.84155">
        <ele>175.7</ele>
      </trkpt>
      <trkpt lat="46.31559" lon="4.84123">
        <ele>175.4</ele>
      </trkpt>
      <trkpt lat="46.31516" lon="4.84095">
        <ele>178.2</ele>
      </trkpt>
      <trkpt lat="46.31472" lon="4.84068">
        <ele>176.2</ele>
      </trkpt>
      <trkpt lat="46.31452" lon="4.84052">
        <ele>174.2</ele>
      </trkpt>
      <trkpt lat="46.31413" lon="4.84023">
        <ele>174.6</ele>
      </trkpt>
      <trkpt lat="46.31396" lon="4.84008">
        <ele>174.5</ele>
      </trkpt>
      <trkpt lat="46.3135" lon="4.83991">
        <ele>170.1</ele>
      </trkpt>
      <trkpt lat="46.31336" lon="4.83997">
        <ele>167.8</ele>
      </trkpt>
      <trkpt lat="46.31304" lon="4.83986">
        <ele>168.8</ele>
      </trkpt>
      <trkpt lat="46.31277" lon="4.83972">
        <ele>170.6</ele>
      </trkpt>
      <trkpt lat="46.31228" lon="4.83935">
        <ele>173.3</ele>
      </trkpt>
      <trkpt lat="46.31179" lon="4.83899">
        <ele>170.4</ele>
      </trkpt>
      <trkpt lat="46.31135" lon="4.83861">
        <ele>171.1</ele>
      </trkpt>
      <trkpt lat="46.311" lon="4.83847">
        <ele>168.7</ele>
      </trkpt>
      <trkpt lat="46.31046" lon="4.83826">
        <ele>167.7</ele>
      </trkpt>
      <trkpt lat="46.30992" lon="4.83805">
        <ele>170.1</ele>
      </trkpt>
      <trkpt lat="46.3098" lon="4.838">
        <ele>170.6</ele>
      </trkpt>
      <trkpt lat="46.30962" lon="4.83805">
        <ele>170.1</ele>
      </trkpt>
      <trkpt lat="46.3092" lon="4.83789">
        <ele>171.8</ele>
      </trkpt>
      <trkpt lat="46.30903" lon="4.8377">
        <ele>173.5</ele>
      </trkpt>
      <trkpt lat="46.30895" lon="4.83767">
        <ele>173.7</ele>
      </trkpt>
      <trkpt lat="46.30848" lon="4.83749">
        <ele>174.4</ele>
      </trkpt>
      <trkpt lat="46.30801" lon="4.83732">
        <ele>172.9</ele>
      </trkpt>
      <trkpt lat="46.30775" lon="4.8372">
        <ele>172.4</ele>
      </trkpt>
      <trkpt lat="46.30727" lon="4.83703">
        <ele>173.6</ele>
      </trkpt>
      <trkpt lat="46.30725" lon="4.83707">
        <ele>173.1</ele>
      </trkpt>
      <trkpt lat="46.30681" lon="4.8369">
        <ele>176.7</ele>
      </trkpt>
      <trkpt lat="46.30637" lon="4.83673">
        <ele>175.3</ele>
      </trkpt>
      <trkpt lat="46.30607" lon="4.8366">
        <ele>171.9</ele>
      </trkpt>
      <trkpt lat="46.30534" lon="4.83597">
        <ele>172.0</ele>
      </trkpt>
      <trkpt lat="46.30517" lon="4.83583">
        <ele>170.0</ele>
      </trkpt>
      <trkpt lat="46.30501" lon="4.83567">
        <ele>169.0</ele>
      </trkpt>
      <trkpt lat="46.30459" lon="4.83531">
        <ele>172.9</ele>
      </trkpt>
      <trkpt lat="46.30416" lon="4.83495">
        <ele>176.1</ele>
      </trkpt>
      <trkpt lat="46.30395" lon="4.83477">
        <ele>174.6</ele>
      </trkpt>
      <trkpt lat="46.30398" lon="4.83469">
        <ele>175.2</ele>
      </trkpt>
      <trkpt lat="46.30407" lon="4.83477">
        <ele>175.7</ele>
      </trkpt>
      <trkpt lat="46.3041" lon="4.8347">
        <ele>176.1</ele>
      </trkpt>
      <trkpt lat="46.30416" lon="4.83463">
        <ele>176.9</ele>
      </trkpt>
      <trkpt lat="46.30433" lon="4.8348">
        <ele>176.7</ele>
      </trkpt>
      <trkpt lat="46.30472" lon="4.83517">
        <ele>174.7</ele>
      </trkpt>
      <trkpt lat="46.30528" lon="4.83576">
        <ele>172.5</ele>
      </trkpt>
      <trkpt lat="46.30532" lon="4.8358">
        <ele>173.0</ele>
      </trkpt>
      <trkpt lat="46.30535" lon="4.83567">
        <ele>174.4</ele>
      </trkpt>
      <trkpt lat="46.30538" lon="4.83557">
        <ele>175.6</ele>
      </trkpt>
      <trkpt lat="46.30561" lon="4.83503">
        <ele>181.3</ele>
      </trkpt>
      <trkpt lat="46.30563" lon="4.83493">
        <ele>181.7</ele>
      </trkpt>
      <trkpt lat="46.30563" lon="4.83475">
        <ele>182.4</ele>
      </trkpt>
      <trkpt lat="46.30562" lon="4.83407">
        <ele>184.4</ele>
      </trkpt>
      <trkpt lat="46.3056" lon="4.83338">
        <ele>185.5</ele>
      </trkpt>
      <trkpt lat="46.30557" lon="4.83305">
        <ele>185.8</ele>
      </trkpt>
    </trkseg>
  </trk>
</gpx>
