<?xml version="1.0" encoding="UTF-8"?>
<gpx xmlns:gpxdata="http://www.cluetrust.com/XML/GPXDATA/1/0" xmlns:xsi="http://www.w3.org/2001/XMLSchema-instance" xmlns="http://www.topografix.com/GPX/1/1" version="1.1" creator="http://ridewithgps.com/" xsi:schemaLocation="http://www.topografix.com/GPX/1/1 http://www.topografix.com/GPX/1/1/gpx.xsd http://www.cluetrust.com/XML/GPXDATA/1/0 http://www.cluetrust.com/Schemas/gpxdata10.xsd">
  <metadata>
    <name>Jour 7 - Colmar @ Aspach-le-Bas</name>
    <link href="https://ridewithgps.com/routes/56170497">
      <text>Jour 7 - Colmar @ Aspach-le-Bas</text>
    </link>
    <time>2026-07-17T07:40:14Z</time>
  </metadata>
  <wpt lat="48.07916" lon="7.35679">
    <name>Slight Left</name>
    <cmt>Tournez légèrement à gauche sur Place des Martyrs de la Résistance</cmt>
    <desc>Tournez légèrement à gauche sur Place des Martyrs de la Résistance</desc>
    <sym>Dot</sym>
    <type>Dot</type>
  </wpt>
  <wpt lat="48.0791" lon="7.35662">
    <name>Right</name>
    <cmt>Tournez à droite sur Place des Martyrs de la Résistance</cmt>
    <desc>Tournez à droite sur Place des Martyrs de la Résistance</desc>
    <sym>Dot</sym>
    <type>Dot</type>
  </wpt>
  <wpt lat="48.07931" lon="7.35495">
    <name>Right</name>
    <cmt>Tournez à droite sur Place du 18 Novembre</cmt>
    <desc>Tournez à droite sur Place du 18 Novembre</desc>
    <sym>Dot</sym>
    <type>Dot</type>
  </wpt>
  <wpt lat="48.07963" lon="7.3532">
    <name>Left</name>
    <cmt>Tournez à gauche sur Rue Roesselmann</cmt>
    <desc>Tournez à gauche sur Rue Roesselmann</desc>
    <sym>Dot</sym>
    <type>Dot</type>
  </wpt>
  <wpt lat="48.07865" lon="7.35276">
    <name>Right</name>
    <cmt>Tournez à droite sur Place Jean de Lattre de Tassigny</cmt>
    <desc>Tournez à droite sur Place Jean de Lattre de Tassigny</desc>
    <sym>Dot</sym>
    <type>Dot</type>
  </wpt>
  <wpt lat="48.07905" lon="7.34923">
    <name>Left</name>
    <cmt>Tournez à gauche sur Avenue du Général de Gaulle</cmt>
    <desc>Tournez à gauche sur Avenue du Général de Gaulle</desc>
    <sym>Dot</sym>
    <type>Dot</type>
  </wpt>
  <wpt lat="48.07722" lon="7.34782">
    <name>Slight Left</name>
    <cmt>Restez sur la gauche sur Rue de Turckheim</cmt>
    <desc>Restez sur la gauche sur Rue de Turckheim</desc>
    <sym>Dot</sym>
    <type>Dot</type>
  </wpt>
  <wpt lat="48.0772" lon="7.34787">
    <name>Right</name>
    <cmt>Tournez à droite sur Avenue du Général de Gaulle</cmt>
    <desc>Tournez à droite sur Avenue du Général de Gaulle</desc>
    <sym>Dot</sym>
    <type>Dot</type>
  </wpt>
  <wpt lat="48.07487" lon="7.34465">
    <name>Straight</name>
    <cmt>Au rond-point, prenez la 1e sortie</cmt>
    <desc>Au rond-point, prenez la 1e sortie</desc>
    <sym>Dot</sym>
    <type>Dot</type>
  </wpt>
  <wpt lat="48.07391" lon="7.34203">
    <name>Slight Right</name>
    <cmt>Restez sur la droite</cmt>
    <desc>Restez sur la droite</desc>
    <sym>Dot</sym>
    <type>Dot</type>
  </wpt>
  <wpt lat="48.07269" lon="7.33915">
    <name>Slight Right</name>
    <cmt>Tournez légèrement à droite sur Avenue du Général de Gaulle</cmt>
    <desc>Tournez légèrement à droite sur Avenue du Général de Gaulle</desc>
    <sym>Dot</sym>
    <type>Dot</type>
  </wpt>
  <wpt lat="48.07268" lon="7.3391">
    <name>Slight Right</name>
    <cmt>Tournez légèrement à droite sur Route de Wintzenheim</cmt>
    <desc>Tournez légèrement à droite sur Route de Wintzenheim</desc>
    <sym>Dot</sym>
    <type>Dot</type>
  </wpt>
  <wpt lat="48.07261" lon="7.33891">
    <name>Slight Right</name>
    <cmt>Restez sur la droite sur Avenue du Général de Gaulle</cmt>
    <desc>Restez sur la droite sur Avenue du Général de Gaulle</desc>
    <sym>Dot</sym>
    <type>Dot</type>
  </wpt>
  <wpt lat="48.07257" lon="7.33886">
    <name>Slight Right</name>
    <cmt>Restez sur la droite</cmt>
    <desc>Restez sur la droite</desc>
    <sym>Dot</sym>
    <type>Dot</type>
  </wpt>
  <wpt lat="48.07135" lon="7.33603">
    <name>Slight Right</name>
    <cmt>Tournez légèrement à droite sur Avenue du Général de Gaulle</cmt>
    <desc>Tournez légèrement à droite sur Avenue du Général de Gaulle</desc>
    <sym>Dot</sym>
    <type>Dot</type>
  </wpt>
  <wpt lat="48.07134" lon="7.33594">
    <name>Slight Right</name>
    <cmt>Tournez légèrement à droite sur Route de Wintzenheim</cmt>
    <desc>Tournez légèrement à droite sur Route de Wintzenheim</desc>
    <sym>Dot</sym>
    <type>Dot</type>
  </wpt>
  <wpt lat="48.07128" lon="7.33578">
    <name>Slight Right</name>
    <cmt>Restez sur la droite sur Avenue du Général de Gaulle</cmt>
    <desc>Restez sur la droite sur Avenue du Général de Gaulle</desc>
    <sym>Dot</sym>
    <type>Dot</type>
  </wpt>
  <wpt lat="48.07118" lon="7.33569">
    <name>Slight Right</name>
    <cmt>Restez sur la droite</cmt>
    <desc>Restez sur la droite</desc>
    <sym>Dot</sym>
    <type>Dot</type>
  </wpt>
  <wpt lat="48.07047" lon="7.33397">
    <name>Slight Right</name>
    <cmt>Tournez légèrement à droite sur Avenue du Général de Gaulle</cmt>
    <desc>Tournez légèrement à droite sur Avenue du Général de Gaulle</desc>
    <sym>Dot</sym>
    <type>Dot</type>
  </wpt>
  <wpt lat="48.07045" lon="7.33378">
    <name>Straight</name>
    <cmt>Continuez sur Route de Wintzenheim</cmt>
    <desc>Continuez sur Route de Wintzenheim</desc>
    <sym>Dot</sym>
    <type>Dot</type>
  </wpt>
  <wpt lat="48.07037" lon="7.33362">
    <name>Slight Right</name>
    <cmt>Restez sur la droite sur Route de Wintzenheim</cmt>
    <desc>Restez sur la droite sur Route de Wintzenheim</desc>
    <sym>Dot</sym>
    <type>Dot</type>
  </wpt>
  <wpt lat="48.07026" lon="7.33343">
    <name>Slight Right</name>
    <cmt>Restez sur la droite</cmt>
    <desc>Restez sur la droite</desc>
    <sym>Dot</sym>
    <type>Dot</type>
  </wpt>
  <wpt lat="48.06953" lon="7.33155">
    <name>Slight Right</name>
    <cmt>Tournez légèrement à droite sur Route de Wintzenheim</cmt>
    <desc>Tournez légèrement à droite sur Route de Wintzenheim</desc>
    <sym>Dot</sym>
    <type>Dot</type>
  </wpt>
  <wpt lat="48.06951" lon="7.33145">
    <name>Right</name>
    <cmt>Tournez à droite</cmt>
    <desc>Tournez à droite</desc>
    <sym>Dot</sym>
    <type>Dot</type>
  </wpt>
  <wpt lat="48.06954" lon="7.33133">
    <name>Slight Left</name>
    <cmt>Restez sur la gauche</cmt>
    <desc>Restez sur la gauche</desc>
    <sym>Dot</sym>
    <type>Dot</type>
  </wpt>
  <wpt lat="48.06943" lon="7.33116">
    <name>Right</name>
    <cmt>Tournez à droite</cmt>
    <desc>Tournez à droite</desc>
    <sym>Dot</sym>
    <type>Dot</type>
  </wpt>
  <wpt lat="48.06744" lon="7.32295">
    <name>Slight Right</name>
    <cmt>Tournez légèrement à droite</cmt>
    <desc>Tournez légèrement à droite</desc>
    <sym>Dot</sym>
    <type>Dot</type>
  </wpt>
  <wpt lat="48.06936" lon="7.30054">
    <name>Sharp Left</name>
    <cmt>Tournez fort à gauche sur Rue des Frères Widal</cmt>
    <desc>Tournez fort à gauche sur Rue des Frères Widal</desc>
    <sym>Dot</sym>
    <type>Dot</type>
  </wpt>
  <wpt lat="48.06933" lon="7.30054">
    <name>Right</name>
    <cmt>Tournez à droite sur Route de Colmar</cmt>
    <desc>Tournez à droite sur Route de Colmar</desc>
    <sym>Dot</sym>
    <type>Dot</type>
  </wpt>
  <wpt lat="48.06929" lon="7.30042">
    <name>Slight Left</name>
    <cmt>Tournez légèrement à gauche sur Faubourg des Vosges</cmt>
    <desc>Tournez légèrement à gauche sur Faubourg des Vosges</desc>
    <sym>Dot</sym>
    <type>Dot</type>
  </wpt>
  <wpt lat="48.06916" lon="7.30061">
    <name>Right</name>
    <cmt>Tournez à droite sur Rue Feldkirch</cmt>
    <desc>Tournez à droite sur Rue Feldkirch</desc>
    <sym>Dot</sym>
    <type>Dot</type>
  </wpt>
  <wpt lat="48.06523" lon="7.30281">
    <name>Left</name>
    <cmt>Tournez à gauche sur Rue de Feldkirch</cmt>
    <desc>Tournez à gauche sur Rue de Feldkirch</desc>
    <sym>Dot</sym>
    <type>Dot</type>
  </wpt>
  <wpt lat="48.06239" lon="7.30685">
    <name>Right</name>
    <cmt>Tournez à droite sur Route d'Éguisheim</cmt>
    <desc>Tournez à droite sur Route d'Éguisheim</desc>
    <sym>Dot</sym>
    <type>Dot</type>
  </wpt>
  <wpt lat="48.06164" lon="7.30621">
    <name>Left</name>
    <cmt>Tournez à gauche sur Route d'Éguisheim</cmt>
    <desc>Tournez à gauche sur Route d'Éguisheim</desc>
    <sym>Dot</sym>
    <type>Dot</type>
  </wpt>
  <wpt lat="48.05496" lon="7.30573">
    <name>Right</name>
    <cmt>Tournez à droite</cmt>
    <desc>Tournez à droite</desc>
    <sym>Dot</sym>
    <type>Dot</type>
  </wpt>
  <wpt lat="48.05482" lon="7.30549">
    <name>Right</name>
    <cmt>Tournez à droite sur Route du Vin</cmt>
    <desc>Tournez à droite sur Route du Vin</desc>
    <sym>Dot</sym>
    <type>Dot</type>
  </wpt>
  <wpt lat="48.05491" lon="7.30475">
    <name>Left</name>
    <cmt>Tournez à gauche sur Rue de Marbach</cmt>
    <desc>Tournez à gauche sur Rue de Marbach</desc>
    <sym>Dot</sym>
    <type>Dot</type>
  </wpt>
  <wpt lat="48.05244" lon="7.30592">
    <name>Slight Right</name>
    <cmt>Restez sur la droite</cmt>
    <desc>Restez sur la droite</desc>
    <sym>Dot</sym>
    <type>Dot</type>
  </wpt>
  <wpt lat="48.04623" lon="7.30728">
    <name>Left</name>
    <cmt>Tournez à gauche sur Rue des Oiseaux</cmt>
    <desc>Tournez à gauche sur Rue des Oiseaux</desc>
    <sym>Dot</sym>
    <type>Dot</type>
  </wpt>
  <wpt lat="48.04592" lon="7.31017">
    <name>Right</name>
    <cmt>Tournez à droite sur Route de Wettolsheim</cmt>
    <desc>Tournez à droite sur Route de Wettolsheim</desc>
    <sym>Dot</sym>
    <type>Dot</type>
  </wpt>
  <wpt lat="48.04574" lon="7.31037">
    <name>Slight Right</name>
    <cmt>Tournez légèrement à droite sur Route de Wettolsheim</cmt>
    <desc>Tournez légèrement à droite sur Route de Wettolsheim</desc>
    <sym>Dot</sym>
    <type>Dot</type>
  </wpt>
  <wpt lat="48.04361" lon="7.31192">
    <name>Left</name>
    <cmt>Tournez à gauche sur Rue du Malsbach</cmt>
    <desc>Tournez à gauche sur Rue du Malsbach</desc>
    <sym>Dot</sym>
    <type>Dot</type>
  </wpt>
  <wpt lat="48.04343" lon="7.31409">
    <name>Straight</name>
    <cmt>Continuez sur Malsbachweg</cmt>
    <desc>Continuez sur Malsbachweg</desc>
    <sym>Dot</sym>
    <type>Dot</type>
  </wpt>
  <wpt lat="48.04064" lon="7.3204">
    <name>Right</name>
    <cmt>Tournez à droite</cmt>
    <desc>Tournez à droite</desc>
    <sym>Dot</sym>
    <type>Dot</type>
  </wpt>
  <wpt lat="48.03907" lon="7.32025">
    <name>Slight Left</name>
    <cmt>Tournez légèrement à gauche</cmt>
    <desc>Tournez légèrement à gauche</desc>
    <sym>Dot</sym>
    <type>Dot</type>
  </wpt>
  <wpt lat="48.03508" lon="7.31843">
    <name>Straight</name>
    <cmt>Continuez</cmt>
    <desc>Continuez</desc>
    <sym>Dot</sym>
    <type>Dot</type>
  </wpt>
  <wpt lat="48.01937" lon="7.31109">
    <name>Slight Right</name>
    <cmt>Tournez légèrement à droite sur Rue du Vignoble</cmt>
    <desc>Tournez légèrement à droite sur Rue du Vignoble</desc>
    <sym>Dot</sym>
    <type>Dot</type>
  </wpt>
  <wpt lat="48.01667" lon="7.30847">
    <name>Straight</name>
    <cmt>Continuez sur Route du Vin</cmt>
    <desc>Continuez sur Route du Vin</desc>
    <sym>Dot</sym>
    <type>Dot</type>
  </wpt>
  <wpt lat="48.0062" lon="7.296">
    <name>Slight Right</name>
    <cmt>Restez sur la droite sur Rue du Maréchal Leclerc</cmt>
    <desc>Restez sur la droite sur Rue du Maréchal Leclerc</desc>
    <sym>Dot</sym>
    <type>Dot</type>
  </wpt>
  <wpt lat="48.00596" lon="7.29595">
    <name>Straight</name>
    <cmt>Au rond-point, prenez la 2e sortie vers Route de Rouffach</cmt>
    <desc>Au rond-point, prenez la 2e sortie vers Route de Rouffach</desc>
    <sym>Dot</sym>
    <type>Dot</type>
  </wpt>
  <wpt lat="48.00402" lon="7.29575">
    <name>Right</name>
    <cmt>Tournez à droite</cmt>
    <desc>Tournez à droite</desc>
    <sym>Dot</sym>
    <type>Dot</type>
  </wpt>
  <wpt lat="48.004" lon="7.29565">
    <name>Slight Left</name>
    <cmt>Restez sur la gauche</cmt>
    <desc>Restez sur la gauche</desc>
    <sym>Dot</sym>
    <type>Dot</type>
  </wpt>
  <wpt lat="47.9888" lon="7.29312">
    <name>Slight Right</name>
    <cmt>Tournez légèrement à droite sur Rue de la Lauch</cmt>
    <desc>Tournez légèrement à droite sur Rue de la Lauch</desc>
    <sym>Dot</sym>
    <type>Dot</type>
  </wpt>
  <wpt lat="47.98832" lon="7.29092">
    <name>Left</name>
    <cmt>Tournez à gauche sur Rue de la Tuilerie</cmt>
    <desc>Tournez à gauche sur Rue de la Tuilerie</desc>
    <sym>Dot</sym>
    <type>Dot</type>
  </wpt>
  <wpt lat="47.98468" lon="7.29121">
    <name>Slight Right</name>
    <cmt>Tournez légèrement à droite sur Rue du Chai</cmt>
    <desc>Tournez légèrement à droite sur Rue du Chai</desc>
    <sym>Dot</sym>
    <type>Dot</type>
  </wpt>
  <wpt lat="47.98237" lon="7.29064">
    <name>Left</name>
    <cmt>Tournez à gauche sur Rue de la Chapelle</cmt>
    <desc>Tournez à gauche sur Rue de la Chapelle</desc>
    <sym>Dot</sym>
    <type>Dot</type>
  </wpt>
  <wpt lat="47.98231" lon="7.29131">
    <name>Right</name>
    <cmt>Tournez à droite sur Rue du Stade</cmt>
    <desc>Tournez à droite sur Rue du Stade</desc>
    <sym>Dot</sym>
    <type>Dot</type>
  </wpt>
  <wpt lat="47.98069" lon="7.29158">
    <name>Straight</name>
    <cmt>Au rond-point, prenez la 2e sortie vers Rue du Stade</cmt>
    <desc>Au rond-point, prenez la 2e sortie vers Rue du Stade</desc>
    <sym>Dot</sym>
    <type>Dot</type>
  </wpt>
  <wpt lat="47.97995" lon="7.2915">
    <name>Right</name>
    <cmt>Tournez à droite sur Rue du Drotfeld</cmt>
    <desc>Tournez à droite sur Rue du Drotfeld</desc>
    <sym>Dot</sym>
    <type>Dot</type>
  </wpt>
  <wpt lat="47.97827" lon="7.29131">
    <name>Left</name>
    <cmt>Tournez à gauche sur Rue du Drotfeld</cmt>
    <desc>Tournez à gauche sur Rue du Drotfeld</desc>
    <sym>Dot</sym>
    <type>Dot</type>
  </wpt>
  <wpt lat="47.97799" lon="7.29431">
    <name>Right</name>
    <cmt>Tournez à droite</cmt>
    <desc>Tournez à droite</desc>
    <sym>Dot</sym>
    <type>Dot</type>
  </wpt>
  <wpt lat="47.97594" lon="7.29521">
    <name>Slight Left</name>
    <cmt>Restez sur la gauche</cmt>
    <desc>Restez sur la gauche</desc>
    <sym>Dot</sym>
    <type>Dot</type>
  </wpt>
  <wpt lat="47.96865" lon="7.30215">
    <name>Slight Right</name>
    <cmt>Tournez légèrement à droite</cmt>
    <desc>Tournez légèrement à droite</desc>
    <sym>Dot</sym>
    <type>Dot</type>
  </wpt>
  <wpt lat="47.96725" lon="7.30191">
    <name>Left</name>
    <cmt>Tournez à gauche</cmt>
    <desc>Tournez à gauche</desc>
    <sym>Dot</sym>
    <type>Dot</type>
  </wpt>
  <wpt lat="47.96719" lon="7.3021">
    <name>Right</name>
    <cmt>Tournez à droite</cmt>
    <desc>Tournez à droite</desc>
    <sym>Dot</sym>
    <type>Dot</type>
  </wpt>
  <wpt lat="47.96382" lon="7.29952">
    <name>Left</name>
    <cmt>Tournez à gauche</cmt>
    <desc>Tournez à gauche</desc>
    <sym>Dot</sym>
    <type>Dot</type>
  </wpt>
  <wpt lat="47.9638" lon="7.29956">
    <name>Right</name>
    <cmt>Tournez à droite</cmt>
    <desc>Tournez à droite</desc>
    <sym>Dot</sym>
    <type>Dot</type>
  </wpt>
  <wpt lat="47.96182" lon="7.29873">
    <name>Left</name>
    <cmt>Tournez à gauche sur Rue des Abeilles</cmt>
    <desc>Tournez à gauche sur Rue des Abeilles</desc>
    <sym>Dot</sym>
    <type>Dot</type>
  </wpt>
  <wpt lat="47.96171" lon="7.2995">
    <name>Right</name>
    <cmt>Tournez à droite</cmt>
    <desc>Tournez à droite</desc>
    <sym>Dot</sym>
    <type>Dot</type>
  </wpt>
  <wpt lat="47.96038" lon="7.30076">
    <name>Left</name>
    <cmt>Tournez à gauche sur Rue Charles Marie Widor</cmt>
    <desc>Tournez à gauche sur Rue Charles Marie Widor</desc>
    <sym>Dot</sym>
    <type>Dot</type>
  </wpt>
  <wpt lat="47.95757" lon="7.30237">
    <name>Right</name>
    <cmt>Tournez à droite</cmt>
    <desc>Tournez à droite</desc>
    <sym>Dot</sym>
    <type>Dot</type>
  </wpt>
  <wpt lat="47.95747" lon="7.30184">
    <name>Left</name>
    <cmt>Tournez à gauche sur Rue du Maréchal Lefèbvre</cmt>
    <desc>Tournez à gauche sur Rue du Maréchal Lefèbvre</desc>
    <sym>Dot</sym>
    <type>Dot</type>
  </wpt>
  <wpt lat="47.95727" lon="7.29856">
    <name>Slight Right</name>
    <cmt>Tournez légèrement à droite sur Rue du Maréchal Lefèbvre</cmt>
    <desc>Tournez légèrement à droite sur Rue du Maréchal Lefèbvre</desc>
    <sym>Dot</sym>
    <type>Dot</type>
  </wpt>
  <wpt lat="47.95796" lon="7.29579">
    <name>Left</name>
    <cmt>Tournez à gauche sur Rue du 4e Spahis Marocains</cmt>
    <desc>Tournez à gauche sur Rue du 4e Spahis Marocains</desc>
    <sym>Dot</sym>
    <type>Dot</type>
  </wpt>
  <wpt lat="47.95659" lon="7.29451">
    <name>Right</name>
    <cmt>Tournez à droite sur Rue du Vignoble</cmt>
    <desc>Tournez à droite sur Rue du Vignoble</desc>
    <sym>Dot</sym>
    <type>Dot</type>
  </wpt>
  <wpt lat="47.95664" lon="7.2944">
    <name>Sharp Left</name>
    <cmt>Tournez fort à gauche</cmt>
    <desc>Tournez fort à gauche</desc>
    <sym>Dot</sym>
    <type>Dot</type>
  </wpt>
  <wpt lat="47.95577" lon="7.29389">
    <name>Right</name>
    <cmt>Tournez à droite sur Route de Westhalten</cmt>
    <desc>Tournez à droite sur Route de Westhalten</desc>
    <sym>Dot</sym>
    <type>Dot</type>
  </wpt>
  <wpt lat="47.94868" lon="7.28145">
    <name>Slight Right</name>
    <cmt>Restez sur la droite sur Route de Westhalten</cmt>
    <desc>Restez sur la droite sur Route de Westhalten</desc>
    <sym>Dot</sym>
    <type>Dot</type>
  </wpt>
  <wpt lat="47.95198" lon="7.26687">
    <name>Right</name>
    <cmt>Tournez à droite sur Rue de Rouffach</cmt>
    <desc>Tournez à droite sur Rue de Rouffach</desc>
    <sym>Dot</sym>
    <type>Dot</type>
  </wpt>
  <wpt lat="47.95619" lon="7.26125">
    <name>Slight Left</name>
    <cmt>Tournez légèrement à gauche sur Rue de Rouffach</cmt>
    <desc>Tournez légèrement à gauche sur Rue de Rouffach</desc>
    <sym>Dot</sym>
    <type>Dot</type>
  </wpt>
  <wpt lat="47.95675" lon="7.24967">
    <name>Right</name>
    <cmt>Tournez à droite sur Route de Westhalten</cmt>
    <desc>Tournez à droite sur Route de Westhalten</desc>
    <sym>Dot</sym>
    <type>Dot</type>
  </wpt>
  <wpt lat="47.95921" lon="7.24269">
    <name>Left</name>
    <cmt>Tournez à gauche sur Rue du Château</cmt>
    <desc>Tournez à gauche sur Rue du Château</desc>
    <sym>Dot</sym>
    <type>Dot</type>
  </wpt>
  <wpt lat="47.95793" lon="7.24113">
    <name>Left</name>
    <cmt>Tournez à gauche sur Rue Wagenbourg</cmt>
    <desc>Tournez à gauche sur Rue Wagenbourg</desc>
    <sym>Dot</sym>
    <type>Dot</type>
  </wpt>
  <wpt lat="47.95615" lon="7.24161">
    <name>Right</name>
    <cmt>Tournez à droite sur Grunlingweg</cmt>
    <desc>Tournez à droite sur Grunlingweg</desc>
    <sym>Dot</sym>
    <type>Dot</type>
  </wpt>
  <wpt lat="47.9556" lon="7.23894">
    <name>Left</name>
    <cmt>Tournez à gauche sur Niederlenkweg</cmt>
    <desc>Tournez à gauche sur Niederlenkweg</desc>
    <sym>Dot</sym>
    <type>Dot</type>
  </wpt>
  <wpt lat="47.95104" lon="7.23963">
    <name>Slight Left</name>
    <cmt>Tournez légèrement à gauche sur Niederlenkweg</cmt>
    <desc>Tournez légèrement à gauche sur Niederlenkweg</desc>
    <sym>Dot</sym>
    <type>Dot</type>
  </wpt>
  <wpt lat="47.93752" lon="7.2324">
    <name>Slight Right</name>
    <cmt>Tournez légèrement à droite sur Rue de Soultzmatt</cmt>
    <desc>Tournez légèrement à droite sur Rue de Soultzmatt</desc>
    <sym>Dot</sym>
    <type>Dot</type>
  </wpt>
  <wpt lat="47.93556" lon="7.23351">
    <name>Left</name>
    <cmt>Tournez à gauche sur Rue de l'Église</cmt>
    <desc>Tournez à gauche sur Rue de l'Église</desc>
    <sym>Dot</sym>
    <type>Dot</type>
  </wpt>
  <wpt lat="47.93551" lon="7.23389">
    <name>Left</name>
    <cmt>Tournez à gauche sur Rue de l'Église</cmt>
    <desc>Tournez à gauche sur Rue de l'Église</desc>
    <sym>Dot</sym>
    <type>Dot</type>
  </wpt>
  <wpt lat="47.93613" lon="7.23678">
    <name>Straight</name>
    <cmt>Continuez sur Chemin du Bollenberg</cmt>
    <desc>Continuez sur Chemin du Bollenberg</desc>
    <sym>Dot</sym>
    <type>Dot</type>
  </wpt>
  <wpt lat="47.93607" lon="7.23852">
    <name>Right</name>
    <cmt>Tournez à droite</cmt>
    <desc>Tournez à droite</desc>
    <sym>Dot</sym>
    <type>Dot</type>
  </wpt>
  <wpt lat="47.93333" lon="7.23899">
    <name>Sharp Left</name>
    <cmt>Tournez fort à gauche sur Rue du Bollenberg</cmt>
    <desc>Tournez fort à gauche sur Rue du Bollenberg</desc>
    <sym>Dot</sym>
    <type>Dot</type>
  </wpt>
  <wpt lat="47.9309" lon="7.24165">
    <name>Slight Right</name>
    <cmt>Restez sur la droite</cmt>
    <desc>Restez sur la droite</desc>
    <sym>Dot</sym>
    <type>Dot</type>
  </wpt>
  <wpt lat="47.9201" lon="7.25146">
    <name>Right</name>
    <cmt>Tournez à droite</cmt>
    <desc>Tournez à droite</desc>
    <sym>Dot</sym>
    <type>Dot</type>
  </wpt>
  <wpt lat="47.91407" lon="7.24591">
    <name>Left</name>
    <cmt>Tournez à gauche sur Rue Robert Schumann</cmt>
    <desc>Tournez à gauche sur Rue Robert Schumann</desc>
    <sym>Dot</sym>
    <type>Dot</type>
  </wpt>
  <wpt lat="47.90839" lon="7.24896">
    <name>Straight</name>
    <cmt>Continuez sur Chemin de Bergholtz</cmt>
    <desc>Continuez sur Chemin de Bergholtz</desc>
    <sym>Dot</sym>
    <type>Dot</type>
  </wpt>
  <wpt lat="47.90735" lon="7.24909">
    <name>Left</name>
    <cmt>Tournez à gauche sur Chemin de Bergholtz</cmt>
    <desc>Tournez à gauche sur Chemin de Bergholtz</desc>
    <sym>Dot</sym>
    <type>Dot</type>
  </wpt>
  <wpt lat="47.90404" lon="7.2498">
    <name>Right</name>
    <cmt>Tournez à droite sur Promenade Auguste Biecheler</cmt>
    <desc>Tournez à droite sur Promenade Auguste Biecheler</desc>
    <sym>Dot</sym>
    <type>Dot</type>
  </wpt>
  <wpt lat="47.90415" lon="7.24211">
    <name>Slight Left</name>
    <cmt>Tournez légèrement à gauche sur Promenade Auguste Biecheler</cmt>
    <desc>Tournez légèrement à gauche sur Promenade Auguste Biecheler</desc>
    <sym>Dot</sym>
    <type>Dot</type>
  </wpt>
  <wpt lat="47.90379" lon="7.24178">
    <name>Right</name>
    <cmt>Tournez à droite sur Promenade Auguste Biecheler</cmt>
    <desc>Tournez à droite sur Promenade Auguste Biecheler</desc>
    <sym>Dot</sym>
    <type>Dot</type>
  </wpt>
  <wpt lat="47.90353" lon="7.23875">
    <name>Left</name>
    <cmt>Tournez à gauche sur Rue du Tissage</cmt>
    <desc>Tournez à gauche sur Rue du Tissage</desc>
    <sym>Dot</sym>
    <type>Dot</type>
  </wpt>
  <wpt lat="47.90217" lon="7.2389">
    <name>Right</name>
    <cmt>Tournez à droite sur Rue de Guebwiller</cmt>
    <desc>Tournez à droite sur Rue de Guebwiller</desc>
    <sym>Dot</sym>
    <type>Dot</type>
  </wpt>
  <wpt lat="47.90198" lon="7.23702">
    <name>Left</name>
    <cmt>Tournez à gauche</cmt>
    <desc>Tournez à gauche</desc>
    <sym>Dot</sym>
    <type>Dot</type>
  </wpt>
  <wpt lat="47.90157" lon="7.23696">
    <name>Left</name>
    <cmt>Tournez à gauche</cmt>
    <desc>Tournez à gauche</desc>
    <sym>Dot</sym>
    <type>Dot</type>
  </wpt>
  <wpt lat="47.90013" lon="7.23697">
    <name>Slight Right</name>
    <cmt>Tournez légèrement à droite</cmt>
    <desc>Tournez légèrement à droite</desc>
    <sym>Dot</sym>
    <type>Dot</type>
  </wpt>
  <wpt lat="47.89973" lon="7.23348">
    <name>Sharp Right</name>
    <cmt>Tournez fort à droite</cmt>
    <desc>Tournez fort à droite</desc>
    <sym>Dot</sym>
    <type>Dot</type>
  </wpt>
  <wpt lat="47.9004" lon="7.23104">
    <name>Left</name>
    <cmt>Tournez à gauche sur Rue de la Piscine</cmt>
    <desc>Tournez à gauche sur Rue de la Piscine</desc>
    <sym>Dot</sym>
    <type>Dot</type>
  </wpt>
  <wpt lat="47.90002" lon="7.23111">
    <name>Right</name>
    <cmt>Tournez à droite</cmt>
    <desc>Tournez à droite</desc>
    <sym>Dot</sym>
    <type>Dot</type>
  </wpt>
  <wpt lat="47.90069" lon="7.22601">
    <name>Right</name>
    <cmt>Tournez à droite</cmt>
    <desc>Tournez à droite</desc>
    <sym>Dot</sym>
    <type>Dot</type>
  </wpt>
  <wpt lat="47.90135" lon="7.22389">
    <name>Slight Left</name>
    <cmt>Restez sur la gauche</cmt>
    <desc>Restez sur la gauche</desc>
    <sym>Dot</sym>
    <type>Dot</type>
  </wpt>
  <wpt lat="47.90186" lon="7.22239">
    <name>Left</name>
    <cmt>Tournez à gauche sur Rue des Larrons</cmt>
    <desc>Tournez à gauche sur Rue des Larrons</desc>
    <sym>Dot</sym>
    <type>Dot</type>
  </wpt>
  <wpt lat="47.90256" lon="7.21993">
    <name>Left</name>
    <cmt>Tournez à gauche</cmt>
    <desc>Tournez à gauche</desc>
    <sym>Dot</sym>
    <type>Dot</type>
  </wpt>
  <wpt lat="47.90154" lon="7.21848">
    <name>Left</name>
    <cmt>Tournez à gauche sur Route de Soultz</cmt>
    <desc>Tournez à gauche sur Route de Soultz</desc>
    <sym>Dot</sym>
    <type>Dot</type>
  </wpt>
  <wpt lat="47.89972" lon="7.22006">
    <name>Slight Right</name>
    <cmt>Tournez légèrement à droite sur Route de Soultz</cmt>
    <desc>Tournez légèrement à droite sur Route de Soultz</desc>
    <sym>Dot</sym>
    <type>Dot</type>
  </wpt>
  <wpt lat="47.89943" lon="7.21999">
    <name>Left</name>
    <cmt>Tournez à gauche sur Rue Théodore Deck</cmt>
    <desc>Tournez à gauche sur Rue Théodore Deck</desc>
    <sym>Dot</sym>
    <type>Dot</type>
  </wpt>
  <wpt lat="47.89916" lon="7.22055">
    <name>Slight Right</name>
    <cmt>Tournez légèrement à droite sur Route de Guebwiller</cmt>
    <desc>Tournez légèrement à droite sur Route de Guebwiller</desc>
    <sym>Dot</sym>
    <type>Dot</type>
  </wpt>
  <wpt lat="47.88881" lon="7.22726">
    <name>Right</name>
    <cmt>Tournez à droite sur Chemin des Archers et conduisez vers Wuenheim, Cernay, Jungholtz, Thierenbach</cmt>
    <desc>Tournez à droite sur Chemin des Archers et conduisez vers Wuenheim, Cernay, Jungholtz, Thierenbach</desc>
    <sym>Dot</sym>
    <type>Dot</type>
  </wpt>
  <wpt lat="47.88226" lon="7.22493">
    <name>Straight</name>
    <cmt>Au rond-point, prenez la 1e sortie vers Route de Jungholtz</cmt>
    <desc>Au rond-point, prenez la 1e sortie vers Route de Jungholtz</desc>
    <sym>Dot</sym>
    <type>Dot</type>
  </wpt>
  <wpt lat="47.88071" lon="7.21745">
    <name>Left</name>
    <cmt>Tournez à gauche</cmt>
    <desc>Tournez à gauche</desc>
    <sym>Dot</sym>
    <type>Dot</type>
  </wpt>
  <wpt lat="47.88018" lon="7.21434">
    <name>Left</name>
    <cmt>Tournez à gauche</cmt>
    <desc>Tournez à gauche</desc>
    <sym>Dot</sym>
    <type>Dot</type>
  </wpt>
  <wpt lat="47.87508" lon="7.2155">
    <name>Left</name>
    <cmt>Tournez à gauche sur Rue Principale</cmt>
    <desc>Tournez à gauche sur Rue Principale</desc>
    <sym>Dot</sym>
    <type>Dot</type>
  </wpt>
  <wpt lat="47.87506" lon="7.21586">
    <name>Slight Right</name>
    <cmt>Restez sur la droite sur Rue Principale</cmt>
    <desc>Restez sur la droite sur Rue Principale</desc>
    <sym>Dot</sym>
    <type>Dot</type>
  </wpt>
  <wpt lat="47.87491" lon="7.21615">
    <name>Right</name>
    <cmt>Tournez à droite sur Route de Cernay et conduisez vers Hartmannswiller, Berrwiller, Wattwiller, Cernay</cmt>
    <desc>Tournez à droite sur Route de Cernay et conduisez vers Hartmannswiller, Berrwiller, Wattwiller, Cernay</desc>
    <sym>Dot</sym>
    <type>Dot</type>
  </wpt>
  <wpt lat="47.87425" lon="7.21591">
    <name>Left</name>
    <cmt>Tournez à gauche</cmt>
    <desc>Tournez à gauche</desc>
    <sym>Dot</sym>
    <type>Dot</type>
  </wpt>
  <wpt lat="47.87363" lon="7.21681">
    <name>Straight</name>
    <cmt>Continuez</cmt>
    <desc>Continuez</desc>
    <sym>Dot</sym>
    <type>Dot</type>
  </wpt>
  <wpt lat="47.86354" lon="7.21566">
    <name>Left</name>
    <cmt>Tournez à gauche sur Grand'Rue</cmt>
    <desc>Tournez à gauche sur Grand'Rue</desc>
    <sym>Dot</sym>
    <type>Dot</type>
  </wpt>
  <wpt lat="47.86056" lon="7.21673">
    <name>Right</name>
    <cmt>Tournez à droite sur Grand'Rue</cmt>
    <desc>Tournez à droite sur Grand'Rue</desc>
    <sym>Dot</sym>
    <type>Dot</type>
  </wpt>
  <wpt lat="47.85196" lon="7.21945">
    <name>Left</name>
    <cmt>Tournez à gauche sur Rue Croisière</cmt>
    <desc>Tournez à gauche sur Rue Croisière</desc>
    <sym>Dot</sym>
    <type>Dot</type>
  </wpt>
  <wpt lat="47.85057" lon="7.22271">
    <name>Right</name>
    <cmt>Tournez à droite sur Rue Bimberling</cmt>
    <desc>Tournez à droite sur Rue Bimberling</desc>
    <sym>Dot</sym>
    <type>Dot</type>
  </wpt>
  <wpt lat="47.8474" lon="7.22145">
    <name>Left</name>
    <cmt>Tournez à gauche sur Rue Principale</cmt>
    <desc>Tournez à gauche sur Rue Principale</desc>
    <sym>Dot</sym>
    <type>Dot</type>
  </wpt>
  <wpt lat="47.84735" lon="7.22158">
    <name>Right</name>
    <cmt>Tournez à droite sur Rue de Staffelfelden</cmt>
    <desc>Tournez à droite sur Rue de Staffelfelden</desc>
    <sym>Dot</sym>
    <type>Dot</type>
  </wpt>
  <wpt lat="47.84356" lon="7.22023">
    <name>Slight Right</name>
    <cmt>Restez sur la droite sur Rue de Staffelfelden</cmt>
    <desc>Restez sur la droite sur Rue de Staffelfelden</desc>
    <sym>Dot</sym>
    <type>Dot</type>
  </wpt>
  <wpt lat="47.84325" lon="7.22026">
    <name>Right</name>
    <cmt>Tournez à droite sur Weckenthal</cmt>
    <desc>Tournez à droite sur Weckenthal</desc>
    <sym>Dot</sym>
    <type>Dot</type>
  </wpt>
  <wpt lat="47.83834" lon="7.21468">
    <name>Left</name>
    <cmt>Tournez à gauche sur Schilweg</cmt>
    <desc>Tournez à gauche sur Schilweg</desc>
    <sym>Dot</sym>
    <type>Dot</type>
  </wpt>
  <wpt lat="47.8354" lon="7.22018">
    <name>Right</name>
    <cmt>Tournez à droite sur Metzgerpfad</cmt>
    <desc>Tournez à droite sur Metzgerpfad</desc>
    <sym>Dot</sym>
    <type>Dot</type>
  </wpt>
  <wpt lat="47.82657" lon="7.208">
    <name>Right</name>
    <cmt>Tournez à droite sur Metzgerpfad</cmt>
    <desc>Tournez à droite sur Metzgerpfad</desc>
    <sym>Dot</sym>
    <type>Dot</type>
  </wpt>
  <wpt lat="47.83091" lon="7.20023">
    <name>Slight Left</name>
    <cmt>Restez sur la gauche</cmt>
    <desc>Restez sur la gauche</desc>
    <sym>Dot</sym>
    <type>Dot</type>
  </wpt>
  <wpt lat="47.81657" lon="7.18454">
    <name>Right</name>
    <cmt>Tournez à droite</cmt>
    <desc>Tournez à droite</desc>
    <sym>Dot</sym>
    <type>Dot</type>
  </wpt>
  <wpt lat="47.81787" lon="7.18014">
    <name>Left</name>
    <cmt>Tournez à gauche sur Rue de Soultz</cmt>
    <desc>Tournez à gauche sur Rue de Soultz</desc>
    <sym>Dot</sym>
    <type>Dot</type>
  </wpt>
  <wpt lat="47.81507" lon="7.17825">
    <name>Straight</name>
    <cmt>Continuez sur Rue de Soultz</cmt>
    <desc>Continuez sur Rue de Soultz</desc>
    <sym>Dot</sym>
    <type>Dot</type>
  </wpt>
  <wpt lat="47.81489" lon="7.17829">
    <name>Straight</name>
    <cmt>Au rond-point, prenez la 1e sortie vers Rond-Point Ceslav Sieradzki</cmt>
    <desc>Au rond-point, prenez la 1e sortie vers Rond-Point Ceslav Sieradzki</desc>
    <sym>Dot</sym>
    <type>Dot</type>
  </wpt>
  <wpt lat="47.80885" lon="7.17566">
    <name>Slight Right</name>
    <cmt>Tournez légèrement à droite sur Rue Poincaré et conduisez vers A 36, Mulhouse, Belfort</cmt>
    <desc>Tournez légèrement à droite sur Rue Poincaré et conduisez vers A 36, Mulhouse, Belfort</desc>
    <sym>Dot</sym>
    <type>Dot</type>
  </wpt>
  <wpt lat="47.80738" lon="7.17557">
    <name>Right</name>
    <cmt>Tournez à droite sur Rue Poincaré</cmt>
    <desc>Tournez à droite sur Rue Poincaré</desc>
    <sym>Dot</sym>
    <type>Dot</type>
  </wpt>
  <wpt lat="47.80329" lon="7.17636">
    <name>Right</name>
    <cmt>Tournez à droite sur Faubourg de Belfort et conduisez vers A 36, Toutes Directions, Quartier Sud, Gare S.N.C.F.</cmt>
    <desc>Tournez à droite sur Faubourg de Belfort et conduisez vers A 36, Toutes Directions, Quartier Sud, Gare S.N.C.F.</desc>
    <sym>Dot</sym>
    <type>Dot</type>
  </wpt>
  <wpt lat="47.80058" lon="7.17505">
    <name>Right</name>
    <cmt>Tournez à droite sur Rue d'Aspach et conduisez vers Deutscher Soldaten Friedhof 1914-1918, Cimetière Militaire Allemand, Train Touristique</cmt>
    <desc>Tournez à droite sur Rue d'Aspach et conduisez vers Deutscher Soldaten Friedhof 1914-1918, Cimetière Militaire Allemand, Train Touristique</desc>
    <sym>Dot</sym>
    <type>Dot</type>
  </wpt>
  <wpt lat="47.79669" lon="7.16084">
    <name>Straight</name>
    <cmt>Au rond-point, prenez la 2e sortie vers Rue d'Aspach</cmt>
    <desc>Au rond-point, prenez la 2e sortie vers Rue d'Aspach</desc>
    <sym>Dot</sym>
    <type>Dot</type>
  </wpt>
  <wpt lat="47.79636" lon="7.16036">
    <name>Right</name>
    <cmt>Tournez à droite</cmt>
    <desc>Tournez à droite</desc>
    <sym>Dot</sym>
    <type>Dot</type>
  </wpt>
  <wpt lat="47.79563" lon="7.15935">
    <name>Slight Right</name>
    <cmt>Restez sur la droite</cmt>
    <desc>Restez sur la droite</desc>
    <sym>Dot</sym>
    <type>Dot</type>
  </wpt>
  <wpt lat="47.7885" lon="7.15329">
    <name>Slight Right</name>
    <cmt>Tournez légèrement à droite</cmt>
    <desc>Tournez légèrement à droite</desc>
    <sym>Dot</sym>
    <type>Dot</type>
  </wpt>
  <wpt lat="47.776" lon="7.14609">
    <name>Slight Left</name>
    <cmt>Tournez légèrement à gauche</cmt>
    <desc>Tournez légèrement à gauche</desc>
    <sym>Dot</sym>
    <type>Dot</type>
  </wpt>
  <wpt lat="47.76238" lon="7.1501">
    <name>Left</name>
    <cmt>Tournez à gauche sur Rue de Thann</cmt>
    <desc>Tournez à gauche sur Rue de Thann</desc>
    <sym>Dot</sym>
    <type>Dot</type>
  </wpt>
  <wpt lat="47.96704480674879" lon="7.303328426008704">
    <name>Bike &amp; Beer</name>
    <cmt>bike_shop</cmt>
    <sym>Dot</sym>
    <type>gear</type>
  </wpt>
  <wpt lat="47.95919437827325" lon="7.2420096314321825">
    <name>Château de Wagenbourg</name>
    <cmt>monument</cmt>
    <sym>Dot</sym>
    <type>info</type>
  </wpt>
  <wpt lat="47.8809205389353" lon="7.213732549759698">
    <name>Domaine Robert Roth</name>
    <cmt>winery</cmt>
    <sym>Dot</sym>
    <type>food</type>
  </wpt>
  <wpt lat="47.87380187382047" lon="7.217081355622867">
    <name>LA cave du vieil Armand</name>
    <cmt>winery</cmt>
    <sym>Dot</sym>
    <type>food</type>
  </wpt>
  <trk>
    <name>Jour 7 - Colmar @ Aspach-le-Bas</name>
    <trkseg>
      <trkpt lat="48.07781" lon="7.36093">
        <ele>195.0</ele>
      </trkpt>
      <trkpt lat="48.07824" lon="7.36019">
        <ele>195.0</ele>
      </trkpt>
      <trkpt lat="48.07866" lon="7.35946">
        <ele>194.6</ele>
      </trkpt>
      <trkpt lat="48.0788" lon="7.35915">
        <ele>194.3</ele>
      </trkpt>
      <trkpt lat="48.07892" lon="7.35883">
        <ele>194.2</ele>
      </trkpt>
      <trkpt lat="48.07896" lon="7.35866">
        <ele>194.2</ele>
      </trkpt>
      <trkpt lat="48.07913" lon="7.35771">
        <ele>195.6</ele>
      </trkpt>
      <trkpt lat="48.07916" lon="7.3574">
        <ele>196.0</ele>
      </trkpt>
      <trkpt lat="48.07916" lon="7.35679">
        <ele>196.0</ele>
      </trkpt>
      <trkpt lat="48.07916" lon="7.35679">
        <ele>196.0</ele>
      </trkpt>
      <trkpt lat="48.0791" lon="7.35662">
        <ele>196.1</ele>
      </trkpt>
      <trkpt lat="48.07916" lon="7.35653">
        <ele>196.2</ele>
      </trkpt>
      <trkpt lat="48.07918" lon="7.35638">
        <ele>196.3</ele>
      </trkpt>
      <trkpt lat="48.07926" lon="7.35585">
        <ele>196.8</ele>
      </trkpt>
      <trkpt lat="48.07926" lon="7.35585">
        <ele>196.8</ele>
      </trkpt>
      <trkpt lat="48.07937" lon="7.35515">
        <ele>196.9</ele>
      </trkpt>
      <trkpt lat="48.07935" lon="7.35502">
        <ele>197.0</ele>
      </trkpt>
      <trkpt lat="48.07931" lon="7.35495">
        <ele>197.0</ele>
      </trkpt>
      <trkpt lat="48.07931" lon="7.35495">
        <ele>197.0</ele>
      </trkpt>
      <trkpt lat="48.07933" lon="7.35487">
        <ele>197.0</ele>
      </trkpt>
      <trkpt lat="48.07942" lon="7.35441">
        <ele>197.0</ele>
      </trkpt>
      <trkpt lat="48.07963" lon="7.3532">
        <ele>197.8</ele>
      </trkpt>
      <trkpt lat="48.07958" lon="7.35317">
        <ele>197.8</ele>
      </trkpt>
      <trkpt lat="48.07958" lon="7.35317">
        <ele>197.8</ele>
      </trkpt>
      <trkpt lat="48.07911" lon="7.3529">
        <ele>197.9</ele>
      </trkpt>
      <trkpt lat="48.07865" lon="7.35276">
        <ele>197.4</ele>
      </trkpt>
      <trkpt lat="48.07866" lon="7.35271">
        <ele>197.4</ele>
      </trkpt>
      <trkpt lat="48.07866" lon="7.35257">
        <ele>197.4</ele>
      </trkpt>
      <trkpt lat="48.07861" lon="7.35246">
        <ele>197.3</ele>
      </trkpt>
      <trkpt lat="48.07851" lon="7.35215">
        <ele>197.0</ele>
      </trkpt>
      <trkpt lat="48.07851" lon="7.35211">
        <ele>196.9</ele>
      </trkpt>
      <trkpt lat="48.07853" lon="7.35194">
        <ele>196.9</ele>
      </trkpt>
      <trkpt lat="48.07856" lon="7.35181">
        <ele>196.9</ele>
      </trkpt>
      <trkpt lat="48.07864" lon="7.35139">
        <ele>197.5</ele>
      </trkpt>
      <trkpt lat="48.07874" lon="7.35105">
        <ele>198.2</ele>
      </trkpt>
      <trkpt lat="48.07894" lon="7.35047">
        <ele>198.6</ele>
      </trkpt>
      <trkpt lat="48.079" lon="7.35026">
        <ele>198.5</ele>
      </trkpt>
      <trkpt lat="48.07903" lon="7.35014">
        <ele>198.4</ele>
      </trkpt>
      <trkpt lat="48.07904" lon="7.35006">
        <ele>198.3</ele>
      </trkpt>
      <trkpt lat="48.07905" lon="7.34982">
        <ele>198.3</ele>
      </trkpt>
      <trkpt lat="48.07905" lon="7.34972">
        <ele>198.2</ele>
      </trkpt>
      <trkpt lat="48.07905" lon="7.34972">
        <ele>198.2</ele>
      </trkpt>
      <trkpt lat="48.07905" lon="7.34972">
        <ele>198.2</ele>
      </trkpt>
      <trkpt lat="48.07903" lon="7.34942">
        <ele>198.2</ele>
      </trkpt>
      <trkpt lat="48.07904" lon="7.34928">
        <ele>198.1</ele>
      </trkpt>
      <trkpt lat="48.07905" lon="7.34923">
        <ele>198.1</ele>
      </trkpt>
      <trkpt lat="48.07894" lon="7.34916">
        <ele>198.0</ele>
      </trkpt>
      <trkpt lat="48.07894" lon="7.34916">
        <ele>198.0</ele>
      </trkpt>
      <trkpt lat="48.07889" lon="7.34903">
        <ele>198.0</ele>
      </trkpt>
      <trkpt lat="48.07884" lon="7.34893">
        <ele>198.0</ele>
      </trkpt>
      <trkpt lat="48.07878" lon="7.34883">
        <ele>197.9</ele>
      </trkpt>
      <trkpt lat="48.07865" lon="7.34868">
        <ele>197.9</ele>
      </trkpt>
      <trkpt lat="48.07858" lon="7.34862">
        <ele>197.8</ele>
      </trkpt>
      <trkpt lat="48.07839" lon="7.34851">
        <ele>197.8</ele>
      </trkpt>
      <trkpt lat="48.07793" lon="7.34825">
        <ele>197.6</ele>
      </trkpt>
      <trkpt lat="48.07748" lon="7.34798">
        <ele>197.9</ele>
      </trkpt>
      <trkpt lat="48.07748" lon="7.34798">
        <ele>197.9</ele>
      </trkpt>
      <trkpt lat="48.07734" lon="7.34791">
        <ele>197.6</ele>
      </trkpt>
      <trkpt lat="48.07731" lon="7.34785">
        <ele>197.6</ele>
      </trkpt>
      <trkpt lat="48.07729" lon="7.34783">
        <ele>197.5</ele>
      </trkpt>
      <trkpt lat="48.07726" lon="7.34781">
        <ele>197.5</ele>
      </trkpt>
      <trkpt lat="48.07722" lon="7.34782">
        <ele>197.4</ele>
      </trkpt>
      <trkpt lat="48.07721" lon="7.34784">
        <ele>197.4</ele>
      </trkpt>
      <trkpt lat="48.0772" lon="7.34787">
        <ele>197.3</ele>
      </trkpt>
      <trkpt lat="48.07661" lon="7.3475">
        <ele>197.1</ele>
      </trkpt>
      <trkpt lat="48.07661" lon="7.3475">
        <ele>197.1</ele>
      </trkpt>
      <trkpt lat="48.07639" lon="7.34736">
        <ele>197.7</ele>
      </trkpt>
      <trkpt lat="48.07618" lon="7.34721">
        <ele>198.4</ele>
      </trkpt>
      <trkpt lat="48.076" lon="7.34701">
        <ele>199.1</ele>
      </trkpt>
      <trkpt lat="48.07556" lon="7.34612">
        <ele>198.9</ele>
      </trkpt>
      <trkpt lat="48.07556" lon="7.34612">
        <ele>198.9</ele>
      </trkpt>
      <trkpt lat="48.07535" lon="7.34569">
        <ele>199.0</ele>
      </trkpt>
      <trkpt lat="48.07511" lon="7.34516">
        <ele>198.3</ele>
      </trkpt>
      <trkpt lat="48.07487" lon="7.34465">
        <ele>197.0</ele>
      </trkpt>
      <trkpt lat="48.07487" lon="7.34465">
        <ele>197.0</ele>
      </trkpt>
      <trkpt lat="48.07493" lon="7.34455">
        <ele>196.8</ele>
      </trkpt>
      <trkpt lat="48.07494" lon="7.34442">
        <ele>196.6</ele>
      </trkpt>
      <trkpt lat="48.07489" lon="7.3443">
        <ele>196.3</ele>
      </trkpt>
      <trkpt lat="48.0748" lon="7.34425">
        <ele>196.2</ele>
      </trkpt>
      <trkpt lat="48.07476" lon="7.34426">
        <ele>196.2</ele>
      </trkpt>
      <trkpt lat="48.07473" lon="7.34417">
        <ele>196.0</ele>
      </trkpt>
      <trkpt lat="48.07473" lon="7.34417">
        <ele>196.0</ele>
      </trkpt>
      <trkpt lat="48.07435" lon="7.34317">
        <ele>198.5</ele>
      </trkpt>
      <trkpt lat="48.07396" lon="7.34216">
        <ele>197.7</ele>
      </trkpt>
      <trkpt lat="48.07396" lon="7.34216">
        <ele>197.7</ele>
      </trkpt>
      <trkpt lat="48.07391" lon="7.34203">
        <ele>197.6</ele>
      </trkpt>
      <trkpt lat="48.07373" lon="7.34156">
        <ele>197.7</ele>
      </trkpt>
      <trkpt lat="48.07346" lon="7.34094">
        <ele>198.7</ele>
      </trkpt>
      <trkpt lat="48.07319" lon="7.34031">
        <ele>199.5</ele>
      </trkpt>
      <trkpt lat="48.07319" lon="7.34031">
        <ele>199.5</ele>
      </trkpt>
      <trkpt lat="48.07273" lon="7.33921">
        <ele>197.2</ele>
      </trkpt>
      <trkpt lat="48.07269" lon="7.33915">
        <ele>196.9</ele>
      </trkpt>
      <trkpt lat="48.07268" lon="7.3391">
        <ele>196.8</ele>
      </trkpt>
      <trkpt lat="48.0727" lon="7.33902">
        <ele>196.9</ele>
      </trkpt>
      <trkpt lat="48.07268" lon="7.33895">
        <ele>196.8</ele>
      </trkpt>
      <trkpt lat="48.07263" lon="7.33891">
        <ele>196.5</ele>
      </trkpt>
      <trkpt lat="48.07261" lon="7.33891">
        <ele>196.4</ele>
      </trkpt>
      <trkpt lat="48.07257" lon="7.33886">
        <ele>196.3</ele>
      </trkpt>
      <trkpt lat="48.07255" lon="7.33879">
        <ele>196.2</ele>
      </trkpt>
      <trkpt lat="48.07255" lon="7.33879">
        <ele>196.2</ele>
      </trkpt>
      <trkpt lat="48.07254" lon="7.33874">
        <ele>196.1</ele>
      </trkpt>
      <trkpt lat="48.07218" lon="7.33792">
        <ele>197.3</ele>
      </trkpt>
      <trkpt lat="48.07182" lon="7.33709">
        <ele>199.0</ele>
      </trkpt>
      <trkpt lat="48.07182" lon="7.33709">
        <ele>199.0</ele>
      </trkpt>
      <trkpt lat="48.0714" lon="7.33612">
        <ele>199.2</ele>
      </trkpt>
      <trkpt lat="48.07135" lon="7.33603">
        <ele>199.1</ele>
      </trkpt>
      <trkpt lat="48.07134" lon="7.33594">
        <ele>199.1</ele>
      </trkpt>
      <trkpt lat="48.07135" lon="7.3359">
        <ele>199.0</ele>
      </trkpt>
      <trkpt lat="48.07133" lon="7.33583">
        <ele>199.0</ele>
      </trkpt>
      <trkpt lat="48.07128" lon="7.33578">
        <ele>199.0</ele>
      </trkpt>
      <trkpt lat="48.07123" lon="7.33576">
        <ele>199.0</ele>
      </trkpt>
      <trkpt lat="48.07118" lon="7.33569">
        <ele>199.0</ele>
      </trkpt>
      <trkpt lat="48.07116" lon="7.33562">
        <ele>199.0</ele>
      </trkpt>
      <trkpt lat="48.07116" lon="7.33562">
        <ele>199.0</ele>
      </trkpt>
      <trkpt lat="48.07116" lon="7.33557">
        <ele>199.0</ele>
      </trkpt>
      <trkpt lat="48.07086" lon="7.33486">
        <ele>199.0</ele>
      </trkpt>
      <trkpt lat="48.07057" lon="7.33415">
        <ele>199.4</ele>
      </trkpt>
      <trkpt lat="48.07057" lon="7.33415">
        <ele>199.4</ele>
      </trkpt>
      <trkpt lat="48.07047" lon="7.33397">
        <ele>199.9</ele>
      </trkpt>
      <trkpt lat="48.07046" lon="7.33388">
        <ele>200.2</ele>
      </trkpt>
      <trkpt lat="48.07045" lon="7.33378">
        <ele>200.4</ele>
      </trkpt>
      <trkpt lat="48.07045" lon="7.33374">
        <ele>200.5</ele>
      </trkpt>
      <trkpt lat="48.07044" lon="7.33369">
        <ele>200.6</ele>
      </trkpt>
      <trkpt lat="48.07042" lon="7.33366">
        <ele>200.7</ele>
      </trkpt>
      <trkpt lat="48.0704" lon="7.33363">
        <ele>200.8</ele>
      </trkpt>
      <trkpt lat="48.07037" lon="7.33362">
        <ele>200.8</ele>
      </trkpt>
      <trkpt lat="48.07033" lon="7.33357">
        <ele>200.9</ele>
      </trkpt>
      <trkpt lat="48.07026" lon="7.33343">
        <ele>201.1</ele>
      </trkpt>
      <trkpt lat="48.07024" lon="7.33333">
        <ele>201.3</ele>
      </trkpt>
      <trkpt lat="48.07015" lon="7.33311">
        <ele>201.4</ele>
      </trkpt>
      <trkpt lat="48.07015" lon="7.33311">
        <ele>201.4</ele>
      </trkpt>
      <trkpt lat="48.06992" lon="7.33253">
        <ele>202.0</ele>
      </trkpt>
      <trkpt lat="48.06958" lon="7.33166">
        <ele>201.5</ele>
      </trkpt>
      <trkpt lat="48.06958" lon="7.33166">
        <ele>201.5</ele>
      </trkpt>
      <trkpt lat="48.06953" lon="7.33155">
        <ele>201.7</ele>
      </trkpt>
      <trkpt lat="48.06951" lon="7.33145">
        <ele>201.8</ele>
      </trkpt>
      <trkpt lat="48.06952" lon="7.33142">
        <ele>201.8</ele>
      </trkpt>
      <trkpt lat="48.06954" lon="7.33133">
        <ele>201.9</ele>
      </trkpt>
      <trkpt lat="48.06953" lon="7.33127">
        <ele>202.0</ele>
      </trkpt>
      <trkpt lat="48.06951" lon="7.33121">
        <ele>202.0</ele>
      </trkpt>
      <trkpt lat="48.06947" lon="7.33117">
        <ele>202.1</ele>
      </trkpt>
      <trkpt lat="48.06943" lon="7.33116">
        <ele>202.1</ele>
      </trkpt>
      <trkpt lat="48.06938" lon="7.33098">
        <ele>202.2</ele>
      </trkpt>
      <trkpt lat="48.06938" lon="7.33098">
        <ele>202.2</ele>
      </trkpt>
      <trkpt lat="48.06928" lon="7.33064">
        <ele>201.8</ele>
      </trkpt>
      <trkpt lat="48.06908" lon="7.32992">
        <ele>200.4</ele>
      </trkpt>
      <trkpt lat="48.06888" lon="7.3292">
        <ele>201.9</ele>
      </trkpt>
      <trkpt lat="48.06881" lon="7.32891">
        <ele>202.1</ele>
      </trkpt>
      <trkpt lat="48.06881" lon="7.32891">
        <ele>202.1</ele>
      </trkpt>
      <trkpt lat="48.06851" lon="7.32781">
        <ele>202.8</ele>
      </trkpt>
      <trkpt lat="48.06821" lon="7.32671">
        <ele>203.0</ele>
      </trkpt>
      <trkpt lat="48.06821" lon="7.32671">
        <ele>203.0</ele>
      </trkpt>
      <trkpt lat="48.06801" lon="7.32596">
        <ele>203.5</ele>
      </trkpt>
      <trkpt lat="48.06769" lon="7.32496">
        <ele>202.0</ele>
      </trkpt>
      <trkpt lat="48.06758" lon="7.32456">
        <ele>202.0</ele>
      </trkpt>
      <trkpt lat="48.06755" lon="7.32445">
        <ele>202.0</ele>
      </trkpt>
      <trkpt lat="48.06741" lon="7.32406">
        <ele>202.0</ele>
      </trkpt>
      <trkpt lat="48.06739" lon="7.32391">
        <ele>202.2</ele>
      </trkpt>
      <trkpt lat="48.0674" lon="7.32378">
        <ele>202.3</ele>
      </trkpt>
      <trkpt lat="48.06744" lon="7.32373">
        <ele>202.5</ele>
      </trkpt>
      <trkpt lat="48.06756" lon="7.3236">
        <ele>202.7</ele>
      </trkpt>
      <trkpt lat="48.06759" lon="7.32361">
        <ele>202.7</ele>
      </trkpt>
      <trkpt lat="48.06765" lon="7.32343">
        <ele>203.0</ele>
      </trkpt>
      <trkpt lat="48.06764" lon="7.3234">
        <ele>203.1</ele>
      </trkpt>
      <trkpt lat="48.06763" lon="7.32333">
        <ele>203.2</ele>
      </trkpt>
      <trkpt lat="48.06762" lon="7.3232">
        <ele>203.1</ele>
      </trkpt>
      <trkpt lat="48.06763" lon="7.32314">
        <ele>203.2</ele>
      </trkpt>
      <trkpt lat="48.06758" lon="7.32301">
        <ele>203.1</ele>
      </trkpt>
      <trkpt lat="48.06753" lon="7.32292">
        <ele>203.0</ele>
      </trkpt>
      <trkpt lat="48.06749" lon="7.32294">
        <ele>203.0</ele>
      </trkpt>
      <trkpt lat="48.06744" lon="7.32296">
        <ele>203.0</ele>
      </trkpt>
      <trkpt lat="48.06741" lon="7.32293">
        <ele>202.9</ele>
      </trkpt>
      <trkpt lat="48.06738" lon="7.32287">
        <ele>202.9</ele>
      </trkpt>
      <trkpt lat="48.06736" lon="7.32279">
        <ele>202.9</ele>
      </trkpt>
      <trkpt lat="48.06736" lon="7.32258">
        <ele>203.0</ele>
      </trkpt>
      <trkpt lat="48.06738" lon="7.32229">
        <ele>203.3</ele>
      </trkpt>
      <trkpt lat="48.06748" lon="7.32142">
        <ele>204.0</ele>
      </trkpt>
      <trkpt lat="48.06763" lon="7.32034">
        <ele>205.3</ele>
      </trkpt>
      <trkpt lat="48.0677" lon="7.31964">
        <ele>206.3</ele>
      </trkpt>
      <trkpt lat="48.06776" lon="7.31894">
        <ele>206.9</ele>
      </trkpt>
      <trkpt lat="48.06776" lon="7.31894">
        <ele>206.9</ele>
      </trkpt>
      <trkpt lat="48.06785" lon="7.31793">
        <ele>207.3</ele>
      </trkpt>
      <trkpt lat="48.06795" lon="7.31693">
        <ele>208.6</ele>
      </trkpt>
      <trkpt lat="48.06804" lon="7.31593">
        <ele>209.6</ele>
      </trkpt>
      <trkpt lat="48.06816" lon="7.31491">
        <ele>210.9</ele>
      </trkpt>
      <trkpt lat="48.0683" lon="7.31362">
        <ele>213.9</ele>
      </trkpt>
      <trkpt lat="48.06835" lon="7.31278">
        <ele>214.2</ele>
      </trkpt>
      <trkpt lat="48.06836" lon="7.31204">
        <ele>211.7</ele>
      </trkpt>
      <trkpt lat="48.06838" lon="7.31129">
        <ele>210.5</ele>
      </trkpt>
      <trkpt lat="48.06838" lon="7.3105">
        <ele>211.4</ele>
      </trkpt>
      <trkpt lat="48.06839" lon="7.30971">
        <ele>212.3</ele>
      </trkpt>
      <trkpt lat="48.0684" lon="7.30897">
        <ele>213.2</ele>
      </trkpt>
      <trkpt lat="48.06842" lon="7.30822">
        <ele>213.9</ele>
      </trkpt>
      <trkpt lat="48.0684" lon="7.30748">
        <ele>213.9</ele>
      </trkpt>
      <trkpt lat="48.06837" lon="7.30675">
        <ele>214.0</ele>
      </trkpt>
      <trkpt lat="48.06836" lon="7.30611">
        <ele>215.3</ele>
      </trkpt>
      <trkpt lat="48.06836" lon="7.30611">
        <ele>215.3</ele>
      </trkpt>
      <trkpt lat="48.06835" lon="7.30557">
        <ele>216.0</ele>
      </trkpt>
      <trkpt lat="48.06835" lon="7.30474">
        <ele>216.0</ele>
      </trkpt>
      <trkpt lat="48.06839" lon="7.30434">
        <ele>216.1</ele>
      </trkpt>
      <trkpt lat="48.06855" lon="7.30362">
        <ele>217.0</ele>
      </trkpt>
      <trkpt lat="48.0688" lon="7.30267">
        <ele>217.6</ele>
      </trkpt>
      <trkpt lat="48.06905" lon="7.30172">
        <ele>218.1</ele>
      </trkpt>
      <trkpt lat="48.0693" lon="7.30077">
        <ele>219.2</ele>
      </trkpt>
      <trkpt lat="48.06936" lon="7.30054">
        <ele>219.5</ele>
      </trkpt>
      <trkpt lat="48.06933" lon="7.30054">
        <ele>219.5</ele>
      </trkpt>
      <trkpt lat="48.06932" lon="7.30046">
        <ele>219.5</ele>
      </trkpt>
      <trkpt lat="48.06929" lon="7.30042">
        <ele>219.6</ele>
      </trkpt>
      <trkpt lat="48.06925" lon="7.30041">
        <ele>219.6</ele>
      </trkpt>
      <trkpt lat="48.06921" lon="7.30045">
        <ele>219.5</ele>
      </trkpt>
      <trkpt lat="48.06916" lon="7.30061">
        <ele>219.3</ele>
      </trkpt>
      <trkpt lat="48.06911" lon="7.30062">
        <ele>219.2</ele>
      </trkpt>
      <trkpt lat="48.06911" lon="7.30062">
        <ele>219.2</ele>
      </trkpt>
      <trkpt lat="48.0686" lon="7.30082">
        <ele>219.0</ele>
      </trkpt>
      <trkpt lat="48.06849" lon="7.30085">
        <ele>219.0</ele>
      </trkpt>
      <trkpt lat="48.06839" lon="7.30091">
        <ele>219.0</ele>
      </trkpt>
      <trkpt lat="48.06773" lon="7.30144">
        <ele>218.5</ele>
      </trkpt>
      <trkpt lat="48.06727" lon="7.30173">
        <ele>217.5</ele>
      </trkpt>
      <trkpt lat="48.06727" lon="7.30173">
        <ele>217.5</ele>
      </trkpt>
      <trkpt lat="48.06671" lon="7.30206">
        <ele>216.6</ele>
      </trkpt>
      <trkpt lat="48.06603" lon="7.30244">
        <ele>215.5</ele>
      </trkpt>
      <trkpt lat="48.06538" lon="7.30273">
        <ele>215.4</ele>
      </trkpt>
      <trkpt lat="48.06538" lon="7.30273">
        <ele>215.4</ele>
      </trkpt>
      <trkpt lat="48.06523" lon="7.30281">
        <ele>215.4</ele>
      </trkpt>
      <trkpt lat="48.06522" lon="7.30292">
        <ele>215.1</ele>
      </trkpt>
      <trkpt lat="48.06514" lon="7.30306">
        <ele>214.8</ele>
      </trkpt>
      <trkpt lat="48.06502" lon="7.3036">
        <ele>213.7</ele>
      </trkpt>
      <trkpt lat="48.06489" lon="7.30395">
        <ele>213.3</ele>
      </trkpt>
      <trkpt lat="48.06474" lon="7.30427">
        <ele>212.9</ele>
      </trkpt>
      <trkpt lat="48.0646" lon="7.30449">
        <ele>212.8</ele>
      </trkpt>
      <trkpt lat="48.06429" lon="7.3049">
        <ele>212.9</ele>
      </trkpt>
      <trkpt lat="48.06412" lon="7.3051">
        <ele>212.7</ele>
      </trkpt>
      <trkpt lat="48.06393" lon="7.30526">
        <ele>212.0</ele>
      </trkpt>
      <trkpt lat="48.06393" lon="7.30526">
        <ele>212.0</ele>
      </trkpt>
      <trkpt lat="48.06368" lon="7.30545">
        <ele>211.3</ele>
      </trkpt>
      <trkpt lat="48.06338" lon="7.30564">
        <ele>210.9</ele>
      </trkpt>
      <trkpt lat="48.06286" lon="7.30593">
        <ele>211.0</ele>
      </trkpt>
      <trkpt lat="48.06273" lon="7.30601">
        <ele>211.0</ele>
      </trkpt>
      <trkpt lat="48.06267" lon="7.30607">
        <ele>211.0</ele>
      </trkpt>
      <trkpt lat="48.06259" lon="7.30622">
        <ele>211.0</ele>
      </trkpt>
      <trkpt lat="48.06254" lon="7.30634">
        <ele>211.0</ele>
      </trkpt>
      <trkpt lat="48.06239" lon="7.30685">
        <ele>210.8</ele>
      </trkpt>
      <trkpt lat="48.06172" lon="7.30629">
        <ele>211.4</ele>
      </trkpt>
      <trkpt lat="48.06172" lon="7.30629">
        <ele>211.4</ele>
      </trkpt>
      <trkpt lat="48.06166" lon="7.30624">
        <ele>211.5</ele>
      </trkpt>
      <trkpt lat="48.06164" lon="7.30621">
        <ele>211.5</ele>
      </trkpt>
      <trkpt lat="48.06157" lon="7.30625">
        <ele>211.3</ele>
      </trkpt>
      <trkpt lat="48.06153" lon="7.30626">
        <ele>211.2</ele>
      </trkpt>
      <trkpt lat="48.06147" lon="7.30626">
        <ele>211.1</ele>
      </trkpt>
      <trkpt lat="48.06111" lon="7.30615">
        <ele>210.5</ele>
      </trkpt>
      <trkpt lat="48.0604" lon="7.30611">
        <ele>209.5</ele>
      </trkpt>
      <trkpt lat="48.06017" lon="7.30608">
        <ele>209.2</ele>
      </trkpt>
      <trkpt lat="48.0598" lon="7.30607">
        <ele>208.9</ele>
      </trkpt>
      <trkpt lat="48.05949" lon="7.3061">
        <ele>208.8</ele>
      </trkpt>
      <trkpt lat="48.05894" lon="7.30609">
        <ele>208.2</ele>
      </trkpt>
      <trkpt lat="48.0584" lon="7.30608">
        <ele>207.1</ele>
      </trkpt>
      <trkpt lat="48.05755" lon="7.30606">
        <ele>205.5</ele>
      </trkpt>
      <trkpt lat="48.05707" lon="7.30598">
        <ele>205.0</ele>
      </trkpt>
      <trkpt lat="48.05659" lon="7.30591">
        <ele>204.6</ele>
      </trkpt>
      <trkpt lat="48.05643" lon="7.30586">
        <ele>204.4</ele>
      </trkpt>
      <trkpt lat="48.05594" lon="7.30577">
        <ele>203.3</ele>
      </trkpt>
      <trkpt lat="48.05544" lon="7.30569">
        <ele>202.7</ele>
      </trkpt>
      <trkpt lat="48.0554" lon="7.30568">
        <ele>202.7</ele>
      </trkpt>
      <trkpt lat="48.05502" lon="7.30573">
        <ele>202.1</ele>
      </trkpt>
      <trkpt lat="48.05496" lon="7.30573">
        <ele>202.2</ele>
      </trkpt>
      <trkpt lat="48.05496" lon="7.30573">
        <ele>202.2</ele>
      </trkpt>
      <trkpt lat="48.05496" lon="7.30564">
        <ele>202.3</ele>
      </trkpt>
      <trkpt lat="48.05493" lon="7.30562">
        <ele>202.4</ele>
      </trkpt>
      <trkpt lat="48.05486" lon="7.3055">
        <ele>202.6</ele>
      </trkpt>
      <trkpt lat="48.05482" lon="7.30549">
        <ele>202.7</ele>
      </trkpt>
      <trkpt lat="48.05491" lon="7.30475">
        <ele>204.3</ele>
      </trkpt>
      <trkpt lat="48.05418" lon="7.3046">
        <ele>205.5</ele>
      </trkpt>
      <trkpt lat="48.05418" lon="7.3046">
        <ele>205.5</ele>
      </trkpt>
      <trkpt lat="48.0539" lon="7.30456">
        <ele>205.1</ele>
      </trkpt>
      <trkpt lat="48.0534" lon="7.30452">
        <ele>204.3</ele>
      </trkpt>
      <trkpt lat="48.05329" lon="7.30452">
        <ele>204.4</ele>
      </trkpt>
      <trkpt lat="48.05323" lon="7.30454">
        <ele>204.6</ele>
      </trkpt>
      <trkpt lat="48.05318" lon="7.30457">
        <ele>204.8</ele>
      </trkpt>
      <trkpt lat="48.05314" lon="7.30461">
        <ele>204.9</ele>
      </trkpt>
      <trkpt lat="48.05263" lon="7.30544">
        <ele>205.0</ele>
      </trkpt>
      <trkpt lat="48.05249" lon="7.30581">
        <ele>204.2</ele>
      </trkpt>
      <trkpt lat="48.05244" lon="7.30592">
        <ele>204.1</ele>
      </trkpt>
      <trkpt lat="48.05236" lon="7.30608">
        <ele>204.2</ele>
      </trkpt>
      <trkpt lat="48.05218" lon="7.3063">
        <ele>204.8</ele>
      </trkpt>
      <trkpt lat="48.05208" lon="7.30641">
        <ele>205.3</ele>
      </trkpt>
      <trkpt lat="48.05179" lon="7.30667">
        <ele>206.9</ele>
      </trkpt>
      <trkpt lat="48.05151" lon="7.30689">
        <ele>206.7</ele>
      </trkpt>
      <trkpt lat="48.05128" lon="7.30701">
        <ele>205.7</ele>
      </trkpt>
      <trkpt lat="48.05096" lon="7.30713">
        <ele>204.5</ele>
      </trkpt>
      <trkpt lat="48.05028" lon="7.30729">
        <ele>201.6</ele>
      </trkpt>
      <trkpt lat="48.0501" lon="7.3073">
        <ele>201.0</ele>
      </trkpt>
      <trkpt lat="48.04972" lon="7.30724">
        <ele>199.3</ele>
      </trkpt>
      <trkpt lat="48.04921" lon="7.30709">
        <ele>196.3</ele>
      </trkpt>
      <trkpt lat="48.04921" lon="7.30709">
        <ele>196.3</ele>
      </trkpt>
      <trkpt lat="48.04882" lon="7.30697">
        <ele>196.3</ele>
      </trkpt>
      <trkpt lat="48.04847" lon="7.30691">
        <ele>196.6</ele>
      </trkpt>
      <trkpt lat="48.04812" lon="7.30688">
        <ele>197.3</ele>
      </trkpt>
      <trkpt lat="48.0479" lon="7.30691">
        <ele>197.7</ele>
      </trkpt>
      <trkpt lat="48.04714" lon="7.3071">
        <ele>199.8</ele>
      </trkpt>
      <trkpt lat="48.04695" lon="7.30713">
        <ele>200.4</ele>
      </trkpt>
      <trkpt lat="48.04635" lon="7.30717">
        <ele>201.6</ele>
      </trkpt>
      <trkpt lat="48.0463" lon="7.30719">
        <ele>201.6</ele>
      </trkpt>
      <trkpt lat="48.04626" lon="7.30722">
        <ele>201.7</ele>
      </trkpt>
      <trkpt lat="48.04623" lon="7.30728">
        <ele>201.6</ele>
      </trkpt>
      <trkpt lat="48.04626" lon="7.30744">
        <ele>201.5</ele>
      </trkpt>
      <trkpt lat="48.04625" lon="7.30773">
        <ele>200.9</ele>
      </trkpt>
      <trkpt lat="48.04622" lon="7.30804">
        <ele>200.2</ele>
      </trkpt>
      <trkpt lat="48.04622" lon="7.30804">
        <ele>200.2</ele>
      </trkpt>
      <trkpt lat="48.04618" lon="7.30841">
        <ele>199.5</ele>
      </trkpt>
      <trkpt lat="48.04604" lon="7.30916">
        <ele>198.3</ele>
      </trkpt>
      <trkpt lat="48.04591" lon="7.30991">
        <ele>197.2</ele>
      </trkpt>
      <trkpt lat="48.04591" lon="7.31">
        <ele>197.1</ele>
      </trkpt>
      <trkpt lat="48.04592" lon="7.31017">
        <ele>197.1</ele>
      </trkpt>
      <trkpt lat="48.04588" lon="7.31019">
        <ele>197.0</ele>
      </trkpt>
      <trkpt lat="48.04584" lon="7.31023">
        <ele>197.0</ele>
      </trkpt>
      <trkpt lat="48.04579" lon="7.31029">
        <ele>197.1</ele>
      </trkpt>
      <trkpt lat="48.04574" lon="7.31037">
        <ele>197.1</ele>
      </trkpt>
      <trkpt lat="48.0451" lon="7.3106">
        <ele>197.9</ele>
      </trkpt>
      <trkpt lat="48.0451" lon="7.3106">
        <ele>197.9</ele>
      </trkpt>
      <trkpt lat="48.04496" lon="7.31067">
        <ele>198.0</ele>
      </trkpt>
      <trkpt lat="48.04482" lon="7.31076">
        <ele>198.0</ele>
      </trkpt>
      <trkpt lat="48.04459" lon="7.31095">
        <ele>197.6</ele>
      </trkpt>
      <trkpt lat="48.04396" lon="7.31153">
        <ele>196.9</ele>
      </trkpt>
      <trkpt lat="48.04375" lon="7.3118">
        <ele>196.8</ele>
      </trkpt>
      <trkpt lat="48.04366" lon="7.31189">
        <ele>196.9</ele>
      </trkpt>
      <trkpt lat="48.04361" lon="7.31192">
        <ele>196.9</ele>
      </trkpt>
      <trkpt lat="48.04362" lon="7.31202">
        <ele>196.8</ele>
      </trkpt>
      <trkpt lat="48.0436" lon="7.31222">
        <ele>196.5</ele>
      </trkpt>
      <trkpt lat="48.04352" lon="7.31252">
        <ele>196.0</ele>
      </trkpt>
      <trkpt lat="48.04343" lon="7.31282">
        <ele>196.0</ele>
      </trkpt>
      <trkpt lat="48.04342" lon="7.31293">
        <ele>196.0</ele>
      </trkpt>
      <trkpt lat="48.04348" lon="7.31351">
        <ele>195.8</ele>
      </trkpt>
      <trkpt lat="48.04343" lon="7.31409">
        <ele>195.0</ele>
      </trkpt>
      <trkpt lat="48.04332" lon="7.31499">
        <ele>194.0</ele>
      </trkpt>
      <trkpt lat="48.04323" lon="7.31551">
        <ele>193.8</ele>
      </trkpt>
      <trkpt lat="48.04319" lon="7.31577">
        <ele>193.7</ele>
      </trkpt>
      <trkpt lat="48.0429" lon="7.31686">
        <ele>192.0</ele>
      </trkpt>
      <trkpt lat="48.04285" lon="7.31726">
        <ele>192.0</ele>
      </trkpt>
      <trkpt lat="48.04285" lon="7.31726">
        <ele>192.0</ele>
      </trkpt>
      <trkpt lat="48.0427" lon="7.3183">
        <ele>191.5</ele>
      </trkpt>
      <trkpt lat="48.04255" lon="7.31934">
        <ele>191.7</ele>
      </trkpt>
      <trkpt lat="48.04244" lon="7.32">
        <ele>190.9</ele>
      </trkpt>
      <trkpt lat="48.04233" lon="7.32067">
        <ele>190.2</ele>
      </trkpt>
      <trkpt lat="48.04216" lon="7.32191">
        <ele>189.3</ele>
      </trkpt>
      <trkpt lat="48.04212" lon="7.32203">
        <ele>189.3</ele>
      </trkpt>
      <trkpt lat="48.04148" lon="7.32173">
        <ele>189.9</ele>
      </trkpt>
      <trkpt lat="48.04083" lon="7.32144">
        <ele>190.0</ele>
      </trkpt>
      <trkpt lat="48.04083" lon="7.32144">
        <ele>190.0</ele>
      </trkpt>
      <trkpt lat="48.04082" lon="7.32143">
        <ele>190.0</ele>
      </trkpt>
      <trkpt lat="48.04077" lon="7.32136">
        <ele>190.1</ele>
      </trkpt>
      <trkpt lat="48.0408" lon="7.32083">
        <ele>190.0</ele>
      </trkpt>
      <trkpt lat="48.04077" lon="7.32063">
        <ele>190.3</ele>
      </trkpt>
      <trkpt lat="48.04067" lon="7.32043">
        <ele>190.4</ele>
      </trkpt>
      <trkpt lat="48.04064" lon="7.3204">
        <ele>190.4</ele>
      </trkpt>
      <trkpt lat="48.04066" lon="7.32033">
        <ele>190.4</ele>
      </trkpt>
      <trkpt lat="48.04066" lon="7.32028">
        <ele>190.5</ele>
      </trkpt>
      <trkpt lat="48.04058" lon="7.32016">
        <ele>190.4</ele>
      </trkpt>
      <trkpt lat="48.04053" lon="7.32005">
        <ele>190.3</ele>
      </trkpt>
      <trkpt lat="48.04051" lon="7.32002">
        <ele>190.2</ele>
      </trkpt>
      <trkpt lat="48.04045" lon="7.32001">
        <ele>190.1</ele>
      </trkpt>
      <trkpt lat="48.04041" lon="7.32002">
        <ele>190.0</ele>
      </trkpt>
      <trkpt lat="48.04035" lon="7.3201">
        <ele>189.9</ele>
      </trkpt>
      <trkpt lat="48.04032" lon="7.32011">
        <ele>189.9</ele>
      </trkpt>
      <trkpt lat="48.04004" lon="7.32003">
        <ele>189.2</ele>
      </trkpt>
      <trkpt lat="48.03997" lon="7.32004">
        <ele>189.1</ele>
      </trkpt>
      <trkpt lat="48.03992" lon="7.32007">
        <ele>189.2</ele>
      </trkpt>
      <trkpt lat="48.03968" lon="7.32032">
        <ele>189.9</ele>
      </trkpt>
      <trkpt lat="48.03963" lon="7.32035">
        <ele>189.9</ele>
      </trkpt>
      <trkpt lat="48.03957" lon="7.32036">
        <ele>189.9</ele>
      </trkpt>
      <trkpt lat="48.03951" lon="7.32037">
        <ele>190.0</ele>
      </trkpt>
      <trkpt lat="48.03939" lon="7.32033">
        <ele>189.9</ele>
      </trkpt>
      <trkpt lat="48.03918" lon="7.32023">
        <ele>190.0</ele>
      </trkpt>
      <trkpt lat="48.03907" lon="7.32025">
        <ele>189.9</ele>
      </trkpt>
      <trkpt lat="48.03899" lon="7.3203">
        <ele>189.8</ele>
      </trkpt>
      <trkpt lat="48.03897" lon="7.32033">
        <ele>189.8</ele>
      </trkpt>
      <trkpt lat="48.03897" lon="7.32033">
        <ele>189.8</ele>
      </trkpt>
      <trkpt lat="48.03892" lon="7.32045">
        <ele>189.7</ele>
      </trkpt>
      <trkpt lat="48.03889" lon="7.32049">
        <ele>189.6</ele>
      </trkpt>
      <trkpt lat="48.03885" lon="7.32051">
        <ele>189.5</ele>
      </trkpt>
      <trkpt lat="48.03879" lon="7.32052">
        <ele>189.4</ele>
      </trkpt>
      <trkpt lat="48.03874" lon="7.32051">
        <ele>189.4</ele>
      </trkpt>
      <trkpt lat="48.03826" lon="7.32024">
        <ele>189.5</ele>
      </trkpt>
      <trkpt lat="48.03778" lon="7.31997">
        <ele>190.7</ele>
      </trkpt>
      <trkpt lat="48.0371" lon="7.31958">
        <ele>190.8</ele>
      </trkpt>
      <trkpt lat="48.03643" lon="7.3192">
        <ele>190.7</ele>
      </trkpt>
      <trkpt lat="48.03575" lon="7.31881">
        <ele>189.7</ele>
      </trkpt>
      <trkpt lat="48.03508" lon="7.31843">
        <ele>190.7</ele>
      </trkpt>
      <trkpt lat="48.03443" lon="7.31805">
        <ele>191.7</ele>
      </trkpt>
      <trkpt lat="48.03379" lon="7.31768">
        <ele>192.4</ele>
      </trkpt>
      <trkpt lat="48.03315" lon="7.31729">
        <ele>192.8</ele>
      </trkpt>
      <trkpt lat="48.03251" lon="7.31691">
        <ele>192.0</ele>
      </trkpt>
      <trkpt lat="48.03187" lon="7.31652">
        <ele>192.9</ele>
      </trkpt>
      <trkpt lat="48.03128" lon="7.31614">
        <ele>192.7</ele>
      </trkpt>
      <trkpt lat="48.03064" lon="7.3157">
        <ele>191.5</ele>
      </trkpt>
      <trkpt lat="48.0301" lon="7.31519">
        <ele>190.8</ele>
      </trkpt>
      <trkpt lat="48.02957" lon="7.31469">
        <ele>192.2</ele>
      </trkpt>
      <trkpt lat="48.02954" lon="7.31465">
        <ele>192.3</ele>
      </trkpt>
      <trkpt lat="48.02951" lon="7.31458">
        <ele>192.4</ele>
      </trkpt>
      <trkpt lat="48.02952" lon="7.31452">
        <ele>192.4</ele>
      </trkpt>
      <trkpt lat="48.02954" lon="7.31446">
        <ele>192.4</ele>
      </trkpt>
      <trkpt lat="48.02957" lon="7.3144">
        <ele>192.4</ele>
      </trkpt>
      <trkpt lat="48.02962" lon="7.31436">
        <ele>192.3</ele>
      </trkpt>
      <trkpt lat="48.02962" lon="7.31436">
        <ele>192.3</ele>
      </trkpt>
      <trkpt lat="48.02978" lon="7.31421">
        <ele>192.2</ele>
      </trkpt>
      <trkpt lat="48.02982" lon="7.31419">
        <ele>192.2</ele>
      </trkpt>
      <trkpt lat="48.02991" lon="7.31417">
        <ele>192.1</ele>
      </trkpt>
      <trkpt lat="48.02994" lon="7.31414">
        <ele>192.1</ele>
      </trkpt>
      <trkpt lat="48.02996" lon="7.31408">
        <ele>192.0</ele>
      </trkpt>
      <trkpt lat="48.02997" lon="7.314">
        <ele>192.0</ele>
      </trkpt>
      <trkpt lat="48.02999" lon="7.31394">
        <ele>192.0</ele>
      </trkpt>
      <trkpt lat="48.03002" lon="7.3139">
        <ele>192.0</ele>
      </trkpt>
      <trkpt lat="48.03062" lon="7.31314">
        <ele>193.4</ele>
      </trkpt>
      <trkpt lat="48.03066" lon="7.31311">
        <ele>193.5</ele>
      </trkpt>
      <trkpt lat="48.03071" lon="7.31308">
        <ele>193.7</ele>
      </trkpt>
      <trkpt lat="48.03074" lon="7.31303">
        <ele>193.9</ele>
      </trkpt>
      <trkpt lat="48.03075" lon="7.31298">
        <ele>194.1</ele>
      </trkpt>
      <trkpt lat="48.03071" lon="7.31289">
        <ele>194.4</ele>
      </trkpt>
      <trkpt lat="48.03066" lon="7.31282">
        <ele>194.5</ele>
      </trkpt>
      <trkpt lat="48.03063" lon="7.3128">
        <ele>194.5</ele>
      </trkpt>
      <trkpt lat="48.03058" lon="7.31279">
        <ele>194.5</ele>
      </trkpt>
      <trkpt lat="48.03055" lon="7.31281">
        <ele>194.3</ele>
      </trkpt>
      <trkpt lat="48.03052" lon="7.31284">
        <ele>194.2</ele>
      </trkpt>
      <trkpt lat="48.0305" lon="7.31297">
        <ele>193.7</ele>
      </trkpt>
      <trkpt lat="48.03045" lon="7.31308">
        <ele>193.3</ele>
      </trkpt>
      <trkpt lat="48.03028" lon="7.31329">
        <ele>192.5</ele>
      </trkpt>
      <trkpt lat="48.03018" lon="7.31334">
        <ele>192.2</ele>
      </trkpt>
      <trkpt lat="48.03008" lon="7.31335">
        <ele>192.1</ele>
      </trkpt>
      <trkpt lat="48.03001" lon="7.31332">
        <ele>192.0</ele>
      </trkpt>
      <trkpt lat="48.02997" lon="7.31329">
        <ele>192.1</ele>
      </trkpt>
      <trkpt lat="48.02992" lon="7.31323">
        <ele>192.2</ele>
      </trkpt>
      <trkpt lat="48.02975" lon="7.313">
        <ele>192.7</ele>
      </trkpt>
      <trkpt lat="48.02962" lon="7.31292">
        <ele>192.8</ele>
      </trkpt>
      <trkpt lat="48.02952" lon="7.31289">
        <ele>192.8</ele>
      </trkpt>
      <trkpt lat="48.02926" lon="7.31286">
        <ele>192.6</ele>
      </trkpt>
      <trkpt lat="48.02909" lon="7.31287">
        <ele>192.7</ele>
      </trkpt>
      <trkpt lat="48.02901" lon="7.31289">
        <ele>192.8</ele>
      </trkpt>
      <trkpt lat="48.02893" lon="7.31292">
        <ele>192.9</ele>
      </trkpt>
      <trkpt lat="48.02886" lon="7.31296">
        <ele>193.0</ele>
      </trkpt>
      <trkpt lat="48.02878" lon="7.31304">
        <ele>193.0</ele>
      </trkpt>
      <trkpt lat="48.02856" lon="7.31328">
        <ele>192.8</ele>
      </trkpt>
      <trkpt lat="48.02856" lon="7.31328">
        <ele>192.8</ele>
      </trkpt>
      <trkpt lat="48.02851" lon="7.31334">
        <ele>192.8</ele>
      </trkpt>
      <trkpt lat="48.02845" lon="7.31338">
        <ele>192.8</ele>
      </trkpt>
      <trkpt lat="48.02836" lon="7.3134">
        <ele>192.9</ele>
      </trkpt>
      <trkpt lat="48.02825" lon="7.31336">
        <ele>193.3</ele>
      </trkpt>
      <trkpt lat="48.02811" lon="7.31325">
        <ele>194.0</ele>
      </trkpt>
      <trkpt lat="48.02792" lon="7.31313">
        <ele>195.0</ele>
      </trkpt>
      <trkpt lat="48.0274" lon="7.31291">
        <ele>197.4</ele>
      </trkpt>
      <trkpt lat="48.02722" lon="7.31277">
        <ele>198.5</ele>
      </trkpt>
      <trkpt lat="48.02691" lon="7.31247">
        <ele>200.9</ele>
      </trkpt>
      <trkpt lat="48.02637" lon="7.31192">
        <ele>204.2</ele>
      </trkpt>
      <trkpt lat="48.02621" lon="7.31177">
        <ele>205.4</ele>
      </trkpt>
      <trkpt lat="48.02608" lon="7.31166">
        <ele>206.5</ele>
      </trkpt>
      <trkpt lat="48.02598" lon="7.3116">
        <ele>207.2</ele>
      </trkpt>
      <trkpt lat="48.02565" lon="7.31145">
        <ele>209.5</ele>
      </trkpt>
      <trkpt lat="48.02546" lon="7.31141">
        <ele>211.0</ele>
      </trkpt>
      <trkpt lat="48.02536" lon="7.31141">
        <ele>211.7</ele>
      </trkpt>
      <trkpt lat="48.02504" lon="7.31145">
        <ele>213.8</ele>
      </trkpt>
      <trkpt lat="48.02464" lon="7.31154">
        <ele>215.8</ele>
      </trkpt>
      <trkpt lat="48.02413" lon="7.31173">
        <ele>218.2</ele>
      </trkpt>
      <trkpt lat="48.02393" lon="7.31177">
        <ele>219.5</ele>
      </trkpt>
      <trkpt lat="48.02393" lon="7.31177">
        <ele>219.5</ele>
      </trkpt>
      <trkpt lat="48.02378" lon="7.31179">
        <ele>220.4</ele>
      </trkpt>
      <trkpt lat="48.02318" lon="7.31181">
        <ele>224.7</ele>
      </trkpt>
      <trkpt lat="48.02258" lon="7.31184">
        <ele>229.9</ele>
      </trkpt>
      <trkpt lat="48.02229" lon="7.31183">
        <ele>231.4</ele>
      </trkpt>
      <trkpt lat="48.02218" lon="7.31181">
        <ele>231.8</ele>
      </trkpt>
      <trkpt lat="48.02171" lon="7.31167">
        <ele>233.8</ele>
      </trkpt>
      <trkpt lat="48.02124" lon="7.31153">
        <ele>234.1</ele>
      </trkpt>
      <trkpt lat="48.02108" lon="7.3115">
        <ele>234.2</ele>
      </trkpt>
      <trkpt lat="48.02034" lon="7.31143">
        <ele>230.7</ele>
      </trkpt>
      <trkpt lat="48.02015" lon="7.31139">
        <ele>229.5</ele>
      </trkpt>
      <trkpt lat="48.01946" lon="7.31111">
        <ele>223.6</ele>
      </trkpt>
      <trkpt lat="48.01937" lon="7.31109">
        <ele>222.7</ele>
      </trkpt>
      <trkpt lat="48.01928" lon="7.311">
        <ele>222.3</ele>
      </trkpt>
      <trkpt lat="48.0192" lon="7.3109">
        <ele>222.0</ele>
      </trkpt>
      <trkpt lat="48.01871" lon="7.31042">
        <ele>219.1</ele>
      </trkpt>
      <trkpt lat="48.01871" lon="7.31042">
        <ele>219.1</ele>
      </trkpt>
      <trkpt lat="48.01817" lon="7.3099">
        <ele>217.2</ele>
      </trkpt>
      <trkpt lat="48.01764" lon="7.30938">
        <ele>215.2</ele>
      </trkpt>
      <trkpt lat="48.01722" lon="7.30897">
        <ele>214.5</ele>
      </trkpt>
      <trkpt lat="48.01681" lon="7.30856">
        <ele>215.1</ele>
      </trkpt>
      <trkpt lat="48.01667" lon="7.30847">
        <ele>215.2</ele>
      </trkpt>
      <trkpt lat="48.01648" lon="7.30835">
        <ele>215.0</ele>
      </trkpt>
      <trkpt lat="48.01623" lon="7.3081">
        <ele>214.9</ele>
      </trkpt>
      <trkpt lat="48.01599" lon="7.30797">
        <ele>214.4</ele>
      </trkpt>
      <trkpt lat="48.01541" lon="7.30781">
        <ele>213.4</ele>
      </trkpt>
      <trkpt lat="48.01483" lon="7.30766">
        <ele>212.2</ele>
      </trkpt>
      <trkpt lat="48.01438" lon="7.30747">
        <ele>211.6</ele>
      </trkpt>
      <trkpt lat="48.01393" lon="7.30727">
        <ele>211.1</ele>
      </trkpt>
      <trkpt lat="48.01372" lon="7.30719">
        <ele>210.6</ele>
      </trkpt>
      <trkpt lat="48.01357" lon="7.30712">
        <ele>210.3</ele>
      </trkpt>
      <trkpt lat="48.01322" lon="7.30689">
        <ele>209.4</ele>
      </trkpt>
      <trkpt lat="48.01322" lon="7.30689">
        <ele>209.4</ele>
      </trkpt>
      <trkpt lat="48.01267" lon="7.30652">
        <ele>207.7</ele>
      </trkpt>
      <trkpt lat="48.01259" lon="7.30642">
        <ele>207.4</ele>
      </trkpt>
      <trkpt lat="48.01252" lon="7.3063">
        <ele>207.1</ele>
      </trkpt>
      <trkpt lat="48.0123" lon="7.30568">
        <ele>205.5</ele>
      </trkpt>
      <trkpt lat="48.01208" lon="7.30506">
        <ele>204.0</ele>
      </trkpt>
      <trkpt lat="48.01163" lon="7.3039">
        <ele>203.1</ele>
      </trkpt>
      <trkpt lat="48.01158" lon="7.30373">
        <ele>202.5</ele>
      </trkpt>
      <trkpt lat="48.01142" lon="7.30254">
        <ele>202.3</ele>
      </trkpt>
      <trkpt lat="48.01141" lon="7.30206">
        <ele>202.8</ele>
      </trkpt>
      <trkpt lat="48.01139" lon="7.30192">
        <ele>202.8</ele>
      </trkpt>
      <trkpt lat="48.01131" lon="7.30158">
        <ele>202.5</ele>
      </trkpt>
      <trkpt lat="48.01128" lon="7.30142">
        <ele>202.4</ele>
      </trkpt>
      <trkpt lat="48.01125" lon="7.30104">
        <ele>202.4</ele>
      </trkpt>
      <trkpt lat="48.01122" lon="7.30085">
        <ele>202.3</ele>
      </trkpt>
      <trkpt lat="48.01118" lon="7.30074">
        <ele>202.1</ele>
      </trkpt>
      <trkpt lat="48.01111" lon="7.30065">
        <ele>201.7</ele>
      </trkpt>
      <trkpt lat="48.01091" lon="7.3005">
        <ele>200.5</ele>
      </trkpt>
      <trkpt lat="48.01085" lon="7.30042">
        <ele>200.1</ele>
      </trkpt>
      <trkpt lat="48.01073" lon="7.30004">
        <ele>199.6</ele>
      </trkpt>
      <trkpt lat="48.01069" lon="7.29996">
        <ele>199.5</ele>
      </trkpt>
      <trkpt lat="48.01064" lon="7.29992">
        <ele>199.4</ele>
      </trkpt>
      <trkpt lat="48.01048" lon="7.29983">
        <ele>198.8</ele>
      </trkpt>
      <trkpt lat="48.01033" lon="7.29968">
        <ele>198.3</ele>
      </trkpt>
      <trkpt lat="48.01026" lon="7.29956">
        <ele>198.1</ele>
      </trkpt>
      <trkpt lat="48.01021" lon="7.29937">
        <ele>197.9</ele>
      </trkpt>
      <trkpt lat="48.01005" lon="7.29856">
        <ele>198.7</ele>
      </trkpt>
      <trkpt lat="48.0098" lon="7.29766">
        <ele>197.7</ele>
      </trkpt>
      <trkpt lat="48.00956" lon="7.29676">
        <ele>197.4</ele>
      </trkpt>
      <trkpt lat="48.00946" lon="7.29649">
        <ele>197.5</ele>
      </trkpt>
      <trkpt lat="48.00933" lon="7.29627">
        <ele>197.5</ele>
      </trkpt>
      <trkpt lat="48.00896" lon="7.29585">
        <ele>198.0</ele>
      </trkpt>
      <trkpt lat="48.00896" lon="7.29585">
        <ele>198.0</ele>
      </trkpt>
      <trkpt lat="48.00873" lon="7.29564">
        <ele>198.3</ele>
      </trkpt>
      <trkpt lat="48.0086" lon="7.2956">
        <ele>198.4</ele>
      </trkpt>
      <trkpt lat="48.00842" lon="7.29561">
        <ele>198.3</ele>
      </trkpt>
      <trkpt lat="48.00798" lon="7.29569">
        <ele>198.0</ele>
      </trkpt>
      <trkpt lat="48.00753" lon="7.29577">
        <ele>197.9</ele>
      </trkpt>
      <trkpt lat="48.00705" lon="7.29587">
        <ele>198.5</ele>
      </trkpt>
      <trkpt lat="48.00657" lon="7.29597">
        <ele>198.6</ele>
      </trkpt>
      <trkpt lat="48.0062" lon="7.296">
        <ele>197.7</ele>
      </trkpt>
      <trkpt lat="48.00596" lon="7.29595">
        <ele>197.2</ele>
      </trkpt>
      <trkpt lat="48.00595" lon="7.2959">
        <ele>197.2</ele>
      </trkpt>
      <trkpt lat="48.00591" lon="7.29582">
        <ele>197.2</ele>
      </trkpt>
      <trkpt lat="48.00586" lon="7.29579">
        <ele>197.1</ele>
      </trkpt>
      <trkpt lat="48.00581" lon="7.29578">
        <ele>197.0</ele>
      </trkpt>
      <trkpt lat="48.00577" lon="7.29579">
        <ele>196.9</ele>
      </trkpt>
      <trkpt lat="48.00573" lon="7.29583">
        <ele>196.8</ele>
      </trkpt>
      <trkpt lat="48.0057" lon="7.29587">
        <ele>196.6</ele>
      </trkpt>
      <trkpt lat="48.00568" lon="7.29594">
        <ele>196.5</ele>
      </trkpt>
      <trkpt lat="48.00551" lon="7.29605">
        <ele>196.1</ele>
      </trkpt>
      <trkpt lat="48.00533" lon="7.29607">
        <ele>195.7</ele>
      </trkpt>
      <trkpt lat="48.00533" lon="7.29607">
        <ele>195.7</ele>
      </trkpt>
      <trkpt lat="48.00496" lon="7.2961">
        <ele>195.0</ele>
      </trkpt>
      <trkpt lat="48.00461" lon="7.296">
        <ele>195.0</ele>
      </trkpt>
      <trkpt lat="48.00402" lon="7.29575">
        <ele>195.2</ele>
      </trkpt>
      <trkpt lat="48.004" lon="7.29565">
        <ele>195.4</ele>
      </trkpt>
      <trkpt lat="48.00393" lon="7.29557">
        <ele>195.5</ele>
      </trkpt>
      <trkpt lat="48.00359" lon="7.29537">
        <ele>195.7</ele>
      </trkpt>
      <trkpt lat="48.00347" lon="7.29528">
        <ele>195.8</ele>
      </trkpt>
      <trkpt lat="48.00321" lon="7.29505">
        <ele>195.8</ele>
      </trkpt>
      <trkpt lat="48.00295" lon="7.29486">
        <ele>195.6</ele>
      </trkpt>
      <trkpt lat="48.00263" lon="7.29466">
        <ele>195.5</ele>
      </trkpt>
      <trkpt lat="48.00222" lon="7.29446">
        <ele>196.1</ele>
      </trkpt>
      <trkpt lat="48.00207" lon="7.2944">
        <ele>196.4</ele>
      </trkpt>
      <trkpt lat="48.00194" lon="7.29437">
        <ele>196.6</ele>
      </trkpt>
      <trkpt lat="48.00156" lon="7.29432">
        <ele>197.0</ele>
      </trkpt>
      <trkpt lat="48.00156" lon="7.29432">
        <ele>197.0</ele>
      </trkpt>
      <trkpt lat="48.00099" lon="7.29431">
        <ele>196.9</ele>
      </trkpt>
      <trkpt lat="48.00018" lon="7.29427">
        <ele>195.4</ele>
      </trkpt>
      <trkpt lat="47.99963" lon="7.29428">
        <ele>195.0</ele>
      </trkpt>
      <trkpt lat="47.9995" lon="7.29426">
        <ele>195.0</ele>
      </trkpt>
      <trkpt lat="47.99933" lon="7.29419">
        <ele>195.0</ele>
      </trkpt>
      <trkpt lat="47.99924" lon="7.29414">
        <ele>194.9</ele>
      </trkpt>
      <trkpt lat="47.99914" lon="7.29411">
        <ele>194.9</ele>
      </trkpt>
      <trkpt lat="47.99879" lon="7.29414">
        <ele>195.4</ele>
      </trkpt>
      <trkpt lat="47.99834" lon="7.29409">
        <ele>196.0</ele>
      </trkpt>
      <trkpt lat="47.9982" lon="7.29404">
        <ele>195.7</ele>
      </trkpt>
      <trkpt lat="47.99745" lon="7.29391">
        <ele>194.7</ele>
      </trkpt>
      <trkpt lat="47.99671" lon="7.29378">
        <ele>196.0</ele>
      </trkpt>
      <trkpt lat="47.99597" lon="7.29366">
        <ele>196.3</ele>
      </trkpt>
      <trkpt lat="47.99523" lon="7.29353">
        <ele>196.1</ele>
      </trkpt>
      <trkpt lat="47.9946" lon="7.29343">
        <ele>196.1</ele>
      </trkpt>
      <trkpt lat="47.99408" lon="7.29345">
        <ele>196.2</ele>
      </trkpt>
      <trkpt lat="47.99356" lon="7.29346">
        <ele>196.5</ele>
      </trkpt>
      <trkpt lat="47.99327" lon="7.29346">
        <ele>196.8</ele>
      </trkpt>
      <trkpt lat="47.99327" lon="7.29346">
        <ele>196.8</ele>
      </trkpt>
      <trkpt lat="47.99282" lon="7.29345">
        <ele>198.0</ele>
      </trkpt>
      <trkpt lat="47.99267" lon="7.2935">
        <ele>198.2</ele>
      </trkpt>
      <trkpt lat="47.99255" lon="7.29352">
        <ele>198.4</ele>
      </trkpt>
      <trkpt lat="47.99173" lon="7.29353">
        <ele>199.9</ele>
      </trkpt>
      <trkpt lat="47.99092" lon="7.29354">
        <ele>202.7</ele>
      </trkpt>
      <trkpt lat="47.9903" lon="7.29352">
        <ele>204.0</ele>
      </trkpt>
      <trkpt lat="47.98972" lon="7.29346">
        <ele>205.2</ele>
      </trkpt>
      <trkpt lat="47.98937" lon="7.2934">
        <ele>205.8</ele>
      </trkpt>
      <trkpt lat="47.9892" lon="7.29336">
        <ele>206.0</ele>
      </trkpt>
      <trkpt lat="47.98897" lon="7.29326">
        <ele>206.3</ele>
      </trkpt>
      <trkpt lat="47.9888" lon="7.29312">
        <ele>206.5</ele>
      </trkpt>
      <trkpt lat="47.98868" lon="7.29255">
        <ele>205.8</ele>
      </trkpt>
      <trkpt lat="47.98868" lon="7.29255">
        <ele>205.8</ele>
      </trkpt>
      <trkpt lat="47.98852" lon="7.29174">
        <ele>207.7</ele>
      </trkpt>
      <trkpt lat="47.98832" lon="7.29092">
        <ele>209.9</ele>
      </trkpt>
      <trkpt lat="47.98813" lon="7.29103">
        <ele>210.6</ele>
      </trkpt>
      <trkpt lat="47.98802" lon="7.29112">
        <ele>210.9</ele>
      </trkpt>
      <trkpt lat="47.98715" lon="7.29113">
        <ele>213.8</ele>
      </trkpt>
      <trkpt lat="47.98715" lon="7.29113">
        <ele>213.8</ele>
      </trkpt>
      <trkpt lat="47.98632" lon="7.29124">
        <ele>216.5</ele>
      </trkpt>
      <trkpt lat="47.98557" lon="7.29122">
        <ele>219.4</ele>
      </trkpt>
      <trkpt lat="47.98537" lon="7.2912">
        <ele>220.0</ele>
      </trkpt>
      <trkpt lat="47.98497" lon="7.29125">
        <ele>221.5</ele>
      </trkpt>
      <trkpt lat="47.98478" lon="7.29123">
        <ele>221.5</ele>
      </trkpt>
      <trkpt lat="47.98468" lon="7.29121">
        <ele>221.4</ele>
      </trkpt>
      <trkpt lat="47.98464" lon="7.29118">
        <ele>221.4</ele>
      </trkpt>
      <trkpt lat="47.98416" lon="7.291">
        <ele>221.8</ele>
      </trkpt>
      <trkpt lat="47.98399" lon="7.29088">
        <ele>221.7</ele>
      </trkpt>
      <trkpt lat="47.98394" lon="7.29085">
        <ele>221.7</ele>
      </trkpt>
      <trkpt lat="47.98387" lon="7.29083">
        <ele>221.6</ele>
      </trkpt>
      <trkpt lat="47.98326" lon="7.29075">
        <ele>220.7</ele>
      </trkpt>
      <trkpt lat="47.9831" lon="7.29078">
        <ele>220.2</ele>
      </trkpt>
      <trkpt lat="47.98301" lon="7.29073">
        <ele>219.8</ele>
      </trkpt>
      <trkpt lat="47.98252" lon="7.29067">
        <ele>218.1</ele>
      </trkpt>
      <trkpt lat="47.98237" lon="7.29064">
        <ele>217.7</ele>
      </trkpt>
      <trkpt lat="47.98235" lon="7.29089">
        <ele>217.7</ele>
      </trkpt>
      <trkpt lat="47.98235" lon="7.29089">
        <ele>217.7</ele>
      </trkpt>
      <trkpt lat="47.98231" lon="7.29131">
        <ele>218.0</ele>
      </trkpt>
      <trkpt lat="47.98225" lon="7.2913">
        <ele>217.8</ele>
      </trkpt>
      <trkpt lat="47.98169" lon="7.29142">
        <ele>216.1</ele>
      </trkpt>
      <trkpt lat="47.98144" lon="7.29152">
        <ele>215.0</ele>
      </trkpt>
      <trkpt lat="47.9812" lon="7.29161">
        <ele>213.8</ele>
      </trkpt>
      <trkpt lat="47.98107" lon="7.29164">
        <ele>213.2</ele>
      </trkpt>
      <trkpt lat="47.98091" lon="7.29165">
        <ele>212.4</ele>
      </trkpt>
      <trkpt lat="47.98069" lon="7.29158">
        <ele>211.7</ele>
      </trkpt>
      <trkpt lat="47.98069" lon="7.29155">
        <ele>211.8</ele>
      </trkpt>
      <trkpt lat="47.98067" lon="7.29149">
        <ele>211.9</ele>
      </trkpt>
      <trkpt lat="47.98066" lon="7.29147">
        <ele>211.9</ele>
      </trkpt>
      <trkpt lat="47.98062" lon="7.29145">
        <ele>211.8</ele>
      </trkpt>
      <trkpt lat="47.98058" lon="7.29148">
        <ele>211.6</ele>
      </trkpt>
      <trkpt lat="47.98056" lon="7.2915">
        <ele>211.5</ele>
      </trkpt>
      <trkpt lat="47.98056" lon="7.29153">
        <ele>211.4</ele>
      </trkpt>
      <trkpt lat="47.98056" lon="7.29158">
        <ele>211.3</ele>
      </trkpt>
      <trkpt lat="47.98048" lon="7.2916">
        <ele>210.9</ele>
      </trkpt>
      <trkpt lat="47.98039" lon="7.29159">
        <ele>210.6</ele>
      </trkpt>
      <trkpt lat="47.97995" lon="7.2915">
        <ele>209.5</ele>
      </trkpt>
      <trkpt lat="47.97992" lon="7.29143">
        <ele>209.6</ele>
      </trkpt>
      <trkpt lat="47.97987" lon="7.29138">
        <ele>209.6</ele>
      </trkpt>
      <trkpt lat="47.97915" lon="7.29121">
        <ele>207.5</ele>
      </trkpt>
      <trkpt lat="47.97904" lon="7.29122">
        <ele>207.3</ele>
      </trkpt>
      <trkpt lat="47.97827" lon="7.29131">
        <ele>206.0</ele>
      </trkpt>
      <trkpt lat="47.9782" lon="7.29197">
        <ele>205.8</ele>
      </trkpt>
      <trkpt lat="47.9782" lon="7.29197">
        <ele>205.8</ele>
      </trkpt>
      <trkpt lat="47.97813" lon="7.29267">
        <ele>205.5</ele>
      </trkpt>
      <trkpt lat="47.97806" lon="7.29336">
        <ele>205.0</ele>
      </trkpt>
      <trkpt lat="47.97799" lon="7.29416">
        <ele>205.2</ele>
      </trkpt>
      <trkpt lat="47.97799" lon="7.29431">
        <ele>204.8</ele>
      </trkpt>
      <trkpt lat="47.97736" lon="7.29448">
        <ele>204.0</ele>
      </trkpt>
      <trkpt lat="47.97687" lon="7.29465">
        <ele>204.1</ele>
      </trkpt>
      <trkpt lat="47.97653" lon="7.29483">
        <ele>204.2</ele>
      </trkpt>
      <trkpt lat="47.97594" lon="7.29521">
        <ele>201.8</ele>
      </trkpt>
      <trkpt lat="47.97535" lon="7.29575">
        <ele>199.0</ele>
      </trkpt>
      <trkpt lat="47.97473" lon="7.2964">
        <ele>198.1</ele>
      </trkpt>
      <trkpt lat="47.97419" lon="7.29704">
        <ele>198.4</ele>
      </trkpt>
      <trkpt lat="47.97419" lon="7.29704">
        <ele>198.4</ele>
      </trkpt>
      <trkpt lat="47.97371" lon="7.29764">
        <ele>197.9</ele>
      </trkpt>
      <trkpt lat="47.973" lon="7.29843">
        <ele>197.2</ele>
      </trkpt>
      <trkpt lat="47.97246" lon="7.29899">
        <ele>196.9</ele>
      </trkpt>
      <trkpt lat="47.97195" lon="7.29948">
        <ele>198.6</ele>
      </trkpt>
      <trkpt lat="47.97145" lon="7.29998">
        <ele>199.5</ele>
      </trkpt>
      <trkpt lat="47.97095" lon="7.30047">
        <ele>198.0</ele>
      </trkpt>
      <trkpt lat="47.97052" lon="7.30095">
        <ele>198.3</ele>
      </trkpt>
      <trkpt lat="47.97006" lon="7.30144">
        <ele>198.9</ele>
      </trkpt>
      <trkpt lat="47.96991" lon="7.30155">
        <ele>199.3</ele>
      </trkpt>
      <trkpt lat="47.96977" lon="7.30162">
        <ele>199.8</ele>
      </trkpt>
      <trkpt lat="47.96935" lon="7.30171">
        <ele>201.2</ele>
      </trkpt>
      <trkpt lat="47.9692" lon="7.30178">
        <ele>201.5</ele>
      </trkpt>
      <trkpt lat="47.96885" lon="7.30202">
        <ele>201.2</ele>
      </trkpt>
      <trkpt lat="47.96885" lon="7.30202">
        <ele>201.2</ele>
      </trkpt>
      <trkpt lat="47.96865" lon="7.30215">
        <ele>200.7</ele>
      </trkpt>
      <trkpt lat="47.96857" lon="7.30216">
        <ele>200.7</ele>
      </trkpt>
      <trkpt lat="47.96809" lon="7.30219">
        <ele>200.8</ele>
      </trkpt>
      <trkpt lat="47.96779" lon="7.3022">
        <ele>200.9</ele>
      </trkpt>
      <trkpt lat="47.96758" lon="7.30212">
        <ele>201.7</ele>
      </trkpt>
      <trkpt lat="47.96725" lon="7.30191">
        <ele>202.4</ele>
      </trkpt>
      <trkpt lat="47.9672" lon="7.30206">
        <ele>201.4</ele>
      </trkpt>
      <trkpt lat="47.9672" lon="7.30206">
        <ele>201.4</ele>
      </trkpt>
      <trkpt lat="47.96719" lon="7.3021">
        <ele>201.2</ele>
      </trkpt>
      <trkpt lat="47.96675" lon="7.30173">
        <ele>201.2</ele>
      </trkpt>
      <trkpt lat="47.96631" lon="7.30136">
        <ele>201.7</ele>
      </trkpt>
      <trkpt lat="47.96629" lon="7.30135">
        <ele>201.7</ele>
      </trkpt>
      <trkpt lat="47.96629" lon="7.30135">
        <ele>201.7</ele>
      </trkpt>
      <trkpt lat="47.96627" lon="7.30134">
        <ele>201.7</ele>
      </trkpt>
      <trkpt lat="47.96617" lon="7.30136">
        <ele>201.4</ele>
      </trkpt>
      <trkpt lat="47.96612" lon="7.30136">
        <ele>201.3</ele>
      </trkpt>
      <trkpt lat="47.96605" lon="7.30133">
        <ele>201.3</ele>
      </trkpt>
      <trkpt lat="47.96536" lon="7.30076">
        <ele>201.1</ele>
      </trkpt>
      <trkpt lat="47.96533" lon="7.3007">
        <ele>201.2</ele>
      </trkpt>
      <trkpt lat="47.96532" lon="7.30057">
        <ele>201.6</ele>
      </trkpt>
      <trkpt lat="47.96529" lon="7.3005">
        <ele>201.8</ele>
      </trkpt>
      <trkpt lat="47.96504" lon="7.30035">
        <ele>201.3</ele>
      </trkpt>
      <trkpt lat="47.96504" lon="7.30035">
        <ele>201.3</ele>
      </trkpt>
      <trkpt lat="47.96497" lon="7.30031">
        <ele>201.2</ele>
      </trkpt>
      <trkpt lat="47.96447" lon="7.29996">
        <ele>201.5</ele>
      </trkpt>
      <trkpt lat="47.96396" lon="7.29961">
        <ele>201.7</ele>
      </trkpt>
      <trkpt lat="47.96382" lon="7.29952">
        <ele>202.0</ele>
      </trkpt>
      <trkpt lat="47.9638" lon="7.29956">
        <ele>202.0</ele>
      </trkpt>
      <trkpt lat="47.96376" lon="7.29957">
        <ele>202.0</ele>
      </trkpt>
      <trkpt lat="47.96373" lon="7.29956">
        <ele>202.1</ele>
      </trkpt>
      <trkpt lat="47.96373" lon="7.29956">
        <ele>202.1</ele>
      </trkpt>
      <trkpt lat="47.96315" lon="7.29931">
        <ele>202.8</ele>
      </trkpt>
      <trkpt lat="47.96257" lon="7.29905">
        <ele>202.8</ele>
      </trkpt>
      <trkpt lat="47.96199" lon="7.2988">
        <ele>201.4</ele>
      </trkpt>
      <trkpt lat="47.96187" lon="7.29875">
        <ele>201.2</ele>
      </trkpt>
      <trkpt lat="47.96182" lon="7.29873">
        <ele>201.2</ele>
      </trkpt>
      <trkpt lat="47.96178" lon="7.29898">
        <ele>201.2</ele>
      </trkpt>
      <trkpt lat="47.96178" lon="7.29898">
        <ele>201.2</ele>
      </trkpt>
      <trkpt lat="47.96172" lon="7.29938">
        <ele>200.9</ele>
      </trkpt>
      <trkpt lat="47.96171" lon="7.2995">
        <ele>200.7</ele>
      </trkpt>
      <trkpt lat="47.96165" lon="7.29951">
        <ele>200.6</ele>
      </trkpt>
      <trkpt lat="47.96158" lon="7.29994">
        <ele>200.2</ele>
      </trkpt>
      <trkpt lat="47.96148" lon="7.30036">
        <ele>200.9</ele>
      </trkpt>
      <trkpt lat="47.96145" lon="7.30044">
        <ele>201.0</ele>
      </trkpt>
      <trkpt lat="47.96142" lon="7.30049">
        <ele>201.1</ele>
      </trkpt>
      <trkpt lat="47.96121" lon="7.30065">
        <ele>201.3</ele>
      </trkpt>
      <trkpt lat="47.96111" lon="7.30069">
        <ele>201.2</ele>
      </trkpt>
      <trkpt lat="47.96084" lon="7.30073">
        <ele>201.0</ele>
      </trkpt>
      <trkpt lat="47.96084" lon="7.30073">
        <ele>201.0</ele>
      </trkpt>
      <trkpt lat="47.96047" lon="7.3008">
        <ele>201.5</ele>
      </trkpt>
      <trkpt lat="47.96038" lon="7.30076">
        <ele>201.6</ele>
      </trkpt>
      <trkpt lat="47.96036" lon="7.30082">
        <ele>201.6</ele>
      </trkpt>
      <trkpt lat="47.96028" lon="7.30089">
        <ele>201.6</ele>
      </trkpt>
      <trkpt lat="47.9602" lon="7.30095">
        <ele>201.7</ele>
      </trkpt>
      <trkpt lat="47.9602" lon="7.30095">
        <ele>201.7</ele>
      </trkpt>
      <trkpt lat="47.95961" lon="7.30137">
        <ele>202.5</ele>
      </trkpt>
      <trkpt lat="47.95888" lon="7.30174">
        <ele>203.0</ele>
      </trkpt>
      <trkpt lat="47.9583" lon="7.30203">
        <ele>203.5</ele>
      </trkpt>
      <trkpt lat="47.95772" lon="7.30232">
        <ele>204.1</ele>
      </trkpt>
      <trkpt lat="47.95764" lon="7.30235">
        <ele>204.1</ele>
      </trkpt>
      <trkpt lat="47.95757" lon="7.30237">
        <ele>204.1</ele>
      </trkpt>
      <trkpt lat="47.95754" lon="7.30231">
        <ele>204.2</ele>
      </trkpt>
      <trkpt lat="47.95752" lon="7.30224">
        <ele>204.3</ele>
      </trkpt>
      <trkpt lat="47.95752" lon="7.30224">
        <ele>204.3</ele>
      </trkpt>
      <trkpt lat="47.95742" lon="7.30192">
        <ele>204.8</ele>
      </trkpt>
      <trkpt lat="47.95747" lon="7.30184">
        <ele>204.8</ele>
      </trkpt>
      <trkpt lat="47.95736" lon="7.30146">
        <ele>204.9</ele>
      </trkpt>
      <trkpt lat="47.95736" lon="7.30146">
        <ele>204.9</ele>
      </trkpt>
      <trkpt lat="47.95728" lon="7.30107">
        <ele>204.5</ele>
      </trkpt>
      <trkpt lat="47.95732" lon="7.30018">
        <ele>204.4</ele>
      </trkpt>
      <trkpt lat="47.95742" lon="7.29948">
        <ele>204.9</ele>
      </trkpt>
      <trkpt lat="47.95737" lon="7.29907">
        <ele>205.7</ele>
      </trkpt>
      <trkpt lat="47.9573" lon="7.29877">
        <ele>206.0</ele>
      </trkpt>
      <trkpt lat="47.95727" lon="7.29856">
        <ele>206.0</ele>
      </trkpt>
      <trkpt lat="47.95727" lon="7.29856">
        <ele>206.0</ele>
      </trkpt>
      <trkpt lat="47.9573" lon="7.2982">
        <ele>206.0</ele>
      </trkpt>
      <trkpt lat="47.95733" lon="7.2981">
        <ele>205.9</ele>
      </trkpt>
      <trkpt lat="47.9575" lon="7.29741">
        <ele>206.1</ele>
      </trkpt>
      <trkpt lat="47.95768" lon="7.29672">
        <ele>206.5</ele>
      </trkpt>
      <trkpt lat="47.95776" lon="7.29643">
        <ele>206.3</ele>
      </trkpt>
      <trkpt lat="47.95791" lon="7.29593">
        <ele>206.0</ele>
      </trkpt>
      <trkpt lat="47.95791" lon="7.29593">
        <ele>206.0</ele>
      </trkpt>
      <trkpt lat="47.95796" lon="7.29579">
        <ele>206.1</ele>
      </trkpt>
      <trkpt lat="47.95725" lon="7.29522">
        <ele>206.2</ele>
      </trkpt>
      <trkpt lat="47.95666" lon="7.29459">
        <ele>205.0</ele>
      </trkpt>
      <trkpt lat="47.95666" lon="7.29459">
        <ele>205.0</ele>
      </trkpt>
      <trkpt lat="47.95659" lon="7.29451">
        <ele>205.0</ele>
      </trkpt>
      <trkpt lat="47.95664" lon="7.2944">
        <ele>205.0</ele>
      </trkpt>
      <trkpt lat="47.95654" lon="7.29442">
        <ele>205.0</ele>
      </trkpt>
      <trkpt lat="47.95642" lon="7.29432">
        <ele>205.0</ele>
      </trkpt>
      <trkpt lat="47.95631" lon="7.29421">
        <ele>205.0</ele>
      </trkpt>
      <trkpt lat="47.95618" lon="7.29412">
        <ele>205.0</ele>
      </trkpt>
      <trkpt lat="47.95583" lon="7.29392">
        <ele>205.0</ele>
      </trkpt>
      <trkpt lat="47.95583" lon="7.29392">
        <ele>205.0</ele>
      </trkpt>
      <trkpt lat="47.95583" lon="7.29392">
        <ele>205.0</ele>
      </trkpt>
      <trkpt lat="47.95577" lon="7.29389">
        <ele>205.0</ele>
      </trkpt>
      <trkpt lat="47.95588" lon="7.29347">
        <ele>205.0</ele>
      </trkpt>
      <trkpt lat="47.956" lon="7.29309">
        <ele>204.6</ele>
      </trkpt>
      <trkpt lat="47.95614" lon="7.29273">
        <ele>204.4</ele>
      </trkpt>
      <trkpt lat="47.95637" lon="7.29234">
        <ele>205.0</ele>
      </trkpt>
      <trkpt lat="47.95647" lon="7.29208">
        <ele>205.9</ele>
      </trkpt>
      <trkpt lat="47.95653" lon="7.29178">
        <ele>207.0</ele>
      </trkpt>
      <trkpt lat="47.95656" lon="7.29155">
        <ele>207.7</ele>
      </trkpt>
      <trkpt lat="47.95654" lon="7.29144">
        <ele>207.7</ele>
      </trkpt>
      <trkpt lat="47.95654" lon="7.29144">
        <ele>207.7</ele>
      </trkpt>
      <trkpt lat="47.95654" lon="7.29137">
        <ele>207.9</ele>
      </trkpt>
      <trkpt lat="47.95647" lon="7.29119">
        <ele>207.9</ele>
      </trkpt>
      <trkpt lat="47.9564" lon="7.29103">
        <ele>208.0</ele>
      </trkpt>
      <trkpt lat="47.95599" lon="7.29052">
        <ele>208.1</ele>
      </trkpt>
      <trkpt lat="47.95582" lon="7.29029">
        <ele>208.3</ele>
      </trkpt>
      <trkpt lat="47.95538" lon="7.28943">
        <ele>211.7</ele>
      </trkpt>
      <trkpt lat="47.95521" lon="7.28909">
        <ele>213.6</ele>
      </trkpt>
      <trkpt lat="47.95521" lon="7.28909">
        <ele>213.6</ele>
      </trkpt>
      <trkpt lat="47.95512" lon="7.28893">
        <ele>214.7</ele>
      </trkpt>
      <trkpt lat="47.95469" lon="7.288">
        <ele>220.7</ele>
      </trkpt>
      <trkpt lat="47.95455" lon="7.28769">
        <ele>222.0</ele>
      </trkpt>
      <trkpt lat="47.95447" lon="7.28761">
        <ele>222.2</ele>
      </trkpt>
      <trkpt lat="47.95403" lon="7.28728">
        <ele>222.8</ele>
      </trkpt>
      <trkpt lat="47.95334" lon="7.28661">
        <ele>223.4</ele>
      </trkpt>
      <trkpt lat="47.95284" lon="7.28609">
        <ele>224.9</ele>
      </trkpt>
      <trkpt lat="47.95257" lon="7.28579">
        <ele>225.5</ele>
      </trkpt>
      <trkpt lat="47.95212" lon="7.28522">
        <ele>224.9</ele>
      </trkpt>
      <trkpt lat="47.95191" lon="7.28494">
        <ele>224.4</ele>
      </trkpt>
      <trkpt lat="47.95161" lon="7.28452">
        <ele>224.5</ele>
      </trkpt>
      <trkpt lat="47.9513" lon="7.2841">
        <ele>224.6</ele>
      </trkpt>
      <trkpt lat="47.95111" lon="7.28391">
        <ele>224.1</ele>
      </trkpt>
      <trkpt lat="47.95055" lon="7.28335">
        <ele>222.2</ele>
      </trkpt>
      <trkpt lat="47.94999" lon="7.28279">
        <ele>218.9</ele>
      </trkpt>
      <trkpt lat="47.94942" lon="7.28224">
        <ele>217.8</ele>
      </trkpt>
      <trkpt lat="47.94885" lon="7.28165">
        <ele>215.4</ele>
      </trkpt>
      <trkpt lat="47.94868" lon="7.28145">
        <ele>215.0</ele>
      </trkpt>
      <trkpt lat="47.94864" lon="7.28134">
        <ele>215.2</ele>
      </trkpt>
      <trkpt lat="47.94849" lon="7.28111">
        <ele>214.7</ele>
      </trkpt>
      <trkpt lat="47.9484" lon="7.2809">
        <ele>214.5</ele>
      </trkpt>
      <trkpt lat="47.94836" lon="7.28073">
        <ele>214.6</ele>
      </trkpt>
      <trkpt lat="47.94833" lon="7.28047">
        <ele>214.9</ele>
      </trkpt>
      <trkpt lat="47.94829" lon="7.28038">
        <ele>214.9</ele>
      </trkpt>
      <trkpt lat="47.9483" lon="7.28">
        <ele>215.8</ele>
      </trkpt>
      <trkpt lat="47.94833" lon="7.27968">
        <ele>216.0</ele>
      </trkpt>
      <trkpt lat="47.94833" lon="7.27968">
        <ele>216.0</ele>
      </trkpt>
      <trkpt lat="47.94838" lon="7.27927">
        <ele>217.1</ele>
      </trkpt>
      <trkpt lat="47.94855" lon="7.27826">
        <ele>220.9</ele>
      </trkpt>
      <trkpt lat="47.94866" lon="7.27774">
        <ele>223.2</ele>
      </trkpt>
      <trkpt lat="47.94873" lon="7.27744">
        <ele>224.3</ele>
      </trkpt>
      <trkpt lat="47.94895" lon="7.27666">
        <ele>224.8</ele>
      </trkpt>
      <trkpt lat="47.94918" lon="7.27587">
        <ele>220.8</ele>
      </trkpt>
      <trkpt lat="47.94935" lon="7.27521">
        <ele>222.3</ele>
      </trkpt>
      <trkpt lat="47.94954" lon="7.27457">
        <ele>223.2</ele>
      </trkpt>
      <trkpt lat="47.9496" lon="7.27444">
        <ele>223.4</ele>
      </trkpt>
      <trkpt lat="47.94978" lon="7.27408">
        <ele>223.1</ele>
      </trkpt>
      <trkpt lat="47.94995" lon="7.27382">
        <ele>222.8</ele>
      </trkpt>
      <trkpt lat="47.95017" lon="7.27352">
        <ele>222.9</ele>
      </trkpt>
      <trkpt lat="47.95033" lon="7.27335">
        <ele>223.4</ele>
      </trkpt>
      <trkpt lat="47.95053" lon="7.27311">
        <ele>225.1</ele>
      </trkpt>
      <trkpt lat="47.95064" lon="7.27294">
        <ele>225.6</ele>
      </trkpt>
      <trkpt lat="47.95076" lon="7.27269">
        <ele>225.5</ele>
      </trkpt>
      <trkpt lat="47.95084" lon="7.27248">
        <ele>225.2</ele>
      </trkpt>
      <trkpt lat="47.95096" lon="7.27201">
        <ele>227.8</ele>
      </trkpt>
      <trkpt lat="47.95096" lon="7.27201">
        <ele>227.8</ele>
      </trkpt>
      <trkpt lat="47.95118" lon="7.27111">
        <ele>232.5</ele>
      </trkpt>
      <trkpt lat="47.95136" lon="7.27024">
        <ele>232.5</ele>
      </trkpt>
      <trkpt lat="47.95166" lon="7.26911">
        <ele>231.5</ele>
      </trkpt>
      <trkpt lat="47.95173" lon="7.2688">
        <ele>231.4</ele>
      </trkpt>
      <trkpt lat="47.95182" lon="7.26835">
        <ele>230.7</ele>
      </trkpt>
      <trkpt lat="47.95189" lon="7.2679">
        <ele>230.0</ele>
      </trkpt>
      <trkpt lat="47.95199" lon="7.26716">
        <ele>227.8</ele>
      </trkpt>
      <trkpt lat="47.95199" lon="7.26716">
        <ele>227.8</ele>
      </trkpt>
      <trkpt lat="47.95201" lon="7.26701">
        <ele>227.2</ele>
      </trkpt>
      <trkpt lat="47.95201" lon="7.26695">
        <ele>226.9</ele>
      </trkpt>
      <trkpt lat="47.95198" lon="7.26687">
        <ele>226.1</ele>
      </trkpt>
      <trkpt lat="47.95206" lon="7.26677">
        <ele>226.4</ele>
      </trkpt>
      <trkpt lat="47.95242" lon="7.26623">
        <ele>226.9</ele>
      </trkpt>
      <trkpt lat="47.95279" lon="7.26575">
        <ele>231.1</ele>
      </trkpt>
      <trkpt lat="47.95295" lon="7.2655">
        <ele>232.5</ele>
      </trkpt>
      <trkpt lat="47.95306" lon="7.26532">
        <ele>232.6</ele>
      </trkpt>
      <trkpt lat="47.95306" lon="7.26532">
        <ele>232.6</ele>
      </trkpt>
      <trkpt lat="47.95348" lon="7.26459">
        <ele>232.6</ele>
      </trkpt>
      <trkpt lat="47.95411" lon="7.26384">
        <ele>235.9</ele>
      </trkpt>
      <trkpt lat="47.95443" lon="7.26334">
        <ele>236.1</ele>
      </trkpt>
      <trkpt lat="47.95475" lon="7.26285">
        <ele>237.7</ele>
      </trkpt>
      <trkpt lat="47.95512" lon="7.26228">
        <ele>236.5</ele>
      </trkpt>
      <trkpt lat="47.95544" lon="7.26182">
        <ele>236.0</ele>
      </trkpt>
      <trkpt lat="47.95561" lon="7.26166">
        <ele>235.4</ele>
      </trkpt>
      <trkpt lat="47.95589" lon="7.26145">
        <ele>236.5</ele>
      </trkpt>
      <trkpt lat="47.95619" lon="7.26125">
        <ele>238.0</ele>
      </trkpt>
      <trkpt lat="47.95619" lon="7.26125">
        <ele>238.0</ele>
      </trkpt>
      <trkpt lat="47.95636" lon="7.26104">
        <ele>237.5</ele>
      </trkpt>
      <trkpt lat="47.95664" lon="7.26055">
        <ele>236.9</ele>
      </trkpt>
      <trkpt lat="47.95675" lon="7.26031">
        <ele>237.5</ele>
      </trkpt>
      <trkpt lat="47.95715" lon="7.25984">
        <ele>238.5</ele>
      </trkpt>
      <trkpt lat="47.95751" lon="7.25937">
        <ele>239.3</ele>
      </trkpt>
      <trkpt lat="47.95773" lon="7.25912">
        <ele>239.8</ele>
      </trkpt>
      <trkpt lat="47.95773" lon="7.25912">
        <ele>239.8</ele>
      </trkpt>
      <trkpt lat="47.95784" lon="7.259">
        <ele>240.2</ele>
      </trkpt>
      <trkpt lat="47.95794" lon="7.25876">
        <ele>240.6</ele>
      </trkpt>
      <trkpt lat="47.95795" lon="7.25866">
        <ele>240.6</ele>
      </trkpt>
      <trkpt lat="47.95794" lon="7.25853">
        <ele>240.6</ele>
      </trkpt>
      <trkpt lat="47.9579" lon="7.25828">
        <ele>240.8</ele>
      </trkpt>
      <trkpt lat="47.95782" lon="7.25807">
        <ele>241.6</ele>
      </trkpt>
      <trkpt lat="47.95762" lon="7.25779">
        <ele>241.4</ele>
      </trkpt>
      <trkpt lat="47.95728" lon="7.25719">
        <ele>240.1</ele>
      </trkpt>
      <trkpt lat="47.95721" lon="7.25697">
        <ele>240.0</ele>
      </trkpt>
      <trkpt lat="47.95719" lon="7.25683">
        <ele>240.1</ele>
      </trkpt>
      <trkpt lat="47.95719" lon="7.25649">
        <ele>241.5</ele>
      </trkpt>
      <trkpt lat="47.95719" lon="7.25649">
        <ele>241.5</ele>
      </trkpt>
      <trkpt lat="47.95717" lon="7.25616">
        <ele>243.1</ele>
      </trkpt>
      <trkpt lat="47.95706" lon="7.25536">
        <ele>244.7</ele>
      </trkpt>
      <trkpt lat="47.95703" lon="7.25492">
        <ele>245.6</ele>
      </trkpt>
      <trkpt lat="47.95704" lon="7.25462">
        <ele>245.7</ele>
      </trkpt>
      <trkpt lat="47.95711" lon="7.25396">
        <ele>247.1</ele>
      </trkpt>
      <trkpt lat="47.95718" lon="7.25329">
        <ele>248.3</ele>
      </trkpt>
      <trkpt lat="47.95716" lon="7.2528">
        <ele>245.8</ele>
      </trkpt>
      <trkpt lat="47.95714" lon="7.25247">
        <ele>244.2</ele>
      </trkpt>
      <trkpt lat="47.95714" lon="7.25229">
        <ele>244.1</ele>
      </trkpt>
      <trkpt lat="47.95718" lon="7.25202">
        <ele>244.3</ele>
      </trkpt>
      <trkpt lat="47.95743" lon="7.25098">
        <ele>244.0</ele>
      </trkpt>
      <trkpt lat="47.95743" lon="7.25098">
        <ele>244.0</ele>
      </trkpt>
      <trkpt lat="47.95744" lon="7.25091">
        <ele>243.8</ele>
      </trkpt>
      <trkpt lat="47.95744" lon="7.25077">
        <ele>243.4</ele>
      </trkpt>
      <trkpt lat="47.95741" lon="7.25064">
        <ele>242.9</ele>
      </trkpt>
      <trkpt lat="47.95736" lon="7.25053">
        <ele>242.3</ele>
      </trkpt>
      <trkpt lat="47.95694" lon="7.25002">
        <ele>239.4</ele>
      </trkpt>
      <trkpt lat="47.95692" lon="7.24997">
        <ele>239.2</ele>
      </trkpt>
      <trkpt lat="47.95688" lon="7.24986">
        <ele>238.8</ele>
      </trkpt>
      <trkpt lat="47.95681" lon="7.24972">
        <ele>238.2</ele>
      </trkpt>
      <trkpt lat="47.95675" lon="7.24967">
        <ele>237.9</ele>
      </trkpt>
      <trkpt lat="47.95689" lon="7.24914">
        <ele>239.4</ele>
      </trkpt>
      <trkpt lat="47.95691" lon="7.249">
        <ele>239.7</ele>
      </trkpt>
      <trkpt lat="47.95691" lon="7.249">
        <ele>239.7</ele>
      </trkpt>
      <trkpt lat="47.95693" lon="7.24888">
        <ele>239.9</ele>
      </trkpt>
      <trkpt lat="47.95698" lon="7.24832">
        <ele>240.8</ele>
      </trkpt>
      <trkpt lat="47.95705" lon="7.24745">
        <ele>241.4</ele>
      </trkpt>
      <trkpt lat="47.95713" lon="7.24657">
        <ele>241.0</ele>
      </trkpt>
      <trkpt lat="47.95718" lon="7.24622">
        <ele>241.0</ele>
      </trkpt>
      <trkpt lat="47.95725" lon="7.24597">
        <ele>241.0</ele>
      </trkpt>
      <trkpt lat="47.95733" lon="7.24573">
        <ele>241.1</ele>
      </trkpt>
      <trkpt lat="47.95744" lon="7.24553">
        <ele>241.4</ele>
      </trkpt>
      <trkpt lat="47.95744" lon="7.24553">
        <ele>241.4</ele>
      </trkpt>
      <trkpt lat="47.95776" lon="7.24495">
        <ele>242.7</ele>
      </trkpt>
      <trkpt lat="47.95798" lon="7.24457">
        <ele>243.9</ele>
      </trkpt>
      <trkpt lat="47.95809" lon="7.24442">
        <ele>244.3</ele>
      </trkpt>
      <trkpt lat="47.95859" lon="7.24391">
        <ele>246.2</ele>
      </trkpt>
      <trkpt lat="47.95879" lon="7.24368">
        <ele>247.3</ele>
      </trkpt>
      <trkpt lat="47.95888" lon="7.24355">
        <ele>247.9</ele>
      </trkpt>
      <trkpt lat="47.95897" lon="7.24333">
        <ele>248.8</ele>
      </trkpt>
      <trkpt lat="47.95913" lon="7.24289">
        <ele>248.5</ele>
      </trkpt>
      <trkpt lat="47.95917" lon="7.2428">
        <ele>248.4</ele>
      </trkpt>
      <trkpt lat="47.95917" lon="7.2428">
        <ele>248.4</ele>
      </trkpt>
      <trkpt lat="47.95921" lon="7.24269">
        <ele>248.3</ele>
      </trkpt>
      <trkpt lat="47.95878" lon="7.2422">
        <ele>249.6</ele>
      </trkpt>
      <trkpt lat="47.95836" lon="7.24171">
        <ele>250.9</ele>
      </trkpt>
      <trkpt lat="47.95836" lon="7.24171">
        <ele>250.9</ele>
      </trkpt>
      <trkpt lat="47.95796" lon="7.24127">
        <ele>253.5</ele>
      </trkpt>
      <trkpt lat="47.95793" lon="7.24119">
        <ele>254.1</ele>
      </trkpt>
      <trkpt lat="47.95793" lon="7.24113">
        <ele>254.5</ele>
      </trkpt>
      <trkpt lat="47.95785" lon="7.24115">
        <ele>254.6</ele>
      </trkpt>
      <trkpt lat="47.95767" lon="7.24117">
        <ele>254.8</ele>
      </trkpt>
      <trkpt lat="47.95767" lon="7.24117">
        <ele>254.8</ele>
      </trkpt>
      <trkpt lat="47.95752" lon="7.24118">
        <ele>255.0</ele>
      </trkpt>
      <trkpt lat="47.95745" lon="7.24122">
        <ele>254.8</ele>
      </trkpt>
      <trkpt lat="47.95734" lon="7.24135">
        <ele>253.9</ele>
      </trkpt>
      <trkpt lat="47.95725" lon="7.24142">
        <ele>253.5</ele>
      </trkpt>
      <trkpt lat="47.95712" lon="7.24147">
        <ele>253.2</ele>
      </trkpt>
      <trkpt lat="47.95663" lon="7.24154">
        <ele>253.3</ele>
      </trkpt>
      <trkpt lat="47.95615" lon="7.24161">
        <ele>253.7</ele>
      </trkpt>
      <trkpt lat="47.95613" lon="7.24146">
        <ele>255.1</ele>
      </trkpt>
      <trkpt lat="47.95604" lon="7.24124">
        <ele>257.2</ele>
      </trkpt>
      <trkpt lat="47.95594" lon="7.24103">
        <ele>259.2</ele>
      </trkpt>
      <trkpt lat="47.95584" lon="7.24091">
        <ele>260.3</ele>
      </trkpt>
      <trkpt lat="47.95576" lon="7.24086">
        <ele>260.9</ele>
      </trkpt>
      <trkpt lat="47.95543" lon="7.24074">
        <ele>262.1</ele>
      </trkpt>
      <trkpt lat="47.95535" lon="7.24069">
        <ele>262.5</ele>
      </trkpt>
      <trkpt lat="47.95531" lon="7.24059">
        <ele>263.3</ele>
      </trkpt>
      <trkpt lat="47.9553" lon="7.2403">
        <ele>265.2</ele>
      </trkpt>
      <trkpt lat="47.95532" lon="7.23996">
        <ele>267.5</ele>
      </trkpt>
      <trkpt lat="47.95533" lon="7.23992">
        <ele>267.8</ele>
      </trkpt>
      <trkpt lat="47.95533" lon="7.23992">
        <ele>267.8</ele>
      </trkpt>
      <trkpt lat="47.95538" lon="7.23972">
        <ele>269.3</ele>
      </trkpt>
      <trkpt lat="47.9556" lon="7.23894">
        <ele>275.5</ele>
      </trkpt>
      <trkpt lat="47.9555" lon="7.23888">
        <ele>276.4</ele>
      </trkpt>
      <trkpt lat="47.95496" lon="7.23895">
        <ele>277.0</ele>
      </trkpt>
      <trkpt lat="47.95496" lon="7.23895">
        <ele>277.0</ele>
      </trkpt>
      <trkpt lat="47.95453" lon="7.23899">
        <ele>277.9</ele>
      </trkpt>
      <trkpt lat="47.95432" lon="7.23898">
        <ele>278.8</ele>
      </trkpt>
      <trkpt lat="47.95376" lon="7.23892">
        <ele>282.1</ele>
      </trkpt>
      <trkpt lat="47.95339" lon="7.23874">
        <ele>286.5</ele>
      </trkpt>
      <trkpt lat="47.95324" lon="7.2387">
        <ele>287.9</ele>
      </trkpt>
      <trkpt lat="47.95308" lon="7.2387">
        <ele>289.0</ele>
      </trkpt>
      <trkpt lat="47.95288" lon="7.23874">
        <ele>289.7</ele>
      </trkpt>
      <trkpt lat="47.95258" lon="7.2389">
        <ele>289.0</ele>
      </trkpt>
      <trkpt lat="47.95239" lon="7.23902">
        <ele>288.7</ele>
      </trkpt>
      <trkpt lat="47.95216" lon="7.23924">
        <ele>287.8</ele>
      </trkpt>
      <trkpt lat="47.9521" lon="7.23928">
        <ele>287.8</ele>
      </trkpt>
      <trkpt lat="47.95192" lon="7.23934">
        <ele>288.9</ele>
      </trkpt>
      <trkpt lat="47.95161" lon="7.23954">
        <ele>288.7</ele>
      </trkpt>
      <trkpt lat="47.95141" lon="7.23961">
        <ele>288.9</ele>
      </trkpt>
      <trkpt lat="47.95122" lon="7.23965">
        <ele>289.7</ele>
      </trkpt>
      <trkpt lat="47.95116" lon="7.23963">
        <ele>290.4</ele>
      </trkpt>
      <trkpt lat="47.95104" lon="7.23963">
        <ele>291.3</ele>
      </trkpt>
      <trkpt lat="47.95104" lon="7.23963">
        <ele>291.3</ele>
      </trkpt>
      <trkpt lat="47.95093" lon="7.23966">
        <ele>291.7</ele>
      </trkpt>
      <trkpt lat="47.95069" lon="7.23985">
        <ele>291.2</ele>
      </trkpt>
      <trkpt lat="47.95048" lon="7.24001">
        <ele>291.3</ele>
      </trkpt>
      <trkpt lat="47.9504" lon="7.24004">
        <ele>292.0</ele>
      </trkpt>
      <trkpt lat="47.95019" lon="7.24006">
        <ele>294.1</ele>
      </trkpt>
      <trkpt lat="47.94994" lon="7.24008">
        <ele>296.3</ele>
      </trkpt>
      <trkpt lat="47.94983" lon="7.24006">
        <ele>296.8</ele>
      </trkpt>
      <trkpt lat="47.94975" lon="7.24002">
        <ele>297.2</ele>
      </trkpt>
      <trkpt lat="47.94909" lon="7.23966">
        <ele>301.4</ele>
      </trkpt>
      <trkpt lat="47.94874" lon="7.23955">
        <ele>301.2</ele>
      </trkpt>
      <trkpt lat="47.94856" lon="7.23939">
        <ele>301.8</ele>
      </trkpt>
      <trkpt lat="47.94856" lon="7.23939">
        <ele>301.8</ele>
      </trkpt>
      <trkpt lat="47.94848" lon="7.23932">
        <ele>302.1</ele>
      </trkpt>
      <trkpt lat="47.94839" lon="7.23927">
        <ele>302.3</ele>
      </trkpt>
      <trkpt lat="47.94801" lon="7.23916">
        <ele>300.3</ele>
      </trkpt>
      <trkpt lat="47.94757" lon="7.23894">
        <ele>298.5</ele>
      </trkpt>
      <trkpt lat="47.94738" lon="7.23882">
        <ele>298.3</ele>
      </trkpt>
      <trkpt lat="47.94719" lon="7.23864">
        <ele>298.7</ele>
      </trkpt>
      <trkpt lat="47.94682" lon="7.23827">
        <ele>299.3</ele>
      </trkpt>
      <trkpt lat="47.94644" lon="7.23797">
        <ele>298.7</ele>
      </trkpt>
      <trkpt lat="47.94619" lon="7.23781">
        <ele>298.1</ele>
      </trkpt>
      <trkpt lat="47.946" lon="7.23771">
        <ele>297.5</ele>
      </trkpt>
      <trkpt lat="47.94587" lon="7.23758">
        <ele>297.6</ele>
      </trkpt>
      <trkpt lat="47.94531" lon="7.23698">
        <ele>296.6</ele>
      </trkpt>
      <trkpt lat="47.94514" lon="7.23682">
        <ele>296.6</ele>
      </trkpt>
      <trkpt lat="47.94506" lon="7.23681">
        <ele>296.0</ele>
      </trkpt>
      <trkpt lat="47.9449" lon="7.23683">
        <ele>294.3</ele>
      </trkpt>
      <trkpt lat="47.9449" lon="7.23683">
        <ele>294.3</ele>
      </trkpt>
      <trkpt lat="47.94482" lon="7.23685">
        <ele>293.3</ele>
      </trkpt>
      <trkpt lat="47.94472" lon="7.23684">
        <ele>292.4</ele>
      </trkpt>
      <trkpt lat="47.94462" lon="7.23679">
        <ele>292.0</ele>
      </trkpt>
      <trkpt lat="47.94453" lon="7.2367">
        <ele>292.1</ele>
      </trkpt>
      <trkpt lat="47.94439" lon="7.23652">
        <ele>291.8</ele>
      </trkpt>
      <trkpt lat="47.94427" lon="7.23638">
        <ele>291.2</ele>
      </trkpt>
      <trkpt lat="47.94396" lon="7.236">
        <ele>288.5</ele>
      </trkpt>
      <trkpt lat="47.94341" lon="7.23525">
        <ele>285.6</ele>
      </trkpt>
      <trkpt lat="47.94318" lon="7.23503">
        <ele>284.3</ele>
      </trkpt>
      <trkpt lat="47.94286" lon="7.23483">
        <ele>283.1</ele>
      </trkpt>
      <trkpt lat="47.94252" lon="7.23469">
        <ele>281.2</ele>
      </trkpt>
      <trkpt lat="47.94179" lon="7.23418">
        <ele>278.2</ele>
      </trkpt>
      <trkpt lat="47.94138" lon="7.23388">
        <ele>275.5</ele>
      </trkpt>
      <trkpt lat="47.94117" lon="7.23378">
        <ele>273.9</ele>
      </trkpt>
      <trkpt lat="47.94085" lon="7.23369">
        <ele>271.2</ele>
      </trkpt>
      <trkpt lat="47.94074" lon="7.23372">
        <ele>269.9</ele>
      </trkpt>
      <trkpt lat="47.94069" lon="7.23375">
        <ele>269.2</ele>
      </trkpt>
      <trkpt lat="47.94065" lon="7.23375">
        <ele>268.9</ele>
      </trkpt>
      <trkpt lat="47.94057" lon="7.23373">
        <ele>268.3</ele>
      </trkpt>
      <trkpt lat="47.94047" lon="7.23365">
        <ele>267.9</ele>
      </trkpt>
      <trkpt lat="47.94047" lon="7.23365">
        <ele>267.9</ele>
      </trkpt>
      <trkpt lat="47.94005" lon="7.23327">
        <ele>265.9</ele>
      </trkpt>
      <trkpt lat="47.93952" lon="7.23287">
        <ele>263.7</ele>
      </trkpt>
      <trkpt lat="47.93926" lon="7.23269">
        <ele>262.2</ele>
      </trkpt>
      <trkpt lat="47.93903" lon="7.23255">
        <ele>261.5</ele>
      </trkpt>
      <trkpt lat="47.93861" lon="7.2323">
        <ele>262.0</ele>
      </trkpt>
      <trkpt lat="47.93818" lon="7.23205">
        <ele>262.0</ele>
      </trkpt>
      <trkpt lat="47.93807" lon="7.232">
        <ele>261.7</ele>
      </trkpt>
      <trkpt lat="47.93807" lon="7.232">
        <ele>261.7</ele>
      </trkpt>
      <trkpt lat="47.93801" lon="7.23199">
        <ele>261.5</ele>
      </trkpt>
      <trkpt lat="47.93796" lon="7.23201">
        <ele>261.2</ele>
      </trkpt>
      <trkpt lat="47.93774" lon="7.23217">
        <ele>259.9</ele>
      </trkpt>
      <trkpt lat="47.93757" lon="7.2323">
        <ele>259.2</ele>
      </trkpt>
      <trkpt lat="47.93752" lon="7.2324">
        <ele>259.0</ele>
      </trkpt>
      <trkpt lat="47.93739" lon="7.23243">
        <ele>259.5</ele>
      </trkpt>
      <trkpt lat="47.93739" lon="7.23243">
        <ele>259.5</ele>
      </trkpt>
      <trkpt lat="47.93723" lon="7.2325">
        <ele>260.3</ele>
      </trkpt>
      <trkpt lat="47.93717" lon="7.23253">
        <ele>260.5</ele>
      </trkpt>
      <trkpt lat="47.93708" lon="7.2326">
        <ele>260.8</ele>
      </trkpt>
      <trkpt lat="47.93699" lon="7.23267">
        <ele>261.0</ele>
      </trkpt>
      <trkpt lat="47.93693" lon="7.23274">
        <ele>261.2</ele>
      </trkpt>
      <trkpt lat="47.93684" lon="7.23287">
        <ele>261.3</ele>
      </trkpt>
      <trkpt lat="47.93675" lon="7.23308">
        <ele>261.2</ele>
      </trkpt>
      <trkpt lat="47.93672" lon="7.23313">
        <ele>261.2</ele>
      </trkpt>
      <trkpt lat="47.93665" lon="7.2332">
        <ele>261.4</ele>
      </trkpt>
      <trkpt lat="47.9366" lon="7.23322">
        <ele>261.7</ele>
      </trkpt>
      <trkpt lat="47.93632" lon="7.23327">
        <ele>263.3</ele>
      </trkpt>
      <trkpt lat="47.93619" lon="7.23331">
        <ele>263.9</ele>
      </trkpt>
      <trkpt lat="47.93565" lon="7.23348">
        <ele>265.3</ele>
      </trkpt>
      <trkpt lat="47.93565" lon="7.23348">
        <ele>265.3</ele>
      </trkpt>
      <trkpt lat="47.93556" lon="7.23351">
        <ele>265.3</ele>
      </trkpt>
      <trkpt lat="47.93559" lon="7.23381">
        <ele>263.4</ele>
      </trkpt>
      <trkpt lat="47.93557" lon="7.23387">
        <ele>263.1</ele>
      </trkpt>
      <trkpt lat="47.93551" lon="7.23389">
        <ele>263.0</ele>
      </trkpt>
      <trkpt lat="47.93553" lon="7.23442">
        <ele>260.1</ele>
      </trkpt>
      <trkpt lat="47.93553" lon="7.23442">
        <ele>260.1</ele>
      </trkpt>
      <trkpt lat="47.93555" lon="7.23504">
        <ele>257.2</ele>
      </trkpt>
      <trkpt lat="47.93557" lon="7.23519">
        <ele>256.5</ele>
      </trkpt>
      <trkpt lat="47.93584" lon="7.23592">
        <ele>252.7</ele>
      </trkpt>
      <trkpt lat="47.93611" lon="7.23666">
        <ele>250.0</ele>
      </trkpt>
      <trkpt lat="47.93613" lon="7.23678">
        <ele>249.9</ele>
      </trkpt>
      <trkpt lat="47.93614" lon="7.23693">
        <ele>249.8</ele>
      </trkpt>
      <trkpt lat="47.93615" lon="7.23721">
        <ele>249.6</ele>
      </trkpt>
      <trkpt lat="47.93613" lon="7.23772">
        <ele>248.9</ele>
      </trkpt>
      <trkpt lat="47.93608" lon="7.23837">
        <ele>247.7</ele>
      </trkpt>
      <trkpt lat="47.93608" lon="7.23837">
        <ele>247.7</ele>
      </trkpt>
      <trkpt lat="47.93607" lon="7.23852">
        <ele>247.7</ele>
      </trkpt>
      <trkpt lat="47.93599" lon="7.23851">
        <ele>247.8</ele>
      </trkpt>
      <trkpt lat="47.93583" lon="7.23866">
        <ele>247.6</ele>
      </trkpt>
      <trkpt lat="47.9353" lon="7.23897">
        <ele>246.1</ele>
      </trkpt>
      <trkpt lat="47.93486" lon="7.23929">
        <ele>244.9</ele>
      </trkpt>
      <trkpt lat="47.93468" lon="7.23949">
        <ele>244.8</ele>
      </trkpt>
      <trkpt lat="47.93464" lon="7.23952">
        <ele>244.8</ele>
      </trkpt>
      <trkpt lat="47.93454" lon="7.23955">
        <ele>244.8</ele>
      </trkpt>
      <trkpt lat="47.93394" lon="7.23935">
        <ele>245.1</ele>
      </trkpt>
      <trkpt lat="47.93387" lon="7.23932">
        <ele>245.1</ele>
      </trkpt>
      <trkpt lat="47.93333" lon="7.23899">
        <ele>245.2</ele>
      </trkpt>
      <trkpt lat="47.93329" lon="7.23953">
        <ele>245.3</ele>
      </trkpt>
      <trkpt lat="47.93329" lon="7.23953">
        <ele>245.3</ele>
      </trkpt>
      <trkpt lat="47.93327" lon="7.2397">
        <ele>245.5</ele>
      </trkpt>
      <trkpt lat="47.93325" lon="7.23976">
        <ele>245.5</ele>
      </trkpt>
      <trkpt lat="47.93323" lon="7.23981">
        <ele>245.5</ele>
      </trkpt>
      <trkpt lat="47.93308" lon="7.23999">
        <ele>245.8</ele>
      </trkpt>
      <trkpt lat="47.93301" lon="7.24009">
        <ele>246.0</ele>
      </trkpt>
      <trkpt lat="47.93265" lon="7.24058">
        <ele>247.0</ele>
      </trkpt>
      <trkpt lat="47.93244" lon="7.24089">
        <ele>248.1</ele>
      </trkpt>
      <trkpt lat="47.93217" lon="7.24121">
        <ele>249.3</ele>
      </trkpt>
      <trkpt lat="47.93202" lon="7.24135">
        <ele>249.8</ele>
      </trkpt>
      <trkpt lat="47.93189" lon="7.24144">
        <ele>250.0</ele>
      </trkpt>
      <trkpt lat="47.93168" lon="7.24152">
        <ele>249.8</ele>
      </trkpt>
      <trkpt lat="47.93149" lon="7.24157">
        <ele>250.0</ele>
      </trkpt>
      <trkpt lat="47.93095" lon="7.24164">
        <ele>249.9</ele>
      </trkpt>
      <trkpt lat="47.93095" lon="7.24164">
        <ele>249.9</ele>
      </trkpt>
      <trkpt lat="47.9309" lon="7.24165">
        <ele>249.9</ele>
      </trkpt>
      <trkpt lat="47.93083" lon="7.2416">
        <ele>249.3</ele>
      </trkpt>
      <trkpt lat="47.93033" lon="7.2417">
        <ele>247.4</ele>
      </trkpt>
      <trkpt lat="47.93017" lon="7.24171">
        <ele>246.6</ele>
      </trkpt>
      <trkpt lat="47.93017" lon="7.24171">
        <ele>246.6</ele>
      </trkpt>
      <trkpt lat="47.93008" lon="7.24171">
        <ele>246.1</ele>
      </trkpt>
      <trkpt lat="47.9296" lon="7.24161">
        <ele>243.7</ele>
      </trkpt>
      <trkpt lat="47.92934" lon="7.24167">
        <ele>243.4</ele>
      </trkpt>
      <trkpt lat="47.92913" lon="7.24175">
        <ele>243.6</ele>
      </trkpt>
      <trkpt lat="47.92889" lon="7.24192">
        <ele>243.7</ele>
      </trkpt>
      <trkpt lat="47.92874" lon="7.2421">
        <ele>243.5</ele>
      </trkpt>
      <trkpt lat="47.92864" lon="7.24225">
        <ele>243.1</ele>
      </trkpt>
      <trkpt lat="47.92854" lon="7.24249">
        <ele>242.5</ele>
      </trkpt>
      <trkpt lat="47.92854" lon="7.24249">
        <ele>242.5</ele>
      </trkpt>
      <trkpt lat="47.92845" lon="7.24271">
        <ele>242.0</ele>
      </trkpt>
      <trkpt lat="47.92833" lon="7.24311">
        <ele>241.4</ele>
      </trkpt>
      <trkpt lat="47.92819" lon="7.24345">
        <ele>241.6</ele>
      </trkpt>
      <trkpt lat="47.92809" lon="7.24366">
        <ele>241.8</ele>
      </trkpt>
      <trkpt lat="47.92778" lon="7.24415">
        <ele>240.6</ele>
      </trkpt>
      <trkpt lat="47.92729" lon="7.24473">
        <ele>238.2</ele>
      </trkpt>
      <trkpt lat="47.92676" lon="7.24524">
        <ele>237.6</ele>
      </trkpt>
      <trkpt lat="47.92639" lon="7.2457">
        <ele>237.5</ele>
      </trkpt>
      <trkpt lat="47.92602" lon="7.24616">
        <ele>236.7</ele>
      </trkpt>
      <trkpt lat="47.92572" lon="7.24662">
        <ele>236.5</ele>
      </trkpt>
      <trkpt lat="47.92565" lon="7.24676">
        <ele>236.5</ele>
      </trkpt>
      <trkpt lat="47.92565" lon="7.24676">
        <ele>236.5</ele>
      </trkpt>
      <trkpt lat="47.9254" lon="7.24724">
        <ele>236.1</ele>
      </trkpt>
      <trkpt lat="47.92531" lon="7.24734">
        <ele>235.7</ele>
      </trkpt>
      <trkpt lat="47.92524" lon="7.24736">
        <ele>235.3</ele>
      </trkpt>
      <trkpt lat="47.925" lon="7.24739">
        <ele>234.7</ele>
      </trkpt>
      <trkpt lat="47.92493" lon="7.2474">
        <ele>234.6</ele>
      </trkpt>
      <trkpt lat="47.92428" lon="7.24747">
        <ele>233.2</ele>
      </trkpt>
      <trkpt lat="47.92379" lon="7.24747">
        <ele>233.1</ele>
      </trkpt>
      <trkpt lat="47.92335" lon="7.24744">
        <ele>233.1</ele>
      </trkpt>
      <trkpt lat="47.92321" lon="7.24744">
        <ele>233.4</ele>
      </trkpt>
      <trkpt lat="47.9231" lon="7.24747">
        <ele>233.6</ele>
      </trkpt>
      <trkpt lat="47.923" lon="7.24754">
        <ele>233.8</ele>
      </trkpt>
      <trkpt lat="47.92292" lon="7.24766">
        <ele>233.8</ele>
      </trkpt>
      <trkpt lat="47.92269" lon="7.24817">
        <ele>233.7</ele>
      </trkpt>
      <trkpt lat="47.92269" lon="7.24817">
        <ele>233.7</ele>
      </trkpt>
      <trkpt lat="47.92261" lon="7.24835">
        <ele>233.7</ele>
      </trkpt>
      <trkpt lat="47.92249" lon="7.24857">
        <ele>234.0</ele>
      </trkpt>
      <trkpt lat="47.92228" lon="7.2489">
        <ele>234.1</ele>
      </trkpt>
      <trkpt lat="47.92205" lon="7.24922">
        <ele>234.0</ele>
      </trkpt>
      <trkpt lat="47.92193" lon="7.24936">
        <ele>233.9</ele>
      </trkpt>
      <trkpt lat="47.92178" lon="7.24952">
        <ele>233.9</ele>
      </trkpt>
      <trkpt lat="47.92144" lon="7.24978">
        <ele>234.6</ele>
      </trkpt>
      <trkpt lat="47.92098" lon="7.25008">
        <ele>235.6</ele>
      </trkpt>
      <trkpt lat="47.92052" lon="7.25036">
        <ele>236.2</ele>
      </trkpt>
      <trkpt lat="47.9204" lon="7.25042">
        <ele>236.3</ele>
      </trkpt>
      <trkpt lat="47.9204" lon="7.25042">
        <ele>236.3</ele>
      </trkpt>
      <trkpt lat="47.9203" lon="7.25047">
        <ele>236.3</ele>
      </trkpt>
      <trkpt lat="47.92023" lon="7.25056">
        <ele>236.0</ele>
      </trkpt>
      <trkpt lat="47.92014" lon="7.25072">
        <ele>235.5</ele>
      </trkpt>
      <trkpt lat="47.92009" lon="7.25088">
        <ele>234.9</ele>
      </trkpt>
      <trkpt lat="47.92008" lon="7.25096">
        <ele>234.7</ele>
      </trkpt>
      <trkpt lat="47.92008" lon="7.25107">
        <ele>234.4</ele>
      </trkpt>
      <trkpt lat="47.92011" lon="7.2514">
        <ele>233.6</ele>
      </trkpt>
      <trkpt lat="47.9201" lon="7.25146">
        <ele>233.5</ele>
      </trkpt>
      <trkpt lat="47.91978" lon="7.25126">
        <ele>234.2</ele>
      </trkpt>
      <trkpt lat="47.91978" lon="7.25126">
        <ele>234.2</ele>
      </trkpt>
      <trkpt lat="47.91918" lon="7.25086">
        <ele>235.0</ele>
      </trkpt>
      <trkpt lat="47.91857" lon="7.25047">
        <ele>236.8</ele>
      </trkpt>
      <trkpt lat="47.91797" lon="7.25008">
        <ele>236.6</ele>
      </trkpt>
      <trkpt lat="47.91778" lon="7.24989">
        <ele>236.6</ele>
      </trkpt>
      <trkpt lat="47.9175" lon="7.24958">
        <ele>237.0</ele>
      </trkpt>
      <trkpt lat="47.91733" lon="7.24935">
        <ele>238.2</ele>
      </trkpt>
      <trkpt lat="47.91731" lon="7.24924">
        <ele>238.5</ele>
      </trkpt>
      <trkpt lat="47.91729" lon="7.24919">
        <ele>238.7</ele>
      </trkpt>
      <trkpt lat="47.91701" lon="7.24882">
        <ele>240.4</ele>
      </trkpt>
      <trkpt lat="47.91701" lon="7.24882">
        <ele>240.4</ele>
      </trkpt>
      <trkpt lat="47.91694" lon="7.24874">
        <ele>240.7</ele>
      </trkpt>
      <trkpt lat="47.91646" lon="7.24814">
        <ele>242.5</ele>
      </trkpt>
      <trkpt lat="47.91632" lon="7.24798">
        <ele>242.8</ele>
      </trkpt>
      <trkpt lat="47.91594" lon="7.2476">
        <ele>243.8</ele>
      </trkpt>
      <trkpt lat="47.91556" lon="7.24721">
        <ele>244.9</ele>
      </trkpt>
      <trkpt lat="47.91536" lon="7.24702">
        <ele>245.4</ele>
      </trkpt>
      <trkpt lat="47.91499" lon="7.24679">
        <ele>245.9</ele>
      </trkpt>
      <trkpt lat="47.91477" lon="7.24664">
        <ele>246.3</ele>
      </trkpt>
      <trkpt lat="47.91477" lon="7.24664">
        <ele>246.3</ele>
      </trkpt>
      <trkpt lat="47.91469" lon="7.24659">
        <ele>246.5</ele>
      </trkpt>
      <trkpt lat="47.91442" lon="7.24632">
        <ele>247.1</ele>
      </trkpt>
      <trkpt lat="47.91407" lon="7.24591">
        <ele>247.9</ele>
      </trkpt>
      <trkpt lat="47.91371" lon="7.24636">
        <ele>248.1</ele>
      </trkpt>
      <trkpt lat="47.91352" lon="7.24658">
        <ele>248.5</ele>
      </trkpt>
      <trkpt lat="47.91291" lon="7.24697">
        <ele>249.5</ele>
      </trkpt>
      <trkpt lat="47.91285" lon="7.24701">
        <ele>249.5</ele>
      </trkpt>
      <trkpt lat="47.91285" lon="7.24701">
        <ele>249.5</ele>
      </trkpt>
      <trkpt lat="47.91225" lon="7.24736">
        <ele>248.9</ele>
      </trkpt>
      <trkpt lat="47.91173" lon="7.24763">
        <ele>247.8</ele>
      </trkpt>
      <trkpt lat="47.91121" lon="7.2479">
        <ele>247.6</ele>
      </trkpt>
      <trkpt lat="47.91051" lon="7.24821">
        <ele>247.6</ele>
      </trkpt>
      <trkpt lat="47.9098" lon="7.24851">
        <ele>247.0</ele>
      </trkpt>
      <trkpt lat="47.90915" lon="7.24872">
        <ele>247.1</ele>
      </trkpt>
      <trkpt lat="47.9085" lon="7.24893">
        <ele>247.9</ele>
      </trkpt>
      <trkpt lat="47.9085" lon="7.24893">
        <ele>247.9</ele>
      </trkpt>
      <trkpt lat="47.90839" lon="7.24896">
        <ele>248.1</ele>
      </trkpt>
      <trkpt lat="47.90764" lon="7.24913">
        <ele>250.5</ele>
      </trkpt>
      <trkpt lat="47.90746" lon="7.24916">
        <ele>251.0</ele>
      </trkpt>
      <trkpt lat="47.9074" lon="7.24914">
        <ele>250.9</ele>
      </trkpt>
      <trkpt lat="47.90735" lon="7.24909">
        <ele>250.8</ele>
      </trkpt>
      <trkpt lat="47.90733" lon="7.24912">
        <ele>250.8</ele>
      </trkpt>
      <trkpt lat="47.90727" lon="7.24915">
        <ele>250.7</ele>
      </trkpt>
      <trkpt lat="47.90696" lon="7.24922">
        <ele>250.3</ele>
      </trkpt>
      <trkpt lat="47.90675" lon="7.24929">
        <ele>250.0</ele>
      </trkpt>
      <trkpt lat="47.90675" lon="7.24929">
        <ele>250.0</ele>
      </trkpt>
      <trkpt lat="47.90609" lon="7.24949">
        <ele>251.7</ele>
      </trkpt>
      <trkpt lat="47.9059" lon="7.24951">
        <ele>252.3</ele>
      </trkpt>
      <trkpt lat="47.90584" lon="7.24951">
        <ele>252.6</ele>
      </trkpt>
      <trkpt lat="47.90553" lon="7.24939">
        <ele>252.0</ele>
      </trkpt>
      <trkpt lat="47.90544" lon="7.24938">
        <ele>251.8</ele>
      </trkpt>
      <trkpt lat="47.9051" lon="7.24943">
        <ele>250.9</ele>
      </trkpt>
      <trkpt lat="47.9049" lon="7.24949">
        <ele>250.7</ele>
      </trkpt>
      <trkpt lat="47.90445" lon="7.24971">
        <ele>251.0</ele>
      </trkpt>
      <trkpt lat="47.90414" lon="7.24973">
        <ele>251.3</ele>
      </trkpt>
      <trkpt lat="47.90414" lon="7.24973">
        <ele>251.3</ele>
      </trkpt>
      <trkpt lat="47.90404" lon="7.2498">
        <ele>251.0</ele>
      </trkpt>
      <trkpt lat="47.90397" lon="7.24976">
        <ele>251.0</ele>
      </trkpt>
      <trkpt lat="47.90391" lon="7.24974">
        <ele>250.9</ele>
      </trkpt>
      <trkpt lat="47.90389" lon="7.2497">
        <ele>250.9</ele>
      </trkpt>
      <trkpt lat="47.90395" lon="7.24898">
        <ele>251.9</ele>
      </trkpt>
      <trkpt lat="47.90401" lon="7.24879">
        <ele>251.7</ele>
      </trkpt>
      <trkpt lat="47.90406" lon="7.24852">
        <ele>251.4</ele>
      </trkpt>
      <trkpt lat="47.9041" lon="7.24825">
        <ele>251.3</ele>
      </trkpt>
      <trkpt lat="47.90416" lon="7.24766">
        <ele>251.8</ele>
      </trkpt>
      <trkpt lat="47.90418" lon="7.24703">
        <ele>251.9</ele>
      </trkpt>
      <trkpt lat="47.90415" lon="7.24647">
        <ele>252.3</ele>
      </trkpt>
      <trkpt lat="47.90415" lon="7.24647">
        <ele>252.3</ele>
      </trkpt>
      <trkpt lat="47.90412" lon="7.24585">
        <ele>253.1</ele>
      </trkpt>
      <trkpt lat="47.90406" lon="7.24482">
        <ele>254.8</ele>
      </trkpt>
      <trkpt lat="47.90402" lon="7.24385">
        <ele>256.4</ele>
      </trkpt>
      <trkpt lat="47.90403" lon="7.24338">
        <ele>256.3</ele>
      </trkpt>
      <trkpt lat="47.90407" lon="7.2432">
        <ele>256.1</ele>
      </trkpt>
      <trkpt lat="47.90411" lon="7.2429">
        <ele>255.7</ele>
      </trkpt>
      <trkpt lat="47.90416" lon="7.24242">
        <ele>255.4</ele>
      </trkpt>
      <trkpt lat="47.90417" lon="7.2422">
        <ele>256.4</ele>
      </trkpt>
      <trkpt lat="47.90415" lon="7.24211">
        <ele>256.9</ele>
      </trkpt>
      <trkpt lat="47.90415" lon="7.24211">
        <ele>256.9</ele>
      </trkpt>
      <trkpt lat="47.904" lon="7.24178">
        <ele>257.8</ele>
      </trkpt>
      <trkpt lat="47.90396" lon="7.24177">
        <ele>258.0</ele>
      </trkpt>
      <trkpt lat="47.90379" lon="7.24178">
        <ele>258.6</ele>
      </trkpt>
      <trkpt lat="47.90371" lon="7.24096">
        <ele>260.6</ele>
      </trkpt>
      <trkpt lat="47.90366" lon="7.24022">
        <ele>260.7</ele>
      </trkpt>
      <trkpt lat="47.90361" lon="7.23947">
        <ele>260.2</ele>
      </trkpt>
      <trkpt lat="47.90361" lon="7.23947">
        <ele>260.2</ele>
      </trkpt>
      <trkpt lat="47.90358" lon="7.23905">
        <ele>260.0</ele>
      </trkpt>
      <trkpt lat="47.90357" lon="7.23887">
        <ele>260.1</ele>
      </trkpt>
      <trkpt lat="47.90353" lon="7.23875">
        <ele>260.1</ele>
      </trkpt>
      <trkpt lat="47.90324" lon="7.23881">
        <ele>259.9</ele>
      </trkpt>
      <trkpt lat="47.90295" lon="7.23885">
        <ele>259.7</ele>
      </trkpt>
      <trkpt lat="47.90259" lon="7.23887">
        <ele>259.4</ele>
      </trkpt>
      <trkpt lat="47.90259" lon="7.23887">
        <ele>259.4</ele>
      </trkpt>
      <trkpt lat="47.90217" lon="7.2389">
        <ele>260.1</ele>
      </trkpt>
      <trkpt lat="47.90215" lon="7.2385">
        <ele>260.1</ele>
      </trkpt>
      <trkpt lat="47.90212" lon="7.23835">
        <ele>260.0</ele>
      </trkpt>
      <trkpt lat="47.90206" lon="7.23773">
        <ele>260.0</ele>
      </trkpt>
      <trkpt lat="47.902" lon="7.23718">
        <ele>261.0</ele>
      </trkpt>
      <trkpt lat="47.902" lon="7.23718">
        <ele>261.0</ele>
      </trkpt>
      <trkpt lat="47.90198" lon="7.23702">
        <ele>261.5</ele>
      </trkpt>
      <trkpt lat="47.90191" lon="7.23704">
        <ele>261.5</ele>
      </trkpt>
      <trkpt lat="47.90178" lon="7.23703">
        <ele>261.6</ele>
      </trkpt>
      <trkpt lat="47.90165" lon="7.23705">
        <ele>261.7</ele>
      </trkpt>
      <trkpt lat="47.90157" lon="7.23696">
        <ele>262.3</ele>
      </trkpt>
      <trkpt lat="47.90149" lon="7.237">
        <ele>262.4</ele>
      </trkpt>
      <trkpt lat="47.90137" lon="7.23695">
        <ele>262.9</ele>
      </trkpt>
      <trkpt lat="47.90127" lon="7.23689">
        <ele>263.4</ele>
      </trkpt>
      <trkpt lat="47.9006" lon="7.23673">
        <ele>265.5</ele>
      </trkpt>
      <trkpt lat="47.90057" lon="7.23676">
        <ele>265.6</ele>
      </trkpt>
      <trkpt lat="47.90057" lon="7.23676">
        <ele>265.6</ele>
      </trkpt>
      <trkpt lat="47.90021" lon="7.23701">
        <ele>266.7</ele>
      </trkpt>
      <trkpt lat="47.90017" lon="7.23702">
        <ele>266.8</ele>
      </trkpt>
      <trkpt lat="47.90013" lon="7.23697">
        <ele>266.9</ele>
      </trkpt>
      <trkpt lat="47.90011" lon="7.23689">
        <ele>266.9</ele>
      </trkpt>
      <trkpt lat="47.90002" lon="7.23592">
        <ele>267.0</ele>
      </trkpt>
      <trkpt lat="47.89993" lon="7.23494">
        <ele>268.0</ele>
      </trkpt>
      <trkpt lat="47.89984" lon="7.23397">
        <ele>267.4</ele>
      </trkpt>
      <trkpt lat="47.89979" lon="7.23385">
        <ele>267.2</ele>
      </trkpt>
      <trkpt lat="47.89979" lon="7.23385">
        <ele>267.2</ele>
      </trkpt>
      <trkpt lat="47.89974" lon="7.23372">
        <ele>267.2</ele>
      </trkpt>
      <trkpt lat="47.89973" lon="7.23348">
        <ele>267.3</ele>
      </trkpt>
      <trkpt lat="47.8999" lon="7.23357">
        <ele>267.3</ele>
      </trkpt>
      <trkpt lat="47.90003" lon="7.23357">
        <ele>267.3</ele>
      </trkpt>
      <trkpt lat="47.90012" lon="7.23355">
        <ele>267.5</ele>
      </trkpt>
      <trkpt lat="47.90023" lon="7.23346">
        <ele>267.7</ele>
      </trkpt>
      <trkpt lat="47.90032" lon="7.23331">
        <ele>267.8</ele>
      </trkpt>
      <trkpt lat="47.90038" lon="7.23313">
        <ele>268.0</ele>
      </trkpt>
      <trkpt lat="47.9004" lon="7.23281">
        <ele>268.3</ele>
      </trkpt>
      <trkpt lat="47.90046" lon="7.23191">
        <ele>268.6</ele>
      </trkpt>
      <trkpt lat="47.90039" lon="7.23171">
        <ele>268.5</ele>
      </trkpt>
      <trkpt lat="47.90038" lon="7.23164">
        <ele>268.5</ele>
      </trkpt>
      <trkpt lat="47.9004" lon="7.23137">
        <ele>268.9</ele>
      </trkpt>
      <trkpt lat="47.9004" lon="7.23137">
        <ele>268.9</ele>
      </trkpt>
      <trkpt lat="47.90041" lon="7.23115">
        <ele>269.1</ele>
      </trkpt>
      <trkpt lat="47.9004" lon="7.23104">
        <ele>269.3</ele>
      </trkpt>
      <trkpt lat="47.90002" lon="7.23111">
        <ele>269.3</ele>
      </trkpt>
      <trkpt lat="47.90003" lon="7.23078">
        <ele>270.0</ele>
      </trkpt>
      <trkpt lat="47.90003" lon="7.23078">
        <ele>270.0</ele>
      </trkpt>
      <trkpt lat="47.90005" lon="7.23049">
        <ele>270.0</ele>
      </trkpt>
      <trkpt lat="47.90007" lon="7.23031">
        <ele>270.0</ele>
      </trkpt>
      <trkpt lat="47.9001" lon="7.23011">
        <ele>270.1</ele>
      </trkpt>
      <trkpt lat="47.90026" lon="7.22962">
        <ele>270.2</ele>
      </trkpt>
      <trkpt lat="47.90037" lon="7.22934">
        <ele>270.1</ele>
      </trkpt>
      <trkpt lat="47.90057" lon="7.22888">
        <ele>270.0</ele>
      </trkpt>
      <trkpt lat="47.90072" lon="7.22851">
        <ele>270.5</ele>
      </trkpt>
      <trkpt lat="47.90085" lon="7.22796">
        <ele>271.9</ele>
      </trkpt>
      <trkpt lat="47.90097" lon="7.22715">
        <ele>272.6</ele>
      </trkpt>
      <trkpt lat="47.90108" lon="7.22654">
        <ele>271.9</ele>
      </trkpt>
      <trkpt lat="47.90108" lon="7.22654">
        <ele>271.9</ele>
      </trkpt>
      <trkpt lat="47.90115" lon="7.22617">
        <ele>271.7</ele>
      </trkpt>
      <trkpt lat="47.90114" lon="7.22614">
        <ele>271.7</ele>
      </trkpt>
      <trkpt lat="47.90069" lon="7.22601">
        <ele>270.6</ele>
      </trkpt>
      <trkpt lat="47.90088" lon="7.22523">
        <ele>270.9</ele>
      </trkpt>
      <trkpt lat="47.90088" lon="7.22523">
        <ele>270.9</ele>
      </trkpt>
      <trkpt lat="47.90112" lon="7.22454">
        <ele>272.4</ele>
      </trkpt>
      <trkpt lat="47.90135" lon="7.22389">
        <ele>273.9</ele>
      </trkpt>
      <trkpt lat="47.90136" lon="7.22368">
        <ele>274.7</ele>
      </trkpt>
      <trkpt lat="47.90135" lon="7.22365">
        <ele>274.8</ele>
      </trkpt>
      <trkpt lat="47.90124" lon="7.22342">
        <ele>275.2</ele>
      </trkpt>
      <trkpt lat="47.90119" lon="7.22329">
        <ele>275.3</ele>
      </trkpt>
      <trkpt lat="47.90119" lon="7.22322">
        <ele>275.2</ele>
      </trkpt>
      <trkpt lat="47.90172" lon="7.22274">
        <ele>276.4</ele>
      </trkpt>
      <trkpt lat="47.90174" lon="7.22267">
        <ele>276.4</ele>
      </trkpt>
      <trkpt lat="47.90174" lon="7.22259">
        <ele>276.4</ele>
      </trkpt>
      <trkpt lat="47.90173" lon="7.2225">
        <ele>276.2</ele>
      </trkpt>
      <trkpt lat="47.90174" lon="7.22245">
        <ele>276.3</ele>
      </trkpt>
      <trkpt lat="47.90182" lon="7.22238">
        <ele>276.6</ele>
      </trkpt>
      <trkpt lat="47.90186" lon="7.22239">
        <ele>276.8</ele>
      </trkpt>
      <trkpt lat="47.9019" lon="7.22203">
        <ele>277.2</ele>
      </trkpt>
      <trkpt lat="47.9019" lon="7.22203">
        <ele>277.2</ele>
      </trkpt>
      <trkpt lat="47.90197" lon="7.22149">
        <ele>277.7</ele>
      </trkpt>
      <trkpt lat="47.90201" lon="7.22128">
        <ele>277.7</ele>
      </trkpt>
      <trkpt lat="47.9021" lon="7.22093">
        <ele>277.7</ele>
      </trkpt>
      <trkpt lat="47.90219" lon="7.22065">
        <ele>278.3</ele>
      </trkpt>
      <trkpt lat="47.9023" lon="7.22038">
        <ele>279.1</ele>
      </trkpt>
      <trkpt lat="47.9025" lon="7.22002">
        <ele>280.0</ele>
      </trkpt>
      <trkpt lat="47.9025" lon="7.22002">
        <ele>280.0</ele>
      </trkpt>
      <trkpt lat="47.90256" lon="7.21993">
        <ele>280.5</ele>
      </trkpt>
      <trkpt lat="47.90242" lon="7.21973">
        <ele>281.5</ele>
      </trkpt>
      <trkpt lat="47.90242" lon="7.21973">
        <ele>281.5</ele>
      </trkpt>
      <trkpt lat="47.90187" lon="7.21895">
        <ele>283.3</ele>
      </trkpt>
      <trkpt lat="47.90187" lon="7.21895">
        <ele>283.3</ele>
      </trkpt>
      <trkpt lat="47.90154" lon="7.21848">
        <ele>283.7</ele>
      </trkpt>
      <trkpt lat="47.90147" lon="7.21855">
        <ele>283.0</ele>
      </trkpt>
      <trkpt lat="47.90147" lon="7.21855">
        <ele>283.0</ele>
      </trkpt>
      <trkpt lat="47.90101" lon="7.21894">
        <ele>278.9</ele>
      </trkpt>
      <trkpt lat="47.90055" lon="7.21934">
        <ele>277.5</ele>
      </trkpt>
      <trkpt lat="47.90055" lon="7.21934">
        <ele>277.5</ele>
      </trkpt>
      <trkpt lat="47.90013" lon="7.2197">
        <ele>277.9</ele>
      </trkpt>
      <trkpt lat="47.89972" lon="7.22006">
        <ele>277.7</ele>
      </trkpt>
      <trkpt lat="47.89972" lon="7.22006">
        <ele>277.7</ele>
      </trkpt>
      <trkpt lat="47.89963" lon="7.22005">
        <ele>277.6</ele>
      </trkpt>
      <trkpt lat="47.89943" lon="7.21999">
        <ele>277.3</ele>
      </trkpt>
      <trkpt lat="47.89943" lon="7.21999">
        <ele>277.3</ele>
      </trkpt>
      <trkpt lat="47.89937" lon="7.22015">
        <ele>277.4</ele>
      </trkpt>
      <trkpt lat="47.89916" lon="7.22055">
        <ele>277.6</ele>
      </trkpt>
      <trkpt lat="47.89916" lon="7.22055">
        <ele>277.6</ele>
      </trkpt>
      <trkpt lat="47.89859" lon="7.22105">
        <ele>275.8</ele>
      </trkpt>
      <trkpt lat="47.89802" lon="7.22154">
        <ele>274.6</ele>
      </trkpt>
      <trkpt lat="47.89802" lon="7.22154">
        <ele>274.6</ele>
      </trkpt>
      <trkpt lat="47.89734" lon="7.22214">
        <ele>273.2</ele>
      </trkpt>
      <trkpt lat="47.89682" lon="7.22258">
        <ele>272.2</ele>
      </trkpt>
      <trkpt lat="47.89631" lon="7.22301">
        <ele>272.0</ele>
      </trkpt>
      <trkpt lat="47.89574" lon="7.22351">
        <ele>271.6</ele>
      </trkpt>
      <trkpt lat="47.89534" lon="7.22385">
        <ele>270.8</ele>
      </trkpt>
      <trkpt lat="47.89495" lon="7.22418">
        <ele>269.9</ele>
      </trkpt>
      <trkpt lat="47.89443" lon="7.22465">
        <ele>268.4</ele>
      </trkpt>
      <trkpt lat="47.8939" lon="7.22512">
        <ele>267.9</ele>
      </trkpt>
      <trkpt lat="47.8939" lon="7.22512">
        <ele>267.9</ele>
      </trkpt>
      <trkpt lat="47.89376" lon="7.22525">
        <ele>267.8</ele>
      </trkpt>
      <trkpt lat="47.89333" lon="7.22559">
        <ele>268.0</ele>
      </trkpt>
      <trkpt lat="47.893" lon="7.2258">
        <ele>267.6</ele>
      </trkpt>
      <trkpt lat="47.89267" lon="7.22596">
        <ele>267.1</ele>
      </trkpt>
      <trkpt lat="47.89233" lon="7.22603">
        <ele>266.9</ele>
      </trkpt>
      <trkpt lat="47.8917" lon="7.22593">
        <ele>267.7</ele>
      </trkpt>
      <trkpt lat="47.89149" lon="7.22592">
        <ele>268.4</ele>
      </trkpt>
      <trkpt lat="47.89115" lon="7.22595">
        <ele>269.5</ele>
      </trkpt>
      <trkpt lat="47.89115" lon="7.22595">
        <ele>269.5</ele>
      </trkpt>
      <trkpt lat="47.89099" lon="7.22596">
        <ele>270.0</ele>
      </trkpt>
      <trkpt lat="47.89066" lon="7.22602">
        <ele>270.1</ele>
      </trkpt>
      <trkpt lat="47.89039" lon="7.22608">
        <ele>269.5</ele>
      </trkpt>
      <trkpt lat="47.89006" lon="7.2262">
        <ele>269.0</ele>
      </trkpt>
      <trkpt lat="47.8899" lon="7.22628">
        <ele>269.2</ele>
      </trkpt>
      <trkpt lat="47.8897" lon="7.2264">
        <ele>269.5</ele>
      </trkpt>
      <trkpt lat="47.88949" lon="7.22658">
        <ele>269.7</ele>
      </trkpt>
      <trkpt lat="47.88925" lon="7.22687">
        <ele>269.7</ele>
      </trkpt>
      <trkpt lat="47.88913" lon="7.22699">
        <ele>269.7</ele>
      </trkpt>
      <trkpt lat="47.88895" lon="7.22715">
        <ele>270.1</ele>
      </trkpt>
      <trkpt lat="47.88881" lon="7.22726">
        <ele>270.6</ele>
      </trkpt>
      <trkpt lat="47.88875" lon="7.227">
        <ele>270.7</ele>
      </trkpt>
      <trkpt lat="47.88875" lon="7.227">
        <ele>270.7</ele>
      </trkpt>
      <trkpt lat="47.88864" lon="7.22648">
        <ele>270.7</ele>
      </trkpt>
      <trkpt lat="47.88862" lon="7.22643">
        <ele>270.8</ele>
      </trkpt>
      <trkpt lat="47.88859" lon="7.22641">
        <ele>270.8</ele>
      </trkpt>
      <trkpt lat="47.88854" lon="7.22642">
        <ele>270.8</ele>
      </trkpt>
      <trkpt lat="47.888" lon="7.22664">
        <ele>271.4</ele>
      </trkpt>
      <trkpt lat="47.888" lon="7.22664">
        <ele>271.4</ele>
      </trkpt>
      <trkpt lat="47.88766" lon="7.22678">
        <ele>272.0</ele>
      </trkpt>
      <trkpt lat="47.88757" lon="7.22681">
        <ele>272.1</ele>
      </trkpt>
      <trkpt lat="47.88749" lon="7.2268">
        <ele>272.2</ele>
      </trkpt>
      <trkpt lat="47.88722" lon="7.22668">
        <ele>272.3</ele>
      </trkpt>
      <trkpt lat="47.88706" lon="7.22662">
        <ele>272.7</ele>
      </trkpt>
      <trkpt lat="47.88694" lon="7.2266">
        <ele>273.0</ele>
      </trkpt>
      <trkpt lat="47.88688" lon="7.22661">
        <ele>273.0</ele>
      </trkpt>
      <trkpt lat="47.88678" lon="7.22664">
        <ele>273.0</ele>
      </trkpt>
      <trkpt lat="47.88668" lon="7.22668">
        <ele>273.0</ele>
      </trkpt>
      <trkpt lat="47.88659" lon="7.22675">
        <ele>273.0</ele>
      </trkpt>
      <trkpt lat="47.88606" lon="7.2271">
        <ele>273.0</ele>
      </trkpt>
      <trkpt lat="47.886" lon="7.22711">
        <ele>273.1</ele>
      </trkpt>
      <trkpt lat="47.88592" lon="7.22711">
        <ele>273.3</ele>
      </trkpt>
      <trkpt lat="47.88568" lon="7.22705">
        <ele>273.7</ele>
      </trkpt>
      <trkpt lat="47.88539" lon="7.22691">
        <ele>274.1</ele>
      </trkpt>
      <trkpt lat="47.88531" lon="7.22685">
        <ele>274.1</ele>
      </trkpt>
      <trkpt lat="47.88522" lon="7.22677">
        <ele>274.2</ele>
      </trkpt>
      <trkpt lat="47.88499" lon="7.22652">
        <ele>274.9</ele>
      </trkpt>
      <trkpt lat="47.8847" lon="7.22615">
        <ele>276.3</ele>
      </trkpt>
      <trkpt lat="47.88425" lon="7.22553">
        <ele>276.6</ele>
      </trkpt>
      <trkpt lat="47.88419" lon="7.22546">
        <ele>276.5</ele>
      </trkpt>
      <trkpt lat="47.88409" lon="7.2254">
        <ele>276.5</ele>
      </trkpt>
      <trkpt lat="47.88403" lon="7.22538">
        <ele>276.5</ele>
      </trkpt>
      <trkpt lat="47.88382" lon="7.22538">
        <ele>276.3</ele>
      </trkpt>
      <trkpt lat="47.88334" lon="7.22539">
        <ele>275.9</ele>
      </trkpt>
      <trkpt lat="47.88307" lon="7.22539">
        <ele>276.3</ele>
      </trkpt>
      <trkpt lat="47.88296" lon="7.22537">
        <ele>276.4</ele>
      </trkpt>
      <trkpt lat="47.88237" lon="7.22498">
        <ele>277.0</ele>
      </trkpt>
      <trkpt lat="47.88237" lon="7.22498">
        <ele>277.0</ele>
      </trkpt>
      <trkpt lat="47.88226" lon="7.22493">
        <ele>277.1</ele>
      </trkpt>
      <trkpt lat="47.88226" lon="7.2249">
        <ele>277.1</ele>
      </trkpt>
      <trkpt lat="47.88224" lon="7.22483">
        <ele>277.2</ele>
      </trkpt>
      <trkpt lat="47.88223" lon="7.22481">
        <ele>277.2</ele>
      </trkpt>
      <trkpt lat="47.88218" lon="7.2248">
        <ele>277.2</ele>
      </trkpt>
      <trkpt lat="47.88201" lon="7.22419">
        <ele>278.0</ele>
      </trkpt>
      <trkpt lat="47.88196" lon="7.22396">
        <ele>278.1</ele>
      </trkpt>
      <trkpt lat="47.88181" lon="7.22319">
        <ele>278.2</ele>
      </trkpt>
      <trkpt lat="47.88165" lon="7.22242">
        <ele>278.2</ele>
      </trkpt>
      <trkpt lat="47.88163" lon="7.22228">
        <ele>278.6</ele>
      </trkpt>
      <trkpt lat="47.88139" lon="7.22108">
        <ele>281.0</ele>
      </trkpt>
      <trkpt lat="47.88115" lon="7.21988">
        <ele>282.1</ele>
      </trkpt>
      <trkpt lat="47.88091" lon="7.21868">
        <ele>283.5</ele>
      </trkpt>
      <trkpt lat="47.88076" lon="7.21779">
        <ele>284.1</ele>
      </trkpt>
      <trkpt lat="47.88076" lon="7.21779">
        <ele>284.1</ele>
      </trkpt>
      <trkpt lat="47.88071" lon="7.21745">
        <ele>284.4</ele>
      </trkpt>
      <trkpt lat="47.88065" lon="7.21745">
        <ele>284.5</ele>
      </trkpt>
      <trkpt lat="47.8805" lon="7.21646">
        <ele>286.6</ele>
      </trkpt>
      <trkpt lat="47.88035" lon="7.21547">
        <ele>288.2</ele>
      </trkpt>
      <trkpt lat="47.8802" lon="7.21447">
        <ele>289.8</ele>
      </trkpt>
      <trkpt lat="47.8802" lon="7.21447">
        <ele>289.8</ele>
      </trkpt>
      <trkpt lat="47.88018" lon="7.21434">
        <ele>290.2</ele>
      </trkpt>
      <trkpt lat="47.87966" lon="7.21456">
        <ele>290.4</ele>
      </trkpt>
      <trkpt lat="47.87915" lon="7.21474">
        <ele>290.9</ele>
      </trkpt>
      <trkpt lat="47.87864" lon="7.21493">
        <ele>290.1</ele>
      </trkpt>
      <trkpt lat="47.87836" lon="7.21499">
        <ele>290.0</ele>
      </trkpt>
      <trkpt lat="47.87769" lon="7.21501">
        <ele>290.0</ele>
      </trkpt>
      <trkpt lat="47.87769" lon="7.21501">
        <ele>290.0</ele>
      </trkpt>
      <trkpt lat="47.8776" lon="7.21501">
        <ele>290.0</ele>
      </trkpt>
      <trkpt lat="47.87708" lon="7.21494">
        <ele>291.6</ele>
      </trkpt>
      <trkpt lat="47.87692" lon="7.21494">
        <ele>292.2</ele>
      </trkpt>
      <trkpt lat="47.87672" lon="7.21496">
        <ele>292.9</ele>
      </trkpt>
      <trkpt lat="47.87659" lon="7.21502">
        <ele>293.1</ele>
      </trkpt>
      <trkpt lat="47.87631" lon="7.21525">
        <ele>293.3</ele>
      </trkpt>
      <trkpt lat="47.87612" lon="7.21539">
        <ele>293.3</ele>
      </trkpt>
      <trkpt lat="47.87592" lon="7.21549">
        <ele>293.4</ele>
      </trkpt>
      <trkpt lat="47.87573" lon="7.21553">
        <ele>293.5</ele>
      </trkpt>
      <trkpt lat="47.87522" lon="7.21551">
        <ele>294.4</ele>
      </trkpt>
      <trkpt lat="47.87522" lon="7.21551">
        <ele>294.4</ele>
      </trkpt>
      <trkpt lat="47.87508" lon="7.2155">
        <ele>294.7</ele>
      </trkpt>
      <trkpt lat="47.87506" lon="7.21586">
        <ele>293.8</ele>
      </trkpt>
      <trkpt lat="47.87491" lon="7.21615">
        <ele>293.4</ele>
      </trkpt>
      <trkpt lat="47.8748" lon="7.21608">
        <ele>293.2</ele>
      </trkpt>
      <trkpt lat="47.87472" lon="7.21604">
        <ele>293.1</ele>
      </trkpt>
      <trkpt lat="47.87472" lon="7.21604">
        <ele>293.1</ele>
      </trkpt>
      <trkpt lat="47.87425" lon="7.21591">
        <ele>293.0</ele>
      </trkpt>
      <trkpt lat="47.8742" lon="7.21607">
        <ele>292.7</ele>
      </trkpt>
      <trkpt lat="47.87416" lon="7.21612">
        <ele>292.7</ele>
      </trkpt>
      <trkpt lat="47.87416" lon="7.21612">
        <ele>292.7</ele>
      </trkpt>
      <trkpt lat="47.87363" lon="7.21681">
        <ele>293.1</ele>
      </trkpt>
      <trkpt lat="47.87356" lon="7.21689">
        <ele>293.1</ele>
      </trkpt>
      <trkpt lat="47.87356" lon="7.21689">
        <ele>293.1</ele>
      </trkpt>
      <trkpt lat="47.87322" lon="7.21718">
        <ele>293.4</ele>
      </trkpt>
      <trkpt lat="47.87257" lon="7.2175">
        <ele>293.0</ele>
      </trkpt>
      <trkpt lat="47.87229" lon="7.21765">
        <ele>291.4</ele>
      </trkpt>
      <trkpt lat="47.8722" lon="7.21767">
        <ele>290.8</ele>
      </trkpt>
      <trkpt lat="47.87183" lon="7.2177">
        <ele>288.5</ele>
      </trkpt>
      <trkpt lat="47.87183" lon="7.2177">
        <ele>288.5</ele>
      </trkpt>
      <trkpt lat="47.87138" lon="7.21768">
        <ele>285.2</ele>
      </trkpt>
      <trkpt lat="47.87092" lon="7.21766">
        <ele>281.5</ele>
      </trkpt>
      <trkpt lat="47.87067" lon="7.21759">
        <ele>279.3</ele>
      </trkpt>
      <trkpt lat="47.87048" lon="7.21747">
        <ele>277.6</ele>
      </trkpt>
      <trkpt lat="47.87039" lon="7.21739">
        <ele>276.9</ele>
      </trkpt>
      <trkpt lat="47.87031" lon="7.21735">
        <ele>276.2</ele>
      </trkpt>
      <trkpt lat="47.86952" lon="7.21699">
        <ele>269.9</ele>
      </trkpt>
      <trkpt lat="47.86942" lon="7.21692">
        <ele>269.3</ele>
      </trkpt>
      <trkpt lat="47.86934" lon="7.21684">
        <ele>268.9</ele>
      </trkpt>
      <trkpt lat="47.86926" lon="7.21673">
        <ele>268.5</ele>
      </trkpt>
      <trkpt lat="47.86926" lon="7.21673">
        <ele>268.5</ele>
      </trkpt>
      <trkpt lat="47.86907" lon="7.21648">
        <ele>267.1</ele>
      </trkpt>
      <trkpt lat="47.86856" lon="7.21611">
        <ele>263.0</ele>
      </trkpt>
      <trkpt lat="47.86844" lon="7.21605">
        <ele>262.0</ele>
      </trkpt>
      <trkpt lat="47.86777" lon="7.21603">
        <ele>258.4</ele>
      </trkpt>
      <trkpt lat="47.86777" lon="7.21603">
        <ele>258.4</ele>
      </trkpt>
      <trkpt lat="47.867" lon="7.21601">
        <ele>255.2</ele>
      </trkpt>
      <trkpt lat="47.86651" lon="7.21598">
        <ele>253.6</ele>
      </trkpt>
      <trkpt lat="47.86605" lon="7.21593">
        <ele>252.5</ele>
      </trkpt>
      <trkpt lat="47.86559" lon="7.21588">
        <ele>251.4</ele>
      </trkpt>
      <trkpt lat="47.86513" lon="7.21585">
        <ele>250.3</ele>
      </trkpt>
      <trkpt lat="47.86467" lon="7.21583">
        <ele>250.0</ele>
      </trkpt>
      <trkpt lat="47.86413" lon="7.21577">
        <ele>250.0</ele>
      </trkpt>
      <trkpt lat="47.8636" lon="7.21571">
        <ele>250.7</ele>
      </trkpt>
      <trkpt lat="47.86354" lon="7.21566">
        <ele>250.8</ele>
      </trkpt>
      <trkpt lat="47.86348" lon="7.21573">
        <ele>250.8</ele>
      </trkpt>
      <trkpt lat="47.86334" lon="7.21576">
        <ele>251.1</ele>
      </trkpt>
      <trkpt lat="47.86328" lon="7.21576">
        <ele>251.3</ele>
      </trkpt>
      <trkpt lat="47.86321" lon="7.21575">
        <ele>251.4</ele>
      </trkpt>
      <trkpt lat="47.86316" lon="7.21575">
        <ele>251.6</ele>
      </trkpt>
      <trkpt lat="47.86316" lon="7.21575">
        <ele>251.6</ele>
      </trkpt>
      <trkpt lat="47.86275" lon="7.21569">
        <ele>253.0</ele>
      </trkpt>
      <trkpt lat="47.86269" lon="7.21571">
        <ele>253.2</ele>
      </trkpt>
      <trkpt lat="47.86266" lon="7.21577">
        <ele>253.4</ele>
      </trkpt>
      <trkpt lat="47.8626" lon="7.21622">
        <ele>252.8</ele>
      </trkpt>
      <trkpt lat="47.86257" lon="7.21628">
        <ele>252.7</ele>
      </trkpt>
      <trkpt lat="47.86238" lon="7.21647">
        <ele>252.6</ele>
      </trkpt>
      <trkpt lat="47.86238" lon="7.21647">
        <ele>252.6</ele>
      </trkpt>
      <trkpt lat="47.86234" lon="7.21651">
        <ele>252.6</ele>
      </trkpt>
      <trkpt lat="47.86227" lon="7.21663">
        <ele>252.4</ele>
      </trkpt>
      <trkpt lat="47.86223" lon="7.21675">
        <ele>252.2</ele>
      </trkpt>
      <trkpt lat="47.86215" lon="7.21699">
        <ele>252.0</ele>
      </trkpt>
      <trkpt lat="47.86207" lon="7.21721">
        <ele>251.9</ele>
      </trkpt>
      <trkpt lat="47.86203" lon="7.21727">
        <ele>251.8</ele>
      </trkpt>
      <trkpt lat="47.86198" lon="7.2173">
        <ele>251.9</ele>
      </trkpt>
      <trkpt lat="47.86194" lon="7.2173">
        <ele>251.9</ele>
      </trkpt>
      <trkpt lat="47.86169" lon="7.21705">
        <ele>252.5</ele>
      </trkpt>
      <trkpt lat="47.86169" lon="7.21705">
        <ele>252.5</ele>
      </trkpt>
      <trkpt lat="47.86152" lon="7.21689">
        <ele>252.9</ele>
      </trkpt>
      <trkpt lat="47.86138" lon="7.21682">
        <ele>253.1</ele>
      </trkpt>
      <trkpt lat="47.86066" lon="7.2167">
        <ele>254.3</ele>
      </trkpt>
      <trkpt lat="47.86061" lon="7.21671">
        <ele>254.4</ele>
      </trkpt>
      <trkpt lat="47.86056" lon="7.21673">
        <ele>254.5</ele>
      </trkpt>
      <trkpt lat="47.8605" lon="7.21664">
        <ele>254.8</ele>
      </trkpt>
      <trkpt lat="47.86046" lon="7.21661">
        <ele>255.0</ele>
      </trkpt>
      <trkpt lat="47.86046" lon="7.21661">
        <ele>255.0</ele>
      </trkpt>
      <trkpt lat="47.86042" lon="7.21658">
        <ele>255.1</ele>
      </trkpt>
      <trkpt lat="47.86028" lon="7.21651">
        <ele>255.6</ele>
      </trkpt>
      <trkpt lat="47.85997" lon="7.21642">
        <ele>256.8</ele>
      </trkpt>
      <trkpt lat="47.85987" lon="7.2164">
        <ele>257.7</ele>
      </trkpt>
      <trkpt lat="47.85928" lon="7.21632">
        <ele>262.5</ele>
      </trkpt>
      <trkpt lat="47.85897" lon="7.21633">
        <ele>264.0</ele>
      </trkpt>
      <trkpt lat="47.85829" lon="7.21649">
        <ele>266.3</ele>
      </trkpt>
      <trkpt lat="47.85809" lon="7.21652">
        <ele>266.2</ele>
      </trkpt>
      <trkpt lat="47.85743" lon="7.21652">
        <ele>265.4</ele>
      </trkpt>
      <trkpt lat="47.85727" lon="7.21655">
        <ele>265.5</ele>
      </trkpt>
      <trkpt lat="47.85718" lon="7.2166">
        <ele>265.7</ele>
      </trkpt>
      <trkpt lat="47.8571" lon="7.21679">
        <ele>265.9</ele>
      </trkpt>
      <trkpt lat="47.85704" lon="7.21706">
        <ele>265.7</ele>
      </trkpt>
      <trkpt lat="47.85689" lon="7.21778">
        <ele>263.6</ele>
      </trkpt>
      <trkpt lat="47.85675" lon="7.21851">
        <ele>260.7</ele>
      </trkpt>
      <trkpt lat="47.85661" lon="7.21941">
        <ele>261.0</ele>
      </trkpt>
      <trkpt lat="47.85661" lon="7.21941">
        <ele>261.0</ele>
      </trkpt>
      <trkpt lat="47.85659" lon="7.21955">
        <ele>261.1</ele>
      </trkpt>
      <trkpt lat="47.85653" lon="7.21968">
        <ele>261.0</ele>
      </trkpt>
      <trkpt lat="47.85646" lon="7.21975">
        <ele>260.7</ele>
      </trkpt>
      <trkpt lat="47.85636" lon="7.21976">
        <ele>260.2</ele>
      </trkpt>
      <trkpt lat="47.85624" lon="7.21972">
        <ele>259.6</ele>
      </trkpt>
      <trkpt lat="47.85569" lon="7.21936">
        <ele>256.8</ele>
      </trkpt>
      <trkpt lat="47.8556" lon="7.21937">
        <ele>256.5</ele>
      </trkpt>
      <trkpt lat="47.85551" lon="7.21946">
        <ele>256.3</ele>
      </trkpt>
      <trkpt lat="47.85539" lon="7.21965">
        <ele>256.3</ele>
      </trkpt>
      <trkpt lat="47.855" lon="7.22045">
        <ele>256.5</ele>
      </trkpt>
      <trkpt lat="47.85462" lon="7.22124">
        <ele>255.6</ele>
      </trkpt>
      <trkpt lat="47.85442" lon="7.22158">
        <ele>255.5</ele>
      </trkpt>
      <trkpt lat="47.85429" lon="7.2217">
        <ele>255.3</ele>
      </trkpt>
      <trkpt lat="47.85416" lon="7.22177">
        <ele>255.0</ele>
      </trkpt>
      <trkpt lat="47.85408" lon="7.2218">
        <ele>254.9</ele>
      </trkpt>
      <trkpt lat="47.85393" lon="7.22176">
        <ele>254.7</ele>
      </trkpt>
      <trkpt lat="47.85369" lon="7.22163">
        <ele>254.3</ele>
      </trkpt>
      <trkpt lat="47.85346" lon="7.22142">
        <ele>253.6</ele>
      </trkpt>
      <trkpt lat="47.85325" lon="7.22121">
        <ele>252.7</ele>
      </trkpt>
      <trkpt lat="47.85274" lon="7.22066">
        <ele>251.4</ele>
      </trkpt>
      <trkpt lat="47.8525" lon="7.22035">
        <ele>251.6</ele>
      </trkpt>
      <trkpt lat="47.85225" lon="7.21989">
        <ele>252.7</ele>
      </trkpt>
      <trkpt lat="47.85196" lon="7.21945">
        <ele>253.5</ele>
      </trkpt>
      <trkpt lat="47.85192" lon="7.21951">
        <ele>253.6</ele>
      </trkpt>
      <trkpt lat="47.8517" lon="7.22008">
        <ele>253.8</ele>
      </trkpt>
      <trkpt lat="47.8517" lon="7.22008">
        <ele>253.8</ele>
      </trkpt>
      <trkpt lat="47.85149" lon="7.22062">
        <ele>253.9</ele>
      </trkpt>
      <trkpt lat="47.85114" lon="7.22143">
        <ele>254.0</ele>
      </trkpt>
      <trkpt lat="47.85078" lon="7.22225">
        <ele>252.6</ele>
      </trkpt>
      <trkpt lat="47.85057" lon="7.22271">
        <ele>251.8</ele>
      </trkpt>
      <trkpt lat="47.85035" lon="7.22249">
        <ele>252.0</ele>
      </trkpt>
      <trkpt lat="47.85035" lon="7.22249">
        <ele>252.0</ele>
      </trkpt>
      <trkpt lat="47.84988" lon="7.22204">
        <ele>252.8</ele>
      </trkpt>
      <trkpt lat="47.84971" lon="7.22194">
        <ele>252.6</ele>
      </trkpt>
      <trkpt lat="47.84952" lon="7.22184">
        <ele>252.4</ele>
      </trkpt>
      <trkpt lat="47.84935" lon="7.22173">
        <ele>252.3</ele>
      </trkpt>
      <trkpt lat="47.84912" lon="7.22152">
        <ele>252.5</ele>
      </trkpt>
      <trkpt lat="47.84884" lon="7.22125">
        <ele>253.3</ele>
      </trkpt>
      <trkpt lat="47.84872" lon="7.22111">
        <ele>253.6</ele>
      </trkpt>
      <trkpt lat="47.84868" lon="7.22109">
        <ele>253.7</ele>
      </trkpt>
      <trkpt lat="47.84864" lon="7.2211">
        <ele>253.6</ele>
      </trkpt>
      <trkpt lat="47.84824" lon="7.22167">
        <ele>252.1</ele>
      </trkpt>
      <trkpt lat="47.84824" lon="7.22167">
        <ele>252.1</ele>
      </trkpt>
      <trkpt lat="47.84816" lon="7.22179">
        <ele>251.9</ele>
      </trkpt>
      <trkpt lat="47.84806" lon="7.22188">
        <ele>251.7</ele>
      </trkpt>
      <trkpt lat="47.84795" lon="7.22193">
        <ele>251.7</ele>
      </trkpt>
      <trkpt lat="47.84785" lon="7.22191">
        <ele>251.8</ele>
      </trkpt>
      <trkpt lat="47.8474" lon="7.22145">
        <ele>253.1</ele>
      </trkpt>
      <trkpt lat="47.84735" lon="7.22158">
        <ele>252.9</ele>
      </trkpt>
      <trkpt lat="47.84709" lon="7.22152">
        <ele>252.6</ele>
      </trkpt>
      <trkpt lat="47.84699" lon="7.22147">
        <ele>252.5</ele>
      </trkpt>
      <trkpt lat="47.84699" lon="7.22147">
        <ele>252.5</ele>
      </trkpt>
      <trkpt lat="47.84655" lon="7.22122">
        <ele>252.1</ele>
      </trkpt>
      <trkpt lat="47.8461" lon="7.22098">
        <ele>252.6</ele>
      </trkpt>
      <trkpt lat="47.8454" lon="7.22062">
        <ele>252.9</ele>
      </trkpt>
      <trkpt lat="47.84474" lon="7.22031">
        <ele>252.1</ele>
      </trkpt>
      <trkpt lat="47.84456" lon="7.22025">
        <ele>252.0</ele>
      </trkpt>
      <trkpt lat="47.84437" lon="7.22021">
        <ele>251.9</ele>
      </trkpt>
      <trkpt lat="47.84414" lon="7.22018">
        <ele>251.8</ele>
      </trkpt>
      <trkpt lat="47.84399" lon="7.22018">
        <ele>251.8</ele>
      </trkpt>
      <trkpt lat="47.84371" lon="7.2202">
        <ele>251.8</ele>
      </trkpt>
      <trkpt lat="47.84356" lon="7.22023">
        <ele>251.7</ele>
      </trkpt>
      <trkpt lat="47.84334" lon="7.22023">
        <ele>251.7</ele>
      </trkpt>
      <trkpt lat="47.84325" lon="7.22026">
        <ele>251.7</ele>
      </trkpt>
      <trkpt lat="47.84321" lon="7.22012">
        <ele>251.9</ele>
      </trkpt>
      <trkpt lat="47.84317" lon="7.22009">
        <ele>251.9</ele>
      </trkpt>
      <trkpt lat="47.84315" lon="7.22009">
        <ele>251.9</ele>
      </trkpt>
      <trkpt lat="47.84315" lon="7.22009">
        <ele>251.9</ele>
      </trkpt>
      <trkpt lat="47.84295" lon="7.22007">
        <ele>251.9</ele>
      </trkpt>
      <trkpt lat="47.84253" lon="7.2199">
        <ele>252.0</ele>
      </trkpt>
      <trkpt lat="47.84237" lon="7.21978">
        <ele>252.0</ele>
      </trkpt>
      <trkpt lat="47.84203" lon="7.21937">
        <ele>252.0</ele>
      </trkpt>
      <trkpt lat="47.84155" lon="7.21864">
        <ele>252.7</ele>
      </trkpt>
      <trkpt lat="47.84097" lon="7.21797">
        <ele>253.8</ele>
      </trkpt>
      <trkpt lat="47.84038" lon="7.2173">
        <ele>254.7</ele>
      </trkpt>
      <trkpt lat="47.83995" lon="7.21674">
        <ele>254.9</ele>
      </trkpt>
      <trkpt lat="47.83952" lon="7.21618">
        <ele>254.8</ele>
      </trkpt>
      <trkpt lat="47.83952" lon="7.21618">
        <ele>254.8</ele>
      </trkpt>
      <trkpt lat="47.83899" lon="7.2155">
        <ele>256.1</ele>
      </trkpt>
      <trkpt lat="47.83847" lon="7.21482">
        <ele>258.2</ele>
      </trkpt>
      <trkpt lat="47.83834" lon="7.21468">
        <ele>258.8</ele>
      </trkpt>
      <trkpt lat="47.838" lon="7.2153">
        <ele>258.0</ele>
      </trkpt>
      <trkpt lat="47.83766" lon="7.21592">
        <ele>257.6</ele>
      </trkpt>
      <trkpt lat="47.83766" lon="7.21592">
        <ele>257.6</ele>
      </trkpt>
      <trkpt lat="47.83711" lon="7.21697">
        <ele>257.0</ele>
      </trkpt>
      <trkpt lat="47.83655" lon="7.21802">
        <ele>255.9</ele>
      </trkpt>
      <trkpt lat="47.836" lon="7.21907">
        <ele>255.6</ele>
      </trkpt>
      <trkpt lat="47.83545" lon="7.22013">
        <ele>257.4</ele>
      </trkpt>
      <trkpt lat="47.8354" lon="7.22018">
        <ele>257.4</ele>
      </trkpt>
      <trkpt lat="47.83529" lon="7.21988">
        <ele>257.6</ele>
      </trkpt>
      <trkpt lat="47.83522" lon="7.21974">
        <ele>257.7</ele>
      </trkpt>
      <trkpt lat="47.83522" lon="7.21974">
        <ele>257.7</ele>
      </trkpt>
      <trkpt lat="47.83514" lon="7.2196">
        <ele>257.8</ele>
      </trkpt>
      <trkpt lat="47.83472" lon="7.21894">
        <ele>259.6</ele>
      </trkpt>
      <trkpt lat="47.8343" lon="7.21829">
        <ele>262.5</ele>
      </trkpt>
      <trkpt lat="47.83374" lon="7.21768">
        <ele>262.0</ele>
      </trkpt>
      <trkpt lat="47.83317" lon="7.21708">
        <ele>261.9</ele>
      </trkpt>
      <trkpt lat="47.83261" lon="7.21647">
        <ele>262.4</ele>
      </trkpt>
      <trkpt lat="47.83206" lon="7.21587">
        <ele>262.4</ele>
      </trkpt>
      <trkpt lat="47.83152" lon="7.21526">
        <ele>262.0</ele>
      </trkpt>
      <trkpt lat="47.83098" lon="7.21466">
        <ele>262.2</ele>
      </trkpt>
      <trkpt lat="47.83044" lon="7.21405">
        <ele>261.9</ele>
      </trkpt>
      <trkpt lat="47.82977" lon="7.21333">
        <ele>263.6</ele>
      </trkpt>
      <trkpt lat="47.82977" lon="7.21333">
        <ele>263.6</ele>
      </trkpt>
      <trkpt lat="47.82926" lon="7.21277">
        <ele>265.5</ele>
      </trkpt>
      <trkpt lat="47.82875" lon="7.21222">
        <ele>266.5</ele>
      </trkpt>
      <trkpt lat="47.82824" lon="7.21166">
        <ele>267.2</ele>
      </trkpt>
      <trkpt lat="47.82776" lon="7.21063">
        <ele>269.1</ele>
      </trkpt>
      <trkpt lat="47.82727" lon="7.20959">
        <ele>269.5</ele>
      </trkpt>
      <trkpt lat="47.82679" lon="7.20855">
        <ele>270.6</ele>
      </trkpt>
      <trkpt lat="47.82659" lon="7.20809">
        <ele>271.3</ele>
      </trkpt>
      <trkpt lat="47.82657" lon="7.208">
        <ele>271.4</ele>
      </trkpt>
      <trkpt lat="47.82661" lon="7.20793">
        <ele>271.5</ele>
      </trkpt>
      <trkpt lat="47.82704" lon="7.20747">
        <ele>271.6</ele>
      </trkpt>
      <trkpt lat="47.82747" lon="7.20701">
        <ele>271.6</ele>
      </trkpt>
      <trkpt lat="47.82747" lon="7.20701">
        <ele>271.6</ele>
      </trkpt>
      <trkpt lat="47.82807" lon="7.20637">
        <ele>271.3</ele>
      </trkpt>
      <trkpt lat="47.82867" lon="7.20573">
        <ele>271.6</ele>
      </trkpt>
      <trkpt lat="47.82927" lon="7.20509">
        <ele>271.9</ele>
      </trkpt>
      <trkpt lat="47.82979" lon="7.20444">
        <ele>272.9</ele>
      </trkpt>
      <trkpt lat="47.83032" lon="7.20379">
        <ele>274.2</ele>
      </trkpt>
      <trkpt lat="47.83084" lon="7.20314">
        <ele>275.3</ele>
      </trkpt>
      <trkpt lat="47.83129" lon="7.20267">
        <ele>277.3</ele>
      </trkpt>
      <trkpt lat="47.83137" lon="7.20251">
        <ele>277.9</ele>
      </trkpt>
      <trkpt lat="47.83141" lon="7.20235">
        <ele>278.6</ele>
      </trkpt>
      <trkpt lat="47.83141" lon="7.20192">
        <ele>280.2</ele>
      </trkpt>
      <trkpt lat="47.83139" lon="7.20167">
        <ele>281.0</ele>
      </trkpt>
      <trkpt lat="47.83134" lon="7.20141">
        <ele>281.1</ele>
      </trkpt>
      <trkpt lat="47.83096" lon="7.2004">
        <ele>281.9</ele>
      </trkpt>
      <trkpt lat="47.83091" lon="7.20023">
        <ele>282.4</ele>
      </trkpt>
      <trkpt lat="47.83082" lon="7.20015">
        <ele>282.4</ele>
      </trkpt>
      <trkpt lat="47.83042" lon="7.19942">
        <ele>283.4</ele>
      </trkpt>
      <trkpt lat="47.83002" lon="7.19869">
        <ele>284.2</ele>
      </trkpt>
      <trkpt lat="47.83002" lon="7.19869">
        <ele>284.2</ele>
      </trkpt>
      <trkpt lat="47.82984" lon="7.19837">
        <ele>284.5</ele>
      </trkpt>
      <trkpt lat="47.82964" lon="7.19806">
        <ele>284.5</ele>
      </trkpt>
      <trkpt lat="47.82925" lon="7.19723">
        <ele>284.8</ele>
      </trkpt>
      <trkpt lat="47.82886" lon="7.1964">
        <ele>286.5</ele>
      </trkpt>
      <trkpt lat="47.82837" lon="7.19532">
        <ele>288.3</ele>
      </trkpt>
      <trkpt lat="47.82781" lon="7.19456">
        <ele>288.3</ele>
      </trkpt>
      <trkpt lat="47.82734" lon="7.19399">
        <ele>288.3</ele>
      </trkpt>
      <trkpt lat="47.8269" lon="7.19309">
        <ele>289.2</ele>
      </trkpt>
      <trkpt lat="47.82658" lon="7.19234">
        <ele>290.3</ele>
      </trkpt>
      <trkpt lat="47.82652" lon="7.19226">
        <ele>290.3</ele>
      </trkpt>
      <trkpt lat="47.82622" lon="7.19198">
        <ele>290.4</ele>
      </trkpt>
      <trkpt lat="47.82622" lon="7.19198">
        <ele>290.4</ele>
      </trkpt>
      <trkpt lat="47.82584" lon="7.19164">
        <ele>290.1</ele>
      </trkpt>
      <trkpt lat="47.82527" lon="7.1912">
        <ele>291.6</ele>
      </trkpt>
      <trkpt lat="47.82499" lon="7.19094">
        <ele>291.8</ele>
      </trkpt>
      <trkpt lat="47.82424" lon="7.1902">
        <ele>290.0</ele>
      </trkpt>
      <trkpt lat="47.82372" lon="7.18986">
        <ele>289.8</ele>
      </trkpt>
      <trkpt lat="47.82325" lon="7.1894">
        <ele>290.3</ele>
      </trkpt>
      <trkpt lat="47.82262" lon="7.18861">
        <ele>289.3</ele>
      </trkpt>
      <trkpt lat="47.82231" lon="7.18818">
        <ele>289.0</ele>
      </trkpt>
      <trkpt lat="47.82198" lon="7.18765">
        <ele>289.7</ele>
      </trkpt>
      <trkpt lat="47.82186" lon="7.1874">
        <ele>290.3</ele>
      </trkpt>
      <trkpt lat="47.82178" lon="7.18728">
        <ele>290.8</ele>
      </trkpt>
      <trkpt lat="47.82114" lon="7.18677">
        <ele>291.4</ele>
      </trkpt>
      <trkpt lat="47.82114" lon="7.18677">
        <ele>291.4</ele>
      </trkpt>
      <trkpt lat="47.82063" lon="7.18637">
        <ele>291.5</ele>
      </trkpt>
      <trkpt lat="47.82013" lon="7.18598">
        <ele>291.8</ele>
      </trkpt>
      <trkpt lat="47.81951" lon="7.18551">
        <ele>291.8</ele>
      </trkpt>
      <trkpt lat="47.81928" lon="7.1853">
        <ele>292.1</ele>
      </trkpt>
      <trkpt lat="47.81914" lon="7.18513">
        <ele>292.5</ele>
      </trkpt>
      <trkpt lat="47.819" lon="7.18492">
        <ele>293.0</ele>
      </trkpt>
      <trkpt lat="47.81895" lon="7.18488">
        <ele>293.0</ele>
      </trkpt>
      <trkpt lat="47.81891" lon="7.18486">
        <ele>293.0</ele>
      </trkpt>
      <trkpt lat="47.81881" lon="7.18485">
        <ele>292.9</ele>
      </trkpt>
      <trkpt lat="47.8183" lon="7.18469">
        <ele>292.6</ele>
      </trkpt>
      <trkpt lat="47.81779" lon="7.18454">
        <ele>291.1</ele>
      </trkpt>
      <trkpt lat="47.81756" lon="7.18446">
        <ele>290.5</ele>
      </trkpt>
      <trkpt lat="47.81734" lon="7.18441">
        <ele>289.9</ele>
      </trkpt>
      <trkpt lat="47.81718" lon="7.1844">
        <ele>289.4</ele>
      </trkpt>
      <trkpt lat="47.81685" lon="7.18444">
        <ele>288.3</ele>
      </trkpt>
      <trkpt lat="47.81657" lon="7.18454">
        <ele>287.7</ele>
      </trkpt>
      <trkpt lat="47.81649" lon="7.18384">
        <ele>289.3</ele>
      </trkpt>
      <trkpt lat="47.81649" lon="7.18368">
        <ele>289.8</ele>
      </trkpt>
      <trkpt lat="47.81663" lon="7.18286">
        <ele>291.6</ele>
      </trkpt>
      <trkpt lat="47.81677" lon="7.18205">
        <ele>294.5</ele>
      </trkpt>
      <trkpt lat="47.81689" lon="7.18123">
        <ele>297.3</ele>
      </trkpt>
      <trkpt lat="47.81694" lon="7.18108">
        <ele>297.7</ele>
      </trkpt>
      <trkpt lat="47.81706" lon="7.18092">
        <ele>298.3</ele>
      </trkpt>
      <trkpt lat="47.81706" lon="7.18092">
        <ele>298.3</ele>
      </trkpt>
      <trkpt lat="47.81747" lon="7.18053">
        <ele>300.2</ele>
      </trkpt>
      <trkpt lat="47.81787" lon="7.18014">
        <ele>301.6</ele>
      </trkpt>
      <trkpt lat="47.81758" lon="7.17951">
        <ele>301.2</ele>
      </trkpt>
      <trkpt lat="47.81737" lon="7.17911">
        <ele>300.3</ele>
      </trkpt>
      <trkpt lat="47.81711" lon="7.17871">
        <ele>298.8</ele>
      </trkpt>
      <trkpt lat="47.81711" lon="7.17871">
        <ele>298.8</ele>
      </trkpt>
      <trkpt lat="47.81693" lon="7.17843">
        <ele>298.0</ele>
      </trkpt>
      <trkpt lat="47.8168" lon="7.17831">
        <ele>297.5</ele>
      </trkpt>
      <trkpt lat="47.81672" lon="7.17823">
        <ele>297.1</ele>
      </trkpt>
      <trkpt lat="47.81649" lon="7.17813">
        <ele>296.4</ele>
      </trkpt>
      <trkpt lat="47.81632" lon="7.1781">
        <ele>296.0</ele>
      </trkpt>
      <trkpt lat="47.8161" lon="7.1781">
        <ele>295.6</ele>
      </trkpt>
      <trkpt lat="47.81547" lon="7.17817">
        <ele>294.9</ele>
      </trkpt>
      <trkpt lat="47.81507" lon="7.17825">
        <ele>294.9</ele>
      </trkpt>
      <trkpt lat="47.81489" lon="7.17829">
        <ele>294.8</ele>
      </trkpt>
      <trkpt lat="47.81486" lon="7.17826">
        <ele>294.8</ele>
      </trkpt>
      <trkpt lat="47.81483" lon="7.17825">
        <ele>294.7</ele>
      </trkpt>
      <trkpt lat="47.81479" lon="7.17824">
        <ele>294.7</ele>
      </trkpt>
      <trkpt lat="47.81476" lon="7.17826">
        <ele>294.6</ele>
      </trkpt>
      <trkpt lat="47.81471" lon="7.17821">
        <ele>294.6</ele>
      </trkpt>
      <trkpt lat="47.81462" lon="7.17814">
        <ele>294.4</ele>
      </trkpt>
      <trkpt lat="47.81446" lon="7.17805">
        <ele>294.2</ele>
      </trkpt>
      <trkpt lat="47.81446" lon="7.17805">
        <ele>294.2</ele>
      </trkpt>
      <trkpt lat="47.81395" lon="7.17781">
        <ele>293.9</ele>
      </trkpt>
      <trkpt lat="47.8137" lon="7.17765">
        <ele>293.9</ele>
      </trkpt>
      <trkpt lat="47.8132" lon="7.17731">
        <ele>294.2</ele>
      </trkpt>
      <trkpt lat="47.81262" lon="7.17702">
        <ele>295.3</ele>
      </trkpt>
      <trkpt lat="47.81241" lon="7.17693">
        <ele>295.7</ele>
      </trkpt>
      <trkpt lat="47.81241" lon="7.17693">
        <ele>295.7</ele>
      </trkpt>
      <trkpt lat="47.81219" lon="7.17684">
        <ele>295.8</ele>
      </trkpt>
      <trkpt lat="47.81144" lon="7.17657">
        <ele>296.0</ele>
      </trkpt>
      <trkpt lat="47.81134" lon="7.17657">
        <ele>296.0</ele>
      </trkpt>
      <trkpt lat="47.81122" lon="7.17659">
        <ele>296.0</ele>
      </trkpt>
      <trkpt lat="47.81099" lon="7.17666">
        <ele>296.0</ele>
      </trkpt>
      <trkpt lat="47.8109" lon="7.17666">
        <ele>296.0</ele>
      </trkpt>
      <trkpt lat="47.81041" lon="7.1764">
        <ele>296.5</ele>
      </trkpt>
      <trkpt lat="47.80991" lon="7.17614">
        <ele>296.7</ele>
      </trkpt>
      <trkpt lat="47.80985" lon="7.17606">
        <ele>296.9</ele>
      </trkpt>
      <trkpt lat="47.80985" lon="7.17606">
        <ele>296.9</ele>
      </trkpt>
      <trkpt lat="47.80968" lon="7.17589">
        <ele>297.6</ele>
      </trkpt>
      <trkpt lat="47.80893" lon="7.17563">
        <ele>300.1</ele>
      </trkpt>
      <trkpt lat="47.80893" lon="7.17563">
        <ele>300.1</ele>
      </trkpt>
      <trkpt lat="47.8089" lon="7.17563">
        <ele>300.2</ele>
      </trkpt>
      <trkpt lat="47.80887" lon="7.17564">
        <ele>300.2</ele>
      </trkpt>
      <trkpt lat="47.80885" lon="7.17566">
        <ele>300.3</ele>
      </trkpt>
      <trkpt lat="47.80879" lon="7.17564">
        <ele>300.4</ele>
      </trkpt>
      <trkpt lat="47.80803" lon="7.17564">
        <ele>301.0</ele>
      </trkpt>
      <trkpt lat="47.80771" lon="7.1756">
        <ele>300.3</ele>
      </trkpt>
      <trkpt lat="47.80765" lon="7.17559">
        <ele>300.2</ele>
      </trkpt>
      <trkpt lat="47.80741" lon="7.17555">
        <ele>299.8</ele>
      </trkpt>
      <trkpt lat="47.80738" lon="7.17557">
        <ele>299.7</ele>
      </trkpt>
      <trkpt lat="47.80734" lon="7.17554">
        <ele>299.6</ele>
      </trkpt>
      <trkpt lat="47.80732" lon="7.17553">
        <ele>299.6</ele>
      </trkpt>
      <trkpt lat="47.80689" lon="7.17546">
        <ele>298.8</ele>
      </trkpt>
      <trkpt lat="47.80689" lon="7.17546">
        <ele>298.8</ele>
      </trkpt>
      <trkpt lat="47.80649" lon="7.17541">
        <ele>298.2</ele>
      </trkpt>
      <trkpt lat="47.80601" lon="7.17532">
        <ele>297.6</ele>
      </trkpt>
      <trkpt lat="47.80582" lon="7.17531">
        <ele>297.2</ele>
      </trkpt>
      <trkpt lat="47.80566" lon="7.17534">
        <ele>296.9</ele>
      </trkpt>
      <trkpt lat="47.80553" lon="7.17538">
        <ele>296.5</ele>
      </trkpt>
      <trkpt lat="47.80527" lon="7.17549">
        <ele>296.5</ele>
      </trkpt>
      <trkpt lat="47.80481" lon="7.17569">
        <ele>296.6</ele>
      </trkpt>
      <trkpt lat="47.80476" lon="7.17571">
        <ele>296.6</ele>
      </trkpt>
      <trkpt lat="47.80473" lon="7.17572">
        <ele>296.6</ele>
      </trkpt>
      <trkpt lat="47.80405" lon="7.17602">
        <ele>296.8</ele>
      </trkpt>
      <trkpt lat="47.80405" lon="7.17602">
        <ele>296.8</ele>
      </trkpt>
      <trkpt lat="47.80329" lon="7.17636">
        <ele>296.4</ele>
      </trkpt>
      <trkpt lat="47.80316" lon="7.17625">
        <ele>296.7</ele>
      </trkpt>
      <trkpt lat="47.80287" lon="7.17612">
        <ele>297.2</ele>
      </trkpt>
      <trkpt lat="47.80279" lon="7.17614">
        <ele>297.3</ele>
      </trkpt>
      <trkpt lat="47.80258" lon="7.17605">
        <ele>297.6</ele>
      </trkpt>
      <trkpt lat="47.80207" lon="7.17578">
        <ele>298.0</ele>
      </trkpt>
      <trkpt lat="47.80156" lon="7.17551">
        <ele>298.5</ele>
      </trkpt>
      <trkpt lat="47.80144" lon="7.17546">
        <ele>298.7</ele>
      </trkpt>
      <trkpt lat="47.80084" lon="7.17517">
        <ele>299.4</ele>
      </trkpt>
      <trkpt lat="47.80058" lon="7.17505">
        <ele>299.6</ele>
      </trkpt>
      <trkpt lat="47.80071" lon="7.17468">
        <ele>299.5</ele>
      </trkpt>
      <trkpt lat="47.801" lon="7.17391">
        <ele>299.3</ele>
      </trkpt>
      <trkpt lat="47.8011" lon="7.1736">
        <ele>299.5</ele>
      </trkpt>
      <trkpt lat="47.80117" lon="7.17329">
        <ele>299.8</ele>
      </trkpt>
      <trkpt lat="47.80119" lon="7.17315">
        <ele>299.8</ele>
      </trkpt>
      <trkpt lat="47.80119" lon="7.17307">
        <ele>299.7</ele>
      </trkpt>
      <trkpt lat="47.80109" lon="7.17243">
        <ele>299.3</ele>
      </trkpt>
      <trkpt lat="47.80099" lon="7.17186">
        <ele>299.7</ele>
      </trkpt>
      <trkpt lat="47.80099" lon="7.17186">
        <ele>299.7</ele>
      </trkpt>
      <trkpt lat="47.80092" lon="7.17157">
        <ele>299.9</ele>
      </trkpt>
      <trkpt lat="47.80076" lon="7.171">
        <ele>300.1</ele>
      </trkpt>
      <trkpt lat="47.80045" lon="7.16992">
        <ele>300.5</ele>
      </trkpt>
      <trkpt lat="47.80014" lon="7.16885">
        <ele>301.3</ele>
      </trkpt>
      <trkpt lat="47.7998" lon="7.16771">
        <ele>301.5</ele>
      </trkpt>
      <trkpt lat="47.79947" lon="7.16657">
        <ele>301.6</ele>
      </trkpt>
      <trkpt lat="47.79926" lon="7.16589">
        <ele>301.1</ele>
      </trkpt>
      <trkpt lat="47.79902" lon="7.16522">
        <ele>301.8</ele>
      </trkpt>
      <trkpt lat="47.79874" lon="7.16438">
        <ele>302.4</ele>
      </trkpt>
      <trkpt lat="47.79846" lon="7.16353">
        <ele>304.3</ele>
      </trkpt>
      <trkpt lat="47.79835" lon="7.16326">
        <ele>305.0</ele>
      </trkpt>
      <trkpt lat="47.79821" lon="7.16301">
        <ele>304.5</ele>
      </trkpt>
      <trkpt lat="47.79768" lon="7.16225">
        <ele>302.0</ele>
      </trkpt>
      <trkpt lat="47.79715" lon="7.1615">
        <ele>303.6</ele>
      </trkpt>
      <trkpt lat="47.79715" lon="7.1615">
        <ele>303.6</ele>
      </trkpt>
      <trkpt lat="47.79669" lon="7.16084">
        <ele>305.0</ele>
      </trkpt>
      <trkpt lat="47.79671" lon="7.16076">
        <ele>305.2</ele>
      </trkpt>
      <trkpt lat="47.7967" lon="7.16067">
        <ele>305.4</ele>
      </trkpt>
      <trkpt lat="47.79668" lon="7.16063">
        <ele>305.5</ele>
      </trkpt>
      <trkpt lat="47.79664" lon="7.1606">
        <ele>305.6</ele>
      </trkpt>
      <trkpt lat="47.79658" lon="7.1606">
        <ele>305.7</ele>
      </trkpt>
      <trkpt lat="47.79654" lon="7.16064">
        <ele>305.7</ele>
      </trkpt>
      <trkpt lat="47.79636" lon="7.16036">
        <ele>306.7</ele>
      </trkpt>
      <trkpt lat="47.79641" lon="7.16029">
        <ele>306.7</ele>
      </trkpt>
      <trkpt lat="47.79627" lon="7.16008">
        <ele>307.3</ele>
      </trkpt>
      <trkpt lat="47.79627" lon="7.16008">
        <ele>307.3</ele>
      </trkpt>
      <trkpt lat="47.79583" lon="7.15949">
        <ele>306.8</ele>
      </trkpt>
      <trkpt lat="47.79573" lon="7.1594">
        <ele>306.5</ele>
      </trkpt>
      <trkpt lat="47.79563" lon="7.15935">
        <ele>306.4</ele>
      </trkpt>
      <trkpt lat="47.79528" lon="7.15914">
        <ele>306.1</ele>
      </trkpt>
      <trkpt lat="47.79516" lon="7.15907">
        <ele>306.1</ele>
      </trkpt>
      <trkpt lat="47.79514" lon="7.15906">
        <ele>306.1</ele>
      </trkpt>
      <trkpt lat="47.79501" lon="7.15899">
        <ele>306.0</ele>
      </trkpt>
      <trkpt lat="47.79494" lon="7.15895">
        <ele>306.0</ele>
      </trkpt>
      <trkpt lat="47.79488" lon="7.15889">
        <ele>306.0</ele>
      </trkpt>
      <trkpt lat="47.79482" lon="7.15881">
        <ele>306.1</ele>
      </trkpt>
      <trkpt lat="47.79477" lon="7.15872">
        <ele>306.1</ele>
      </trkpt>
      <trkpt lat="47.79468" lon="7.15846">
        <ele>306.3</ele>
      </trkpt>
      <trkpt lat="47.7946" lon="7.15832">
        <ele>306.5</ele>
      </trkpt>
      <trkpt lat="47.79451" lon="7.15823">
        <ele>306.6</ele>
      </trkpt>
      <trkpt lat="47.79413" lon="7.15788">
        <ele>307.0</ele>
      </trkpt>
      <trkpt lat="47.79374" lon="7.15754">
        <ele>307.0</ele>
      </trkpt>
      <trkpt lat="47.79374" lon="7.15754">
        <ele>307.0</ele>
      </trkpt>
      <trkpt lat="47.79316" lon="7.15702">
        <ele>307.3</ele>
      </trkpt>
      <trkpt lat="47.79258" lon="7.1565">
        <ele>308.3</ele>
      </trkpt>
      <trkpt lat="47.792" lon="7.15599">
        <ele>306.9</ele>
      </trkpt>
      <trkpt lat="47.79142" lon="7.15547">
        <ele>307.2</ele>
      </trkpt>
      <trkpt lat="47.79126" lon="7.15535">
        <ele>307.4</ele>
      </trkpt>
      <trkpt lat="47.79123" lon="7.15533">
        <ele>307.4</ele>
      </trkpt>
      <trkpt lat="47.79116" lon="7.15531">
        <ele>307.6</ele>
      </trkpt>
      <trkpt lat="47.79061" lon="7.15486">
        <ele>307.8</ele>
      </trkpt>
      <trkpt lat="47.79033" lon="7.15461">
        <ele>307.7</ele>
      </trkpt>
      <trkpt lat="47.79009" lon="7.15437">
        <ele>307.8</ele>
      </trkpt>
      <trkpt lat="47.78933" lon="7.15371">
        <ele>308.5</ele>
      </trkpt>
      <trkpt lat="47.78921" lon="7.15359">
        <ele>308.7</ele>
      </trkpt>
      <trkpt lat="47.78917" lon="7.15359">
        <ele>308.7</ele>
      </trkpt>
      <trkpt lat="47.78906" lon="7.15363">
        <ele>308.4</ele>
      </trkpt>
      <trkpt lat="47.78892" lon="7.15364">
        <ele>308.1</ele>
      </trkpt>
      <trkpt lat="47.78876" lon="7.1536">
        <ele>307.9</ele>
      </trkpt>
      <trkpt lat="47.78865" lon="7.15353">
        <ele>307.7</ele>
      </trkpt>
      <trkpt lat="47.78857" lon="7.15343">
        <ele>307.5</ele>
      </trkpt>
      <trkpt lat="47.7885" lon="7.15329">
        <ele>307.4</ele>
      </trkpt>
      <trkpt lat="47.7885" lon="7.15329">
        <ele>307.4</ele>
      </trkpt>
      <trkpt lat="47.78842" lon="7.15302">
        <ele>307.5</ele>
      </trkpt>
      <trkpt lat="47.78836" lon="7.15288">
        <ele>307.6</ele>
      </trkpt>
      <trkpt lat="47.78828" lon="7.15277">
        <ele>307.3</ele>
      </trkpt>
      <trkpt lat="47.78775" lon="7.15228">
        <ele>305.1</ele>
      </trkpt>
      <trkpt lat="47.7875" lon="7.1521">
        <ele>305.4</ele>
      </trkpt>
      <trkpt lat="47.78735" lon="7.15205">
        <ele>305.6</ele>
      </trkpt>
      <trkpt lat="47.78718" lon="7.15193">
        <ele>306.3</ele>
      </trkpt>
      <trkpt lat="47.7868" lon="7.1518">
        <ele>306.5</ele>
      </trkpt>
      <trkpt lat="47.78673" lon="7.15173">
        <ele>306.8</ele>
      </trkpt>
      <trkpt lat="47.78615" lon="7.15139">
        <ele>306.0</ele>
      </trkpt>
      <trkpt lat="47.78556" lon="7.15106">
        <ele>305.2</ele>
      </trkpt>
      <trkpt lat="47.78547" lon="7.15097">
        <ele>305.0</ele>
      </trkpt>
      <trkpt lat="47.78528" lon="7.15067">
        <ele>304.7</ele>
      </trkpt>
      <trkpt lat="47.78517" lon="7.15056">
        <ele>304.4</ele>
      </trkpt>
      <trkpt lat="47.78438" lon="7.15016">
        <ele>303.9</ele>
      </trkpt>
      <trkpt lat="47.78359" lon="7.14976">
        <ele>305.1</ele>
      </trkpt>
      <trkpt lat="47.78339" lon="7.14973">
        <ele>305.3</ele>
      </trkpt>
      <trkpt lat="47.78323" lon="7.1496">
        <ele>305.5</ele>
      </trkpt>
      <trkpt lat="47.78315" lon="7.14954">
        <ele>305.7</ele>
      </trkpt>
      <trkpt lat="47.78306" lon="7.14952">
        <ele>305.7</ele>
      </trkpt>
      <trkpt lat="47.7827" lon="7.14936">
        <ele>305.9</ele>
      </trkpt>
      <trkpt lat="47.78207" lon="7.14903">
        <ele>304.8</ele>
      </trkpt>
      <trkpt lat="47.78144" lon="7.14869">
        <ele>303.8</ele>
      </trkpt>
      <trkpt lat="47.78086" lon="7.1484">
        <ele>303.8</ele>
      </trkpt>
      <trkpt lat="47.78029" lon="7.1481">
        <ele>303.3</ele>
      </trkpt>
      <trkpt lat="47.77971" lon="7.1478">
        <ele>302.8</ele>
      </trkpt>
      <trkpt lat="47.77919" lon="7.14754">
        <ele>302.1</ele>
      </trkpt>
      <trkpt lat="47.77876" lon="7.14735">
        <ele>303.6</ele>
      </trkpt>
      <trkpt lat="47.77832" lon="7.14716">
        <ele>305.4</ele>
      </trkpt>
      <trkpt lat="47.77813" lon="7.14705">
        <ele>305.5</ele>
      </trkpt>
      <trkpt lat="47.77763" lon="7.14683">
        <ele>305.8</ele>
      </trkpt>
      <trkpt lat="47.77714" lon="7.14661">
        <ele>306.5</ele>
      </trkpt>
      <trkpt lat="47.77684" lon="7.14644">
        <ele>306.8</ele>
      </trkpt>
      <trkpt lat="47.77675" lon="7.14638">
        <ele>306.9</ele>
      </trkpt>
      <trkpt lat="47.77656" lon="7.14623">
        <ele>307.0</ele>
      </trkpt>
      <trkpt lat="47.77635" lon="7.14613">
        <ele>307.0</ele>
      </trkpt>
      <trkpt lat="47.776" lon="7.14609">
        <ele>307.0</ele>
      </trkpt>
      <trkpt lat="47.77591" lon="7.14619">
        <ele>307.0</ele>
      </trkpt>
      <trkpt lat="47.77564" lon="7.1465">
        <ele>306.5</ele>
      </trkpt>
      <trkpt lat="47.77504" lon="7.14735">
        <ele>305.8</ele>
      </trkpt>
      <trkpt lat="47.77443" lon="7.1482">
        <ele>305.4</ele>
      </trkpt>
      <trkpt lat="47.77383" lon="7.14906">
        <ele>304.5</ele>
      </trkpt>
      <trkpt lat="47.77343" lon="7.1498">
        <ele>304.9</ele>
      </trkpt>
      <trkpt lat="47.77343" lon="7.1498">
        <ele>304.9</ele>
      </trkpt>
      <trkpt lat="47.77301" lon="7.15059">
        <ele>303.5</ele>
      </trkpt>
      <trkpt lat="47.7726" lon="7.15165">
        <ele>303.0</ele>
      </trkpt>
      <trkpt lat="47.7722" lon="7.15271">
        <ele>301.1</ele>
      </trkpt>
      <trkpt lat="47.77179" lon="7.15376">
        <ele>299.4</ele>
      </trkpt>
      <trkpt lat="47.77134" lon="7.1549">
        <ele>299.9</ele>
      </trkpt>
      <trkpt lat="47.77088" lon="7.15604">
        <ele>300.9</ele>
      </trkpt>
      <trkpt lat="47.77027" lon="7.15558">
        <ele>299.8</ele>
      </trkpt>
      <trkpt lat="47.76966" lon="7.15513">
        <ele>298.9</ele>
      </trkpt>
      <trkpt lat="47.76934" lon="7.15484">
        <ele>299.3</ele>
      </trkpt>
      <trkpt lat="47.76915" lon="7.15472">
        <ele>299.7</ele>
      </trkpt>
      <trkpt lat="47.76888" lon="7.15453">
        <ele>300.1</ele>
      </trkpt>
      <trkpt lat="47.76834" lon="7.15424">
        <ele>300.0</ele>
      </trkpt>
      <trkpt lat="47.76779" lon="7.15395">
        <ele>298.0</ele>
      </trkpt>
      <trkpt lat="47.76749" lon="7.15384">
        <ele>297.0</ele>
      </trkpt>
      <trkpt lat="47.76676" lon="7.15364">
        <ele>297.2</ele>
      </trkpt>
      <trkpt lat="47.76676" lon="7.15364">
        <ele>297.2</ele>
      </trkpt>
      <trkpt lat="47.76668" lon="7.15362">
        <ele>297.3</ele>
      </trkpt>
      <trkpt lat="47.76624" lon="7.15349">
        <ele>296.4</ele>
      </trkpt>
      <trkpt lat="47.76549" lon="7.15322">
        <ele>295.0</ele>
      </trkpt>
      <trkpt lat="47.76487" lon="7.15275">
        <ele>295.0</ele>
      </trkpt>
      <trkpt lat="47.76413" lon="7.15224">
        <ele>295.6</ele>
      </trkpt>
      <trkpt lat="47.76379" lon="7.15196">
        <ele>295.7</ele>
      </trkpt>
      <trkpt lat="47.76334" lon="7.15153">
        <ele>295.2</ele>
      </trkpt>
      <trkpt lat="47.76289" lon="7.1511">
        <ele>295.0</ele>
      </trkpt>
      <trkpt lat="47.76262" lon="7.15081">
        <ele>294.3</ele>
      </trkpt>
      <trkpt lat="47.76262" lon="7.15081">
        <ele>294.3</ele>
      </trkpt>
      <trkpt lat="47.76258" lon="7.15077">
        <ele>294.2</ele>
      </trkpt>
      <trkpt lat="47.76242" lon="7.1505">
        <ele>294.0</ele>
      </trkpt>
      <trkpt lat="47.7624" lon="7.15036">
        <ele>294.1</ele>
      </trkpt>
      <trkpt lat="47.76238" lon="7.1501">
        <ele>294.2</ele>
      </trkpt>
      <trkpt lat="47.76226" lon="7.15015">
        <ele>294.4</ele>
      </trkpt>
      <trkpt lat="47.76209" lon="7.15027">
        <ele>294.5</ele>
      </trkpt>
      <trkpt lat="47.7619" lon="7.15047">
        <ele>294.2</ele>
      </trkpt>
      <trkpt lat="47.76174" lon="7.15074">
        <ele>293.4</ele>
      </trkpt>
      <trkpt lat="47.76154" lon="7.15124">
        <ele>292.9</ele>
      </trkpt>
      <trkpt lat="47.7615" lon="7.15139">
        <ele>292.8</ele>
      </trkpt>
      <trkpt lat="47.76134" lon="7.15214">
        <ele>293.4</ele>
      </trkpt>
      <trkpt lat="47.76121" lon="7.15258">
        <ele>294.1</ele>
      </trkpt>
      <trkpt lat="47.76098" lon="7.15312">
        <ele>294.2</ele>
      </trkpt>
    </trkseg>
  </trk>
</gpx>
