<?xml version="1.0" encoding="UTF-8"?>
<gpx xmlns:gpxdata="http://www.cluetrust.com/XML/GPXDATA/1/0" xmlns:xsi="http://www.w3.org/2001/XMLSchema-instance" xmlns="http://www.topografix.com/GPX/1/1" version="1.1" creator="http://ridewithgps.com/" xsi:schemaLocation="http://www.topografix.com/GPX/1/1 http://www.topografix.com/GPX/1/1/gpx.xsd http://www.cluetrust.com/XML/GPXDATA/1/0 http://www.cluetrust.com/Schemas/gpxdata10.xsd">
  <metadata>
    <name>Jour 21 - Montélimar @ Orange</name>
    <link href="https://ridewithgps.com/routes/56876673">
      <text>Jour 21 - Montélimar @ Orange</text>
    </link>
    <time>2026-08-27T09:57:53Z</time>
  </metadata>
  <trk>
    <name>Jour 21 - Montélimar @ Orange</name>
    <trkseg>
      <trkpt lat="44.55956" lon="4.75064">
        <ele>88.6</ele>
      </trkpt>
      <trkpt lat="44.55956" lon="4.75066">
        <ele>88.6</ele>
      </trkpt>
      <trkpt lat="44.55941" lon="4.75059">
        <ele>88.8</ele>
      </trkpt>
      <trkpt lat="44.55942" lon="4.75053">
        <ele>88.7</ele>
      </trkpt>
      <trkpt lat="44.55917" lon="4.75044">
        <ele>89.0</ele>
      </trkpt>
      <trkpt lat="44.55918" lon="4.75049">
        <ele>89.1</ele>
      </trkpt>
      <trkpt lat="44.55875" lon="4.75034">
        <ele>89.6</ele>
      </trkpt>
      <trkpt lat="44.55846" lon="4.75019">
        <ele>90.0</ele>
      </trkpt>
      <trkpt lat="44.55832" lon="4.75013">
        <ele>90.1</ele>
      </trkpt>
      <trkpt lat="44.55794" lon="4.74995">
        <ele>89.4</ele>
      </trkpt>
      <trkpt lat="44.55798" lon="4.74946">
        <ele>88.0</ele>
      </trkpt>
      <trkpt lat="44.5576" lon="4.74937">
        <ele>86.9</ele>
      </trkpt>
      <trkpt lat="44.5576" lon="4.74937">
        <ele>86.9</ele>
      </trkpt>
      <trkpt lat="44.55739" lon="4.74931">
        <ele>86.5</ele>
      </trkpt>
      <trkpt lat="44.55742" lon="4.74904">
        <ele>85.7</ele>
      </trkpt>
      <trkpt lat="44.55697" lon="4.74895">
        <ele>85.6</ele>
      </trkpt>
      <trkpt lat="44.55652" lon="4.74887">
        <ele>85.8</ele>
      </trkpt>
      <trkpt lat="44.55652" lon="4.74887">
        <ele>85.8</ele>
      </trkpt>
      <trkpt lat="44.55629" lon="4.74883">
        <ele>86.0</ele>
      </trkpt>
      <trkpt lat="44.55624" lon="4.74883">
        <ele>86.1</ele>
      </trkpt>
      <trkpt lat="44.55618" lon="4.74877">
        <ele>86.1</ele>
      </trkpt>
      <trkpt lat="44.55612" lon="4.74865">
        <ele>86.0</ele>
      </trkpt>
      <trkpt lat="44.55612" lon="4.74859">
        <ele>86.0</ele>
      </trkpt>
      <trkpt lat="44.55607" lon="4.74852">
        <ele>85.9</ele>
      </trkpt>
      <trkpt lat="44.55602" lon="4.7485">
        <ele>86.0</ele>
      </trkpt>
      <trkpt lat="44.55598" lon="4.74851">
        <ele>86.0</ele>
      </trkpt>
      <trkpt lat="44.55595" lon="4.74855">
        <ele>86.1</ele>
      </trkpt>
      <trkpt lat="44.55593" lon="4.74861">
        <ele>86.2</ele>
      </trkpt>
      <trkpt lat="44.55593" lon="4.74866">
        <ele>86.3</ele>
      </trkpt>
      <trkpt lat="44.55571" lon="4.74902">
        <ele>87.0</ele>
      </trkpt>
      <trkpt lat="44.55528" lon="4.74943">
        <ele>86.9</ele>
      </trkpt>
      <trkpt lat="44.55524" lon="4.7494">
        <ele>87.0</ele>
      </trkpt>
      <trkpt lat="44.55518" lon="4.7494">
        <ele>87.1</ele>
      </trkpt>
      <trkpt lat="44.55511" lon="4.74934">
        <ele>87.3</ele>
      </trkpt>
      <trkpt lat="44.55499" lon="4.7493">
        <ele>87.5</ele>
      </trkpt>
      <trkpt lat="44.55492" lon="4.74926">
        <ele>87.5</ele>
      </trkpt>
      <trkpt lat="44.5548" lon="4.74919">
        <ele>87.4</ele>
      </trkpt>
      <trkpt lat="44.55424" lon="4.74896">
        <ele>86.4</ele>
      </trkpt>
      <trkpt lat="44.55368" lon="4.74872">
        <ele>86.5</ele>
      </trkpt>
      <trkpt lat="44.55365" lon="4.74863">
        <ele>86.6</ele>
      </trkpt>
      <trkpt lat="44.55356" lon="4.74857">
        <ele>86.7</ele>
      </trkpt>
      <trkpt lat="44.55353" lon="4.74854">
        <ele>86.8</ele>
      </trkpt>
      <trkpt lat="44.55344" lon="4.7484">
        <ele>86.9</ele>
      </trkpt>
      <trkpt lat="44.55342" lon="4.74833">
        <ele>87.0</ele>
      </trkpt>
      <trkpt lat="44.55339" lon="4.74826">
        <ele>87.0</ele>
      </trkpt>
      <trkpt lat="44.55334" lon="4.74807">
        <ele>87.0</ele>
      </trkpt>
      <trkpt lat="44.55325" lon="4.74802">
        <ele>86.7</ele>
      </trkpt>
      <trkpt lat="44.55314" lon="4.74802">
        <ele>86.2</ele>
      </trkpt>
      <trkpt lat="44.55308" lon="4.74811">
        <ele>86.0</ele>
      </trkpt>
      <trkpt lat="44.55299" lon="4.7482">
        <ele>85.7</ele>
      </trkpt>
      <trkpt lat="44.55296" lon="4.74821">
        <ele>85.6</ele>
      </trkpt>
      <trkpt lat="44.55279" lon="4.74825">
        <ele>85.0</ele>
      </trkpt>
      <trkpt lat="44.55273" lon="4.74816">
        <ele>84.7</ele>
      </trkpt>
      <trkpt lat="44.55269" lon="4.74794">
        <ele>84.3</ele>
      </trkpt>
      <trkpt lat="44.5529" lon="4.74685">
        <ele>84.9</ele>
      </trkpt>
      <trkpt lat="44.5529" lon="4.74685">
        <ele>84.9</ele>
      </trkpt>
      <trkpt lat="44.5529" lon="4.74685">
        <ele>84.9</ele>
      </trkpt>
      <trkpt lat="44.5531" lon="4.74588">
        <ele>83.3</ele>
      </trkpt>
      <trkpt lat="44.55331" lon="4.74492">
        <ele>80.9</ele>
      </trkpt>
      <trkpt lat="44.55347" lon="4.74411">
        <ele>80.2</ele>
      </trkpt>
      <trkpt lat="44.55364" lon="4.7433">
        <ele>80.0</ele>
      </trkpt>
      <trkpt lat="44.55368" lon="4.74298">
        <ele>79.8</ele>
      </trkpt>
      <trkpt lat="44.5537" lon="4.74242">
        <ele>79.3</ele>
      </trkpt>
      <trkpt lat="44.55378" lon="4.7416">
        <ele>78.6</ele>
      </trkpt>
      <trkpt lat="44.55381" lon="4.74106">
        <ele>79.2</ele>
      </trkpt>
      <trkpt lat="44.5539" lon="4.74018">
        <ele>79.4</ele>
      </trkpt>
      <trkpt lat="44.55399" lon="4.73947">
        <ele>79.1</ele>
      </trkpt>
      <trkpt lat="44.55408" lon="4.73876">
        <ele>77.6</ele>
      </trkpt>
      <trkpt lat="44.55422" lon="4.73794">
        <ele>77.0</ele>
      </trkpt>
      <trkpt lat="44.55428" lon="4.7377">
        <ele>77.6</ele>
      </trkpt>
      <trkpt lat="44.5544" lon="4.7373">
        <ele>78.3</ele>
      </trkpt>
      <trkpt lat="44.55466" lon="4.73633">
        <ele>78.2</ele>
      </trkpt>
      <trkpt lat="44.55466" lon="4.73633">
        <ele>78.2</ele>
      </trkpt>
      <trkpt lat="44.55481" lon="4.73622">
        <ele>78.0</ele>
      </trkpt>
      <trkpt lat="44.55484" lon="4.73617">
        <ele>77.9</ele>
      </trkpt>
      <trkpt lat="44.55491" lon="4.73594">
        <ele>77.8</ele>
      </trkpt>
      <trkpt lat="44.55503" lon="4.73547">
        <ele>78.9</ele>
      </trkpt>
      <trkpt lat="44.55512" lon="4.73505">
        <ele>79.8</ele>
      </trkpt>
      <trkpt lat="44.55519" lon="4.73465">
        <ele>80.4</ele>
      </trkpt>
      <trkpt lat="44.55525" lon="4.73422">
        <ele>81.2</ele>
      </trkpt>
      <trkpt lat="44.55531" lon="4.73329">
        <ele>80.9</ele>
      </trkpt>
      <trkpt lat="44.55531" lon="4.73292">
        <ele>79.8</ele>
      </trkpt>
      <trkpt lat="44.55528" lon="4.73205">
        <ele>78.3</ele>
      </trkpt>
      <trkpt lat="44.5552" lon="4.73118">
        <ele>77.9</ele>
      </trkpt>
      <trkpt lat="44.55516" lon="4.73088">
        <ele>78.0</ele>
      </trkpt>
      <trkpt lat="44.55512" lon="4.73066">
        <ele>78.0</ele>
      </trkpt>
      <trkpt lat="44.55506" lon="4.73015">
        <ele>78.0</ele>
      </trkpt>
      <trkpt lat="44.55506" lon="4.72993">
        <ele>78.1</ele>
      </trkpt>
      <trkpt lat="44.5551" lon="4.72968">
        <ele>78.4</ele>
      </trkpt>
      <trkpt lat="44.5548" lon="4.72867">
        <ele>78.3</ele>
      </trkpt>
      <trkpt lat="44.5544" lon="4.72762">
        <ele>78.2</ele>
      </trkpt>
      <trkpt lat="44.55391" lon="4.72661">
        <ele>77.4</ele>
      </trkpt>
      <trkpt lat="44.55342" lon="4.72561">
        <ele>76.6</ele>
      </trkpt>
      <trkpt lat="44.55293" lon="4.7246">
        <ele>76.8</ele>
      </trkpt>
      <trkpt lat="44.55293" lon="4.7246">
        <ele>76.8</ele>
      </trkpt>
      <trkpt lat="44.55247" lon="4.72364">
        <ele>77.5</ele>
      </trkpt>
      <trkpt lat="44.552" lon="4.72269">
        <ele>77.2</ele>
      </trkpt>
      <trkpt lat="44.55153" lon="4.72173">
        <ele>78.1</ele>
      </trkpt>
      <trkpt lat="44.55107" lon="4.72077">
        <ele>76.8</ele>
      </trkpt>
      <trkpt lat="44.5506" lon="4.71982">
        <ele>74.3</ele>
      </trkpt>
      <trkpt lat="44.55032" lon="4.71924">
        <ele>76.0</ele>
      </trkpt>
      <trkpt lat="44.55004" lon="4.71867">
        <ele>73.6</ele>
      </trkpt>
      <trkpt lat="44.54992" lon="4.71869">
        <ele>73.6</ele>
      </trkpt>
      <trkpt lat="44.54976" lon="4.71876">
        <ele>74.1</ele>
      </trkpt>
      <trkpt lat="44.54926" lon="4.71904">
        <ele>76.1</ele>
      </trkpt>
      <trkpt lat="44.54876" lon="4.71933">
        <ele>74.6</ele>
      </trkpt>
      <trkpt lat="44.54854" lon="4.71949">
        <ele>74.4</ele>
      </trkpt>
      <trkpt lat="44.54835" lon="4.71959">
        <ele>74.6</ele>
      </trkpt>
      <trkpt lat="44.54813" lon="4.71978">
        <ele>74.9</ele>
      </trkpt>
      <trkpt lat="44.54813" lon="4.71978">
        <ele>74.9</ele>
      </trkpt>
      <trkpt lat="44.54738" lon="4.72042">
        <ele>71.9</ele>
      </trkpt>
      <trkpt lat="44.54655" lon="4.7209">
        <ele>71.3</ele>
      </trkpt>
      <trkpt lat="44.54572" lon="4.72137">
        <ele>71.0</ele>
      </trkpt>
      <trkpt lat="44.54489" lon="4.72184">
        <ele>71.7</ele>
      </trkpt>
      <trkpt lat="44.54406" lon="4.72232">
        <ele>71.0</ele>
      </trkpt>
      <trkpt lat="44.54323" lon="4.72279">
        <ele>72.5</ele>
      </trkpt>
      <trkpt lat="44.5424" lon="4.72327">
        <ele>71.0</ele>
      </trkpt>
      <trkpt lat="44.54158" lon="4.72374">
        <ele>72.3</ele>
      </trkpt>
      <trkpt lat="44.54075" lon="4.72421">
        <ele>71.2</ele>
      </trkpt>
      <trkpt lat="44.53992" lon="4.72469">
        <ele>72.7</ele>
      </trkpt>
      <trkpt lat="44.53909" lon="4.72516">
        <ele>72.2</ele>
      </trkpt>
      <trkpt lat="44.53826" lon="4.72564">
        <ele>78.0</ele>
      </trkpt>
      <trkpt lat="44.5375" lon="4.72605">
        <ele>81.3</ele>
      </trkpt>
      <trkpt lat="44.53674" lon="4.72647">
        <ele>81.7</ele>
      </trkpt>
      <trkpt lat="44.53598" lon="4.72689">
        <ele>82.5</ele>
      </trkpt>
      <trkpt lat="44.53598" lon="4.72689">
        <ele>82.5</ele>
      </trkpt>
      <trkpt lat="44.53564" lon="4.72708">
        <ele>82.3</ele>
      </trkpt>
      <trkpt lat="44.53543" lon="4.72725">
        <ele>82.4</ele>
      </trkpt>
      <trkpt lat="44.5352" lon="4.7275">
        <ele>83.0</ele>
      </trkpt>
      <trkpt lat="44.5351" lon="4.72754">
        <ele>83.0</ele>
      </trkpt>
      <trkpt lat="44.53505" lon="4.7273">
        <ele>83.0</ele>
      </trkpt>
      <trkpt lat="44.53485" lon="4.72643">
        <ele>83.2</ele>
      </trkpt>
      <trkpt lat="44.53465" lon="4.72556">
        <ele>83.4</ele>
      </trkpt>
      <trkpt lat="44.53446" lon="4.72469">
        <ele>83.6</ele>
      </trkpt>
      <trkpt lat="44.53441" lon="4.72452">
        <ele>83.6</ele>
      </trkpt>
      <trkpt lat="44.5343" lon="4.7239">
        <ele>83.8</ele>
      </trkpt>
      <trkpt lat="44.53399" lon="4.72303">
        <ele>80.5</ele>
      </trkpt>
      <trkpt lat="44.53396" lon="4.72305">
        <ele>80.6</ele>
      </trkpt>
      <trkpt lat="44.53386" lon="4.72305">
        <ele>80.6</ele>
      </trkpt>
      <trkpt lat="44.53363" lon="4.7229">
        <ele>79.9</ele>
      </trkpt>
      <trkpt lat="44.53296" lon="4.72315">
        <ele>80.8</ele>
      </trkpt>
      <trkpt lat="44.53229" lon="4.7234">
        <ele>80.5</ele>
      </trkpt>
      <trkpt lat="44.53155" lon="4.72364">
        <ele>78.8</ele>
      </trkpt>
      <trkpt lat="44.5308" lon="4.72388">
        <ele>77.3</ele>
      </trkpt>
      <trkpt lat="44.53005" lon="4.72413">
        <ele>76.2</ele>
      </trkpt>
      <trkpt lat="44.52996" lon="4.72413">
        <ele>76.2</ele>
      </trkpt>
      <trkpt lat="44.52962" lon="4.72407">
        <ele>77.3</ele>
      </trkpt>
      <trkpt lat="44.5295" lon="4.72402">
        <ele>77.7</ele>
      </trkpt>
      <trkpt lat="44.52915" lon="4.72391">
        <ele>78.4</ele>
      </trkpt>
      <trkpt lat="44.52915" lon="4.72391">
        <ele>78.4</ele>
      </trkpt>
      <trkpt lat="44.52838" lon="4.72374">
        <ele>78.9</ele>
      </trkpt>
      <trkpt lat="44.52762" lon="4.72358">
        <ele>78.4</ele>
      </trkpt>
      <trkpt lat="44.52701" lon="4.72342">
        <ele>78.6</ele>
      </trkpt>
      <trkpt lat="44.52641" lon="4.72326">
        <ele>78.8</ele>
      </trkpt>
      <trkpt lat="44.52584" lon="4.72312">
        <ele>78.0</ele>
      </trkpt>
      <trkpt lat="44.52528" lon="4.72302">
        <ele>78.7</ele>
      </trkpt>
      <trkpt lat="44.52514" lon="4.72307">
        <ele>78.8</ele>
      </trkpt>
      <trkpt lat="44.52432" lon="4.72357">
        <ele>78.8</ele>
      </trkpt>
      <trkpt lat="44.5235" lon="4.72407">
        <ele>77.1</ele>
      </trkpt>
      <trkpt lat="44.52324" lon="4.72419">
        <ele>76.7</ele>
      </trkpt>
      <trkpt lat="44.52306" lon="4.72424">
        <ele>76.2</ele>
      </trkpt>
      <trkpt lat="44.52289" lon="4.72426">
        <ele>75.7</ele>
      </trkpt>
      <trkpt lat="44.52208" lon="4.72425">
        <ele>72.5</ele>
      </trkpt>
      <trkpt lat="44.5217" lon="4.72423">
        <ele>70.5</ele>
      </trkpt>
      <trkpt lat="44.52161" lon="4.72438">
        <ele>71.3</ele>
      </trkpt>
      <trkpt lat="44.52143" lon="4.72452">
        <ele>72.0</ele>
      </trkpt>
      <trkpt lat="44.52129" lon="4.72458">
        <ele>72.3</ele>
      </trkpt>
      <trkpt lat="44.52063" lon="4.72532">
        <ele>74.7</ele>
      </trkpt>
      <trkpt lat="44.52051" lon="4.72539">
        <ele>74.8</ele>
      </trkpt>
      <trkpt lat="44.52002" lon="4.72537">
        <ele>74.6</ele>
      </trkpt>
      <trkpt lat="44.51953" lon="4.72536">
        <ele>73.9</ele>
      </trkpt>
      <trkpt lat="44.51869" lon="4.7252">
        <ele>72.1</ele>
      </trkpt>
      <trkpt lat="44.51785" lon="4.72503">
        <ele>69.9</ele>
      </trkpt>
      <trkpt lat="44.5175" lon="4.72475">
        <ele>69.9</ele>
      </trkpt>
      <trkpt lat="44.5168" lon="4.72446">
        <ele>71.8</ele>
      </trkpt>
      <trkpt lat="44.51609" lon="4.72418">
        <ele>70.7</ele>
      </trkpt>
      <trkpt lat="44.51539" lon="4.72389">
        <ele>70.5</ele>
      </trkpt>
      <trkpt lat="44.51466" lon="4.72357">
        <ele>71.8</ele>
      </trkpt>
      <trkpt lat="44.51394" lon="4.72325">
        <ele>72.0</ele>
      </trkpt>
      <trkpt lat="44.51321" lon="4.72293">
        <ele>71.6</ele>
      </trkpt>
      <trkpt lat="44.51248" lon="4.72261">
        <ele>72.8</ele>
      </trkpt>
      <trkpt lat="44.51241" lon="4.72252">
        <ele>73.2</ele>
      </trkpt>
      <trkpt lat="44.51236" lon="4.72235">
        <ele>73.2</ele>
      </trkpt>
      <trkpt lat="44.51231" lon="4.72194">
        <ele>73.0</ele>
      </trkpt>
      <trkpt lat="44.51212" lon="4.72081">
        <ele>72.0</ele>
      </trkpt>
      <trkpt lat="44.51213" lon="4.7206">
        <ele>71.5</ele>
      </trkpt>
      <trkpt lat="44.51218" lon="4.72044">
        <ele>70.6</ele>
      </trkpt>
      <trkpt lat="44.51216" lon="4.72036">
        <ele>70.6</ele>
      </trkpt>
      <trkpt lat="44.51214" lon="4.72019">
        <ele>70.4</ele>
      </trkpt>
      <trkpt lat="44.51213" lon="4.72008">
        <ele>70.3</ele>
      </trkpt>
      <trkpt lat="44.51213" lon="4.72008">
        <ele>70.3</ele>
      </trkpt>
      <trkpt lat="44.51213" lon="4.71997">
        <ele>70.0</ele>
      </trkpt>
      <trkpt lat="44.51204" lon="4.71928">
        <ele>68.1</ele>
      </trkpt>
      <trkpt lat="44.512" lon="4.71917">
        <ele>67.8</ele>
      </trkpt>
      <trkpt lat="44.51185" lon="4.71883">
        <ele>67.1</ele>
      </trkpt>
      <trkpt lat="44.51169" lon="4.71862">
        <ele>66.4</ele>
      </trkpt>
      <trkpt lat="44.51115" lon="4.71812">
        <ele>67.3</ele>
      </trkpt>
      <trkpt lat="44.51062" lon="4.71762">
        <ele>66.4</ele>
      </trkpt>
      <trkpt lat="44.51" lon="4.71697">
        <ele>66.7</ele>
      </trkpt>
      <trkpt lat="44.50967" lon="4.71652">
        <ele>66.6</ele>
      </trkpt>
      <trkpt lat="44.50934" lon="4.71606">
        <ele>66.9</ele>
      </trkpt>
      <trkpt lat="44.50906" lon="4.71583">
        <ele>67.8</ele>
      </trkpt>
      <trkpt lat="44.50871" lon="4.71555">
        <ele>69.8</ele>
      </trkpt>
      <trkpt lat="44.50825" lon="4.7153">
        <ele>71.8</ele>
      </trkpt>
      <trkpt lat="44.5078" lon="4.71506">
        <ele>71.8</ele>
      </trkpt>
      <trkpt lat="44.50726" lon="4.71481">
        <ele>71.3</ele>
      </trkpt>
      <trkpt lat="44.50716" lon="4.71474">
        <ele>71.3</ele>
      </trkpt>
      <trkpt lat="44.50707" lon="4.71459">
        <ele>70.9</ele>
      </trkpt>
      <trkpt lat="44.50684" lon="4.71389">
        <ele>69.8</ele>
      </trkpt>
      <trkpt lat="44.50645" lon="4.71285">
        <ele>68.6</ele>
      </trkpt>
      <trkpt lat="44.50606" lon="4.71182">
        <ele>69.6</ele>
      </trkpt>
      <trkpt lat="44.50567" lon="4.71078">
        <ele>66.5</ele>
      </trkpt>
      <trkpt lat="44.50537" lon="4.71007">
        <ele>66.5</ele>
      </trkpt>
      <trkpt lat="44.50514" lon="4.70956">
        <ele>66.0</ele>
      </trkpt>
      <trkpt lat="44.50505" lon="4.70945">
        <ele>65.9</ele>
      </trkpt>
      <trkpt lat="44.50497" lon="4.70928">
        <ele>65.5</ele>
      </trkpt>
      <trkpt lat="44.50455" lon="4.70821">
        <ele>64.9</ele>
      </trkpt>
      <trkpt lat="44.50449" lon="4.70808">
        <ele>64.9</ele>
      </trkpt>
      <trkpt lat="44.50431" lon="4.70782">
        <ele>65.0</ele>
      </trkpt>
      <trkpt lat="44.50427" lon="4.7077">
        <ele>65.0</ele>
      </trkpt>
      <trkpt lat="44.50426" lon="4.70761">
        <ele>64.9</ele>
      </trkpt>
      <trkpt lat="44.50409" lon="4.70742">
        <ele>65.0</ele>
      </trkpt>
      <trkpt lat="44.50376" lon="4.70718">
        <ele>65.6</ele>
      </trkpt>
      <trkpt lat="44.50372" lon="4.70715">
        <ele>65.7</ele>
      </trkpt>
      <trkpt lat="44.50366" lon="4.70715">
        <ele>65.9</ele>
      </trkpt>
      <trkpt lat="44.50356" lon="4.70721">
        <ele>66.3</ele>
      </trkpt>
      <trkpt lat="44.50349" lon="4.70732">
        <ele>66.5</ele>
      </trkpt>
      <trkpt lat="44.50331" lon="4.70768">
        <ele>67.7</ele>
      </trkpt>
      <trkpt lat="44.5031" lon="4.70802">
        <ele>68.1</ele>
      </trkpt>
      <trkpt lat="44.50306" lon="4.70795">
        <ele>68.1</ele>
      </trkpt>
      <trkpt lat="44.50293" lon="4.70774">
        <ele>68.4</ele>
      </trkpt>
      <trkpt lat="44.5029" lon="4.70769">
        <ele>68.5</ele>
      </trkpt>
      <trkpt lat="44.50267" lon="4.70795">
        <ele>68.9</ele>
      </trkpt>
      <trkpt lat="44.5026" lon="4.70799">
        <ele>69.0</ele>
      </trkpt>
      <trkpt lat="44.50255" lon="4.70797">
        <ele>69.0</ele>
      </trkpt>
      <trkpt lat="44.50219" lon="4.70764">
        <ele>68.1</ele>
      </trkpt>
      <trkpt lat="44.50214" lon="4.7075">
        <ele>67.7</ele>
      </trkpt>
      <trkpt lat="44.5021" lon="4.70711">
        <ele>67.3</ele>
      </trkpt>
      <trkpt lat="44.50208" lon="4.70704">
        <ele>67.2</ele>
      </trkpt>
      <trkpt lat="44.50191" lon="4.70664">
        <ele>66.6</ele>
      </trkpt>
      <trkpt lat="44.50174" lon="4.70617">
        <ele>67.3</ele>
      </trkpt>
      <trkpt lat="44.50144" lon="4.70582">
        <ele>66.4</ele>
      </trkpt>
      <trkpt lat="44.5014" lon="4.70576">
        <ele>66.1</ele>
      </trkpt>
      <trkpt lat="44.50125" lon="4.70536">
        <ele>65.0</ele>
      </trkpt>
      <trkpt lat="44.50111" lon="4.70494">
        <ele>64.2</ele>
      </trkpt>
      <trkpt lat="44.50104" lon="4.70484">
        <ele>64.1</ele>
      </trkpt>
      <trkpt lat="44.501" lon="4.70478">
        <ele>64.1</ele>
      </trkpt>
      <trkpt lat="44.50062" lon="4.7053">
        <ele>62.4</ele>
      </trkpt>
      <trkpt lat="44.50023" lon="4.70582">
        <ele>62.7</ele>
      </trkpt>
      <trkpt lat="44.49988" lon="4.70617">
        <ele>62.7</ele>
      </trkpt>
      <trkpt lat="44.49984" lon="4.70629">
        <ele>62.8</ele>
      </trkpt>
      <trkpt lat="44.49982" lon="4.70646">
        <ele>63.0</ele>
      </trkpt>
      <trkpt lat="44.49979" lon="4.70651">
        <ele>63.0</ele>
      </trkpt>
      <trkpt lat="44.49926" lon="4.70725">
        <ele>64.2</ele>
      </trkpt>
      <trkpt lat="44.49873" lon="4.70799">
        <ele>65.3</ele>
      </trkpt>
      <trkpt lat="44.49821" lon="4.70872">
        <ele>66.4</ele>
      </trkpt>
      <trkpt lat="44.49811" lon="4.70885">
        <ele>66.6</ele>
      </trkpt>
      <trkpt lat="44.49795" lon="4.70886">
        <ele>66.8</ele>
      </trkpt>
      <trkpt lat="44.49782" lon="4.7089">
        <ele>67.1</ele>
      </trkpt>
      <trkpt lat="44.49775" lon="4.70895">
        <ele>67.4</ele>
      </trkpt>
      <trkpt lat="44.49766" lon="4.70904">
        <ele>67.9</ele>
      </trkpt>
      <trkpt lat="44.49717" lon="4.70971">
        <ele>69.5</ele>
      </trkpt>
      <trkpt lat="44.49668" lon="4.71038">
        <ele>69.9</ele>
      </trkpt>
      <trkpt lat="44.49666" lon="4.71071">
        <ele>70.7</ele>
      </trkpt>
      <trkpt lat="44.49626" lon="4.71071">
        <ele>70.1</ele>
      </trkpt>
      <trkpt lat="44.49554" lon="4.71074">
        <ele>69.7</ele>
      </trkpt>
      <trkpt lat="44.49483" lon="4.71077">
        <ele>69.5</ele>
      </trkpt>
      <trkpt lat="44.49456" lon="4.71082">
        <ele>68.9</ele>
      </trkpt>
      <trkpt lat="44.49431" lon="4.71095">
        <ele>68.3</ele>
      </trkpt>
      <trkpt lat="44.49377" lon="4.71136">
        <ele>67.3</ele>
      </trkpt>
      <trkpt lat="44.4936" lon="4.71152">
        <ele>67.2</ele>
      </trkpt>
      <trkpt lat="44.49353" lon="4.71161">
        <ele>67.2</ele>
      </trkpt>
      <trkpt lat="44.49345" lon="4.71177">
        <ele>67.1</ele>
      </trkpt>
      <trkpt lat="44.49324" lon="4.71225">
        <ele>66.8</ele>
      </trkpt>
      <trkpt lat="44.49311" lon="4.71256">
        <ele>66.6</ele>
      </trkpt>
      <trkpt lat="44.49308" lon="4.71261">
        <ele>66.5</ele>
      </trkpt>
      <trkpt lat="44.49303" lon="4.7126">
        <ele>66.5</ele>
      </trkpt>
      <trkpt lat="44.4929" lon="4.71238">
        <ele>66.4</ele>
      </trkpt>
      <trkpt lat="44.49242" lon="4.71198">
        <ele>65.6</ele>
      </trkpt>
      <trkpt lat="44.49242" lon="4.71198">
        <ele>65.6</ele>
      </trkpt>
      <trkpt lat="44.49173" lon="4.7114">
        <ele>63.4</ele>
      </trkpt>
      <trkpt lat="44.49103" lon="4.71082">
        <ele>64.0</ele>
      </trkpt>
      <trkpt lat="44.49034" lon="4.71024">
        <ele>63.1</ele>
      </trkpt>
      <trkpt lat="44.48965" lon="4.70966">
        <ele>63.8</ele>
      </trkpt>
      <trkpt lat="44.48896" lon="4.70908">
        <ele>64.8</ele>
      </trkpt>
      <trkpt lat="44.48854" lon="4.7086">
        <ele>63.6</ele>
      </trkpt>
      <trkpt lat="44.48804" lon="4.70797">
        <ele>63.4</ele>
      </trkpt>
      <trkpt lat="44.48745" lon="4.70711">
        <ele>63.9</ele>
      </trkpt>
      <trkpt lat="44.48686" lon="4.70626">
        <ele>66.3</ele>
      </trkpt>
      <trkpt lat="44.48627" lon="4.7054">
        <ele>68.0</ele>
      </trkpt>
      <trkpt lat="44.48568" lon="4.70455">
        <ele>67.4</ele>
      </trkpt>
      <trkpt lat="44.48508" lon="4.70369">
        <ele>67.9</ele>
      </trkpt>
      <trkpt lat="44.4845" lon="4.70293">
        <ele>68.6</ele>
      </trkpt>
      <trkpt lat="44.48433" lon="4.7028">
        <ele>68.6</ele>
      </trkpt>
      <trkpt lat="44.48419" lon="4.70263">
        <ele>68.3</ele>
      </trkpt>
      <trkpt lat="44.48383" lon="4.7021">
        <ele>67.6</ele>
      </trkpt>
      <trkpt lat="44.48348" lon="4.70157">
        <ele>67.2</ele>
      </trkpt>
      <trkpt lat="44.48327" lon="4.70134">
        <ele>66.3</ele>
      </trkpt>
      <trkpt lat="44.48317" lon="4.70125">
        <ele>65.8</ele>
      </trkpt>
      <trkpt lat="44.48307" lon="4.7012">
        <ele>65.5</ele>
      </trkpt>
      <trkpt lat="44.48286" lon="4.70115">
        <ele>65.1</ele>
      </trkpt>
      <trkpt lat="44.4826" lon="4.70112">
        <ele>64.8</ele>
      </trkpt>
      <trkpt lat="44.48246" lon="4.70112">
        <ele>64.7</ele>
      </trkpt>
      <trkpt lat="44.48237" lon="4.70114">
        <ele>64.6</ele>
      </trkpt>
      <trkpt lat="44.48228" lon="4.70123">
        <ele>64.7</ele>
      </trkpt>
      <trkpt lat="44.48216" lon="4.70106">
        <ele>64.3</ele>
      </trkpt>
      <trkpt lat="44.48188" lon="4.7009">
        <ele>64.0</ele>
      </trkpt>
      <trkpt lat="44.48169" lon="4.70085">
        <ele>64.0</ele>
      </trkpt>
      <trkpt lat="44.48147" lon="4.701">
        <ele>64.0</ele>
      </trkpt>
      <trkpt lat="44.48082" lon="4.70104">
        <ele>63.8</ele>
      </trkpt>
      <trkpt lat="44.48032" lon="4.7011">
        <ele>63.7</ele>
      </trkpt>
      <trkpt lat="44.47983" lon="4.70115">
        <ele>63.8</ele>
      </trkpt>
      <trkpt lat="44.47922" lon="4.70119">
        <ele>64.4</ele>
      </trkpt>
      <trkpt lat="44.4786" lon="4.70123">
        <ele>64.2</ele>
      </trkpt>
      <trkpt lat="44.47799" lon="4.70127">
        <ele>67.2</ele>
      </trkpt>
      <trkpt lat="44.47775" lon="4.70139">
        <ele>71.0</ele>
      </trkpt>
      <trkpt lat="44.47746" lon="4.7014">
        <ele>74.3</ele>
      </trkpt>
      <trkpt lat="44.47716" lon="4.70138">
        <ele>74.6</ele>
      </trkpt>
      <trkpt lat="44.47673" lon="4.70126">
        <ele>73.1</ele>
      </trkpt>
      <trkpt lat="44.47584" lon="4.70126">
        <ele>69.7</ele>
      </trkpt>
      <trkpt lat="44.47543" lon="4.7013">
        <ele>69.2</ele>
      </trkpt>
      <trkpt lat="44.47482" lon="4.70149">
        <ele>69.4</ele>
      </trkpt>
      <trkpt lat="44.47482" lon="4.70149">
        <ele>69.4</ele>
      </trkpt>
      <trkpt lat="44.47401" lon="4.70175">
        <ele>71.0</ele>
      </trkpt>
      <trkpt lat="44.47376" lon="4.70186">
        <ele>73.7</ele>
      </trkpt>
      <trkpt lat="44.47362" lon="4.70195">
        <ele>75.9</ele>
      </trkpt>
      <trkpt lat="44.47342" lon="4.70203">
        <ele>76.4</ele>
      </trkpt>
      <trkpt lat="44.47297" lon="4.70211">
        <ele>73.7</ele>
      </trkpt>
      <trkpt lat="44.4727" lon="4.70214">
        <ele>71.1</ele>
      </trkpt>
      <trkpt lat="44.47241" lon="4.70211">
        <ele>68.6</ele>
      </trkpt>
      <trkpt lat="44.47177" lon="4.70209">
        <ele>69.9</ele>
      </trkpt>
      <trkpt lat="44.47125" lon="4.70201">
        <ele>69.8</ele>
      </trkpt>
      <trkpt lat="44.47065" lon="4.70186">
        <ele>68.2</ele>
      </trkpt>
      <trkpt lat="44.47052" lon="4.70184">
        <ele>68.1</ele>
      </trkpt>
      <trkpt lat="44.47037" lon="4.70186">
        <ele>69.3</ele>
      </trkpt>
      <trkpt lat="44.46971" lon="4.70181">
        <ele>68.9</ele>
      </trkpt>
      <trkpt lat="44.46962" lon="4.70175">
        <ele>66.5</ele>
      </trkpt>
      <trkpt lat="44.4695" lon="4.70171">
        <ele>64.8</ele>
      </trkpt>
      <trkpt lat="44.46937" lon="4.70169">
        <ele>64.0</ele>
      </trkpt>
      <trkpt lat="44.4685" lon="4.70183">
        <ele>68.9</ele>
      </trkpt>
      <trkpt lat="44.46827" lon="4.7019">
        <ele>70.8</ele>
      </trkpt>
      <trkpt lat="44.46813" lon="4.70196">
        <ele>71.9</ele>
      </trkpt>
      <trkpt lat="44.46779" lon="4.70204">
        <ele>71.6</ele>
      </trkpt>
      <trkpt lat="44.46725" lon="4.70215">
        <ele>69.4</ele>
      </trkpt>
      <trkpt lat="44.46684" lon="4.70225">
        <ele>67.6</ele>
      </trkpt>
      <trkpt lat="44.46658" lon="4.70238">
        <ele>67.0</ele>
      </trkpt>
      <trkpt lat="44.46615" lon="4.70249">
        <ele>67.3</ele>
      </trkpt>
      <trkpt lat="44.46583" lon="4.70253">
        <ele>68.0</ele>
      </trkpt>
      <trkpt lat="44.4654" lon="4.70254">
        <ele>68.6</ele>
      </trkpt>
      <trkpt lat="44.46455" lon="4.7025">
        <ele>68.5</ele>
      </trkpt>
      <trkpt lat="44.46369" lon="4.70247">
        <ele>71.5</ele>
      </trkpt>
      <trkpt lat="44.463" lon="4.70242">
        <ele>72.5</ele>
      </trkpt>
      <trkpt lat="44.46231" lon="4.70237">
        <ele>71.3</ele>
      </trkpt>
      <trkpt lat="44.46189" lon="4.70235">
        <ele>71.0</ele>
      </trkpt>
      <trkpt lat="44.46178" lon="4.70233">
        <ele>70.8</ele>
      </trkpt>
      <trkpt lat="44.461" lon="4.70228">
        <ele>70.5</ele>
      </trkpt>
      <trkpt lat="44.46022" lon="4.70222">
        <ele>71.1</ele>
      </trkpt>
      <trkpt lat="44.45962" lon="4.70219">
        <ele>71.1</ele>
      </trkpt>
      <trkpt lat="44.45902" lon="4.70215">
        <ele>70.1</ele>
      </trkpt>
      <trkpt lat="44.45842" lon="4.70212">
        <ele>68.7</ele>
      </trkpt>
      <trkpt lat="44.45793" lon="4.70207">
        <ele>70.4</ele>
      </trkpt>
      <trkpt lat="44.45768" lon="4.70204">
        <ele>71.1</ele>
      </trkpt>
      <trkpt lat="44.45733" lon="4.70197">
        <ele>75.4</ele>
      </trkpt>
      <trkpt lat="44.45702" lon="4.70189">
        <ele>80.9</ele>
      </trkpt>
      <trkpt lat="44.45633" lon="4.70169">
        <ele>71.5</ele>
      </trkpt>
      <trkpt lat="44.45565" lon="4.70148">
        <ele>61.0</ele>
      </trkpt>
      <trkpt lat="44.45479" lon="4.70123">
        <ele>61.0</ele>
      </trkpt>
      <trkpt lat="44.45393" lon="4.70098">
        <ele>64.9</ele>
      </trkpt>
      <trkpt lat="44.45308" lon="4.70073">
        <ele>70.1</ele>
      </trkpt>
      <trkpt lat="44.45269" lon="4.70062">
        <ele>80.5</ele>
      </trkpt>
      <trkpt lat="44.45244" lon="4.70057">
        <ele>84.4</ele>
      </trkpt>
      <trkpt lat="44.45225" lon="4.70055">
        <ele>84.0</ele>
      </trkpt>
      <trkpt lat="44.4521" lon="4.7005">
        <ele>82.3</ele>
      </trkpt>
      <trkpt lat="44.45197" lon="4.7005">
        <ele>82.6</ele>
      </trkpt>
      <trkpt lat="44.45159" lon="4.70019">
        <ele>70.9</ele>
      </trkpt>
      <trkpt lat="44.45169" lon="4.7002">
        <ele>71.6</ele>
      </trkpt>
      <trkpt lat="44.4516" lon="4.7001">
        <ele>67.6</ele>
      </trkpt>
      <trkpt lat="44.45144" lon="4.70007">
        <ele>66.1</ele>
      </trkpt>
      <trkpt lat="44.45132" lon="4.69998">
        <ele>63.5</ele>
      </trkpt>
      <trkpt lat="44.45132" lon="4.69998">
        <ele>63.5</ele>
      </trkpt>
      <trkpt lat="44.45113" lon="4.69988">
        <ele>62.9</ele>
      </trkpt>
      <trkpt lat="44.45071" lon="4.69988">
        <ele>62.2</ele>
      </trkpt>
      <trkpt lat="44.45038" lon="4.69977">
        <ele>61.0</ele>
      </trkpt>
      <trkpt lat="44.44997" lon="4.6997">
        <ele>60.1</ele>
      </trkpt>
      <trkpt lat="44.44977" lon="4.69969">
        <ele>60.5</ele>
      </trkpt>
      <trkpt lat="44.44977" lon="4.69969">
        <ele>60.5</ele>
      </trkpt>
      <trkpt lat="44.44964" lon="4.69969">
        <ele>60.8</ele>
      </trkpt>
      <trkpt lat="44.44951" lon="4.69967">
        <ele>61.1</ele>
      </trkpt>
      <trkpt lat="44.44925" lon="4.69984">
        <ele>62.2</ele>
      </trkpt>
      <trkpt lat="44.4491" lon="4.70001">
        <ele>63.1</ele>
      </trkpt>
      <trkpt lat="44.44874" lon="4.70007">
        <ele>63.6</ele>
      </trkpt>
      <trkpt lat="44.44821" lon="4.70016">
        <ele>63.6</ele>
      </trkpt>
      <trkpt lat="44.44821" lon="4.70016">
        <ele>63.6</ele>
      </trkpt>
      <trkpt lat="44.44782" lon="4.7002">
        <ele>63.4</ele>
      </trkpt>
      <trkpt lat="44.44743" lon="4.70017">
        <ele>63.1</ele>
      </trkpt>
      <trkpt lat="44.44727" lon="4.70012">
        <ele>62.6</ele>
      </trkpt>
      <trkpt lat="44.44705" lon="4.70001">
        <ele>61.8</ele>
      </trkpt>
      <trkpt lat="44.44691" lon="4.69987">
        <ele>61.0</ele>
      </trkpt>
      <trkpt lat="44.4468" lon="4.69959">
        <ele>60.3</ele>
      </trkpt>
      <trkpt lat="44.44623" lon="4.69889">
        <ele>60.4</ele>
      </trkpt>
      <trkpt lat="44.44602" lon="4.6987">
        <ele>60.3</ele>
      </trkpt>
      <trkpt lat="44.44602" lon="4.6987">
        <ele>60.3</ele>
      </trkpt>
      <trkpt lat="44.44557" lon="4.69828">
        <ele>59.9</ele>
      </trkpt>
      <trkpt lat="44.44516" lon="4.69806">
        <ele>59.7</ele>
      </trkpt>
      <trkpt lat="44.44461" lon="4.69791">
        <ele>58.8</ele>
      </trkpt>
      <trkpt lat="44.44391" lon="4.69781">
        <ele>58.5</ele>
      </trkpt>
      <trkpt lat="44.44321" lon="4.69772">
        <ele>58.9</ele>
      </trkpt>
      <trkpt lat="44.44251" lon="4.69762">
        <ele>58.2</ele>
      </trkpt>
      <trkpt lat="44.44251" lon="4.69762">
        <ele>58.2</ele>
      </trkpt>
      <trkpt lat="44.44174" lon="4.69752">
        <ele>58.1</ele>
      </trkpt>
      <trkpt lat="44.44097" lon="4.69742">
        <ele>58.0</ele>
      </trkpt>
      <trkpt lat="44.44035" lon="4.69739">
        <ele>58.0</ele>
      </trkpt>
      <trkpt lat="44.43972" lon="4.69736">
        <ele>59.1</ele>
      </trkpt>
      <trkpt lat="44.43958" lon="4.69733">
        <ele>59.6</ele>
      </trkpt>
      <trkpt lat="44.43945" lon="4.69728">
        <ele>59.9</ele>
      </trkpt>
      <trkpt lat="44.43945" lon="4.69728">
        <ele>59.9</ele>
      </trkpt>
      <trkpt lat="44.43898" lon="4.69712">
        <ele>60.1</ele>
      </trkpt>
      <trkpt lat="44.43855" lon="4.69697">
        <ele>59.2</ele>
      </trkpt>
      <trkpt lat="44.43787" lon="4.69687">
        <ele>58.9</ele>
      </trkpt>
      <trkpt lat="44.4372" lon="4.69678">
        <ele>58.5</ele>
      </trkpt>
      <trkpt lat="44.43669" lon="4.69671">
        <ele>58.2</ele>
      </trkpt>
      <trkpt lat="44.43617" lon="4.69665">
        <ele>58.0</ele>
      </trkpt>
      <trkpt lat="44.43548" lon="4.69662">
        <ele>58.0</ele>
      </trkpt>
      <trkpt lat="44.43507" lon="4.69661">
        <ele>58.0</ele>
      </trkpt>
      <trkpt lat="44.43439" lon="4.69654">
        <ele>58.0</ele>
      </trkpt>
      <trkpt lat="44.43371" lon="4.69647">
        <ele>58.0</ele>
      </trkpt>
      <trkpt lat="44.43313" lon="4.69639">
        <ele>58.0</ele>
      </trkpt>
      <trkpt lat="44.43254" lon="4.6963">
        <ele>58.0</ele>
      </trkpt>
      <trkpt lat="44.43186" lon="4.69621">
        <ele>58.3</ele>
      </trkpt>
      <trkpt lat="44.43118" lon="4.69612">
        <ele>58.3</ele>
      </trkpt>
      <trkpt lat="44.43049" lon="4.69602">
        <ele>58.4</ele>
      </trkpt>
      <trkpt lat="44.43049" lon="4.69602">
        <ele>58.4</ele>
      </trkpt>
      <trkpt lat="44.42984" lon="4.69595">
        <ele>58.4</ele>
      </trkpt>
      <trkpt lat="44.42902" lon="4.69583">
        <ele>58.5</ele>
      </trkpt>
      <trkpt lat="44.42821" lon="4.69572">
        <ele>60.7</ele>
      </trkpt>
      <trkpt lat="44.42739" lon="4.69561">
        <ele>61.1</ele>
      </trkpt>
      <trkpt lat="44.42657" lon="4.6955">
        <ele>61.5</ele>
      </trkpt>
      <trkpt lat="44.42576" lon="4.69539">
        <ele>59.9</ele>
      </trkpt>
      <trkpt lat="44.42494" lon="4.69527">
        <ele>59.6</ele>
      </trkpt>
      <trkpt lat="44.42413" lon="4.69516">
        <ele>58.4</ele>
      </trkpt>
      <trkpt lat="44.42344" lon="4.69509">
        <ele>58.6</ele>
      </trkpt>
      <trkpt lat="44.42269" lon="4.69509">
        <ele>58.7</ele>
      </trkpt>
      <trkpt lat="44.42212" lon="4.69515">
        <ele>60.5</ele>
      </trkpt>
      <trkpt lat="44.42147" lon="4.69526">
        <ele>61.3</ele>
      </trkpt>
      <trkpt lat="44.42074" lon="4.69547">
        <ele>59.7</ele>
      </trkpt>
      <trkpt lat="44.42012" lon="4.6957">
        <ele>60.5</ele>
      </trkpt>
      <trkpt lat="44.41948" lon="4.69602">
        <ele>59.4</ele>
      </trkpt>
      <trkpt lat="44.4188" lon="4.69643">
        <ele>61.7</ele>
      </trkpt>
      <trkpt lat="44.41828" lon="4.69676">
        <ele>64.8</ele>
      </trkpt>
      <trkpt lat="44.41776" lon="4.6972">
        <ele>60.0</ele>
      </trkpt>
      <trkpt lat="44.41715" lon="4.69778">
        <ele>59.4</ele>
      </trkpt>
      <trkpt lat="44.41669" lon="4.69828">
        <ele>59.9</ele>
      </trkpt>
      <trkpt lat="44.41615" lon="4.69896">
        <ele>59.9</ele>
      </trkpt>
      <trkpt lat="44.41557" lon="4.6998">
        <ele>59.5</ele>
      </trkpt>
      <trkpt lat="44.4151" lon="4.7006">
        <ele>58.0</ele>
      </trkpt>
      <trkpt lat="44.41464" lon="4.70154">
        <ele>58.5</ele>
      </trkpt>
      <trkpt lat="44.41427" lon="4.70238">
        <ele>61.3</ele>
      </trkpt>
      <trkpt lat="44.41388" lon="4.70347">
        <ele>61.5</ele>
      </trkpt>
      <trkpt lat="44.41357" lon="4.7046">
        <ele>59.9</ele>
      </trkpt>
      <trkpt lat="44.41338" lon="4.70549">
        <ele>61.9</ele>
      </trkpt>
      <trkpt lat="44.4132" lon="4.7065">
        <ele>61.4</ele>
      </trkpt>
      <trkpt lat="44.41311" lon="4.70739">
        <ele>59.7</ele>
      </trkpt>
      <trkpt lat="44.41308" lon="4.70769">
        <ele>59.6</ele>
      </trkpt>
      <trkpt lat="44.413" lon="4.7088">
        <ele>60.5</ele>
      </trkpt>
      <trkpt lat="44.41291" lon="4.70991">
        <ele>60.9</ele>
      </trkpt>
      <trkpt lat="44.413" lon="4.70998">
        <ele>61.6</ele>
      </trkpt>
      <trkpt lat="44.41298" lon="4.71023">
        <ele>61.6</ele>
      </trkpt>
      <trkpt lat="44.41304" lon="4.7111">
        <ele>62.5</ele>
      </trkpt>
      <trkpt lat="44.41304" lon="4.71131">
        <ele>62.5</ele>
      </trkpt>
      <trkpt lat="44.41301" lon="4.71159">
        <ele>62.3</ele>
      </trkpt>
      <trkpt lat="44.41271" lon="4.71271">
        <ele>59.9</ele>
      </trkpt>
      <trkpt lat="44.41254" lon="4.71385">
        <ele>58.5</ele>
      </trkpt>
      <trkpt lat="44.41231" lon="4.71506">
        <ele>62.7</ele>
      </trkpt>
      <trkpt lat="44.41215" lon="4.71581">
        <ele>62.0</ele>
      </trkpt>
      <trkpt lat="44.41188" lon="4.7168">
        <ele>59.6</ele>
      </trkpt>
      <trkpt lat="44.41168" lon="4.71737">
        <ele>58.1</ele>
      </trkpt>
      <trkpt lat="44.41139" lon="4.71817">
        <ele>61.8</ele>
      </trkpt>
      <trkpt lat="44.41097" lon="4.71913">
        <ele>59.3</ele>
      </trkpt>
      <trkpt lat="44.41057" lon="4.71994">
        <ele>61.2</ele>
      </trkpt>
      <trkpt lat="44.41028" lon="4.72045">
        <ele>60.0</ele>
      </trkpt>
      <trkpt lat="44.40999" lon="4.72097">
        <ele>58.8</ele>
      </trkpt>
      <trkpt lat="44.40993" lon="4.72102">
        <ele>59.1</ele>
      </trkpt>
      <trkpt lat="44.40993" lon="4.72102">
        <ele>59.1</ele>
      </trkpt>
      <trkpt lat="44.40993" lon="4.72102">
        <ele>59.1</ele>
      </trkpt>
      <trkpt lat="44.40985" lon="4.72109">
        <ele>59.5</ele>
      </trkpt>
      <trkpt lat="44.40948" lon="4.72161">
        <ele>62.1</ele>
      </trkpt>
      <trkpt lat="44.40933" lon="4.72196">
        <ele>62.8</ele>
      </trkpt>
      <trkpt lat="44.40921" lon="4.72205">
        <ele>62.9</ele>
      </trkpt>
      <trkpt lat="44.40863" lon="4.72279">
        <ele>61.1</ele>
      </trkpt>
      <trkpt lat="44.40822" lon="4.72323">
        <ele>60.3</ele>
      </trkpt>
      <trkpt lat="44.40784" lon="4.7236">
        <ele>60.4</ele>
      </trkpt>
      <trkpt lat="44.40727" lon="4.72412">
        <ele>59.8</ele>
      </trkpt>
      <trkpt lat="44.40671" lon="4.72457">
        <ele>60.1</ele>
      </trkpt>
      <trkpt lat="44.40603" lon="4.72504">
        <ele>61.7</ele>
      </trkpt>
      <trkpt lat="44.40525" lon="4.72546">
        <ele>62.0</ele>
      </trkpt>
      <trkpt lat="44.40482" lon="4.72565">
        <ele>62.3</ele>
      </trkpt>
      <trkpt lat="44.40438" lon="4.72584">
        <ele>62.5</ele>
      </trkpt>
      <trkpt lat="44.40384" lon="4.72601">
        <ele>61.4</ele>
      </trkpt>
      <trkpt lat="44.40331" lon="4.72618">
        <ele>60.5</ele>
      </trkpt>
      <trkpt lat="44.40246" lon="4.72633">
        <ele>60.8</ele>
      </trkpt>
      <trkpt lat="44.40161" lon="4.72648">
        <ele>58.0</ele>
      </trkpt>
      <trkpt lat="44.40077" lon="4.72663">
        <ele>58.0</ele>
      </trkpt>
      <trkpt lat="44.39992" lon="4.72677">
        <ele>58.8</ele>
      </trkpt>
      <trkpt lat="44.39907" lon="4.72692">
        <ele>59.1</ele>
      </trkpt>
      <trkpt lat="44.39823" lon="4.72707">
        <ele>58.0</ele>
      </trkpt>
      <trkpt lat="44.39738" lon="4.72722">
        <ele>58.4</ele>
      </trkpt>
      <trkpt lat="44.39653" lon="4.72736">
        <ele>61.1</ele>
      </trkpt>
      <trkpt lat="44.39569" lon="4.72751">
        <ele>59.7</ele>
      </trkpt>
      <trkpt lat="44.39488" lon="4.72761">
        <ele>58.8</ele>
      </trkpt>
      <trkpt lat="44.39408" lon="4.72771">
        <ele>59.7</ele>
      </trkpt>
      <trkpt lat="44.39328" lon="4.72781">
        <ele>59.5</ele>
      </trkpt>
      <trkpt lat="44.39276" lon="4.72789">
        <ele>59.6</ele>
      </trkpt>
      <trkpt lat="44.39225" lon="4.72797">
        <ele>60.4</ele>
      </trkpt>
      <trkpt lat="44.39158" lon="4.72807">
        <ele>62.7</ele>
      </trkpt>
      <trkpt lat="44.39091" lon="4.72817">
        <ele>62.9</ele>
      </trkpt>
      <trkpt lat="44.39024" lon="4.72828">
        <ele>61.0</ele>
      </trkpt>
      <trkpt lat="44.38957" lon="4.72838">
        <ele>59.1</ele>
      </trkpt>
      <trkpt lat="44.38887" lon="4.72847">
        <ele>58.3</ele>
      </trkpt>
      <trkpt lat="44.38818" lon="4.72856">
        <ele>58.5</ele>
      </trkpt>
      <trkpt lat="44.38738" lon="4.72868">
        <ele>58.9</ele>
      </trkpt>
      <trkpt lat="44.38659" lon="4.7288">
        <ele>59.5</ele>
      </trkpt>
      <trkpt lat="44.3858" lon="4.72892">
        <ele>58.0</ele>
      </trkpt>
      <trkpt lat="44.385" lon="4.72904">
        <ele>58.0</ele>
      </trkpt>
      <trkpt lat="44.38421" lon="4.72916">
        <ele>58.0</ele>
      </trkpt>
      <trkpt lat="44.38341" lon="4.72928">
        <ele>58.3</ele>
      </trkpt>
      <trkpt lat="44.383" lon="4.72958">
        <ele>59.6</ele>
      </trkpt>
      <trkpt lat="44.38259" lon="4.72988">
        <ele>62.0</ele>
      </trkpt>
      <trkpt lat="44.38243" lon="4.72988">
        <ele>62.2</ele>
      </trkpt>
      <trkpt lat="44.38225" lon="4.72984">
        <ele>61.7</ele>
      </trkpt>
      <trkpt lat="44.38207" lon="4.72983">
        <ele>61.5</ele>
      </trkpt>
      <trkpt lat="44.3819" lon="4.72991">
        <ele>61.7</ele>
      </trkpt>
      <trkpt lat="44.38182" lon="4.72983">
        <ele>61.2</ele>
      </trkpt>
      <trkpt lat="44.38121" lon="4.7296">
        <ele>60.2</ele>
      </trkpt>
      <trkpt lat="44.38107" lon="4.72962">
        <ele>60.5</ele>
      </trkpt>
      <trkpt lat="44.38107" lon="4.72962">
        <ele>60.5</ele>
      </trkpt>
      <trkpt lat="44.38019" lon="4.72975">
        <ele>61.4</ele>
      </trkpt>
      <trkpt lat="44.37931" lon="4.72987">
        <ele>60.7</ele>
      </trkpt>
      <trkpt lat="44.37843" lon="4.73">
        <ele>57.5</ele>
      </trkpt>
      <trkpt lat="44.37755" lon="4.73013">
        <ele>57.5</ele>
      </trkpt>
      <trkpt lat="44.37667" lon="4.73026">
        <ele>58.9</ele>
      </trkpt>
      <trkpt lat="44.37579" lon="4.73039">
        <ele>59.2</ele>
      </trkpt>
      <trkpt lat="44.37539" lon="4.7304">
        <ele>58.1</ele>
      </trkpt>
      <trkpt lat="44.37526" lon="4.73042">
        <ele>57.8</ele>
      </trkpt>
      <trkpt lat="44.37521" lon="4.73044">
        <ele>57.7</ele>
      </trkpt>
      <trkpt lat="44.37509" lon="4.73068">
        <ele>57.4</ele>
      </trkpt>
      <trkpt lat="44.37505" lon="4.73072">
        <ele>57.3</ele>
      </trkpt>
      <trkpt lat="44.375" lon="4.73073">
        <ele>57.0</ele>
      </trkpt>
      <trkpt lat="44.37494" lon="4.73073">
        <ele>57.3</ele>
      </trkpt>
      <trkpt lat="44.37467" lon="4.73055">
        <ele>58.0</ele>
      </trkpt>
      <trkpt lat="44.37454" lon="4.73053">
        <ele>58.4</ele>
      </trkpt>
      <trkpt lat="44.37404" lon="4.73061">
        <ele>59.8</ele>
      </trkpt>
      <trkpt lat="44.37354" lon="4.73068">
        <ele>59.7</ele>
      </trkpt>
      <trkpt lat="44.37354" lon="4.73068">
        <ele>59.7</ele>
      </trkpt>
      <trkpt lat="44.37267" lon="4.7308">
        <ele>59.9</ele>
      </trkpt>
      <trkpt lat="44.37181" lon="4.73093">
        <ele>60.2</ele>
      </trkpt>
      <trkpt lat="44.37094" lon="4.73105">
        <ele>58.2</ele>
      </trkpt>
      <trkpt lat="44.37007" lon="4.73118">
        <ele>58.9</ele>
      </trkpt>
      <trkpt lat="44.3692" lon="4.7313">
        <ele>59.4</ele>
      </trkpt>
      <trkpt lat="44.36834" lon="4.73143">
        <ele>58.9</ele>
      </trkpt>
      <trkpt lat="44.36747" lon="4.73155">
        <ele>62.6</ele>
      </trkpt>
      <trkpt lat="44.3666" lon="4.73168">
        <ele>56.1</ele>
      </trkpt>
      <trkpt lat="44.36573" lon="4.7318">
        <ele>57.1</ele>
      </trkpt>
      <trkpt lat="44.3657" lon="4.73197">
        <ele>58.5</ele>
      </trkpt>
      <trkpt lat="44.36531" lon="4.73254">
        <ele>62.4</ele>
      </trkpt>
      <trkpt lat="44.36524" lon="4.73258">
        <ele>62.4</ele>
      </trkpt>
      <trkpt lat="44.36508" lon="4.7326">
        <ele>62.3</ele>
      </trkpt>
      <trkpt lat="44.36491" lon="4.73262">
        <ele>62.5</ele>
      </trkpt>
      <trkpt lat="44.36477" lon="4.73259">
        <ele>62.7</ele>
      </trkpt>
      <trkpt lat="44.36456" lon="4.73233">
        <ele>61.6</ele>
      </trkpt>
      <trkpt lat="44.36433" lon="4.73213">
        <ele>60.2</ele>
      </trkpt>
      <trkpt lat="44.3643" lon="4.73203">
        <ele>59.4</ele>
      </trkpt>
      <trkpt lat="44.3641" lon="4.73205">
        <ele>59.7</ele>
      </trkpt>
      <trkpt lat="44.36328" lon="4.73217">
        <ele>61.4</ele>
      </trkpt>
      <trkpt lat="44.36246" lon="4.73229">
        <ele>61.9</ele>
      </trkpt>
      <trkpt lat="44.36164" lon="4.7324">
        <ele>61.8</ele>
      </trkpt>
      <trkpt lat="44.36082" lon="4.73252">
        <ele>55.2</ele>
      </trkpt>
      <trkpt lat="44.36" lon="4.73264">
        <ele>56.2</ele>
      </trkpt>
      <trkpt lat="44.35919" lon="4.73275">
        <ele>56.5</ele>
      </trkpt>
      <trkpt lat="44.35919" lon="4.73275">
        <ele>56.5</ele>
      </trkpt>
      <trkpt lat="44.35833" lon="4.73287">
        <ele>57.7</ele>
      </trkpt>
      <trkpt lat="44.35747" lon="4.733">
        <ele>57.4</ele>
      </trkpt>
      <trkpt lat="44.35701" lon="4.73314">
        <ele>58.1</ele>
      </trkpt>
      <trkpt lat="44.35661" lon="4.73332">
        <ele>58.9</ele>
      </trkpt>
      <trkpt lat="44.35602" lon="4.73342">
        <ele>58.7</ele>
      </trkpt>
      <trkpt lat="44.35542" lon="4.73353">
        <ele>56.0</ele>
      </trkpt>
      <trkpt lat="44.35483" lon="4.73363">
        <ele>54.3</ele>
      </trkpt>
      <trkpt lat="44.35394" lon="4.73374">
        <ele>55.8</ele>
      </trkpt>
      <trkpt lat="44.35305" lon="4.73386">
        <ele>56.1</ele>
      </trkpt>
      <trkpt lat="44.35217" lon="4.73397">
        <ele>55.8</ele>
      </trkpt>
      <trkpt lat="44.35128" lon="4.73409">
        <ele>54.0</ele>
      </trkpt>
      <trkpt lat="44.35039" lon="4.7342">
        <ele>53.7</ele>
      </trkpt>
      <trkpt lat="44.34962" lon="4.73431">
        <ele>54.0</ele>
      </trkpt>
      <trkpt lat="44.34886" lon="4.73442">
        <ele>54.0</ele>
      </trkpt>
      <trkpt lat="44.34809" lon="4.73453">
        <ele>53.5</ele>
      </trkpt>
      <trkpt lat="44.34732" lon="4.73463">
        <ele>55.5</ele>
      </trkpt>
      <trkpt lat="44.34655" lon="4.73474">
        <ele>56.6</ele>
      </trkpt>
      <trkpt lat="44.34655" lon="4.73474">
        <ele>56.6</ele>
      </trkpt>
      <trkpt lat="44.34576" lon="4.73485">
        <ele>53.0</ele>
      </trkpt>
      <trkpt lat="44.34496" lon="4.73497">
        <ele>53.0</ele>
      </trkpt>
      <trkpt lat="44.34417" lon="4.73508">
        <ele>53.0</ele>
      </trkpt>
      <trkpt lat="44.34338" lon="4.73519">
        <ele>53.4</ele>
      </trkpt>
      <trkpt lat="44.34258" lon="4.7353">
        <ele>53.1</ele>
      </trkpt>
      <trkpt lat="44.34179" lon="4.73541">
        <ele>53.0</ele>
      </trkpt>
      <trkpt lat="44.341" lon="4.73553">
        <ele>53.0</ele>
      </trkpt>
      <trkpt lat="44.34087" lon="4.73555">
        <ele>53.0</ele>
      </trkpt>
      <trkpt lat="44.34023" lon="4.73559">
        <ele>52.3</ele>
      </trkpt>
      <trkpt lat="44.33959" lon="4.73563">
        <ele>52.0</ele>
      </trkpt>
      <trkpt lat="44.33889" lon="4.73571">
        <ele>52.0</ele>
      </trkpt>
      <trkpt lat="44.33819" lon="4.73578">
        <ele>52.0</ele>
      </trkpt>
      <trkpt lat="44.33819" lon="4.73578">
        <ele>52.0</ele>
      </trkpt>
      <trkpt lat="44.33732" lon="4.73591">
        <ele>52.7</ele>
      </trkpt>
      <trkpt lat="44.33645" lon="4.73603">
        <ele>53.6</ele>
      </trkpt>
      <trkpt lat="44.33558" lon="4.73615">
        <ele>54.2</ele>
      </trkpt>
      <trkpt lat="44.33471" lon="4.73627">
        <ele>55.4</ele>
      </trkpt>
      <trkpt lat="44.33413" lon="4.73633">
        <ele>57.1</ele>
      </trkpt>
      <trkpt lat="44.33356" lon="4.73638">
        <ele>52.9</ele>
      </trkpt>
      <trkpt lat="44.33272" lon="4.73652">
        <ele>51.0</ele>
      </trkpt>
      <trkpt lat="44.33187" lon="4.73666">
        <ele>51.0</ele>
      </trkpt>
      <trkpt lat="44.33102" lon="4.7368">
        <ele>51.1</ele>
      </trkpt>
      <trkpt lat="44.33018" lon="4.73694">
        <ele>51.0</ele>
      </trkpt>
      <trkpt lat="44.32933" lon="4.73713">
        <ele>51.0</ele>
      </trkpt>
      <trkpt lat="44.32849" lon="4.73731">
        <ele>50.4</ele>
      </trkpt>
      <trkpt lat="44.32773" lon="4.7375">
        <ele>50.0</ele>
      </trkpt>
      <trkpt lat="44.32698" lon="4.73769">
        <ele>50.0</ele>
      </trkpt>
      <trkpt lat="44.32622" lon="4.73789">
        <ele>50.0</ele>
      </trkpt>
      <trkpt lat="44.32546" lon="4.73808">
        <ele>50.0</ele>
      </trkpt>
      <trkpt lat="44.32471" lon="4.73827">
        <ele>50.0</ele>
      </trkpt>
      <trkpt lat="44.32395" lon="4.73846">
        <ele>50.0</ele>
      </trkpt>
      <trkpt lat="44.32328" lon="4.73863">
        <ele>50.0</ele>
      </trkpt>
      <trkpt lat="44.3226" lon="4.7388">
        <ele>50.0</ele>
      </trkpt>
      <trkpt lat="44.32249" lon="4.73886">
        <ele>50.0</ele>
      </trkpt>
      <trkpt lat="44.32189" lon="4.739">
        <ele>49.4</ele>
      </trkpt>
      <trkpt lat="44.3213" lon="4.73915">
        <ele>49.0</ele>
      </trkpt>
      <trkpt lat="44.32098" lon="4.73921">
        <ele>49.0</ele>
      </trkpt>
      <trkpt lat="44.32082" lon="4.73928">
        <ele>49.0</ele>
      </trkpt>
      <trkpt lat="44.32075" lon="4.73936">
        <ele>49.0</ele>
      </trkpt>
      <trkpt lat="44.32058" lon="4.73934">
        <ele>49.0</ele>
      </trkpt>
      <trkpt lat="44.32015" lon="4.73945">
        <ele>49.0</ele>
      </trkpt>
      <trkpt lat="44.31952" lon="4.73966">
        <ele>49.0</ele>
      </trkpt>
      <trkpt lat="44.31889" lon="4.73989">
        <ele>49.0</ele>
      </trkpt>
      <trkpt lat="44.31805" lon="4.74029">
        <ele>48.7</ele>
      </trkpt>
      <trkpt lat="44.31762" lon="4.74052">
        <ele>48.1</ele>
      </trkpt>
      <trkpt lat="44.31718" lon="4.74075">
        <ele>48.0</ele>
      </trkpt>
      <trkpt lat="44.31664" lon="4.74109">
        <ele>48.0</ele>
      </trkpt>
      <trkpt lat="44.31594" lon="4.74155">
        <ele>48.0</ele>
      </trkpt>
      <trkpt lat="44.31524" lon="4.74202">
        <ele>48.9</ele>
      </trkpt>
      <trkpt lat="44.31454" lon="4.74248">
        <ele>48.0</ele>
      </trkpt>
      <trkpt lat="44.31405" lon="4.74279">
        <ele>48.0</ele>
      </trkpt>
      <trkpt lat="44.31357" lon="4.7431">
        <ele>48.0</ele>
      </trkpt>
      <trkpt lat="44.31295" lon="4.7435">
        <ele>48.6</ele>
      </trkpt>
      <trkpt lat="44.31233" lon="4.7439">
        <ele>51.3</ele>
      </trkpt>
      <trkpt lat="44.31172" lon="4.74431">
        <ele>49.0</ele>
      </trkpt>
      <trkpt lat="44.31096" lon="4.74472">
        <ele>47.9</ele>
      </trkpt>
      <trkpt lat="44.31079" lon="4.74479">
        <ele>47.0</ele>
      </trkpt>
      <trkpt lat="44.31079" lon="4.74479">
        <ele>47.0</ele>
      </trkpt>
      <trkpt lat="44.31027" lon="4.74501">
        <ele>47.1</ele>
      </trkpt>
      <trkpt lat="44.30975" lon="4.74522">
        <ele>49.0</ele>
      </trkpt>
      <trkpt lat="44.30921" lon="4.74548">
        <ele>52.1</ele>
      </trkpt>
      <trkpt lat="44.30866" lon="4.74573">
        <ele>50.1</ele>
      </trkpt>
      <trkpt lat="44.30837" lon="4.74581">
        <ele>47.4</ele>
      </trkpt>
      <trkpt lat="44.30782" lon="4.74583">
        <ele>52.5</ele>
      </trkpt>
      <trkpt lat="44.30729" lon="4.74588">
        <ele>56.3</ele>
      </trkpt>
      <trkpt lat="44.30692" lon="4.74584">
        <ele>56.7</ele>
      </trkpt>
      <trkpt lat="44.30659" lon="4.74576">
        <ele>56.9</ele>
      </trkpt>
      <trkpt lat="44.30618" lon="4.74564">
        <ele>56.4</ele>
      </trkpt>
      <trkpt lat="44.30573" lon="4.74553">
        <ele>56.2</ele>
      </trkpt>
      <trkpt lat="44.30556" lon="4.74554">
        <ele>56.6</ele>
      </trkpt>
      <trkpt lat="44.30482" lon="4.74569">
        <ele>58.3</ele>
      </trkpt>
      <trkpt lat="44.30408" lon="4.74582">
        <ele>58.0</ele>
      </trkpt>
      <trkpt lat="44.30353" lon="4.74584">
        <ele>58.0</ele>
      </trkpt>
      <trkpt lat="44.30323" lon="4.74576">
        <ele>57.5</ele>
      </trkpt>
      <trkpt lat="44.30258" lon="4.74586">
        <ele>58.2</ele>
      </trkpt>
      <trkpt lat="44.30197" lon="4.746">
        <ele>57.7</ele>
      </trkpt>
      <trkpt lat="44.30138" lon="4.74605">
        <ele>57.5</ele>
      </trkpt>
      <trkpt lat="44.30116" lon="4.74605">
        <ele>57.8</ele>
      </trkpt>
      <trkpt lat="44.30116" lon="4.74605">
        <ele>57.8</ele>
      </trkpt>
      <trkpt lat="44.30039" lon="4.74601">
        <ele>59.3</ele>
      </trkpt>
      <trkpt lat="44.29992" lon="4.74593">
        <ele>60.7</ele>
      </trkpt>
      <trkpt lat="44.29971" lon="4.74592">
        <ele>62.1</ele>
      </trkpt>
      <trkpt lat="44.29959" lon="4.74593">
        <ele>63.0</ele>
      </trkpt>
      <trkpt lat="44.29935" lon="4.74599">
        <ele>64.6</ele>
      </trkpt>
      <trkpt lat="44.29914" lon="4.74601">
        <ele>65.7</ele>
      </trkpt>
      <trkpt lat="44.29882" lon="4.74599">
        <ele>64.2</ele>
      </trkpt>
      <trkpt lat="44.29876" lon="4.74597">
        <ele>64.0</ele>
      </trkpt>
      <trkpt lat="44.29876" lon="4.74597">
        <ele>64.0</ele>
      </trkpt>
      <trkpt lat="44.29844" lon="4.74588">
        <ele>62.5</ele>
      </trkpt>
      <trkpt lat="44.29799" lon="4.74566">
        <ele>61.5</ele>
      </trkpt>
      <trkpt lat="44.29788" lon="4.74558">
        <ele>61.3</ele>
      </trkpt>
      <trkpt lat="44.2978" lon="4.74547">
        <ele>61.1</ele>
      </trkpt>
      <trkpt lat="44.29769" lon="4.74526">
        <ele>60.7</ele>
      </trkpt>
      <trkpt lat="44.29747" lon="4.7447">
        <ele>57.9</ele>
      </trkpt>
      <trkpt lat="44.29744" lon="4.74455">
        <ele>56.8</ele>
      </trkpt>
      <trkpt lat="44.2974" lon="4.74439">
        <ele>55.8</ele>
      </trkpt>
      <trkpt lat="44.29724" lon="4.74407">
        <ele>53.5</ele>
      </trkpt>
      <trkpt lat="44.29713" lon="4.74384">
        <ele>51.2</ele>
      </trkpt>
      <trkpt lat="44.29703" lon="4.74364">
        <ele>49.1</ele>
      </trkpt>
      <trkpt lat="44.29703" lon="4.74364">
        <ele>49.1</ele>
      </trkpt>
      <trkpt lat="44.29702" lon="4.74363">
        <ele>49.0</ele>
      </trkpt>
      <trkpt lat="44.29701" lon="4.7435">
        <ele>47.5</ele>
      </trkpt>
      <trkpt lat="44.29703" lon="4.74343">
        <ele>46.7</ele>
      </trkpt>
      <trkpt lat="44.29693" lon="4.74334">
        <ele>45.8</ele>
      </trkpt>
      <trkpt lat="44.29683" lon="4.74319">
        <ele>45.7</ele>
      </trkpt>
      <trkpt lat="44.29646" lon="4.74278">
        <ele>46.2</ele>
      </trkpt>
      <trkpt lat="44.29609" lon="4.74237">
        <ele>46.2</ele>
      </trkpt>
      <trkpt lat="44.29585" lon="4.74209">
        <ele>46.0</ele>
      </trkpt>
      <trkpt lat="44.29541" lon="4.7417">
        <ele>48.2</ele>
      </trkpt>
      <trkpt lat="44.29497" lon="4.74131">
        <ele>48.2</ele>
      </trkpt>
      <trkpt lat="44.29497" lon="4.74131">
        <ele>48.2</ele>
      </trkpt>
      <trkpt lat="44.29431" lon="4.74072">
        <ele>46.9</ele>
      </trkpt>
      <trkpt lat="44.29365" lon="4.74014">
        <ele>45.4</ele>
      </trkpt>
      <trkpt lat="44.29299" lon="4.73955">
        <ele>46.3</ele>
      </trkpt>
      <trkpt lat="44.29232" lon="4.73897">
        <ele>46.1</ele>
      </trkpt>
      <trkpt lat="44.29166" lon="4.73838">
        <ele>43.9</ele>
      </trkpt>
      <trkpt lat="44.291" lon="4.7378">
        <ele>45.9</ele>
      </trkpt>
      <trkpt lat="44.29031" lon="4.73719">
        <ele>47.7</ele>
      </trkpt>
      <trkpt lat="44.28963" lon="4.73659">
        <ele>47.0</ele>
      </trkpt>
      <trkpt lat="44.28894" lon="4.73599">
        <ele>47.3</ele>
      </trkpt>
      <trkpt lat="44.28825" lon="4.73539">
        <ele>47.6</ele>
      </trkpt>
      <trkpt lat="44.28756" lon="4.73479">
        <ele>48.9</ele>
      </trkpt>
      <trkpt lat="44.28688" lon="4.73418">
        <ele>47.4</ele>
      </trkpt>
      <trkpt lat="44.28619" lon="4.73358">
        <ele>46.9</ele>
      </trkpt>
      <trkpt lat="44.2861" lon="4.73346">
        <ele>46.1</ele>
      </trkpt>
      <trkpt lat="44.28541" lon="4.73285">
        <ele>44.0</ele>
      </trkpt>
      <trkpt lat="44.28472" lon="4.73225">
        <ele>41.5</ele>
      </trkpt>
      <trkpt lat="44.28454" lon="4.73211">
        <ele>41.8</ele>
      </trkpt>
      <trkpt lat="44.28448" lon="4.73209">
        <ele>41.8</ele>
      </trkpt>
      <trkpt lat="44.28441" lon="4.73209">
        <ele>41.9</ele>
      </trkpt>
      <trkpt lat="44.28433" lon="4.73212">
        <ele>41.9</ele>
      </trkpt>
      <trkpt lat="44.28424" lon="4.73214">
        <ele>41.9</ele>
      </trkpt>
      <trkpt lat="44.28415" lon="4.73209">
        <ele>42.2</ele>
      </trkpt>
      <trkpt lat="44.28411" lon="4.73205">
        <ele>42.7</ele>
      </trkpt>
      <trkpt lat="44.28407" lon="4.73197">
        <ele>43.2</ele>
      </trkpt>
      <trkpt lat="44.28401" lon="4.73173">
        <ele>43.7</ele>
      </trkpt>
      <trkpt lat="44.28394" lon="4.73159">
        <ele>44.2</ele>
      </trkpt>
      <trkpt lat="44.28385" lon="4.73147">
        <ele>44.6</ele>
      </trkpt>
      <trkpt lat="44.28345" lon="4.73114">
        <ele>44.8</ele>
      </trkpt>
      <trkpt lat="44.2829" lon="4.73065">
        <ele>42.0</ele>
      </trkpt>
      <trkpt lat="44.28231" lon="4.73018">
        <ele>44.4</ele>
      </trkpt>
      <trkpt lat="44.28172" lon="4.7297">
        <ele>48.0</ele>
      </trkpt>
      <trkpt lat="44.28128" lon="4.72937">
        <ele>45.6</ele>
      </trkpt>
      <trkpt lat="44.28083" lon="4.72903">
        <ele>44.4</ele>
      </trkpt>
      <trkpt lat="44.28083" lon="4.72903">
        <ele>44.4</ele>
      </trkpt>
      <trkpt lat="44.28049" lon="4.72877">
        <ele>45.7</ele>
      </trkpt>
      <trkpt lat="44.27992" lon="4.72838">
        <ele>42.9</ele>
      </trkpt>
      <trkpt lat="44.27946" lon="4.72804">
        <ele>45.6</ele>
      </trkpt>
      <trkpt lat="44.27882" lon="4.72755">
        <ele>44.1</ele>
      </trkpt>
      <trkpt lat="44.27818" lon="4.72706">
        <ele>44.8</ele>
      </trkpt>
      <trkpt lat="44.27752" lon="4.72658">
        <ele>45.4</ele>
      </trkpt>
      <trkpt lat="44.27685" lon="4.7261">
        <ele>44.1</ele>
      </trkpt>
      <trkpt lat="44.27612" lon="4.72554">
        <ele>45.7</ele>
      </trkpt>
      <trkpt lat="44.27535" lon="4.72497">
        <ele>41.0</ele>
      </trkpt>
      <trkpt lat="44.27458" lon="4.7244">
        <ele>42.8</ele>
      </trkpt>
      <trkpt lat="44.27381" lon="4.72384">
        <ele>43.9</ele>
      </trkpt>
      <trkpt lat="44.27314" lon="4.72336">
        <ele>43.1</ele>
      </trkpt>
      <trkpt lat="44.27241" lon="4.72281">
        <ele>44.2</ele>
      </trkpt>
      <trkpt lat="44.27168" lon="4.72227">
        <ele>41.0</ele>
      </trkpt>
      <trkpt lat="44.27123" lon="4.72195">
        <ele>43.1</ele>
      </trkpt>
      <trkpt lat="44.27079" lon="4.72163">
        <ele>41.6</ele>
      </trkpt>
      <trkpt lat="44.27015" lon="4.72116">
        <ele>45.2</ele>
      </trkpt>
      <trkpt lat="44.26951" lon="4.72069">
        <ele>44.9</ele>
      </trkpt>
      <trkpt lat="44.26887" lon="4.72022">
        <ele>45.4</ele>
      </trkpt>
      <trkpt lat="44.26823" lon="4.71976">
        <ele>46.6</ele>
      </trkpt>
      <trkpt lat="44.26759" lon="4.71929">
        <ele>45.7</ele>
      </trkpt>
      <trkpt lat="44.26695" lon="4.71882">
        <ele>46.0</ele>
      </trkpt>
      <trkpt lat="44.26632" lon="4.71836">
        <ele>44.2</ele>
      </trkpt>
      <trkpt lat="44.26569" lon="4.7179">
        <ele>45.0</ele>
      </trkpt>
      <trkpt lat="44.26506" lon="4.71743">
        <ele>44.4</ele>
      </trkpt>
      <trkpt lat="44.2643" lon="4.71686">
        <ele>43.1</ele>
      </trkpt>
      <trkpt lat="44.26353" lon="4.71629">
        <ele>45.6</ele>
      </trkpt>
      <trkpt lat="44.26353" lon="4.71629">
        <ele>45.6</ele>
      </trkpt>
      <trkpt lat="44.2628" lon="4.71577">
        <ele>41.0</ele>
      </trkpt>
      <trkpt lat="44.26208" lon="4.71524">
        <ele>42.0</ele>
      </trkpt>
      <trkpt lat="44.26134" lon="4.71469">
        <ele>43.0</ele>
      </trkpt>
      <trkpt lat="44.261" lon="4.71447">
        <ele>43.3</ele>
      </trkpt>
      <trkpt lat="44.26093" lon="4.71445">
        <ele>43.4</ele>
      </trkpt>
      <trkpt lat="44.26079" lon="4.71446">
        <ele>44.0</ele>
      </trkpt>
      <trkpt lat="44.26066" lon="4.71457">
        <ele>45.4</ele>
      </trkpt>
      <trkpt lat="44.26032" lon="4.71552">
        <ele>48.6</ele>
      </trkpt>
      <trkpt lat="44.25997" lon="4.71646">
        <ele>47.3</ele>
      </trkpt>
      <trkpt lat="44.25987" lon="4.71664">
        <ele>47.5</ele>
      </trkpt>
      <trkpt lat="44.25966" lon="4.71712">
        <ele>49.4</ele>
      </trkpt>
      <trkpt lat="44.25957" lon="4.71741">
        <ele>50.3</ele>
      </trkpt>
      <trkpt lat="44.25949" lon="4.71773">
        <ele>50.4</ele>
      </trkpt>
      <trkpt lat="44.25947" lon="4.71798">
        <ele>50.3</ele>
      </trkpt>
      <trkpt lat="44.25946" lon="4.71819">
        <ele>50.1</ele>
      </trkpt>
      <trkpt lat="44.2596" lon="4.71824">
        <ele>50.1</ele>
      </trkpt>
      <trkpt lat="44.25976" lon="4.71828">
        <ele>50.0</ele>
      </trkpt>
      <trkpt lat="44.26022" lon="4.71855">
        <ele>49.2</ele>
      </trkpt>
      <trkpt lat="44.2606" lon="4.71884">
        <ele>48.0</ele>
      </trkpt>
      <trkpt lat="44.26069" lon="4.71892">
        <ele>47.6</ele>
      </trkpt>
      <trkpt lat="44.26071" lon="4.71896">
        <ele>47.5</ele>
      </trkpt>
      <trkpt lat="44.26072" lon="4.71903">
        <ele>47.4</ele>
      </trkpt>
      <trkpt lat="44.26033" lon="4.7188">
        <ele>48.6</ele>
      </trkpt>
      <trkpt lat="44.26014" lon="4.71871">
        <ele>49.2</ele>
      </trkpt>
      <trkpt lat="44.25994" lon="4.71859">
        <ele>49.7</ele>
      </trkpt>
      <trkpt lat="44.25981" lon="4.71856">
        <ele>49.7</ele>
      </trkpt>
      <trkpt lat="44.25956" lon="4.71859">
        <ele>49.5</ele>
      </trkpt>
      <trkpt lat="44.25897" lon="4.71866">
        <ele>49.1</ele>
      </trkpt>
      <trkpt lat="44.25882" lon="4.71868">
        <ele>49.0</ele>
      </trkpt>
      <trkpt lat="44.25882" lon="4.71857">
        <ele>49.0</ele>
      </trkpt>
      <trkpt lat="44.25883" lon="4.71848">
        <ele>49.2</ele>
      </trkpt>
      <trkpt lat="44.2591" lon="4.71772">
        <ele>50.5</ele>
      </trkpt>
      <trkpt lat="44.25927" lon="4.71712">
        <ele>50.3</ele>
      </trkpt>
      <trkpt lat="44.25943" lon="4.71652">
        <ele>49.1</ele>
      </trkpt>
      <trkpt lat="44.25986" lon="4.71543">
        <ele>48.7</ele>
      </trkpt>
      <trkpt lat="44.26029" lon="4.71434">
        <ele>45.2</ele>
      </trkpt>
      <trkpt lat="44.2603" lon="4.71421">
        <ele>44.4</ele>
      </trkpt>
      <trkpt lat="44.26029" lon="4.7141">
        <ele>43.9</ele>
      </trkpt>
      <trkpt lat="44.26025" lon="4.71399">
        <ele>43.5</ele>
      </trkpt>
      <trkpt lat="44.2602" lon="4.71389">
        <ele>43.2</ele>
      </trkpt>
      <trkpt lat="44.2597" lon="4.71351">
        <ele>42.8</ele>
      </trkpt>
      <trkpt lat="44.25921" lon="4.71313">
        <ele>43.6</ele>
      </trkpt>
      <trkpt lat="44.25904" lon="4.71305">
        <ele>43.6</ele>
      </trkpt>
      <trkpt lat="44.25904" lon="4.71305">
        <ele>43.6</ele>
      </trkpt>
      <trkpt lat="44.25882" lon="4.71299">
        <ele>43.7</ele>
      </trkpt>
      <trkpt lat="44.25874" lon="4.71292">
        <ele>43.3</ele>
      </trkpt>
      <trkpt lat="44.25863" lon="4.71274">
        <ele>42.0</ele>
      </trkpt>
      <trkpt lat="44.25848" lon="4.7126">
        <ele>40.9</ele>
      </trkpt>
      <trkpt lat="44.25779" lon="4.7121">
        <ele>42.7</ele>
      </trkpt>
      <trkpt lat="44.2571" lon="4.71159">
        <ele>43.5</ele>
      </trkpt>
      <trkpt lat="44.25641" lon="4.71109">
        <ele>43.8</ele>
      </trkpt>
      <trkpt lat="44.25571" lon="4.71058">
        <ele>44.4</ele>
      </trkpt>
      <trkpt lat="44.25502" lon="4.71008">
        <ele>40.8</ele>
      </trkpt>
      <trkpt lat="44.25433" lon="4.70958">
        <ele>42.4</ele>
      </trkpt>
      <trkpt lat="44.25422" lon="4.70975">
        <ele>43.9</ele>
      </trkpt>
      <trkpt lat="44.25416" lon="4.70981">
        <ele>44.7</ele>
      </trkpt>
      <trkpt lat="44.2541" lon="4.70986">
        <ele>45.2</ele>
      </trkpt>
      <trkpt lat="44.25404" lon="4.70989">
        <ele>45.6</ele>
      </trkpt>
      <trkpt lat="44.25398" lon="4.7099">
        <ele>45.8</ele>
      </trkpt>
      <trkpt lat="44.25391" lon="4.70988">
        <ele>45.9</ele>
      </trkpt>
      <trkpt lat="44.25382" lon="4.70982">
        <ele>45.8</ele>
      </trkpt>
      <trkpt lat="44.25333" lon="4.70938">
        <ele>45.8</ele>
      </trkpt>
      <trkpt lat="44.25309" lon="4.70921">
        <ele>45.7</ele>
      </trkpt>
      <trkpt lat="44.25269" lon="4.70905">
        <ele>46.0</ele>
      </trkpt>
      <trkpt lat="44.25251" lon="4.70877">
        <ele>45.1</ele>
      </trkpt>
      <trkpt lat="44.25241" lon="4.70857">
        <ele>44.6</ele>
      </trkpt>
      <trkpt lat="44.25203" lon="4.70808">
        <ele>43.7</ele>
      </trkpt>
      <trkpt lat="44.25175" lon="4.70783">
        <ele>42.4</ele>
      </trkpt>
      <trkpt lat="44.25149" lon="4.70756">
        <ele>41.0</ele>
      </trkpt>
      <trkpt lat="44.25137" lon="4.70739">
        <ele>41.2</ele>
      </trkpt>
      <trkpt lat="44.25091" lon="4.70706">
        <ele>42.0</ele>
      </trkpt>
      <trkpt lat="44.25045" lon="4.70674">
        <ele>42.1</ele>
      </trkpt>
      <trkpt lat="44.25001" lon="4.7064">
        <ele>43.0</ele>
      </trkpt>
      <trkpt lat="44.24956" lon="4.70606">
        <ele>41.1</ele>
      </trkpt>
      <trkpt lat="44.24915" lon="4.70579">
        <ele>41.0</ele>
      </trkpt>
      <trkpt lat="44.24885" lon="4.70566">
        <ele>41.5</ele>
      </trkpt>
      <trkpt lat="44.24835" lon="4.7053">
        <ele>40.8</ele>
      </trkpt>
      <trkpt lat="44.24819" lon="4.70509">
        <ele>40.3</ele>
      </trkpt>
      <trkpt lat="44.24787" lon="4.70482">
        <ele>41.2</ele>
      </trkpt>
      <trkpt lat="44.24727" lon="4.7044">
        <ele>41.3</ele>
      </trkpt>
      <trkpt lat="44.24669" lon="4.70397">
        <ele>41.7</ele>
      </trkpt>
      <trkpt lat="44.24611" lon="4.70354">
        <ele>39.4</ele>
      </trkpt>
      <trkpt lat="44.24553" lon="4.70312">
        <ele>39.4</ele>
      </trkpt>
      <trkpt lat="44.24545" lon="4.70305">
        <ele>39.5</ele>
      </trkpt>
      <trkpt lat="44.24539" lon="4.70303">
        <ele>39.7</ele>
      </trkpt>
      <trkpt lat="44.24523" lon="4.70308">
        <ele>40.5</ele>
      </trkpt>
      <trkpt lat="44.24466" lon="4.70346">
        <ele>43.6</ele>
      </trkpt>
      <trkpt lat="44.24454" lon="4.70337">
        <ele>43.6</ele>
      </trkpt>
      <trkpt lat="44.24448" lon="4.70335">
        <ele>43.6</ele>
      </trkpt>
      <trkpt lat="44.2444" lon="4.70316">
        <ele>43.1</ele>
      </trkpt>
      <trkpt lat="44.24443" lon="4.70291">
        <ele>42.2</ele>
      </trkpt>
      <trkpt lat="44.2445" lon="4.7025">
        <ele>40.4</ele>
      </trkpt>
      <trkpt lat="44.24449" lon="4.7024">
        <ele>40.2</ele>
      </trkpt>
      <trkpt lat="44.24442" lon="4.70231">
        <ele>40.1</ele>
      </trkpt>
      <trkpt lat="44.24362" lon="4.7018">
        <ele>39.2</ele>
      </trkpt>
      <trkpt lat="44.24282" lon="4.70128">
        <ele>40.3</ele>
      </trkpt>
      <trkpt lat="44.24235" lon="4.70103">
        <ele>39.6</ele>
      </trkpt>
      <trkpt lat="44.24188" lon="4.70077">
        <ele>38.0</ele>
      </trkpt>
      <trkpt lat="44.24138" lon="4.70051">
        <ele>39.1</ele>
      </trkpt>
      <trkpt lat="44.24087" lon="4.70025">
        <ele>39.4</ele>
      </trkpt>
      <trkpt lat="44.24036" lon="4.70004">
        <ele>41.0</ele>
      </trkpt>
      <trkpt lat="44.23984" lon="4.69982">
        <ele>41.9</ele>
      </trkpt>
      <trkpt lat="44.2393" lon="4.69961">
        <ele>40.6</ele>
      </trkpt>
      <trkpt lat="44.23876" lon="4.6994">
        <ele>41.7</ele>
      </trkpt>
      <trkpt lat="44.23822" lon="4.69922">
        <ele>44.4</ele>
      </trkpt>
      <trkpt lat="44.23768" lon="4.69904">
        <ele>44.3</ele>
      </trkpt>
      <trkpt lat="44.23714" lon="4.69889">
        <ele>42.1</ele>
      </trkpt>
      <trkpt lat="44.23661" lon="4.69874">
        <ele>40.0</ele>
      </trkpt>
      <trkpt lat="44.23606" lon="4.69862">
        <ele>39.3</ele>
      </trkpt>
      <trkpt lat="44.23552" lon="4.6985">
        <ele>38.5</ele>
      </trkpt>
      <trkpt lat="44.23552" lon="4.6985">
        <ele>38.5</ele>
      </trkpt>
      <trkpt lat="44.23507" lon="4.69844">
        <ele>38.0</ele>
      </trkpt>
      <trkpt lat="44.23462" lon="4.69837">
        <ele>37.3</ele>
      </trkpt>
      <trkpt lat="44.23402" lon="4.69829">
        <ele>37.0</ele>
      </trkpt>
      <trkpt lat="44.23343" lon="4.69822">
        <ele>37.0</ele>
      </trkpt>
      <trkpt lat="44.23284" lon="4.69817">
        <ele>40.8</ele>
      </trkpt>
      <trkpt lat="44.23225" lon="4.69812">
        <ele>42.7</ele>
      </trkpt>
      <trkpt lat="44.23142" lon="4.69812">
        <ele>42.4</ele>
      </trkpt>
      <trkpt lat="44.23059" lon="4.69811">
        <ele>42.9</ele>
      </trkpt>
      <trkpt lat="44.22976" lon="4.6981">
        <ele>43.0</ele>
      </trkpt>
      <trkpt lat="44.22886" lon="4.69809">
        <ele>42.9</ele>
      </trkpt>
      <trkpt lat="44.22797" lon="4.69807">
        <ele>41.8</ele>
      </trkpt>
      <trkpt lat="44.22726" lon="4.69811">
        <ele>42.1</ele>
      </trkpt>
      <trkpt lat="44.22659" lon="4.69818">
        <ele>42.2</ele>
      </trkpt>
      <trkpt lat="44.22588" lon="4.69838">
        <ele>37.7</ele>
      </trkpt>
      <trkpt lat="44.22521" lon="4.69862">
        <ele>39.3</ele>
      </trkpt>
      <trkpt lat="44.22487" lon="4.69875">
        <ele>40.6</ele>
      </trkpt>
      <trkpt lat="44.22458" lon="4.69888">
        <ele>41.9</ele>
      </trkpt>
      <trkpt lat="44.22376" lon="4.69936">
        <ele>42.3</ele>
      </trkpt>
      <trkpt lat="44.223" lon="4.6999">
        <ele>42.3</ele>
      </trkpt>
      <trkpt lat="44.22231" lon="4.7005">
        <ele>40.7</ele>
      </trkpt>
      <trkpt lat="44.22161" lon="4.70118">
        <ele>40.9</ele>
      </trkpt>
      <trkpt lat="44.22098" lon="4.70179">
        <ele>40.0</ele>
      </trkpt>
      <trkpt lat="44.22036" lon="4.7024">
        <ele>40.8</ele>
      </trkpt>
      <trkpt lat="44.21974" lon="4.70301">
        <ele>40.4</ele>
      </trkpt>
      <trkpt lat="44.21912" lon="4.70362">
        <ele>43.1</ele>
      </trkpt>
      <trkpt lat="44.2185" lon="4.70423">
        <ele>45.3</ele>
      </trkpt>
      <trkpt lat="44.21787" lon="4.70485">
        <ele>43.5</ele>
      </trkpt>
      <trkpt lat="44.21755" lon="4.70526">
        <ele>43.5</ele>
      </trkpt>
      <trkpt lat="44.21702" lon="4.70605">
        <ele>40.2</ele>
      </trkpt>
      <trkpt lat="44.21678" lon="4.70641">
        <ele>38.8</ele>
      </trkpt>
      <trkpt lat="44.2163" lon="4.70726">
        <ele>38.9</ele>
      </trkpt>
      <trkpt lat="44.21594" lon="4.70793">
        <ele>39.1</ele>
      </trkpt>
      <trkpt lat="44.21558" lon="4.7086">
        <ele>38.0</ele>
      </trkpt>
      <trkpt lat="44.21515" lon="4.70934">
        <ele>37.0</ele>
      </trkpt>
      <trkpt lat="44.21472" lon="4.71008">
        <ele>39.2</ele>
      </trkpt>
      <trkpt lat="44.21428" lon="4.71067">
        <ele>38.1</ele>
      </trkpt>
      <trkpt lat="44.21385" lon="4.71126">
        <ele>37.4</ele>
      </trkpt>
      <trkpt lat="44.21379" lon="4.71133">
        <ele>37.2</ele>
      </trkpt>
      <trkpt lat="44.21379" lon="4.71133">
        <ele>37.2</ele>
      </trkpt>
      <trkpt lat="44.21334" lon="4.71184">
        <ele>36.4</ele>
      </trkpt>
      <trkpt lat="44.21288" lon="4.71235">
        <ele>36.2</ele>
      </trkpt>
      <trkpt lat="44.21247" lon="4.71271">
        <ele>36.0</ele>
      </trkpt>
      <trkpt lat="44.21206" lon="4.71307">
        <ele>36.3</ele>
      </trkpt>
      <trkpt lat="44.2115" lon="4.71343">
        <ele>35.3</ele>
      </trkpt>
      <trkpt lat="44.21092" lon="4.7137">
        <ele>35.5</ele>
      </trkpt>
      <trkpt lat="44.21058" lon="4.71382">
        <ele>35.6</ele>
      </trkpt>
      <trkpt lat="44.21014" lon="4.71394">
        <ele>35.7</ele>
      </trkpt>
      <trkpt lat="44.20965" lon="4.71401">
        <ele>36.2</ele>
      </trkpt>
      <trkpt lat="44.20915" lon="4.71401">
        <ele>36.6</ele>
      </trkpt>
      <trkpt lat="44.20888" lon="4.714">
        <ele>36.9</ele>
      </trkpt>
      <trkpt lat="44.20835" lon="4.71391">
        <ele>37.1</ele>
      </trkpt>
      <trkpt lat="44.20808" lon="4.71378">
        <ele>36.4</ele>
      </trkpt>
      <trkpt lat="44.2076" lon="4.71357">
        <ele>35.6</ele>
      </trkpt>
      <trkpt lat="44.20713" lon="4.71337">
        <ele>36.4</ele>
      </trkpt>
      <trkpt lat="44.20651" lon="4.713">
        <ele>36.9</ele>
      </trkpt>
      <trkpt lat="44.2061" lon="4.71268">
        <ele>36.2</ele>
      </trkpt>
      <trkpt lat="44.2057" lon="4.71235">
        <ele>36.1</ele>
      </trkpt>
      <trkpt lat="44.20503" lon="4.71179">
        <ele>37.1</ele>
      </trkpt>
      <trkpt lat="44.20437" lon="4.71123">
        <ele>37.8</ele>
      </trkpt>
      <trkpt lat="44.20382" lon="4.7108">
        <ele>38.2</ele>
      </trkpt>
      <trkpt lat="44.20327" lon="4.71037">
        <ele>40.7</ele>
      </trkpt>
      <trkpt lat="44.20273" lon="4.70995">
        <ele>39.8</ele>
      </trkpt>
      <trkpt lat="44.20252" lon="4.70976">
        <ele>40.3</ele>
      </trkpt>
      <trkpt lat="44.20252" lon="4.70976">
        <ele>40.3</ele>
      </trkpt>
      <trkpt lat="44.20231" lon="4.70956">
        <ele>41.4</ele>
      </trkpt>
      <trkpt lat="44.20191" lon="4.70929">
        <ele>41.1</ele>
      </trkpt>
      <trkpt lat="44.20165" lon="4.70909">
        <ele>40.3</ele>
      </trkpt>
      <trkpt lat="44.20108" lon="4.70869">
        <ele>39.4</ele>
      </trkpt>
      <trkpt lat="44.20052" lon="4.70834">
        <ele>37.5</ele>
      </trkpt>
      <trkpt lat="44.20013" lon="4.7083">
        <ele>35.7</ele>
      </trkpt>
      <trkpt lat="44.19994" lon="4.70826">
        <ele>35.2</ele>
      </trkpt>
      <trkpt lat="44.19961" lon="4.70811">
        <ele>35.3</ele>
      </trkpt>
      <trkpt lat="44.19939" lon="4.70802">
        <ele>35.4</ele>
      </trkpt>
      <trkpt lat="44.19874" lon="4.70786">
        <ele>35.7</ele>
      </trkpt>
      <trkpt lat="44.19827" lon="4.70778">
        <ele>36.0</ele>
      </trkpt>
      <trkpt lat="44.19773" lon="4.70776">
        <ele>35.8</ele>
      </trkpt>
      <trkpt lat="44.19696" lon="4.70778">
        <ele>35.7</ele>
      </trkpt>
      <trkpt lat="44.19616" lon="4.70792">
        <ele>34.3</ele>
      </trkpt>
      <trkpt lat="44.1953" lon="4.70821">
        <ele>35.5</ele>
      </trkpt>
      <trkpt lat="44.19481" lon="4.70848">
        <ele>36.4</ele>
      </trkpt>
      <trkpt lat="44.19432" lon="4.70876">
        <ele>35.5</ele>
      </trkpt>
      <trkpt lat="44.1935" lon="4.70923">
        <ele>36.3</ele>
      </trkpt>
      <trkpt lat="44.19268" lon="4.7097">
        <ele>34.8</ele>
      </trkpt>
      <trkpt lat="44.19186" lon="4.71017">
        <ele>35.3</ele>
      </trkpt>
      <trkpt lat="44.19126" lon="4.71054">
        <ele>34.4</ele>
      </trkpt>
      <trkpt lat="44.19066" lon="4.7109">
        <ele>33.8</ele>
      </trkpt>
      <trkpt lat="44.19024" lon="4.71115">
        <ele>35.2</ele>
      </trkpt>
      <trkpt lat="44.18981" lon="4.7114">
        <ele>35.3</ele>
      </trkpt>
      <trkpt lat="44.18912" lon="4.71179">
        <ele>35.8</ele>
      </trkpt>
      <trkpt lat="44.18843" lon="4.71218">
        <ele>35.4</ele>
      </trkpt>
      <trkpt lat="44.18775" lon="4.71258">
        <ele>36.2</ele>
      </trkpt>
      <trkpt lat="44.18709" lon="4.71297">
        <ele>35.7</ele>
      </trkpt>
      <trkpt lat="44.18644" lon="4.71336">
        <ele>35.5</ele>
      </trkpt>
      <trkpt lat="44.18657" lon="4.71372">
        <ele>36.2</ele>
      </trkpt>
      <trkpt lat="44.18673" lon="4.71383">
        <ele>36.6</ele>
      </trkpt>
      <trkpt lat="44.18677" lon="4.71381">
        <ele>36.6</ele>
      </trkpt>
      <trkpt lat="44.1868" lon="4.71399">
        <ele>36.7</ele>
      </trkpt>
      <trkpt lat="44.18674" lon="4.71394">
        <ele>36.7</ele>
      </trkpt>
      <trkpt lat="44.1867" lon="4.71392">
        <ele>36.7</ele>
      </trkpt>
      <trkpt lat="44.18665" lon="4.71393">
        <ele>36.7</ele>
      </trkpt>
      <trkpt lat="44.18659" lon="4.71396">
        <ele>36.6</ele>
      </trkpt>
      <trkpt lat="44.18613" lon="4.71423">
        <ele>35.8</ele>
      </trkpt>
      <trkpt lat="44.18566" lon="4.71449">
        <ele>35.7</ele>
      </trkpt>
      <trkpt lat="44.18566" lon="4.71449">
        <ele>35.7</ele>
      </trkpt>
      <trkpt lat="44.18496" lon="4.7149">
        <ele>35.8</ele>
      </trkpt>
      <trkpt lat="44.18426" lon="4.71531">
        <ele>34.5</ele>
      </trkpt>
      <trkpt lat="44.18361" lon="4.71571">
        <ele>33.5</ele>
      </trkpt>
      <trkpt lat="44.18296" lon="4.71612">
        <ele>34.1</ele>
      </trkpt>
      <trkpt lat="44.18256" lon="4.7164">
        <ele>34.9</ele>
      </trkpt>
      <trkpt lat="44.18212" lon="4.71679">
        <ele>34.8</ele>
      </trkpt>
      <trkpt lat="44.18167" lon="4.71717">
        <ele>35.0</ele>
      </trkpt>
      <trkpt lat="44.18119" lon="4.71755">
        <ele>35.0</ele>
      </trkpt>
      <trkpt lat="44.1807" lon="4.71794">
        <ele>34.9</ele>
      </trkpt>
      <trkpt lat="44.1802" lon="4.71834">
        <ele>34.2</ele>
      </trkpt>
      <trkpt lat="44.1797" lon="4.71875">
        <ele>34.5</ele>
      </trkpt>
      <trkpt lat="44.17915" lon="4.71913">
        <ele>36.0</ele>
      </trkpt>
      <trkpt lat="44.17856" lon="4.71949">
        <ele>37.2</ele>
      </trkpt>
      <trkpt lat="44.17796" lon="4.71985">
        <ele>39.2</ele>
      </trkpt>
      <trkpt lat="44.17737" lon="4.72021">
        <ele>39.4</ele>
      </trkpt>
      <trkpt lat="44.17666" lon="4.7205">
        <ele>38.2</ele>
      </trkpt>
      <trkpt lat="44.17595" lon="4.72079">
        <ele>38.0</ele>
      </trkpt>
      <trkpt lat="44.17524" lon="4.72109">
        <ele>37.0</ele>
      </trkpt>
      <trkpt lat="44.17465" lon="4.72124">
        <ele>36.8</ele>
      </trkpt>
      <trkpt lat="44.17406" lon="4.72139">
        <ele>36.7</ele>
      </trkpt>
      <trkpt lat="44.17346" lon="4.72154">
        <ele>37.5</ele>
      </trkpt>
      <trkpt lat="44.17284" lon="4.72163">
        <ele>38.5</ele>
      </trkpt>
      <trkpt lat="44.17222" lon="4.72172">
        <ele>37.7</ele>
      </trkpt>
      <trkpt lat="44.17138" lon="4.72178">
        <ele>34.9</ele>
      </trkpt>
      <trkpt lat="44.1708" lon="4.72179">
        <ele>33.8</ele>
      </trkpt>
      <trkpt lat="44.17023" lon="4.72176">
        <ele>35.3</ele>
      </trkpt>
      <trkpt lat="44.16965" lon="4.72173">
        <ele>36.8</ele>
      </trkpt>
      <trkpt lat="44.16877" lon="4.72162">
        <ele>38.3</ele>
      </trkpt>
      <trkpt lat="44.16789" lon="4.72151">
        <ele>37.0</ele>
      </trkpt>
      <trkpt lat="44.16701" lon="4.72139">
        <ele>35.9</ele>
      </trkpt>
      <trkpt lat="44.16613" lon="4.72128">
        <ele>35.9</ele>
      </trkpt>
      <trkpt lat="44.16525" lon="4.72117">
        <ele>34.7</ele>
      </trkpt>
      <trkpt lat="44.16437" lon="4.72105">
        <ele>34.1</ele>
      </trkpt>
      <trkpt lat="44.16349" lon="4.72094">
        <ele>33.9</ele>
      </trkpt>
      <trkpt lat="44.16261" lon="4.72083">
        <ele>34.0</ele>
      </trkpt>
      <trkpt lat="44.16261" lon="4.72083">
        <ele>34.0</ele>
      </trkpt>
      <trkpt lat="44.162" lon="4.7208">
        <ele>32.9</ele>
      </trkpt>
      <trkpt lat="44.1614" lon="4.72078">
        <ele>32.4</ele>
      </trkpt>
      <trkpt lat="44.16079" lon="4.72075">
        <ele>33.3</ele>
      </trkpt>
      <trkpt lat="44.16061" lon="4.72078">
        <ele>33.9</ele>
      </trkpt>
      <trkpt lat="44.1604" lon="4.72079">
        <ele>34.6</ele>
      </trkpt>
      <trkpt lat="44.16041" lon="4.72097">
        <ele>34.5</ele>
      </trkpt>
      <trkpt lat="44.16054" lon="4.72147">
        <ele>34.1</ele>
      </trkpt>
      <trkpt lat="44.16059" lon="4.7216">
        <ele>33.9</ele>
      </trkpt>
      <trkpt lat="44.16066" lon="4.72171">
        <ele>33.5</ele>
      </trkpt>
      <trkpt lat="44.16079" lon="4.72189">
        <ele>32.9</ele>
      </trkpt>
      <trkpt lat="44.16131" lon="4.72256">
        <ele>32.6</ele>
      </trkpt>
      <trkpt lat="44.16182" lon="4.72322">
        <ele>33.0</ele>
      </trkpt>
      <trkpt lat="44.16196" lon="4.72332">
        <ele>33.0</ele>
      </trkpt>
      <trkpt lat="44.16208" lon="4.72332">
        <ele>33.0</ele>
      </trkpt>
      <trkpt lat="44.16258" lon="4.72325">
        <ele>33.3</ele>
      </trkpt>
      <trkpt lat="44.16309" lon="4.72318">
        <ele>34.8</ele>
      </trkpt>
      <trkpt lat="44.16318" lon="4.72318">
        <ele>35.0</ele>
      </trkpt>
      <trkpt lat="44.16323" lon="4.72321">
        <ele>35.3</ele>
      </trkpt>
      <trkpt lat="44.1633" lon="4.72329">
        <ele>35.7</ele>
      </trkpt>
      <trkpt lat="44.16333" lon="4.72335">
        <ele>35.9</ele>
      </trkpt>
      <trkpt lat="44.16336" lon="4.72345">
        <ele>35.4</ele>
      </trkpt>
      <trkpt lat="44.16336" lon="4.72357">
        <ele>34.6</ele>
      </trkpt>
      <trkpt lat="44.16334" lon="4.72366">
        <ele>34.1</ele>
      </trkpt>
      <trkpt lat="44.16331" lon="4.72374">
        <ele>33.5</ele>
      </trkpt>
      <trkpt lat="44.16325" lon="4.72382">
        <ele>33.0</ele>
      </trkpt>
      <trkpt lat="44.16318" lon="4.72388">
        <ele>32.5</ele>
      </trkpt>
      <trkpt lat="44.16314" lon="4.72398">
        <ele>32.0</ele>
      </trkpt>
      <trkpt lat="44.1631" lon="4.72417">
        <ele>31.0</ele>
      </trkpt>
      <trkpt lat="44.16306" lon="4.72424">
        <ele>31.0</ele>
      </trkpt>
      <trkpt lat="44.16302" lon="4.72429">
        <ele>31.0</ele>
      </trkpt>
      <trkpt lat="44.16295" lon="4.72434">
        <ele>31.0</ele>
      </trkpt>
      <trkpt lat="44.1629" lon="4.7244">
        <ele>31.0</ele>
      </trkpt>
      <trkpt lat="44.16286" lon="4.72449">
        <ele>31.1</ele>
      </trkpt>
      <trkpt lat="44.16268" lon="4.72532">
        <ele>31.7</ele>
      </trkpt>
      <trkpt lat="44.16264" lon="4.72544">
        <ele>31.8</ele>
      </trkpt>
      <trkpt lat="44.16259" lon="4.7256">
        <ele>31.9</ele>
      </trkpt>
      <trkpt lat="44.16259" lon="4.72607">
        <ele>32.1</ele>
      </trkpt>
      <trkpt lat="44.16261" lon="4.72618">
        <ele>32.1</ele>
      </trkpt>
      <trkpt lat="44.16297" lon="4.72726">
        <ele>33.1</ele>
      </trkpt>
      <trkpt lat="44.16333" lon="4.72833">
        <ele>33.0</ele>
      </trkpt>
      <trkpt lat="44.1637" lon="4.7294">
        <ele>32.4</ele>
      </trkpt>
      <trkpt lat="44.16373" lon="4.72948">
        <ele>32.5</ele>
      </trkpt>
      <trkpt lat="44.16379" lon="4.72955">
        <ele>32.6</ele>
      </trkpt>
      <trkpt lat="44.16383" lon="4.72964">
        <ele>32.7</ele>
      </trkpt>
      <trkpt lat="44.16412" lon="4.7305">
        <ele>35.6</ele>
      </trkpt>
      <trkpt lat="44.16441" lon="4.73136">
        <ele>35.1</ele>
      </trkpt>
      <trkpt lat="44.1647" lon="4.73222">
        <ele>33.9</ele>
      </trkpt>
      <trkpt lat="44.16481" lon="4.73298">
        <ele>32.9</ele>
      </trkpt>
      <trkpt lat="44.16492" lon="4.73375">
        <ele>32.8</ele>
      </trkpt>
      <trkpt lat="44.16503" lon="4.73454">
        <ele>32.1</ele>
      </trkpt>
      <trkpt lat="44.16514" lon="4.73517">
        <ele>31.3</ele>
      </trkpt>
      <trkpt lat="44.16524" lon="4.73581">
        <ele>32.0</ele>
      </trkpt>
      <trkpt lat="44.16527" lon="4.73615">
        <ele>33.5</ele>
      </trkpt>
      <trkpt lat="44.16527" lon="4.73615">
        <ele>33.5</ele>
      </trkpt>
      <trkpt lat="44.16531" lon="4.73662">
        <ele>34.6</ele>
      </trkpt>
      <trkpt lat="44.16531" lon="4.73678">
        <ele>35.0</ele>
      </trkpt>
      <trkpt lat="44.16534" lon="4.73697">
        <ele>35.4</ele>
      </trkpt>
      <trkpt lat="44.16531" lon="4.73695">
        <ele>35.5</ele>
      </trkpt>
      <trkpt lat="44.16502" lon="4.73665">
        <ele>36.8</ele>
      </trkpt>
      <trkpt lat="44.16427" lon="4.736">
        <ele>36.0</ele>
      </trkpt>
      <trkpt lat="44.16364" lon="4.73553">
        <ele>32.6</ele>
      </trkpt>
      <trkpt lat="44.16341" lon="4.73535">
        <ele>31.9</ele>
      </trkpt>
      <trkpt lat="44.16324" lon="4.73525">
        <ele>31.6</ele>
      </trkpt>
      <trkpt lat="44.16316" lon="4.73521">
        <ele>31.6</ele>
      </trkpt>
      <trkpt lat="44.16306" lon="4.73521">
        <ele>31.7</ele>
      </trkpt>
      <trkpt lat="44.16297" lon="4.73526">
        <ele>31.8</ele>
      </trkpt>
      <trkpt lat="44.16284" lon="4.73538">
        <ele>32.0</ele>
      </trkpt>
      <trkpt lat="44.16259" lon="4.73582">
        <ele>32.1</ele>
      </trkpt>
      <trkpt lat="44.16247" lon="4.73599">
        <ele>32.7</ele>
      </trkpt>
      <trkpt lat="44.16183" lon="4.73669">
        <ele>34.3</ele>
      </trkpt>
      <trkpt lat="44.16119" lon="4.7374">
        <ele>37.1</ele>
      </trkpt>
      <trkpt lat="44.16109" lon="4.73752">
        <ele>36.6</ele>
      </trkpt>
      <trkpt lat="44.16097" lon="4.73777">
        <ele>35.5</ele>
      </trkpt>
      <trkpt lat="44.16086" lon="4.73793">
        <ele>34.6</ele>
      </trkpt>
      <trkpt lat="44.16037" lon="4.73853">
        <ele>33.1</ele>
      </trkpt>
      <trkpt lat="44.15988" lon="4.73912">
        <ele>34.3</ele>
      </trkpt>
      <trkpt lat="44.15975" lon="4.73932">
        <ele>34.1</ele>
      </trkpt>
      <trkpt lat="44.15961" lon="4.73958">
        <ele>34.1</ele>
      </trkpt>
      <trkpt lat="44.15947" lon="4.73976">
        <ele>34.1</ele>
      </trkpt>
      <trkpt lat="44.15885" lon="4.7405">
        <ele>33.4</ele>
      </trkpt>
      <trkpt lat="44.15823" lon="4.74124">
        <ele>32.5</ele>
      </trkpt>
      <trkpt lat="44.15761" lon="4.74198">
        <ele>33.9</ele>
      </trkpt>
      <trkpt lat="44.15715" lon="4.74252">
        <ele>33.6</ele>
      </trkpt>
      <trkpt lat="44.15669" lon="4.74306">
        <ele>34.3</ele>
      </trkpt>
      <trkpt lat="44.15623" lon="4.74359">
        <ele>33.7</ele>
      </trkpt>
      <trkpt lat="44.15615" lon="4.74367">
        <ele>33.5</ele>
      </trkpt>
      <trkpt lat="44.15601" lon="4.74375">
        <ele>33.5</ele>
      </trkpt>
      <trkpt lat="44.15543" lon="4.74408">
        <ele>33.9</ele>
      </trkpt>
      <trkpt lat="44.15569" lon="4.74495">
        <ele>34.0</ele>
      </trkpt>
      <trkpt lat="44.1558" lon="4.74536">
        <ele>33.6</ele>
      </trkpt>
      <trkpt lat="44.15602" lon="4.74603">
        <ele>33.0</ele>
      </trkpt>
      <trkpt lat="44.15613" lon="4.74637">
        <ele>33.1</ele>
      </trkpt>
      <trkpt lat="44.15643" lon="4.74752">
        <ele>32.0</ele>
      </trkpt>
      <trkpt lat="44.15675" lon="4.74859">
        <ele>32.7</ele>
      </trkpt>
      <trkpt lat="44.15678" lon="4.74876">
        <ele>33.2</ele>
      </trkpt>
      <trkpt lat="44.1568" lon="4.74892">
        <ele>33.6</ele>
      </trkpt>
      <trkpt lat="44.1568" lon="4.74907">
        <ele>33.9</ele>
      </trkpt>
      <trkpt lat="44.15678" lon="4.74918">
        <ele>34.1</ele>
      </trkpt>
      <trkpt lat="44.15675" lon="4.74931">
        <ele>34.1</ele>
      </trkpt>
      <trkpt lat="44.1567" lon="4.74945">
        <ele>34.0</ele>
      </trkpt>
      <trkpt lat="44.15646" lon="4.74986">
        <ele>33.7</ele>
      </trkpt>
      <trkpt lat="44.15622" lon="4.75035">
        <ele>33.2</ele>
      </trkpt>
      <trkpt lat="44.15612" lon="4.75063">
        <ele>32.8</ele>
      </trkpt>
      <trkpt lat="44.15601" lon="4.75112">
        <ele>32.6</ele>
      </trkpt>
      <trkpt lat="44.15551" lon="4.75101">
        <ele>32.7</ele>
      </trkpt>
      <trkpt lat="44.155" lon="4.75089">
        <ele>33.1</ele>
      </trkpt>
      <trkpt lat="44.1549" lon="4.7509">
        <ele>33.6</ele>
      </trkpt>
      <trkpt lat="44.15482" lon="4.75094">
        <ele>34.1</ele>
      </trkpt>
      <trkpt lat="44.15481" lon="4.75099">
        <ele>34.3</ele>
      </trkpt>
      <trkpt lat="44.1548" lon="4.75111">
        <ele>34.7</ele>
      </trkpt>
      <trkpt lat="44.15474" lon="4.75224">
        <ele>35.2</ele>
      </trkpt>
      <trkpt lat="44.15468" lon="4.75337">
        <ele>35.2</ele>
      </trkpt>
      <trkpt lat="44.15462" lon="4.75451">
        <ele>35.0</ele>
      </trkpt>
      <trkpt lat="44.15457" lon="4.75533">
        <ele>35.4</ele>
      </trkpt>
      <trkpt lat="44.1545" lon="4.75614">
        <ele>35.3</ele>
      </trkpt>
      <trkpt lat="44.15442" lon="4.75694">
        <ele>34.9</ele>
      </trkpt>
      <trkpt lat="44.15436" lon="4.75748">
        <ele>33.3</ele>
      </trkpt>
      <trkpt lat="44.15431" lon="4.75775">
        <ele>34.0</ele>
      </trkpt>
      <trkpt lat="44.15419" lon="4.75821">
        <ele>35.6</ele>
      </trkpt>
      <trkpt lat="44.15412" lon="4.75838">
        <ele>35.9</ele>
      </trkpt>
      <trkpt lat="44.15404" lon="4.75872">
        <ele>35.8</ele>
      </trkpt>
      <trkpt lat="44.15403" lon="4.75901">
        <ele>35.9</ele>
      </trkpt>
      <trkpt lat="44.15403" lon="4.75911">
        <ele>36.0</ele>
      </trkpt>
      <trkpt lat="44.15402" lon="4.75927">
        <ele>36.0</ele>
      </trkpt>
      <trkpt lat="44.15403" lon="4.75949">
        <ele>35.9</ele>
      </trkpt>
      <trkpt lat="44.15407" lon="4.76029">
        <ele>35.5</ele>
      </trkpt>
      <trkpt lat="44.15412" lon="4.76108">
        <ele>34.9</ele>
      </trkpt>
      <trkpt lat="44.15415" lon="4.76227">
        <ele>35.0</ele>
      </trkpt>
      <trkpt lat="44.15419" lon="4.76279">
        <ele>35.0</ele>
      </trkpt>
      <trkpt lat="44.15424" lon="4.76322">
        <ele>35.0</ele>
      </trkpt>
      <trkpt lat="44.15435" lon="4.76438">
        <ele>36.2</ele>
      </trkpt>
      <trkpt lat="44.15445" lon="4.76524">
        <ele>36.4</ele>
      </trkpt>
      <trkpt lat="44.15448" lon="4.76557">
        <ele>35.9</ele>
      </trkpt>
      <trkpt lat="44.15452" lon="4.76682">
        <ele>35.7</ele>
      </trkpt>
      <trkpt lat="44.15459" lon="4.76779">
        <ele>37.6</ele>
      </trkpt>
      <trkpt lat="44.15462" lon="4.7683">
        <ele>37.0</ele>
      </trkpt>
      <trkpt lat="44.15473" lon="4.76937">
        <ele>36.2</ele>
      </trkpt>
      <trkpt lat="44.15475" lon="4.76992">
        <ele>36.9</ele>
      </trkpt>
      <trkpt lat="44.15474" lon="4.77098">
        <ele>39.3</ele>
      </trkpt>
      <trkpt lat="44.15473" lon="4.77204">
        <ele>39.4</ele>
      </trkpt>
      <trkpt lat="44.15472" lon="4.7731">
        <ele>39.1</ele>
      </trkpt>
      <trkpt lat="44.15469" lon="4.7736">
        <ele>39.3</ele>
      </trkpt>
      <trkpt lat="44.15469" lon="4.7736">
        <ele>39.3</ele>
      </trkpt>
      <trkpt lat="44.15468" lon="4.77365">
        <ele>39.2</ele>
      </trkpt>
      <trkpt lat="44.15456" lon="4.77431">
        <ele>39.2</ele>
      </trkpt>
      <trkpt lat="44.15454" lon="4.77449">
        <ele>39.4</ele>
      </trkpt>
      <trkpt lat="44.15454" lon="4.77465">
        <ele>39.6</ele>
      </trkpt>
      <trkpt lat="44.15456" lon="4.77483">
        <ele>39.8</ele>
      </trkpt>
      <trkpt lat="44.15462" lon="4.77513">
        <ele>39.9</ele>
      </trkpt>
      <trkpt lat="44.15467" lon="4.77549">
        <ele>39.5</ele>
      </trkpt>
      <trkpt lat="44.15468" lon="4.77576">
        <ele>39.3</ele>
      </trkpt>
      <trkpt lat="44.15467" lon="4.77596">
        <ele>39.3</ele>
      </trkpt>
      <trkpt lat="44.15465" lon="4.77615">
        <ele>39.5</ele>
      </trkpt>
      <trkpt lat="44.1545" lon="4.7768">
        <ele>39.9</ele>
      </trkpt>
      <trkpt lat="44.15445" lon="4.77693">
        <ele>39.9</ele>
      </trkpt>
      <trkpt lat="44.15426" lon="4.7773">
        <ele>39.9</ele>
      </trkpt>
      <trkpt lat="44.15421" lon="4.77744">
        <ele>40.0</ele>
      </trkpt>
      <trkpt lat="44.15417" lon="4.77758">
        <ele>39.8</ele>
      </trkpt>
      <trkpt lat="44.15415" lon="4.77778">
        <ele>39.3</ele>
      </trkpt>
      <trkpt lat="44.15414" lon="4.77823">
        <ele>38.3</ele>
      </trkpt>
      <trkpt lat="44.15414" lon="4.77909">
        <ele>39.0</ele>
      </trkpt>
      <trkpt lat="44.15415" lon="4.77941">
        <ele>39.6</ele>
      </trkpt>
      <trkpt lat="44.15416" lon="4.77979">
        <ele>40.5</ele>
      </trkpt>
      <trkpt lat="44.15409" lon="4.78054">
        <ele>40.3</ele>
      </trkpt>
      <trkpt lat="44.15408" lon="4.78078">
        <ele>40.0</ele>
      </trkpt>
      <trkpt lat="44.15407" lon="4.78162">
        <ele>39.9</ele>
      </trkpt>
      <trkpt lat="44.15406" lon="4.78221">
        <ele>41.0</ele>
      </trkpt>
      <trkpt lat="44.15401" lon="4.78322">
        <ele>42.3</ele>
      </trkpt>
      <trkpt lat="44.154" lon="4.78354">
        <ele>41.9</ele>
      </trkpt>
      <trkpt lat="44.15395" lon="4.78478">
        <ele>40.8</ele>
      </trkpt>
      <trkpt lat="44.1539" lon="4.78513">
        <ele>41.2</ele>
      </trkpt>
      <trkpt lat="44.15383" lon="4.78533">
        <ele>41.4</ele>
      </trkpt>
      <trkpt lat="44.15372" lon="4.78563">
        <ele>41.8</ele>
      </trkpt>
      <trkpt lat="44.15356" lon="4.78609">
        <ele>42.2</ele>
      </trkpt>
      <trkpt lat="44.15348" lon="4.78638">
        <ele>42.5</ele>
      </trkpt>
      <trkpt lat="44.15341" lon="4.78668">
        <ele>42.9</ele>
      </trkpt>
      <trkpt lat="44.15333" lon="4.78694">
        <ele>42.3</ele>
      </trkpt>
      <trkpt lat="44.15327" lon="4.78715">
        <ele>41.8</ele>
      </trkpt>
      <trkpt lat="44.15323" lon="4.7873">
        <ele>41.6</ele>
      </trkpt>
      <trkpt lat="44.15288" lon="4.78738">
        <ele>42.0</ele>
      </trkpt>
      <trkpt lat="44.15272" lon="4.78744">
        <ele>42.4</ele>
      </trkpt>
      <trkpt lat="44.15217" lon="4.78767">
        <ele>42.7</ele>
      </trkpt>
      <trkpt lat="44.15204" lon="4.78774">
        <ele>42.6</ele>
      </trkpt>
      <trkpt lat="44.15192" lon="4.78783">
        <ele>42.6</ele>
      </trkpt>
      <trkpt lat="44.15177" lon="4.78799">
        <ele>42.6</ele>
      </trkpt>
      <trkpt lat="44.15165" lon="4.78813">
        <ele>42.7</ele>
      </trkpt>
      <trkpt lat="44.15152" lon="4.78831">
        <ele>42.8</ele>
      </trkpt>
      <trkpt lat="44.15146" lon="4.78843">
        <ele>43.0</ele>
      </trkpt>
      <trkpt lat="44.15141" lon="4.78859">
        <ele>43.4</ele>
      </trkpt>
      <trkpt lat="44.15134" lon="4.78887">
        <ele>44.1</ele>
      </trkpt>
      <trkpt lat="44.15132" lon="4.78891">
        <ele>44.1</ele>
      </trkpt>
      <trkpt lat="44.15129" lon="4.78893">
        <ele>44.1</ele>
      </trkpt>
      <trkpt lat="44.15124" lon="4.78895">
        <ele>44.2</ele>
      </trkpt>
      <trkpt lat="44.15118" lon="4.78894">
        <ele>44.2</ele>
      </trkpt>
      <trkpt lat="44.15117" lon="4.78897">
        <ele>44.2</ele>
      </trkpt>
      <trkpt lat="44.15107" lon="4.7896">
        <ele>44.7</ele>
      </trkpt>
      <trkpt lat="44.15098" lon="4.79024">
        <ele>45.1</ele>
      </trkpt>
      <trkpt lat="44.15092" lon="4.79048">
        <ele>45.3</ele>
      </trkpt>
      <trkpt lat="44.1509" lon="4.79055">
        <ele>45.3</ele>
      </trkpt>
      <trkpt lat="44.15081" lon="4.79076">
        <ele>45.1</ele>
      </trkpt>
      <trkpt lat="44.15075" lon="4.79087">
        <ele>45.0</ele>
      </trkpt>
      <trkpt lat="44.15072" lon="4.79093">
        <ele>45.0</ele>
      </trkpt>
      <trkpt lat="44.1507" lon="4.79104">
        <ele>44.8</ele>
      </trkpt>
      <trkpt lat="44.15065" lon="4.79117">
        <ele>44.6</ele>
      </trkpt>
      <trkpt lat="44.15026" lon="4.79195">
        <ele>43.5</ele>
      </trkpt>
      <trkpt lat="44.15018" lon="4.79207">
        <ele>43.6</ele>
      </trkpt>
      <trkpt lat="44.14973" lon="4.79261">
        <ele>43.0</ele>
      </trkpt>
      <trkpt lat="44.14966" lon="4.79273">
        <ele>42.8</ele>
      </trkpt>
      <trkpt lat="44.14958" lon="4.79303">
        <ele>42.8</ele>
      </trkpt>
      <trkpt lat="44.14954" lon="4.79367">
        <ele>43.0</ele>
      </trkpt>
      <trkpt lat="44.1495" lon="4.7943">
        <ele>43.0</ele>
      </trkpt>
      <trkpt lat="44.14945" lon="4.79449">
        <ele>42.9</ele>
      </trkpt>
      <trkpt lat="44.14935" lon="4.79477">
        <ele>42.6</ele>
      </trkpt>
      <trkpt lat="44.14909" lon="4.79552">
        <ele>42.4</ele>
      </trkpt>
      <trkpt lat="44.14909" lon="4.79552">
        <ele>42.4</ele>
      </trkpt>
      <trkpt lat="44.14902" lon="4.79573">
        <ele>42.4</ele>
      </trkpt>
      <trkpt lat="44.14897" lon="4.79584">
        <ele>42.3</ele>
      </trkpt>
      <trkpt lat="44.14883" lon="4.79613">
        <ele>42.6</ele>
      </trkpt>
      <trkpt lat="44.14866" lon="4.79624">
        <ele>42.4</ele>
      </trkpt>
      <trkpt lat="44.14864" lon="4.79622">
        <ele>42.3</ele>
      </trkpt>
      <trkpt lat="44.14858" lon="4.79621">
        <ele>42.1</ele>
      </trkpt>
      <trkpt lat="44.14856" lon="4.79621">
        <ele>42.1</ele>
      </trkpt>
      <trkpt lat="44.14851" lon="4.79625">
        <ele>42.0</ele>
      </trkpt>
      <trkpt lat="44.14829" lon="4.7962">
        <ele>41.3</ele>
      </trkpt>
      <trkpt lat="44.14823" lon="4.7962">
        <ele>41.2</ele>
      </trkpt>
      <trkpt lat="44.14795" lon="4.79624">
        <ele>41.0</ele>
      </trkpt>
      <trkpt lat="44.14739" lon="4.79634">
        <ele>40.8</ele>
      </trkpt>
      <trkpt lat="44.14731" lon="4.79638">
        <ele>40.8</ele>
      </trkpt>
      <trkpt lat="44.14713" lon="4.7965">
        <ele>40.9</ele>
      </trkpt>
      <trkpt lat="44.14674" lon="4.79676">
        <ele>40.4</ele>
      </trkpt>
      <trkpt lat="44.14647" lon="4.79692">
        <ele>40.7</ele>
      </trkpt>
      <trkpt lat="44.14636" lon="4.79697">
        <ele>40.9</ele>
      </trkpt>
      <trkpt lat="44.14586" lon="4.79709">
        <ele>41.5</ele>
      </trkpt>
      <trkpt lat="44.14582" lon="4.79711">
        <ele>41.6</ele>
      </trkpt>
      <trkpt lat="44.14551" lon="4.79734">
        <ele>41.4</ele>
      </trkpt>
      <trkpt lat="44.1454" lon="4.79741">
        <ele>41.2</ele>
      </trkpt>
      <trkpt lat="44.14529" lon="4.79745">
        <ele>40.9</ele>
      </trkpt>
      <trkpt lat="44.14528" lon="4.7974">
        <ele>40.8</ele>
      </trkpt>
      <trkpt lat="44.14525" lon="4.79736">
        <ele>40.6</ele>
      </trkpt>
      <trkpt lat="44.14523" lon="4.79735">
        <ele>40.5</ele>
      </trkpt>
      <trkpt lat="44.14519" lon="4.79736">
        <ele>40.4</ele>
      </trkpt>
      <trkpt lat="44.14517" lon="4.79738">
        <ele>40.4</ele>
      </trkpt>
      <trkpt lat="44.14515" lon="4.79743">
        <ele>40.4</ele>
      </trkpt>
      <trkpt lat="44.14514" lon="4.79747">
        <ele>40.5</ele>
      </trkpt>
      <trkpt lat="44.14516" lon="4.79752">
        <ele>40.6</ele>
      </trkpt>
      <trkpt lat="44.1452" lon="4.79756">
        <ele>40.8</ele>
      </trkpt>
      <trkpt lat="44.14491" lon="4.79841">
        <ele>41.9</ele>
      </trkpt>
      <trkpt lat="44.14476" lon="4.79897">
        <ele>41.2</ele>
      </trkpt>
      <trkpt lat="44.14468" lon="4.79933">
        <ele>41.0</ele>
      </trkpt>
      <trkpt lat="44.1446" lon="4.79973">
        <ele>40.7</ele>
      </trkpt>
      <trkpt lat="44.14458" lon="4.79993">
        <ele>40.5</ele>
      </trkpt>
      <trkpt lat="44.14454" lon="4.80018">
        <ele>40.7</ele>
      </trkpt>
      <trkpt lat="44.14437" lon="4.80102">
        <ele>41.4</ele>
      </trkpt>
      <trkpt lat="44.14433" lon="4.80109">
        <ele>41.3</ele>
      </trkpt>
      <trkpt lat="44.14424" lon="4.80119">
        <ele>41.1</ele>
      </trkpt>
      <trkpt lat="44.1442" lon="4.80122">
        <ele>41.1</ele>
      </trkpt>
      <trkpt lat="44.14418" lon="4.80127">
        <ele>41.0</ele>
      </trkpt>
      <trkpt lat="44.14401" lon="4.80138">
        <ele>41.1</ele>
      </trkpt>
      <trkpt lat="44.144" lon="4.80131">
        <ele>41.0</ele>
      </trkpt>
      <trkpt lat="44.14357" lon="4.80139">
        <ele>41.2</ele>
      </trkpt>
      <trkpt lat="44.14357" lon="4.80139">
        <ele>41.2</ele>
      </trkpt>
      <trkpt lat="44.14308" lon="4.80148">
        <ele>41.8</ele>
      </trkpt>
      <trkpt lat="44.14258" lon="4.80157">
        <ele>42.6</ele>
      </trkpt>
      <trkpt lat="44.14251" lon="4.80157">
        <ele>42.6</ele>
      </trkpt>
      <trkpt lat="44.14226" lon="4.80163">
        <ele>42.3</ele>
      </trkpt>
      <trkpt lat="44.14156" lon="4.80184">
        <ele>41.0</ele>
      </trkpt>
    </trkseg>
  </trk>
</gpx>
