<?xml version="1.0" encoding="UTF-8"?>
<gpx xmlns:gpxdata="http://www.cluetrust.com/XML/GPXDATA/1/0" xmlns:xsi="http://www.w3.org/2001/XMLSchema-instance" xmlns="http://www.topografix.com/GPX/1/1" version="1.1" creator="http://ridewithgps.com/" xsi:schemaLocation="http://www.topografix.com/GPX/1/1 http://www.topografix.com/GPX/1/1/gpx.xsd http://www.cluetrust.com/XML/GPXDATA/1/0 http://www.cluetrust.com/Schemas/gpxdata10.xsd">
  <metadata>
    <name>Jour 16 - Tournus @ ???</name>
    <link href="https://ridewithgps.com/routes/56273559">
      <text>Jour 16 - Tournus @ ???</text>
    </link>
    <time>2026-07-22T15:37:00Z</time>
  </metadata>
  <trk>
    <name>Jour 16 - Tournus @ ???</name>
    <trkseg>
      <trkpt lat="46.56338" lon="4.91014">
        <ele>184.4</ele>
      </trkpt>
      <trkpt lat="46.56336" lon="4.91015">
        <ele>184.3</ele>
      </trkpt>
      <trkpt lat="46.56349" lon="4.91059">
        <ele>185.3</ele>
      </trkpt>
      <trkpt lat="46.56366" lon="4.91103">
        <ele>185.2</ele>
      </trkpt>
      <trkpt lat="46.56396" lon="4.91199">
        <ele>179.4</ele>
      </trkpt>
      <trkpt lat="46.56399" lon="4.91211">
        <ele>178.1</ele>
      </trkpt>
      <trkpt lat="46.56334" lon="4.91247">
        <ele>179.1</ele>
      </trkpt>
      <trkpt lat="46.56318" lon="4.91257">
        <ele>179.2</ele>
      </trkpt>
      <trkpt lat="46.56293" lon="4.91277">
        <ele>178.8</ele>
      </trkpt>
      <trkpt lat="46.56232" lon="4.91327">
        <ele>178.4</ele>
      </trkpt>
      <trkpt lat="46.56172" lon="4.91377">
        <ele>178.5</ele>
      </trkpt>
      <trkpt lat="46.56141" lon="4.91405">
        <ele>178.6</ele>
      </trkpt>
      <trkpt lat="46.56087" lon="4.91462">
        <ele>174.8</ele>
      </trkpt>
      <trkpt lat="46.56022" lon="4.91534">
        <ele>172.9</ele>
      </trkpt>
      <trkpt lat="46.5601" lon="4.91544">
        <ele>172.7</ele>
      </trkpt>
      <trkpt lat="46.55944" lon="4.91588">
        <ele>174.3</ele>
      </trkpt>
      <trkpt lat="46.55877" lon="4.91631">
        <ele>175.1</ele>
      </trkpt>
      <trkpt lat="46.55834" lon="4.91658">
        <ele>175.9</ele>
      </trkpt>
      <trkpt lat="46.55788" lon="4.91684">
        <ele>174.1</ele>
      </trkpt>
      <trkpt lat="46.55742" lon="4.9171">
        <ele>172.1</ele>
      </trkpt>
      <trkpt lat="46.55704" lon="4.9173">
        <ele>172.4</ele>
      </trkpt>
      <trkpt lat="46.55643" lon="4.91749">
        <ele>174.3</ele>
      </trkpt>
      <trkpt lat="46.55587" lon="4.91763">
        <ele>174.0</ele>
      </trkpt>
      <trkpt lat="46.55551" lon="4.91779">
        <ele>173.2</ele>
      </trkpt>
      <trkpt lat="46.55496" lon="4.91801">
        <ele>172.7</ele>
      </trkpt>
      <trkpt lat="46.55443" lon="4.91828">
        <ele>175.7</ele>
      </trkpt>
      <trkpt lat="46.55419" lon="4.91845">
        <ele>176.6</ele>
      </trkpt>
      <trkpt lat="46.55394" lon="4.91856">
        <ele>175.5</ele>
      </trkpt>
      <trkpt lat="46.55332" lon="4.91888">
        <ele>174.7</ele>
      </trkpt>
      <trkpt lat="46.5527" lon="4.91921">
        <ele>173.7</ele>
      </trkpt>
      <trkpt lat="46.55208" lon="4.91954">
        <ele>173.1</ele>
      </trkpt>
      <trkpt lat="46.55125" lon="4.91992">
        <ele>175.1</ele>
      </trkpt>
      <trkpt lat="46.55072" lon="4.9201">
        <ele>173.3</ele>
      </trkpt>
      <trkpt lat="46.55055" lon="4.92018">
        <ele>172.9</ele>
      </trkpt>
      <trkpt lat="46.55006" lon="4.92037">
        <ele>172.5</ele>
      </trkpt>
      <trkpt lat="46.54957" lon="4.92055">
        <ele>172.9</ele>
      </trkpt>
      <trkpt lat="46.54913" lon="4.92079">
        <ele>172.3</ele>
      </trkpt>
      <trkpt lat="46.54885" lon="4.92094">
        <ele>172.9</ele>
      </trkpt>
      <trkpt lat="46.54838" lon="4.92126">
        <ele>177.2</ele>
      </trkpt>
      <trkpt lat="46.54792" lon="4.92175">
        <ele>175.8</ele>
      </trkpt>
      <trkpt lat="46.54769" lon="4.92199">
        <ele>172.1</ele>
      </trkpt>
      <trkpt lat="46.54753" lon="4.92211">
        <ele>170.6</ele>
      </trkpt>
      <trkpt lat="46.54718" lon="4.92245">
        <ele>171.1</ele>
      </trkpt>
      <trkpt lat="46.5467" lon="4.92276">
        <ele>172.3</ele>
      </trkpt>
      <trkpt lat="46.54622" lon="4.92306">
        <ele>173.2</ele>
      </trkpt>
      <trkpt lat="46.5458" lon="4.9233">
        <ele>175.8</ele>
      </trkpt>
      <trkpt lat="46.54519" lon="4.92375">
        <ele>173.7</ele>
      </trkpt>
      <trkpt lat="46.54469" lon="4.92417">
        <ele>174.3</ele>
      </trkpt>
      <trkpt lat="46.5441" lon="4.92454">
        <ele>172.5</ele>
      </trkpt>
      <trkpt lat="46.54381" lon="4.92467">
        <ele>172.4</ele>
      </trkpt>
      <trkpt lat="46.54369" lon="4.92464">
        <ele>172.9</ele>
      </trkpt>
      <trkpt lat="46.54327" lon="4.92491">
        <ele>173.1</ele>
      </trkpt>
      <trkpt lat="46.54257" lon="4.92534">
        <ele>170.8</ele>
      </trkpt>
      <trkpt lat="46.54199" lon="4.92564">
        <ele>171.7</ele>
      </trkpt>
      <trkpt lat="46.5414" lon="4.92593">
        <ele>172.5</ele>
      </trkpt>
      <trkpt lat="46.54081" lon="4.92622">
        <ele>171.2</ele>
      </trkpt>
      <trkpt lat="46.54004" lon="4.92651">
        <ele>173.8</ele>
      </trkpt>
      <trkpt lat="46.53942" lon="4.92678">
        <ele>172.7</ele>
      </trkpt>
      <trkpt lat="46.53893" lon="4.92698">
        <ele>171.5</ele>
      </trkpt>
      <trkpt lat="46.53838" lon="4.92732">
        <ele>171.7</ele>
      </trkpt>
      <trkpt lat="46.53782" lon="4.92766">
        <ele>171.9</ele>
      </trkpt>
      <trkpt lat="46.53712" lon="4.92805">
        <ele>172.8</ele>
      </trkpt>
      <trkpt lat="46.53643" lon="4.92843">
        <ele>172.9</ele>
      </trkpt>
      <trkpt lat="46.53605" lon="4.92867">
        <ele>173.0</ele>
      </trkpt>
      <trkpt lat="46.53553" lon="4.92892">
        <ele>173.6</ele>
      </trkpt>
      <trkpt lat="46.53492" lon="4.92934">
        <ele>172.5</ele>
      </trkpt>
      <trkpt lat="46.53458" lon="4.92952">
        <ele>172.8</ele>
      </trkpt>
      <trkpt lat="46.5342" lon="4.92984">
        <ele>172.7</ele>
      </trkpt>
      <trkpt lat="46.53376" lon="4.93015">
        <ele>173.9</ele>
      </trkpt>
      <trkpt lat="46.53333" lon="4.93046">
        <ele>175.4</ele>
      </trkpt>
      <trkpt lat="46.53292" lon="4.93084">
        <ele>173.5</ele>
      </trkpt>
      <trkpt lat="46.53276" lon="4.93097">
        <ele>172.6</ele>
      </trkpt>
      <trkpt lat="46.53233" lon="4.93125">
        <ele>173.5</ele>
      </trkpt>
      <trkpt lat="46.53189" lon="4.93163">
        <ele>174.1</ele>
      </trkpt>
      <trkpt lat="46.53148" lon="4.9319">
        <ele>175.6</ele>
      </trkpt>
      <trkpt lat="46.53107" lon="4.93218">
        <ele>176.9</ele>
      </trkpt>
      <trkpt lat="46.53069" lon="4.9325">
        <ele>176.0</ele>
      </trkpt>
      <trkpt lat="46.53015" lon="4.93303">
        <ele>178.5</ele>
      </trkpt>
      <trkpt lat="46.5296" lon="4.93356">
        <ele>179.4</ele>
      </trkpt>
      <trkpt lat="46.52905" lon="4.93409">
        <ele>175.6</ele>
      </trkpt>
      <trkpt lat="46.52872" lon="4.93435">
        <ele>177.4</ele>
      </trkpt>
      <trkpt lat="46.52796" lon="4.93489">
        <ele>178.7</ele>
      </trkpt>
      <trkpt lat="46.52768" lon="4.93514">
        <ele>177.7</ele>
      </trkpt>
      <trkpt lat="46.52707" lon="4.93543">
        <ele>175.8</ele>
      </trkpt>
      <trkpt lat="46.52647" lon="4.93572">
        <ele>172.9</ele>
      </trkpt>
      <trkpt lat="46.52587" lon="4.93597">
        <ele>175.4</ele>
      </trkpt>
      <trkpt lat="46.52566" lon="4.93601">
        <ele>175.3</ele>
      </trkpt>
      <trkpt lat="46.52546" lon="4.93602">
        <ele>175.2</ele>
      </trkpt>
      <trkpt lat="46.52529" lon="4.93603">
        <ele>175.1</ele>
      </trkpt>
      <trkpt lat="46.52513" lon="4.93608">
        <ele>174.7</ele>
      </trkpt>
      <trkpt lat="46.52495" lon="4.93615">
        <ele>174.0</ele>
      </trkpt>
      <trkpt lat="46.5247" lon="4.93626">
        <ele>173.1</ele>
      </trkpt>
      <trkpt lat="46.52384" lon="4.9364">
        <ele>172.5</ele>
      </trkpt>
      <trkpt lat="46.52359" lon="4.93649">
        <ele>171.6</ele>
      </trkpt>
      <trkpt lat="46.52334" lon="4.93665">
        <ele>170.1</ele>
      </trkpt>
      <trkpt lat="46.52299" lon="4.93679">
        <ele>170.2</ele>
      </trkpt>
      <trkpt lat="46.52231" lon="4.9369">
        <ele>170.8</ele>
      </trkpt>
      <trkpt lat="46.52154" lon="4.93692">
        <ele>172.1</ele>
      </trkpt>
      <trkpt lat="46.5212" lon="4.93695">
        <ele>172.4</ele>
      </trkpt>
      <trkpt lat="46.52072" lon="4.93705">
        <ele>172.6</ele>
      </trkpt>
      <trkpt lat="46.52046" lon="4.93707">
        <ele>171.9</ele>
      </trkpt>
      <trkpt lat="46.5201" lon="4.93703">
        <ele>171.0</ele>
      </trkpt>
      <trkpt lat="46.51933" lon="4.93684">
        <ele>172.0</ele>
      </trkpt>
      <trkpt lat="46.51882" lon="4.93669">
        <ele>172.1</ele>
      </trkpt>
      <trkpt lat="46.51832" lon="4.93653">
        <ele>171.5</ele>
      </trkpt>
      <trkpt lat="46.51786" lon="4.93633">
        <ele>172.4</ele>
      </trkpt>
      <trkpt lat="46.5174" lon="4.93612">
        <ele>172.3</ele>
      </trkpt>
      <trkpt lat="46.51687" lon="4.93576">
        <ele>173.3</ele>
      </trkpt>
      <trkpt lat="46.51634" lon="4.9354">
        <ele>173.0</ele>
      </trkpt>
      <trkpt lat="46.51561" lon="4.93475">
        <ele>171.4</ele>
      </trkpt>
      <trkpt lat="46.51506" lon="4.93415">
        <ele>173.8</ele>
      </trkpt>
      <trkpt lat="46.51451" lon="4.93356">
        <ele>169.6</ele>
      </trkpt>
      <trkpt lat="46.51397" lon="4.93296">
        <ele>168.2</ele>
      </trkpt>
      <trkpt lat="46.51342" lon="4.93237">
        <ele>169.3</ele>
      </trkpt>
      <trkpt lat="46.51297" lon="4.93195">
        <ele>169.7</ele>
      </trkpt>
      <trkpt lat="46.51251" lon="4.93154">
        <ele>169.2</ele>
      </trkpt>
      <trkpt lat="46.51203" lon="4.93106">
        <ele>170.9</ele>
      </trkpt>
      <trkpt lat="46.51163" lon="4.93074">
        <ele>172.7</ele>
      </trkpt>
      <trkpt lat="46.51123" lon="4.93042">
        <ele>171.7</ele>
      </trkpt>
      <trkpt lat="46.5106" lon="4.92998">
        <ele>173.2</ele>
      </trkpt>
      <trkpt lat="46.51024" lon="4.92976">
        <ele>173.3</ele>
      </trkpt>
      <trkpt lat="46.50977" lon="4.92953">
        <ele>173.0</ele>
      </trkpt>
      <trkpt lat="46.50917" lon="4.92927">
        <ele>173.4</ele>
      </trkpt>
      <trkpt lat="46.50856" lon="4.92901">
        <ele>170.8</ele>
      </trkpt>
      <trkpt lat="46.50805" lon="4.92893">
        <ele>170.1</ele>
      </trkpt>
      <trkpt lat="46.50781" lon="4.92881">
        <ele>170.4</ele>
      </trkpt>
      <trkpt lat="46.50695" lon="4.92859">
        <ele>170.6</ele>
      </trkpt>
      <trkpt lat="46.50638" lon="4.92837">
        <ele>171.6</ele>
      </trkpt>
      <trkpt lat="46.50584" lon="4.92818">
        <ele>172.8</ele>
      </trkpt>
      <trkpt lat="46.50529" lon="4.92799">
        <ele>171.6</ele>
      </trkpt>
      <trkpt lat="46.5052" lon="4.92798">
        <ele>171.5</ele>
      </trkpt>
      <trkpt lat="46.50496" lon="4.92787">
        <ele>171.8</ele>
      </trkpt>
      <trkpt lat="46.50485" lon="4.92776">
        <ele>172.4</ele>
      </trkpt>
      <trkpt lat="46.50475" lon="4.92762">
        <ele>173.3</ele>
      </trkpt>
      <trkpt lat="46.50441" lon="4.92737">
        <ele>173.7</ele>
      </trkpt>
      <trkpt lat="46.50419" lon="4.92723">
        <ele>173.4</ele>
      </trkpt>
      <trkpt lat="46.50415" lon="4.92717">
        <ele>173.2</ele>
      </trkpt>
      <trkpt lat="46.50406" lon="4.92719">
        <ele>173.1</ele>
      </trkpt>
      <trkpt lat="46.50399" lon="4.92718">
        <ele>173.0</ele>
      </trkpt>
      <trkpt lat="46.50376" lon="4.92696">
        <ele>172.2</ele>
      </trkpt>
      <trkpt lat="46.50366" lon="4.92689">
        <ele>171.9</ele>
      </trkpt>
      <trkpt lat="46.50349" lon="4.92686">
        <ele>171.6</ele>
      </trkpt>
      <trkpt lat="46.50333" lon="4.92679">
        <ele>171.3</ele>
      </trkpt>
      <trkpt lat="46.50273" lon="4.92642">
        <ele>171.5</ele>
      </trkpt>
      <trkpt lat="46.5023" lon="4.92622">
        <ele>170.4</ele>
      </trkpt>
      <trkpt lat="46.50216" lon="4.92617">
        <ele>170.0</ele>
      </trkpt>
      <trkpt lat="46.50161" lon="4.92615">
        <ele>168.9</ele>
      </trkpt>
      <trkpt lat="46.50105" lon="4.92612">
        <ele>170.1</ele>
      </trkpt>
      <trkpt lat="46.50068" lon="4.92608">
        <ele>171.0</ele>
      </trkpt>
      <trkpt lat="46.50048" lon="4.92604">
        <ele>171.6</ele>
      </trkpt>
      <trkpt lat="46.50027" lon="4.92597">
        <ele>172.4</ele>
      </trkpt>
      <trkpt lat="46.50002" lon="4.92586">
        <ele>173.8</ele>
      </trkpt>
      <trkpt lat="46.49924" lon="4.9254">
        <ele>172.5</ele>
      </trkpt>
      <trkpt lat="46.49847" lon="4.92499">
        <ele>172.7</ele>
      </trkpt>
      <trkpt lat="46.4977" lon="4.92457">
        <ele>172.4</ele>
      </trkpt>
      <trkpt lat="46.4975" lon="4.92445">
        <ele>172.9</ele>
      </trkpt>
      <trkpt lat="46.49719" lon="4.92422">
        <ele>172.5</ele>
      </trkpt>
      <trkpt lat="46.49672" lon="4.92378">
        <ele>173.7</ele>
      </trkpt>
      <trkpt lat="46.49643" lon="4.92344">
        <ele>175.3</ele>
      </trkpt>
      <trkpt lat="46.49616" lon="4.92308">
        <ele>173.8</ele>
      </trkpt>
      <trkpt lat="46.49599" lon="4.92285">
        <ele>174.1</ele>
      </trkpt>
      <trkpt lat="46.49564" lon="4.92227">
        <ele>174.8</ele>
      </trkpt>
      <trkpt lat="46.49527" lon="4.92158">
        <ele>175.5</ele>
      </trkpt>
      <trkpt lat="46.49479" lon="4.92079">
        <ele>173.5</ele>
      </trkpt>
      <trkpt lat="46.49428" lon="4.91998">
        <ele>176.3</ele>
      </trkpt>
      <trkpt lat="46.494" lon="4.91951">
        <ele>174.5</ele>
      </trkpt>
      <trkpt lat="46.49354" lon="4.91888">
        <ele>171.9</ele>
      </trkpt>
      <trkpt lat="46.49308" lon="4.91824">
        <ele>173.2</ele>
      </trkpt>
      <trkpt lat="46.4927" lon="4.91776">
        <ele>172.9</ele>
      </trkpt>
      <trkpt lat="46.49233" lon="4.91727">
        <ele>172.1</ele>
      </trkpt>
      <trkpt lat="46.49213" lon="4.91697">
        <ele>170.4</ele>
      </trkpt>
      <trkpt lat="46.49195" lon="4.91665">
        <ele>169.4</ele>
      </trkpt>
      <trkpt lat="46.49166" lon="4.91602">
        <ele>172.8</ele>
      </trkpt>
      <trkpt lat="46.49137" lon="4.91537">
        <ele>171.5</ele>
      </trkpt>
      <trkpt lat="46.49125" lon="4.91505">
        <ele>171.0</ele>
      </trkpt>
      <trkpt lat="46.49112" lon="4.91478">
        <ele>171.2</ele>
      </trkpt>
      <trkpt lat="46.4909" lon="4.9144">
        <ele>171.7</ele>
      </trkpt>
      <trkpt lat="46.49044" lon="4.91394">
        <ele>172.1</ele>
      </trkpt>
      <trkpt lat="46.48982" lon="4.91338">
        <ele>171.5</ele>
      </trkpt>
      <trkpt lat="46.48904" lon="4.91294">
        <ele>172.7</ele>
      </trkpt>
      <trkpt lat="46.48823" lon="4.91262">
        <ele>173.1</ele>
      </trkpt>
      <trkpt lat="46.48774" lon="4.91247">
        <ele>173.0</ele>
      </trkpt>
      <trkpt lat="46.4877" lon="4.91246">
        <ele>173.0</ele>
      </trkpt>
      <trkpt lat="46.48762" lon="4.91253">
        <ele>173.0</ele>
      </trkpt>
      <trkpt lat="46.48701" lon="4.9124">
        <ele>173.0</ele>
      </trkpt>
      <trkpt lat="46.48639" lon="4.91226">
        <ele>173.1</ele>
      </trkpt>
      <trkpt lat="46.48585" lon="4.91228">
        <ele>173.5</ele>
      </trkpt>
      <trkpt lat="46.4854" lon="4.91238">
        <ele>172.8</ele>
      </trkpt>
      <trkpt lat="46.48495" lon="4.91247">
        <ele>172.0</ele>
      </trkpt>
      <trkpt lat="46.4844" lon="4.91255">
        <ele>171.8</ele>
      </trkpt>
      <trkpt lat="46.48372" lon="4.91255">
        <ele>172.8</ele>
      </trkpt>
      <trkpt lat="46.48305" lon="4.91254">
        <ele>173.5</ele>
      </trkpt>
      <trkpt lat="46.48298" lon="4.91255">
        <ele>173.4</ele>
      </trkpt>
      <trkpt lat="46.48242" lon="4.91265">
        <ele>173.2</ele>
      </trkpt>
      <trkpt lat="46.48164" lon="4.91256">
        <ele>173.3</ele>
      </trkpt>
      <trkpt lat="46.48111" lon="4.91256">
        <ele>173.8</ele>
      </trkpt>
      <trkpt lat="46.48076" lon="4.91261">
        <ele>174.1</ele>
      </trkpt>
      <trkpt lat="46.48022" lon="4.91261">
        <ele>173.0</ele>
      </trkpt>
      <trkpt lat="46.47937" lon="4.91275">
        <ele>173.9</ele>
      </trkpt>
      <trkpt lat="46.47889" lon="4.91281">
        <ele>173.1</ele>
      </trkpt>
      <trkpt lat="46.4784" lon="4.91286">
        <ele>171.2</ele>
      </trkpt>
      <trkpt lat="46.47791" lon="4.91297">
        <ele>170.5</ele>
      </trkpt>
      <trkpt lat="46.47741" lon="4.9132">
        <ele>170.3</ele>
      </trkpt>
      <trkpt lat="46.47714" lon="4.91327">
        <ele>171.3</ele>
      </trkpt>
      <trkpt lat="46.47653" lon="4.91334">
        <ele>172.8</ele>
      </trkpt>
      <trkpt lat="46.47647" lon="4.91334">
        <ele>172.7</ele>
      </trkpt>
      <trkpt lat="46.47623" lon="4.91343">
        <ele>172.1</ele>
      </trkpt>
      <trkpt lat="46.47606" lon="4.91354">
        <ele>171.5</ele>
      </trkpt>
      <trkpt lat="46.47589" lon="4.91362">
        <ele>171.0</ele>
      </trkpt>
      <trkpt lat="46.47542" lon="4.91379">
        <ele>170.2</ele>
      </trkpt>
      <trkpt lat="46.47477" lon="4.91393">
        <ele>170.2</ele>
      </trkpt>
      <trkpt lat="46.47438" lon="4.91403">
        <ele>170.4</ele>
      </trkpt>
      <trkpt lat="46.47364" lon="4.91415">
        <ele>172.5</ele>
      </trkpt>
      <trkpt lat="46.47292" lon="4.91415">
        <ele>171.5</ele>
      </trkpt>
      <trkpt lat="46.47221" lon="4.91416">
        <ele>170.4</ele>
      </trkpt>
      <trkpt lat="46.47151" lon="4.91412">
        <ele>173.5</ele>
      </trkpt>
      <trkpt lat="46.47081" lon="4.91408">
        <ele>175.7</ele>
      </trkpt>
      <trkpt lat="46.4704" lon="4.91411">
        <ele>171.5</ele>
      </trkpt>
      <trkpt lat="46.46988" lon="4.91413">
        <ele>167.8</ele>
      </trkpt>
      <trkpt lat="46.46975" lon="4.91412">
        <ele>168.4</ele>
      </trkpt>
      <trkpt lat="46.46931" lon="4.91413">
        <ele>170.4</ele>
      </trkpt>
      <trkpt lat="46.46887" lon="4.91416">
        <ele>171.4</ele>
      </trkpt>
      <trkpt lat="46.4686" lon="4.91421">
        <ele>171.5</ele>
      </trkpt>
      <trkpt lat="46.46851" lon="4.91422">
        <ele>171.6</ele>
      </trkpt>
      <trkpt lat="46.46842" lon="4.91421">
        <ele>171.8</ele>
      </trkpt>
      <trkpt lat="46.46794" lon="4.91416">
        <ele>172.5</ele>
      </trkpt>
      <trkpt lat="46.46761" lon="4.91403">
        <ele>172.5</ele>
      </trkpt>
      <trkpt lat="46.46736" lon="4.91384">
        <ele>172.2</ele>
      </trkpt>
      <trkpt lat="46.46732" lon="4.9138">
        <ele>172.1</ele>
      </trkpt>
      <trkpt lat="46.46712" lon="4.9137">
        <ele>171.9</ele>
      </trkpt>
      <trkpt lat="46.46698" lon="4.91368">
        <ele>171.8</ele>
      </trkpt>
      <trkpt lat="46.46665" lon="4.91375">
        <ele>172.0</ele>
      </trkpt>
      <trkpt lat="46.46645" lon="4.91371">
        <ele>171.4</ele>
      </trkpt>
      <trkpt lat="46.4656" lon="4.91332">
        <ele>170.7</ele>
      </trkpt>
      <trkpt lat="46.46532" lon="4.9133">
        <ele>170.4</ele>
      </trkpt>
      <trkpt lat="46.46484" lon="4.91313">
        <ele>170.1</ele>
      </trkpt>
      <trkpt lat="46.46445" lon="4.91301">
        <ele>170.4</ele>
      </trkpt>
      <trkpt lat="46.46414" lon="4.91301">
        <ele>170.6</ele>
      </trkpt>
      <trkpt lat="46.46395" lon="4.91303">
        <ele>170.7</ele>
      </trkpt>
      <trkpt lat="46.46366" lon="4.91297">
        <ele>170.6</ele>
      </trkpt>
      <trkpt lat="46.46324" lon="4.91282">
        <ele>170.3</ele>
      </trkpt>
      <trkpt lat="46.46278" lon="4.91267">
        <ele>171.3</ele>
      </trkpt>
      <trkpt lat="46.46232" lon="4.91252">
        <ele>173.3</ele>
      </trkpt>
      <trkpt lat="46.46156" lon="4.91211">
        <ele>172.8</ele>
      </trkpt>
      <trkpt lat="46.46121" lon="4.91191">
        <ele>171.6</ele>
      </trkpt>
      <trkpt lat="46.46086" lon="4.91168">
        <ele>171.9</ele>
      </trkpt>
      <trkpt lat="46.46066" lon="4.91153">
        <ele>171.2</ele>
      </trkpt>
      <trkpt lat="46.46015" lon="4.91112">
        <ele>169.8</ele>
      </trkpt>
      <trkpt lat="46.45969" lon="4.91061">
        <ele>169.7</ele>
      </trkpt>
      <trkpt lat="46.45951" lon="4.91044">
        <ele>169.8</ele>
      </trkpt>
      <trkpt lat="46.45937" lon="4.91027">
        <ele>170.1</ele>
      </trkpt>
      <trkpt lat="46.4591" lon="4.90999">
        <ele>170.8</ele>
      </trkpt>
      <trkpt lat="46.45885" lon="4.90966">
        <ele>170.0</ele>
      </trkpt>
      <trkpt lat="46.45839" lon="4.9089">
        <ele>169.3</ele>
      </trkpt>
      <trkpt lat="46.45773" lon="4.90815">
        <ele>171.1</ele>
      </trkpt>
      <trkpt lat="46.45745" lon="4.9078">
        <ele>170.6</ele>
      </trkpt>
      <trkpt lat="46.45705" lon="4.9072">
        <ele>170.0</ele>
      </trkpt>
      <trkpt lat="46.45677" lon="4.90672">
        <ele>171.6</ele>
      </trkpt>
      <trkpt lat="46.45631" lon="4.90583">
        <ele>170.2</ele>
      </trkpt>
      <trkpt lat="46.45585" lon="4.90493">
        <ele>170.9</ele>
      </trkpt>
      <trkpt lat="46.45556" lon="4.90436">
        <ele>170.6</ele>
      </trkpt>
      <trkpt lat="46.45527" lon="4.90379">
        <ele>170.7</ele>
      </trkpt>
      <trkpt lat="46.45497" lon="4.90326">
        <ele>170.1</ele>
      </trkpt>
      <trkpt lat="46.45472" lon="4.90291">
        <ele>170.7</ele>
      </trkpt>
      <trkpt lat="46.45419" lon="4.90222">
        <ele>172.3</ele>
      </trkpt>
      <trkpt lat="46.45357" lon="4.9013">
        <ele>173.6</ele>
      </trkpt>
      <trkpt lat="46.45318" lon="4.90077">
        <ele>171.4</ele>
      </trkpt>
      <trkpt lat="46.45279" lon="4.90025">
        <ele>171.2</ele>
      </trkpt>
      <trkpt lat="46.4524" lon="4.89964">
        <ele>171.5</ele>
      </trkpt>
      <trkpt lat="46.45201" lon="4.89903">
        <ele>172.4</ele>
      </trkpt>
      <trkpt lat="46.45164" lon="4.89836">
        <ele>171.2</ele>
      </trkpt>
      <trkpt lat="46.45136" lon="4.89793">
        <ele>171.9</ele>
      </trkpt>
      <trkpt lat="46.45114" lon="4.89763">
        <ele>172.4</ele>
      </trkpt>
      <trkpt lat="46.45065" lon="4.89704">
        <ele>172.4</ele>
      </trkpt>
      <trkpt lat="46.45025" lon="4.89661">
        <ele>174.0</ele>
      </trkpt>
      <trkpt lat="46.44985" lon="4.89615">
        <ele>173.6</ele>
      </trkpt>
      <trkpt lat="46.44923" lon="4.89562">
        <ele>174.3</ele>
      </trkpt>
      <trkpt lat="46.44882" lon="4.89528">
        <ele>172.6</ele>
      </trkpt>
      <trkpt lat="46.44841" lon="4.89495">
        <ele>172.2</ele>
      </trkpt>
      <trkpt lat="46.44828" lon="4.89494">
        <ele>172.0</ele>
      </trkpt>
      <trkpt lat="46.44801" lon="4.89497">
        <ele>170.9</ele>
      </trkpt>
      <trkpt lat="46.44786" lon="4.89493">
        <ele>170.6</ele>
      </trkpt>
      <trkpt lat="46.44773" lon="4.8948">
        <ele>170.8</ele>
      </trkpt>
      <trkpt lat="46.44759" lon="4.8945">
        <ele>172.1</ele>
      </trkpt>
      <trkpt lat="46.4475" lon="4.89427">
        <ele>173.4</ele>
      </trkpt>
      <trkpt lat="46.44747" lon="4.89409">
        <ele>173.9</ele>
      </trkpt>
      <trkpt lat="46.44732" lon="4.89394">
        <ele>173.4</ele>
      </trkpt>
      <trkpt lat="46.44679" lon="4.89347">
        <ele>172.7</ele>
      </trkpt>
      <trkpt lat="46.44626" lon="4.89301">
        <ele>172.8</ele>
      </trkpt>
      <trkpt lat="46.44599" lon="4.89287">
        <ele>172.8</ele>
      </trkpt>
      <trkpt lat="46.44556" lon="4.89267">
        <ele>174.1</ele>
      </trkpt>
      <trkpt lat="46.44512" lon="4.89246">
        <ele>175.7</ele>
      </trkpt>
      <trkpt lat="46.44459" lon="4.89222">
        <ele>173.5</ele>
      </trkpt>
      <trkpt lat="46.44406" lon="4.89198">
        <ele>171.8</ele>
      </trkpt>
      <trkpt lat="46.44329" lon="4.89155">
        <ele>170.7</ele>
      </trkpt>
      <trkpt lat="46.44274" lon="4.89122">
        <ele>170.4</ele>
      </trkpt>
      <trkpt lat="46.44219" lon="4.89089">
        <ele>170.7</ele>
      </trkpt>
      <trkpt lat="46.44175" lon="4.89062">
        <ele>169.2</ele>
      </trkpt>
      <trkpt lat="46.44191" lon="4.88994">
        <ele>168.4</ele>
      </trkpt>
      <trkpt lat="46.44221" lon="4.88876">
        <ele>168.5</ele>
      </trkpt>
      <trkpt lat="46.44251" lon="4.88758">
        <ele>172.7</ele>
      </trkpt>
      <trkpt lat="46.4428" lon="4.8864">
        <ele>171.7</ele>
      </trkpt>
      <trkpt lat="46.4431" lon="4.88522">
        <ele>171.4</ele>
      </trkpt>
      <trkpt lat="46.4431" lon="4.88514">
        <ele>171.6</ele>
      </trkpt>
      <trkpt lat="46.44295" lon="4.88508">
        <ele>172.2</ele>
      </trkpt>
      <trkpt lat="46.44286" lon="4.88502">
        <ele>172.7</ele>
      </trkpt>
      <trkpt lat="46.44282" lon="4.88493">
        <ele>172.7</ele>
      </trkpt>
      <trkpt lat="46.44274" lon="4.88486">
        <ele>172.8</ele>
      </trkpt>
      <trkpt lat="46.44192" lon="4.88446">
        <ele>171.3</ele>
      </trkpt>
      <trkpt lat="46.44109" lon="4.88405">
        <ele>170.6</ele>
      </trkpt>
      <trkpt lat="46.44027" lon="4.88365">
        <ele>171.1</ele>
      </trkpt>
      <trkpt lat="46.43978" lon="4.88341">
        <ele>171.1</ele>
      </trkpt>
      <trkpt lat="46.43929" lon="4.88318">
        <ele>171.0</ele>
      </trkpt>
      <trkpt lat="46.43916" lon="4.88315">
        <ele>171.0</ele>
      </trkpt>
      <trkpt lat="46.43908" lon="4.88317">
        <ele>171.0</ele>
      </trkpt>
      <trkpt lat="46.439" lon="4.88322">
        <ele>171.0</ele>
      </trkpt>
      <trkpt lat="46.43896" lon="4.88371">
        <ele>171.8</ele>
      </trkpt>
      <trkpt lat="46.43883" lon="4.88465">
        <ele>172.2</ele>
      </trkpt>
      <trkpt lat="46.43877" lon="4.88486">
        <ele>171.8</ele>
      </trkpt>
      <trkpt lat="46.43874" lon="4.8849">
        <ele>171.6</ele>
      </trkpt>
      <trkpt lat="46.4387" lon="4.88492">
        <ele>171.3</ele>
      </trkpt>
      <trkpt lat="46.43847" lon="4.88485">
        <ele>170.2</ele>
      </trkpt>
      <trkpt lat="46.43785" lon="4.88463">
        <ele>169.6</ele>
      </trkpt>
      <trkpt lat="46.43724" lon="4.88441">
        <ele>169.7</ele>
      </trkpt>
      <trkpt lat="46.43662" lon="4.8842">
        <ele>169.1</ele>
      </trkpt>
      <trkpt lat="46.43624" lon="4.88405">
        <ele>168.2</ele>
      </trkpt>
      <trkpt lat="46.43614" lon="4.88403">
        <ele>168.0</ele>
      </trkpt>
      <trkpt lat="46.43608" lon="4.88403">
        <ele>167.9</ele>
      </trkpt>
      <trkpt lat="46.43602" lon="4.88406">
        <ele>167.7</ele>
      </trkpt>
      <trkpt lat="46.43595" lon="4.88414">
        <ele>167.4</ele>
      </trkpt>
      <trkpt lat="46.43568" lon="4.88481">
        <ele>172.2</ele>
      </trkpt>
      <trkpt lat="46.43541" lon="4.88549">
        <ele>173.0</ele>
      </trkpt>
      <trkpt lat="46.43497" lon="4.88653">
        <ele>169.8</ele>
      </trkpt>
      <trkpt lat="46.43475" lon="4.88714">
        <ele>169.6</ele>
      </trkpt>
      <trkpt lat="46.43466" lon="4.88746">
        <ele>169.4</ele>
      </trkpt>
      <trkpt lat="46.4346" lon="4.88759">
        <ele>169.4</ele>
      </trkpt>
      <trkpt lat="46.43458" lon="4.88754">
        <ele>169.5</ele>
      </trkpt>
      <trkpt lat="46.43449" lon="4.88749">
        <ele>169.6</ele>
      </trkpt>
      <trkpt lat="46.43442" lon="4.88751">
        <ele>169.7</ele>
      </trkpt>
      <trkpt lat="46.43433" lon="4.88756">
        <ele>169.8</ele>
      </trkpt>
      <trkpt lat="46.43423" lon="4.8876">
        <ele>169.8</ele>
      </trkpt>
      <trkpt lat="46.43336" lon="4.88743">
        <ele>169.9</ele>
      </trkpt>
      <trkpt lat="46.43249" lon="4.88727">
        <ele>169.0</ele>
      </trkpt>
      <trkpt lat="46.43225" lon="4.88728">
        <ele>169.1</ele>
      </trkpt>
      <trkpt lat="46.43161" lon="4.88729">
        <ele>169.3</ele>
      </trkpt>
      <trkpt lat="46.43132" lon="4.88734">
        <ele>169.5</ele>
      </trkpt>
      <trkpt lat="46.43095" lon="4.88747">
        <ele>169.8</ele>
      </trkpt>
      <trkpt lat="46.43053" lon="4.88767">
        <ele>170.4</ele>
      </trkpt>
      <trkpt lat="46.42978" lon="4.88817">
        <ele>169.8</ele>
      </trkpt>
      <trkpt lat="46.42969" lon="4.88819">
        <ele>169.8</ele>
      </trkpt>
      <trkpt lat="46.42963" lon="4.88817">
        <ele>169.9</ele>
      </trkpt>
      <trkpt lat="46.42954" lon="4.88818">
        <ele>169.9</ele>
      </trkpt>
      <trkpt lat="46.42905" lon="4.88834">
        <ele>169.9</ele>
      </trkpt>
      <trkpt lat="46.4287" lon="4.88844">
        <ele>169.4</ele>
      </trkpt>
      <trkpt lat="46.42841" lon="4.88849">
        <ele>169.1</ele>
      </trkpt>
      <trkpt lat="46.42794" lon="4.88848">
        <ele>169.4</ele>
      </trkpt>
      <trkpt lat="46.42723" lon="4.88843">
        <ele>170.2</ele>
      </trkpt>
      <trkpt lat="46.42653" lon="4.88838">
        <ele>170.7</ele>
      </trkpt>
      <trkpt lat="46.42583" lon="4.88834">
        <ele>170.0</ele>
      </trkpt>
      <trkpt lat="46.42517" lon="4.8883">
        <ele>169.2</ele>
      </trkpt>
      <trkpt lat="46.42474" lon="4.88825">
        <ele>169.1</ele>
      </trkpt>
      <trkpt lat="46.42407" lon="4.88813">
        <ele>168.5</ele>
      </trkpt>
      <trkpt lat="46.42341" lon="4.88801">
        <ele>166.0</ele>
      </trkpt>
      <trkpt lat="46.42275" lon="4.88789">
        <ele>169.5</ele>
      </trkpt>
      <trkpt lat="46.42199" lon="4.88773">
        <ele>170.7</ele>
      </trkpt>
      <trkpt lat="46.42123" lon="4.88758">
        <ele>170.3</ele>
      </trkpt>
      <trkpt lat="46.42064" lon="4.88742">
        <ele>168.4</ele>
      </trkpt>
      <trkpt lat="46.41993" lon="4.88729">
        <ele>165.1</ele>
      </trkpt>
      <trkpt lat="46.41923" lon="4.88716">
        <ele>171.3</ele>
      </trkpt>
      <trkpt lat="46.41879" lon="4.8871">
        <ele>170.4</ele>
      </trkpt>
      <trkpt lat="46.41845" lon="4.88709">
        <ele>169.3</ele>
      </trkpt>
      <trkpt lat="46.41795" lon="4.88701">
        <ele>169.5</ele>
      </trkpt>
      <trkpt lat="46.4178" lon="4.88696">
        <ele>169.8</ele>
      </trkpt>
      <trkpt lat="46.41763" lon="4.88683">
        <ele>170.4</ele>
      </trkpt>
      <trkpt lat="46.41753" lon="4.88674">
        <ele>170.8</ele>
      </trkpt>
      <trkpt lat="46.41747" lon="4.88671">
        <ele>170.8</ele>
      </trkpt>
      <trkpt lat="46.41736" lon="4.88671">
        <ele>170.6</ele>
      </trkpt>
      <trkpt lat="46.41707" lon="4.88673">
        <ele>169.9</ele>
      </trkpt>
      <trkpt lat="46.41696" lon="4.88672">
        <ele>169.6</ele>
      </trkpt>
      <trkpt lat="46.41634" lon="4.88655">
        <ele>168.9</ele>
      </trkpt>
      <trkpt lat="46.4158" lon="4.88636">
        <ele>169.0</ele>
      </trkpt>
      <trkpt lat="46.41547" lon="4.88624">
        <ele>168.3</ele>
      </trkpt>
      <trkpt lat="46.41499" lon="4.8861">
        <ele>167.0</ele>
      </trkpt>
      <trkpt lat="46.41451" lon="4.88597">
        <ele>168.4</ele>
      </trkpt>
      <trkpt lat="46.41424" lon="4.8859">
        <ele>169.6</ele>
      </trkpt>
      <trkpt lat="46.4135" lon="4.88583">
        <ele>170.0</ele>
      </trkpt>
      <trkpt lat="46.41277" lon="4.88576">
        <ele>171.4</ele>
      </trkpt>
      <trkpt lat="46.41203" lon="4.88568">
        <ele>171.4</ele>
      </trkpt>
      <trkpt lat="46.4119" lon="4.88568">
        <ele>171.3</ele>
      </trkpt>
      <trkpt lat="46.41111" lon="4.88576">
        <ele>170.3</ele>
      </trkpt>
      <trkpt lat="46.41032" lon="4.88584">
        <ele>171.8</ele>
      </trkpt>
      <trkpt lat="46.41007" lon="4.88566">
        <ele>172.5</ele>
      </trkpt>
      <trkpt lat="46.40998" lon="4.88558">
        <ele>172.6</ele>
      </trkpt>
      <trkpt lat="46.40989" lon="4.88563">
        <ele>172.4</ele>
      </trkpt>
      <trkpt lat="46.40978" lon="4.88572">
        <ele>172.0</ele>
      </trkpt>
      <trkpt lat="46.40928" lon="4.88631">
        <ele>169.2</ele>
      </trkpt>
      <trkpt lat="46.40917" lon="4.88643">
        <ele>169.0</ele>
      </trkpt>
      <trkpt lat="46.40903" lon="4.88651">
        <ele>169.1</ele>
      </trkpt>
      <trkpt lat="46.40865" lon="4.88667">
        <ele>169.0</ele>
      </trkpt>
      <trkpt lat="46.40839" lon="4.88674">
        <ele>169.0</ele>
      </trkpt>
      <trkpt lat="46.40799" lon="4.88681">
        <ele>169.3</ele>
      </trkpt>
      <trkpt lat="46.40753" lon="4.88692">
        <ele>169.4</ele>
      </trkpt>
      <trkpt lat="46.40706" lon="4.88703">
        <ele>168.8</ele>
      </trkpt>
      <trkpt lat="46.4068" lon="4.88715">
        <ele>168.5</ele>
      </trkpt>
      <trkpt lat="46.40651" lon="4.88727">
        <ele>168.4</ele>
      </trkpt>
      <trkpt lat="46.40628" lon="4.88733">
        <ele>168.5</ele>
      </trkpt>
      <trkpt lat="46.40606" lon="4.88735">
        <ele>168.6</ele>
      </trkpt>
      <trkpt lat="46.40544" lon="4.88727">
        <ele>168.8</ele>
      </trkpt>
      <trkpt lat="46.40509" lon="4.88721">
        <ele>168.8</ele>
      </trkpt>
      <trkpt lat="46.40482" lon="4.88713">
        <ele>168.7</ele>
      </trkpt>
      <trkpt lat="46.40444" lon="4.88692">
        <ele>168.5</ele>
      </trkpt>
      <trkpt lat="46.4041" lon="4.88667">
        <ele>168.0</ele>
      </trkpt>
      <trkpt lat="46.40378" lon="4.88636">
        <ele>168.7</ele>
      </trkpt>
      <trkpt lat="46.40343" lon="4.88606">
        <ele>170.0</ele>
      </trkpt>
      <trkpt lat="46.40309" lon="4.88581">
        <ele>170.1</ele>
      </trkpt>
      <trkpt lat="46.40275" lon="4.88558">
        <ele>169.0</ele>
      </trkpt>
      <trkpt lat="46.40215" lon="4.88512">
        <ele>168.9</ele>
      </trkpt>
      <trkpt lat="46.4019" lon="4.8849">
        <ele>169.1</ele>
      </trkpt>
      <trkpt lat="46.40168" lon="4.88464">
        <ele>169.4</ele>
      </trkpt>
      <trkpt lat="46.40153" lon="4.88449">
        <ele>169.2</ele>
      </trkpt>
      <trkpt lat="46.40113" lon="4.88421">
        <ele>168.1</ele>
      </trkpt>
      <trkpt lat="46.40042" lon="4.88376">
        <ele>168.0</ele>
      </trkpt>
      <trkpt lat="46.39977" lon="4.88313">
        <ele>168.7</ele>
      </trkpt>
      <trkpt lat="46.39909" lon="4.88251">
        <ele>169.7</ele>
      </trkpt>
      <trkpt lat="46.3984" lon="4.88189">
        <ele>169.2</ele>
      </trkpt>
      <trkpt lat="46.39815" lon="4.8817">
        <ele>169.3</ele>
      </trkpt>
      <trkpt lat="46.39761" lon="4.88132">
        <ele>168.5</ele>
      </trkpt>
      <trkpt lat="46.39718" lon="4.88106">
        <ele>170.0</ele>
      </trkpt>
      <trkpt lat="46.39675" lon="4.88079">
        <ele>172.6</ele>
      </trkpt>
      <trkpt lat="46.39605" lon="4.88039">
        <ele>169.5</ele>
      </trkpt>
      <trkpt lat="46.39531" lon="4.88005">
        <ele>168.1</ele>
      </trkpt>
      <trkpt lat="46.39488" lon="4.87982">
        <ele>166.9</ele>
      </trkpt>
      <trkpt lat="46.39446" lon="4.87957">
        <ele>168.1</ele>
      </trkpt>
      <trkpt lat="46.39404" lon="4.87929">
        <ele>169.9</ele>
      </trkpt>
      <trkpt lat="46.39362" lon="4.87895">
        <ele>168.1</ele>
      </trkpt>
      <trkpt lat="46.39301" lon="4.87836">
        <ele>166.4</ele>
      </trkpt>
      <trkpt lat="46.39241" lon="4.87778">
        <ele>168.2</ele>
      </trkpt>
      <trkpt lat="46.39209" lon="4.87756">
        <ele>167.9</ele>
      </trkpt>
      <trkpt lat="46.39169" lon="4.87704">
        <ele>169.8</ele>
      </trkpt>
      <trkpt lat="46.39155" lon="4.87683">
        <ele>170.5</ele>
      </trkpt>
      <trkpt lat="46.39132" lon="4.87664">
        <ele>170.1</ele>
      </trkpt>
      <trkpt lat="46.39112" lon="4.87643">
        <ele>170.1</ele>
      </trkpt>
      <trkpt lat="46.39093" lon="4.87622">
        <ele>170.6</ele>
      </trkpt>
      <trkpt lat="46.39026" lon="4.87556">
        <ele>170.6</ele>
      </trkpt>
      <trkpt lat="46.39003" lon="4.87536">
        <ele>171.1</ele>
      </trkpt>
      <trkpt lat="46.38951" lon="4.87496">
        <ele>170.1</ele>
      </trkpt>
      <trkpt lat="46.38924" lon="4.87473">
        <ele>169.4</ele>
      </trkpt>
      <trkpt lat="46.38871" lon="4.87422">
        <ele>172.1</ele>
      </trkpt>
      <trkpt lat="46.38856" lon="4.8741">
        <ele>172.4</ele>
      </trkpt>
      <trkpt lat="46.3884" lon="4.87399">
        <ele>172.3</ele>
      </trkpt>
      <trkpt lat="46.38808" lon="4.87382">
        <ele>171.3</ele>
      </trkpt>
      <trkpt lat="46.38782" lon="4.87362">
        <ele>170.8</ele>
      </trkpt>
      <trkpt lat="46.38767" lon="4.87346">
        <ele>170.9</ele>
      </trkpt>
      <trkpt lat="46.38757" lon="4.87339">
        <ele>170.9</ele>
      </trkpt>
      <trkpt lat="46.38751" lon="4.87336">
        <ele>170.9</ele>
      </trkpt>
      <trkpt lat="46.38736" lon="4.87332">
        <ele>170.4</ele>
      </trkpt>
      <trkpt lat="46.38724" lon="4.87327">
        <ele>169.9</ele>
      </trkpt>
      <trkpt lat="46.3864" lon="4.87287">
        <ele>170.9</ele>
      </trkpt>
      <trkpt lat="46.38603" lon="4.87272">
        <ele>173.1</ele>
      </trkpt>
      <trkpt lat="46.38585" lon="4.8726">
        <ele>174.9</ele>
      </trkpt>
      <trkpt lat="46.3857" lon="4.87244">
        <ele>174.6</ele>
      </trkpt>
      <trkpt lat="46.38538" lon="4.8722">
        <ele>172.1</ele>
      </trkpt>
      <trkpt lat="46.38497" lon="4.87202">
        <ele>169.8</ele>
      </trkpt>
      <trkpt lat="46.38437" lon="4.87162">
        <ele>171.2</ele>
      </trkpt>
      <trkpt lat="46.38376" lon="4.87121">
        <ele>170.6</ele>
      </trkpt>
      <trkpt lat="46.38352" lon="4.87106">
        <ele>171.7</ele>
      </trkpt>
      <trkpt lat="46.38337" lon="4.87095">
        <ele>172.9</ele>
      </trkpt>
      <trkpt lat="46.38327" lon="4.87083">
        <ele>173.5</ele>
      </trkpt>
      <trkpt lat="46.38274" lon="4.87038">
        <ele>169.9</ele>
      </trkpt>
      <trkpt lat="46.38236" lon="4.87002">
        <ele>169.4</ele>
      </trkpt>
      <trkpt lat="46.38192" lon="4.86955">
        <ele>170.3</ele>
      </trkpt>
      <trkpt lat="46.38158" lon="4.86917">
        <ele>172.4</ele>
      </trkpt>
      <trkpt lat="46.38127" lon="4.86878">
        <ele>170.8</ele>
      </trkpt>
      <trkpt lat="46.38063" lon="4.86813">
        <ele>171.0</ele>
      </trkpt>
      <trkpt lat="46.37997" lon="4.86758">
        <ele>173.1</ele>
      </trkpt>
      <trkpt lat="46.37964" lon="4.86727">
        <ele>171.5</ele>
      </trkpt>
      <trkpt lat="46.37925" lon="4.86687">
        <ele>172.3</ele>
      </trkpt>
      <trkpt lat="46.37896" lon="4.86656">
        <ele>172.3</ele>
      </trkpt>
      <trkpt lat="46.3784" lon="4.86609">
        <ele>170.6</ele>
      </trkpt>
      <trkpt lat="46.37784" lon="4.86562">
        <ele>169.9</ele>
      </trkpt>
      <trkpt lat="46.37712" lon="4.86511">
        <ele>169.4</ele>
      </trkpt>
      <trkpt lat="46.37646" lon="4.86457">
        <ele>169.2</ele>
      </trkpt>
      <trkpt lat="46.37612" lon="4.86417">
        <ele>171.6</ele>
      </trkpt>
      <trkpt lat="46.37574" lon="4.86382">
        <ele>172.6</ele>
      </trkpt>
      <trkpt lat="46.37563" lon="4.86368">
        <ele>172.1</ele>
      </trkpt>
      <trkpt lat="46.37544" lon="4.86351">
        <ele>170.9</ele>
      </trkpt>
      <trkpt lat="46.37514" lon="4.86332">
        <ele>168.5</ele>
      </trkpt>
      <trkpt lat="46.37478" lon="4.86297">
        <ele>170.3</ele>
      </trkpt>
      <trkpt lat="46.37419" lon="4.86245">
        <ele>173.3</ele>
      </trkpt>
      <trkpt lat="46.3736" lon="4.86192">
        <ele>173.3</ele>
      </trkpt>
      <trkpt lat="46.37305" lon="4.86132">
        <ele>173.2</ele>
      </trkpt>
      <trkpt lat="46.37275" lon="4.86104">
        <ele>172.3</ele>
      </trkpt>
      <trkpt lat="46.372" lon="4.86037">
        <ele>171.1</ele>
      </trkpt>
      <trkpt lat="46.37156" lon="4.85996">
        <ele>171.5</ele>
      </trkpt>
      <trkpt lat="46.37113" lon="4.85955">
        <ele>170.2</ele>
      </trkpt>
      <trkpt lat="46.37071" lon="4.85922">
        <ele>170.1</ele>
      </trkpt>
      <trkpt lat="46.37029" lon="4.8589">
        <ele>172.2</ele>
      </trkpt>
      <trkpt lat="46.36985" lon="4.85856">
        <ele>172.2</ele>
      </trkpt>
      <trkpt lat="46.36942" lon="4.85822">
        <ele>172.0</ele>
      </trkpt>
      <trkpt lat="46.36862" lon="4.85765">
        <ele>171.6</ele>
      </trkpt>
      <trkpt lat="46.36843" lon="4.85748">
        <ele>172.2</ele>
      </trkpt>
      <trkpt lat="46.36792" lon="4.85713">
        <ele>171.5</ele>
      </trkpt>
      <trkpt lat="46.3674" lon="4.85679">
        <ele>172.8</ele>
      </trkpt>
      <trkpt lat="46.36684" lon="4.85638">
        <ele>173.6</ele>
      </trkpt>
      <trkpt lat="46.36629" lon="4.85598">
        <ele>174.8</ele>
      </trkpt>
      <trkpt lat="46.36586" lon="4.85562">
        <ele>178.0</ele>
      </trkpt>
      <trkpt lat="46.36528" lon="4.85512">
        <ele>179.5</ele>
      </trkpt>
      <trkpt lat="46.36486" lon="4.85478">
        <ele>180.2</ele>
      </trkpt>
      <trkpt lat="46.36437" lon="4.85443">
        <ele>177.4</ele>
      </trkpt>
      <trkpt lat="46.36376" lon="4.85402">
        <ele>178.2</ele>
      </trkpt>
      <trkpt lat="46.36324" lon="4.85378">
        <ele>177.6</ele>
      </trkpt>
      <trkpt lat="46.36273" lon="4.85354">
        <ele>175.8</ele>
      </trkpt>
      <trkpt lat="46.36189" lon="4.85325">
        <ele>175.1</ele>
      </trkpt>
      <trkpt lat="46.36186" lon="4.85321">
        <ele>175.1</ele>
      </trkpt>
      <trkpt lat="46.36177" lon="4.85321">
        <ele>174.7</ele>
      </trkpt>
      <trkpt lat="46.36164" lon="4.85317">
        <ele>174.4</ele>
      </trkpt>
      <trkpt lat="46.36126" lon="4.85302">
        <ele>174.3</ele>
      </trkpt>
      <trkpt lat="46.36071" lon="4.85284">
        <ele>173.5</ele>
      </trkpt>
      <trkpt lat="46.36059" lon="4.85286">
        <ele>172.7</ele>
      </trkpt>
      <trkpt lat="46.36048" lon="4.85284">
        <ele>172.1</ele>
      </trkpt>
      <trkpt lat="46.35997" lon="4.85259">
        <ele>170.7</ele>
      </trkpt>
      <trkpt lat="46.35945" lon="4.85227">
        <ele>173.7</ele>
      </trkpt>
      <trkpt lat="46.35932" lon="4.85212">
        <ele>173.7</ele>
      </trkpt>
      <trkpt lat="46.35867" lon="4.85169">
        <ele>174.3</ele>
      </trkpt>
      <trkpt lat="46.35802" lon="4.85126">
        <ele>172.0</ele>
      </trkpt>
      <trkpt lat="46.35765" lon="4.85106">
        <ele>169.9</ele>
      </trkpt>
      <trkpt lat="46.357" lon="4.85067">
        <ele>168.8</ele>
      </trkpt>
      <trkpt lat="46.35637" lon="4.85034">
        <ele>169.8</ele>
      </trkpt>
      <trkpt lat="46.3559" lon="4.85017">
        <ele>171.6</ele>
      </trkpt>
      <trkpt lat="46.35543" lon="4.85">
        <ele>172.5</ele>
      </trkpt>
      <trkpt lat="46.35524" lon="4.84995">
        <ele>172.4</ele>
      </trkpt>
      <trkpt lat="46.35463" lon="4.84986">
        <ele>172.9</ele>
      </trkpt>
      <trkpt lat="46.35401" lon="4.84977">
        <ele>173.4</ele>
      </trkpt>
      <trkpt lat="46.35347" lon="4.84974">
        <ele>172.8</ele>
      </trkpt>
      <trkpt lat="46.35305" lon="4.84977">
        <ele>173.1</ele>
      </trkpt>
      <trkpt lat="46.35283" lon="4.84976">
        <ele>173.6</ele>
      </trkpt>
      <trkpt lat="46.35274" lon="4.84974">
        <ele>173.8</ele>
      </trkpt>
      <trkpt lat="46.35248" lon="4.84974">
        <ele>174.4</ele>
      </trkpt>
      <trkpt lat="46.35235" lon="4.84978">
        <ele>174.8</ele>
      </trkpt>
      <trkpt lat="46.35215" lon="4.84986">
        <ele>175.4</ele>
      </trkpt>
      <trkpt lat="46.35171" lon="4.84997">
        <ele>177.0</ele>
      </trkpt>
      <trkpt lat="46.35101" lon="4.8501">
        <ele>176.5</ele>
      </trkpt>
      <trkpt lat="46.35043" lon="4.85023">
        <ele>174.6</ele>
      </trkpt>
      <trkpt lat="46.34984" lon="4.85037">
        <ele>172.4</ele>
      </trkpt>
      <trkpt lat="46.34916" lon="4.85046">
        <ele>170.7</ele>
      </trkpt>
      <trkpt lat="46.34869" lon="4.85052">
        <ele>173.6</ele>
      </trkpt>
      <trkpt lat="46.34823" lon="4.85059">
        <ele>176.2</ele>
      </trkpt>
      <trkpt lat="46.34775" lon="4.85073">
        <ele>175.9</ele>
      </trkpt>
      <trkpt lat="46.34727" lon="4.85086">
        <ele>175.4</ele>
      </trkpt>
      <trkpt lat="46.34685" lon="4.85097">
        <ele>173.9</ele>
      </trkpt>
      <trkpt lat="46.34654" lon="4.85099">
        <ele>173.1</ele>
      </trkpt>
      <trkpt lat="46.34564" lon="4.851">
        <ele>170.5</ele>
      </trkpt>
      <trkpt lat="46.345" lon="4.85104">
        <ele>168.5</ele>
      </trkpt>
      <trkpt lat="46.34436" lon="4.85107">
        <ele>169.4</ele>
      </trkpt>
      <trkpt lat="46.3439" lon="4.85112">
        <ele>169.9</ele>
      </trkpt>
      <trkpt lat="46.34344" lon="4.85117">
        <ele>170.3</ele>
      </trkpt>
      <trkpt lat="46.34263" lon="4.85118">
        <ele>170.8</ele>
      </trkpt>
      <trkpt lat="46.34214" lon="4.85114">
        <ele>169.7</ele>
      </trkpt>
      <trkpt lat="46.34184" lon="4.8511">
        <ele>168.8</ele>
      </trkpt>
      <trkpt lat="46.34111" lon="4.85096">
        <ele>169.3</ele>
      </trkpt>
      <trkpt lat="46.34037" lon="4.85082">
        <ele>171.1</ele>
      </trkpt>
      <trkpt lat="46.33964" lon="4.85068">
        <ele>173.6</ele>
      </trkpt>
      <trkpt lat="46.33945" lon="4.85077">
        <ele>174.2</ele>
      </trkpt>
      <trkpt lat="46.33926" lon="4.85082">
        <ele>174.7</ele>
      </trkpt>
      <trkpt lat="46.33868" lon="4.85082">
        <ele>172.7</ele>
      </trkpt>
      <trkpt lat="46.33793" lon="4.85073">
        <ele>171.1</ele>
      </trkpt>
      <trkpt lat="46.33719" lon="4.85064">
        <ele>170.9</ele>
      </trkpt>
      <trkpt lat="46.3368" lon="4.8506">
        <ele>170.8</ele>
      </trkpt>
      <trkpt lat="46.33659" lon="4.85065">
        <ele>170.8</ele>
      </trkpt>
      <trkpt lat="46.33627" lon="4.85054">
        <ele>170.5</ele>
      </trkpt>
      <trkpt lat="46.33543" lon="4.85051">
        <ele>171.0</ele>
      </trkpt>
      <trkpt lat="46.33454" lon="4.85062">
        <ele>172.8</ele>
      </trkpt>
      <trkpt lat="46.33365" lon="4.85073">
        <ele>172.0</ele>
      </trkpt>
      <trkpt lat="46.3329" lon="4.85081">
        <ele>171.0</ele>
      </trkpt>
      <trkpt lat="46.33214" lon="4.8509">
        <ele>170.3</ele>
      </trkpt>
      <trkpt lat="46.33169" lon="4.85088">
        <ele>169.9</ele>
      </trkpt>
      <trkpt lat="46.33115" lon="4.85083">
        <ele>169.4</ele>
      </trkpt>
      <trkpt lat="46.33062" lon="4.85079">
        <ele>169.8</ele>
      </trkpt>
      <trkpt lat="46.3299" lon="4.85066">
        <ele>171.8</ele>
      </trkpt>
      <trkpt lat="46.32919" lon="4.85052">
        <ele>172.0</ele>
      </trkpt>
      <trkpt lat="46.32849" lon="4.85025">
        <ele>170.2</ele>
      </trkpt>
      <trkpt lat="46.32816" lon="4.84963">
        <ele>171.4</ele>
      </trkpt>
      <trkpt lat="46.32783" lon="4.84901">
        <ele>170.5</ele>
      </trkpt>
      <trkpt lat="46.32761" lon="4.84865">
        <ele>169.6</ele>
      </trkpt>
      <trkpt lat="46.32701" lon="4.84806">
        <ele>169.0</ele>
      </trkpt>
      <trkpt lat="46.32662" lon="4.84738">
        <ele>169.3</ele>
      </trkpt>
      <trkpt lat="46.32622" lon="4.84676">
        <ele>171.0</ele>
      </trkpt>
      <trkpt lat="46.32597" lon="4.84589">
        <ele>171.7</ele>
      </trkpt>
      <trkpt lat="46.32574" lon="4.845">
        <ele>171.9</ele>
      </trkpt>
      <trkpt lat="46.32549" lon="4.84504">
        <ele>171.6</ele>
      </trkpt>
      <trkpt lat="46.32544" lon="4.84502">
        <ele>171.5</ele>
      </trkpt>
      <trkpt lat="46.32541" lon="4.84502">
        <ele>171.5</ele>
      </trkpt>
      <trkpt lat="46.32539" lon="4.84503">
        <ele>171.5</ele>
      </trkpt>
      <trkpt lat="46.3253" lon="4.84503">
        <ele>171.4</ele>
      </trkpt>
      <trkpt lat="46.32531" lon="4.84499">
        <ele>171.4</ele>
      </trkpt>
      <trkpt lat="46.3253" lon="4.84494">
        <ele>171.4</ele>
      </trkpt>
      <trkpt lat="46.32448" lon="4.84489">
        <ele>172.2</ele>
      </trkpt>
      <trkpt lat="46.32365" lon="4.84484">
        <ele>172.3</ele>
      </trkpt>
      <trkpt lat="46.32283" lon="4.84479">
        <ele>171.5</ele>
      </trkpt>
      <trkpt lat="46.32216" lon="4.84479">
        <ele>171.8</ele>
      </trkpt>
      <trkpt lat="46.32173" lon="4.84485">
        <ele>172.3</ele>
      </trkpt>
      <trkpt lat="46.32162" lon="4.84489">
        <ele>172.3</ele>
      </trkpt>
      <trkpt lat="46.32159" lon="4.84493">
        <ele>172.2</ele>
      </trkpt>
      <trkpt lat="46.32159" lon="4.84499">
        <ele>172.1</ele>
      </trkpt>
      <trkpt lat="46.32158" lon="4.84502">
        <ele>172.1</ele>
      </trkpt>
      <trkpt lat="46.32144" lon="4.8452">
        <ele>172.9</ele>
      </trkpt>
      <trkpt lat="46.32135" lon="4.84536">
        <ele>173.8</ele>
      </trkpt>
      <trkpt lat="46.32127" lon="4.84555">
        <ele>175.0</ele>
      </trkpt>
      <trkpt lat="46.32117" lon="4.84586">
        <ele>177.0</ele>
      </trkpt>
      <trkpt lat="46.32053" lon="4.84536">
        <ele>175.2</ele>
      </trkpt>
      <trkpt lat="46.31989" lon="4.84486">
        <ele>176.6</ele>
      </trkpt>
      <trkpt lat="46.31926" lon="4.84437">
        <ele>172.5</ele>
      </trkpt>
      <trkpt lat="46.31854" lon="4.84366">
        <ele>171.5</ele>
      </trkpt>
      <trkpt lat="46.31783" lon="4.84296">
        <ele>171.4</ele>
      </trkpt>
      <trkpt lat="46.31712" lon="4.84226">
        <ele>170.9</ele>
      </trkpt>
      <trkpt lat="46.31699" lon="4.84215">
        <ele>170.6</ele>
      </trkpt>
      <trkpt lat="46.31659" lon="4.84181">
        <ele>172.1</ele>
      </trkpt>
      <trkpt lat="46.31616" lon="4.84155">
        <ele>175.7</ele>
      </trkpt>
      <trkpt lat="46.31559" lon="4.84123">
        <ele>175.4</ele>
      </trkpt>
      <trkpt lat="46.31516" lon="4.84095">
        <ele>178.2</ele>
      </trkpt>
      <trkpt lat="46.31472" lon="4.84068">
        <ele>176.2</ele>
      </trkpt>
      <trkpt lat="46.31413" lon="4.84023">
        <ele>174.6</ele>
      </trkpt>
      <trkpt lat="46.31396" lon="4.84008">
        <ele>174.5</ele>
      </trkpt>
      <trkpt lat="46.3135" lon="4.83991">
        <ele>170.1</ele>
      </trkpt>
      <trkpt lat="46.31336" lon="4.83997">
        <ele>167.8</ele>
      </trkpt>
      <trkpt lat="46.31304" lon="4.83986">
        <ele>168.8</ele>
      </trkpt>
      <trkpt lat="46.31277" lon="4.83972">
        <ele>170.6</ele>
      </trkpt>
      <trkpt lat="46.31228" lon="4.83935">
        <ele>173.3</ele>
      </trkpt>
      <trkpt lat="46.31179" lon="4.83899">
        <ele>170.4</ele>
      </trkpt>
      <trkpt lat="46.31135" lon="4.83861">
        <ele>171.1</ele>
      </trkpt>
      <trkpt lat="46.31109" lon="4.8385">
        <ele>169.4</ele>
      </trkpt>
      <trkpt lat="46.31051" lon="4.83827">
        <ele>167.5</ele>
      </trkpt>
      <trkpt lat="46.30992" lon="4.83805">
        <ele>170.1</ele>
      </trkpt>
      <trkpt lat="46.3098" lon="4.838">
        <ele>170.6</ele>
      </trkpt>
      <trkpt lat="46.30962" lon="4.83805">
        <ele>170.1</ele>
      </trkpt>
      <trkpt lat="46.3092" lon="4.83789">
        <ele>171.8</ele>
      </trkpt>
      <trkpt lat="46.30903" lon="4.8377">
        <ele>173.5</ele>
      </trkpt>
      <trkpt lat="46.30895" lon="4.83767">
        <ele>173.7</ele>
      </trkpt>
      <trkpt lat="46.30848" lon="4.83749">
        <ele>174.4</ele>
      </trkpt>
      <trkpt lat="46.30801" lon="4.83732">
        <ele>172.9</ele>
      </trkpt>
      <trkpt lat="46.30775" lon="4.8372">
        <ele>172.4</ele>
      </trkpt>
      <trkpt lat="46.30727" lon="4.83703">
        <ele>173.6</ele>
      </trkpt>
      <trkpt lat="46.30725" lon="4.83707">
        <ele>173.1</ele>
      </trkpt>
      <trkpt lat="46.30679" lon="4.83689">
        <ele>176.9</ele>
      </trkpt>
      <trkpt lat="46.30632" lon="4.83671">
        <ele>174.8</ele>
      </trkpt>
      <trkpt lat="46.30607" lon="4.8366">
        <ele>171.9</ele>
      </trkpt>
      <trkpt lat="46.30562" lon="4.83621">
        <ele>173.1</ele>
      </trkpt>
      <trkpt lat="46.30517" lon="4.83583">
        <ele>170.0</ele>
      </trkpt>
      <trkpt lat="46.30501" lon="4.83567">
        <ele>169.0</ele>
      </trkpt>
      <trkpt lat="46.30459" lon="4.83531">
        <ele>172.9</ele>
      </trkpt>
      <trkpt lat="46.30416" lon="4.83495">
        <ele>176.1</ele>
      </trkpt>
      <trkpt lat="46.3039" lon="4.83473">
        <ele>174.4</ele>
      </trkpt>
      <trkpt lat="46.30345" lon="4.83437">
        <ele>173.7</ele>
      </trkpt>
      <trkpt lat="46.30301" lon="4.83401">
        <ele>172.7</ele>
      </trkpt>
      <trkpt lat="46.30238" lon="4.83345">
        <ele>174.3</ele>
      </trkpt>
      <trkpt lat="46.30176" lon="4.8329">
        <ele>171.8</ele>
      </trkpt>
      <trkpt lat="46.30171" lon="4.83289">
        <ele>171.6</ele>
      </trkpt>
      <trkpt lat="46.30157" lon="4.83288">
        <ele>171.8</ele>
      </trkpt>
      <trkpt lat="46.30154" lon="4.83287">
        <ele>172.0</ele>
      </trkpt>
      <trkpt lat="46.30145" lon="4.8328">
        <ele>173.2</ele>
      </trkpt>
      <trkpt lat="46.30104" lon="4.83244">
        <ele>179.2</ele>
      </trkpt>
      <trkpt lat="46.30063" lon="4.83209">
        <ele>176.6</ele>
      </trkpt>
      <trkpt lat="46.29987" lon="4.83168">
        <ele>177.2</ele>
      </trkpt>
      <trkpt lat="46.29911" lon="4.83126">
        <ele>177.1</ele>
      </trkpt>
      <trkpt lat="46.29905" lon="4.83109">
        <ele>176.3</ele>
      </trkpt>
      <trkpt lat="46.29854" lon="4.83084">
        <ele>175.2</ele>
      </trkpt>
      <trkpt lat="46.29803" lon="4.83058">
        <ele>174.5</ele>
      </trkpt>
      <trkpt lat="46.29801" lon="4.83066">
        <ele>174.2</ele>
      </trkpt>
      <trkpt lat="46.29798" lon="4.83072">
        <ele>174.0</ele>
      </trkpt>
      <trkpt lat="46.29795" lon="4.83075">
        <ele>173.8</ele>
      </trkpt>
      <trkpt lat="46.29791" lon="4.83075">
        <ele>173.7</ele>
      </trkpt>
      <trkpt lat="46.2977" lon="4.83068">
        <ele>173.1</ele>
      </trkpt>
      <trkpt lat="46.29761" lon="4.8307">
        <ele>172.7</ele>
      </trkpt>
      <trkpt lat="46.29754" lon="4.8307">
        <ele>172.5</ele>
      </trkpt>
      <trkpt lat="46.29737" lon="4.83061">
        <ele>172.0</ele>
      </trkpt>
      <trkpt lat="46.29725" lon="4.83051">
        <ele>172.1</ele>
      </trkpt>
      <trkpt lat="46.29717" lon="4.83047">
        <ele>172.1</ele>
      </trkpt>
      <trkpt lat="46.29701" lon="4.83041">
        <ele>172.2</ele>
      </trkpt>
      <trkpt lat="46.29693" lon="4.83036">
        <ele>172.4</ele>
      </trkpt>
      <trkpt lat="46.2969" lon="4.8303">
        <ele>172.9</ele>
      </trkpt>
      <trkpt lat="46.29689" lon="4.83022">
        <ele>173.6</ele>
      </trkpt>
      <trkpt lat="46.29691" lon="4.83009">
        <ele>174.7</ele>
      </trkpt>
      <trkpt lat="46.29721" lon="4.83022">
        <ele>173.5</ele>
      </trkpt>
      <trkpt lat="46.2974" lon="4.83029">
        <ele>173.2</ele>
      </trkpt>
      <trkpt lat="46.29743" lon="4.83031">
        <ele>173.2</ele>
      </trkpt>
      <trkpt lat="46.29746" lon="4.83036">
        <ele>173.1</ele>
      </trkpt>
      <trkpt lat="46.29748" lon="4.8304">
        <ele>173.0</ele>
      </trkpt>
      <trkpt lat="46.29748" lon="4.83051">
        <ele>172.7</ele>
      </trkpt>
      <trkpt lat="46.29747" lon="4.83063">
        <ele>172.3</ele>
      </trkpt>
      <trkpt lat="46.29738" lon="4.83157">
        <ele>167.5</ele>
      </trkpt>
      <trkpt lat="46.2973" lon="4.8325">
        <ele>167.0</ele>
      </trkpt>
      <trkpt lat="46.29722" lon="4.83344">
        <ele>169.2</ele>
      </trkpt>
      <trkpt lat="46.29715" lon="4.834">
        <ele>170.0</ele>
      </trkpt>
      <trkpt lat="46.29709" lon="4.83403">
        <ele>170.0</ele>
      </trkpt>
      <trkpt lat="46.29704" lon="4.83409">
        <ele>169.9</ele>
      </trkpt>
      <trkpt lat="46.297" lon="4.83418">
        <ele>169.8</ele>
      </trkpt>
      <trkpt lat="46.29698" lon="4.83429">
        <ele>169.7</ele>
      </trkpt>
      <trkpt lat="46.2969" lon="4.83435">
        <ele>169.6</ele>
      </trkpt>
      <trkpt lat="46.29651" lon="4.83453">
        <ele>169.6</ele>
      </trkpt>
      <trkpt lat="46.29623" lon="4.83462">
        <ele>170.1</ele>
      </trkpt>
      <trkpt lat="46.29613" lon="4.83459">
        <ele>170.2</ele>
      </trkpt>
      <trkpt lat="46.29601" lon="4.83463">
        <ele>170.3</ele>
      </trkpt>
      <trkpt lat="46.29559" lon="4.83477">
        <ele>170.9</ele>
      </trkpt>
      <trkpt lat="46.29521" lon="4.83493">
        <ele>171.5</ele>
      </trkpt>
      <trkpt lat="46.29497" lon="4.83507">
        <ele>171.9</ele>
      </trkpt>
      <trkpt lat="46.29477" lon="4.83521">
        <ele>171.8</ele>
      </trkpt>
      <trkpt lat="46.29434" lon="4.83557">
        <ele>171.9</ele>
      </trkpt>
      <trkpt lat="46.29377" lon="4.83603">
        <ele>172.6</ele>
      </trkpt>
      <trkpt lat="46.29321" lon="4.8365">
        <ele>172.6</ele>
      </trkpt>
      <trkpt lat="46.29274" lon="4.83687">
        <ele>171.3</ele>
      </trkpt>
      <trkpt lat="46.29241" lon="4.8371">
        <ele>170.4</ele>
      </trkpt>
      <trkpt lat="46.29215" lon="4.8372">
        <ele>170.1</ele>
      </trkpt>
      <trkpt lat="46.29184" lon="4.83725">
        <ele>169.7</ele>
      </trkpt>
      <trkpt lat="46.2916" lon="4.83724">
        <ele>169.6</ele>
      </trkpt>
      <trkpt lat="46.29145" lon="4.83721">
        <ele>169.4</ele>
      </trkpt>
      <trkpt lat="46.2913" lon="4.83715">
        <ele>169.3</ele>
      </trkpt>
      <trkpt lat="46.29101" lon="4.837">
        <ele>168.8</ele>
      </trkpt>
      <trkpt lat="46.29084" lon="4.83684">
        <ele>168.2</ele>
      </trkpt>
      <trkpt lat="46.29075" lon="4.83676">
        <ele>168.2</ele>
      </trkpt>
      <trkpt lat="46.29059" lon="4.83656">
        <ele>168.6</ele>
      </trkpt>
      <trkpt lat="46.29042" lon="4.83629">
        <ele>169.2</ele>
      </trkpt>
      <trkpt lat="46.29034" lon="4.83613">
        <ele>169.4</ele>
      </trkpt>
      <trkpt lat="46.29026" lon="4.83594">
        <ele>169.5</ele>
      </trkpt>
      <trkpt lat="46.29017" lon="4.83569">
        <ele>169.5</ele>
      </trkpt>
      <trkpt lat="46.28983" lon="4.83456">
        <ele>168.7</ele>
      </trkpt>
      <trkpt lat="46.28949" lon="4.83344">
        <ele>166.9</ele>
      </trkpt>
      <trkpt lat="46.28942" lon="4.83326">
        <ele>166.8</ele>
      </trkpt>
      <trkpt lat="46.28928" lon="4.83296">
        <ele>167.5</ele>
      </trkpt>
      <trkpt lat="46.28899" lon="4.83245">
        <ele>169.1</ele>
      </trkpt>
      <trkpt lat="46.28892" lon="4.83233">
        <ele>169.1</ele>
      </trkpt>
      <trkpt lat="46.28887" lon="4.83227">
        <ele>169.2</ele>
      </trkpt>
      <trkpt lat="46.28881" lon="4.8324">
        <ele>169.4</ele>
      </trkpt>
      <trkpt lat="46.28861" lon="4.83221">
        <ele>169.9</ele>
      </trkpt>
      <trkpt lat="46.28843" lon="4.83207">
        <ele>170.7</ele>
      </trkpt>
      <trkpt lat="46.2883" lon="4.832">
        <ele>171.2</ele>
      </trkpt>
      <trkpt lat="46.28777" lon="4.83179">
        <ele>171.1</ele>
      </trkpt>
      <trkpt lat="46.28724" lon="4.83159">
        <ele>170.8</ele>
      </trkpt>
      <trkpt lat="46.28682" lon="4.83141">
        <ele>171.5</ele>
      </trkpt>
      <trkpt lat="46.28667" lon="4.83131">
        <ele>172.3</ele>
      </trkpt>
      <trkpt lat="46.28651" lon="4.83119">
        <ele>172.7</ele>
      </trkpt>
      <trkpt lat="46.28618" lon="4.83083">
        <ele>173.4</ele>
      </trkpt>
      <trkpt lat="46.28603" lon="4.83072">
        <ele>172.4</ele>
      </trkpt>
      <trkpt lat="46.28588" lon="4.83064">
        <ele>171.6</ele>
      </trkpt>
      <trkpt lat="46.28575" lon="4.8306">
        <ele>171.2</ele>
      </trkpt>
      <trkpt lat="46.28556" lon="4.83057">
        <ele>170.7</ele>
      </trkpt>
      <trkpt lat="46.28547" lon="4.83057">
        <ele>170.5</ele>
      </trkpt>
      <trkpt lat="46.28498" lon="4.83063">
        <ele>170.0</ele>
      </trkpt>
      <trkpt lat="46.28461" lon="4.83062">
        <ele>170.1</ele>
      </trkpt>
      <trkpt lat="46.28386" lon="4.83037">
        <ele>169.6</ele>
      </trkpt>
      <trkpt lat="46.2831" lon="4.83013">
        <ele>168.3</ele>
      </trkpt>
      <trkpt lat="46.28234" lon="4.82989">
        <ele>168.3</ele>
      </trkpt>
      <trkpt lat="46.28173" lon="4.82975">
        <ele>168.1</ele>
      </trkpt>
      <trkpt lat="46.28113" lon="4.82962">
        <ele>169.2</ele>
      </trkpt>
      <trkpt lat="46.28052" lon="4.82948">
        <ele>170.5</ele>
      </trkpt>
      <trkpt lat="46.27985" lon="4.82934">
        <ele>170.9</ele>
      </trkpt>
      <trkpt lat="46.27918" lon="4.82921">
        <ele>169.0</ele>
      </trkpt>
      <trkpt lat="46.27851" lon="4.82907">
        <ele>171.4</ele>
      </trkpt>
      <trkpt lat="46.27784" lon="4.82893">
        <ele>172.3</ele>
      </trkpt>
      <trkpt lat="46.27765" lon="4.82888">
        <ele>172.3</ele>
      </trkpt>
      <trkpt lat="46.27758" lon="4.82891">
        <ele>172.3</ele>
      </trkpt>
      <trkpt lat="46.27739" lon="4.82912">
        <ele>172.9</ele>
      </trkpt>
      <trkpt lat="46.27734" lon="4.82903">
        <ele>172.7</ele>
      </trkpt>
      <trkpt lat="46.27724" lon="4.82893">
        <ele>172.5</ele>
      </trkpt>
      <trkpt lat="46.27719" lon="4.82889">
        <ele>172.5</ele>
      </trkpt>
      <trkpt lat="46.2771" lon="4.82886">
        <ele>172.4</ele>
      </trkpt>
      <trkpt lat="46.27697" lon="4.82884">
        <ele>172.5</ele>
      </trkpt>
      <trkpt lat="46.27678" lon="4.82879">
        <ele>172.5</ele>
      </trkpt>
      <trkpt lat="46.27643" lon="4.82864">
        <ele>172.3</ele>
      </trkpt>
      <trkpt lat="46.27622" lon="4.82856">
        <ele>172.1</ele>
      </trkpt>
      <trkpt lat="46.27591" lon="4.8284">
        <ele>172.0</ele>
      </trkpt>
      <trkpt lat="46.27557" lon="4.82821">
        <ele>170.5</ele>
      </trkpt>
      <trkpt lat="46.27532" lon="4.82804">
        <ele>169.0</ele>
      </trkpt>
      <trkpt lat="46.27517" lon="4.82787">
        <ele>168.2</ele>
      </trkpt>
      <trkpt lat="46.27496" lon="4.82776">
        <ele>167.7</ele>
      </trkpt>
      <trkpt lat="46.27483" lon="4.82764">
        <ele>167.5</ele>
      </trkpt>
      <trkpt lat="46.27461" lon="4.82741">
        <ele>167.4</ele>
      </trkpt>
      <trkpt lat="46.27452" lon="4.82733">
        <ele>167.5</ele>
      </trkpt>
      <trkpt lat="46.2744" lon="4.82719">
        <ele>167.5</ele>
      </trkpt>
      <trkpt lat="46.27375" lon="4.82683">
        <ele>167.2</ele>
      </trkpt>
      <trkpt lat="46.27332" lon="4.82673">
        <ele>167.1</ele>
      </trkpt>
      <trkpt lat="46.27313" lon="4.82665">
        <ele>166.8</ele>
      </trkpt>
      <trkpt lat="46.27259" lon="4.82624">
        <ele>168.4</ele>
      </trkpt>
      <trkpt lat="46.27205" lon="4.82583">
        <ele>171.0</ele>
      </trkpt>
      <trkpt lat="46.27182" lon="4.82561">
        <ele>169.9</ele>
      </trkpt>
      <trkpt lat="46.27136" lon="4.82513">
        <ele>167.5</ele>
      </trkpt>
      <trkpt lat="46.27102" lon="4.8248">
        <ele>167.0</ele>
      </trkpt>
      <trkpt lat="46.27046" lon="4.82443">
        <ele>167.3</ele>
      </trkpt>
      <trkpt lat="46.26974" lon="4.82388">
        <ele>168.2</ele>
      </trkpt>
      <trkpt lat="46.26905" lon="4.82327">
        <ele>167.5</ele>
      </trkpt>
      <trkpt lat="46.26859" lon="4.82282">
        <ele>168.1</ele>
      </trkpt>
      <trkpt lat="46.26812" lon="4.82236">
        <ele>167.4</ele>
      </trkpt>
      <trkpt lat="46.2675" lon="4.82164">
        <ele>167.0</ele>
      </trkpt>
      <trkpt lat="46.26689" lon="4.82091">
        <ele>167.2</ele>
      </trkpt>
      <trkpt lat="46.26655" lon="4.82056">
        <ele>167.4</ele>
      </trkpt>
      <trkpt lat="46.26593" lon="4.81975">
        <ele>167.0</ele>
      </trkpt>
      <trkpt lat="46.26531" lon="4.81895">
        <ele>168.4</ele>
      </trkpt>
      <trkpt lat="46.26469" lon="4.81814">
        <ele>167.6</ele>
      </trkpt>
      <trkpt lat="46.26425" lon="4.81884">
        <ele>169.0</ele>
      </trkpt>
      <trkpt lat="46.26381" lon="4.81954">
        <ele>167.5</ele>
      </trkpt>
      <trkpt lat="46.26347" lon="4.81927">
        <ele>166.7</ele>
      </trkpt>
      <trkpt lat="46.26328" lon="4.81918">
        <ele>166.4</ele>
      </trkpt>
      <trkpt lat="46.26314" lon="4.81916">
        <ele>167.1</ele>
      </trkpt>
      <trkpt lat="46.26289" lon="4.81917">
        <ele>168.7</ele>
      </trkpt>
      <trkpt lat="46.2628" lon="4.81914">
        <ele>169.2</ele>
      </trkpt>
      <trkpt lat="46.26271" lon="4.81907">
        <ele>169.5</ele>
      </trkpt>
      <trkpt lat="46.26264" lon="4.81897">
        <ele>169.7</ele>
      </trkpt>
      <trkpt lat="46.26255" lon="4.81879">
        <ele>169.8</ele>
      </trkpt>
      <trkpt lat="46.26249" lon="4.81855">
        <ele>169.6</ele>
      </trkpt>
      <trkpt lat="46.2623" lon="4.81754">
        <ele>169.5</ele>
      </trkpt>
      <trkpt lat="46.26222" lon="4.8174">
        <ele>170.1</ele>
      </trkpt>
      <trkpt lat="46.26202" lon="4.81711">
        <ele>171.1</ele>
      </trkpt>
      <trkpt lat="46.26191" lon="4.81702">
        <ele>171.3</ele>
      </trkpt>
      <trkpt lat="46.26186" lon="4.81699">
        <ele>171.5</ele>
      </trkpt>
      <trkpt lat="46.26177" lon="4.81697">
        <ele>171.8</ele>
      </trkpt>
      <trkpt lat="46.26172" lon="4.81674">
        <ele>171.2</ele>
      </trkpt>
      <trkpt lat="46.26169" lon="4.81667">
        <ele>171.0</ele>
      </trkpt>
      <trkpt lat="46.26139" lon="4.81616">
        <ele>170.7</ele>
      </trkpt>
      <trkpt lat="46.26108" lon="4.81565">
        <ele>169.3</ele>
      </trkpt>
      <trkpt lat="46.26065" lon="4.81496">
        <ele>166.2</ele>
      </trkpt>
      <trkpt lat="46.26021" lon="4.81426">
        <ele>169.2</ele>
      </trkpt>
      <trkpt lat="46.25998" lon="4.81393">
        <ele>169.2</ele>
      </trkpt>
      <trkpt lat="46.25972" lon="4.81365">
        <ele>168.8</ele>
      </trkpt>
      <trkpt lat="46.25969" lon="4.81374">
        <ele>169.2</ele>
      </trkpt>
      <trkpt lat="46.25966" lon="4.81382">
        <ele>169.6</ele>
      </trkpt>
      <trkpt lat="46.25952" lon="4.81448">
        <ele>171.4</ele>
      </trkpt>
      <trkpt lat="46.25933" lon="4.81546">
        <ele>172.5</ele>
      </trkpt>
      <trkpt lat="46.25913" lon="4.81644">
        <ele>172.8</ele>
      </trkpt>
      <trkpt lat="46.25894" lon="4.81743">
        <ele>170.2</ele>
      </trkpt>
      <trkpt lat="46.25892" lon="4.81748">
        <ele>170.0</ele>
      </trkpt>
      <trkpt lat="46.25888" lon="4.81752">
        <ele>170.0</ele>
      </trkpt>
      <trkpt lat="46.25882" lon="4.81754">
        <ele>170.0</ele>
      </trkpt>
      <trkpt lat="46.25812" lon="4.81729">
        <ele>169.2</ele>
      </trkpt>
      <trkpt lat="46.25779" lon="4.81711">
        <ele>168.5</ele>
      </trkpt>
      <trkpt lat="46.2577" lon="4.81709">
        <ele>168.3</ele>
      </trkpt>
      <trkpt lat="46.25764" lon="4.8171">
        <ele>168.2</ele>
      </trkpt>
      <trkpt lat="46.25758" lon="4.81718">
        <ele>167.9</ele>
      </trkpt>
      <trkpt lat="46.25752" lon="4.81757">
        <ele>167.2</ele>
      </trkpt>
      <trkpt lat="46.25746" lon="4.81783">
        <ele>167.7</ele>
      </trkpt>
      <trkpt lat="46.25724" lon="4.8187">
        <ele>169.5</ele>
      </trkpt>
      <trkpt lat="46.25718" lon="4.81892">
        <ele>170.2</ele>
      </trkpt>
      <trkpt lat="46.2571" lon="4.81917">
        <ele>171.0</ele>
      </trkpt>
      <trkpt lat="46.25705" lon="4.81925">
        <ele>170.9</ele>
      </trkpt>
      <trkpt lat="46.25697" lon="4.8193">
        <ele>170.9</ele>
      </trkpt>
      <trkpt lat="46.25688" lon="4.81927">
        <ele>170.9</ele>
      </trkpt>
      <trkpt lat="46.25665" lon="4.81915">
        <ele>170.8</ele>
      </trkpt>
      <trkpt lat="46.25605" lon="4.81899">
        <ele>167.2</ele>
      </trkpt>
      <trkpt lat="46.25597" lon="4.81894">
        <ele>166.5</ele>
      </trkpt>
      <trkpt lat="46.25578" lon="4.81872">
        <ele>165.1</ele>
      </trkpt>
      <trkpt lat="46.25523" lon="4.81843">
        <ele>166.7</ele>
      </trkpt>
      <trkpt lat="46.25468" lon="4.81814">
        <ele>168.1</ele>
      </trkpt>
      <trkpt lat="46.25464" lon="4.81809">
        <ele>168.0</ele>
      </trkpt>
      <trkpt lat="46.25461" lon="4.81804">
        <ele>168.0</ele>
      </trkpt>
      <trkpt lat="46.25459" lon="4.81796">
        <ele>167.8</ele>
      </trkpt>
      <trkpt lat="46.25459" lon="4.8179">
        <ele>167.7</ele>
      </trkpt>
      <trkpt lat="46.25462" lon="4.81769">
        <ele>167.3</ele>
      </trkpt>
      <trkpt lat="46.25481" lon="4.81695">
        <ele>165.5</ele>
      </trkpt>
      <trkpt lat="46.255" lon="4.81622">
        <ele>167.7</ele>
      </trkpt>
      <trkpt lat="46.25499" lon="4.81614">
        <ele>168.1</ele>
      </trkpt>
      <trkpt lat="46.25496" lon="4.81611">
        <ele>168.1</ele>
      </trkpt>
      <trkpt lat="46.2543" lon="4.81603">
        <ele>164.1</ele>
      </trkpt>
      <trkpt lat="46.25364" lon="4.81595">
        <ele>168.6</ele>
      </trkpt>
      <trkpt lat="46.25354" lon="4.81594">
        <ele>169.6</ele>
      </trkpt>
      <trkpt lat="46.25349" lon="4.81597">
        <ele>170.1</ele>
      </trkpt>
      <trkpt lat="46.25344" lon="4.81602">
        <ele>170.5</ele>
      </trkpt>
      <trkpt lat="46.25325" lon="4.81678">
        <ele>169.5</ele>
      </trkpt>
      <trkpt lat="46.25306" lon="4.81755">
        <ele>170.0</ele>
      </trkpt>
      <trkpt lat="46.25306" lon="4.81773">
        <ele>170.1</ele>
      </trkpt>
      <trkpt lat="46.2531" lon="4.81782">
        <ele>169.9</ele>
      </trkpt>
      <trkpt lat="46.25328" lon="4.81802">
        <ele>169.2</ele>
      </trkpt>
      <trkpt lat="46.2533" lon="4.81811">
        <ele>169.1</ele>
      </trkpt>
      <trkpt lat="46.2533" lon="4.81822">
        <ele>169.2</ele>
      </trkpt>
      <trkpt lat="46.25315" lon="4.81915">
        <ele>172.1</ele>
      </trkpt>
      <trkpt lat="46.253" lon="4.82008">
        <ele>169.0</ele>
      </trkpt>
      <trkpt lat="46.25297" lon="4.82013">
        <ele>168.6</ele>
      </trkpt>
      <trkpt lat="46.25295" lon="4.82015">
        <ele>168.4</ele>
      </trkpt>
      <trkpt lat="46.2529" lon="4.82016">
        <ele>168.2</ele>
      </trkpt>
      <trkpt lat="46.25214" lon="4.81988">
        <ele>166.2</ele>
      </trkpt>
      <trkpt lat="46.25138" lon="4.8196">
        <ele>166.2</ele>
      </trkpt>
      <trkpt lat="46.25062" lon="4.81932">
        <ele>168.6</ele>
      </trkpt>
      <trkpt lat="46.24986" lon="4.81904">
        <ele>171.3</ele>
      </trkpt>
      <trkpt lat="46.24982" lon="4.81902">
        <ele>170.8</ele>
      </trkpt>
      <trkpt lat="46.24958" lon="4.81892">
        <ele>168.6</ele>
      </trkpt>
      <trkpt lat="46.24949" lon="4.81886">
        <ele>167.7</ele>
      </trkpt>
      <trkpt lat="46.24975" lon="4.81813">
        <ele>169.1</ele>
      </trkpt>
      <trkpt lat="46.25001" lon="4.81739">
        <ele>176.1</ele>
      </trkpt>
      <trkpt lat="46.25005" lon="4.81724">
        <ele>174.7</ele>
      </trkpt>
      <trkpt lat="46.24981" lon="4.81719">
        <ele>172.4</ele>
      </trkpt>
      <trkpt lat="46.24897" lon="4.817">
        <ele>166.4</ele>
      </trkpt>
      <trkpt lat="46.24861" lon="4.81688">
        <ele>167.8</ele>
      </trkpt>
      <trkpt lat="46.24825" lon="4.81668">
        <ele>168.5</ele>
      </trkpt>
      <trkpt lat="46.24803" lon="4.81642">
        <ele>169.2</ele>
      </trkpt>
      <trkpt lat="46.24766" lon="4.81586">
        <ele>170.3</ele>
      </trkpt>
      <trkpt lat="46.24758" lon="4.81579">
        <ele>170.6</ele>
      </trkpt>
      <trkpt lat="46.24748" lon="4.81576">
        <ele>170.8</ele>
      </trkpt>
      <trkpt lat="46.24732" lon="4.81572">
        <ele>170.9</ele>
      </trkpt>
      <trkpt lat="46.24665" lon="4.81552">
        <ele>171.3</ele>
      </trkpt>
      <trkpt lat="46.24611" lon="4.81543">
        <ele>171.7</ele>
      </trkpt>
      <trkpt lat="46.24566" lon="4.81536">
        <ele>172.0</ele>
      </trkpt>
      <trkpt lat="46.24533" lon="4.81538">
        <ele>171.9</ele>
      </trkpt>
      <trkpt lat="46.24498" lon="4.81537">
        <ele>171.9</ele>
      </trkpt>
      <trkpt lat="46.24475" lon="4.81536">
        <ele>171.7</ele>
      </trkpt>
      <trkpt lat="46.24455" lon="4.81539">
        <ele>171.7</ele>
      </trkpt>
      <trkpt lat="46.24447" lon="4.81542">
        <ele>171.7</ele>
      </trkpt>
      <trkpt lat="46.24434" lon="4.81548">
        <ele>171.7</ele>
      </trkpt>
      <trkpt lat="46.24399" lon="4.81552">
        <ele>171.9</ele>
      </trkpt>
      <trkpt lat="46.24382" lon="4.81553">
        <ele>172.2</ele>
      </trkpt>
      <trkpt lat="46.24357" lon="4.81551">
        <ele>172.5</ele>
      </trkpt>
      <trkpt lat="46.24325" lon="4.81546">
        <ele>172.3</ele>
      </trkpt>
      <trkpt lat="46.24299" lon="4.81526">
        <ele>170.6</ele>
      </trkpt>
      <trkpt lat="46.24242" lon="4.8147">
        <ele>168.4</ele>
      </trkpt>
      <trkpt lat="46.24185" lon="4.81413">
        <ele>169.0</ele>
      </trkpt>
      <trkpt lat="46.24128" lon="4.81356">
        <ele>169.6</ele>
      </trkpt>
      <trkpt lat="46.24072" lon="4.81297">
        <ele>170.1</ele>
      </trkpt>
      <trkpt lat="46.2406" lon="4.81283">
        <ele>170.1</ele>
      </trkpt>
      <trkpt lat="46.24052" lon="4.81269">
        <ele>170.1</ele>
      </trkpt>
      <trkpt lat="46.24045" lon="4.81254">
        <ele>170.0</ele>
      </trkpt>
      <trkpt lat="46.24039" lon="4.81238">
        <ele>170.0</ele>
      </trkpt>
      <trkpt lat="46.24035" lon="4.8121">
        <ele>170.1</ele>
      </trkpt>
      <trkpt lat="46.24036" lon="4.81182">
        <ele>170.1</ele>
      </trkpt>
      <trkpt lat="46.24039" lon="4.81133">
        <ele>170.5</ele>
      </trkpt>
      <trkpt lat="46.24036" lon="4.81124">
        <ele>170.7</ele>
      </trkpt>
      <trkpt lat="46.24031" lon="4.81119">
        <ele>170.8</ele>
      </trkpt>
      <trkpt lat="46.2402" lon="4.81117">
        <ele>171.1</ele>
      </trkpt>
      <trkpt lat="46.24002" lon="4.81106">
        <ele>171.7</ele>
      </trkpt>
      <trkpt lat="46.2398" lon="4.81103">
        <ele>171.5</ele>
      </trkpt>
      <trkpt lat="46.23925" lon="4.81087">
        <ele>171.0</ele>
      </trkpt>
      <trkpt lat="46.23859" lon="4.81074">
        <ele>169.9</ele>
      </trkpt>
      <trkpt lat="46.2378" lon="4.81044">
        <ele>168.6</ele>
      </trkpt>
      <trkpt lat="46.23708" lon="4.81007">
        <ele>165.8</ele>
      </trkpt>
      <trkpt lat="46.23654" lon="4.80971">
        <ele>165.3</ele>
      </trkpt>
      <trkpt lat="46.23601" lon="4.80936">
        <ele>166.9</ele>
      </trkpt>
      <trkpt lat="46.23532" lon="4.80875">
        <ele>167.9</ele>
      </trkpt>
      <trkpt lat="46.23525" lon="4.80869">
        <ele>167.9</ele>
      </trkpt>
      <trkpt lat="46.23482" lon="4.80833">
        <ele>167.2</ele>
      </trkpt>
      <trkpt lat="46.23448" lon="4.80798">
        <ele>167.6</ele>
      </trkpt>
      <trkpt lat="46.23398" lon="4.80748">
        <ele>168.8</ele>
      </trkpt>
      <trkpt lat="46.23349" lon="4.80698">
        <ele>168.6</ele>
      </trkpt>
      <trkpt lat="46.23313" lon="4.80657">
        <ele>167.9</ele>
      </trkpt>
      <trkpt lat="46.23264" lon="4.80596">
        <ele>169.6</ele>
      </trkpt>
      <trkpt lat="46.23214" lon="4.80534">
        <ele>168.6</ele>
      </trkpt>
      <trkpt lat="46.23164" lon="4.80473">
        <ele>168.4</ele>
      </trkpt>
      <trkpt lat="46.23117" lon="4.80422">
        <ele>168.8</ele>
      </trkpt>
      <trkpt lat="46.23069" lon="4.80371">
        <ele>169.6</ele>
      </trkpt>
      <trkpt lat="46.23051" lon="4.8035">
        <ele>169.8</ele>
      </trkpt>
      <trkpt lat="46.23024" lon="4.80324">
        <ele>170.4</ele>
      </trkpt>
      <trkpt lat="46.22986" lon="4.80293">
        <ele>171.5</ele>
      </trkpt>
      <trkpt lat="46.22953" lon="4.80269">
        <ele>171.8</ele>
      </trkpt>
      <trkpt lat="46.22924" lon="4.80251">
        <ele>172.0</ele>
      </trkpt>
      <trkpt lat="46.2291" lon="4.80241">
        <ele>171.3</ele>
      </trkpt>
      <trkpt lat="46.22896" lon="4.8023">
        <ele>170.6</ele>
      </trkpt>
      <trkpt lat="46.22852" lon="4.8019">
        <ele>169.1</ele>
      </trkpt>
      <trkpt lat="46.22812" lon="4.8016">
        <ele>168.9</ele>
      </trkpt>
      <trkpt lat="46.22749" lon="4.80123">
        <ele>170.1</ele>
      </trkpt>
      <trkpt lat="46.22686" lon="4.80086">
        <ele>171.0</ele>
      </trkpt>
      <trkpt lat="46.22628" lon="4.80062">
        <ele>169.6</ele>
      </trkpt>
      <trkpt lat="46.2257" lon="4.80038">
        <ele>168.6</ele>
      </trkpt>
      <trkpt lat="46.22512" lon="4.80013">
        <ele>169.6</ele>
      </trkpt>
      <trkpt lat="46.22453" lon="4.79987">
        <ele>169.5</ele>
      </trkpt>
      <trkpt lat="46.22395" lon="4.79962">
        <ele>168.7</ele>
      </trkpt>
      <trkpt lat="46.22335" lon="4.79932">
        <ele>169.6</ele>
      </trkpt>
      <trkpt lat="46.22274" lon="4.79903">
        <ele>168.3</ele>
      </trkpt>
      <trkpt lat="46.2223" lon="4.79882">
        <ele>167.7</ele>
      </trkpt>
      <trkpt lat="46.22186" lon="4.79862">
        <ele>168.6</ele>
      </trkpt>
      <trkpt lat="46.22139" lon="4.79836">
        <ele>169.3</ele>
      </trkpt>
      <trkpt lat="46.22096" lon="4.79809">
        <ele>167.4</ele>
      </trkpt>
      <trkpt lat="46.2203" lon="4.79763">
        <ele>168.4</ele>
      </trkpt>
      <trkpt lat="46.21968" lon="4.79723">
        <ele>169.0</ele>
      </trkpt>
      <trkpt lat="46.21906" lon="4.79682">
        <ele>167.8</ele>
      </trkpt>
      <trkpt lat="46.2184" lon="4.79643">
        <ele>169.0</ele>
      </trkpt>
      <trkpt lat="46.21793" lon="4.79622">
        <ele>169.6</ele>
      </trkpt>
      <trkpt lat="46.21747" lon="4.796">
        <ele>171.0</ele>
      </trkpt>
      <trkpt lat="46.21668" lon="4.79575">
        <ele>170.6</ele>
      </trkpt>
      <trkpt lat="46.2159" lon="4.79549">
        <ele>169.6</ele>
      </trkpt>
      <trkpt lat="46.21525" lon="4.79529">
        <ele>169.6</ele>
      </trkpt>
      <trkpt lat="46.21461" lon="4.7951">
        <ele>168.4</ele>
      </trkpt>
      <trkpt lat="46.21397" lon="4.7949">
        <ele>167.6</ele>
      </trkpt>
      <trkpt lat="46.21375" lon="4.79486">
        <ele>168.3</ele>
      </trkpt>
      <trkpt lat="46.21291" lon="4.79477">
        <ele>170.4</ele>
      </trkpt>
      <trkpt lat="46.21206" lon="4.79468">
        <ele>171.4</ele>
      </trkpt>
      <trkpt lat="46.21122" lon="4.7946">
        <ele>170.9</ele>
      </trkpt>
      <trkpt lat="46.21033" lon="4.79457">
        <ele>169.3</ele>
      </trkpt>
      <trkpt lat="46.20985" lon="4.79458">
        <ele>168.8</ele>
      </trkpt>
      <trkpt lat="46.20896" lon="4.79465">
        <ele>170.1</ele>
      </trkpt>
      <trkpt lat="46.20868" lon="4.79469">
        <ele>170.1</ele>
      </trkpt>
      <trkpt lat="46.20846" lon="4.79474">
        <ele>169.9</ele>
      </trkpt>
      <trkpt lat="46.20798" lon="4.79484">
        <ele>170.9</ele>
      </trkpt>
      <trkpt lat="46.2075" lon="4.79493">
        <ele>173.4</ele>
      </trkpt>
      <trkpt lat="46.20726" lon="4.79494">
        <ele>172.4</ele>
      </trkpt>
      <trkpt lat="46.20711" lon="4.79488">
        <ele>171.4</ele>
      </trkpt>
      <trkpt lat="46.20694" lon="4.79469">
        <ele>169.7</ele>
      </trkpt>
      <trkpt lat="46.20686" lon="4.79467">
        <ele>169.3</ele>
      </trkpt>
      <trkpt lat="46.20646" lon="4.79477">
        <ele>168.8</ele>
      </trkpt>
      <trkpt lat="46.20635" lon="4.79488">
        <ele>168.9</ele>
      </trkpt>
      <trkpt lat="46.20622" lon="4.79507">
        <ele>168.8</ele>
      </trkpt>
      <trkpt lat="46.20607" lon="4.79523">
        <ele>168.3</ele>
      </trkpt>
      <trkpt lat="46.20574" lon="4.7954">
        <ele>167.6</ele>
      </trkpt>
      <trkpt lat="46.20525" lon="4.79562">
        <ele>168.1</ele>
      </trkpt>
      <trkpt lat="46.20452" lon="4.79576">
        <ele>169.3</ele>
      </trkpt>
      <trkpt lat="46.20392" lon="4.79591">
        <ele>168.8</ele>
      </trkpt>
      <trkpt lat="46.20371" lon="4.79593">
        <ele>167.9</ele>
      </trkpt>
      <trkpt lat="46.20309" lon="4.79581">
        <ele>166.6</ele>
      </trkpt>
      <trkpt lat="46.20296" lon="4.79581">
        <ele>166.9</ele>
      </trkpt>
      <trkpt lat="46.20258" lon="4.79571">
        <ele>167.7</ele>
      </trkpt>
      <trkpt lat="46.20227" lon="4.79558">
        <ele>168.8</ele>
      </trkpt>
      <trkpt lat="46.20205" lon="4.79528">
        <ele>170.0</ele>
      </trkpt>
      <trkpt lat="46.20174" lon="4.79503">
        <ele>172.4</ele>
      </trkpt>
      <trkpt lat="46.20166" lon="4.79497">
        <ele>172.8</ele>
      </trkpt>
      <trkpt lat="46.20163" lon="4.79497">
        <ele>172.8</ele>
      </trkpt>
      <trkpt lat="46.20125" lon="4.79461">
        <ele>170.9</ele>
      </trkpt>
      <trkpt lat="46.20065" lon="4.79391">
        <ele>169.0</ele>
      </trkpt>
      <trkpt lat="46.20005" lon="4.79321">
        <ele>167.8</ele>
      </trkpt>
      <trkpt lat="46.19946" lon="4.7925">
        <ele>167.7</ele>
      </trkpt>
      <trkpt lat="46.19898" lon="4.79191">
        <ele>168.4</ele>
      </trkpt>
      <trkpt lat="46.1985" lon="4.79131">
        <ele>169.5</ele>
      </trkpt>
      <trkpt lat="46.19787" lon="4.79056">
        <ele>169.8</ele>
      </trkpt>
      <trkpt lat="46.19723" lon="4.78982">
        <ele>170.5</ele>
      </trkpt>
      <trkpt lat="46.19667" lon="4.78914">
        <ele>171.8</ele>
      </trkpt>
      <trkpt lat="46.1961" lon="4.78847">
        <ele>169.2</ele>
      </trkpt>
      <trkpt lat="46.19553" lon="4.78779">
        <ele>168.8</ele>
      </trkpt>
      <trkpt lat="46.19496" lon="4.78712">
        <ele>168.7</ele>
      </trkpt>
      <trkpt lat="46.19428" lon="4.78628">
        <ele>168.9</ele>
      </trkpt>
      <trkpt lat="46.19373" lon="4.78572">
        <ele>167.0</ele>
      </trkpt>
      <trkpt lat="46.19318" lon="4.78515">
        <ele>167.4</ele>
      </trkpt>
      <trkpt lat="46.19246" lon="4.78446">
        <ele>167.7</ele>
      </trkpt>
      <trkpt lat="46.19179" lon="4.7838">
        <ele>167.8</ele>
      </trkpt>
      <trkpt lat="46.19113" lon="4.78314">
        <ele>168.9</ele>
      </trkpt>
      <trkpt lat="46.19046" lon="4.78249">
        <ele>170.0</ele>
      </trkpt>
      <trkpt lat="46.18979" lon="4.78183">
        <ele>167.7</ele>
      </trkpt>
      <trkpt lat="46.18955" lon="4.78167">
        <ele>168.1</ele>
      </trkpt>
      <trkpt lat="46.18931" lon="4.78156">
        <ele>168.4</ele>
      </trkpt>
      <trkpt lat="46.18891" lon="4.78143">
        <ele>168.2</ele>
      </trkpt>
      <trkpt lat="46.18842" lon="4.78129">
        <ele>167.6</ele>
      </trkpt>
      <trkpt lat="46.18829" lon="4.78116">
        <ele>167.5</ele>
      </trkpt>
      <trkpt lat="46.18816" lon="4.78117">
        <ele>167.6</ele>
      </trkpt>
      <trkpt lat="46.18803" lon="4.7812">
        <ele>167.9</ele>
      </trkpt>
      <trkpt lat="46.18779" lon="4.78136">
        <ele>168.9</ele>
      </trkpt>
      <trkpt lat="46.18764" lon="4.78145">
        <ele>169.6</ele>
      </trkpt>
      <trkpt lat="46.1875" lon="4.78149">
        <ele>170.1</ele>
      </trkpt>
      <trkpt lat="46.18691" lon="4.78156">
        <ele>169.9</ele>
      </trkpt>
      <trkpt lat="46.18669" lon="4.78159">
        <ele>169.7</ele>
      </trkpt>
      <trkpt lat="46.18639" lon="4.78163">
        <ele>171.1</ele>
      </trkpt>
      <trkpt lat="46.18593" lon="4.78174">
        <ele>173.2</ele>
      </trkpt>
      <trkpt lat="46.18576" lon="4.78175">
        <ele>173.4</ele>
      </trkpt>
      <trkpt lat="46.18559" lon="4.78179">
        <ele>172.8</ele>
      </trkpt>
      <trkpt lat="46.18526" lon="4.78179">
        <ele>171.9</ele>
      </trkpt>
      <trkpt lat="46.18511" lon="4.78183">
        <ele>171.6</ele>
      </trkpt>
      <trkpt lat="46.18459" lon="4.78188">
        <ele>170.0</ele>
      </trkpt>
      <trkpt lat="46.18406" lon="4.78192">
        <ele>168.8</ele>
      </trkpt>
      <trkpt lat="46.18337" lon="4.78195">
        <ele>169.9</ele>
      </trkpt>
      <trkpt lat="46.18268" lon="4.78199">
        <ele>170.8</ele>
      </trkpt>
      <trkpt lat="46.18199" lon="4.78202">
        <ele>171.5</ele>
      </trkpt>
      <trkpt lat="46.18112" lon="4.78207">
        <ele>171.9</ele>
      </trkpt>
      <trkpt lat="46.18026" lon="4.78211">
        <ele>169.2</ele>
      </trkpt>
      <trkpt lat="46.17939" lon="4.78216">
        <ele>168.2</ele>
      </trkpt>
      <trkpt lat="46.17853" lon="4.78221">
        <ele>167.3</ele>
      </trkpt>
      <trkpt lat="46.17766" lon="4.78226">
        <ele>167.6</ele>
      </trkpt>
      <trkpt lat="46.17716" lon="4.78231">
        <ele>168.1</ele>
      </trkpt>
      <trkpt lat="46.17642" lon="4.78243">
        <ele>169.4</ele>
      </trkpt>
      <trkpt lat="46.17568" lon="4.78254">
        <ele>169.8</ele>
      </trkpt>
      <trkpt lat="46.17504" lon="4.78269">
        <ele>166.1</ele>
      </trkpt>
      <trkpt lat="46.1744" lon="4.78284">
        <ele>167.2</ele>
      </trkpt>
      <trkpt lat="46.17376" lon="4.78299">
        <ele>167.6</ele>
      </trkpt>
      <trkpt lat="46.17297" lon="4.78328">
        <ele>169.2</ele>
      </trkpt>
      <trkpt lat="46.17235" lon="4.78363">
        <ele>169.7</ele>
      </trkpt>
      <trkpt lat="46.17173" lon="4.78398">
        <ele>167.2</ele>
      </trkpt>
      <trkpt lat="46.17111" lon="4.78433">
        <ele>167.2</ele>
      </trkpt>
      <trkpt lat="46.17069" lon="4.78459">
        <ele>168.2</ele>
      </trkpt>
      <trkpt lat="46.17028" lon="4.78486">
        <ele>169.8</ele>
      </trkpt>
      <trkpt lat="46.16981" lon="4.78508">
        <ele>169.8</ele>
      </trkpt>
      <trkpt lat="46.16923" lon="4.78553">
        <ele>170.0</ele>
      </trkpt>
      <trkpt lat="46.16865" lon="4.78597">
        <ele>172.1</ele>
      </trkpt>
      <trkpt lat="46.16849" lon="4.78604">
        <ele>172.0</ele>
      </trkpt>
      <trkpt lat="46.1683" lon="4.7861">
        <ele>171.9</ele>
      </trkpt>
      <trkpt lat="46.16821" lon="4.78616">
        <ele>171.5</ele>
      </trkpt>
      <trkpt lat="46.16764" lon="4.78682">
        <ele>171.8</ele>
      </trkpt>
      <trkpt lat="46.16726" lon="4.78719">
        <ele>169.5</ele>
      </trkpt>
      <trkpt lat="46.16715" lon="4.78734">
        <ele>168.6</ele>
      </trkpt>
      <trkpt lat="46.16664" lon="4.78834">
        <ele>168.0</ele>
      </trkpt>
      <trkpt lat="46.16613" lon="4.78935">
        <ele>168.4</ele>
      </trkpt>
      <trkpt lat="46.16562" lon="4.79035">
        <ele>170.0</ele>
      </trkpt>
      <trkpt lat="46.16548" lon="4.79052">
        <ele>171.3</ele>
      </trkpt>
      <trkpt lat="46.16528" lon="4.79098">
        <ele>173.6</ele>
      </trkpt>
      <trkpt lat="46.16513" lon="4.79152">
        <ele>172.5</ele>
      </trkpt>
      <trkpt lat="46.16512" lon="4.7917">
        <ele>172.0</ele>
      </trkpt>
      <trkpt lat="46.16516" lon="4.79203">
        <ele>171.6</ele>
      </trkpt>
      <trkpt lat="46.16512" lon="4.79221">
        <ele>171.4</ele>
      </trkpt>
      <trkpt lat="46.16495" lon="4.79253">
        <ele>170.7</ele>
      </trkpt>
      <trkpt lat="46.16456" lon="4.79332">
        <ele>168.0</ele>
      </trkpt>
      <trkpt lat="46.1645" lon="4.79344">
        <ele>168.2</ele>
      </trkpt>
      <trkpt lat="46.16399" lon="4.79437">
        <ele>170.7</ele>
      </trkpt>
      <trkpt lat="46.16352" lon="4.7953">
        <ele>168.4</ele>
      </trkpt>
      <trkpt lat="46.16333" lon="4.796">
        <ele>168.8</ele>
      </trkpt>
      <trkpt lat="46.16291" lon="4.79703">
        <ele>168.6</ele>
      </trkpt>
      <trkpt lat="46.16244" lon="4.79784">
        <ele>170.2</ele>
      </trkpt>
      <trkpt lat="46.16198" lon="4.79866">
        <ele>168.6</ele>
      </trkpt>
      <trkpt lat="46.16143" lon="4.79966">
        <ele>168.5</ele>
      </trkpt>
      <trkpt lat="46.16089" lon="4.80066">
        <ele>168.3</ele>
      </trkpt>
      <trkpt lat="46.16063" lon="4.80105">
        <ele>168.2</ele>
      </trkpt>
      <trkpt lat="46.16044" lon="4.80122">
        <ele>168.4</ele>
      </trkpt>
      <trkpt lat="46.16017" lon="4.80164">
        <ele>169.9</ele>
      </trkpt>
      <trkpt lat="46.15985" lon="4.80216">
        <ele>168.4</ele>
      </trkpt>
      <trkpt lat="46.15954" lon="4.80267">
        <ele>168.9</ele>
      </trkpt>
      <trkpt lat="46.15945" lon="4.80279">
        <ele>169.4</ele>
      </trkpt>
      <trkpt lat="46.15902" lon="4.80333">
        <ele>171.6</ele>
      </trkpt>
      <trkpt lat="46.15857" lon="4.80383">
        <ele>171.1</ele>
      </trkpt>
      <trkpt lat="46.15822" lon="4.80414">
        <ele>171.6</ele>
      </trkpt>
      <trkpt lat="46.15795" lon="4.80434">
        <ele>170.3</ele>
      </trkpt>
      <trkpt lat="46.15785" lon="4.80439">
        <ele>169.9</ele>
      </trkpt>
      <trkpt lat="46.15774" lon="4.80444">
        <ele>169.4</ele>
      </trkpt>
      <trkpt lat="46.15717" lon="4.80455">
        <ele>168.9</ele>
      </trkpt>
      <trkpt lat="46.15663" lon="4.80471">
        <ele>169.7</ele>
      </trkpt>
      <trkpt lat="46.15609" lon="4.80486">
        <ele>170.4</ele>
      </trkpt>
      <trkpt lat="46.15568" lon="4.80506">
        <ele>171.0</ele>
      </trkpt>
      <trkpt lat="46.15528" lon="4.80521">
        <ele>171.1</ele>
      </trkpt>
      <trkpt lat="46.15499" lon="4.80527">
        <ele>171.3</ele>
      </trkpt>
      <trkpt lat="46.15476" lon="4.80529">
        <ele>171.2</ele>
      </trkpt>
      <trkpt lat="46.15439" lon="4.80524">
        <ele>171.1</ele>
      </trkpt>
      <trkpt lat="46.15393" lon="4.80514">
        <ele>170.7</ele>
      </trkpt>
      <trkpt lat="46.15348" lon="4.80505">
        <ele>170.2</ele>
      </trkpt>
      <trkpt lat="46.15266" lon="4.80479">
        <ele>168.8</ele>
      </trkpt>
      <trkpt lat="46.15185" lon="4.80454">
        <ele>168.3</ele>
      </trkpt>
      <trkpt lat="46.15104" lon="4.80429">
        <ele>167.7</ele>
      </trkpt>
      <trkpt lat="46.15071" lon="4.80413">
        <ele>167.7</ele>
      </trkpt>
      <trkpt lat="46.15035" lon="4.80403">
        <ele>167.0</ele>
      </trkpt>
      <trkpt lat="46.15004" lon="4.80394">
        <ele>166.6</ele>
      </trkpt>
      <trkpt lat="46.14944" lon="4.80372">
        <ele>167.7</ele>
      </trkpt>
      <trkpt lat="46.14885" lon="4.8035">
        <ele>168.5</ele>
      </trkpt>
      <trkpt lat="46.14825" lon="4.80328">
        <ele>169.9</ele>
      </trkpt>
      <trkpt lat="46.14815" lon="4.8032">
        <ele>169.8</ele>
      </trkpt>
      <trkpt lat="46.14739" lon="4.80293">
        <ele>169.4</ele>
      </trkpt>
      <trkpt lat="46.14692" lon="4.80272">
        <ele>168.4</ele>
      </trkpt>
      <trkpt lat="46.14643" lon="4.80245">
        <ele>166.7</ele>
      </trkpt>
      <trkpt lat="46.14627" lon="4.80239">
        <ele>166.6</ele>
      </trkpt>
      <trkpt lat="46.14604" lon="4.80249">
        <ele>166.3</ele>
      </trkpt>
      <trkpt lat="46.1457" lon="4.80246">
        <ele>166.7</ele>
      </trkpt>
      <trkpt lat="46.1454" lon="4.80236">
        <ele>167.9</ele>
      </trkpt>
      <trkpt lat="46.14489" lon="4.80223">
        <ele>168.9</ele>
      </trkpt>
      <trkpt lat="46.14431" lon="4.8021">
        <ele>168.1</ele>
      </trkpt>
      <trkpt lat="46.14384" lon="4.80193">
        <ele>168.5</ele>
      </trkpt>
      <trkpt lat="46.14323" lon="4.80165">
        <ele>169.7</ele>
      </trkpt>
      <trkpt lat="46.14276" lon="4.80141">
        <ele>168.4</ele>
      </trkpt>
      <trkpt lat="46.14227" lon="4.80111">
        <ele>168.3</ele>
      </trkpt>
      <trkpt lat="46.14173" lon="4.80073">
        <ele>168.8</ele>
      </trkpt>
      <trkpt lat="46.14117" lon="4.80029">
        <ele>168.7</ele>
      </trkpt>
      <trkpt lat="46.14061" lon="4.79969">
        <ele>168.5</ele>
      </trkpt>
      <trkpt lat="46.14005" lon="4.79909">
        <ele>170.8</ele>
      </trkpt>
      <trkpt lat="46.13949" lon="4.79849">
        <ele>166.2</ele>
      </trkpt>
      <trkpt lat="46.13895" lon="4.79792">
        <ele>168.0</ele>
      </trkpt>
      <trkpt lat="46.13854" lon="4.79748">
        <ele>170.2</ele>
      </trkpt>
      <trkpt lat="46.13847" lon="4.7974">
        <ele>170.1</ele>
      </trkpt>
      <trkpt lat="46.13844" lon="4.79736">
        <ele>170.0</ele>
      </trkpt>
      <trkpt lat="46.13843" lon="4.79729">
        <ele>169.7</ele>
      </trkpt>
      <trkpt lat="46.13778" lon="4.79657">
        <ele>168.3</ele>
      </trkpt>
      <trkpt lat="46.13728" lon="4.79605">
        <ele>169.0</ele>
      </trkpt>
      <trkpt lat="46.13678" lon="4.79552">
        <ele>168.5</ele>
      </trkpt>
      <trkpt lat="46.13628" lon="4.795">
        <ele>168.0</ele>
      </trkpt>
      <trkpt lat="46.13562" lon="4.79438">
        <ele>168.4</ele>
      </trkpt>
      <trkpt lat="46.13495" lon="4.79376">
        <ele>168.5</ele>
      </trkpt>
      <trkpt lat="46.13429" lon="4.79313">
        <ele>168.8</ele>
      </trkpt>
      <trkpt lat="46.13362" lon="4.79251">
        <ele>169.0</ele>
      </trkpt>
      <trkpt lat="46.13354" lon="4.79244">
        <ele>168.8</ele>
      </trkpt>
      <trkpt lat="46.13348" lon="4.79238">
        <ele>168.7</ele>
      </trkpt>
      <trkpt lat="46.13332" lon="4.79226">
        <ele>168.5</ele>
      </trkpt>
      <trkpt lat="46.13287" lon="4.79179">
        <ele>169.0</ele>
      </trkpt>
      <trkpt lat="46.13247" lon="4.79143">
        <ele>170.8</ele>
      </trkpt>
      <trkpt lat="46.1321" lon="4.79102">
        <ele>171.4</ele>
      </trkpt>
      <trkpt lat="46.13188" lon="4.79071">
        <ele>171.0</ele>
      </trkpt>
      <trkpt lat="46.13137" lon="4.79008">
        <ele>168.8</ele>
      </trkpt>
      <trkpt lat="46.13087" lon="4.78946">
        <ele>167.3</ele>
      </trkpt>
      <trkpt lat="46.13079" lon="4.7893">
        <ele>167.2</ele>
      </trkpt>
      <trkpt lat="46.13069" lon="4.78917">
        <ele>167.2</ele>
      </trkpt>
      <trkpt lat="46.13037" lon="4.78895">
        <ele>167.2</ele>
      </trkpt>
      <trkpt lat="46.13018" lon="4.78885">
        <ele>167.1</ele>
      </trkpt>
      <trkpt lat="46.1301" lon="4.78879">
        <ele>167.0</ele>
      </trkpt>
      <trkpt lat="46.12981" lon="4.78849">
        <ele>167.2</ele>
      </trkpt>
      <trkpt lat="46.12941" lon="4.78798">
        <ele>168.5</ele>
      </trkpt>
      <trkpt lat="46.12875" lon="4.78712">
        <ele>168.8</ele>
      </trkpt>
      <trkpt lat="46.12809" lon="4.78625">
        <ele>169.8</ele>
      </trkpt>
      <trkpt lat="46.12742" lon="4.78538">
        <ele>168.7</ele>
      </trkpt>
      <trkpt lat="46.12676" lon="4.78452">
        <ele>169.3</ele>
      </trkpt>
      <trkpt lat="46.12625" lon="4.78384">
        <ele>168.3</ele>
      </trkpt>
      <trkpt lat="46.12575" lon="4.78316">
        <ele>169.2</ele>
      </trkpt>
      <trkpt lat="46.12524" lon="4.78249">
        <ele>171.8</ele>
      </trkpt>
      <trkpt lat="46.12473" lon="4.78181">
        <ele>170.2</ele>
      </trkpt>
      <trkpt lat="46.12422" lon="4.78114">
        <ele>169.7</ele>
      </trkpt>
      <trkpt lat="46.1237" lon="4.78047">
        <ele>168.2</ele>
      </trkpt>
      <trkpt lat="46.12315" lon="4.77984">
        <ele>168.4</ele>
      </trkpt>
      <trkpt lat="46.1225" lon="4.7792">
        <ele>169.9</ele>
      </trkpt>
      <trkpt lat="46.12223" lon="4.77886">
        <ele>170.8</ele>
      </trkpt>
      <trkpt lat="46.1219" lon="4.77839">
        <ele>172.1</ele>
      </trkpt>
      <trkpt lat="46.1218" lon="4.77818">
        <ele>171.3</ele>
      </trkpt>
      <trkpt lat="46.12166" lon="4.778">
        <ele>170.2</ele>
      </trkpt>
      <trkpt lat="46.1215" lon="4.77792">
        <ele>170.0</ele>
      </trkpt>
      <trkpt lat="46.12141" lon="4.77782">
        <ele>169.7</ele>
      </trkpt>
      <trkpt lat="46.12085" lon="4.77726">
        <ele>171.3</ele>
      </trkpt>
      <trkpt lat="46.12051" lon="4.77695">
        <ele>171.2</ele>
      </trkpt>
      <trkpt lat="46.12028" lon="4.77677">
        <ele>171.4</ele>
      </trkpt>
      <trkpt lat="46.1199" lon="4.77653">
        <ele>172.3</ele>
      </trkpt>
      <trkpt lat="46.11948" lon="4.7763">
        <ele>172.1</ele>
      </trkpt>
      <trkpt lat="46.11885" lon="4.77601">
        <ele>171.1</ele>
      </trkpt>
      <trkpt lat="46.11802" lon="4.77555">
        <ele>171.2</ele>
      </trkpt>
      <trkpt lat="46.11738" lon="4.77514">
        <ele>169.4</ele>
      </trkpt>
      <trkpt lat="46.11683" lon="4.77472">
        <ele>169.3</ele>
      </trkpt>
      <trkpt lat="46.11628" lon="4.77429">
        <ele>168.9</ele>
      </trkpt>
      <trkpt lat="46.11574" lon="4.77403">
        <ele>168.0</ele>
      </trkpt>
      <trkpt lat="46.11521" lon="4.77376">
        <ele>169.0</ele>
      </trkpt>
      <trkpt lat="46.11482" lon="4.77363">
        <ele>169.7</ele>
      </trkpt>
      <trkpt lat="46.11459" lon="4.77359">
        <ele>169.8</ele>
      </trkpt>
      <trkpt lat="46.11432" lon="4.77355">
        <ele>170.0</ele>
      </trkpt>
      <trkpt lat="46.11401" lon="4.77345">
        <ele>170.1</ele>
      </trkpt>
      <trkpt lat="46.11339" lon="4.77334">
        <ele>170.9</ele>
      </trkpt>
      <trkpt lat="46.11283" lon="4.77326">
        <ele>170.3</ele>
      </trkpt>
      <trkpt lat="46.11227" lon="4.77318">
        <ele>170.1</ele>
      </trkpt>
      <trkpt lat="46.1116" lon="4.77304">
        <ele>170.8</ele>
      </trkpt>
      <trkpt lat="46.11127" lon="4.77295">
        <ele>171.5</ele>
      </trkpt>
      <trkpt lat="46.11101" lon="4.77288">
        <ele>172.0</ele>
      </trkpt>
      <trkpt lat="46.11087" lon="4.77288">
        <ele>172.4</ele>
      </trkpt>
      <trkpt lat="46.11079" lon="4.77291">
        <ele>172.4</ele>
      </trkpt>
      <trkpt lat="46.11071" lon="4.7729">
        <ele>172.1</ele>
      </trkpt>
      <trkpt lat="46.11058" lon="4.77284">
        <ele>171.7</ele>
      </trkpt>
      <trkpt lat="46.11049" lon="4.77266">
        <ele>171.3</ele>
      </trkpt>
      <trkpt lat="46.10992" lon="4.77217">
        <ele>169.7</ele>
      </trkpt>
      <trkpt lat="46.10943" lon="4.77169">
        <ele>171.0</ele>
      </trkpt>
      <trkpt lat="46.10917" lon="4.7714">
        <ele>171.7</ele>
      </trkpt>
      <trkpt lat="46.109" lon="4.77119">
        <ele>171.6</ele>
      </trkpt>
      <trkpt lat="46.10867" lon="4.77069">
        <ele>170.9</ele>
      </trkpt>
      <trkpt lat="46.1083" lon="4.77021">
        <ele>169.8</ele>
      </trkpt>
      <trkpt lat="46.10801" lon="4.76985">
        <ele>169.5</ele>
      </trkpt>
      <trkpt lat="46.10749" lon="4.76924">
        <ele>171.9</ele>
      </trkpt>
      <trkpt lat="46.10709" lon="4.76882">
        <ele>169.0</ele>
      </trkpt>
      <trkpt lat="46.10668" lon="4.7684">
        <ele>168.0</ele>
      </trkpt>
      <trkpt lat="46.10609" lon="4.76781">
        <ele>167.0</ele>
      </trkpt>
      <trkpt lat="46.10551" lon="4.76721">
        <ele>166.8</ele>
      </trkpt>
      <trkpt lat="46.10519" lon="4.76683">
        <ele>166.5</ele>
      </trkpt>
      <trkpt lat="46.10484" lon="4.76652">
        <ele>166.5</ele>
      </trkpt>
      <trkpt lat="46.10419" lon="4.76585">
        <ele>166.0</ele>
      </trkpt>
      <trkpt lat="46.10382" lon="4.76555">
        <ele>166.8</ele>
      </trkpt>
      <trkpt lat="46.10354" lon="4.76529">
        <ele>166.8</ele>
      </trkpt>
      <trkpt lat="46.10335" lon="4.76508">
        <ele>166.3</ele>
      </trkpt>
      <trkpt lat="46.10307" lon="4.76482">
        <ele>167.2</ele>
      </trkpt>
      <trkpt lat="46.10274" lon="4.76443">
        <ele>167.1</ele>
      </trkpt>
      <trkpt lat="46.10239" lon="4.76378">
        <ele>166.5</ele>
      </trkpt>
      <trkpt lat="46.10219" lon="4.76333">
        <ele>166.0</ele>
      </trkpt>
      <trkpt lat="46.10213" lon="4.76303">
        <ele>166.0</ele>
      </trkpt>
      <trkpt lat="46.10203" lon="4.7629">
        <ele>166.0</ele>
      </trkpt>
      <trkpt lat="46.10182" lon="4.76292">
        <ele>166.0</ele>
      </trkpt>
      <trkpt lat="46.1017" lon="4.7629">
        <ele>166.0</ele>
      </trkpt>
      <trkpt lat="46.10158" lon="4.76285">
        <ele>166.3</ele>
      </trkpt>
      <trkpt lat="46.10136" lon="4.76276">
        <ele>166.7</ele>
      </trkpt>
      <trkpt lat="46.10128" lon="4.76272">
        <ele>166.7</ele>
      </trkpt>
      <trkpt lat="46.10099" lon="4.76245">
        <ele>166.0</ele>
      </trkpt>
      <trkpt lat="46.10057" lon="4.76195">
        <ele>167.4</ele>
      </trkpt>
      <trkpt lat="46.10015" lon="4.76144">
        <ele>168.4</ele>
      </trkpt>
      <trkpt lat="46.09974" lon="4.761">
        <ele>168.1</ele>
      </trkpt>
      <trkpt lat="46.09932" lon="4.76056">
        <ele>169.8</ele>
      </trkpt>
      <trkpt lat="46.09892" lon="4.76005">
        <ele>170.0</ele>
      </trkpt>
      <trkpt lat="46.09852" lon="4.75955">
        <ele>170.3</ele>
      </trkpt>
      <trkpt lat="46.09812" lon="4.75911">
        <ele>171.4</ele>
      </trkpt>
      <trkpt lat="46.09771" lon="4.75867">
        <ele>170.3</ele>
      </trkpt>
      <trkpt lat="46.09728" lon="4.75827">
        <ele>170.7</ele>
      </trkpt>
      <trkpt lat="46.09685" lon="4.75788">
        <ele>170.0</ele>
      </trkpt>
      <trkpt lat="46.09624" lon="4.75742">
        <ele>169.6</ele>
      </trkpt>
      <trkpt lat="46.09553" lon="4.75697">
        <ele>168.5</ele>
      </trkpt>
      <trkpt lat="46.09483" lon="4.75659">
        <ele>170.5</ele>
      </trkpt>
      <trkpt lat="46.09412" lon="4.75621">
        <ele>173.5</ele>
      </trkpt>
      <trkpt lat="46.09353" lon="4.75589">
        <ele>173.1</ele>
      </trkpt>
      <trkpt lat="46.09294" lon="4.75557">
        <ele>172.8</ele>
      </trkpt>
      <trkpt lat="46.09234" lon="4.75531">
        <ele>174.4</ele>
      </trkpt>
      <trkpt lat="46.09174" lon="4.75505">
        <ele>174.9</ele>
      </trkpt>
      <trkpt lat="46.09114" lon="4.75479">
        <ele>172.4</ele>
      </trkpt>
      <trkpt lat="46.09037" lon="4.75448">
        <ele>172.4</ele>
      </trkpt>
      <trkpt lat="46.0896" lon="4.75417">
        <ele>173.0</ele>
      </trkpt>
      <trkpt lat="46.08885" lon="4.75382">
        <ele>171.5</ele>
      </trkpt>
      <trkpt lat="46.08809" lon="4.75346">
        <ele>173.0</ele>
      </trkpt>
      <trkpt lat="46.08752" lon="4.75336">
        <ele>174.0</ele>
      </trkpt>
      <trkpt lat="46.08697" lon="4.75319">
        <ele>172.6</ele>
      </trkpt>
      <trkpt lat="46.08619" lon="4.75305">
        <ele>172.8</ele>
      </trkpt>
      <trkpt lat="46.08567" lon="4.75299">
        <ele>172.9</ele>
      </trkpt>
      <trkpt lat="46.0855" lon="4.75305">
        <ele>173.7</ele>
      </trkpt>
      <trkpt lat="46.08542" lon="4.75307">
        <ele>173.8</ele>
      </trkpt>
      <trkpt lat="46.08537" lon="4.75312">
        <ele>174.5</ele>
      </trkpt>
      <trkpt lat="46.08525" lon="4.75308">
        <ele>173.9</ele>
      </trkpt>
      <trkpt lat="46.0851" lon="4.75308">
        <ele>173.8</ele>
      </trkpt>
      <trkpt lat="46.08494" lon="4.7531">
        <ele>173.8</ele>
      </trkpt>
      <trkpt lat="46.08461" lon="4.75321">
        <ele>174.6</ele>
      </trkpt>
      <trkpt lat="46.08427" lon="4.75337">
        <ele>175.6</ele>
      </trkpt>
      <trkpt lat="46.08408" lon="4.75346">
        <ele>176.0</ele>
      </trkpt>
      <trkpt lat="46.08397" lon="4.75355">
        <ele>176.4</ele>
      </trkpt>
      <trkpt lat="46.08378" lon="4.75375">
        <ele>176.9</ele>
      </trkpt>
      <trkpt lat="46.08328" lon="4.75439">
        <ele>175.1</ele>
      </trkpt>
      <trkpt lat="46.08283" lon="4.75496">
        <ele>175.3</ele>
      </trkpt>
      <trkpt lat="46.08239" lon="4.75553">
        <ele>177.1</ele>
      </trkpt>
      <trkpt lat="46.08201" lon="4.75603">
        <ele>177.1</ele>
      </trkpt>
      <trkpt lat="46.08163" lon="4.75653">
        <ele>175.8</ele>
      </trkpt>
      <trkpt lat="46.0814" lon="4.75688">
        <ele>176.4</ele>
      </trkpt>
      <trkpt lat="46.08107" lon="4.75621">
        <ele>175.1</ele>
      </trkpt>
      <trkpt lat="46.08093" lon="4.75587">
        <ele>174.2</ele>
      </trkpt>
      <trkpt lat="46.08021" lon="4.75662">
        <ele>175.6</ele>
      </trkpt>
      <trkpt lat="46.08018" lon="4.75657">
        <ele>175.0</ele>
      </trkpt>
      <trkpt lat="46.08014" lon="4.75655">
        <ele>174.8</ele>
      </trkpt>
      <trkpt lat="46.0801" lon="4.75657">
        <ele>174.9</ele>
      </trkpt>
      <trkpt lat="46.07977" lon="4.75688">
        <ele>173.9</ele>
      </trkpt>
      <trkpt lat="46.07974" lon="4.75693">
        <ele>173.8</ele>
      </trkpt>
      <trkpt lat="46.07968" lon="4.75693">
        <ele>173.2</ele>
      </trkpt>
      <trkpt lat="46.07956" lon="4.75706">
        <ele>172.7</ele>
      </trkpt>
      <trkpt lat="46.07884" lon="4.75775">
        <ele>171.2</ele>
      </trkpt>
      <trkpt lat="46.07823" lon="4.7583">
        <ele>171.9</ele>
      </trkpt>
      <trkpt lat="46.07818" lon="4.75838">
        <ele>171.9</ele>
      </trkpt>
      <trkpt lat="46.07817" lon="4.75842">
        <ele>172.0</ele>
      </trkpt>
      <trkpt lat="46.07762" lon="4.75894">
        <ele>172.3</ele>
      </trkpt>
      <trkpt lat="46.07696" lon="4.75949">
        <ele>171.0</ele>
      </trkpt>
      <trkpt lat="46.0764" lon="4.75986">
        <ele>170.5</ele>
      </trkpt>
      <trkpt lat="46.07638" lon="4.75988">
        <ele>170.5</ele>
      </trkpt>
      <trkpt lat="46.07558" lon="4.76046">
        <ele>169.5</ele>
      </trkpt>
      <trkpt lat="46.07543" lon="4.76053">
        <ele>169.9</ele>
      </trkpt>
      <trkpt lat="46.0747" lon="4.7608">
        <ele>172.1</ele>
      </trkpt>
      <trkpt lat="46.07397" lon="4.76108">
        <ele>172.6</ele>
      </trkpt>
      <trkpt lat="46.07324" lon="4.76136">
        <ele>171.3</ele>
      </trkpt>
      <trkpt lat="46.07267" lon="4.7616">
        <ele>168.5</ele>
      </trkpt>
      <trkpt lat="46.0721" lon="4.76184">
        <ele>167.8</ele>
      </trkpt>
      <trkpt lat="46.07157" lon="4.76213">
        <ele>167.5</ele>
      </trkpt>
      <trkpt lat="46.07103" lon="4.76243">
        <ele>167.8</ele>
      </trkpt>
      <trkpt lat="46.07055" lon="4.76264">
        <ele>168.7</ele>
      </trkpt>
      <trkpt lat="46.07007" lon="4.76286">
        <ele>169.8</ele>
      </trkpt>
      <trkpt lat="46.06989" lon="4.76298">
        <ele>170.0</ele>
      </trkpt>
      <trkpt lat="46.06967" lon="4.76309">
        <ele>170.1</ele>
      </trkpt>
      <trkpt lat="46.06915" lon="4.76327">
        <ele>170.6</ele>
      </trkpt>
      <trkpt lat="46.06885" lon="4.76333">
        <ele>170.6</ele>
      </trkpt>
      <trkpt lat="46.0682" lon="4.76354">
        <ele>170.1</ele>
      </trkpt>
      <trkpt lat="46.06799" lon="4.7636">
        <ele>170.4</ele>
      </trkpt>
      <trkpt lat="46.0677" lon="4.76386">
        <ele>171.5</ele>
      </trkpt>
      <trkpt lat="46.0676" lon="4.76385">
        <ele>171.6</ele>
      </trkpt>
      <trkpt lat="46.06695" lon="4.76387">
        <ele>171.7</ele>
      </trkpt>
      <trkpt lat="46.0663" lon="4.76389">
        <ele>170.6</ele>
      </trkpt>
      <trkpt lat="46.06583" lon="4.76378">
        <ele>169.5</ele>
      </trkpt>
      <trkpt lat="46.06535" lon="4.76366">
        <ele>170.8</ele>
      </trkpt>
      <trkpt lat="46.06469" lon="4.76338">
        <ele>171.6</ele>
      </trkpt>
      <trkpt lat="46.06441" lon="4.76329">
        <ele>171.3</ele>
      </trkpt>
      <trkpt lat="46.06385" lon="4.76314">
        <ele>170.4</ele>
      </trkpt>
      <trkpt lat="46.06352" lon="4.763">
        <ele>169.8</ele>
      </trkpt>
      <trkpt lat="46.06282" lon="4.76259">
        <ele>169.6</ele>
      </trkpt>
      <trkpt lat="46.06233" lon="4.76226">
        <ele>169.0</ele>
      </trkpt>
      <trkpt lat="46.06184" lon="4.76193">
        <ele>168.3</ele>
      </trkpt>
      <trkpt lat="46.06128" lon="4.76145">
        <ele>169.2</ele>
      </trkpt>
      <trkpt lat="46.06086" lon="4.76106">
        <ele>171.5</ele>
      </trkpt>
      <trkpt lat="46.06073" lon="4.76098">
        <ele>171.5</ele>
      </trkpt>
      <trkpt lat="46.06009" lon="4.76044">
        <ele>168.2</ele>
      </trkpt>
      <trkpt lat="46.05952" lon="4.75985">
        <ele>168.5</ele>
      </trkpt>
      <trkpt lat="46.05906" lon="4.7593">
        <ele>169.2</ele>
      </trkpt>
      <trkpt lat="46.05847" lon="4.75855">
        <ele>168.6</ele>
      </trkpt>
      <trkpt lat="46.05809" lon="4.75804">
        <ele>168.1</ele>
      </trkpt>
      <trkpt lat="46.05772" lon="4.75753">
        <ele>166.8</ele>
      </trkpt>
      <trkpt lat="46.05738" lon="4.75711">
        <ele>167.2</ele>
      </trkpt>
      <trkpt lat="46.05703" lon="4.75668">
        <ele>168.1</ele>
      </trkpt>
      <trkpt lat="46.05682" lon="4.75645">
        <ele>168.4</ele>
      </trkpt>
      <trkpt lat="46.05672" lon="4.75639">
        <ele>168.5</ele>
      </trkpt>
      <trkpt lat="46.05624" lon="4.75566">
        <ele>168.7</ele>
      </trkpt>
      <trkpt lat="46.05576" lon="4.75494">
        <ele>168.8</ele>
      </trkpt>
      <trkpt lat="46.05518" lon="4.75403">
        <ele>168.0</ele>
      </trkpt>
      <trkpt lat="46.05481" lon="4.75355">
        <ele>167.5</ele>
      </trkpt>
      <trkpt lat="46.05444" lon="4.75307">
        <ele>168.5</ele>
      </trkpt>
      <trkpt lat="46.05422" lon="4.75288">
        <ele>169.3</ele>
      </trkpt>
      <trkpt lat="46.05414" lon="4.75277">
        <ele>169.4</ele>
      </trkpt>
      <trkpt lat="46.05413" lon="4.75272">
        <ele>169.4</ele>
      </trkpt>
      <trkpt lat="46.05408" lon="4.75256">
        <ele>169.3</ele>
      </trkpt>
      <trkpt lat="46.05381" lon="4.7517">
        <ele>170.0</ele>
      </trkpt>
      <trkpt lat="46.05359" lon="4.75108">
        <ele>169.1</ele>
      </trkpt>
      <trkpt lat="46.05338" lon="4.75046">
        <ele>169.8</ele>
      </trkpt>
      <trkpt lat="46.05321" lon="4.74977">
        <ele>169.0</ele>
      </trkpt>
      <trkpt lat="46.053" lon="4.74915">
        <ele>167.2</ele>
      </trkpt>
      <trkpt lat="46.0526" lon="4.74821">
        <ele>168.1</ele>
      </trkpt>
      <trkpt lat="46.0522" lon="4.74727">
        <ele>169.4</ele>
      </trkpt>
      <trkpt lat="46.0518" lon="4.74633">
        <ele>168.9</ele>
      </trkpt>
      <trkpt lat="46.0514" lon="4.74539">
        <ele>168.2</ele>
      </trkpt>
      <trkpt lat="46.05096" lon="4.7445">
        <ele>168.5</ele>
      </trkpt>
      <trkpt lat="46.05066" lon="4.74394">
        <ele>168.6</ele>
      </trkpt>
      <trkpt lat="46.05036" lon="4.74339">
        <ele>168.9</ele>
      </trkpt>
      <trkpt lat="46.04991" lon="4.74284">
        <ele>168.1</ele>
      </trkpt>
      <trkpt lat="46.04974" lon="4.74267">
        <ele>167.4</ele>
      </trkpt>
      <trkpt lat="46.04918" lon="4.74216">
        <ele>167.2</ele>
      </trkpt>
      <trkpt lat="46.04863" lon="4.74166">
        <ele>168.6</ele>
      </trkpt>
      <trkpt lat="46.04838" lon="4.74144">
        <ele>168.8</ele>
      </trkpt>
      <trkpt lat="46.04795" lon="4.74119">
        <ele>168.8</ele>
      </trkpt>
      <trkpt lat="46.04752" lon="4.74094">
        <ele>170.6</ele>
      </trkpt>
      <trkpt lat="46.04733" lon="4.74087">
        <ele>171.1</ele>
      </trkpt>
      <trkpt lat="46.04689" lon="4.74083">
        <ele>171.7</ele>
      </trkpt>
      <trkpt lat="46.04636" lon="4.74079">
        <ele>170.6</ele>
      </trkpt>
      <trkpt lat="46.04611" lon="4.74083">
        <ele>170.0</ele>
      </trkpt>
      <trkpt lat="46.0455" lon="4.741">
        <ele>169.4</ele>
      </trkpt>
      <trkpt lat="46.04498" lon="4.74121">
        <ele>169.9</ele>
      </trkpt>
      <trkpt lat="46.04424" lon="4.74167">
        <ele>167.3</ele>
      </trkpt>
      <trkpt lat="46.0435" lon="4.74214">
        <ele>167.3</ele>
      </trkpt>
      <trkpt lat="46.04299" lon="4.74256">
        <ele>167.3</ele>
      </trkpt>
      <trkpt lat="46.04249" lon="4.74298">
        <ele>167.1</ele>
      </trkpt>
      <trkpt lat="46.04189" lon="4.74358">
        <ele>167.6</ele>
      </trkpt>
      <trkpt lat="46.04183" lon="4.74369">
        <ele>167.7</ele>
      </trkpt>
      <trkpt lat="46.04179" lon="4.74387">
        <ele>167.9</ele>
      </trkpt>
      <trkpt lat="46.04176" lon="4.74393">
        <ele>167.9</ele>
      </trkpt>
      <trkpt lat="46.04172" lon="4.74396">
        <ele>167.9</ele>
      </trkpt>
      <trkpt lat="46.04158" lon="4.74401">
        <ele>167.7</ele>
      </trkpt>
      <trkpt lat="46.04144" lon="4.74409">
        <ele>167.6</ele>
      </trkpt>
      <trkpt lat="46.04097" lon="4.74446">
        <ele>167.8</ele>
      </trkpt>
      <trkpt lat="46.0405" lon="4.74484">
        <ele>168.4</ele>
      </trkpt>
      <trkpt lat="46.04028" lon="4.74505">
        <ele>169.4</ele>
      </trkpt>
      <trkpt lat="46.03983" lon="4.74528">
        <ele>170.1</ele>
      </trkpt>
      <trkpt lat="46.03938" lon="4.74551">
        <ele>170.5</ele>
      </trkpt>
      <trkpt lat="46.03867" lon="4.74587">
        <ele>170.2</ele>
      </trkpt>
      <trkpt lat="46.03799" lon="4.74617">
        <ele>168.8</ele>
      </trkpt>
      <trkpt lat="46.03773" lon="4.74625">
        <ele>168.8</ele>
      </trkpt>
      <trkpt lat="46.03752" lon="4.74637">
        <ele>169.2</ele>
      </trkpt>
      <trkpt lat="46.03714" lon="4.74668">
        <ele>171.5</ele>
      </trkpt>
      <trkpt lat="46.03684" lon="4.74686">
        <ele>172.3</ele>
      </trkpt>
      <trkpt lat="46.03647" lon="4.74698">
        <ele>171.6</ele>
      </trkpt>
      <trkpt lat="46.03624" lon="4.74706">
        <ele>170.6</ele>
      </trkpt>
      <trkpt lat="46.03601" lon="4.74725">
        <ele>170.3</ele>
      </trkpt>
      <trkpt lat="46.03549" lon="4.74754">
        <ele>170.6</ele>
      </trkpt>
      <trkpt lat="46.03503" lon="4.74775">
        <ele>169.8</ele>
      </trkpt>
      <trkpt lat="46.03459" lon="4.74792">
        <ele>169.0</ele>
      </trkpt>
      <trkpt lat="46.03391" lon="4.74822">
        <ele>170.6</ele>
      </trkpt>
      <trkpt lat="46.03364" lon="4.74822">
        <ele>171.7</ele>
      </trkpt>
      <trkpt lat="46.03341" lon="4.7483">
        <ele>173.4</ele>
      </trkpt>
      <trkpt lat="46.03321" lon="4.74832">
        <ele>173.7</ele>
      </trkpt>
      <trkpt lat="46.03283" lon="4.74821">
        <ele>172.3</ele>
      </trkpt>
      <trkpt lat="46.03269" lon="4.74813">
        <ele>171.5</ele>
      </trkpt>
      <trkpt lat="46.0326" lon="4.74809">
        <ele>171.1</ele>
      </trkpt>
      <trkpt lat="46.0325" lon="4.74809">
        <ele>171.0</ele>
      </trkpt>
      <trkpt lat="46.03238" lon="4.74813">
        <ele>170.8</ele>
      </trkpt>
      <trkpt lat="46.03227" lon="4.74822">
        <ele>170.9</ele>
      </trkpt>
      <trkpt lat="46.03193" lon="4.74844">
        <ele>169.8</ele>
      </trkpt>
      <trkpt lat="46.03158" lon="4.74862">
        <ele>168.5</ele>
      </trkpt>
      <trkpt lat="46.03147" lon="4.74865">
        <ele>168.3</ele>
      </trkpt>
      <trkpt lat="46.03067" lon="4.74878">
        <ele>167.1</ele>
      </trkpt>
      <trkpt lat="46.02988" lon="4.74892">
        <ele>167.6</ele>
      </trkpt>
      <trkpt lat="46.02956" lon="4.74896">
        <ele>167.2</ele>
      </trkpt>
      <trkpt lat="46.02933" lon="4.74903">
        <ele>167.0</ele>
      </trkpt>
      <trkpt lat="46.02896" lon="4.7491">
        <ele>167.4</ele>
      </trkpt>
      <trkpt lat="46.02885" lon="4.74911">
        <ele>167.7</ele>
      </trkpt>
      <trkpt lat="46.02809" lon="4.74905">
        <ele>170.3</ele>
      </trkpt>
      <trkpt lat="46.02792" lon="4.74902">
        <ele>171.3</ele>
      </trkpt>
      <trkpt lat="46.0278" lon="4.749">
        <ele>171.8</ele>
      </trkpt>
      <trkpt lat="46.02775" lon="4.749">
        <ele>172.1</ele>
      </trkpt>
      <trkpt lat="46.02759" lon="4.74891">
        <ele>172.6</ele>
      </trkpt>
      <trkpt lat="46.02698" lon="4.7485">
        <ele>169.6</ele>
      </trkpt>
      <trkpt lat="46.02639" lon="4.7483">
        <ele>168.3</ele>
      </trkpt>
      <trkpt lat="46.02581" lon="4.74809">
        <ele>169.3</ele>
      </trkpt>
      <trkpt lat="46.02522" lon="4.74789">
        <ele>168.8</ele>
      </trkpt>
      <trkpt lat="46.02482" lon="4.74776">
        <ele>168.5</ele>
      </trkpt>
      <trkpt lat="46.02454" lon="4.74756">
        <ele>168.6</ele>
      </trkpt>
      <trkpt lat="46.02402" lon="4.7474">
        <ele>168.9</ele>
      </trkpt>
      <trkpt lat="46.02358" lon="4.74721">
        <ele>169.1</ele>
      </trkpt>
      <trkpt lat="46.02315" lon="4.74701">
        <ele>169.6</ele>
      </trkpt>
      <trkpt lat="46.02267" lon="4.74677">
        <ele>170.4</ele>
      </trkpt>
      <trkpt lat="46.0219" lon="4.74636">
        <ele>170.2</ele>
      </trkpt>
      <trkpt lat="46.02108" lon="4.74603">
        <ele>170.8</ele>
      </trkpt>
      <trkpt lat="46.02066" lon="4.7459">
        <ele>171.4</ele>
      </trkpt>
      <trkpt lat="46.02027" lon="4.74582">
        <ele>172.3</ele>
      </trkpt>
      <trkpt lat="46.01956" lon="4.74574">
        <ele>172.0</ele>
      </trkpt>
      <trkpt lat="46.01904" lon="4.74574">
        <ele>171.3</ele>
      </trkpt>
      <trkpt lat="46.01852" lon="4.74575">
        <ele>170.4</ele>
      </trkpt>
      <trkpt lat="46.0181" lon="4.74584">
        <ele>170.0</ele>
      </trkpt>
      <trkpt lat="46.01773" lon="4.74595">
        <ele>170.8</ele>
      </trkpt>
      <trkpt lat="46.01722" lon="4.74612">
        <ele>172.5</ele>
      </trkpt>
      <trkpt lat="46.01653" lon="4.74646">
        <ele>173.5</ele>
      </trkpt>
      <trkpt lat="46.01582" lon="4.74683">
        <ele>170.6</ele>
      </trkpt>
      <trkpt lat="46.01528" lon="4.74721">
        <ele>169.4</ele>
      </trkpt>
      <trkpt lat="46.01476" lon="4.74755">
        <ele>171.2</ele>
      </trkpt>
      <trkpt lat="46.01443" lon="4.7478">
        <ele>170.8</ele>
      </trkpt>
      <trkpt lat="46.01406" lon="4.74816">
        <ele>169.5</ele>
      </trkpt>
      <trkpt lat="46.01357" lon="4.7488">
        <ele>169.2</ele>
      </trkpt>
      <trkpt lat="46.01334" lon="4.74897">
        <ele>169.7</ele>
      </trkpt>
      <trkpt lat="46.01306" lon="4.74912">
        <ele>169.9</ele>
      </trkpt>
      <trkpt lat="46.01261" lon="4.7494">
        <ele>169.6</ele>
      </trkpt>
      <trkpt lat="46.01217" lon="4.74968">
        <ele>169.3</ele>
      </trkpt>
      <trkpt lat="46.01168" lon="4.74996">
        <ele>170.7</ele>
      </trkpt>
      <trkpt lat="46.01163" lon="4.74998">
        <ele>170.8</ele>
      </trkpt>
      <trkpt lat="46.01162" lon="4.74998">
        <ele>170.8</ele>
      </trkpt>
      <trkpt lat="46.0116" lon="4.74999">
        <ele>170.9</ele>
      </trkpt>
      <trkpt lat="46.01159" lon="4.74999">
        <ele>170.9</ele>
      </trkpt>
      <trkpt lat="46.0108" lon="4.7503">
        <ele>169.9</ele>
      </trkpt>
      <trkpt lat="46.01035" lon="4.75048">
        <ele>172.3</ele>
      </trkpt>
      <trkpt lat="46.00994" lon="4.75061">
        <ele>174.1</ele>
      </trkpt>
      <trkpt lat="46.00983" lon="4.75062">
        <ele>173.8</ele>
      </trkpt>
      <trkpt lat="46.00975" lon="4.75062">
        <ele>173.6</ele>
      </trkpt>
      <trkpt lat="46.00914" lon="4.75079">
        <ele>173.6</ele>
      </trkpt>
      <trkpt lat="46.00883" lon="4.75087">
        <ele>173.8</ele>
      </trkpt>
      <trkpt lat="46.00852" lon="4.7509">
        <ele>173.6</ele>
      </trkpt>
      <trkpt lat="46.00807" lon="4.75086">
        <ele>173.5</ele>
      </trkpt>
      <trkpt lat="46.0074" lon="4.75069">
        <ele>173.0</ele>
      </trkpt>
      <trkpt lat="46.0074" lon="4.75069">
        <ele>173.0</ele>
      </trkpt>
      <trkpt lat="46.00706" lon="4.75068">
        <ele>173.8</ele>
      </trkpt>
      <trkpt lat="46.00625" lon="4.75071">
        <ele>175.4</ele>
      </trkpt>
      <trkpt lat="46.00545" lon="4.75075">
        <ele>174.6</ele>
      </trkpt>
      <trkpt lat="46.00495" lon="4.75074">
        <ele>173.0</ele>
      </trkpt>
      <trkpt lat="46.00444" lon="4.75073">
        <ele>172.4</ele>
      </trkpt>
      <trkpt lat="46.00395" lon="4.75065">
        <ele>171.7</ele>
      </trkpt>
      <trkpt lat="46.00377" lon="4.75067">
        <ele>172.0</ele>
      </trkpt>
      <trkpt lat="46.00368" lon="4.75064">
        <ele>171.8</ele>
      </trkpt>
      <trkpt lat="46.0032" lon="4.75037">
        <ele>170.1</ele>
      </trkpt>
      <trkpt lat="46.00273" lon="4.7501">
        <ele>170.9</ele>
      </trkpt>
      <trkpt lat="46.00253" lon="4.74999">
        <ele>171.8</ele>
      </trkpt>
      <trkpt lat="46.00239" lon="4.74994">
        <ele>171.4</ele>
      </trkpt>
      <trkpt lat="46.0024" lon="4.74985">
        <ele>170.8</ele>
      </trkpt>
      <trkpt lat="46.00211" lon="4.74975">
        <ele>169.9</ele>
      </trkpt>
      <trkpt lat="46.00205" lon="4.74974">
        <ele>169.8</ele>
      </trkpt>
      <trkpt lat="46.00195" lon="4.74977">
        <ele>169.9</ele>
      </trkpt>
      <trkpt lat="46.0018" lon="4.74994">
        <ele>170.8</ele>
      </trkpt>
      <trkpt lat="46.00171" lon="4.75001">
        <ele>171.1</ele>
      </trkpt>
      <trkpt lat="46.00157" lon="4.75003">
        <ele>171.1</ele>
      </trkpt>
      <trkpt lat="46.00099" lon="4.75017">
        <ele>171.5</ele>
      </trkpt>
      <trkpt lat="46.00033" lon="4.75022">
        <ele>172.0</ele>
      </trkpt>
      <trkpt lat="45.99979" lon="4.7504">
        <ele>171.3</ele>
      </trkpt>
      <trkpt lat="45.99928" lon="4.75062">
        <ele>169.5</ele>
      </trkpt>
      <trkpt lat="45.99878" lon="4.75083">
        <ele>171.3</ele>
      </trkpt>
      <trkpt lat="45.99875" lon="4.75088">
        <ele>171.6</ele>
      </trkpt>
      <trkpt lat="45.99871" lon="4.75104">
        <ele>171.8</ele>
      </trkpt>
      <trkpt lat="45.99825" lon="4.75117">
        <ele>172.9</ele>
      </trkpt>
      <trkpt lat="45.9978" lon="4.7513">
        <ele>174.2</ele>
      </trkpt>
      <trkpt lat="45.99722" lon="4.75145">
        <ele>173.4</ele>
      </trkpt>
      <trkpt lat="45.99664" lon="4.75159">
        <ele>172.0</ele>
      </trkpt>
      <trkpt lat="45.9965" lon="4.75161">
        <ele>172.4</ele>
      </trkpt>
      <trkpt lat="45.99643" lon="4.7516">
        <ele>172.6</ele>
      </trkpt>
      <trkpt lat="45.99634" lon="4.75155">
        <ele>172.6</ele>
      </trkpt>
      <trkpt lat="45.99622" lon="4.75146">
        <ele>172.3</ele>
      </trkpt>
      <trkpt lat="45.99614" lon="4.75141">
        <ele>172.0</ele>
      </trkpt>
      <trkpt lat="45.99589" lon="4.7514">
        <ele>172.1</ele>
      </trkpt>
      <trkpt lat="45.99578" lon="4.75144">
        <ele>172.2</ele>
      </trkpt>
      <trkpt lat="45.99571" lon="4.7515">
        <ele>172.5</ele>
      </trkpt>
      <trkpt lat="45.99565" lon="4.75164">
        <ele>173.4</ele>
      </trkpt>
      <trkpt lat="45.99562" lon="4.75176">
        <ele>173.2</ele>
      </trkpt>
      <trkpt lat="45.99556" lon="4.75185">
        <ele>172.8</ele>
      </trkpt>
      <trkpt lat="45.99521" lon="4.75192">
        <ele>170.7</ele>
      </trkpt>
      <trkpt lat="45.99485" lon="4.75207">
        <ele>170.0</ele>
      </trkpt>
      <trkpt lat="45.99452" lon="4.75212">
        <ele>170.1</ele>
      </trkpt>
      <trkpt lat="45.99414" lon="4.75222">
        <ele>170.3</ele>
      </trkpt>
      <trkpt lat="45.99341" lon="4.75226">
        <ele>169.1</ele>
      </trkpt>
      <trkpt lat="45.99324" lon="4.75218">
        <ele>168.9</ele>
      </trkpt>
      <trkpt lat="45.99298" lon="4.75217">
        <ele>168.5</ele>
      </trkpt>
      <trkpt lat="45.99247" lon="4.75218">
        <ele>167.9</ele>
      </trkpt>
      <trkpt lat="45.99182" lon="4.75201">
        <ele>168.2</ele>
      </trkpt>
      <trkpt lat="45.9911" lon="4.75193">
        <ele>167.4</ele>
      </trkpt>
      <trkpt lat="45.99059" lon="4.75192">
        <ele>166.8</ele>
      </trkpt>
      <trkpt lat="45.99008" lon="4.7519">
        <ele>166.5</ele>
      </trkpt>
      <trkpt lat="45.98972" lon="4.7519">
        <ele>166.4</ele>
      </trkpt>
      <trkpt lat="45.98925" lon="4.75194">
        <ele>166.7</ele>
      </trkpt>
      <trkpt lat="45.98906" lon="4.75203">
        <ele>167.3</ele>
      </trkpt>
      <trkpt lat="45.9886" lon="4.75209">
        <ele>168.2</ele>
      </trkpt>
      <trkpt lat="45.98814" lon="4.75215">
        <ele>168.3</ele>
      </trkpt>
      <trkpt lat="45.98789" lon="4.75218">
        <ele>168.1</ele>
      </trkpt>
      <trkpt lat="45.98781" lon="4.75217">
        <ele>168.0</ele>
      </trkpt>
      <trkpt lat="45.98774" lon="4.75216">
        <ele>167.9</ele>
      </trkpt>
      <trkpt lat="45.98771" lon="4.75216">
        <ele>167.8</ele>
      </trkpt>
      <trkpt lat="45.98763" lon="4.75213">
        <ele>167.7</ele>
      </trkpt>
      <trkpt lat="45.98758" lon="4.75208">
        <ele>167.6</ele>
      </trkpt>
      <trkpt lat="45.98732" lon="4.75195">
        <ele>167.8</ele>
      </trkpt>
      <trkpt lat="45.98722" lon="4.75191">
        <ele>168.1</ele>
      </trkpt>
      <trkpt lat="45.98705" lon="4.75187">
        <ele>168.5</ele>
      </trkpt>
      <trkpt lat="45.98681" lon="4.75188">
        <ele>169.1</ele>
      </trkpt>
      <trkpt lat="45.98659" lon="4.75191">
        <ele>169.9</ele>
      </trkpt>
      <trkpt lat="45.98611" lon="4.75191">
        <ele>171.9</ele>
      </trkpt>
      <trkpt lat="45.98603" lon="4.75189">
        <ele>172.2</ele>
      </trkpt>
      <trkpt lat="45.98597" lon="4.75183">
        <ele>172.4</ele>
      </trkpt>
      <trkpt lat="45.98596" lon="4.75188">
        <ele>172.5</ele>
      </trkpt>
      <trkpt lat="45.98627" lon="4.75221">
        <ele>171.6</ele>
      </trkpt>
      <trkpt lat="45.9858" lon="4.75223">
        <ele>173.0</ele>
      </trkpt>
      <trkpt lat="45.98533" lon="4.75226">
        <ele>173.0</ele>
      </trkpt>
      <trkpt lat="45.98523" lon="4.75249">
        <ele>173.0</ele>
      </trkpt>
      <trkpt lat="45.98529" lon="4.75274">
        <ele>173.1</ele>
      </trkpt>
      <trkpt lat="45.98529" lon="4.7528">
        <ele>173.1</ele>
      </trkpt>
      <trkpt lat="45.98528" lon="4.75285">
        <ele>173.1</ele>
      </trkpt>
      <trkpt lat="45.98524" lon="4.75296">
        <ele>173.2</ele>
      </trkpt>
      <trkpt lat="45.98521" lon="4.75297">
        <ele>173.1</ele>
      </trkpt>
      <trkpt lat="45.98517" lon="4.75302">
        <ele>173.1</ele>
      </trkpt>
      <trkpt lat="45.98513" lon="4.75307">
        <ele>173.1</ele>
      </trkpt>
      <trkpt lat="45.98508" lon="4.7531">
        <ele>173.1</ele>
      </trkpt>
      <trkpt lat="45.98499" lon="4.7531">
        <ele>173.0</ele>
      </trkpt>
      <trkpt lat="45.98449" lon="4.75304">
        <ele>173.2</ele>
      </trkpt>
      <trkpt lat="45.98449" lon="4.75292">
        <ele>173.3</ele>
      </trkpt>
      <trkpt lat="45.98439" lon="4.75291">
        <ele>173.4</ele>
      </trkpt>
      <trkpt lat="45.98437" lon="4.75295">
        <ele>173.3</ele>
      </trkpt>
      <trkpt lat="45.98434" lon="4.75298">
        <ele>173.3</ele>
      </trkpt>
      <trkpt lat="45.98432" lon="4.75299">
        <ele>173.3</ele>
      </trkpt>
      <trkpt lat="45.98399" lon="4.75298">
        <ele>173.2</ele>
      </trkpt>
      <trkpt lat="45.98372" lon="4.75303">
        <ele>173.0</ele>
      </trkpt>
      <trkpt lat="45.98326" lon="4.75318">
        <ele>172.9</ele>
      </trkpt>
      <trkpt lat="45.98284" lon="4.75331">
        <ele>173.6</ele>
      </trkpt>
      <trkpt lat="45.98276" lon="4.75332">
        <ele>173.7</ele>
      </trkpt>
      <trkpt lat="45.98266" lon="4.75332">
        <ele>173.8</ele>
      </trkpt>
      <trkpt lat="45.98249" lon="4.75327">
        <ele>173.8</ele>
      </trkpt>
      <trkpt lat="45.98225" lon="4.75316">
        <ele>173.4</ele>
      </trkpt>
      <trkpt lat="45.98207" lon="4.75311">
        <ele>173.0</ele>
      </trkpt>
      <trkpt lat="45.98197" lon="4.75311">
        <ele>172.9</ele>
      </trkpt>
      <trkpt lat="45.9818" lon="4.75316">
        <ele>173.2</ele>
      </trkpt>
      <trkpt lat="45.98141" lon="4.75337">
        <ele>172.4</ele>
      </trkpt>
      <trkpt lat="45.98138" lon="4.75337">
        <ele>172.0</ele>
      </trkpt>
      <trkpt lat="45.98132" lon="4.75329">
        <ele>171.0</ele>
      </trkpt>
      <trkpt lat="45.98123" lon="4.75329">
        <ele>170.0</ele>
      </trkpt>
      <trkpt lat="45.98098" lon="4.75347">
        <ele>168.5</ele>
      </trkpt>
      <trkpt lat="45.98078" lon="4.75357">
        <ele>167.9</ele>
      </trkpt>
      <trkpt lat="45.98066" lon="4.75364">
        <ele>168.3</ele>
      </trkpt>
      <trkpt lat="45.98048" lon="4.75373">
        <ele>168.6</ele>
      </trkpt>
      <trkpt lat="45.98026" lon="4.75388">
        <ele>168.8</ele>
      </trkpt>
      <trkpt lat="45.97974" lon="4.75417">
        <ele>168.1</ele>
      </trkpt>
      <trkpt lat="45.97922" lon="4.75446">
        <ele>167.2</ele>
      </trkpt>
      <trkpt lat="45.9787" lon="4.7548">
        <ele>167.0</ele>
      </trkpt>
      <trkpt lat="45.97833" lon="4.75502">
        <ele>166.1</ele>
      </trkpt>
      <trkpt lat="45.97793" lon="4.75529">
        <ele>167.2</ele>
      </trkpt>
      <trkpt lat="45.97736" lon="4.75562">
        <ele>169.2</ele>
      </trkpt>
      <trkpt lat="45.97711" lon="4.75575">
        <ele>170.5</ele>
      </trkpt>
      <trkpt lat="45.97669" lon="4.75593">
        <ele>171.6</ele>
      </trkpt>
      <trkpt lat="45.97657" lon="4.75596">
        <ele>171.0</ele>
      </trkpt>
      <trkpt lat="45.97641" lon="4.75608">
        <ele>170.0</ele>
      </trkpt>
      <trkpt lat="45.97633" lon="4.75611">
        <ele>169.7</ele>
      </trkpt>
      <trkpt lat="45.97618" lon="4.75613">
        <ele>169.1</ele>
      </trkpt>
      <trkpt lat="45.97599" lon="4.75623">
        <ele>168.8</ele>
      </trkpt>
      <trkpt lat="45.97585" lon="4.75627">
        <ele>168.7</ele>
      </trkpt>
      <trkpt lat="45.97566" lon="4.75638">
        <ele>169.1</ele>
      </trkpt>
      <trkpt lat="45.97546" lon="4.75643">
        <ele>169.3</ele>
      </trkpt>
      <trkpt lat="45.97531" lon="4.75645">
        <ele>169.2</ele>
      </trkpt>
      <trkpt lat="45.97508" lon="4.75656">
        <ele>169.6</ele>
      </trkpt>
      <trkpt lat="45.97484" lon="4.75664">
        <ele>169.7</ele>
      </trkpt>
      <trkpt lat="45.97458" lon="4.75666">
        <ele>169.5</ele>
      </trkpt>
      <trkpt lat="45.974" lon="4.75669">
        <ele>170.4</ele>
      </trkpt>
      <trkpt lat="45.97343" lon="4.75671">
        <ele>175.3</ele>
      </trkpt>
      <trkpt lat="45.97278" lon="4.7566">
        <ele>174.0</ele>
      </trkpt>
      <trkpt lat="45.97247" lon="4.75651">
        <ele>172.6</ele>
      </trkpt>
      <trkpt lat="45.97163" lon="4.75621">
        <ele>175.0</ele>
      </trkpt>
      <trkpt lat="45.97125" lon="4.75599">
        <ele>175.0</ele>
      </trkpt>
      <trkpt lat="45.97097" lon="4.75575">
        <ele>173.8</ele>
      </trkpt>
      <trkpt lat="45.97083" lon="4.75566">
        <ele>173.2</ele>
      </trkpt>
      <trkpt lat="45.97062" lon="4.75561">
        <ele>173.5</ele>
      </trkpt>
      <trkpt lat="45.97037" lon="4.75556">
        <ele>173.9</ele>
      </trkpt>
      <trkpt lat="45.97021" lon="4.75543">
        <ele>172.5</ele>
      </trkpt>
      <trkpt lat="45.97015" lon="4.7554">
        <ele>172.2</ele>
      </trkpt>
      <trkpt lat="45.96973" lon="4.75527">
        <ele>172.3</ele>
      </trkpt>
      <trkpt lat="45.96896" lon="4.755">
        <ele>173.2</ele>
      </trkpt>
      <trkpt lat="45.96863" lon="4.75485">
        <ele>172.3</ele>
      </trkpt>
      <trkpt lat="45.96815" lon="4.75468">
        <ele>172.5</ele>
      </trkpt>
      <trkpt lat="45.96778" lon="4.75449">
        <ele>172.3</ele>
      </trkpt>
      <trkpt lat="45.96751" lon="4.75437">
        <ele>171.4</ele>
      </trkpt>
      <trkpt lat="45.96719" lon="4.75418">
        <ele>170.7</ele>
      </trkpt>
      <trkpt lat="45.96676" lon="4.7539">
        <ele>172.1</ele>
      </trkpt>
      <trkpt lat="45.96616" lon="4.75343">
        <ele>173.8</ele>
      </trkpt>
      <trkpt lat="45.96538" lon="4.75278">
        <ele>172.9</ele>
      </trkpt>
      <trkpt lat="45.96489" lon="4.75236">
        <ele>170.7</ele>
      </trkpt>
      <trkpt lat="45.96439" lon="4.75194">
        <ele>170.1</ele>
      </trkpt>
      <trkpt lat="45.96427" lon="4.75187">
        <ele>169.5</ele>
      </trkpt>
      <trkpt lat="45.96405" lon="4.75169">
        <ele>167.1</ele>
      </trkpt>
      <trkpt lat="45.96374" lon="4.75141">
        <ele>167.8</ele>
      </trkpt>
      <trkpt lat="45.9635" lon="4.75117">
        <ele>167.6</ele>
      </trkpt>
      <trkpt lat="45.96324" lon="4.75093">
        <ele>167.2</ele>
      </trkpt>
      <trkpt lat="45.96311" lon="4.75083">
        <ele>167.3</ele>
      </trkpt>
      <trkpt lat="45.96294" lon="4.75071">
        <ele>168.0</ele>
      </trkpt>
      <trkpt lat="45.96275" lon="4.75056">
        <ele>168.4</ele>
      </trkpt>
      <trkpt lat="45.96251" lon="4.75035">
        <ele>168.1</ele>
      </trkpt>
      <trkpt lat="45.96213" lon="4.74996">
        <ele>168.6</ele>
      </trkpt>
      <trkpt lat="45.96184" lon="4.74977">
        <ele>169.4</ele>
      </trkpt>
      <trkpt lat="45.96163" lon="4.74956">
        <ele>169.2</ele>
      </trkpt>
      <trkpt lat="45.96114" lon="4.74898">
        <ele>169.9</ele>
      </trkpt>
      <trkpt lat="45.96101" lon="4.7488">
        <ele>169.5</ele>
      </trkpt>
      <trkpt lat="45.96086" lon="4.74861">
        <ele>168.6</ele>
      </trkpt>
      <trkpt lat="45.96064" lon="4.7484">
        <ele>169.3</ele>
      </trkpt>
      <trkpt lat="45.96057" lon="4.74831">
        <ele>169.7</ele>
      </trkpt>
      <trkpt lat="45.96046" lon="4.7481">
        <ele>169.9</ele>
      </trkpt>
      <trkpt lat="45.96028" lon="4.74784">
        <ele>169.2</ele>
      </trkpt>
      <trkpt lat="45.95989" lon="4.74743">
        <ele>167.7</ele>
      </trkpt>
      <trkpt lat="45.95974" lon="4.74722">
        <ele>169.4</ele>
      </trkpt>
      <trkpt lat="45.95936" lon="4.74662">
        <ele>171.1</ele>
      </trkpt>
      <trkpt lat="45.95911" lon="4.7462">
        <ele>169.7</ele>
      </trkpt>
      <trkpt lat="45.95877" lon="4.74557">
        <ele>170.6</ele>
      </trkpt>
      <trkpt lat="45.95843" lon="4.74494">
        <ele>172.1</ele>
      </trkpt>
      <trkpt lat="45.95792" lon="4.74403">
        <ele>173.7</ele>
      </trkpt>
      <trkpt lat="45.95741" lon="4.74312">
        <ele>173.0</ele>
      </trkpt>
      <trkpt lat="45.95708" lon="4.74249">
        <ele>172.0</ele>
      </trkpt>
      <trkpt lat="45.95661" lon="4.74172">
        <ele>173.9</ele>
      </trkpt>
      <trkpt lat="45.95614" lon="4.74095">
        <ele>172.3</ele>
      </trkpt>
      <trkpt lat="45.95571" lon="4.74027">
        <ele>171.3</ele>
      </trkpt>
      <trkpt lat="45.95538" lon="4.73973">
        <ele>171.2</ele>
      </trkpt>
      <trkpt lat="45.95509" lon="4.73929">
        <ele>171.1</ele>
      </trkpt>
      <trkpt lat="45.95466" lon="4.73867">
        <ele>171.1</ele>
      </trkpt>
      <trkpt lat="45.95423" lon="4.73805">
        <ele>171.2</ele>
      </trkpt>
      <trkpt lat="45.9538" lon="4.73743">
        <ele>173.1</ele>
      </trkpt>
      <trkpt lat="45.95339" lon="4.73682">
        <ele>171.0</ele>
      </trkpt>
      <trkpt lat="45.95298" lon="4.73621">
        <ele>171.8</ele>
      </trkpt>
      <trkpt lat="45.95249" lon="4.73568">
        <ele>171.4</ele>
      </trkpt>
      <trkpt lat="45.9524" lon="4.7356">
        <ele>171.7</ele>
      </trkpt>
      <trkpt lat="45.95204" lon="4.73624">
        <ele>182.7</ele>
      </trkpt>
      <trkpt lat="45.95168" lon="4.73688">
        <ele>187.9</ele>
      </trkpt>
      <trkpt lat="45.95147" lon="4.73723">
        <ele>188.2</ele>
      </trkpt>
      <trkpt lat="45.95139" lon="4.7373">
        <ele>188.3</ele>
      </trkpt>
      <trkpt lat="45.95127" lon="4.73749">
        <ele>188.5</ele>
      </trkpt>
      <trkpt lat="45.95121" lon="4.73754">
        <ele>188.6</ele>
      </trkpt>
      <trkpt lat="45.95113" lon="4.73779">
        <ele>189.2</ele>
      </trkpt>
      <trkpt lat="45.95081" lon="4.73845">
        <ele>189.6</ele>
      </trkpt>
      <trkpt lat="45.95064" lon="4.73883">
        <ele>188.3</ele>
      </trkpt>
      <trkpt lat="45.95043" lon="4.73943">
        <ele>186.4</ele>
      </trkpt>
      <trkpt lat="45.95022" lon="4.73984">
        <ele>184.9</ele>
      </trkpt>
      <trkpt lat="45.94978" lon="4.74033">
        <ele>185.9</ele>
      </trkpt>
      <trkpt lat="45.94933" lon="4.74083">
        <ele>188.2</ele>
      </trkpt>
      <trkpt lat="45.94859" lon="4.7415">
        <ele>189.7</ele>
      </trkpt>
      <trkpt lat="45.94785" lon="4.74218">
        <ele>187.5</ele>
      </trkpt>
      <trkpt lat="45.94711" lon="4.74285">
        <ele>182.8</ele>
      </trkpt>
      <trkpt lat="45.94694" lon="4.74302">
        <ele>181.5</ele>
      </trkpt>
      <trkpt lat="45.94645" lon="4.74367">
        <ele>176.4</ele>
      </trkpt>
      <trkpt lat="45.94618" lon="4.74411">
        <ele>174.0</ele>
      </trkpt>
      <trkpt lat="45.94585" lon="4.74458">
        <ele>172.5</ele>
      </trkpt>
      <trkpt lat="45.94568" lon="4.74479">
        <ele>172.2</ele>
      </trkpt>
      <trkpt lat="45.94512" lon="4.74558">
        <ele>172.1</ele>
      </trkpt>
      <trkpt lat="45.94491" lon="4.74584">
        <ele>172.0</ele>
      </trkpt>
      <trkpt lat="45.94478" lon="4.74591">
        <ele>171.9</ele>
      </trkpt>
      <trkpt lat="45.94397" lon="4.74618">
        <ele>171.2</ele>
      </trkpt>
      <trkpt lat="45.94359" lon="4.74622">
        <ele>171.3</ele>
      </trkpt>
      <trkpt lat="45.94347" lon="4.74621">
        <ele>171.4</ele>
      </trkpt>
      <trkpt lat="45.94347" lon="4.74626">
        <ele>171.4</ele>
      </trkpt>
      <trkpt lat="45.94345" lon="4.74643">
        <ele>171.5</ele>
      </trkpt>
      <trkpt lat="45.94339" lon="4.74701">
        <ele>171.6</ele>
      </trkpt>
      <trkpt lat="45.94333" lon="4.74745">
        <ele>171.0</ele>
      </trkpt>
      <trkpt lat="45.94317" lon="4.7481">
        <ele>172.5</ele>
      </trkpt>
      <trkpt lat="45.94301" lon="4.74876">
        <ele>174.0</ele>
      </trkpt>
      <trkpt lat="45.94276" lon="4.74967">
        <ele>174.5</ele>
      </trkpt>
      <trkpt lat="45.94251" lon="4.75059">
        <ele>173.3</ele>
      </trkpt>
      <trkpt lat="45.94239" lon="4.75112">
        <ele>172.2</ele>
      </trkpt>
      <trkpt lat="45.94215" lon="4.75206">
        <ele>171.2</ele>
      </trkpt>
      <trkpt lat="45.94204" lon="4.75253">
        <ele>171.3</ele>
      </trkpt>
      <trkpt lat="45.94189" lon="4.75358">
        <ele>170.6</ele>
      </trkpt>
      <trkpt lat="45.94183" lon="4.75397">
        <ele>170.3</ele>
      </trkpt>
      <trkpt lat="45.94175" lon="4.75429">
        <ele>170.5</ele>
      </trkpt>
      <trkpt lat="45.94172" lon="4.75432">
        <ele>170.6</ele>
      </trkpt>
      <trkpt lat="45.9417" lon="4.75439">
        <ele>170.8</ele>
      </trkpt>
      <trkpt lat="45.9417" lon="4.75443">
        <ele>171.0</ele>
      </trkpt>
      <trkpt lat="45.94172" lon="4.7545">
        <ele>171.2</ele>
      </trkpt>
      <trkpt lat="45.94174" lon="4.75453">
        <ele>171.4</ele>
      </trkpt>
      <trkpt lat="45.94175" lon="4.7547">
        <ele>172.0</ele>
      </trkpt>
      <trkpt lat="45.94173" lon="4.75494">
        <ele>172.8</ele>
      </trkpt>
      <trkpt lat="45.94169" lon="4.75532">
        <ele>173.0</ele>
      </trkpt>
      <trkpt lat="45.94163" lon="4.75651">
        <ele>172.9</ele>
      </trkpt>
      <trkpt lat="45.94163" lon="4.75729">
        <ele>173.7</ele>
      </trkpt>
      <trkpt lat="45.94166" lon="4.75812">
        <ele>174.0</ele>
      </trkpt>
      <trkpt lat="45.94169" lon="4.75895">
        <ele>174.8</ele>
      </trkpt>
      <trkpt lat="45.94175" lon="4.76017">
        <ele>178.2</ele>
      </trkpt>
      <trkpt lat="45.9418" lon="4.7614">
        <ele>180.0</ele>
      </trkpt>
      <trkpt lat="45.94179" lon="4.76163">
        <ele>180.5</ele>
      </trkpt>
      <trkpt lat="45.94165" lon="4.76257">
        <ele>180.9</ele>
      </trkpt>
      <trkpt lat="45.94138" lon="4.76255">
        <ele>178.9</ele>
      </trkpt>
      <trkpt lat="45.94112" lon="4.7626">
        <ele>176.7</ele>
      </trkpt>
      <trkpt lat="45.94094" lon="4.76261">
        <ele>175.3</ele>
      </trkpt>
      <trkpt lat="45.94082" lon="4.76269">
        <ele>174.0</ele>
      </trkpt>
      <trkpt lat="45.94076" lon="4.76277">
        <ele>173.3</ele>
      </trkpt>
      <trkpt lat="45.9406" lon="4.76295">
        <ele>171.6</ele>
      </trkpt>
      <trkpt lat="45.94048" lon="4.76319">
        <ele>170.2</ele>
      </trkpt>
      <trkpt lat="45.94038" lon="4.76351">
        <ele>169.5</ele>
      </trkpt>
      <trkpt lat="45.94027" lon="4.76372">
        <ele>169.3</ele>
      </trkpt>
      <trkpt lat="45.94009" lon="4.76392">
        <ele>168.5</ele>
      </trkpt>
      <trkpt lat="45.94" lon="4.76405">
        <ele>168.0</ele>
      </trkpt>
      <trkpt lat="45.93993" lon="4.7642">
        <ele>168.2</ele>
      </trkpt>
      <trkpt lat="45.93989" lon="4.7644">
        <ele>169.0</ele>
      </trkpt>
      <trkpt lat="45.93988" lon="4.76462">
        <ele>169.8</ele>
      </trkpt>
      <trkpt lat="45.9399" lon="4.76561">
        <ele>171.7</ele>
      </trkpt>
      <trkpt lat="45.93992" lon="4.76582">
        <ele>171.9</ele>
      </trkpt>
      <trkpt lat="45.94004" lon="4.76619">
        <ele>172.0</ele>
      </trkpt>
      <trkpt lat="45.94015" lon="4.76648">
        <ele>172.2</ele>
      </trkpt>
      <trkpt lat="45.94018" lon="4.76666">
        <ele>172.2</ele>
      </trkpt>
      <trkpt lat="45.94018" lon="4.76681">
        <ele>172.4</ele>
      </trkpt>
      <trkpt lat="45.94016" lon="4.76698">
        <ele>172.6</ele>
      </trkpt>
      <trkpt lat="45.94005" lon="4.76734">
        <ele>172.9</ele>
      </trkpt>
      <trkpt lat="45.93998" lon="4.76759">
        <ele>172.8</ele>
      </trkpt>
      <trkpt lat="45.93995" lon="4.76782">
        <ele>172.2</ele>
      </trkpt>
      <trkpt lat="45.93995" lon="4.76796">
        <ele>171.9</ele>
      </trkpt>
      <trkpt lat="45.93997" lon="4.76812">
        <ele>171.6</ele>
      </trkpt>
      <trkpt lat="45.94004" lon="4.76842">
        <ele>171.2</ele>
      </trkpt>
      <trkpt lat="45.9401" lon="4.76858">
        <ele>171.7</ele>
      </trkpt>
      <trkpt lat="45.94023" lon="4.76882">
        <ele>172.4</ele>
      </trkpt>
      <trkpt lat="45.94029" lon="4.76898">
        <ele>172.8</ele>
      </trkpt>
      <trkpt lat="45.94037" lon="4.76938">
        <ele>173.4</ele>
      </trkpt>
      <trkpt lat="45.94041" lon="4.76948">
        <ele>173.6</ele>
      </trkpt>
      <trkpt lat="45.94044" lon="4.76962">
        <ele>173.9</ele>
      </trkpt>
      <trkpt lat="45.94042" lon="4.76968">
        <ele>173.8</ele>
      </trkpt>
      <trkpt lat="45.94042" lon="4.76973">
        <ele>173.9</ele>
      </trkpt>
      <trkpt lat="45.94043" lon="4.76977">
        <ele>174.0</ele>
      </trkpt>
      <trkpt lat="45.94045" lon="4.76981">
        <ele>174.1</ele>
      </trkpt>
      <trkpt lat="45.94048" lon="4.76984">
        <ele>174.3</ele>
      </trkpt>
      <trkpt lat="45.9405" lon="4.77002">
        <ele>174.6</ele>
      </trkpt>
      <trkpt lat="45.94042" lon="4.77069">
        <ele>174.4</ele>
      </trkpt>
      <trkpt lat="45.94034" lon="4.77136">
        <ele>174.3</ele>
      </trkpt>
      <trkpt lat="45.94022" lon="4.77225">
        <ele>173.1</ele>
      </trkpt>
      <trkpt lat="45.94022" lon="4.77232">
        <ele>173.0</ele>
      </trkpt>
      <trkpt lat="45.94012" lon="4.7723">
        <ele>171.9</ele>
      </trkpt>
      <trkpt lat="45.9401" lon="4.77254">
        <ele>171.4</ele>
      </trkpt>
      <trkpt lat="45.9395" lon="4.77241">
        <ele>167.7</ele>
      </trkpt>
      <trkpt lat="45.9389" lon="4.77227">
        <ele>167.4</ele>
      </trkpt>
      <trkpt lat="45.9383" lon="4.77213">
        <ele>169.4</ele>
      </trkpt>
      <trkpt lat="45.93806" lon="4.77203">
        <ele>169.4</ele>
      </trkpt>
      <trkpt lat="45.93786" lon="4.77243">
        <ele>170.7</ele>
      </trkpt>
      <trkpt lat="45.93758" lon="4.77307">
        <ele>168.9</ele>
      </trkpt>
      <trkpt lat="45.9373" lon="4.77372">
        <ele>168.4</ele>
      </trkpt>
      <trkpt lat="45.93714" lon="4.77406">
        <ele>168.8</ele>
      </trkpt>
      <trkpt lat="45.93693" lon="4.77425">
        <ele>169.3</ele>
      </trkpt>
      <trkpt lat="45.93672" lon="4.77439">
        <ele>169.9</ele>
      </trkpt>
      <trkpt lat="45.9366" lon="4.77445">
        <ele>170.0</ele>
      </trkpt>
      <trkpt lat="45.93617" lon="4.77449">
        <ele>169.8</ele>
      </trkpt>
      <trkpt lat="45.93571" lon="4.77447">
        <ele>169.6</ele>
      </trkpt>
      <trkpt lat="45.93551" lon="4.77449">
        <ele>169.5</ele>
      </trkpt>
      <trkpt lat="45.93523" lon="4.77447">
        <ele>169.4</ele>
      </trkpt>
      <trkpt lat="45.93497" lon="4.77448">
        <ele>169.3</ele>
      </trkpt>
      <trkpt lat="45.93473" lon="4.77453">
        <ele>169.3</ele>
      </trkpt>
      <trkpt lat="45.93452" lon="4.7746">
        <ele>169.3</ele>
      </trkpt>
      <trkpt lat="45.93368" lon="4.77496">
        <ele>169.6</ele>
      </trkpt>
      <trkpt lat="45.933" lon="4.77514">
        <ele>169.9</ele>
      </trkpt>
      <trkpt lat="45.93266" lon="4.77518">
        <ele>170.0</ele>
      </trkpt>
      <trkpt lat="45.93238" lon="4.77518">
        <ele>170.0</ele>
      </trkpt>
      <trkpt lat="45.93213" lon="4.77514">
        <ele>169.9</ele>
      </trkpt>
      <trkpt lat="45.93174" lon="4.77497">
        <ele>170.0</ele>
      </trkpt>
      <trkpt lat="45.93153" lon="4.77489">
        <ele>170.1</ele>
      </trkpt>
      <trkpt lat="45.93137" lon="4.77487">
        <ele>170.1</ele>
      </trkpt>
      <trkpt lat="45.93122" lon="4.77489">
        <ele>170.1</ele>
      </trkpt>
      <trkpt lat="45.9311" lon="4.77492">
        <ele>170.0</ele>
      </trkpt>
      <trkpt lat="45.93101" lon="4.77496">
        <ele>170.0</ele>
      </trkpt>
      <trkpt lat="45.93086" lon="4.77508">
        <ele>170.0</ele>
      </trkpt>
      <trkpt lat="45.93062" lon="4.77536">
        <ele>170.4</ele>
      </trkpt>
      <trkpt lat="45.93043" lon="4.77553">
        <ele>170.8</ele>
      </trkpt>
      <trkpt lat="45.93033" lon="4.77557">
        <ele>171.0</ele>
      </trkpt>
      <trkpt lat="45.93003" lon="4.77558">
        <ele>171.6</ele>
      </trkpt>
      <trkpt lat="45.92997" lon="4.77561">
        <ele>171.7</ele>
      </trkpt>
      <trkpt lat="45.92931" lon="4.77572">
        <ele>171.7</ele>
      </trkpt>
      <trkpt lat="45.92884" lon="4.77581">
        <ele>172.0</ele>
      </trkpt>
      <trkpt lat="45.92838" lon="4.7759">
        <ele>171.9</ele>
      </trkpt>
      <trkpt lat="45.92782" lon="4.77603">
        <ele>171.0</ele>
      </trkpt>
      <trkpt lat="45.92726" lon="4.77616">
        <ele>169.9</ele>
      </trkpt>
      <trkpt lat="45.927" lon="4.77621">
        <ele>169.5</ele>
      </trkpt>
      <trkpt lat="45.92683" lon="4.77622">
        <ele>169.3</ele>
      </trkpt>
      <trkpt lat="45.92662" lon="4.7762">
        <ele>169.0</ele>
      </trkpt>
      <trkpt lat="45.92609" lon="4.77611">
        <ele>167.9</ele>
      </trkpt>
      <trkpt lat="45.92556" lon="4.77602">
        <ele>167.5</ele>
      </trkpt>
      <trkpt lat="45.92506" lon="4.77594">
        <ele>168.1</ele>
      </trkpt>
      <trkpt lat="45.92457" lon="4.77587">
        <ele>168.5</ele>
      </trkpt>
      <trkpt lat="45.92386" lon="4.7757">
        <ele>168.7</ele>
      </trkpt>
      <trkpt lat="45.92314" lon="4.77552">
        <ele>168.1</ele>
      </trkpt>
      <trkpt lat="45.92296" lon="4.77549">
        <ele>168.1</ele>
      </trkpt>
      <trkpt lat="45.92273" lon="4.77547">
        <ele>168.1</ele>
      </trkpt>
      <trkpt lat="45.92248" lon="4.77547">
        <ele>168.1</ele>
      </trkpt>
      <trkpt lat="45.9221" lon="4.7755">
        <ele>167.9</ele>
      </trkpt>
      <trkpt lat="45.92131" lon="4.77566">
        <ele>167.4</ele>
      </trkpt>
      <trkpt lat="45.92052" lon="4.77581">
        <ele>167.7</ele>
      </trkpt>
      <trkpt lat="45.92019" lon="4.77586">
        <ele>168.5</ele>
      </trkpt>
      <trkpt lat="45.91986" lon="4.77587">
        <ele>169.1</ele>
      </trkpt>
      <trkpt lat="45.91965" lon="4.77583">
        <ele>169.4</ele>
      </trkpt>
      <trkpt lat="45.91948" lon="4.77577">
        <ele>169.6</ele>
      </trkpt>
      <trkpt lat="45.91905" lon="4.77556">
        <ele>169.9</ele>
      </trkpt>
      <trkpt lat="45.9186" lon="4.77528">
        <ele>169.3</ele>
      </trkpt>
      <trkpt lat="45.91811" lon="4.77499">
        <ele>169.3</ele>
      </trkpt>
      <trkpt lat="45.91792" lon="4.77491">
        <ele>169.4</ele>
      </trkpt>
      <trkpt lat="45.91772" lon="4.77485">
        <ele>169.7</ele>
      </trkpt>
      <trkpt lat="45.91744" lon="4.77482">
        <ele>170.0</ele>
      </trkpt>
      <trkpt lat="45.91713" lon="4.77477">
        <ele>170.2</ele>
      </trkpt>
      <trkpt lat="45.91712" lon="4.77472">
        <ele>170.3</ele>
      </trkpt>
      <trkpt lat="45.91709" lon="4.77468">
        <ele>170.4</ele>
      </trkpt>
      <trkpt lat="45.91705" lon="4.77465">
        <ele>170.4</ele>
      </trkpt>
      <trkpt lat="45.91701" lon="4.77464">
        <ele>170.5</ele>
      </trkpt>
      <trkpt lat="45.91697" lon="4.77464">
        <ele>170.6</ele>
      </trkpt>
      <trkpt lat="45.91693" lon="4.77466">
        <ele>170.6</ele>
      </trkpt>
      <trkpt lat="45.91689" lon="4.77469">
        <ele>170.5</ele>
      </trkpt>
      <trkpt lat="45.91687" lon="4.77474">
        <ele>170.5</ele>
      </trkpt>
      <trkpt lat="45.91685" lon="4.7748">
        <ele>170.4</ele>
      </trkpt>
      <trkpt lat="45.91685" lon="4.7749">
        <ele>170.2</ele>
      </trkpt>
      <trkpt lat="45.91686" lon="4.77495">
        <ele>170.1</ele>
      </trkpt>
      <trkpt lat="45.91689" lon="4.775">
        <ele>170.0</ele>
      </trkpt>
      <trkpt lat="45.91692" lon="4.77503">
        <ele>169.9</ele>
      </trkpt>
      <trkpt lat="45.91679" lon="4.77573">
        <ele>169.0</ele>
      </trkpt>
      <trkpt lat="45.91665" lon="4.77643">
        <ele>169.0</ele>
      </trkpt>
      <trkpt lat="45.9166" lon="4.77686">
        <ele>169.1</ele>
      </trkpt>
      <trkpt lat="45.91646" lon="4.77744">
        <ele>169.5</ele>
      </trkpt>
      <trkpt lat="45.91633" lon="4.77786">
        <ele>171.0</ele>
      </trkpt>
      <trkpt lat="45.91618" lon="4.77825">
        <ele>172.9</ele>
      </trkpt>
      <trkpt lat="45.91598" lon="4.77872">
        <ele>173.7</ele>
      </trkpt>
      <trkpt lat="45.9157" lon="4.77932">
        <ele>173.8</ele>
      </trkpt>
      <trkpt lat="45.91525" lon="4.7803">
        <ele>175.6</ele>
      </trkpt>
      <trkpt lat="45.91479" lon="4.78129">
        <ele>177.0</ele>
      </trkpt>
      <trkpt lat="45.91433" lon="4.78228">
        <ele>177.0</ele>
      </trkpt>
      <trkpt lat="45.91387" lon="4.78326">
        <ele>176.8</ele>
      </trkpt>
      <trkpt lat="45.91341" lon="4.78425">
        <ele>175.9</ele>
      </trkpt>
      <trkpt lat="45.91295" lon="4.78523">
        <ele>175.5</ele>
      </trkpt>
      <trkpt lat="45.91249" lon="4.78622">
        <ele>176.5</ele>
      </trkpt>
      <trkpt lat="45.91203" lon="4.7872">
        <ele>177.1</ele>
      </trkpt>
      <trkpt lat="45.91174" lon="4.78775">
        <ele>177.2</ele>
      </trkpt>
      <trkpt lat="45.91146" lon="4.7883">
        <ele>176.1</ele>
      </trkpt>
      <trkpt lat="45.91105" lon="4.78904">
        <ele>176.6</ele>
      </trkpt>
      <trkpt lat="45.91064" lon="4.78979">
        <ele>176.9</ele>
      </trkpt>
      <trkpt lat="45.91023" lon="4.79053">
        <ele>176.5</ele>
      </trkpt>
      <trkpt lat="45.90985" lon="4.79122">
        <ele>177.2</ele>
      </trkpt>
      <trkpt lat="45.90947" lon="4.79192">
        <ele>176.5</ele>
      </trkpt>
      <trkpt lat="45.9091" lon="4.79261">
        <ele>175.9</ele>
      </trkpt>
      <trkpt lat="45.90881" lon="4.79307">
        <ele>175.6</ele>
      </trkpt>
      <trkpt lat="45.90863" lon="4.79335">
        <ele>175.6</ele>
      </trkpt>
      <trkpt lat="45.90845" lon="4.79359">
        <ele>175.2</ele>
      </trkpt>
      <trkpt lat="45.90833" lon="4.79375">
        <ele>175.0</ele>
      </trkpt>
      <trkpt lat="45.90811" lon="4.79398">
        <ele>174.7</ele>
      </trkpt>
      <trkpt lat="45.90791" lon="4.79417">
        <ele>174.5</ele>
      </trkpt>
      <trkpt lat="45.90774" lon="4.79429">
        <ele>174.3</ele>
      </trkpt>
      <trkpt lat="45.90743" lon="4.79449">
        <ele>174.0</ele>
      </trkpt>
      <trkpt lat="45.90678" lon="4.79486">
        <ele>173.7</ele>
      </trkpt>
      <trkpt lat="45.90613" lon="4.79523">
        <ele>175.1</ele>
      </trkpt>
      <trkpt lat="45.90568" lon="4.79554">
        <ele>174.7</ele>
      </trkpt>
      <trkpt lat="45.90522" lon="4.7959">
        <ele>175.1</ele>
      </trkpt>
      <trkpt lat="45.90477" lon="4.79632">
        <ele>175.2</ele>
      </trkpt>
      <trkpt lat="45.90451" lon="4.79662">
        <ele>174.7</ele>
      </trkpt>
      <trkpt lat="45.90394" lon="4.79732">
        <ele>174.5</ele>
      </trkpt>
      <trkpt lat="45.90352" lon="4.79787">
        <ele>173.7</ele>
      </trkpt>
      <trkpt lat="45.90309" lon="4.79841">
        <ele>172.5</ele>
      </trkpt>
      <trkpt lat="45.90272" lon="4.79885">
        <ele>173.2</ele>
      </trkpt>
      <trkpt lat="45.9024" lon="4.79912">
        <ele>173.2</ele>
      </trkpt>
      <trkpt lat="45.90206" lon="4.7993">
        <ele>174.1</ele>
      </trkpt>
      <trkpt lat="45.90138" lon="4.79961">
        <ele>174.2</ele>
      </trkpt>
      <trkpt lat="45.9007" lon="4.79993">
        <ele>172.1</ele>
      </trkpt>
      <trkpt lat="45.90014" lon="4.80017">
        <ele>170.9</ele>
      </trkpt>
      <trkpt lat="45.89942" lon="4.80043">
        <ele>170.5</ele>
      </trkpt>
      <trkpt lat="45.89867" lon="4.80075">
        <ele>170.1</ele>
      </trkpt>
      <trkpt lat="45.89793" lon="4.80106">
        <ele>169.1</ele>
      </trkpt>
      <trkpt lat="45.8971" lon="4.80142">
        <ele>171.4</ele>
      </trkpt>
      <trkpt lat="45.89627" lon="4.80179">
        <ele>172.3</ele>
      </trkpt>
      <trkpt lat="45.89579" lon="4.80199">
        <ele>171.8</ele>
      </trkpt>
      <trkpt lat="45.89531" lon="4.80219">
        <ele>173.2</ele>
      </trkpt>
      <trkpt lat="45.89462" lon="4.80251">
        <ele>175.2</ele>
      </trkpt>
      <trkpt lat="45.89394" lon="4.80288">
        <ele>176.3</ele>
      </trkpt>
      <trkpt lat="45.8934" lon="4.80334">
        <ele>174.7</ele>
      </trkpt>
      <trkpt lat="45.89274" lon="4.80394">
        <ele>173.7</ele>
      </trkpt>
      <trkpt lat="45.89208" lon="4.80455">
        <ele>173.7</ele>
      </trkpt>
      <trkpt lat="45.89159" lon="4.80495">
        <ele>173.7</ele>
      </trkpt>
      <trkpt lat="45.89143" lon="4.80505">
        <ele>173.7</ele>
      </trkpt>
      <trkpt lat="45.89103" lon="4.80523">
        <ele>173.7</ele>
      </trkpt>
      <trkpt lat="45.89055" lon="4.80541">
        <ele>172.9</ele>
      </trkpt>
      <trkpt lat="45.89008" lon="4.80559">
        <ele>171.9</ele>
      </trkpt>
      <trkpt lat="45.88979" lon="4.80569">
        <ele>171.3</ele>
      </trkpt>
      <trkpt lat="45.88947" lon="4.80567">
        <ele>171.7</ele>
      </trkpt>
      <trkpt lat="45.88943" lon="4.80564">
        <ele>171.8</ele>
      </trkpt>
      <trkpt lat="45.88938" lon="4.80565">
        <ele>171.8</ele>
      </trkpt>
      <trkpt lat="45.88935" lon="4.8057">
        <ele>171.5</ele>
      </trkpt>
      <trkpt lat="45.88934" lon="4.80574">
        <ele>171.3</ele>
      </trkpt>
      <trkpt lat="45.88921" lon="4.80589">
        <ele>170.8</ele>
      </trkpt>
      <trkpt lat="45.88885" lon="4.80613">
        <ele>172.1</ele>
      </trkpt>
      <trkpt lat="45.88819" lon="4.80667">
        <ele>173.2</ele>
      </trkpt>
      <trkpt lat="45.88768" lon="4.80724">
        <ele>170.8</ele>
      </trkpt>
      <trkpt lat="45.88717" lon="4.8078">
        <ele>170.3</ele>
      </trkpt>
      <trkpt lat="45.88678" lon="4.80828">
        <ele>170.8</ele>
      </trkpt>
      <trkpt lat="45.88616" lon="4.80897">
        <ele>170.3</ele>
      </trkpt>
      <trkpt lat="45.88554" lon="4.80966">
        <ele>168.8</ele>
      </trkpt>
      <trkpt lat="45.88499" lon="4.81036">
        <ele>167.6</ele>
      </trkpt>
      <trkpt lat="45.88448" lon="4.81106">
        <ele>168.2</ele>
      </trkpt>
      <trkpt lat="45.88407" lon="4.81169">
        <ele>170.1</ele>
      </trkpt>
      <trkpt lat="45.88376" lon="4.81222">
        <ele>170.1</ele>
      </trkpt>
      <trkpt lat="45.88345" lon="4.81276">
        <ele>171.1</ele>
      </trkpt>
      <trkpt lat="45.88301" lon="4.81364">
        <ele>169.4</ele>
      </trkpt>
      <trkpt lat="45.88268" lon="4.8144">
        <ele>165.5</ele>
      </trkpt>
      <trkpt lat="45.88234" lon="4.81515">
        <ele>168.9</ele>
      </trkpt>
      <trkpt lat="45.88199" lon="4.816">
        <ele>171.4</ele>
      </trkpt>
      <trkpt lat="45.88164" lon="4.81684">
        <ele>171.5</ele>
      </trkpt>
      <trkpt lat="45.88129" lon="4.81768">
        <ele>167.4</ele>
      </trkpt>
      <trkpt lat="45.88101" lon="4.81844">
        <ele>166.4</ele>
      </trkpt>
      <trkpt lat="45.88074" lon="4.81921">
        <ele>165.8</ele>
      </trkpt>
      <trkpt lat="45.88051" lon="4.81982">
        <ele>168.0</ele>
      </trkpt>
      <trkpt lat="45.88027" lon="4.82043">
        <ele>169.3</ele>
      </trkpt>
      <trkpt lat="45.88012" lon="4.82064">
        <ele>169.8</ele>
      </trkpt>
      <trkpt lat="45.88002" lon="4.82072">
        <ele>170.3</ele>
      </trkpt>
      <trkpt lat="45.87999" lon="4.8207">
        <ele>170.6</ele>
      </trkpt>
      <trkpt lat="45.87995" lon="4.82069">
        <ele>170.8</ele>
      </trkpt>
      <trkpt lat="45.87992" lon="4.82069">
        <ele>171.0</ele>
      </trkpt>
      <trkpt lat="45.87988" lon="4.82071">
        <ele>171.1</ele>
      </trkpt>
      <trkpt lat="45.87985" lon="4.82075">
        <ele>171.2</ele>
      </trkpt>
      <trkpt lat="45.87983" lon="4.8208">
        <ele>171.1</ele>
      </trkpt>
      <trkpt lat="45.87983" lon="4.82086">
        <ele>171.0</ele>
      </trkpt>
      <trkpt lat="45.87983" lon="4.82091">
        <ele>170.9</ele>
      </trkpt>
      <trkpt lat="45.87971" lon="4.8212">
        <ele>171.2</ele>
      </trkpt>
      <trkpt lat="45.87967" lon="4.82139">
        <ele>171.1</ele>
      </trkpt>
      <trkpt lat="45.87964" lon="4.8216">
        <ele>170.9</ele>
      </trkpt>
      <trkpt lat="45.87961" lon="4.82199">
        <ele>169.8</ele>
      </trkpt>
      <trkpt lat="45.87952" lon="4.82286">
        <ele>168.6</ele>
      </trkpt>
      <trkpt lat="45.87942" lon="4.82372">
        <ele>167.5</ele>
      </trkpt>
      <trkpt lat="45.87929" lon="4.82463">
        <ele>167.2</ele>
      </trkpt>
      <trkpt lat="45.87912" lon="4.82541">
        <ele>166.8</ele>
      </trkpt>
      <trkpt lat="45.87901" lon="4.82587">
        <ele>166.0</ele>
      </trkpt>
      <trkpt lat="45.87885" lon="4.82659">
        <ele>167.6</ele>
      </trkpt>
      <trkpt lat="45.8788" lon="4.82689">
        <ele>168.3</ele>
      </trkpt>
      <trkpt lat="45.87879" lon="4.82716">
        <ele>168.7</ele>
      </trkpt>
      <trkpt lat="45.87879" lon="4.82743">
        <ele>169.0</ele>
      </trkpt>
      <trkpt lat="45.87887" lon="4.82844">
        <ele>168.2</ele>
      </trkpt>
      <trkpt lat="45.8789" lon="4.8292">
        <ele>167.6</ele>
      </trkpt>
      <trkpt lat="45.87888" lon="4.82959">
        <ele>167.5</ele>
      </trkpt>
      <trkpt lat="45.87878" lon="4.83049">
        <ele>168.8</ele>
      </trkpt>
      <trkpt lat="45.87868" lon="4.8314">
        <ele>170.3</ele>
      </trkpt>
      <trkpt lat="45.87857" lon="4.83199">
        <ele>170.6</ele>
      </trkpt>
      <trkpt lat="45.87852" lon="4.83225">
        <ele>170.4</ele>
      </trkpt>
      <trkpt lat="45.87834" lon="4.83297">
        <ele>167.6</ele>
      </trkpt>
      <trkpt lat="45.87827" lon="4.83318">
        <ele>166.5</ele>
      </trkpt>
      <trkpt lat="45.87816" lon="4.8335">
        <ele>166.3</ele>
      </trkpt>
      <trkpt lat="45.87786" lon="4.83418">
        <ele>169.0</ele>
      </trkpt>
      <trkpt lat="45.87775" lon="4.8344">
        <ele>170.1</ele>
      </trkpt>
      <trkpt lat="45.87763" lon="4.83459">
        <ele>171.3</ele>
      </trkpt>
      <trkpt lat="45.87723" lon="4.83509">
        <ele>171.6</ele>
      </trkpt>
      <trkpt lat="45.87698" lon="4.83537">
        <ele>168.8</ele>
      </trkpt>
      <trkpt lat="45.87688" lon="4.83541">
        <ele>168.3</ele>
      </trkpt>
      <trkpt lat="45.87687" lon="4.83537">
        <ele>168.6</ele>
      </trkpt>
      <trkpt lat="45.87685" lon="4.83533">
        <ele>168.9</ele>
      </trkpt>
      <trkpt lat="45.87679" lon="4.83529">
        <ele>169.1</ele>
      </trkpt>
      <trkpt lat="45.87676" lon="4.83529">
        <ele>169.0</ele>
      </trkpt>
      <trkpt lat="45.87672" lon="4.83532">
        <ele>168.8</ele>
      </trkpt>
      <trkpt lat="45.8767" lon="4.83536">
        <ele>168.4</ele>
      </trkpt>
      <trkpt lat="45.87669" lon="4.83543">
        <ele>168.0</ele>
      </trkpt>
      <trkpt lat="45.87663" lon="4.83542">
        <ele>167.9</ele>
      </trkpt>
      <trkpt lat="45.87665" lon="4.8353">
        <ele>168.8</ele>
      </trkpt>
      <trkpt lat="45.87664" lon="4.83526">
        <ele>169.1</ele>
      </trkpt>
      <trkpt lat="45.87663" lon="4.83522">
        <ele>169.4</ele>
      </trkpt>
      <trkpt lat="45.87659" lon="4.83528">
        <ele>168.9</ele>
      </trkpt>
      <trkpt lat="45.87654" lon="4.83532">
        <ele>168.6</ele>
      </trkpt>
      <trkpt lat="45.87647" lon="4.83533">
        <ele>168.5</ele>
      </trkpt>
      <trkpt lat="45.87625" lon="4.83529">
        <ele>168.6</ele>
      </trkpt>
      <trkpt lat="45.87623" lon="4.83531">
        <ele>168.5</ele>
      </trkpt>
      <trkpt lat="45.87586" lon="4.83525">
        <ele>168.5</ele>
      </trkpt>
      <trkpt lat="45.87553" lon="4.8351">
        <ele>170.3</ele>
      </trkpt>
      <trkpt lat="45.87526" lon="4.83501">
        <ele>172.0</ele>
      </trkpt>
      <trkpt lat="45.87481" lon="4.835">
        <ele>172.8</ele>
      </trkpt>
      <trkpt lat="45.87436" lon="4.83498">
        <ele>172.3</ele>
      </trkpt>
      <trkpt lat="45.87366" lon="4.835">
        <ele>171.4</ele>
      </trkpt>
      <trkpt lat="45.87306" lon="4.83492">
        <ele>169.9</ele>
      </trkpt>
      <trkpt lat="45.87219" lon="4.83476">
        <ele>169.6</ele>
      </trkpt>
      <trkpt lat="45.87132" lon="4.8346">
        <ele>170.8</ele>
      </trkpt>
      <trkpt lat="45.87111" lon="4.83459">
        <ele>170.2</ele>
      </trkpt>
      <trkpt lat="45.87081" lon="4.8346">
        <ele>169.4</ele>
      </trkpt>
      <trkpt lat="45.87015" lon="4.83459">
        <ele>171.1</ele>
      </trkpt>
      <trkpt lat="45.86931" lon="4.83457">
        <ele>170.7</ele>
      </trkpt>
      <trkpt lat="45.86866" lon="4.83451">
        <ele>169.6</ele>
      </trkpt>
      <trkpt lat="45.868" lon="4.83444">
        <ele>170.1</ele>
      </trkpt>
      <trkpt lat="45.86727" lon="4.83438">
        <ele>171.6</ele>
      </trkpt>
      <trkpt lat="45.8666" lon="4.8343">
        <ele>171.5</ele>
      </trkpt>
      <trkpt lat="45.86594" lon="4.83422">
        <ele>171.8</ele>
      </trkpt>
      <trkpt lat="45.86555" lon="4.83425">
        <ele>172.1</ele>
      </trkpt>
      <trkpt lat="45.86552" lon="4.83425">
        <ele>172.1</ele>
      </trkpt>
      <trkpt lat="45.86547" lon="4.83428">
        <ele>172.1</ele>
      </trkpt>
      <trkpt lat="45.86511" lon="4.83439">
        <ele>172.3</ele>
      </trkpt>
      <trkpt lat="45.86475" lon="4.83454">
        <ele>171.6</ele>
      </trkpt>
      <trkpt lat="45.86468" lon="4.8346">
        <ele>171.4</ele>
      </trkpt>
      <trkpt lat="45.86445" lon="4.83465">
        <ele>171.0</ele>
      </trkpt>
      <trkpt lat="45.86439" lon="4.83466">
        <ele>170.9</ele>
      </trkpt>
      <trkpt lat="45.86412" lon="4.83463">
        <ele>170.5</ele>
      </trkpt>
      <trkpt lat="45.86403" lon="4.83465">
        <ele>170.4</ele>
      </trkpt>
      <trkpt lat="45.86392" lon="4.83469">
        <ele>170.3</ele>
      </trkpt>
      <trkpt lat="45.86388" lon="4.83469">
        <ele>170.2</ele>
      </trkpt>
      <trkpt lat="45.8638" lon="4.83465">
        <ele>170.1</ele>
      </trkpt>
      <trkpt lat="45.86373" lon="4.83455">
        <ele>170.0</ele>
      </trkpt>
      <trkpt lat="45.86363" lon="4.83456">
        <ele>169.9</ele>
      </trkpt>
      <trkpt lat="45.86361" lon="4.83457">
        <ele>169.8</ele>
      </trkpt>
      <trkpt lat="45.86353" lon="4.83476">
        <ele>169.6</ele>
      </trkpt>
      <trkpt lat="45.86343" lon="4.8349">
        <ele>169.3</ele>
      </trkpt>
      <trkpt lat="45.8635" lon="4.83511">
        <ele>169.5</ele>
      </trkpt>
      <trkpt lat="45.86352" lon="4.83525">
        <ele>169.7</ele>
      </trkpt>
      <trkpt lat="45.86352" lon="4.83531">
        <ele>169.7</ele>
      </trkpt>
      <trkpt lat="45.8632" lon="4.83535">
        <ele>169.8</ele>
      </trkpt>
      <trkpt lat="45.86306" lon="4.83535">
        <ele>170.1</ele>
      </trkpt>
      <trkpt lat="45.86286" lon="4.83537">
        <ele>170.6</ele>
      </trkpt>
      <trkpt lat="45.86263" lon="4.83536">
        <ele>171.1</ele>
      </trkpt>
      <trkpt lat="45.86179" lon="4.8353">
        <ele>168.7</ele>
      </trkpt>
      <trkpt lat="45.86096" lon="4.83524">
        <ele>170.0</ele>
      </trkpt>
      <trkpt lat="45.86012" lon="4.83518">
        <ele>170.4</ele>
      </trkpt>
      <trkpt lat="45.85976" lon="4.83519">
        <ele>170.5</ele>
      </trkpt>
      <trkpt lat="45.85937" lon="4.83521">
        <ele>170.7</ele>
      </trkpt>
      <trkpt lat="45.85869" lon="4.83517">
        <ele>170.9</ele>
      </trkpt>
      <trkpt lat="45.85812" lon="4.83511">
        <ele>171.1</ele>
      </trkpt>
      <trkpt lat="45.85756" lon="4.83504">
        <ele>171.0</ele>
      </trkpt>
      <trkpt lat="45.85694" lon="4.83494">
        <ele>169.7</ele>
      </trkpt>
      <trkpt lat="45.85655" lon="4.83485">
        <ele>169.6</ele>
      </trkpt>
      <trkpt lat="45.85575" lon="4.83459">
        <ele>170.8</ele>
      </trkpt>
      <trkpt lat="45.85505" lon="4.83436">
        <ele>169.8</ele>
      </trkpt>
      <trkpt lat="45.85435" lon="4.83414">
        <ele>170.8</ele>
      </trkpt>
      <trkpt lat="45.85369" lon="4.83395">
        <ele>170.4</ele>
      </trkpt>
      <trkpt lat="45.85302" lon="4.83376">
        <ele>170.0</ele>
      </trkpt>
      <trkpt lat="45.85236" lon="4.83358">
        <ele>170.0</ele>
      </trkpt>
      <trkpt lat="45.85229" lon="4.83358">
        <ele>170.0</ele>
      </trkpt>
      <trkpt lat="45.85209" lon="4.83352">
        <ele>170.0</ele>
      </trkpt>
      <trkpt lat="45.85203" lon="4.83348">
        <ele>170.0</ele>
      </trkpt>
      <trkpt lat="45.85161" lon="4.83336">
        <ele>170.1</ele>
      </trkpt>
      <trkpt lat="45.85149" lon="4.83331">
        <ele>170.2</ele>
      </trkpt>
      <trkpt lat="45.85143" lon="4.8333">
        <ele>170.3</ele>
      </trkpt>
      <trkpt lat="45.85062" lon="4.83298">
        <ele>171.0</ele>
      </trkpt>
      <trkpt lat="45.84977" lon="4.83259">
        <ele>170.0</ele>
      </trkpt>
      <trkpt lat="45.84917" lon="4.83233">
        <ele>168.2</ele>
      </trkpt>
      <trkpt lat="45.84899" lon="4.83221">
        <ele>168.1</ele>
      </trkpt>
      <trkpt lat="45.84858" lon="4.83208">
        <ele>167.8</ele>
      </trkpt>
      <trkpt lat="45.84809" lon="4.83196">
        <ele>167.9</ele>
      </trkpt>
      <trkpt lat="45.8476" lon="4.83185">
        <ele>168.2</ele>
      </trkpt>
      <trkpt lat="45.8474" lon="4.83183">
        <ele>168.4</ele>
      </trkpt>
      <trkpt lat="45.84722" lon="4.83184">
        <ele>168.7</ele>
      </trkpt>
      <trkpt lat="45.84705" lon="4.83188">
        <ele>169.1</ele>
      </trkpt>
      <trkpt lat="45.84692" lon="4.83192">
        <ele>169.3</ele>
      </trkpt>
      <trkpt lat="45.84621" lon="4.83229">
        <ele>169.3</ele>
      </trkpt>
      <trkpt lat="45.84612" lon="4.83233">
        <ele>169.2</ele>
      </trkpt>
      <trkpt lat="45.84584" lon="4.8324">
        <ele>169.1</ele>
      </trkpt>
      <trkpt lat="45.84579" lon="4.83245">
        <ele>169.1</ele>
      </trkpt>
      <trkpt lat="45.84566" lon="4.83246">
        <ele>169.1</ele>
      </trkpt>
      <trkpt lat="45.84563" lon="4.83244">
        <ele>169.1</ele>
      </trkpt>
      <trkpt lat="45.84541" lon="4.83244">
        <ele>169.1</ele>
      </trkpt>
      <trkpt lat="45.84521" lon="4.83241">
        <ele>169.2</ele>
      </trkpt>
      <trkpt lat="45.84439" lon="4.8322">
        <ele>170.7</ele>
      </trkpt>
      <trkpt lat="45.84357" lon="4.83199">
        <ele>171.4</ele>
      </trkpt>
      <trkpt lat="45.84275" lon="4.83177">
        <ele>169.7</ele>
      </trkpt>
      <trkpt lat="45.84205" lon="4.83153">
        <ele>168.7</ele>
      </trkpt>
      <trkpt lat="45.84136" lon="4.83129">
        <ele>169.3</ele>
      </trkpt>
      <trkpt lat="45.84084" lon="4.83115">
        <ele>171.2</ele>
      </trkpt>
      <trkpt lat="45.84055" lon="4.83111">
        <ele>171.8</ele>
      </trkpt>
      <trkpt lat="45.84053" lon="4.83113">
        <ele>171.8</ele>
      </trkpt>
      <trkpt lat="45.84034" lon="4.8311">
        <ele>172.1</ele>
      </trkpt>
      <trkpt lat="45.8403" lon="4.83108">
        <ele>172.2</ele>
      </trkpt>
      <trkpt lat="45.84014" lon="4.83106">
        <ele>172.5</ele>
      </trkpt>
      <trkpt lat="45.83962" lon="4.83107">
        <ele>171.5</ele>
      </trkpt>
      <trkpt lat="45.83883" lon="4.83116">
        <ele>170.5</ele>
      </trkpt>
      <trkpt lat="45.83836" lon="4.83128">
        <ele>171.8</ele>
      </trkpt>
      <trkpt lat="45.83805" lon="4.8314">
        <ele>171.9</ele>
      </trkpt>
      <trkpt lat="45.83769" lon="4.83159">
        <ele>171.9</ele>
      </trkpt>
      <trkpt lat="45.83734" lon="4.83181">
        <ele>171.7</ele>
      </trkpt>
      <trkpt lat="45.83691" lon="4.83219">
        <ele>171.6</ele>
      </trkpt>
      <trkpt lat="45.83618" lon="4.83275">
        <ele>173.5</ele>
      </trkpt>
      <trkpt lat="45.83568" lon="4.83315">
        <ele>176.8</ele>
      </trkpt>
      <trkpt lat="45.83546" lon="4.83337">
        <ele>179.4</ele>
      </trkpt>
      <trkpt lat="45.83518" lon="4.83373">
        <ele>180.1</ele>
      </trkpt>
      <trkpt lat="45.83488" lon="4.83424">
        <ele>178.3</ele>
      </trkpt>
      <trkpt lat="45.8347" lon="4.83459">
        <ele>181.5</ele>
      </trkpt>
      <trkpt lat="45.83454" lon="4.83497">
        <ele>183.2</ele>
      </trkpt>
      <trkpt lat="45.8344" lon="4.83533">
        <ele>181.8</ele>
      </trkpt>
      <trkpt lat="45.83417" lon="4.83592">
        <ele>177.7</ele>
      </trkpt>
      <trkpt lat="45.83402" lon="4.83639">
        <ele>179.5</ele>
      </trkpt>
      <trkpt lat="45.83382" lon="4.83704">
        <ele>182.5</ele>
      </trkpt>
      <trkpt lat="45.83356" lon="4.83791">
        <ele>182.1</ele>
      </trkpt>
      <trkpt lat="45.83337" lon="4.83862">
        <ele>176.7</ele>
      </trkpt>
      <trkpt lat="45.83311" lon="4.83966">
        <ele>177.5</ele>
      </trkpt>
      <trkpt lat="45.8329" lon="4.84058">
        <ele>175.9</ele>
      </trkpt>
      <trkpt lat="45.83269" lon="4.84151">
        <ele>174.9</ele>
      </trkpt>
      <trkpt lat="45.83248" lon="4.84244">
        <ele>175.8</ele>
      </trkpt>
      <trkpt lat="45.83227" lon="4.84336">
        <ele>176.7</ele>
      </trkpt>
      <trkpt lat="45.83217" lon="4.84384">
        <ele>172.9</ele>
      </trkpt>
      <trkpt lat="45.83204" lon="4.84454">
        <ele>170.3</ele>
      </trkpt>
      <trkpt lat="45.83199" lon="4.84455">
        <ele>170.9</ele>
      </trkpt>
      <trkpt lat="45.83187" lon="4.84521">
        <ele>170.5</ele>
      </trkpt>
      <trkpt lat="45.83178" lon="4.84557">
        <ele>170.2</ele>
      </trkpt>
      <trkpt lat="45.83163" lon="4.84606">
        <ele>169.1</ele>
      </trkpt>
      <trkpt lat="45.83145" lon="4.84647">
        <ele>168.7</ele>
      </trkpt>
      <trkpt lat="45.83128" lon="4.84678">
        <ele>169.4</ele>
      </trkpt>
      <trkpt lat="45.83113" lon="4.84694">
        <ele>170.8</ele>
      </trkpt>
      <trkpt lat="45.83098" lon="4.84706">
        <ele>172.1</ele>
      </trkpt>
      <trkpt lat="45.83091" lon="4.84705">
        <ele>172.8</ele>
      </trkpt>
      <trkpt lat="45.83085" lon="4.84707">
        <ele>173.4</ele>
      </trkpt>
      <trkpt lat="45.8308" lon="4.84714">
        <ele>173.3</ele>
      </trkpt>
      <trkpt lat="45.83077" lon="4.84724">
        <ele>172.9</ele>
      </trkpt>
      <trkpt lat="45.83077" lon="4.84728">
        <ele>172.7</ele>
      </trkpt>
      <trkpt lat="45.83079" lon="4.84737">
        <ele>172.4</ele>
      </trkpt>
      <trkpt lat="45.83075" lon="4.8475">
        <ele>171.9</ele>
      </trkpt>
      <trkpt lat="45.83077" lon="4.84751">
        <ele>171.9</ele>
      </trkpt>
      <trkpt lat="45.83081" lon="4.84756">
        <ele>171.9</ele>
      </trkpt>
      <trkpt lat="45.83086" lon="4.84763">
        <ele>171.6</ele>
      </trkpt>
      <trkpt lat="45.8308" lon="4.84771">
        <ele>171.7</ele>
      </trkpt>
      <trkpt lat="45.83052" lon="4.84832">
        <ele>170.3</ele>
      </trkpt>
      <trkpt lat="45.83029" lon="4.84875">
        <ele>168.0</ele>
      </trkpt>
      <trkpt lat="45.82982" lon="4.84944">
        <ele>166.6</ele>
      </trkpt>
      <trkpt lat="45.82945" lon="4.84991">
        <ele>166.5</ele>
      </trkpt>
      <trkpt lat="45.82915" lon="4.85028">
        <ele>166.4</ele>
      </trkpt>
      <trkpt lat="45.82876" lon="4.85072">
        <ele>168.1</ele>
      </trkpt>
      <trkpt lat="45.82834" lon="4.85116">
        <ele>168.6</ele>
      </trkpt>
      <trkpt lat="45.82804" lon="4.85142">
        <ele>169.2</ele>
      </trkpt>
      <trkpt lat="45.82738" lon="4.85195">
        <ele>170.7</ele>
      </trkpt>
      <trkpt lat="45.82696" lon="4.85226">
        <ele>170.2</ele>
      </trkpt>
      <trkpt lat="45.82655" lon="4.85258">
        <ele>170.8</ele>
      </trkpt>
      <trkpt lat="45.82635" lon="4.85272">
        <ele>170.6</ele>
      </trkpt>
      <trkpt lat="45.82632" lon="4.85276">
        <ele>170.5</ele>
      </trkpt>
      <trkpt lat="45.82611" lon="4.85292">
        <ele>170.7</ele>
      </trkpt>
      <trkpt lat="45.82607" lon="4.85293">
        <ele>170.8</ele>
      </trkpt>
      <trkpt lat="45.82564" lon="4.85322">
        <ele>171.8</ele>
      </trkpt>
      <trkpt lat="45.82522" lon="4.8535">
        <ele>170.9</ele>
      </trkpt>
      <trkpt lat="45.82476" lon="4.85378">
        <ele>170.5</ele>
      </trkpt>
      <trkpt lat="45.82433" lon="4.85401">
        <ele>172.4</ele>
      </trkpt>
      <trkpt lat="45.8239" lon="4.85423">
        <ele>172.1</ele>
      </trkpt>
      <trkpt lat="45.82353" lon="4.85441">
        <ele>170.2</ele>
      </trkpt>
      <trkpt lat="45.82317" lon="4.85455">
        <ele>169.1</ele>
      </trkpt>
      <trkpt lat="45.82265" lon="4.8547">
        <ele>169.8</ele>
      </trkpt>
      <trkpt lat="45.82206" lon="4.85482">
        <ele>169.9</ele>
      </trkpt>
      <trkpt lat="45.82164" lon="4.85486">
        <ele>169.3</ele>
      </trkpt>
      <trkpt lat="45.82107" lon="4.85486">
        <ele>166.0</ele>
      </trkpt>
      <trkpt lat="45.82059" lon="4.85481">
        <ele>165.7</ele>
      </trkpt>
      <trkpt lat="45.82036" lon="4.85477">
        <ele>166.4</ele>
      </trkpt>
      <trkpt lat="45.81988" lon="4.85466">
        <ele>167.2</ele>
      </trkpt>
      <trkpt lat="45.81968" lon="4.8546">
        <ele>167.2</ele>
      </trkpt>
      <trkpt lat="45.81943" lon="4.85449">
        <ele>167.7</ele>
      </trkpt>
      <trkpt lat="45.81903" lon="4.85429">
        <ele>169.0</ele>
      </trkpt>
      <trkpt lat="45.81863" lon="4.854">
        <ele>168.7</ele>
      </trkpt>
      <trkpt lat="45.81841" lon="4.85382">
        <ele>168.5</ele>
      </trkpt>
      <trkpt lat="45.81819" lon="4.85362">
        <ele>168.0</ele>
      </trkpt>
      <trkpt lat="45.81799" lon="4.8534">
        <ele>167.3</ele>
      </trkpt>
      <trkpt lat="45.81778" lon="4.85314">
        <ele>167.1</ele>
      </trkpt>
      <trkpt lat="45.81759" lon="4.85289">
        <ele>167.8</ele>
      </trkpt>
      <trkpt lat="45.81741" lon="4.8526">
        <ele>168.9</ele>
      </trkpt>
      <trkpt lat="45.81725" lon="4.85234">
        <ele>168.0</ele>
      </trkpt>
      <trkpt lat="45.81696" lon="4.85178">
        <ele>164.7</ele>
      </trkpt>
      <trkpt lat="45.8168" lon="4.85143">
        <ele>164.7</ele>
      </trkpt>
      <trkpt lat="45.81655" lon="4.85082">
        <ele>166.7</ele>
      </trkpt>
      <trkpt lat="45.8162" lon="4.84993">
        <ele>168.1</ele>
      </trkpt>
      <trkpt lat="45.81585" lon="4.84905">
        <ele>169.8</ele>
      </trkpt>
      <trkpt lat="45.81587" lon="4.84896">
        <ele>169.7</ele>
      </trkpt>
      <trkpt lat="45.81561" lon="4.84838">
        <ele>168.0</ele>
      </trkpt>
      <trkpt lat="45.81539" lon="4.84783">
        <ele>167.2</ele>
      </trkpt>
      <trkpt lat="45.8152" lon="4.84716">
        <ele>168.0</ele>
      </trkpt>
      <trkpt lat="45.81521" lon="4.84703">
        <ele>168.6</ele>
      </trkpt>
      <trkpt lat="45.81516" lon="4.84687">
        <ele>169.3</ele>
      </trkpt>
      <trkpt lat="45.81501" lon="4.84648">
        <ele>170.0</ele>
      </trkpt>
      <trkpt lat="45.81494" lon="4.84637">
        <ele>169.6</ele>
      </trkpt>
      <trkpt lat="45.81495" lon="4.84634">
        <ele>169.7</ele>
      </trkpt>
      <trkpt lat="45.81495" lon="4.84627">
        <ele>169.7</ele>
      </trkpt>
      <trkpt lat="45.81492" lon="4.84621">
        <ele>169.5</ele>
      </trkpt>
      <trkpt lat="45.81488" lon="4.84618">
        <ele>169.3</ele>
      </trkpt>
      <trkpt lat="45.8148" lon="4.84606">
        <ele>168.8</ele>
      </trkpt>
      <trkpt lat="45.8147" lon="4.84593">
        <ele>168.2</ele>
      </trkpt>
      <trkpt lat="45.8146" lon="4.84583">
        <ele>167.6</ele>
      </trkpt>
      <trkpt lat="45.81449" lon="4.84569">
        <ele>167.3</ele>
      </trkpt>
      <trkpt lat="45.81384" lon="4.84494">
        <ele>167.6</ele>
      </trkpt>
      <trkpt lat="45.81333" lon="4.84431">
        <ele>169.9</ele>
      </trkpt>
      <trkpt lat="45.81282" lon="4.84369">
        <ele>167.7</ele>
      </trkpt>
      <trkpt lat="45.81255" lon="4.84339">
        <ele>165.4</ele>
      </trkpt>
      <trkpt lat="45.8123" lon="4.84315">
        <ele>166.9</ele>
      </trkpt>
      <trkpt lat="45.8119" lon="4.84282">
        <ele>169.7</ele>
      </trkpt>
      <trkpt lat="45.8115" lon="4.84254">
        <ele>171.5</ele>
      </trkpt>
      <trkpt lat="45.81127" lon="4.84241">
        <ele>172.5</ele>
      </trkpt>
      <trkpt lat="45.81085" lon="4.84221">
        <ele>173.8</ele>
      </trkpt>
      <trkpt lat="45.81046" lon="4.84207">
        <ele>174.1</ele>
      </trkpt>
      <trkpt lat="45.81019" lon="4.842">
        <ele>174.4</ele>
      </trkpt>
      <trkpt lat="45.80975" lon="4.84193">
        <ele>175.3</ele>
      </trkpt>
      <trkpt lat="45.80952" lon="4.84191">
        <ele>175.6</ele>
      </trkpt>
      <trkpt lat="45.80883" lon="4.8419">
        <ele>175.7</ele>
      </trkpt>
      <trkpt lat="45.80839" lon="4.84188">
        <ele>176.1</ele>
      </trkpt>
      <trkpt lat="45.80793" lon="4.84183">
        <ele>175.1</ele>
      </trkpt>
      <trkpt lat="45.80749" lon="4.84174">
        <ele>174.0</ele>
      </trkpt>
      <trkpt lat="45.80704" lon="4.84162">
        <ele>174.2</ele>
      </trkpt>
      <trkpt lat="45.8066" lon="4.84146">
        <ele>174.8</ele>
      </trkpt>
      <trkpt lat="45.80616" lon="4.84127">
        <ele>174.4</ele>
      </trkpt>
      <trkpt lat="45.80565" lon="4.84098">
        <ele>175.0</ele>
      </trkpt>
      <trkpt lat="45.80513" lon="4.8407">
        <ele>174.6</ele>
      </trkpt>
      <trkpt lat="45.80473" lon="4.84049">
        <ele>174.2</ele>
      </trkpt>
      <trkpt lat="45.80466" lon="4.8404">
        <ele>174.8</ele>
      </trkpt>
      <trkpt lat="45.80434" lon="4.84021">
        <ele>173.7</ele>
      </trkpt>
      <trkpt lat="45.80384" lon="4.83986">
        <ele>175.9</ele>
      </trkpt>
      <trkpt lat="45.80356" lon="4.83962">
        <ele>178.3</ele>
      </trkpt>
      <trkpt lat="45.80307" lon="4.83909">
        <ele>181.0</ele>
      </trkpt>
      <trkpt lat="45.80259" lon="4.83854">
        <ele>182.3</ele>
      </trkpt>
      <trkpt lat="45.80246" lon="4.8384">
        <ele>182.2</ele>
      </trkpt>
      <trkpt lat="45.80233" lon="4.83832">
        <ele>181.9</ele>
      </trkpt>
      <trkpt lat="45.8022" lon="4.83828">
        <ele>181.1</ele>
      </trkpt>
      <trkpt lat="45.80203" lon="4.83828">
        <ele>180.0</ele>
      </trkpt>
      <trkpt lat="45.80178" lon="4.83833">
        <ele>177.8</ele>
      </trkpt>
      <trkpt lat="45.8016" lon="4.83835">
        <ele>176.7</ele>
      </trkpt>
      <trkpt lat="45.80152" lon="4.83832">
        <ele>176.3</ele>
      </trkpt>
      <trkpt lat="45.80136" lon="4.83823">
        <ele>175.9</ele>
      </trkpt>
      <trkpt lat="45.80117" lon="4.83806">
        <ele>175.1</ele>
      </trkpt>
      <trkpt lat="45.80095" lon="4.83784">
        <ele>173.5</ele>
      </trkpt>
      <trkpt lat="45.80077" lon="4.83763">
        <ele>172.1</ele>
      </trkpt>
      <trkpt lat="45.80042" lon="4.83715">
        <ele>173.3</ele>
      </trkpt>
      <trkpt lat="45.80033" lon="4.837">
        <ele>173.7</ele>
      </trkpt>
      <trkpt lat="45.80009" lon="4.83655">
        <ele>175.0</ele>
      </trkpt>
      <trkpt lat="45.79991" lon="4.83616">
        <ele>175.8</ele>
      </trkpt>
      <trkpt lat="45.7997" lon="4.83565">
        <ele>174.7</ele>
      </trkpt>
      <trkpt lat="45.79956" lon="4.83522">
        <ele>174.2</ele>
      </trkpt>
      <trkpt lat="45.79937" lon="4.83456">
        <ele>173.4</ele>
      </trkpt>
      <trkpt lat="45.79918" lon="4.8339">
        <ele>171.8</ele>
      </trkpt>
      <trkpt lat="45.79899" lon="4.83329">
        <ele>171.4</ele>
      </trkpt>
      <trkpt lat="45.79879" lon="4.83263">
        <ele>170.8</ele>
      </trkpt>
      <trkpt lat="45.7986" lon="4.83197">
        <ele>171.7</ele>
      </trkpt>
      <trkpt lat="45.79828" lon="4.83123">
        <ele>171.6</ele>
      </trkpt>
      <trkpt lat="45.79798" lon="4.83047">
        <ele>170.1</ele>
      </trkpt>
      <trkpt lat="45.79799" lon="4.83037">
        <ele>170.4</ele>
      </trkpt>
      <trkpt lat="45.79798" lon="4.83023">
        <ele>170.4</ele>
      </trkpt>
      <trkpt lat="45.79796" lon="4.83014">
        <ele>170.3</ele>
      </trkpt>
      <trkpt lat="45.79786" lon="4.82991">
        <ele>169.8</ele>
      </trkpt>
      <trkpt lat="45.7976" lon="4.82961">
        <ele>168.7</ele>
      </trkpt>
      <trkpt lat="45.79708" lon="4.82862">
        <ele>167.4</ele>
      </trkpt>
      <trkpt lat="45.79657" lon="4.82763">
        <ele>167.2</ele>
      </trkpt>
      <trkpt lat="45.79606" lon="4.82664">
        <ele>166.8</ele>
      </trkpt>
      <trkpt lat="45.79555" lon="4.82565">
        <ele>169.1</ele>
      </trkpt>
      <trkpt lat="45.79525" lon="4.82508">
        <ele>167.0</ele>
      </trkpt>
      <trkpt lat="45.79521" lon="4.82512">
        <ele>166.7</ele>
      </trkpt>
      <trkpt lat="45.79506" lon="4.82487">
        <ele>166.2</ele>
      </trkpt>
      <trkpt lat="45.79506" lon="4.82483">
        <ele>166.5</ele>
      </trkpt>
      <trkpt lat="45.79459" lon="4.82396">
        <ele>167.8</ele>
      </trkpt>
      <trkpt lat="45.79411" lon="4.82308">
        <ele>167.8</ele>
      </trkpt>
      <trkpt lat="45.79408" lon="4.82308">
        <ele>167.8</ele>
      </trkpt>
      <trkpt lat="45.79404" lon="4.823">
        <ele>168.4</ele>
      </trkpt>
      <trkpt lat="45.79404" lon="4.82295">
        <ele>168.9</ele>
      </trkpt>
      <trkpt lat="45.79356" lon="4.82211">
        <ele>169.6</ele>
      </trkpt>
      <trkpt lat="45.79336" lon="4.82182">
        <ele>169.3</ele>
      </trkpt>
      <trkpt lat="45.79298" lon="4.82135">
        <ele>168.6</ele>
      </trkpt>
      <trkpt lat="45.79296" lon="4.82134">
        <ele>168.4</ele>
      </trkpt>
      <trkpt lat="45.79292" lon="4.8213">
        <ele>168.2</ele>
      </trkpt>
      <trkpt lat="45.79292" lon="4.82126">
        <ele>168.2</ele>
      </trkpt>
      <trkpt lat="45.79278" lon="4.82109">
        <ele>167.4</ele>
      </trkpt>
      <trkpt lat="45.79266" lon="4.82095">
        <ele>166.4</ele>
      </trkpt>
      <trkpt lat="45.79263" lon="4.82094">
        <ele>166.2</ele>
      </trkpt>
      <trkpt lat="45.79259" lon="4.82089">
        <ele>165.8</ele>
      </trkpt>
      <trkpt lat="45.79258" lon="4.82086">
        <ele>165.8</ele>
      </trkpt>
      <trkpt lat="45.79196" lon="4.82007">
        <ele>167.0</ele>
      </trkpt>
      <trkpt lat="45.79135" lon="4.81929">
        <ele>168.1</ele>
      </trkpt>
      <trkpt lat="45.79082" lon="4.81859">
        <ele>167.0</ele>
      </trkpt>
      <trkpt lat="45.79027" lon="4.8178">
        <ele>167.7</ele>
      </trkpt>
      <trkpt lat="45.78971" lon="4.81701">
        <ele>168.6</ele>
      </trkpt>
      <trkpt lat="45.78916" lon="4.81622">
        <ele>170.0</ele>
      </trkpt>
      <trkpt lat="45.78869" lon="4.81568">
        <ele>171.9</ele>
      </trkpt>
      <trkpt lat="45.78815" lon="4.81513">
        <ele>171.7</ele>
      </trkpt>
      <trkpt lat="45.78802" lon="4.81501">
        <ele>172.1</ele>
      </trkpt>
      <trkpt lat="45.78733" lon="4.81444">
        <ele>171.4</ele>
      </trkpt>
      <trkpt lat="45.78675" lon="4.81407">
        <ele>170.7</ele>
      </trkpt>
      <trkpt lat="45.78618" lon="4.81369">
        <ele>167.8</ele>
      </trkpt>
      <trkpt lat="45.7856" lon="4.81332">
        <ele>167.2</ele>
      </trkpt>
      <trkpt lat="45.78502" lon="4.81291">
        <ele>167.6</ele>
      </trkpt>
      <trkpt lat="45.78436" lon="4.81237">
        <ele>172.4</ele>
      </trkpt>
      <trkpt lat="45.7837" lon="4.81183">
        <ele>173.4</ele>
      </trkpt>
      <trkpt lat="45.78304" lon="4.81129">
        <ele>172.8</ele>
      </trkpt>
      <trkpt lat="45.78298" lon="4.81127">
        <ele>172.3</ele>
      </trkpt>
      <trkpt lat="45.78295" lon="4.81128">
        <ele>171.9</ele>
      </trkpt>
      <trkpt lat="45.78262" lon="4.81102">
        <ele>170.6</ele>
      </trkpt>
      <trkpt lat="45.7826" lon="4.811">
        <ele>170.5</ele>
      </trkpt>
      <trkpt lat="45.78258" lon="4.8109">
        <ele>171.0</ele>
      </trkpt>
      <trkpt lat="45.78248" lon="4.81081">
        <ele>170.8</ele>
      </trkpt>
      <trkpt lat="45.78193" lon="4.81035">
        <ele>166.5</ele>
      </trkpt>
      <trkpt lat="45.78137" lon="4.8099">
        <ele>165.5</ele>
      </trkpt>
      <trkpt lat="45.78082" lon="4.80944">
        <ele>168.4</ele>
      </trkpt>
      <trkpt lat="45.78059" lon="4.80927">
        <ele>170.7</ele>
      </trkpt>
      <trkpt lat="45.78028" lon="4.80905">
        <ele>173.5</ele>
      </trkpt>
      <trkpt lat="45.77996" lon="4.80889">
        <ele>175.3</ele>
      </trkpt>
      <trkpt lat="45.77931" lon="4.80844">
        <ele>173.5</ele>
      </trkpt>
      <trkpt lat="45.77854" lon="4.808">
        <ele>170.5</ele>
      </trkpt>
      <trkpt lat="45.77785" lon="4.80787">
        <ele>169.5</ele>
      </trkpt>
      <trkpt lat="45.77716" lon="4.80773">
        <ele>169.3</ele>
      </trkpt>
      <trkpt lat="45.77702" lon="4.80773">
        <ele>169.3</ele>
      </trkpt>
      <trkpt lat="45.77685" lon="4.80776">
        <ele>169.1</ele>
      </trkpt>
      <trkpt lat="45.77614" lon="4.80806">
        <ele>169.7</ele>
      </trkpt>
      <trkpt lat="45.77542" lon="4.80836">
        <ele>170.8</ele>
      </trkpt>
      <trkpt lat="45.77512" lon="4.8085">
        <ele>169.8</ele>
      </trkpt>
      <trkpt lat="45.77505" lon="4.80857">
        <ele>169.3</ele>
      </trkpt>
      <trkpt lat="45.77504" lon="4.8086">
        <ele>169.1</ele>
      </trkpt>
      <trkpt lat="45.77503" lon="4.80864">
        <ele>168.8</ele>
      </trkpt>
      <trkpt lat="45.77491" lon="4.80863">
        <ele>169.5</ele>
      </trkpt>
      <trkpt lat="45.77486" lon="4.80864">
        <ele>169.8</ele>
      </trkpt>
      <trkpt lat="45.77486" lon="4.80859">
        <ele>170.1</ele>
      </trkpt>
      <trkpt lat="45.77485" lon="4.80836">
        <ele>171.7</ele>
      </trkpt>
      <trkpt lat="45.77484" lon="4.8083">
        <ele>172.1</ele>
      </trkpt>
      <trkpt lat="45.77447" lon="4.80856">
        <ele>172.9</ele>
      </trkpt>
      <trkpt lat="45.77402" lon="4.80894">
        <ele>173.7</ele>
      </trkpt>
      <trkpt lat="45.77399" lon="4.80895">
        <ele>173.7</ele>
      </trkpt>
      <trkpt lat="45.77392" lon="4.80894">
        <ele>174.1</ele>
      </trkpt>
      <trkpt lat="45.77386" lon="4.80885">
        <ele>174.6</ele>
      </trkpt>
      <trkpt lat="45.77375" lon="4.80874">
        <ele>175.3</ele>
      </trkpt>
      <trkpt lat="45.77365" lon="4.80897">
        <ele>175.0</ele>
      </trkpt>
      <trkpt lat="45.77344" lon="4.80946">
        <ele>174.6</ele>
      </trkpt>
      <trkpt lat="45.77339" lon="4.80954">
        <ele>174.7</ele>
      </trkpt>
      <trkpt lat="45.77343" lon="4.80981">
        <ele>173.5</ele>
      </trkpt>
      <trkpt lat="45.7732" lon="4.81007">
        <ele>175.3</ele>
      </trkpt>
      <trkpt lat="45.77259" lon="4.81076">
        <ele>172.5</ele>
      </trkpt>
      <trkpt lat="45.77199" lon="4.81145">
        <ele>172.5</ele>
      </trkpt>
      <trkpt lat="45.77181" lon="4.81159">
        <ele>173.2</ele>
      </trkpt>
      <trkpt lat="45.77105" lon="4.81195">
        <ele>171.4</ele>
      </trkpt>
      <trkpt lat="45.77029" lon="4.81232">
        <ele>167.3</ele>
      </trkpt>
      <trkpt lat="45.77014" lon="4.81242">
        <ele>166.0</ele>
      </trkpt>
      <trkpt lat="45.77006" lon="4.81252">
        <ele>165.0</ele>
      </trkpt>
      <trkpt lat="45.77004" lon="4.81256">
        <ele>165.0</ele>
      </trkpt>
      <trkpt lat="45.76972" lon="4.81266">
        <ele>165.0</ele>
      </trkpt>
      <trkpt lat="45.76903" lon="4.81276">
        <ele>165.7</ele>
      </trkpt>
      <trkpt lat="45.76896" lon="4.81275">
        <ele>166.1</ele>
      </trkpt>
      <trkpt lat="45.76873" lon="4.81279">
        <ele>167.0</ele>
      </trkpt>
      <trkpt lat="45.76854" lon="4.81285">
        <ele>167.6</ele>
      </trkpt>
      <trkpt lat="45.76834" lon="4.81296">
        <ele>167.7</ele>
      </trkpt>
      <trkpt lat="45.76825" lon="4.81302">
        <ele>168.2</ele>
      </trkpt>
      <trkpt lat="45.76799" lon="4.81326">
        <ele>169.6</ele>
      </trkpt>
      <trkpt lat="45.76783" lon="4.81346">
        <ele>170.2</ele>
      </trkpt>
      <trkpt lat="45.76769" lon="4.81368">
        <ele>169.5</ele>
      </trkpt>
      <trkpt lat="45.76763" lon="4.81381">
        <ele>168.6</ele>
      </trkpt>
      <trkpt lat="45.7674" lon="4.81444">
        <ele>167.2</ele>
      </trkpt>
      <trkpt lat="45.76717" lon="4.81507">
        <ele>173.3</ele>
      </trkpt>
      <trkpt lat="45.76689" lon="4.81588">
        <ele>180.3</ele>
      </trkpt>
      <trkpt lat="45.76685" lon="4.81602">
        <ele>180.8</ele>
      </trkpt>
      <trkpt lat="45.76669" lon="4.81687">
        <ele>178.1</ele>
      </trkpt>
      <trkpt lat="45.76653" lon="4.81773">
        <ele>169.6</ele>
      </trkpt>
      <trkpt lat="45.76649" lon="4.81813">
        <ele>170.2</ele>
      </trkpt>
      <trkpt lat="45.76647" lon="4.8186">
        <ele>169.8</ele>
      </trkpt>
      <trkpt lat="45.76648" lon="4.81886">
        <ele>169.3</ele>
      </trkpt>
      <trkpt lat="45.76651" lon="4.81919">
        <ele>168.4</ele>
      </trkpt>
      <trkpt lat="45.76655" lon="4.81946">
        <ele>167.7</ele>
      </trkpt>
      <trkpt lat="45.7666" lon="4.81971">
        <ele>166.7</ele>
      </trkpt>
      <trkpt lat="45.76666" lon="4.81998">
        <ele>165.2</ele>
      </trkpt>
      <trkpt lat="45.7669" lon="4.82088">
        <ele>167.3</ele>
      </trkpt>
      <trkpt lat="45.76713" lon="4.82179">
        <ele>179.2</ele>
      </trkpt>
      <trkpt lat="45.76733" lon="4.82245">
        <ele>173.1</ele>
      </trkpt>
      <trkpt lat="45.76736" lon="4.82259">
        <ele>171.9</ele>
      </trkpt>
      <trkpt lat="45.76738" lon="4.82284">
        <ele>170.9</ele>
      </trkpt>
      <trkpt lat="45.76741" lon="4.82393">
        <ele>168.4</ele>
      </trkpt>
      <trkpt lat="45.76745" lon="4.82505">
        <ele>166.3</ele>
      </trkpt>
      <trkpt lat="45.7675" lon="4.82618">
        <ele>165.0</ele>
      </trkpt>
      <trkpt lat="45.7675" lon="4.8263">
        <ele>165.1</ele>
      </trkpt>
      <trkpt lat="45.76738" lon="4.82689">
        <ele>166.8</ele>
      </trkpt>
      <trkpt lat="45.76732" lon="4.82709">
        <ele>167.5</ele>
      </trkpt>
      <trkpt lat="45.76726" lon="4.82729">
        <ele>168.4</ele>
      </trkpt>
      <trkpt lat="45.76719" lon="4.82747">
        <ele>169.4</ele>
      </trkpt>
      <trkpt lat="45.76711" lon="4.82764">
        <ele>170.4</ele>
      </trkpt>
      <trkpt lat="45.76675" lon="4.82817">
        <ele>174.4</ele>
      </trkpt>
      <trkpt lat="45.76638" lon="4.82869">
        <ele>173.5</ele>
      </trkpt>
      <trkpt lat="45.76635" lon="4.8288">
        <ele>172.7</ele>
      </trkpt>
      <trkpt lat="45.76627" lon="4.82886">
        <ele>172.9</ele>
      </trkpt>
      <trkpt lat="45.7662" lon="4.82887">
        <ele>173.5</ele>
      </trkpt>
      <trkpt lat="45.76548" lon="4.82912">
        <ele>173.7</ele>
      </trkpt>
      <trkpt lat="45.76533" lon="4.82914">
        <ele>172.8</ele>
      </trkpt>
      <trkpt lat="45.76489" lon="4.82915">
        <ele>171.4</ele>
      </trkpt>
      <trkpt lat="45.76481" lon="4.82917">
        <ele>171.5</ele>
      </trkpt>
      <trkpt lat="45.76468" lon="4.82924">
        <ele>171.1</ele>
      </trkpt>
      <trkpt lat="45.76457" lon="4.82936">
        <ele>170.3</ele>
      </trkpt>
      <trkpt lat="45.76449" lon="4.8294">
        <ele>170.0</ele>
      </trkpt>
      <trkpt lat="45.76439" lon="4.82942">
        <ele>170.0</ele>
      </trkpt>
      <trkpt lat="45.76392" lon="4.82943">
        <ele>170.0</ele>
      </trkpt>
      <trkpt lat="45.76345" lon="4.82944">
        <ele>169.7</ele>
      </trkpt>
      <trkpt lat="45.76343" lon="4.82946">
        <ele>169.6</ele>
      </trkpt>
      <trkpt lat="45.7634" lon="4.82951">
        <ele>169.1</ele>
      </trkpt>
      <trkpt lat="45.76335" lon="4.82954">
        <ele>168.9</ele>
      </trkpt>
      <trkpt lat="45.7632" lon="4.82953">
        <ele>168.7</ele>
      </trkpt>
      <trkpt lat="45.76318" lon="4.82951">
        <ele>168.9</ele>
      </trkpt>
      <trkpt lat="45.76315" lon="4.82945">
        <ele>169.3</ele>
      </trkpt>
      <trkpt lat="45.76311" lon="4.82943">
        <ele>169.4</ele>
      </trkpt>
      <trkpt lat="45.76291" lon="4.82939">
        <ele>169.4</ele>
      </trkpt>
      <trkpt lat="45.7624" lon="4.82921">
        <ele>169.4</ele>
      </trkpt>
      <trkpt lat="45.76224" lon="4.82913">
        <ele>169.5</ele>
      </trkpt>
      <trkpt lat="45.76191" lon="4.82891">
        <ele>169.9</ele>
      </trkpt>
      <trkpt lat="45.76128" lon="4.82868">
        <ele>170.3</ele>
      </trkpt>
      <trkpt lat="45.76053" lon="4.82842">
        <ele>168.7</ele>
      </trkpt>
      <trkpt lat="45.76038" lon="4.82835">
        <ele>167.7</ele>
      </trkpt>
      <trkpt lat="45.75991" lon="4.82807">
        <ele>168.6</ele>
      </trkpt>
      <trkpt lat="45.75986" lon="4.82806">
        <ele>168.5</ele>
      </trkpt>
      <trkpt lat="45.7598" lon="4.82803">
        <ele>168.8</ele>
      </trkpt>
      <trkpt lat="45.75977" lon="4.82804">
        <ele>168.5</ele>
      </trkpt>
      <trkpt lat="45.75958" lon="4.8279">
        <ele>169.4</ele>
      </trkpt>
      <trkpt lat="45.75955" lon="4.82785">
        <ele>169.8</ele>
      </trkpt>
      <trkpt lat="45.7593" lon="4.82759">
        <ele>170.4</ele>
      </trkpt>
      <trkpt lat="45.75927" lon="4.82754">
        <ele>170.6</ele>
      </trkpt>
      <trkpt lat="45.75886" lon="4.82714">
        <ele>171.0</ele>
      </trkpt>
      <trkpt lat="45.75871" lon="4.82698">
        <ele>171.3</ele>
      </trkpt>
      <trkpt lat="45.75869" lon="4.82696">
        <ele>171.3</ele>
      </trkpt>
      <trkpt lat="45.75859" lon="4.82694">
        <ele>170.8</ele>
      </trkpt>
      <trkpt lat="45.758" lon="4.82634">
        <ele>170.3</ele>
      </trkpt>
      <trkpt lat="45.75742" lon="4.82574">
        <ele>168.7</ele>
      </trkpt>
      <trkpt lat="45.7573" lon="4.82564">
        <ele>169.7</ele>
      </trkpt>
      <trkpt lat="45.75702" lon="4.82536">
        <ele>173.0</ele>
      </trkpt>
      <trkpt lat="45.75698" lon="4.82531">
        <ele>173.7</ele>
      </trkpt>
      <trkpt lat="45.75685" lon="4.82521">
        <ele>175.2</ele>
      </trkpt>
      <trkpt lat="45.75674" lon="4.82515">
        <ele>176.4</ele>
      </trkpt>
      <trkpt lat="45.75634" lon="4.82485">
        <ele>174.2</ele>
      </trkpt>
      <trkpt lat="45.75626" lon="4.82478">
        <ele>172.9</ele>
      </trkpt>
      <trkpt lat="45.75616" lon="4.82468">
        <ele>171.4</ele>
      </trkpt>
      <trkpt lat="45.75601" lon="4.82457">
        <ele>168.7</ele>
      </trkpt>
      <trkpt lat="45.75593" lon="4.82454">
        <ele>166.9</ele>
      </trkpt>
      <trkpt lat="45.75571" lon="4.82444">
        <ele>165.0</ele>
      </trkpt>
      <trkpt lat="45.75566" lon="4.82441">
        <ele>165.0</ele>
      </trkpt>
      <trkpt lat="45.75562" lon="4.82433">
        <ele>165.0</ele>
      </trkpt>
      <trkpt lat="45.7549" lon="4.82403">
        <ele>167.8</ele>
      </trkpt>
      <trkpt lat="45.75418" lon="4.82371">
        <ele>170.0</ele>
      </trkpt>
      <trkpt lat="45.75408" lon="4.8237">
        <ele>169.5</ele>
      </trkpt>
      <trkpt lat="45.75387" lon="4.82362">
        <ele>168.8</ele>
      </trkpt>
      <trkpt lat="45.75379" lon="4.82359">
        <ele>168.4</ele>
      </trkpt>
      <trkpt lat="45.75373" lon="4.82355">
        <ele>168.2</ele>
      </trkpt>
      <trkpt lat="45.75356" lon="4.82347">
        <ele>167.1</ele>
      </trkpt>
      <trkpt lat="45.75298" lon="4.82291">
        <ele>170.5</ele>
      </trkpt>
      <trkpt lat="45.75241" lon="4.82234">
        <ele>171.3</ele>
      </trkpt>
      <trkpt lat="45.75183" lon="4.82178">
        <ele>170.5</ele>
      </trkpt>
      <trkpt lat="45.75181" lon="4.82175">
        <ele>170.5</ele>
      </trkpt>
      <trkpt lat="45.75176" lon="4.82174">
        <ele>170.2</ele>
      </trkpt>
      <trkpt lat="45.7517" lon="4.82157">
        <ele>170.8</ele>
      </trkpt>
      <trkpt lat="45.75158" lon="4.82138">
        <ele>171.0</ele>
      </trkpt>
      <trkpt lat="45.75135" lon="4.82097">
        <ele>170.7</ele>
      </trkpt>
      <trkpt lat="45.75121" lon="4.82069">
        <ele>170.3</ele>
      </trkpt>
      <trkpt lat="45.75115" lon="4.8206">
        <ele>169.9</ele>
      </trkpt>
      <trkpt lat="45.75079" lon="4.81984">
        <ele>169.9</ele>
      </trkpt>
      <trkpt lat="45.75065" lon="4.81955">
        <ele>170.6</ele>
      </trkpt>
      <trkpt lat="45.75049" lon="4.81921">
        <ele>170.7</ele>
      </trkpt>
      <trkpt lat="45.7501" lon="4.81839">
        <ele>169.3</ele>
      </trkpt>
      <trkpt lat="45.74971" lon="4.81758">
        <ele>174.8</ele>
      </trkpt>
      <trkpt lat="45.74954" lon="4.81734">
        <ele>174.9</ele>
      </trkpt>
      <trkpt lat="45.74895" lon="4.81662">
        <ele>173.6</ele>
      </trkpt>
      <trkpt lat="45.74836" lon="4.81589">
        <ele>178.6</ele>
      </trkpt>
      <trkpt lat="45.74819" lon="4.81571">
        <ele>180.1</ele>
      </trkpt>
      <trkpt lat="45.74769" lon="4.81526">
        <ele>180.3</ele>
      </trkpt>
      <trkpt lat="45.74709" lon="4.81474">
        <ele>182.0</ele>
      </trkpt>
      <trkpt lat="45.74648" lon="4.81422">
        <ele>182.4</ele>
      </trkpt>
      <trkpt lat="45.74587" lon="4.8137">
        <ele>185.3</ele>
      </trkpt>
      <trkpt lat="45.7453" lon="4.8134">
        <ele>176.4</ele>
      </trkpt>
      <trkpt lat="45.74483" lon="4.81319">
        <ele>173.0</ele>
      </trkpt>
      <trkpt lat="45.74451" lon="4.81307">
        <ele>177.6</ele>
      </trkpt>
      <trkpt lat="45.74416" lon="4.81295">
        <ele>180.3</ele>
      </trkpt>
      <trkpt lat="45.74342" lon="4.81278">
        <ele>177.5</ele>
      </trkpt>
      <trkpt lat="45.74269" lon="4.81261">
        <ele>168.4</ele>
      </trkpt>
      <trkpt lat="45.74202" lon="4.81246">
        <ele>166.4</ele>
      </trkpt>
      <trkpt lat="45.74135" lon="4.81232">
        <ele>170.9</ele>
      </trkpt>
      <trkpt lat="45.74069" lon="4.81217">
        <ele>174.1</ele>
      </trkpt>
      <trkpt lat="45.74002" lon="4.81203">
        <ele>175.8</ele>
      </trkpt>
      <trkpt lat="45.73972" lon="4.81198">
        <ele>177.1</ele>
      </trkpt>
      <trkpt lat="45.73914" lon="4.8119">
        <ele>179.4</ele>
      </trkpt>
      <trkpt lat="45.73857" lon="4.81187">
        <ele>180.7</ele>
      </trkpt>
      <trkpt lat="45.73777" lon="4.81189">
        <ele>180.4</ele>
      </trkpt>
      <trkpt lat="45.73737" lon="4.81192">
        <ele>180.1</ele>
      </trkpt>
      <trkpt lat="45.73674" lon="4.81203">
        <ele>178.8</ele>
      </trkpt>
      <trkpt lat="45.73605" lon="4.8122">
        <ele>173.2</ele>
      </trkpt>
      <trkpt lat="45.73537" lon="4.81236">
        <ele>172.4</ele>
      </trkpt>
      <trkpt lat="45.73469" lon="4.81253">
        <ele>172.5</ele>
      </trkpt>
      <trkpt lat="45.734" lon="4.8127">
        <ele>172.6</ele>
      </trkpt>
      <trkpt lat="45.73316" lon="4.81291">
        <ele>174.7</ele>
      </trkpt>
      <trkpt lat="45.73232" lon="4.81313">
        <ele>184.8</ele>
      </trkpt>
      <trkpt lat="45.73198" lon="4.81326">
        <ele>187.8</ele>
      </trkpt>
      <trkpt lat="45.7314" lon="4.81355">
        <ele>187.1</ele>
      </trkpt>
      <trkpt lat="45.73128" lon="4.81367">
        <ele>185.1</ele>
      </trkpt>
      <trkpt lat="45.73118" lon="4.81381">
        <ele>182.4</ele>
      </trkpt>
      <trkpt lat="45.73081" lon="4.81452">
        <ele>172.9</ele>
      </trkpt>
      <trkpt lat="45.73071" lon="4.81465">
        <ele>172.6</ele>
      </trkpt>
      <trkpt lat="45.73055" lon="4.81479">
        <ele>172.9</ele>
      </trkpt>
      <trkpt lat="45.73031" lon="4.815">
        <ele>173.2</ele>
      </trkpt>
      <trkpt lat="45.73014" lon="4.81508">
        <ele>174.7</ele>
      </trkpt>
      <trkpt lat="45.72976" lon="4.81524">
        <ele>175.9</ele>
      </trkpt>
      <trkpt lat="45.72969" lon="4.81526">
        <ele>176.2</ele>
      </trkpt>
      <trkpt lat="45.72949" lon="4.81534">
        <ele>176.6</ele>
      </trkpt>
      <trkpt lat="45.72943" lon="4.81539">
        <ele>176.2</ele>
      </trkpt>
      <trkpt lat="45.72936" lon="4.81547">
        <ele>175.5</ele>
      </trkpt>
      <trkpt lat="45.72923" lon="4.8156">
        <ele>174.5</ele>
      </trkpt>
      <trkpt lat="45.72909" lon="4.81573">
        <ele>172.8</ele>
      </trkpt>
      <trkpt lat="45.72877" lon="4.81588">
        <ele>171.1</ele>
      </trkpt>
      <trkpt lat="45.72849" lon="4.81598">
        <ele>170.4</ele>
      </trkpt>
      <trkpt lat="45.7278" lon="4.81618">
        <ele>166.8</ele>
      </trkpt>
      <trkpt lat="45.72754" lon="4.81624">
        <ele>165.6</ele>
      </trkpt>
      <trkpt lat="45.72726" lon="4.81629">
        <ele>165.4</ele>
      </trkpt>
      <trkpt lat="45.72725" lon="4.8162">
        <ele>165.7</ele>
      </trkpt>
      <trkpt lat="45.72724" lon="4.81615">
        <ele>165.9</ele>
      </trkpt>
      <trkpt lat="45.72718" lon="4.81622">
        <ele>165.6</ele>
      </trkpt>
      <trkpt lat="45.72716" lon="4.81624">
        <ele>165.5</ele>
      </trkpt>
      <trkpt lat="45.72691" lon="4.8163">
        <ele>165.3</ele>
      </trkpt>
      <trkpt lat="45.72682" lon="4.81629">
        <ele>165.4</ele>
      </trkpt>
      <trkpt lat="45.72671" lon="4.8163">
        <ele>165.3</ele>
      </trkpt>
      <trkpt lat="45.72635" lon="4.81637">
        <ele>165.6</ele>
      </trkpt>
      <trkpt lat="45.72618" lon="4.81643">
        <ele>165.7</ele>
      </trkpt>
      <trkpt lat="45.72598" lon="4.81654">
        <ele>165.9</ele>
      </trkpt>
      <trkpt lat="45.72558" lon="4.81667">
        <ele>166.3</ele>
      </trkpt>
      <trkpt lat="45.72544" lon="4.81673">
        <ele>166.2</ele>
      </trkpt>
      <trkpt lat="45.72536" lon="4.81679">
        <ele>166.0</ele>
      </trkpt>
      <trkpt lat="45.72531" lon="4.81681">
        <ele>166.0</ele>
      </trkpt>
      <trkpt lat="45.72467" lon="4.81697">
        <ele>165.8</ele>
      </trkpt>
      <trkpt lat="45.72462" lon="4.817">
        <ele>165.7</ele>
      </trkpt>
      <trkpt lat="45.72386" lon="4.81717">
        <ele>164.9</ele>
      </trkpt>
      <trkpt lat="45.72309" lon="4.81734">
        <ele>164.3</ele>
      </trkpt>
      <trkpt lat="45.72233" lon="4.81751">
        <ele>164.4</ele>
      </trkpt>
      <trkpt lat="45.72157" lon="4.81768">
        <ele>165.4</ele>
      </trkpt>
      <trkpt lat="45.72081" lon="4.81785">
        <ele>165.3</ele>
      </trkpt>
      <trkpt lat="45.72004" lon="4.81802">
        <ele>163.2</ele>
      </trkpt>
      <trkpt lat="45.7199" lon="4.81807">
        <ele>163.0</ele>
      </trkpt>
      <trkpt lat="45.71922" lon="4.81823">
        <ele>162.4</ele>
      </trkpt>
      <trkpt lat="45.71902" lon="4.81827">
        <ele>163.1</ele>
      </trkpt>
      <trkpt lat="45.71897" lon="4.81827">
        <ele>163.4</ele>
      </trkpt>
      <trkpt lat="45.71895" lon="4.81825">
        <ele>163.5</ele>
      </trkpt>
      <trkpt lat="45.71888" lon="4.81825">
        <ele>163.9</ele>
      </trkpt>
      <trkpt lat="45.71887" lon="4.81829">
        <ele>163.9</ele>
      </trkpt>
      <trkpt lat="45.7188" lon="4.81831">
        <ele>164.2</ele>
      </trkpt>
      <trkpt lat="45.71856" lon="4.81837">
        <ele>165.6</ele>
      </trkpt>
      <trkpt lat="45.71842" lon="4.8184">
        <ele>166.2</ele>
      </trkpt>
      <trkpt lat="45.7179" lon="4.81851">
        <ele>166.8</ele>
      </trkpt>
      <trkpt lat="45.71784" lon="4.8186">
        <ele>166.5</ele>
      </trkpt>
      <trkpt lat="45.71695" lon="4.81879">
        <ele>165.5</ele>
      </trkpt>
      <trkpt lat="45.71607" lon="4.81899">
        <ele>165.7</ele>
      </trkpt>
      <trkpt lat="45.71519" lon="4.81919">
        <ele>165.2</ele>
      </trkpt>
      <trkpt lat="45.7143" lon="4.81938">
        <ele>163.1</ele>
      </trkpt>
      <trkpt lat="45.7143" lon="4.8193">
        <ele>162.9</ele>
      </trkpt>
      <trkpt lat="45.7141" lon="4.81934">
        <ele>162.7</ele>
      </trkpt>
      <trkpt lat="45.71362" lon="4.81945">
        <ele>163.5</ele>
      </trkpt>
      <trkpt lat="45.71314" lon="4.81956">
        <ele>163.7</ele>
      </trkpt>
      <trkpt lat="45.71306" lon="4.81959">
        <ele>163.7</ele>
      </trkpt>
      <trkpt lat="45.71272" lon="4.81967">
        <ele>163.3</ele>
      </trkpt>
      <trkpt lat="45.7122" lon="4.81979">
        <ele>162.6</ele>
      </trkpt>
      <trkpt lat="45.71168" lon="4.8199">
        <ele>162.0</ele>
      </trkpt>
      <trkpt lat="45.71165" lon="4.81987">
        <ele>162.0</ele>
      </trkpt>
      <trkpt lat="45.71149" lon="4.8199">
        <ele>162.2</ele>
      </trkpt>
      <trkpt lat="45.71147" lon="4.81994">
        <ele>162.2</ele>
      </trkpt>
      <trkpt lat="45.71145" lon="4.81996">
        <ele>162.3</ele>
      </trkpt>
      <trkpt lat="45.71099" lon="4.82005">
        <ele>163.0</ele>
      </trkpt>
      <trkpt lat="45.71039" lon="4.8202">
        <ele>164.5</ele>
      </trkpt>
      <trkpt lat="45.71029" lon="4.82024">
        <ele>164.8</ele>
      </trkpt>
      <trkpt lat="45.71006" lon="4.82039">
        <ele>165.4</ele>
      </trkpt>
      <trkpt lat="45.7097" lon="4.82066">
        <ele>165.5</ele>
      </trkpt>
      <trkpt lat="45.70956" lon="4.82074">
        <ele>165.4</ele>
      </trkpt>
      <trkpt lat="45.70901" lon="4.82115">
        <ele>165.1</ele>
      </trkpt>
      <trkpt lat="45.70889" lon="4.82123">
        <ele>165.2</ele>
      </trkpt>
      <trkpt lat="45.70874" lon="4.82129">
        <ele>165.2</ele>
      </trkpt>
      <trkpt lat="45.70852" lon="4.82134">
        <ele>165.3</ele>
      </trkpt>
      <trkpt lat="45.70839" lon="4.82136">
        <ele>165.3</ele>
      </trkpt>
      <trkpt lat="45.70805" lon="4.82137">
        <ele>165.6</ele>
      </trkpt>
      <trkpt lat="45.7076" lon="4.82129">
        <ele>165.9</ele>
      </trkpt>
      <trkpt lat="45.70754" lon="4.82127">
        <ele>166.0</ele>
      </trkpt>
      <trkpt lat="45.70753" lon="4.82133">
        <ele>166.0</ele>
      </trkpt>
      <trkpt lat="45.70741" lon="4.82127">
        <ele>166.2</ele>
      </trkpt>
      <trkpt lat="45.70665" lon="4.82107">
        <ele>168.0</ele>
      </trkpt>
      <trkpt lat="45.7059" lon="4.82086">
        <ele>168.0</ele>
      </trkpt>
      <trkpt lat="45.70514" lon="4.82066">
        <ele>166.0</ele>
      </trkpt>
      <trkpt lat="45.70486" lon="4.82063">
        <ele>166.1</ele>
      </trkpt>
      <trkpt lat="45.70467" lon="4.82062">
        <ele>166.6</ele>
      </trkpt>
      <trkpt lat="45.70397" lon="4.82067">
        <ele>168.0</ele>
      </trkpt>
      <trkpt lat="45.70364" lon="4.82076">
        <ele>168.6</ele>
      </trkpt>
      <trkpt lat="45.70303" lon="4.82099">
        <ele>168.4</ele>
      </trkpt>
      <trkpt lat="45.70279" lon="4.82113">
        <ele>167.9</ele>
      </trkpt>
      <trkpt lat="45.7024" lon="4.82138">
        <ele>166.9</ele>
      </trkpt>
      <trkpt lat="45.70179" lon="4.82181">
        <ele>165.1</ele>
      </trkpt>
      <trkpt lat="45.70119" lon="4.82224">
        <ele>166.0</ele>
      </trkpt>
      <trkpt lat="45.70057" lon="4.82269">
        <ele>166.8</ele>
      </trkpt>
      <trkpt lat="45.69989" lon="4.82313">
        <ele>167.0</ele>
      </trkpt>
      <trkpt lat="45.69949" lon="4.82342">
        <ele>167.0</ele>
      </trkpt>
      <trkpt lat="45.69909" lon="4.82371">
        <ele>166.9</ele>
      </trkpt>
      <trkpt lat="45.6987" lon="4.82397">
        <ele>166.4</ele>
      </trkpt>
      <trkpt lat="45.69825" lon="4.82429">
        <ele>166.1</ele>
      </trkpt>
      <trkpt lat="45.69781" lon="4.82461">
        <ele>166.7</ele>
      </trkpt>
      <trkpt lat="45.69724" lon="4.825">
        <ele>166.3</ele>
      </trkpt>
      <trkpt lat="45.69674" lon="4.82537">
        <ele>166.5</ele>
      </trkpt>
      <trkpt lat="45.69617" lon="4.82577">
        <ele>166.6</ele>
      </trkpt>
      <trkpt lat="45.6956" lon="4.82617">
        <ele>166.4</ele>
      </trkpt>
      <trkpt lat="45.69555" lon="4.8262">
        <ele>166.4</ele>
      </trkpt>
      <trkpt lat="45.69546" lon="4.8262">
        <ele>166.3</ele>
      </trkpt>
      <trkpt lat="45.69548" lon="4.82628">
        <ele>166.3</ele>
      </trkpt>
      <trkpt lat="45.69548" lon="4.82637">
        <ele>166.2</ele>
      </trkpt>
      <trkpt lat="45.69547" lon="4.82647">
        <ele>166.1</ele>
      </trkpt>
      <trkpt lat="45.69543" lon="4.82661">
        <ele>166.0</ele>
      </trkpt>
      <trkpt lat="45.69536" lon="4.82672">
        <ele>165.9</ele>
      </trkpt>
      <trkpt lat="45.69532" lon="4.82675">
        <ele>165.8</ele>
      </trkpt>
      <trkpt lat="45.69522" lon="4.8268">
        <ele>165.8</ele>
      </trkpt>
      <trkpt lat="45.69513" lon="4.8268">
        <ele>165.8</ele>
      </trkpt>
      <trkpt lat="45.69507" lon="4.82677">
        <ele>165.9</ele>
      </trkpt>
      <trkpt lat="45.69498" lon="4.8267">
        <ele>165.9</ele>
      </trkpt>
      <trkpt lat="45.69494" lon="4.82663">
        <ele>165.8</ele>
      </trkpt>
      <trkpt lat="45.69486" lon="4.82665">
        <ele>165.5</ele>
      </trkpt>
      <trkpt lat="45.69479" lon="4.82669">
        <ele>165.2</ele>
      </trkpt>
      <trkpt lat="45.69452" lon="4.82705">
        <ele>164.1</ele>
      </trkpt>
      <trkpt lat="45.6944" lon="4.82718">
        <ele>163.7</ele>
      </trkpt>
      <trkpt lat="45.69433" lon="4.82724">
        <ele>163.4</ele>
      </trkpt>
      <trkpt lat="45.69393" lon="4.82751">
        <ele>164.1</ele>
      </trkpt>
      <trkpt lat="45.69355" lon="4.82778">
        <ele>164.9</ele>
      </trkpt>
      <trkpt lat="45.69352" lon="4.82781">
        <ele>165.0</ele>
      </trkpt>
      <trkpt lat="45.69348" lon="4.82788">
        <ele>164.9</ele>
      </trkpt>
      <trkpt lat="45.69346" lon="4.82796">
        <ele>164.8</ele>
      </trkpt>
      <trkpt lat="45.69342" lon="4.82801">
        <ele>164.7</ele>
      </trkpt>
      <trkpt lat="45.6934" lon="4.82804">
        <ele>164.8</ele>
      </trkpt>
      <trkpt lat="45.69327" lon="4.82814">
        <ele>164.9</ele>
      </trkpt>
      <trkpt lat="45.69306" lon="4.82804">
        <ele>165.9</ele>
      </trkpt>
      <trkpt lat="45.69301" lon="4.82797">
        <ele>166.3</ele>
      </trkpt>
      <trkpt lat="45.69294" lon="4.82786">
        <ele>166.9</ele>
      </trkpt>
      <trkpt lat="45.6929" lon="4.82782">
        <ele>167.1</ele>
      </trkpt>
      <trkpt lat="45.69246" lon="4.82773">
        <ele>168.4</ele>
      </trkpt>
      <trkpt lat="45.69219" lon="4.82766">
        <ele>167.8</ele>
      </trkpt>
      <trkpt lat="45.69167" lon="4.82747">
        <ele>166.0</ele>
      </trkpt>
      <trkpt lat="45.69115" lon="4.82728">
        <ele>167.4</ele>
      </trkpt>
      <trkpt lat="45.69077" lon="4.82716">
        <ele>167.6</ele>
      </trkpt>
      <trkpt lat="45.69057" lon="4.82712">
        <ele>167.5</ele>
      </trkpt>
      <trkpt lat="45.69051" lon="4.82713">
        <ele>167.6</ele>
      </trkpt>
      <trkpt lat="45.69048" lon="4.82715">
        <ele>167.8</ele>
      </trkpt>
      <trkpt lat="45.69025" lon="4.82744">
        <ele>169.1</ele>
      </trkpt>
      <trkpt lat="45.6901" lon="4.82745">
        <ele>169.0</ele>
      </trkpt>
      <trkpt lat="45.69007" lon="4.82744">
        <ele>168.9</ele>
      </trkpt>
      <trkpt lat="45.69004" lon="4.82735">
        <ele>168.6</ele>
      </trkpt>
      <trkpt lat="45.68998" lon="4.82723">
        <ele>168.3</ele>
      </trkpt>
      <trkpt lat="45.68994" lon="4.8271">
        <ele>168.1</ele>
      </trkpt>
      <trkpt lat="45.68989" lon="4.82706">
        <ele>168.0</ele>
      </trkpt>
      <trkpt lat="45.68971" lon="4.82696">
        <ele>168.0</ele>
      </trkpt>
      <trkpt lat="45.68957" lon="4.82687">
        <ele>168.1</ele>
      </trkpt>
      <trkpt lat="45.68939" lon="4.82681">
        <ele>168.4</ele>
      </trkpt>
      <trkpt lat="45.68916" lon="4.82678">
        <ele>168.8</ele>
      </trkpt>
      <trkpt lat="45.68874" lon="4.82677">
        <ele>167.3</ele>
      </trkpt>
      <trkpt lat="45.68866" lon="4.82679">
        <ele>166.9</ele>
      </trkpt>
      <trkpt lat="45.6886" lon="4.82683">
        <ele>166.6</ele>
      </trkpt>
      <trkpt lat="45.68856" lon="4.82688">
        <ele>166.4</ele>
      </trkpt>
      <trkpt lat="45.68852" lon="4.82695">
        <ele>166.1</ele>
      </trkpt>
      <trkpt lat="45.68849" lon="4.82697">
        <ele>165.9</ele>
      </trkpt>
      <trkpt lat="45.68844" lon="4.82697">
        <ele>165.7</ele>
      </trkpt>
      <trkpt lat="45.68838" lon="4.82697">
        <ele>165.5</ele>
      </trkpt>
      <trkpt lat="45.68836" lon="4.82696">
        <ele>165.4</ele>
      </trkpt>
      <trkpt lat="45.68831" lon="4.82681">
        <ele>165.7</ele>
      </trkpt>
      <trkpt lat="45.68828" lon="4.82679">
        <ele>165.7</ele>
      </trkpt>
      <trkpt lat="45.68805" lon="4.82675">
        <ele>166.1</ele>
      </trkpt>
      <trkpt lat="45.68719" lon="4.82677">
        <ele>166.3</ele>
      </trkpt>
      <trkpt lat="45.68699" lon="4.8268">
        <ele>166.1</ele>
      </trkpt>
      <trkpt lat="45.6865" lon="4.82688">
        <ele>165.6</ele>
      </trkpt>
      <trkpt lat="45.68602" lon="4.82697">
        <ele>164.8</ele>
      </trkpt>
      <trkpt lat="45.68598" lon="4.827">
        <ele>164.6</ele>
      </trkpt>
      <trkpt lat="45.68594" lon="4.82705">
        <ele>164.3</ele>
      </trkpt>
      <trkpt lat="45.68584" lon="4.82709">
        <ele>164.0</ele>
      </trkpt>
      <trkpt lat="45.68571" lon="4.82712">
        <ele>164.2</ele>
      </trkpt>
      <trkpt lat="45.68561" lon="4.82711">
        <ele>164.6</ele>
      </trkpt>
      <trkpt lat="45.68545" lon="4.82717">
        <ele>164.7</ele>
      </trkpt>
      <trkpt lat="45.68534" lon="4.82722">
        <ele>164.7</ele>
      </trkpt>
      <trkpt lat="45.68513" lon="4.82737">
        <ele>164.5</ele>
      </trkpt>
      <trkpt lat="45.685" lon="4.82755">
        <ele>163.9</ele>
      </trkpt>
      <trkpt lat="45.68493" lon="4.82761">
        <ele>163.8</ele>
      </trkpt>
      <trkpt lat="45.68482" lon="4.82767">
        <ele>163.6</ele>
      </trkpt>
      <trkpt lat="45.68476" lon="4.82777">
        <ele>163.4</ele>
      </trkpt>
      <trkpt lat="45.68474" lon="4.82779">
        <ele>163.3</ele>
      </trkpt>
      <trkpt lat="45.68472" lon="4.8278">
        <ele>163.3</ele>
      </trkpt>
      <trkpt lat="45.68465" lon="4.8278">
        <ele>163.2</ele>
      </trkpt>
      <trkpt lat="45.68456" lon="4.82783">
        <ele>163.1</ele>
      </trkpt>
      <trkpt lat="45.68454" lon="4.82782">
        <ele>163.1</ele>
      </trkpt>
      <trkpt lat="45.68449" lon="4.82777">
        <ele>163.1</ele>
      </trkpt>
      <trkpt lat="45.68444" lon="4.8277">
        <ele>163.1</ele>
      </trkpt>
      <trkpt lat="45.68444" lon="4.82767">
        <ele>163.1</ele>
      </trkpt>
      <trkpt lat="45.68445" lon="4.82753">
        <ele>163.3</ele>
      </trkpt>
      <trkpt lat="45.68444" lon="4.8275">
        <ele>163.3</ele>
      </trkpt>
      <trkpt lat="45.68442" lon="4.82748">
        <ele>163.5</ele>
      </trkpt>
      <trkpt lat="45.6843" lon="4.82753">
        <ele>163.1</ele>
      </trkpt>
      <trkpt lat="45.68429" lon="4.82757">
        <ele>163.1</ele>
      </trkpt>
      <trkpt lat="45.68366" lon="4.82791">
        <ele>163.4</ele>
      </trkpt>
      <trkpt lat="45.68302" lon="4.82825">
        <ele>164.7</ele>
      </trkpt>
      <trkpt lat="45.68223" lon="4.82877">
        <ele>169.0</ele>
      </trkpt>
      <trkpt lat="45.68143" lon="4.8293">
        <ele>170.7</ele>
      </trkpt>
      <trkpt lat="45.68098" lon="4.82962">
        <ele>170.4</ele>
      </trkpt>
      <trkpt lat="45.6806" lon="4.82992">
        <ele>167.7</ele>
      </trkpt>
      <trkpt lat="45.6803" lon="4.83018">
        <ele>166.3</ele>
      </trkpt>
      <trkpt lat="45.67984" lon="4.83057">
        <ele>165.3</ele>
      </trkpt>
      <trkpt lat="45.67937" lon="4.83096">
        <ele>164.7</ele>
      </trkpt>
      <trkpt lat="45.67914" lon="4.83113">
        <ele>165.0</ele>
      </trkpt>
      <trkpt lat="45.6789" lon="4.83125">
        <ele>164.8</ele>
      </trkpt>
      <trkpt lat="45.67871" lon="4.83132">
        <ele>164.6</ele>
      </trkpt>
      <trkpt lat="45.67864" lon="4.83135">
        <ele>164.5</ele>
      </trkpt>
      <trkpt lat="45.67841" lon="4.8314">
        <ele>164.2</ele>
      </trkpt>
      <trkpt lat="45.67787" lon="4.83142">
        <ele>165.5</ele>
      </trkpt>
      <trkpt lat="45.67747" lon="4.83135">
        <ele>167.4</ele>
      </trkpt>
      <trkpt lat="45.67717" lon="4.83124">
        <ele>168.4</ele>
      </trkpt>
      <trkpt lat="45.67692" lon="4.83118">
        <ele>168.8</ele>
      </trkpt>
      <trkpt lat="45.67621" lon="4.83102">
        <ele>168.7</ele>
      </trkpt>
      <trkpt lat="45.67549" lon="4.83087">
        <ele>169.3</ele>
      </trkpt>
      <trkpt lat="45.67503" lon="4.83079">
        <ele>169.8</ele>
      </trkpt>
      <trkpt lat="45.67457" lon="4.83073">
        <ele>169.8</ele>
      </trkpt>
      <trkpt lat="45.67438" lon="4.83068">
        <ele>170.2</ele>
      </trkpt>
      <trkpt lat="45.67382" lon="4.83034">
        <ele>173.0</ele>
      </trkpt>
      <trkpt lat="45.67325" lon="4.83001">
        <ele>173.5</ele>
      </trkpt>
      <trkpt lat="45.67268" lon="4.82967">
        <ele>174.9</ele>
      </trkpt>
      <trkpt lat="45.67227" lon="4.82939">
        <ele>174.7</ele>
      </trkpt>
      <trkpt lat="45.67187" lon="4.82911">
        <ele>174.4</ele>
      </trkpt>
      <trkpt lat="45.67157" lon="4.82892">
        <ele>174.8</ele>
      </trkpt>
      <trkpt lat="45.671" lon="4.82871">
        <ele>175.9</ele>
      </trkpt>
      <trkpt lat="45.67061" lon="4.82862">
        <ele>176.2</ele>
      </trkpt>
      <trkpt lat="45.67015" lon="4.82857">
        <ele>175.0</ele>
      </trkpt>
      <trkpt lat="45.6698" lon="4.82851">
        <ele>174.9</ele>
      </trkpt>
      <trkpt lat="45.66915" lon="4.82842">
        <ele>174.9</ele>
      </trkpt>
      <trkpt lat="45.66888" lon="4.8284">
        <ele>175.2</ele>
      </trkpt>
      <trkpt lat="45.6686" lon="4.8284">
        <ele>175.1</ele>
      </trkpt>
      <trkpt lat="45.66814" lon="4.82844">
        <ele>174.5</ele>
      </trkpt>
      <trkpt lat="45.66796" lon="4.82843">
        <ele>174.7</ele>
      </trkpt>
      <trkpt lat="45.66781" lon="4.82841">
        <ele>175.1</ele>
      </trkpt>
      <trkpt lat="45.66757" lon="4.82833">
        <ele>176.0</ele>
      </trkpt>
      <trkpt lat="45.66719" lon="4.82818">
        <ele>176.9</ele>
      </trkpt>
      <trkpt lat="45.66685" lon="4.82799">
        <ele>178.4</ele>
      </trkpt>
      <trkpt lat="45.66654" lon="4.82772">
        <ele>180.3</ele>
      </trkpt>
      <trkpt lat="45.66595" lon="4.82713">
        <ele>182.8</ele>
      </trkpt>
      <trkpt lat="45.66535" lon="4.82654">
        <ele>181.3</ele>
      </trkpt>
      <trkpt lat="45.66528" lon="4.82639">
        <ele>181.0</ele>
      </trkpt>
      <trkpt lat="45.66521" lon="4.8263">
        <ele>180.7</ele>
      </trkpt>
      <trkpt lat="45.66522" lon="4.82622">
        <ele>181.1</ele>
      </trkpt>
      <trkpt lat="45.6652" lon="4.82617">
        <ele>181.1</ele>
      </trkpt>
      <trkpt lat="45.66518" lon="4.82614">
        <ele>181.1</ele>
      </trkpt>
      <trkpt lat="45.66515" lon="4.82611">
        <ele>180.9</ele>
      </trkpt>
      <trkpt lat="45.66512" lon="4.8261">
        <ele>180.7</ele>
      </trkpt>
      <trkpt lat="45.66508" lon="4.8261">
        <ele>180.4</ele>
      </trkpt>
      <trkpt lat="45.66503" lon="4.82615">
        <ele>179.8</ele>
      </trkpt>
      <trkpt lat="45.66502" lon="4.82618">
        <ele>179.5</ele>
      </trkpt>
      <trkpt lat="45.66482" lon="4.82621">
        <ele>178.2</ele>
      </trkpt>
      <trkpt lat="45.66406" lon="4.82581">
        <ele>173.8</ele>
      </trkpt>
      <trkpt lat="45.6633" lon="4.82542">
        <ele>175.3</ele>
      </trkpt>
      <trkpt lat="45.66297" lon="4.82523">
        <ele>175.8</ele>
      </trkpt>
      <trkpt lat="45.66282" lon="4.82509">
        <ele>176.4</ele>
      </trkpt>
      <trkpt lat="45.66254" lon="4.82483">
        <ele>176.9</ele>
      </trkpt>
      <trkpt lat="45.66207" lon="4.82451">
        <ele>175.4</ele>
      </trkpt>
      <trkpt lat="45.6616" lon="4.82419">
        <ele>175.1</ele>
      </trkpt>
      <trkpt lat="45.66123" lon="4.8239">
        <ele>174.3</ele>
      </trkpt>
      <trkpt lat="45.66072" lon="4.82326">
        <ele>176.3</ele>
      </trkpt>
      <trkpt lat="45.66021" lon="4.82262">
        <ele>175.6</ele>
      </trkpt>
      <trkpt lat="45.65972" lon="4.82203">
        <ele>175.2</ele>
      </trkpt>
      <trkpt lat="45.65924" lon="4.82145">
        <ele>176.9</ele>
      </trkpt>
      <trkpt lat="45.65876" lon="4.82086">
        <ele>180.3</ele>
      </trkpt>
      <trkpt lat="45.65828" lon="4.82029">
        <ele>184.2</ele>
      </trkpt>
      <trkpt lat="45.6578" lon="4.81973">
        <ele>184.8</ele>
      </trkpt>
      <trkpt lat="45.65722" lon="4.81905">
        <ele>182.7</ele>
      </trkpt>
      <trkpt lat="45.65664" lon="4.81838">
        <ele>182.8</ele>
      </trkpt>
      <trkpt lat="45.65612" lon="4.81786">
        <ele>186.8</ele>
      </trkpt>
      <trkpt lat="45.6559" lon="4.81758">
        <ele>188.7</ele>
      </trkpt>
      <trkpt lat="45.65582" lon="4.81746">
        <ele>189.2</ele>
      </trkpt>
      <trkpt lat="45.6555" lon="4.81684">
        <ele>189.5</ele>
      </trkpt>
      <trkpt lat="45.65522" lon="4.81603">
        <ele>187.2</ele>
      </trkpt>
      <trkpt lat="45.65514" lon="4.81591">
        <ele>186.2</ele>
      </trkpt>
      <trkpt lat="45.65509" lon="4.81584">
        <ele>185.5</ele>
      </trkpt>
      <trkpt lat="45.65496" lon="4.81573">
        <ele>184.9</ele>
      </trkpt>
      <trkpt lat="45.65491" lon="4.8157">
        <ele>185.1</ele>
      </trkpt>
      <trkpt lat="45.6548" lon="4.81569">
        <ele>185.2</ele>
      </trkpt>
      <trkpt lat="45.65437" lon="4.81573">
        <ele>184.8</ele>
      </trkpt>
      <trkpt lat="45.6542" lon="4.81572">
        <ele>184.9</ele>
      </trkpt>
      <trkpt lat="45.65408" lon="4.81569">
        <ele>185.0</ele>
      </trkpt>
      <trkpt lat="45.65395" lon="4.81561">
        <ele>185.1</ele>
      </trkpt>
      <trkpt lat="45.65373" lon="4.81539">
        <ele>185.8</ele>
      </trkpt>
      <trkpt lat="45.65319" lon="4.81466">
        <ele>185.5</ele>
      </trkpt>
      <trkpt lat="45.65264" lon="4.81392">
        <ele>183.8</ele>
      </trkpt>
      <trkpt lat="45.6525" lon="4.81374">
        <ele>183.6</ele>
      </trkpt>
      <trkpt lat="45.65249" lon="4.81366">
        <ele>184.0</ele>
      </trkpt>
      <trkpt lat="45.65235" lon="4.81352">
        <ele>183.8</ele>
      </trkpt>
      <trkpt lat="45.65215" lon="4.81339">
        <ele>182.8</ele>
      </trkpt>
      <trkpt lat="45.65194" lon="4.81329">
        <ele>181.4</ele>
      </trkpt>
      <trkpt lat="45.65141" lon="4.81299">
        <ele>178.8</ele>
      </trkpt>
      <trkpt lat="45.65068" lon="4.81261">
        <ele>177.0</ele>
      </trkpt>
      <trkpt lat="45.65042" lon="4.81244">
        <ele>177.8</ele>
      </trkpt>
      <trkpt lat="45.65021" lon="4.81227">
        <ele>178.9</ele>
      </trkpt>
      <trkpt lat="45.65008" lon="4.81213">
        <ele>180.0</ele>
      </trkpt>
      <trkpt lat="45.65008" lon="4.8121">
        <ele>180.2</ele>
      </trkpt>
      <trkpt lat="45.65005" lon="4.81204">
        <ele>180.6</ele>
      </trkpt>
      <trkpt lat="45.65002" lon="4.81202">
        <ele>180.8</ele>
      </trkpt>
      <trkpt lat="45.65" lon="4.81202">
        <ele>180.9</ele>
      </trkpt>
      <trkpt lat="45.64995" lon="4.81204">
        <ele>180.5</ele>
      </trkpt>
      <trkpt lat="45.64992" lon="4.81209">
        <ele>180.1</ele>
      </trkpt>
      <trkpt lat="45.6498" lon="4.81208">
        <ele>179.5</ele>
      </trkpt>
      <trkpt lat="45.64961" lon="4.81204">
        <ele>179.0</ele>
      </trkpt>
      <trkpt lat="45.64916" lon="4.81203">
        <ele>177.0</ele>
      </trkpt>
      <trkpt lat="45.64895" lon="4.81205">
        <ele>175.8</ele>
      </trkpt>
      <trkpt lat="45.64847" lon="4.81208">
        <ele>173.6</ele>
      </trkpt>
      <trkpt lat="45.64817" lon="4.81205">
        <ele>173.5</ele>
      </trkpt>
      <trkpt lat="45.6481" lon="4.81203">
        <ele>173.7</ele>
      </trkpt>
      <trkpt lat="45.64786" lon="4.81198">
        <ele>174.5</ele>
      </trkpt>
      <trkpt lat="45.64772" lon="4.81194">
        <ele>175.0</ele>
      </trkpt>
      <trkpt lat="45.64769" lon="4.81189">
        <ele>175.5</ele>
      </trkpt>
      <trkpt lat="45.64764" lon="4.81188">
        <ele>175.7</ele>
      </trkpt>
      <trkpt lat="45.64762" lon="4.81189">
        <ele>175.6</ele>
      </trkpt>
      <trkpt lat="45.64747" lon="4.8118">
        <ele>176.6</ele>
      </trkpt>
      <trkpt lat="45.64679" lon="4.81146">
        <ele>176.6</ele>
      </trkpt>
      <trkpt lat="45.64628" lon="4.81123">
        <ele>176.1</ele>
      </trkpt>
      <trkpt lat="45.64552" lon="4.81084">
        <ele>176.2</ele>
      </trkpt>
      <trkpt lat="45.64531" lon="4.8107">
        <ele>176.8</ele>
      </trkpt>
      <trkpt lat="45.64492" lon="4.81027">
        <ele>178.7</ele>
      </trkpt>
      <trkpt lat="45.64478" lon="4.81015">
        <ele>179.1</ele>
      </trkpt>
      <trkpt lat="45.6446" lon="4.81008">
        <ele>179.2</ele>
      </trkpt>
      <trkpt lat="45.64447" lon="4.81008">
        <ele>178.9</ele>
      </trkpt>
      <trkpt lat="45.64412" lon="4.81014">
        <ele>177.4</ele>
      </trkpt>
      <trkpt lat="45.64332" lon="4.81008">
        <ele>182.1</ele>
      </trkpt>
      <trkpt lat="45.64299" lon="4.80999">
        <ele>181.8</ele>
      </trkpt>
      <trkpt lat="45.64261" lon="4.80986">
        <ele>181.1</ele>
      </trkpt>
      <trkpt lat="45.64236" lon="4.80975">
        <ele>180.2</ele>
      </trkpt>
      <trkpt lat="45.64211" lon="4.80957">
        <ele>180.0</ele>
      </trkpt>
      <trkpt lat="45.6419" lon="4.80938">
        <ele>181.0</ele>
      </trkpt>
      <trkpt lat="45.6413" lon="4.80858">
        <ele>184.1</ele>
      </trkpt>
      <trkpt lat="45.64109" lon="4.80836">
        <ele>184.9</ele>
      </trkpt>
      <trkpt lat="45.64057" lon="4.80795">
        <ele>188.9</ele>
      </trkpt>
      <trkpt lat="45.64022" lon="4.80775">
        <ele>190.7</ele>
      </trkpt>
      <trkpt lat="45.63972" lon="4.80753">
        <ele>192.1</ele>
      </trkpt>
      <trkpt lat="45.63922" lon="4.80732">
        <ele>194.6</ele>
      </trkpt>
      <trkpt lat="45.63858" lon="4.80702">
        <ele>196.2</ele>
      </trkpt>
      <trkpt lat="45.63839" lon="4.80694">
        <ele>196.6</ele>
      </trkpt>
      <trkpt lat="45.63779" lon="4.80677">
        <ele>196.9</ele>
      </trkpt>
      <trkpt lat="45.63726" lon="4.80664">
        <ele>195.8</ele>
      </trkpt>
      <trkpt lat="45.63672" lon="4.80651">
        <ele>191.4</ele>
      </trkpt>
      <trkpt lat="45.63659" lon="4.80643">
        <ele>190.3</ele>
      </trkpt>
      <trkpt lat="45.63651" lon="4.80632">
        <ele>190.3</ele>
      </trkpt>
      <trkpt lat="45.6362" lon="4.80574">
        <ele>194.1</ele>
      </trkpt>
      <trkpt lat="45.63613" lon="4.80566">
        <ele>194.6</ele>
      </trkpt>
      <trkpt lat="45.63605" lon="4.80561">
        <ele>194.5</ele>
      </trkpt>
      <trkpt lat="45.63597" lon="4.80561">
        <ele>194.0</ele>
      </trkpt>
      <trkpt lat="45.63589" lon="4.80562">
        <ele>193.0</ele>
      </trkpt>
      <trkpt lat="45.63566" lon="4.80579">
        <ele>187.4</ele>
      </trkpt>
      <trkpt lat="45.63557" lon="4.80583">
        <ele>185.5</ele>
      </trkpt>
      <trkpt lat="45.63545" lon="4.80585">
        <ele>183.7</ele>
      </trkpt>
      <trkpt lat="45.63533" lon="4.80582">
        <ele>182.6</ele>
      </trkpt>
      <trkpt lat="45.63525" lon="4.80578">
        <ele>182.4</ele>
      </trkpt>
      <trkpt lat="45.63514" lon="4.80571">
        <ele>182.3</ele>
      </trkpt>
      <trkpt lat="45.63497" lon="4.80555">
        <ele>183.3</ele>
      </trkpt>
      <trkpt lat="45.6345" lon="4.80492">
        <ele>184.2</ele>
      </trkpt>
      <trkpt lat="45.63431" lon="4.80472">
        <ele>185.1</ele>
      </trkpt>
      <trkpt lat="45.63409" lon="4.80441">
        <ele>190.2</ele>
      </trkpt>
      <trkpt lat="45.63398" lon="4.80432">
        <ele>191.7</ele>
      </trkpt>
      <trkpt lat="45.63362" lon="4.80418">
        <ele>192.3</ele>
      </trkpt>
      <trkpt lat="45.63335" lon="4.8041">
        <ele>191.8</ele>
      </trkpt>
      <trkpt lat="45.63309" lon="4.80399">
        <ele>192.3</ele>
      </trkpt>
      <trkpt lat="45.63291" lon="4.80394">
        <ele>192.4</ele>
      </trkpt>
      <trkpt lat="45.63274" lon="4.80393">
        <ele>191.5</ele>
      </trkpt>
      <trkpt lat="45.63259" lon="4.80396">
        <ele>189.4</ele>
      </trkpt>
      <trkpt lat="45.63246" lon="4.80397">
        <ele>188.1</ele>
      </trkpt>
      <trkpt lat="45.63228" lon="4.80393">
        <ele>187.4</ele>
      </trkpt>
      <trkpt lat="45.632" lon="4.80387">
        <ele>187.0</ele>
      </trkpt>
      <trkpt lat="45.63185" lon="4.80385">
        <ele>186.1</ele>
      </trkpt>
      <trkpt lat="45.63121" lon="4.80395">
        <ele>176.2</ele>
      </trkpt>
      <trkpt lat="45.63096" lon="4.80393">
        <ele>174.1</ele>
      </trkpt>
      <trkpt lat="45.63073" lon="4.80388">
        <ele>173.2</ele>
      </trkpt>
      <trkpt lat="45.63052" lon="4.80379">
        <ele>173.6</ele>
      </trkpt>
      <trkpt lat="45.63044" lon="4.80374">
        <ele>174.1</ele>
      </trkpt>
      <trkpt lat="45.63023" lon="4.80362">
        <ele>174.8</ele>
      </trkpt>
      <trkpt lat="45.63015" lon="4.8036">
        <ele>174.6</ele>
      </trkpt>
      <trkpt lat="45.63004" lon="4.80361">
        <ele>173.6</ele>
      </trkpt>
      <trkpt lat="45.62986" lon="4.80368">
        <ele>172.7</ele>
      </trkpt>
      <trkpt lat="45.62972" lon="4.80369">
        <ele>173.2</ele>
      </trkpt>
      <trkpt lat="45.62956" lon="4.80365">
        <ele>174.7</ele>
      </trkpt>
      <trkpt lat="45.62938" lon="4.80355">
        <ele>177.1</ele>
      </trkpt>
      <trkpt lat="45.62924" lon="4.80353">
        <ele>178.1</ele>
      </trkpt>
      <trkpt lat="45.62914" lon="4.80357">
        <ele>177.9</ele>
      </trkpt>
      <trkpt lat="45.62905" lon="4.80365">
        <ele>177.0</ele>
      </trkpt>
      <trkpt lat="45.62885" lon="4.80391">
        <ele>172.8</ele>
      </trkpt>
      <trkpt lat="45.62875" lon="4.80397">
        <ele>171.8</ele>
      </trkpt>
      <trkpt lat="45.62864" lon="4.804">
        <ele>171.6</ele>
      </trkpt>
      <trkpt lat="45.62852" lon="4.80399">
        <ele>172.0</ele>
      </trkpt>
      <trkpt lat="45.62833" lon="4.80395">
        <ele>173.6</ele>
      </trkpt>
      <trkpt lat="45.62795" lon="4.80385">
        <ele>175.8</ele>
      </trkpt>
      <trkpt lat="45.62744" lon="4.80369">
        <ele>179.8</ele>
      </trkpt>
      <trkpt lat="45.62693" lon="4.80353">
        <ele>183.9</ele>
      </trkpt>
      <trkpt lat="45.62669" lon="4.80345">
        <ele>186.2</ele>
      </trkpt>
      <trkpt lat="45.6263" lon="4.80334">
        <ele>187.9</ele>
      </trkpt>
      <trkpt lat="45.62549" lon="4.80318">
        <ele>186.7</ele>
      </trkpt>
      <trkpt lat="45.62469" lon="4.80301">
        <ele>181.6</ele>
      </trkpt>
      <trkpt lat="45.62414" lon="4.80286">
        <ele>177.6</ele>
      </trkpt>
      <trkpt lat="45.62348" lon="4.80265">
        <ele>176.5</ele>
      </trkpt>
      <trkpt lat="45.62297" lon="4.80246">
        <ele>175.6</ele>
      </trkpt>
      <trkpt lat="45.62258" lon="4.8023">
        <ele>174.1</ele>
      </trkpt>
      <trkpt lat="45.62205" lon="4.80208">
        <ele>173.7</ele>
      </trkpt>
      <trkpt lat="45.62153" lon="4.80186">
        <ele>174.1</ele>
      </trkpt>
      <trkpt lat="45.62119" lon="4.80174">
        <ele>174.4</ele>
      </trkpt>
      <trkpt lat="45.62096" lon="4.80168">
        <ele>174.3</ele>
      </trkpt>
      <trkpt lat="45.62027" lon="4.80157">
        <ele>173.3</ele>
      </trkpt>
      <trkpt lat="45.61958" lon="4.80146">
        <ele>171.5</ele>
      </trkpt>
      <trkpt lat="45.61919" lon="4.80139">
        <ele>169.5</ele>
      </trkpt>
      <trkpt lat="45.61887" lon="4.8013">
        <ele>169.2</ele>
      </trkpt>
      <trkpt lat="45.61871" lon="4.80124">
        <ele>169.1</ele>
      </trkpt>
      <trkpt lat="45.61803" lon="4.80089">
        <ele>167.5</ele>
      </trkpt>
      <trkpt lat="45.61776" lon="4.8007">
        <ele>167.5</ele>
      </trkpt>
      <trkpt lat="45.61732" lon="4.8004">
        <ele>168.4</ele>
      </trkpt>
      <trkpt lat="45.6169" lon="4.80019">
        <ele>169.8</ele>
      </trkpt>
      <trkpt lat="45.61681" lon="4.80006">
        <ele>170.8</ele>
      </trkpt>
      <trkpt lat="45.61681" lon="4.79995">
        <ele>171.8</ele>
      </trkpt>
      <trkpt lat="45.6168" lon="4.79989">
        <ele>172.3</ele>
      </trkpt>
      <trkpt lat="45.61677" lon="4.79984">
        <ele>172.7</ele>
      </trkpt>
      <trkpt lat="45.61674" lon="4.7998">
        <ele>173.0</ele>
      </trkpt>
      <trkpt lat="45.6167" lon="4.79977">
        <ele>173.0</ele>
      </trkpt>
      <trkpt lat="45.61665" lon="4.79976">
        <ele>172.9</ele>
      </trkpt>
      <trkpt lat="45.6166" lon="4.79977">
        <ele>172.4</ele>
      </trkpt>
      <trkpt lat="45.61656" lon="4.7998">
        <ele>171.8</ele>
      </trkpt>
      <trkpt lat="45.61642" lon="4.79981">
        <ele>170.7</ele>
      </trkpt>
      <trkpt lat="45.6162" lon="4.79972">
        <ele>169.6</ele>
      </trkpt>
      <trkpt lat="45.61561" lon="4.79936">
        <ele>168.3</ele>
      </trkpt>
      <trkpt lat="45.61526" lon="4.79915">
        <ele>168.7</ele>
      </trkpt>
      <trkpt lat="45.61498" lon="4.79903">
        <ele>169.0</ele>
      </trkpt>
      <trkpt lat="45.61423" lon="4.79876">
        <ele>169.6</ele>
      </trkpt>
      <trkpt lat="45.61344" lon="4.79854">
        <ele>170.6</ele>
      </trkpt>
      <trkpt lat="45.61317" lon="4.79844">
        <ele>170.5</ele>
      </trkpt>
      <trkpt lat="45.61271" lon="4.79823">
        <ele>169.2</ele>
      </trkpt>
      <trkpt lat="45.61214" lon="4.79794">
        <ele>167.0</ele>
      </trkpt>
      <trkpt lat="45.61157" lon="4.79764">
        <ele>165.6</ele>
      </trkpt>
      <trkpt lat="45.61132" lon="4.79749">
        <ele>165.0</ele>
      </trkpt>
      <trkpt lat="45.61075" lon="4.79707">
        <ele>163.2</ele>
      </trkpt>
      <trkpt lat="45.61013" lon="4.79651">
        <ele>161.3</ele>
      </trkpt>
      <trkpt lat="45.60948" lon="4.79586">
        <ele>161.1</ele>
      </trkpt>
      <trkpt lat="45.60905" lon="4.79539">
        <ele>161.3</ele>
      </trkpt>
      <trkpt lat="45.60855" lon="4.79474">
        <ele>160.3</ele>
      </trkpt>
      <trkpt lat="45.60815" lon="4.7942">
        <ele>158.8</ele>
      </trkpt>
      <trkpt lat="45.60775" lon="4.79366">
        <ele>158.7</ele>
      </trkpt>
      <trkpt lat="45.60739" lon="4.79309">
        <ele>157.9</ele>
      </trkpt>
      <trkpt lat="45.60711" lon="4.79251">
        <ele>157.5</ele>
      </trkpt>
      <trkpt lat="45.60699" lon="4.79218">
        <ele>158.3</ele>
      </trkpt>
      <trkpt lat="45.60688" lon="4.79183">
        <ele>158.5</ele>
      </trkpt>
      <trkpt lat="45.60662" lon="4.79081">
        <ele>159.1</ele>
      </trkpt>
      <trkpt lat="45.60656" lon="4.7905">
        <ele>160.1</ele>
      </trkpt>
      <trkpt lat="45.60651" lon="4.79038">
        <ele>160.4</ele>
      </trkpt>
      <trkpt lat="45.60638" lon="4.79014">
        <ele>160.7</ele>
      </trkpt>
      <trkpt lat="45.60632" lon="4.78999">
        <ele>160.8</ele>
      </trkpt>
      <trkpt lat="45.60635" lon="4.78994">
        <ele>161.2</ele>
      </trkpt>
      <trkpt lat="45.60636" lon="4.78988">
        <ele>161.6</ele>
      </trkpt>
      <trkpt lat="45.60636" lon="4.78983">
        <ele>162.0</ele>
      </trkpt>
      <trkpt lat="45.60634" lon="4.78976">
        <ele>162.3</ele>
      </trkpt>
      <trkpt lat="45.60632" lon="4.78971">
        <ele>162.5</ele>
      </trkpt>
      <trkpt lat="45.60628" lon="4.78967">
        <ele>162.5</ele>
      </trkpt>
      <trkpt lat="45.60623" lon="4.78966">
        <ele>162.2</ele>
      </trkpt>
      <trkpt lat="45.60619" lon="4.78966">
        <ele>161.9</ele>
      </trkpt>
      <trkpt lat="45.60614" lon="4.78969">
        <ele>161.5</ele>
      </trkpt>
      <trkpt lat="45.60611" lon="4.78974">
        <ele>161.0</ele>
      </trkpt>
      <trkpt lat="45.60609" lon="4.7898">
        <ele>160.7</ele>
      </trkpt>
      <trkpt lat="45.60583" lon="4.7898">
        <ele>159.2</ele>
      </trkpt>
      <trkpt lat="45.60572" lon="4.78984">
        <ele>159.3</ele>
      </trkpt>
      <trkpt lat="45.60567" lon="4.78991">
        <ele>159.3</ele>
      </trkpt>
      <trkpt lat="45.60555" lon="4.79013">
        <ele>159.6</ele>
      </trkpt>
      <trkpt lat="45.60529" lon="4.79074">
        <ele>161.1</ele>
      </trkpt>
      <trkpt lat="45.60521" lon="4.79089">
        <ele>161.5</ele>
      </trkpt>
      <trkpt lat="45.60511" lon="4.79101">
        <ele>161.7</ele>
      </trkpt>
      <trkpt lat="45.60502" lon="4.79109">
        <ele>161.9</ele>
      </trkpt>
      <trkpt lat="45.60496" lon="4.79114">
        <ele>161.9</ele>
      </trkpt>
      <trkpt lat="45.60486" lon="4.79117">
        <ele>161.8</ele>
      </trkpt>
      <trkpt lat="45.60457" lon="4.79124">
        <ele>161.2</ele>
      </trkpt>
      <trkpt lat="45.60406" lon="4.79135">
        <ele>160.1</ele>
      </trkpt>
      <trkpt lat="45.60391" lon="4.79139">
        <ele>160.0</ele>
      </trkpt>
      <trkpt lat="45.60384" lon="4.7914">
        <ele>160.0</ele>
      </trkpt>
      <trkpt lat="45.60379" lon="4.79139">
        <ele>160.0</ele>
      </trkpt>
      <trkpt lat="45.60371" lon="4.79136">
        <ele>160.1</ele>
      </trkpt>
      <trkpt lat="45.60368" lon="4.79132">
        <ele>160.1</ele>
      </trkpt>
      <trkpt lat="45.60357" lon="4.79112">
        <ele>160.3</ele>
      </trkpt>
      <trkpt lat="45.60322" lon="4.79042">
        <ele>159.7</ele>
      </trkpt>
      <trkpt lat="45.60287" lon="4.78972">
        <ele>158.6</ele>
      </trkpt>
      <trkpt lat="45.60252" lon="4.78902">
        <ele>159.2</ele>
      </trkpt>
      <trkpt lat="45.60229" lon="4.78836">
        <ele>159.7</ele>
      </trkpt>
      <trkpt lat="45.60213" lon="4.78796">
        <ele>159.4</ele>
      </trkpt>
      <trkpt lat="45.60202" lon="4.78775">
        <ele>159.0</ele>
      </trkpt>
      <trkpt lat="45.60192" lon="4.78761">
        <ele>158.7</ele>
      </trkpt>
      <trkpt lat="45.60172" lon="4.7874">
        <ele>158.2</ele>
      </trkpt>
      <trkpt lat="45.60103" lon="4.78679">
        <ele>158.8</ele>
      </trkpt>
      <trkpt lat="45.60082" lon="4.78658">
        <ele>159.1</ele>
      </trkpt>
      <trkpt lat="45.60041" lon="4.78624">
        <ele>158.7</ele>
      </trkpt>
      <trkpt lat="45.6" lon="4.7859">
        <ele>158.8</ele>
      </trkpt>
      <trkpt lat="45.59928" lon="4.78523">
        <ele>158.3</ele>
      </trkpt>
      <trkpt lat="45.599" lon="4.78491">
        <ele>158.4</ele>
      </trkpt>
      <trkpt lat="45.59895" lon="4.78482">
        <ele>158.6</ele>
      </trkpt>
      <trkpt lat="45.59846" lon="4.78379">
        <ele>160.1</ele>
      </trkpt>
      <trkpt lat="45.59798" lon="4.78275">
        <ele>160.0</ele>
      </trkpt>
      <trkpt lat="45.59787" lon="4.78253">
        <ele>160.0</ele>
      </trkpt>
      <trkpt lat="45.59764" lon="4.78214">
        <ele>160.5</ele>
      </trkpt>
      <trkpt lat="45.59751" lon="4.78194">
        <ele>160.7</ele>
      </trkpt>
      <trkpt lat="45.5973" lon="4.78159">
        <ele>161.4</ele>
      </trkpt>
      <trkpt lat="45.59717" lon="4.78134">
        <ele>161.8</ele>
      </trkpt>
      <trkpt lat="45.59689" lon="4.78077">
        <ele>161.2</ele>
      </trkpt>
      <trkpt lat="45.5965" lon="4.77994">
        <ele>160.3</ele>
      </trkpt>
      <trkpt lat="45.5961" lon="4.77911">
        <ele>161.0</ele>
      </trkpt>
      <trkpt lat="45.59591" lon="4.77866">
        <ele>160.5</ele>
      </trkpt>
      <trkpt lat="45.5956" lon="4.77753">
        <ele>159.3</ele>
      </trkpt>
      <trkpt lat="45.59536" lon="4.77669">
        <ele>158.0</ele>
      </trkpt>
      <trkpt lat="45.59522" lon="4.77629">
        <ele>158.7</ele>
      </trkpt>
      <trkpt lat="45.59502" lon="4.77581">
        <ele>159.9</ele>
      </trkpt>
      <trkpt lat="45.59466" lon="4.77508">
        <ele>158.1</ele>
      </trkpt>
      <trkpt lat="45.59443" lon="4.77459">
        <ele>157.8</ele>
      </trkpt>
      <trkpt lat="45.59396" lon="4.77365">
        <ele>157.4</ele>
      </trkpt>
      <trkpt lat="45.5938" lon="4.77343">
        <ele>157.1</ele>
      </trkpt>
      <trkpt lat="45.59364" lon="4.77327">
        <ele>157.0</ele>
      </trkpt>
      <trkpt lat="45.59333" lon="4.77306">
        <ele>157.0</ele>
      </trkpt>
      <trkpt lat="45.59295" lon="4.77285">
        <ele>157.5</ele>
      </trkpt>
      <trkpt lat="45.59281" lon="4.77278">
        <ele>157.6</ele>
      </trkpt>
      <trkpt lat="45.59263" lon="4.77275">
        <ele>157.8</ele>
      </trkpt>
      <trkpt lat="45.59244" lon="4.77277">
        <ele>158.2</ele>
      </trkpt>
      <trkpt lat="45.59192" lon="4.77291">
        <ele>159.4</ele>
      </trkpt>
      <trkpt lat="45.5914" lon="4.77306">
        <ele>159.4</ele>
      </trkpt>
      <trkpt lat="45.59121" lon="4.77289">
        <ele>158.9</ele>
      </trkpt>
      <trkpt lat="45.59108" lon="4.77278">
        <ele>158.6</ele>
      </trkpt>
      <trkpt lat="45.5911" lon="4.77257">
        <ele>158.6</ele>
      </trkpt>
      <trkpt lat="45.59103" lon="4.77216">
        <ele>158.7</ele>
      </trkpt>
      <trkpt lat="45.59098" lon="4.77149">
        <ele>159.0</ele>
      </trkpt>
      <trkpt lat="45.59093" lon="4.77082">
        <ele>159.0</ele>
      </trkpt>
      <trkpt lat="45.5909" lon="4.7705">
        <ele>158.6</ele>
      </trkpt>
      <trkpt lat="45.59045" lon="4.77056">
        <ele>158.7</ele>
      </trkpt>
      <trkpt lat="45.59" lon="4.77064">
        <ele>158.5</ele>
      </trkpt>
      <trkpt lat="45.58978" lon="4.77067">
        <ele>158.8</ele>
      </trkpt>
      <trkpt lat="45.58928" lon="4.77077">
        <ele>159.7</ele>
      </trkpt>
      <trkpt lat="45.5888" lon="4.77088">
        <ele>159.5</ele>
      </trkpt>
      <trkpt lat="45.58852" lon="4.77091">
        <ele>159.2</ele>
      </trkpt>
      <trkpt lat="45.5878" lon="4.77108">
        <ele>158.8</ele>
      </trkpt>
      <trkpt lat="45.58728" lon="4.77116">
        <ele>158.6</ele>
      </trkpt>
      <trkpt lat="45.58695" lon="4.77122">
        <ele>158.5</ele>
      </trkpt>
      <trkpt lat="45.5867" lon="4.77127">
        <ele>158.5</ele>
      </trkpt>
      <trkpt lat="45.58634" lon="4.77127">
        <ele>158.7</ele>
      </trkpt>
      <trkpt lat="45.5863" lon="4.77123">
        <ele>158.7</ele>
      </trkpt>
      <trkpt lat="45.58625" lon="4.77123">
        <ele>158.8</ele>
      </trkpt>
      <trkpt lat="45.58618" lon="4.77091">
        <ele>159.0</ele>
      </trkpt>
      <trkpt lat="45.58613" lon="4.77063">
        <ele>158.8</ele>
      </trkpt>
      <trkpt lat="45.58597" lon="4.76964">
        <ele>158.7</ele>
      </trkpt>
      <trkpt lat="45.58591" lon="4.76943">
        <ele>158.9</ele>
      </trkpt>
      <trkpt lat="45.58581" lon="4.76921">
        <ele>159.0</ele>
      </trkpt>
      <trkpt lat="45.58578" lon="4.76915">
        <ele>159.0</ele>
      </trkpt>
      <trkpt lat="45.58571" lon="4.76908">
        <ele>159.1</ele>
      </trkpt>
      <trkpt lat="45.58572" lon="4.76903">
        <ele>159.2</ele>
      </trkpt>
      <trkpt lat="45.58571" lon="4.76899">
        <ele>159.3</ele>
      </trkpt>
      <trkpt lat="45.5857" lon="4.76895">
        <ele>159.3</ele>
      </trkpt>
      <trkpt lat="45.58567" lon="4.76893">
        <ele>159.4</ele>
      </trkpt>
      <trkpt lat="45.58565" lon="4.76892">
        <ele>159.4</ele>
      </trkpt>
      <trkpt lat="45.58561" lon="4.76892">
        <ele>159.3</ele>
      </trkpt>
      <trkpt lat="45.58549" lon="4.76857">
        <ele>160.0</ele>
      </trkpt>
      <trkpt lat="45.58543" lon="4.76824">
        <ele>160.5</ele>
      </trkpt>
      <trkpt lat="45.5854" lon="4.76803">
        <ele>160.5</ele>
      </trkpt>
      <trkpt lat="45.58535" lon="4.76781">
        <ele>160.4</ele>
      </trkpt>
      <trkpt lat="45.58482" lon="4.767">
        <ele>160.6</ele>
      </trkpt>
      <trkpt lat="45.58466" lon="4.76651">
        <ele>164.0</ele>
      </trkpt>
      <trkpt lat="45.58461" lon="4.76634">
        <ele>165.8</ele>
      </trkpt>
      <trkpt lat="45.58447" lon="4.76637">
        <ele>168.7</ele>
      </trkpt>
      <trkpt lat="45.58439" lon="4.76645">
        <ele>169.6</ele>
      </trkpt>
      <trkpt lat="45.5841" lon="4.76699">
        <ele>169.6</ele>
      </trkpt>
      <trkpt lat="45.58382" lon="4.76753">
        <ele>172.2</ele>
      </trkpt>
      <trkpt lat="45.58366" lon="4.76778">
        <ele>173.9</ele>
      </trkpt>
      <trkpt lat="45.58352" lon="4.76794">
        <ele>174.9</ele>
      </trkpt>
      <trkpt lat="45.58347" lon="4.76799">
        <ele>175.4</ele>
      </trkpt>
      <trkpt lat="45.58289" lon="4.76837">
        <ele>181.5</ele>
      </trkpt>
      <trkpt lat="45.58282" lon="4.7684">
        <ele>182.6</ele>
      </trkpt>
      <trkpt lat="45.5826" lon="4.76847">
        <ele>186.1</ele>
      </trkpt>
      <trkpt lat="45.5825" lon="4.76856">
        <ele>186.3</ele>
      </trkpt>
      <trkpt lat="45.58245" lon="4.76867">
        <ele>185.6</ele>
      </trkpt>
      <trkpt lat="45.58239" lon="4.76888">
        <ele>183.2</ele>
      </trkpt>
      <trkpt lat="45.58236" lon="4.76903">
        <ele>181.0</ele>
      </trkpt>
      <trkpt lat="45.58231" lon="4.76916">
        <ele>179.8</ele>
      </trkpt>
      <trkpt lat="45.58228" lon="4.7692">
        <ele>180.1</ele>
      </trkpt>
      <trkpt lat="45.58197" lon="4.76939">
        <ele>185.2</ele>
      </trkpt>
      <trkpt lat="45.5817" lon="4.76952">
        <ele>189.3</ele>
      </trkpt>
      <trkpt lat="45.58156" lon="4.76952">
        <ele>193.1</ele>
      </trkpt>
      <trkpt lat="45.58148" lon="4.76949">
        <ele>196.2</ele>
      </trkpt>
      <trkpt lat="45.5814" lon="4.76942">
        <ele>199.8</ele>
      </trkpt>
      <trkpt lat="45.58136" lon="4.76937">
        <ele>201.6</ele>
      </trkpt>
      <trkpt lat="45.58117" lon="4.76898">
        <ele>210.7</ele>
      </trkpt>
      <trkpt lat="45.58115" lon="4.76895">
        <ele>211.4</ele>
      </trkpt>
      <trkpt lat="45.58111" lon="4.76894">
        <ele>212.1</ele>
      </trkpt>
      <trkpt lat="45.58107" lon="4.76896">
        <ele>212.6</ele>
      </trkpt>
      <trkpt lat="45.58104" lon="4.76899">
        <ele>212.7</ele>
      </trkpt>
      <trkpt lat="45.58103" lon="4.76903">
        <ele>212.5</ele>
      </trkpt>
      <trkpt lat="45.58103" lon="4.76906">
        <ele>212.2</ele>
      </trkpt>
      <trkpt lat="45.58103" lon="4.7691">
        <ele>211.8</ele>
      </trkpt>
      <trkpt lat="45.58114" lon="4.76932">
        <ele>207.7</ele>
      </trkpt>
      <trkpt lat="45.58126" lon="4.76954">
        <ele>201.9</ele>
      </trkpt>
      <trkpt lat="45.58129" lon="4.76968">
        <ele>198.9</ele>
      </trkpt>
      <trkpt lat="45.5813" lon="4.76981">
        <ele>196.7</ele>
      </trkpt>
      <trkpt lat="45.58128" lon="4.76991">
        <ele>196.0</ele>
      </trkpt>
      <trkpt lat="45.58123" lon="4.77007">
        <ele>196.2</ele>
      </trkpt>
      <trkpt lat="45.58116" lon="4.77024">
        <ele>197.9</ele>
      </trkpt>
      <trkpt lat="45.58112" lon="4.77036">
        <ele>198.6</ele>
      </trkpt>
      <trkpt lat="45.58103" lon="4.7708">
        <ele>199.4</ele>
      </trkpt>
      <trkpt lat="45.58098" lon="4.77095">
        <ele>199.8</ele>
      </trkpt>
      <trkpt lat="45.58095" lon="4.77103">
        <ele>200.3</ele>
      </trkpt>
      <trkpt lat="45.58089" lon="4.77112">
        <ele>201.6</ele>
      </trkpt>
      <trkpt lat="45.58082" lon="4.7712">
        <ele>203.6</ele>
      </trkpt>
      <trkpt lat="45.58073" lon="4.77128">
        <ele>206.3</ele>
      </trkpt>
      <trkpt lat="45.58069" lon="4.77133">
        <ele>206.9</ele>
      </trkpt>
      <trkpt lat="45.58067" lon="4.77138">
        <ele>207.0</ele>
      </trkpt>
      <trkpt lat="45.58067" lon="4.77148">
        <ele>206.1</ele>
      </trkpt>
      <trkpt lat="45.58068" lon="4.77157">
        <ele>204.5</ele>
      </trkpt>
      <trkpt lat="45.58071" lon="4.7717">
        <ele>201.7</ele>
      </trkpt>
      <trkpt lat="45.58073" lon="4.77186">
        <ele>199.1</ele>
      </trkpt>
      <trkpt lat="45.58072" lon="4.77195">
        <ele>198.3</ele>
      </trkpt>
      <trkpt lat="45.58071" lon="4.77201">
        <ele>198.1</ele>
      </trkpt>
      <trkpt lat="45.58068" lon="4.77209">
        <ele>198.4</ele>
      </trkpt>
      <trkpt lat="45.58064" lon="4.77214">
        <ele>199.1</ele>
      </trkpt>
      <trkpt lat="45.58057" lon="4.77221">
        <ele>201.2</ele>
      </trkpt>
      <trkpt lat="45.58045" lon="4.77229">
        <ele>204.4</ele>
      </trkpt>
      <trkpt lat="45.58026" lon="4.77239">
        <ele>210.0</ele>
      </trkpt>
      <trkpt lat="45.5802" lon="4.77244">
        <ele>211.6</ele>
      </trkpt>
      <trkpt lat="45.5801" lon="4.77257">
        <ele>213.4</ele>
      </trkpt>
      <trkpt lat="45.58" lon="4.77264">
        <ele>215.5</ele>
      </trkpt>
      <trkpt lat="45.57976" lon="4.7727">
        <ele>221.9</ele>
      </trkpt>
      <trkpt lat="45.5797" lon="4.77272">
        <ele>223.4</ele>
      </trkpt>
      <trkpt lat="45.5796" lon="4.77278">
        <ele>225.5</ele>
      </trkpt>
      <trkpt lat="45.57952" lon="4.77285">
        <ele>226.9</ele>
      </trkpt>
      <trkpt lat="45.57945" lon="4.77293">
        <ele>228.0</ele>
      </trkpt>
      <trkpt lat="45.57932" lon="4.77304">
        <ele>230.5</ele>
      </trkpt>
      <trkpt lat="45.57924" lon="4.77315">
        <ele>231.8</ele>
      </trkpt>
      <trkpt lat="45.57917" lon="4.77327">
        <ele>232.9</ele>
      </trkpt>
      <trkpt lat="45.57907" lon="4.77346">
        <ele>231.7</ele>
      </trkpt>
      <trkpt lat="45.57899" lon="4.77369">
        <ele>229.5</ele>
      </trkpt>
      <trkpt lat="45.57892" lon="4.77381">
        <ele>228.6</ele>
      </trkpt>
      <trkpt lat="45.57887" lon="4.77387">
        <ele>228.3</ele>
      </trkpt>
      <trkpt lat="45.57865" lon="4.77402">
        <ele>228.8</ele>
      </trkpt>
      <trkpt lat="45.57848" lon="4.77411">
        <ele>229.2</ele>
      </trkpt>
      <trkpt lat="45.57839" lon="4.77413">
        <ele>230.0</ele>
      </trkpt>
      <trkpt lat="45.57833" lon="4.77412">
        <ele>231.0</ele>
      </trkpt>
      <trkpt lat="45.57828" lon="4.7741">
        <ele>231.9</ele>
      </trkpt>
      <trkpt lat="45.578" lon="4.77377">
        <ele>238.8</ele>
      </trkpt>
      <trkpt lat="45.57789" lon="4.77367">
        <ele>240.2</ele>
      </trkpt>
      <trkpt lat="45.57781" lon="4.77362">
        <ele>240.8</ele>
      </trkpt>
      <trkpt lat="45.57774" lon="4.7736">
        <ele>241.0</ele>
      </trkpt>
      <trkpt lat="45.57753" lon="4.77349">
        <ele>241.5</ele>
      </trkpt>
      <trkpt lat="45.57731" lon="4.77329">
        <ele>243.7</ele>
      </trkpt>
      <trkpt lat="45.57721" lon="4.77322">
        <ele>245.2</ele>
      </trkpt>
      <trkpt lat="45.57713" lon="4.77318">
        <ele>246.3</ele>
      </trkpt>
      <trkpt lat="45.57697" lon="4.77315">
        <ele>247.7</ele>
      </trkpt>
      <trkpt lat="45.5768" lon="4.77314">
        <ele>249.0</ele>
      </trkpt>
      <trkpt lat="45.5767" lon="4.77313">
        <ele>250.0</ele>
      </trkpt>
      <trkpt lat="45.57659" lon="4.77313">
        <ele>250.8</ele>
      </trkpt>
      <trkpt lat="45.57644" lon="4.77315">
        <ele>251.6</ele>
      </trkpt>
      <trkpt lat="45.57635" lon="4.77318">
        <ele>251.9</ele>
      </trkpt>
      <trkpt lat="45.57628" lon="4.77325">
        <ele>251.4</ele>
      </trkpt>
      <trkpt lat="45.57625" lon="4.77331">
        <ele>250.8</ele>
      </trkpt>
      <trkpt lat="45.57624" lon="4.77337">
        <ele>250.7</ele>
      </trkpt>
      <trkpt lat="45.57623" lon="4.77343">
        <ele>250.9</ele>
      </trkpt>
      <trkpt lat="45.57625" lon="4.77351">
        <ele>251.0</ele>
      </trkpt>
      <trkpt lat="45.57628" lon="4.77358">
        <ele>251.0</ele>
      </trkpt>
      <trkpt lat="45.57632" lon="4.77363">
        <ele>250.7</ele>
      </trkpt>
      <trkpt lat="45.57638" lon="4.77368">
        <ele>250.4</ele>
      </trkpt>
      <trkpt lat="45.57684" lon="4.77398">
        <ele>246.7</ele>
      </trkpt>
      <trkpt lat="45.57734" lon="4.77436">
        <ele>242.3</ele>
      </trkpt>
      <trkpt lat="45.57743" lon="4.77447">
        <ele>242.0</ele>
      </trkpt>
      <trkpt lat="45.57746" lon="4.77456">
        <ele>242.3</ele>
      </trkpt>
      <trkpt lat="45.57746" lon="4.7746">
        <ele>242.5</ele>
      </trkpt>
      <trkpt lat="45.57744" lon="4.77473">
        <ele>243.7</ele>
      </trkpt>
      <trkpt lat="45.57737" lon="4.77484">
        <ele>245.2</ele>
      </trkpt>
      <trkpt lat="45.57726" lon="4.77493">
        <ele>246.9</ele>
      </trkpt>
      <trkpt lat="45.57689" lon="4.7752">
        <ele>250.7</ele>
      </trkpt>
      <trkpt lat="45.57676" lon="4.77534">
        <ele>251.5</ele>
      </trkpt>
      <trkpt lat="45.57669" lon="4.77542">
        <ele>251.8</ele>
      </trkpt>
      <trkpt lat="45.57665" lon="4.77551">
        <ele>251.9</ele>
      </trkpt>
      <trkpt lat="45.57657" lon="4.77567">
        <ele>252.1</ele>
      </trkpt>
      <trkpt lat="45.57652" lon="4.77584">
        <ele>252.3</ele>
      </trkpt>
      <trkpt lat="45.5763" lon="4.77703">
        <ele>257.6</ele>
      </trkpt>
      <trkpt lat="45.57616" lon="4.77764">
        <ele>258.9</ele>
      </trkpt>
      <trkpt lat="45.576" lon="4.77819">
        <ele>258.5</ele>
      </trkpt>
      <trkpt lat="45.57587" lon="4.77888">
        <ele>258.1</ele>
      </trkpt>
      <trkpt lat="45.57575" lon="4.77957">
        <ele>258.5</ele>
      </trkpt>
      <trkpt lat="45.57571" lon="4.77973">
        <ele>258.9</ele>
      </trkpt>
      <trkpt lat="45.57564" lon="4.77997">
        <ele>259.6</ele>
      </trkpt>
      <trkpt lat="45.57555" lon="4.78014">
        <ele>260.2</ele>
      </trkpt>
      <trkpt lat="45.57547" lon="4.78029">
        <ele>261.0</ele>
      </trkpt>
      <trkpt lat="45.57518" lon="4.78071">
        <ele>263.7</ele>
      </trkpt>
      <trkpt lat="45.57483" lon="4.7812">
        <ele>265.1</ele>
      </trkpt>
      <trkpt lat="45.57471" lon="4.78133">
        <ele>265.8</ele>
      </trkpt>
      <trkpt lat="45.57425" lon="4.78166">
        <ele>269.7</ele>
      </trkpt>
      <trkpt lat="45.57379" lon="4.782">
        <ele>271.7</ele>
      </trkpt>
      <trkpt lat="45.57346" lon="4.78227">
        <ele>273.9</ele>
      </trkpt>
      <trkpt lat="45.573" lon="4.78268">
        <ele>277.7</ele>
      </trkpt>
      <trkpt lat="45.57288" lon="4.78277">
        <ele>278.7</ele>
      </trkpt>
      <trkpt lat="45.57255" lon="4.78299">
        <ele>281.3</ele>
      </trkpt>
      <trkpt lat="45.57217" lon="4.78317">
        <ele>283.9</ele>
      </trkpt>
      <trkpt lat="45.5715" lon="4.78341">
        <ele>287.8</ele>
      </trkpt>
      <trkpt lat="45.57139" lon="4.78344">
        <ele>288.0</ele>
      </trkpt>
      <trkpt lat="45.5711" lon="4.78346">
        <ele>289.8</ele>
      </trkpt>
      <trkpt lat="45.57082" lon="4.78342">
        <ele>292.2</ele>
      </trkpt>
      <trkpt lat="45.57069" lon="4.78343">
        <ele>293.0</ele>
      </trkpt>
      <trkpt lat="45.57062" lon="4.78346">
        <ele>293.3</ele>
      </trkpt>
      <trkpt lat="45.57055" lon="4.7835">
        <ele>293.3</ele>
      </trkpt>
      <trkpt lat="45.57035" lon="4.78369">
        <ele>293.2</ele>
      </trkpt>
      <trkpt lat="45.57025" lon="4.78374">
        <ele>293.5</ele>
      </trkpt>
      <trkpt lat="45.57012" lon="4.78377">
        <ele>294.4</ele>
      </trkpt>
      <trkpt lat="45.56966" lon="4.78375">
        <ele>296.9</ele>
      </trkpt>
      <trkpt lat="45.5692" lon="4.78374">
        <ele>299.0</ele>
      </trkpt>
      <trkpt lat="45.56899" lon="4.78369">
        <ele>300.3</ele>
      </trkpt>
      <trkpt lat="45.56882" lon="4.7836">
        <ele>301.7</ele>
      </trkpt>
      <trkpt lat="45.56869" lon="4.78347">
        <ele>303.0</ele>
      </trkpt>
      <trkpt lat="45.56861" lon="4.78334">
        <ele>304.0</ele>
      </trkpt>
      <trkpt lat="45.56854" lon="4.78318">
        <ele>305.2</ele>
      </trkpt>
      <trkpt lat="45.56849" lon="4.78296">
        <ele>306.7</ele>
      </trkpt>
      <trkpt lat="45.56847" lon="4.78274">
        <ele>308.1</ele>
      </trkpt>
      <trkpt lat="45.56849" lon="4.78253">
        <ele>309.3</ele>
      </trkpt>
      <trkpt lat="45.56856" lon="4.78229">
        <ele>310.0</ele>
      </trkpt>
      <trkpt lat="45.56884" lon="4.78141">
        <ele>312.5</ele>
      </trkpt>
      <trkpt lat="45.56912" lon="4.78053">
        <ele>314.8</ele>
      </trkpt>
      <trkpt lat="45.56916" lon="4.78028">
        <ele>315.3</ele>
      </trkpt>
      <trkpt lat="45.56917" lon="4.78016">
        <ele>315.6</ele>
      </trkpt>
      <trkpt lat="45.56915" lon="4.77996">
        <ele>316.2</ele>
      </trkpt>
      <trkpt lat="45.56909" lon="4.77975">
        <ele>317.1</ele>
      </trkpt>
      <trkpt lat="45.56903" lon="4.77962">
        <ele>317.6</ele>
      </trkpt>
      <trkpt lat="45.56887" lon="4.77933">
        <ele>318.8</ele>
      </trkpt>
      <trkpt lat="45.56858" lon="4.77886">
        <ele>321.5</ele>
      </trkpt>
      <trkpt lat="45.56852" lon="4.77876">
        <ele>322.3</ele>
      </trkpt>
      <trkpt lat="45.56842" lon="4.77863">
        <ele>323.5</ele>
      </trkpt>
      <trkpt lat="45.56833" lon="4.77854">
        <ele>324.5</ele>
      </trkpt>
      <trkpt lat="45.56825" lon="4.77847">
        <ele>325.1</ele>
      </trkpt>
      <trkpt lat="45.56788" lon="4.7782">
        <ele>326.9</ele>
      </trkpt>
      <trkpt lat="45.56748" lon="4.77789">
        <ele>329.7</ele>
      </trkpt>
      <trkpt lat="45.56691" lon="4.77729">
        <ele>332.4</ele>
      </trkpt>
      <trkpt lat="45.56678" lon="4.77717">
        <ele>332.5</ele>
      </trkpt>
      <trkpt lat="45.56635" lon="4.77683">
        <ele>333.4</ele>
      </trkpt>
      <trkpt lat="45.56616" lon="4.77665">
        <ele>334.1</ele>
      </trkpt>
      <trkpt lat="45.56595" lon="4.77639">
        <ele>335.1</ele>
      </trkpt>
      <trkpt lat="45.5657" lon="4.77598">
        <ele>337.0</ele>
      </trkpt>
      <trkpt lat="45.56559" lon="4.77581">
        <ele>338.1</ele>
      </trkpt>
      <trkpt lat="45.56547" lon="4.7757">
        <ele>339.0</ele>
      </trkpt>
      <trkpt lat="45.56538" lon="4.77563">
        <ele>339.7</ele>
      </trkpt>
      <trkpt lat="45.5652" lon="4.77558">
        <ele>340.4</ele>
      </trkpt>
      <trkpt lat="45.56506" lon="4.77557">
        <ele>340.8</ele>
      </trkpt>
      <trkpt lat="45.56467" lon="4.77559">
        <ele>342.3</ele>
      </trkpt>
      <trkpt lat="45.56447" lon="4.77557">
        <ele>343.3</ele>
      </trkpt>
      <trkpt lat="45.56361" lon="4.7753">
        <ele>347.4</ele>
      </trkpt>
      <trkpt lat="45.56335" lon="4.77519">
        <ele>348.3</ele>
      </trkpt>
      <trkpt lat="45.5633" lon="4.77516">
        <ele>348.3</ele>
      </trkpt>
      <trkpt lat="45.56323" lon="4.7751">
        <ele>348.2</ele>
      </trkpt>
      <trkpt lat="45.56317" lon="4.77503">
        <ele>348.1</ele>
      </trkpt>
      <trkpt lat="45.56311" lon="4.77494">
        <ele>348.2</ele>
      </trkpt>
      <trkpt lat="45.56303" lon="4.77472">
        <ele>348.9</ele>
      </trkpt>
      <trkpt lat="45.56299" lon="4.77453">
        <ele>349.6</ele>
      </trkpt>
      <trkpt lat="45.56285" lon="4.77336">
        <ele>353.0</ele>
      </trkpt>
      <trkpt lat="45.56278" lon="4.77309">
        <ele>353.0</ele>
      </trkpt>
      <trkpt lat="45.56269" lon="4.77285">
        <ele>352.7</ele>
      </trkpt>
      <trkpt lat="45.5626" lon="4.77271">
        <ele>352.4</ele>
      </trkpt>
      <trkpt lat="45.56245" lon="4.77252">
        <ele>351.9</ele>
      </trkpt>
      <trkpt lat="45.56236" lon="4.77243">
        <ele>351.9</ele>
      </trkpt>
      <trkpt lat="45.56224" lon="4.77234">
        <ele>351.9</ele>
      </trkpt>
      <trkpt lat="45.56214" lon="4.77227">
        <ele>351.8</ele>
      </trkpt>
      <trkpt lat="45.56198" lon="4.7722">
        <ele>351.6</ele>
      </trkpt>
      <trkpt lat="45.56184" lon="4.77216">
        <ele>351.3</ele>
      </trkpt>
      <trkpt lat="45.56126" lon="4.77207">
        <ele>351.5</ele>
      </trkpt>
      <trkpt lat="45.56067" lon="4.77198">
        <ele>352.4</ele>
      </trkpt>
      <trkpt lat="45.56043" lon="4.77191">
        <ele>353.0</ele>
      </trkpt>
      <trkpt lat="45.56034" lon="4.77187">
        <ele>353.2</ele>
      </trkpt>
      <trkpt lat="45.56023" lon="4.7718">
        <ele>353.5</ele>
      </trkpt>
      <trkpt lat="45.56014" lon="4.77173">
        <ele>353.7</ele>
      </trkpt>
      <trkpt lat="45.56004" lon="4.77162">
        <ele>354.0</ele>
      </trkpt>
      <trkpt lat="45.55985" lon="4.7714">
        <ele>355.0</ele>
      </trkpt>
      <trkpt lat="45.55978" lon="4.7713">
        <ele>355.4</ele>
      </trkpt>
      <trkpt lat="45.55967" lon="4.77112">
        <ele>356.1</ele>
      </trkpt>
      <trkpt lat="45.55954" lon="4.77085">
        <ele>357.1</ele>
      </trkpt>
      <trkpt lat="45.55943" lon="4.77054">
        <ele>359.0</ele>
      </trkpt>
      <trkpt lat="45.55939" lon="4.77031">
        <ele>360.4</ele>
      </trkpt>
      <trkpt lat="45.55935" lon="4.76973">
        <ele>362.3</ele>
      </trkpt>
      <trkpt lat="45.5593" lon="4.76938">
        <ele>362.4</ele>
      </trkpt>
      <trkpt lat="45.55927" lon="4.76922">
        <ele>362.5</ele>
      </trkpt>
      <trkpt lat="45.5592" lon="4.76899">
        <ele>362.6</ele>
      </trkpt>
      <trkpt lat="45.55914" lon="4.76884">
        <ele>362.8</ele>
      </trkpt>
      <trkpt lat="45.55909" lon="4.76874">
        <ele>362.9</ele>
      </trkpt>
      <trkpt lat="45.55892" lon="4.76848">
        <ele>363.7</ele>
      </trkpt>
      <trkpt lat="45.55875" lon="4.76826">
        <ele>364.4</ele>
      </trkpt>
      <trkpt lat="45.55843" lon="4.76791">
        <ele>365.4</ele>
      </trkpt>
      <trkpt lat="45.55788" lon="4.76743">
        <ele>366.4</ele>
      </trkpt>
      <trkpt lat="45.55733" lon="4.76695">
        <ele>365.5</ele>
      </trkpt>
      <trkpt lat="45.55718" lon="4.76678">
        <ele>365.3</ele>
      </trkpt>
      <trkpt lat="45.55712" lon="4.76669">
        <ele>365.4</ele>
      </trkpt>
      <trkpt lat="45.55683" lon="4.76614">
        <ele>366.8</ele>
      </trkpt>
      <trkpt lat="45.55665" lon="4.76575">
        <ele>368.4</ele>
      </trkpt>
      <trkpt lat="45.55659" lon="4.76562">
        <ele>369.2</ele>
      </trkpt>
      <trkpt lat="45.55648" lon="4.76529">
        <ele>371.1</ele>
      </trkpt>
      <trkpt lat="45.55623" lon="4.7644">
        <ele>376.7</ele>
      </trkpt>
      <trkpt lat="45.55618" lon="4.76425">
        <ele>377.6</ele>
      </trkpt>
      <trkpt lat="45.55611" lon="4.76407">
        <ele>378.1</ele>
      </trkpt>
      <trkpt lat="45.55598" lon="4.76378">
        <ele>378.1</ele>
      </trkpt>
      <trkpt lat="45.5558" lon="4.76338">
        <ele>378.0</ele>
      </trkpt>
      <trkpt lat="45.55548" lon="4.76272">
        <ele>377.1</ele>
      </trkpt>
      <trkpt lat="45.55514" lon="4.76205">
        <ele>376.2</ele>
      </trkpt>
      <trkpt lat="45.55479" lon="4.76137">
        <ele>375.0</ele>
      </trkpt>
      <trkpt lat="45.55464" lon="4.7611">
        <ele>374.7</ele>
      </trkpt>
      <trkpt lat="45.55432" lon="4.76068">
        <ele>375.2</ele>
      </trkpt>
      <trkpt lat="45.55416" lon="4.76045">
        <ele>375.6</ele>
      </trkpt>
      <trkpt lat="45.55389" lon="4.76">
        <ele>377.0</ele>
      </trkpt>
      <trkpt lat="45.55382" lon="4.75991">
        <ele>378.0</ele>
      </trkpt>
      <trkpt lat="45.55376" lon="4.75984">
        <ele>378.9</ele>
      </trkpt>
      <trkpt lat="45.55369" lon="4.7598">
        <ele>379.7</ele>
      </trkpt>
      <trkpt lat="45.55363" lon="4.75977">
        <ele>380.4</ele>
      </trkpt>
      <trkpt lat="45.55352" lon="4.75976">
        <ele>381.4</ele>
      </trkpt>
      <trkpt lat="45.55346" lon="4.75976">
        <ele>381.9</ele>
      </trkpt>
      <trkpt lat="45.55309" lon="4.75986">
        <ele>382.5</ele>
      </trkpt>
      <trkpt lat="45.55299" lon="4.75988">
        <ele>382.5</ele>
      </trkpt>
      <trkpt lat="45.55288" lon="4.75988">
        <ele>382.5</ele>
      </trkpt>
      <trkpt lat="45.55276" lon="4.75987">
        <ele>382.7</ele>
      </trkpt>
      <trkpt lat="45.55262" lon="4.75985">
        <ele>383.1</ele>
      </trkpt>
      <trkpt lat="45.55241" lon="4.75976">
        <ele>384.0</ele>
      </trkpt>
      <trkpt lat="45.55228" lon="4.75967">
        <ele>384.9</ele>
      </trkpt>
      <trkpt lat="45.55215" lon="4.75952">
        <ele>386.3</ele>
      </trkpt>
      <trkpt lat="45.55201" lon="4.75932">
        <ele>388.6</ele>
      </trkpt>
      <trkpt lat="45.55192" lon="4.75917">
        <ele>390.4</ele>
      </trkpt>
      <trkpt lat="45.55165" lon="4.75879">
        <ele>394.6</ele>
      </trkpt>
      <trkpt lat="45.55143" lon="4.75856">
        <ele>396.1</ele>
      </trkpt>
      <trkpt lat="45.55103" lon="4.75824">
        <ele>397.3</ele>
      </trkpt>
      <trkpt lat="45.55095" lon="4.75816">
        <ele>397.5</ele>
      </trkpt>
      <trkpt lat="45.55089" lon="4.75807">
        <ele>397.8</ele>
      </trkpt>
      <trkpt lat="45.55085" lon="4.758">
        <ele>398.1</ele>
      </trkpt>
      <trkpt lat="45.55076" lon="4.7578">
        <ele>398.0</ele>
      </trkpt>
      <trkpt lat="45.55062" lon="4.75741">
        <ele>397.6</ele>
      </trkpt>
      <trkpt lat="45.55056" lon="4.7571">
        <ele>398.1</ele>
      </trkpt>
      <trkpt lat="45.55055" lon="4.75676">
        <ele>399.4</ele>
      </trkpt>
      <trkpt lat="45.55051" lon="4.75642">
        <ele>401.2</ele>
      </trkpt>
      <trkpt lat="45.55045" lon="4.75611">
        <ele>403.0</ele>
      </trkpt>
      <trkpt lat="45.55035" lon="4.75575">
        <ele>404.6</ele>
      </trkpt>
      <trkpt lat="45.55032" lon="4.75561">
        <ele>404.8</ele>
      </trkpt>
      <trkpt lat="45.55031" lon="4.7555">
        <ele>405.1</ele>
      </trkpt>
      <trkpt lat="45.5503" lon="4.75524">
        <ele>406.2</ele>
      </trkpt>
      <trkpt lat="45.55032" lon="4.75508">
        <ele>407.1</ele>
      </trkpt>
      <trkpt lat="45.55039" lon="4.75473">
        <ele>409.2</ele>
      </trkpt>
      <trkpt lat="45.5504" lon="4.75461">
        <ele>409.8</ele>
      </trkpt>
      <trkpt lat="45.5504" lon="4.7544">
        <ele>410.6</ele>
      </trkpt>
      <trkpt lat="45.55036" lon="4.75418">
        <ele>411.4</ele>
      </trkpt>
      <trkpt lat="45.55031" lon="4.75402">
        <ele>411.8</ele>
      </trkpt>
      <trkpt lat="45.55025" lon="4.75388">
        <ele>412.3</ele>
      </trkpt>
      <trkpt lat="45.55018" lon="4.75376">
        <ele>412.9</ele>
      </trkpt>
      <trkpt lat="45.55009" lon="4.75364">
        <ele>413.8</ele>
      </trkpt>
      <trkpt lat="45.54983" lon="4.75341">
        <ele>416.5</ele>
      </trkpt>
      <trkpt lat="45.54974" lon="4.75335">
        <ele>417.7</ele>
      </trkpt>
      <trkpt lat="45.54966" lon="4.75331">
        <ele>418.5</ele>
      </trkpt>
      <trkpt lat="45.54946" lon="4.75325">
        <ele>420.3</ele>
      </trkpt>
      <trkpt lat="45.54927" lon="4.75323">
        <ele>422.0</ele>
      </trkpt>
      <trkpt lat="45.54861" lon="4.75321">
        <ele>425.7</ele>
      </trkpt>
      <trkpt lat="45.54835" lon="4.75319">
        <ele>427.2</ele>
      </trkpt>
      <trkpt lat="45.54808" lon="4.75315">
        <ele>425.5</ele>
      </trkpt>
      <trkpt lat="45.5479" lon="4.7531">
        <ele>424.8</ele>
      </trkpt>
      <trkpt lat="45.54774" lon="4.753">
        <ele>425.0</ele>
      </trkpt>
      <trkpt lat="45.54763" lon="4.75292">
        <ele>425.6</ele>
      </trkpt>
      <trkpt lat="45.54724" lon="4.75256">
        <ele>425.9</ele>
      </trkpt>
      <trkpt lat="45.54709" lon="4.75239">
        <ele>425.1</ele>
      </trkpt>
      <trkpt lat="45.54699" lon="4.75221">
        <ele>425.0</ele>
      </trkpt>
      <trkpt lat="45.54694" lon="4.75212">
        <ele>425.3</ele>
      </trkpt>
      <trkpt lat="45.5469" lon="4.752">
        <ele>425.9</ele>
      </trkpt>
      <trkpt lat="45.54687" lon="4.75186">
        <ele>427.0</ele>
      </trkpt>
      <trkpt lat="45.54681" lon="4.75152">
        <ele>429.9</ele>
      </trkpt>
      <trkpt lat="45.54673" lon="4.75129">
        <ele>430.9</ele>
      </trkpt>
      <trkpt lat="45.54661" lon="4.75107">
        <ele>431.7</ele>
      </trkpt>
      <trkpt lat="45.54649" lon="4.75095">
        <ele>432.0</ele>
      </trkpt>
      <trkpt lat="45.54634" lon="4.75087">
        <ele>431.8</ele>
      </trkpt>
      <trkpt lat="45.54612" lon="4.75077">
        <ele>431.1</ele>
      </trkpt>
      <trkpt lat="45.54597" lon="4.7507">
        <ele>430.7</ele>
      </trkpt>
      <trkpt lat="45.54582" lon="4.75058">
        <ele>430.5</ele>
      </trkpt>
      <trkpt lat="45.54568" lon="4.75042">
        <ele>429.4</ele>
      </trkpt>
      <trkpt lat="45.54555" lon="4.75022">
        <ele>428.8</ele>
      </trkpt>
      <trkpt lat="45.54545" lon="4.74997">
        <ele>429.1</ele>
      </trkpt>
      <trkpt lat="45.54536" lon="4.74964">
        <ele>430.9</ele>
      </trkpt>
      <trkpt lat="45.54522" lon="4.74927">
        <ele>431.9</ele>
      </trkpt>
      <trkpt lat="45.54519" lon="4.74917">
        <ele>432.3</ele>
      </trkpt>
      <trkpt lat="45.54517" lon="4.74906">
        <ele>431.7</ele>
      </trkpt>
      <trkpt lat="45.54515" lon="4.74893">
        <ele>431.3</ele>
      </trkpt>
      <trkpt lat="45.54514" lon="4.74867">
        <ele>430.9</ele>
      </trkpt>
      <trkpt lat="45.54515" lon="4.74854">
        <ele>431.0</ele>
      </trkpt>
      <trkpt lat="45.54517" lon="4.74838">
        <ele>431.6</ele>
      </trkpt>
      <trkpt lat="45.54521" lon="4.74822">
        <ele>432.3</ele>
      </trkpt>
      <trkpt lat="45.54539" lon="4.74774">
        <ele>435.7</ele>
      </trkpt>
      <trkpt lat="45.54541" lon="4.74764">
        <ele>436.1</ele>
      </trkpt>
      <trkpt lat="45.54543" lon="4.7475">
        <ele>436.3</ele>
      </trkpt>
      <trkpt lat="45.54543" lon="4.74738">
        <ele>437.4</ele>
      </trkpt>
      <trkpt lat="45.5454" lon="4.74712">
        <ele>438.5</ele>
      </trkpt>
      <trkpt lat="45.54537" lon="4.74702">
        <ele>438.6</ele>
      </trkpt>
      <trkpt lat="45.54529" lon="4.74684">
        <ele>437.9</ele>
      </trkpt>
      <trkpt lat="45.54517" lon="4.74668">
        <ele>436.1</ele>
      </trkpt>
      <trkpt lat="45.54509" lon="4.74662">
        <ele>435.1</ele>
      </trkpt>
      <trkpt lat="45.54498" lon="4.74656">
        <ele>434.0</ele>
      </trkpt>
      <trkpt lat="45.54485" lon="4.74653">
        <ele>434.0</ele>
      </trkpt>
      <trkpt lat="45.54476" lon="4.74653">
        <ele>433.6</ele>
      </trkpt>
      <trkpt lat="45.54467" lon="4.74655">
        <ele>432.9</ele>
      </trkpt>
      <trkpt lat="45.54445" lon="4.74662">
        <ele>430.7</ele>
      </trkpt>
      <trkpt lat="45.54429" lon="4.74661">
        <ele>430.3</ele>
      </trkpt>
      <trkpt lat="45.54419" lon="4.74658">
        <ele>430.2</ele>
      </trkpt>
      <trkpt lat="45.54391" lon="4.74645">
        <ele>429.6</ele>
      </trkpt>
      <trkpt lat="45.54369" lon="4.74632">
        <ele>429.3</ele>
      </trkpt>
      <trkpt lat="45.54357" lon="4.74622">
        <ele>429.5</ele>
      </trkpt>
      <trkpt lat="45.54351" lon="4.74616">
        <ele>429.7</ele>
      </trkpt>
      <trkpt lat="45.54345" lon="4.74607">
        <ele>430.2</ele>
      </trkpt>
      <trkpt lat="45.5434" lon="4.74599">
        <ele>430.8</ele>
      </trkpt>
      <trkpt lat="45.54322" lon="4.74559">
        <ele>432.9</ele>
      </trkpt>
      <trkpt lat="45.54316" lon="4.74549">
        <ele>433.3</ele>
      </trkpt>
      <trkpt lat="45.54309" lon="4.74539">
        <ele>433.6</ele>
      </trkpt>
      <trkpt lat="45.54299" lon="4.74528">
        <ele>433.9</ele>
      </trkpt>
      <trkpt lat="45.54243" lon="4.74472">
        <ele>433.7</ele>
      </trkpt>
      <trkpt lat="45.54212" lon="4.74446">
        <ele>432.8</ele>
      </trkpt>
      <trkpt lat="45.54169" lon="4.74417">
        <ele>432.1</ele>
      </trkpt>
      <trkpt lat="45.54144" lon="4.744">
        <ele>430.4</ele>
      </trkpt>
      <trkpt lat="45.54119" lon="4.74386">
        <ele>428.8</ele>
      </trkpt>
      <trkpt lat="45.54102" lon="4.74378">
        <ele>427.6</ele>
      </trkpt>
      <trkpt lat="45.54018" lon="4.74358">
        <ele>424.7</ele>
      </trkpt>
      <trkpt lat="45.53935" lon="4.74338">
        <ele>423.1</ele>
      </trkpt>
      <trkpt lat="45.53909" lon="4.74335">
        <ele>422.8</ele>
      </trkpt>
      <trkpt lat="45.53878" lon="4.74335">
        <ele>422.4</ele>
      </trkpt>
      <trkpt lat="45.53846" lon="4.74337">
        <ele>421.9</ele>
      </trkpt>
      <trkpt lat="45.53787" lon="4.74348">
        <ele>422.8</ele>
      </trkpt>
      <trkpt lat="45.53732" lon="4.74372">
        <ele>425.3</ele>
      </trkpt>
      <trkpt lat="45.53677" lon="4.74398">
        <ele>429.2</ele>
      </trkpt>
      <trkpt lat="45.53654" lon="4.7441">
        <ele>431.1</ele>
      </trkpt>
      <trkpt lat="45.53629" lon="4.74424">
        <ele>431.9</ele>
      </trkpt>
      <trkpt lat="45.53555" lon="4.74472">
        <ele>436.8</ele>
      </trkpt>
      <trkpt lat="45.53524" lon="4.74489">
        <ele>439.0</ele>
      </trkpt>
      <trkpt lat="45.53514" lon="4.74493">
        <ele>439.5</ele>
      </trkpt>
      <trkpt lat="45.53508" lon="4.74494">
        <ele>439.7</ele>
      </trkpt>
      <trkpt lat="45.53502" lon="4.74493">
        <ele>440.0</ele>
      </trkpt>
      <trkpt lat="45.53493" lon="4.74489">
        <ele>441.6</ele>
      </trkpt>
      <trkpt lat="45.53484" lon="4.74478">
        <ele>444.0</ele>
      </trkpt>
      <trkpt lat="45.53479" lon="4.74468">
        <ele>445.3</ele>
      </trkpt>
      <trkpt lat="45.53476" lon="4.74457">
        <ele>446.4</ele>
      </trkpt>
      <trkpt lat="45.53476" lon="4.74446">
        <ele>446.8</ele>
      </trkpt>
      <trkpt lat="45.53477" lon="4.74435">
        <ele>446.7</ele>
      </trkpt>
      <trkpt lat="45.5348" lon="4.74425">
        <ele>446.4</ele>
      </trkpt>
      <trkpt lat="45.53484" lon="4.74414">
        <ele>445.6</ele>
      </trkpt>
      <trkpt lat="45.53498" lon="4.74386">
        <ele>442.6</ele>
      </trkpt>
      <trkpt lat="45.535" lon="4.74359">
        <ele>443.1</ele>
      </trkpt>
      <trkpt lat="45.53498" lon="4.74334">
        <ele>444.3</ele>
      </trkpt>
      <trkpt lat="45.53495" lon="4.74321">
        <ele>443.9</ele>
      </trkpt>
      <trkpt lat="45.53484" lon="4.74299">
        <ele>443.6</ele>
      </trkpt>
      <trkpt lat="45.53474" lon="4.74284">
        <ele>443.6</ele>
      </trkpt>
      <trkpt lat="45.53466" lon="4.74273">
        <ele>443.7</ele>
      </trkpt>
      <trkpt lat="45.53456" lon="4.74262">
        <ele>443.9</ele>
      </trkpt>
      <trkpt lat="45.53449" lon="4.74256">
        <ele>444.1</ele>
      </trkpt>
      <trkpt lat="45.53433" lon="4.74245">
        <ele>444.8</ele>
      </trkpt>
      <trkpt lat="45.53402" lon="4.74228">
        <ele>445.9</ele>
      </trkpt>
      <trkpt lat="45.53384" lon="4.74222">
        <ele>446.3</ele>
      </trkpt>
      <trkpt lat="45.53364" lon="4.74217">
        <ele>446.9</ele>
      </trkpt>
      <trkpt lat="45.5335" lon="4.74219">
        <ele>447.9</ele>
      </trkpt>
      <trkpt lat="45.53336" lon="4.74224">
        <ele>449.5</ele>
      </trkpt>
      <trkpt lat="45.53321" lon="4.74236">
        <ele>450.4</ele>
      </trkpt>
      <trkpt lat="45.53288" lon="4.74271">
        <ele>453.5</ele>
      </trkpt>
      <trkpt lat="45.53238" lon="4.74325">
        <ele>459.8</ele>
      </trkpt>
      <trkpt lat="45.53222" lon="4.74341">
        <ele>461.2</ele>
      </trkpt>
      <trkpt lat="45.53212" lon="4.74346">
        <ele>461.4</ele>
      </trkpt>
      <trkpt lat="45.53203" lon="4.7435">
        <ele>461.4</ele>
      </trkpt>
      <trkpt lat="45.53192" lon="4.74353">
        <ele>461.2</ele>
      </trkpt>
      <trkpt lat="45.53182" lon="4.74354">
        <ele>460.7</ele>
      </trkpt>
      <trkpt lat="45.53172" lon="4.74353">
        <ele>459.9</ele>
      </trkpt>
      <trkpt lat="45.53161" lon="4.74351">
        <ele>459.8</ele>
      </trkpt>
      <trkpt lat="45.53141" lon="4.74342">
        <ele>460.6</ele>
      </trkpt>
      <trkpt lat="45.53118" lon="4.74321">
        <ele>460.4</ele>
      </trkpt>
      <trkpt lat="45.53106" lon="4.74312">
        <ele>460.6</ele>
      </trkpt>
      <trkpt lat="45.53084" lon="4.74297">
        <ele>461.2</ele>
      </trkpt>
      <trkpt lat="45.53078" lon="4.74292">
        <ele>461.7</ele>
      </trkpt>
      <trkpt lat="45.53066" lon="4.74279">
        <ele>462.2</ele>
      </trkpt>
      <trkpt lat="45.53061" lon="4.7427">
        <ele>462.2</ele>
      </trkpt>
      <trkpt lat="45.53048" lon="4.74246">
        <ele>461.2</ele>
      </trkpt>
      <trkpt lat="45.53039" lon="4.74232">
        <ele>461.0</ele>
      </trkpt>
      <trkpt lat="45.53032" lon="4.74223">
        <ele>461.0</ele>
      </trkpt>
      <trkpt lat="45.53022" lon="4.74215">
        <ele>461.3</ele>
      </trkpt>
      <trkpt lat="45.53013" lon="4.7421">
        <ele>461.7</ele>
      </trkpt>
      <trkpt lat="45.53004" lon="4.74206">
        <ele>462.4</ele>
      </trkpt>
      <trkpt lat="45.52958" lon="4.7419">
        <ele>468.7</ele>
      </trkpt>
      <trkpt lat="45.52951" lon="4.74187">
        <ele>469.7</ele>
      </trkpt>
      <trkpt lat="45.52939" lon="4.74178">
        <ele>471.0</ele>
      </trkpt>
      <trkpt lat="45.52928" lon="4.74164">
        <ele>471.2</ele>
      </trkpt>
      <trkpt lat="45.52904" lon="4.74119">
        <ele>469.3</ele>
      </trkpt>
      <trkpt lat="45.52886" lon="4.74096">
        <ele>468.2</ele>
      </trkpt>
      <trkpt lat="45.52877" lon="4.74087">
        <ele>467.9</ele>
      </trkpt>
      <trkpt lat="45.52864" lon="4.74081">
        <ele>468.4</ele>
      </trkpt>
      <trkpt lat="45.52851" lon="4.74079">
        <ele>469.7</ele>
      </trkpt>
      <trkpt lat="45.52844" lon="4.7408">
        <ele>470.5</ele>
      </trkpt>
      <trkpt lat="45.52831" lon="4.74084">
        <ele>472.0</ele>
      </trkpt>
      <trkpt lat="45.52815" lon="4.74093">
        <ele>472.8</ele>
      </trkpt>
      <trkpt lat="45.52797" lon="4.74106">
        <ele>474.6</ele>
      </trkpt>
      <trkpt lat="45.52745" lon="4.74156">
        <ele>483.4</ele>
      </trkpt>
      <trkpt lat="45.52717" lon="4.7418">
        <ele>485.9</ele>
      </trkpt>
      <trkpt lat="45.527" lon="4.74191">
        <ele>487.1</ele>
      </trkpt>
      <trkpt lat="45.52681" lon="4.74202">
        <ele>488.4</ele>
      </trkpt>
      <trkpt lat="45.52653" lon="4.74214">
        <ele>490.4</ele>
      </trkpt>
      <trkpt lat="45.52641" lon="4.74218">
        <ele>491.3</ele>
      </trkpt>
      <trkpt lat="45.5262" lon="4.7422">
        <ele>491.7</ele>
      </trkpt>
      <trkpt lat="45.52556" lon="4.74214">
        <ele>490.3</ele>
      </trkpt>
      <trkpt lat="45.52467" lon="4.74208">
        <ele>487.6</ele>
      </trkpt>
      <trkpt lat="45.52457" lon="4.74209">
        <ele>487.4</ele>
      </trkpt>
      <trkpt lat="45.5244" lon="4.74217">
        <ele>488.1</ele>
      </trkpt>
      <trkpt lat="45.52395" lon="4.74248">
        <ele>491.6</ele>
      </trkpt>
      <trkpt lat="45.52374" lon="4.74266">
        <ele>493.3</ele>
      </trkpt>
      <trkpt lat="45.52347" lon="4.74293">
        <ele>495.9</ele>
      </trkpt>
      <trkpt lat="45.52326" lon="4.74318">
        <ele>499.0</ele>
      </trkpt>
      <trkpt lat="45.52304" lon="4.74339">
        <ele>501.6</ele>
      </trkpt>
      <trkpt lat="45.52283" lon="4.74351">
        <ele>501.8</ele>
      </trkpt>
      <trkpt lat="45.52271" lon="4.74354">
        <ele>501.3</ele>
      </trkpt>
      <trkpt lat="45.52265" lon="4.74354">
        <ele>500.9</ele>
      </trkpt>
      <trkpt lat="45.52199" lon="4.7435">
        <ele>499.2</ele>
      </trkpt>
      <trkpt lat="45.5214" lon="4.74346">
        <ele>497.7</ele>
      </trkpt>
      <trkpt lat="45.52092" lon="4.74338">
        <ele>496.6</ele>
      </trkpt>
      <trkpt lat="45.52013" lon="4.7433">
        <ele>493.4</ele>
      </trkpt>
      <trkpt lat="45.5198" lon="4.7433">
        <ele>492.6</ele>
      </trkpt>
      <trkpt lat="45.51964" lon="4.74333">
        <ele>492.0</ele>
      </trkpt>
      <trkpt lat="45.51928" lon="4.74347">
        <ele>488.8</ele>
      </trkpt>
      <trkpt lat="45.51917" lon="4.74348">
        <ele>488.5</ele>
      </trkpt>
      <trkpt lat="45.51875" lon="4.74339">
        <ele>491.8</ele>
      </trkpt>
      <trkpt lat="45.51868" lon="4.74341">
        <ele>491.5</ele>
      </trkpt>
      <trkpt lat="45.51858" lon="4.74348">
        <ele>490.2</ele>
      </trkpt>
      <trkpt lat="45.51846" lon="4.7437">
        <ele>486.0</ele>
      </trkpt>
      <trkpt lat="45.51835" lon="4.744">
        <ele>480.2</ele>
      </trkpt>
      <trkpt lat="45.51825" lon="4.74417">
        <ele>477.6</ele>
      </trkpt>
      <trkpt lat="45.51816" lon="4.74426">
        <ele>476.7</ele>
      </trkpt>
      <trkpt lat="45.51806" lon="4.7443">
        <ele>476.8</ele>
      </trkpt>
      <trkpt lat="45.51792" lon="4.74432">
        <ele>477.7</ele>
      </trkpt>
      <trkpt lat="45.51769" lon="4.74431">
        <ele>480.0</ele>
      </trkpt>
      <trkpt lat="45.51763" lon="4.74432">
        <ele>480.3</ele>
      </trkpt>
      <trkpt lat="45.51752" lon="4.74436">
        <ele>480.5</ele>
      </trkpt>
      <trkpt lat="45.51747" lon="4.7444">
        <ele>480.2</ele>
      </trkpt>
      <trkpt lat="45.5174" lon="4.7445">
        <ele>479.1</ele>
      </trkpt>
      <trkpt lat="45.51733" lon="4.74461">
        <ele>477.7</ele>
      </trkpt>
      <trkpt lat="45.51713" lon="4.74501">
        <ele>472.4</ele>
      </trkpt>
      <trkpt lat="45.51708" lon="4.7451">
        <ele>471.6</ele>
      </trkpt>
      <trkpt lat="45.51703" lon="4.74515">
        <ele>471.1</ele>
      </trkpt>
      <trkpt lat="45.51695" lon="4.74522">
        <ele>470.7</ele>
      </trkpt>
      <trkpt lat="45.51689" lon="4.74525">
        <ele>470.7</ele>
      </trkpt>
      <trkpt lat="45.51673" lon="4.7453">
        <ele>471.3</ele>
      </trkpt>
      <trkpt lat="45.51657" lon="4.7453">
        <ele>471.3</ele>
      </trkpt>
      <trkpt lat="45.5163" lon="4.74527">
        <ele>470.6</ele>
      </trkpt>
      <trkpt lat="45.51617" lon="4.74529">
        <ele>469.8</ele>
      </trkpt>
      <trkpt lat="45.516" lon="4.74533">
        <ele>468.5</ele>
      </trkpt>
      <trkpt lat="45.51581" lon="4.74537">
        <ele>467.0</ele>
      </trkpt>
      <trkpt lat="45.51543" lon="4.74537">
        <ele>463.4</ele>
      </trkpt>
      <trkpt lat="45.51534" lon="4.74536">
        <ele>462.6</ele>
      </trkpt>
      <trkpt lat="45.51517" lon="4.74529">
        <ele>461.3</ele>
      </trkpt>
      <trkpt lat="45.51504" lon="4.74522">
        <ele>460.4</ele>
      </trkpt>
      <trkpt lat="45.51495" lon="4.74514">
        <ele>459.6</ele>
      </trkpt>
      <trkpt lat="45.51487" lon="4.74504">
        <ele>458.8</ele>
      </trkpt>
      <trkpt lat="45.5148" lon="4.74489">
        <ele>457.7</ele>
      </trkpt>
      <trkpt lat="45.51477" lon="4.7448">
        <ele>457.0</ele>
      </trkpt>
      <trkpt lat="45.51474" lon="4.7447">
        <ele>456.5</ele>
      </trkpt>
      <trkpt lat="45.51475" lon="4.74448">
        <ele>456.3</ele>
      </trkpt>
      <trkpt lat="45.51485" lon="4.74416">
        <ele>458.2</ele>
      </trkpt>
      <trkpt lat="45.51486" lon="4.74409">
        <ele>459.1</ele>
      </trkpt>
      <trkpt lat="45.51486" lon="4.74403">
        <ele>459.6</ele>
      </trkpt>
      <trkpt lat="45.51484" lon="4.74394">
        <ele>459.8</ele>
      </trkpt>
      <trkpt lat="45.51481" lon="4.74387">
        <ele>459.5</ele>
      </trkpt>
      <trkpt lat="45.51478" lon="4.74383">
        <ele>459.0</ele>
      </trkpt>
      <trkpt lat="45.51461" lon="4.74367">
        <ele>455.3</ele>
      </trkpt>
      <trkpt lat="45.51453" lon="4.74357">
        <ele>453.3</ele>
      </trkpt>
      <trkpt lat="45.51449" lon="4.74352">
        <ele>452.5</ele>
      </trkpt>
      <trkpt lat="45.51447" lon="4.74346">
        <ele>452.2</ele>
      </trkpt>
      <trkpt lat="45.51446" lon="4.74338">
        <ele>452.2</ele>
      </trkpt>
      <trkpt lat="45.51442" lon="4.74295">
        <ele>455.5</ele>
      </trkpt>
      <trkpt lat="45.51438" lon="4.74279">
        <ele>456.3</ele>
      </trkpt>
      <trkpt lat="45.51435" lon="4.74272">
        <ele>456.4</ele>
      </trkpt>
      <trkpt lat="45.51431" lon="4.74267">
        <ele>455.9</ele>
      </trkpt>
      <trkpt lat="45.51427" lon="4.74265">
        <ele>455.4</ele>
      </trkpt>
      <trkpt lat="45.51422" lon="4.74264">
        <ele>454.4</ele>
      </trkpt>
      <trkpt lat="45.51414" lon="4.74265">
        <ele>452.6</ele>
      </trkpt>
      <trkpt lat="45.51409" lon="4.74268">
        <ele>451.6</ele>
      </trkpt>
      <trkpt lat="45.51403" lon="4.74273">
        <ele>450.1</ele>
      </trkpt>
      <trkpt lat="45.51386" lon="4.74295">
        <ele>445.6</ele>
      </trkpt>
      <trkpt lat="45.51367" lon="4.74313">
        <ele>441.7</ele>
      </trkpt>
      <trkpt lat="45.51353" lon="4.74322">
        <ele>439.7</ele>
      </trkpt>
      <trkpt lat="45.51345" lon="4.74325">
        <ele>438.7</ele>
      </trkpt>
      <trkpt lat="45.51327" lon="4.74329">
        <ele>436.9</ele>
      </trkpt>
      <trkpt lat="45.51285" lon="4.74332">
        <ele>433.0</ele>
      </trkpt>
      <trkpt lat="45.51263" lon="4.74332">
        <ele>431.1</ele>
      </trkpt>
      <trkpt lat="45.51222" lon="4.74327">
        <ele>427.9</ele>
      </trkpt>
      <trkpt lat="45.51205" lon="4.74329">
        <ele>426.7</ele>
      </trkpt>
      <trkpt lat="45.5119" lon="4.74333">
        <ele>425.6</ele>
      </trkpt>
      <trkpt lat="45.51156" lon="4.74344">
        <ele>422.7</ele>
      </trkpt>
      <trkpt lat="45.51142" lon="4.74351">
        <ele>421.4</ele>
      </trkpt>
      <trkpt lat="45.51125" lon="4.74353">
        <ele>420.0</ele>
      </trkpt>
      <trkpt lat="45.51065" lon="4.74356">
        <ele>415.6</ele>
      </trkpt>
      <trkpt lat="45.50981" lon="4.74362">
        <ele>409.9</ele>
      </trkpt>
      <trkpt lat="45.50959" lon="4.7436">
        <ele>408.4</ele>
      </trkpt>
      <trkpt lat="45.50926" lon="4.74352">
        <ele>406.3</ele>
      </trkpt>
      <trkpt lat="45.50905" lon="4.74345">
        <ele>405.0</ele>
      </trkpt>
      <trkpt lat="45.5089" lon="4.74343">
        <ele>404.2</ele>
      </trkpt>
      <trkpt lat="45.50868" lon="4.74345">
        <ele>402.8</ele>
      </trkpt>
      <trkpt lat="45.5084" lon="4.74353">
        <ele>400.9</ele>
      </trkpt>
      <trkpt lat="45.50812" lon="4.74368">
        <ele>399.2</ele>
      </trkpt>
      <trkpt lat="45.50773" lon="4.74398">
        <ele>397.5</ele>
      </trkpt>
      <trkpt lat="45.50733" lon="4.7444">
        <ele>394.6</ele>
      </trkpt>
      <trkpt lat="45.50715" lon="4.74456">
        <ele>393.1</ele>
      </trkpt>
      <trkpt lat="45.507" lon="4.74469">
        <ele>392.1</ele>
      </trkpt>
      <trkpt lat="45.5068" lon="4.7448">
        <ele>391.4</ele>
      </trkpt>
      <trkpt lat="45.50638" lon="4.74499">
        <ele>390.6</ele>
      </trkpt>
      <trkpt lat="45.50618" lon="4.7451">
        <ele>390.3</ele>
      </trkpt>
      <trkpt lat="45.50582" lon="4.74534">
        <ele>390.0</ele>
      </trkpt>
      <trkpt lat="45.50561" lon="4.7455">
        <ele>390.0</ele>
      </trkpt>
      <trkpt lat="45.50544" lon="4.74567">
        <ele>390.0</ele>
      </trkpt>
      <trkpt lat="45.50538" lon="4.74574">
        <ele>390.0</ele>
      </trkpt>
      <trkpt lat="45.5053" lon="4.74586">
        <ele>389.9</ele>
      </trkpt>
      <trkpt lat="45.50521" lon="4.74604">
        <ele>389.3</ele>
      </trkpt>
      <trkpt lat="45.5051" lon="4.74639">
        <ele>388.1</ele>
      </trkpt>
      <trkpt lat="45.50496" lon="4.74668">
        <ele>386.7</ele>
      </trkpt>
      <trkpt lat="45.5049" lon="4.74678">
        <ele>386.0</ele>
      </trkpt>
      <trkpt lat="45.50478" lon="4.7469">
        <ele>385.0</ele>
      </trkpt>
      <trkpt lat="45.5043" lon="4.74724">
        <ele>382.5</ele>
      </trkpt>
      <trkpt lat="45.50421" lon="4.74733">
        <ele>382.1</ele>
      </trkpt>
      <trkpt lat="45.50391" lon="4.74766">
        <ele>379.3</ele>
      </trkpt>
      <trkpt lat="45.50382" lon="4.74772">
        <ele>378.7</ele>
      </trkpt>
      <trkpt lat="45.50374" lon="4.74781">
        <ele>378.2</ele>
      </trkpt>
      <trkpt lat="45.50369" lon="4.7479">
        <ele>378.0</ele>
      </trkpt>
      <trkpt lat="45.50327" lon="4.74874">
        <ele>378.1</ele>
      </trkpt>
      <trkpt lat="45.50291" lon="4.74942">
        <ele>375.3</ele>
      </trkpt>
      <trkpt lat="45.50255" lon="4.7501">
        <ele>372.8</ele>
      </trkpt>
      <trkpt lat="45.50227" lon="4.75066">
        <ele>367.4</ele>
      </trkpt>
      <trkpt lat="45.50199" lon="4.75122">
        <ele>363.6</ele>
      </trkpt>
      <trkpt lat="45.50196" lon="4.75129">
        <ele>363.2</ele>
      </trkpt>
      <trkpt lat="45.50187" lon="4.75139">
        <ele>362.2</ele>
      </trkpt>
      <trkpt lat="45.50158" lon="4.75155">
        <ele>358.9</ele>
      </trkpt>
      <trkpt lat="45.50144" lon="4.75161">
        <ele>357.5</ele>
      </trkpt>
      <trkpt lat="45.5013" lon="4.75164">
        <ele>355.9</ele>
      </trkpt>
      <trkpt lat="45.50099" lon="4.75167">
        <ele>352.7</ele>
      </trkpt>
      <trkpt lat="45.50044" lon="4.75171">
        <ele>348.0</ele>
      </trkpt>
      <trkpt lat="45.50027" lon="4.75176">
        <ele>347.0</ele>
      </trkpt>
      <trkpt lat="45.50005" lon="4.75189">
        <ele>346.3</ele>
      </trkpt>
      <trkpt lat="45.49986" lon="4.75206">
        <ele>344.3</ele>
      </trkpt>
      <trkpt lat="45.49976" lon="4.75218">
        <ele>343.2</ele>
      </trkpt>
      <trkpt lat="45.49969" lon="4.75228">
        <ele>342.5</ele>
      </trkpt>
      <trkpt lat="45.49957" lon="4.75255">
        <ele>341.7</ele>
      </trkpt>
      <trkpt lat="45.49952" lon="4.7527">
        <ele>340.5</ele>
      </trkpt>
      <trkpt lat="45.49948" lon="4.75284">
        <ele>339.7</ele>
      </trkpt>
      <trkpt lat="45.49945" lon="4.75296">
        <ele>339.2</ele>
      </trkpt>
      <trkpt lat="45.49944" lon="4.75307">
        <ele>338.9</ele>
      </trkpt>
      <trkpt lat="45.49944" lon="4.75317">
        <ele>338.9</ele>
      </trkpt>
      <trkpt lat="45.49945" lon="4.75327">
        <ele>339.1</ele>
      </trkpt>
      <trkpt lat="45.49947" lon="4.75339">
        <ele>338.9</ele>
      </trkpt>
      <trkpt lat="45.49952" lon="4.75352">
        <ele>338.3</ele>
      </trkpt>
      <trkpt lat="45.49962" lon="4.75372">
        <ele>337.6</ele>
      </trkpt>
      <trkpt lat="45.49981" lon="4.75398">
        <ele>337.1</ele>
      </trkpt>
      <trkpt lat="45.50002" lon="4.7542">
        <ele>336.9</ele>
      </trkpt>
      <trkpt lat="45.50015" lon="4.75428">
        <ele>337.2</ele>
      </trkpt>
      <trkpt lat="45.50031" lon="4.75435">
        <ele>337.8</ele>
      </trkpt>
      <trkpt lat="45.50033" lon="4.75438">
        <ele>337.5</ele>
      </trkpt>
      <trkpt lat="45.50034" lon="4.75444">
        <ele>336.7</ele>
      </trkpt>
      <trkpt lat="45.50034" lon="4.75448">
        <ele>336.0</ele>
      </trkpt>
      <trkpt lat="45.50032" lon="4.75452">
        <ele>335.2</ele>
      </trkpt>
      <trkpt lat="45.5003" lon="4.75454">
        <ele>334.7</ele>
      </trkpt>
      <trkpt lat="45.50025" lon="4.75456">
        <ele>334.0</ele>
      </trkpt>
      <trkpt lat="45.5002" lon="4.75454">
        <ele>333.9</ele>
      </trkpt>
      <trkpt lat="45.49997" lon="4.75439">
        <ele>334.1</ele>
      </trkpt>
      <trkpt lat="45.49978" lon="4.75429">
        <ele>333.3</ele>
      </trkpt>
      <trkpt lat="45.49968" lon="4.75424">
        <ele>332.6</ele>
      </trkpt>
      <trkpt lat="45.49948" lon="4.75417">
        <ele>330.7</ele>
      </trkpt>
      <trkpt lat="45.49886" lon="4.75407">
        <ele>324.2</ele>
      </trkpt>
      <trkpt lat="45.49823" lon="4.75397">
        <ele>317.6</ele>
      </trkpt>
      <trkpt lat="45.498" lon="4.75392">
        <ele>315.8</ele>
      </trkpt>
      <trkpt lat="45.49778" lon="4.75385">
        <ele>314.0</ele>
      </trkpt>
      <trkpt lat="45.4976" lon="4.75376">
        <ele>312.4</ele>
      </trkpt>
      <trkpt lat="45.49729" lon="4.75363">
        <ele>311.6</ele>
      </trkpt>
      <trkpt lat="45.49722" lon="4.75361">
        <ele>311.7</ele>
      </trkpt>
      <trkpt lat="45.49712" lon="4.7536">
        <ele>311.8</ele>
      </trkpt>
      <trkpt lat="45.4968" lon="4.75362">
        <ele>312.2</ele>
      </trkpt>
      <trkpt lat="45.49669" lon="4.75361">
        <ele>312.3</ele>
      </trkpt>
      <trkpt lat="45.49661" lon="4.75355">
        <ele>312.6</ele>
      </trkpt>
      <trkpt lat="45.49657" lon="4.75348">
        <ele>312.9</ele>
      </trkpt>
      <trkpt lat="45.49646" lon="4.75316">
        <ele>316.2</ele>
      </trkpt>
      <trkpt lat="45.49584" lon="4.75349">
        <ele>314.5</ele>
      </trkpt>
      <trkpt lat="45.49522" lon="4.75382">
        <ele>314.8</ele>
      </trkpt>
      <trkpt lat="45.49499" lon="4.75389">
        <ele>314.7</ele>
      </trkpt>
      <trkpt lat="45.49479" lon="4.75393">
        <ele>315.5</ele>
      </trkpt>
      <trkpt lat="45.49439" lon="4.75399">
        <ele>317.3</ele>
      </trkpt>
      <trkpt lat="45.49399" lon="4.75402">
        <ele>319.8</ele>
      </trkpt>
      <trkpt lat="45.49379" lon="4.75406">
        <ele>320.9</ele>
      </trkpt>
      <trkpt lat="45.49369" lon="4.75411">
        <ele>321.0</ele>
      </trkpt>
      <trkpt lat="45.49318" lon="4.75449">
        <ele>318.2</ele>
      </trkpt>
      <trkpt lat="45.49301" lon="4.75461">
        <ele>316.8</ele>
      </trkpt>
      <trkpt lat="45.4926" lon="4.75478">
        <ele>316.1</ele>
      </trkpt>
      <trkpt lat="45.49246" lon="4.75487">
        <ele>316.3</ele>
      </trkpt>
      <trkpt lat="45.49231" lon="4.75499">
        <ele>317.4</ele>
      </trkpt>
      <trkpt lat="45.49226" lon="4.75504">
        <ele>317.7</ele>
      </trkpt>
      <trkpt lat="45.49214" lon="4.75522">
        <ele>317.7</ele>
      </trkpt>
      <trkpt lat="45.49202" lon="4.75545">
        <ele>317.0</ele>
      </trkpt>
      <trkpt lat="45.49194" lon="4.75557">
        <ele>316.5</ele>
      </trkpt>
      <trkpt lat="45.49187" lon="4.75564">
        <ele>316.5</ele>
      </trkpt>
      <trkpt lat="45.49177" lon="4.7557">
        <ele>316.8</ele>
      </trkpt>
      <trkpt lat="45.49141" lon="4.75578">
        <ele>319.5</ele>
      </trkpt>
      <trkpt lat="45.49128" lon="4.75583">
        <ele>320.2</ele>
      </trkpt>
      <trkpt lat="45.49117" lon="4.7559">
        <ele>320.8</ele>
      </trkpt>
      <trkpt lat="45.49107" lon="4.75599">
        <ele>321.1</ele>
      </trkpt>
      <trkpt lat="45.49099" lon="4.75611">
        <ele>321.0</ele>
      </trkpt>
      <trkpt lat="45.49079" lon="4.75652">
        <ele>319.9</ele>
      </trkpt>
      <trkpt lat="45.4907" lon="4.75664">
        <ele>320.2</ele>
      </trkpt>
      <trkpt lat="45.4906" lon="4.75673">
        <ele>320.9</ele>
      </trkpt>
      <trkpt lat="45.4905" lon="4.7568">
        <ele>321.6</ele>
      </trkpt>
      <trkpt lat="45.49019" lon="4.75698">
        <ele>323.2</ele>
      </trkpt>
      <trkpt lat="45.48963" lon="4.75727">
        <ele>326.9</ele>
      </trkpt>
      <trkpt lat="45.48907" lon="4.75757">
        <ele>330.2</ele>
      </trkpt>
      <trkpt lat="45.48898" lon="4.75759">
        <ele>329.3</ele>
      </trkpt>
      <trkpt lat="45.48884" lon="4.75758">
        <ele>328.4</ele>
      </trkpt>
      <trkpt lat="45.48878" lon="4.75757">
        <ele>328.2</ele>
      </trkpt>
      <trkpt lat="45.48866" lon="4.75751">
        <ele>328.2</ele>
      </trkpt>
      <trkpt lat="45.48848" lon="4.75736">
        <ele>328.1</ele>
      </trkpt>
      <trkpt lat="45.4884" lon="4.75726">
        <ele>328.3</ele>
      </trkpt>
      <trkpt lat="45.48833" lon="4.75714">
        <ele>328.6</ele>
      </trkpt>
      <trkpt lat="45.48827" lon="4.75697">
        <ele>329.8</ele>
      </trkpt>
      <trkpt lat="45.4881" lon="4.75636">
        <ele>333.0</ele>
      </trkpt>
      <trkpt lat="45.48801" lon="4.75614">
        <ele>333.7</ele>
      </trkpt>
      <trkpt lat="45.48793" lon="4.75601">
        <ele>333.8</ele>
      </trkpt>
      <trkpt lat="45.48785" lon="4.75593">
        <ele>333.7</ele>
      </trkpt>
      <trkpt lat="45.48778" lon="4.7559">
        <ele>333.4</ele>
      </trkpt>
      <trkpt lat="45.4877" lon="4.75591">
        <ele>332.9</ele>
      </trkpt>
      <trkpt lat="45.48763" lon="4.75594">
        <ele>332.5</ele>
      </trkpt>
      <trkpt lat="45.48756" lon="4.756">
        <ele>331.9</ele>
      </trkpt>
      <trkpt lat="45.4875" lon="4.75611">
        <ele>331.4</ele>
      </trkpt>
      <trkpt lat="45.48745" lon="4.75624">
        <ele>331.7</ele>
      </trkpt>
      <trkpt lat="45.48742" lon="4.75644">
        <ele>331.7</ele>
      </trkpt>
      <trkpt lat="45.48738" lon="4.75713">
        <ele>331.0</ele>
      </trkpt>
      <trkpt lat="45.48735" lon="4.75741">
        <ele>330.8</ele>
      </trkpt>
      <trkpt lat="45.48732" lon="4.75763">
        <ele>330.4</ele>
      </trkpt>
      <trkpt lat="45.48727" lon="4.75779">
        <ele>330.2</ele>
      </trkpt>
      <trkpt lat="45.48719" lon="4.75796">
        <ele>330.3</ele>
      </trkpt>
      <trkpt lat="45.48707" lon="4.75812">
        <ele>330.6</ele>
      </trkpt>
      <trkpt lat="45.48696" lon="4.75823">
        <ele>331.1</ele>
      </trkpt>
      <trkpt lat="45.48687" lon="4.7583">
        <ele>331.5</ele>
      </trkpt>
      <trkpt lat="45.48676" lon="4.75833">
        <ele>332.2</ele>
      </trkpt>
      <trkpt lat="45.48665" lon="4.75833">
        <ele>333.0</ele>
      </trkpt>
      <trkpt lat="45.48656" lon="4.7583">
        <ele>333.1</ele>
      </trkpt>
      <trkpt lat="45.48648" lon="4.75825">
        <ele>333.4</ele>
      </trkpt>
      <trkpt lat="45.48639" lon="4.75817">
        <ele>333.9</ele>
      </trkpt>
      <trkpt lat="45.48609" lon="4.75787">
        <ele>336.6</ele>
      </trkpt>
      <trkpt lat="45.48595" lon="4.75775">
        <ele>338.0</ele>
      </trkpt>
      <trkpt lat="45.48582" lon="4.75768">
        <ele>339.1</ele>
      </trkpt>
      <trkpt lat="45.48568" lon="4.75762">
        <ele>339.9</ele>
      </trkpt>
      <trkpt lat="45.48556" lon="4.7576">
        <ele>340.3</ele>
      </trkpt>
      <trkpt lat="45.48544" lon="4.75761">
        <ele>340.4</ele>
      </trkpt>
      <trkpt lat="45.48533" lon="4.75763">
        <ele>340.3</ele>
      </trkpt>
      <trkpt lat="45.48519" lon="4.7577">
        <ele>339.8</ele>
      </trkpt>
      <trkpt lat="45.4848" lon="4.75795">
        <ele>337.0</ele>
      </trkpt>
      <trkpt lat="45.48401" lon="4.75841">
        <ele>333.5</ele>
      </trkpt>
      <trkpt lat="45.48343" lon="4.75874">
        <ele>332.5</ele>
      </trkpt>
      <trkpt lat="45.48284" lon="4.75906">
        <ele>334.0</ele>
      </trkpt>
      <trkpt lat="45.48226" lon="4.75939">
        <ele>334.7</ele>
      </trkpt>
      <trkpt lat="45.4821" lon="4.75946">
        <ele>335.2</ele>
      </trkpt>
      <trkpt lat="45.48199" lon="4.75948">
        <ele>335.6</ele>
      </trkpt>
      <trkpt lat="45.48188" lon="4.75948">
        <ele>336.2</ele>
      </trkpt>
      <trkpt lat="45.48178" lon="4.75945">
        <ele>336.8</ele>
      </trkpt>
      <trkpt lat="45.48122" lon="4.75921">
        <ele>337.2</ele>
      </trkpt>
      <trkpt lat="45.48099" lon="4.75912">
        <ele>337.4</ele>
      </trkpt>
      <trkpt lat="45.48087" lon="4.75911">
        <ele>337.3</ele>
      </trkpt>
      <trkpt lat="45.48076" lon="4.75911">
        <ele>337.2</ele>
      </trkpt>
      <trkpt lat="45.48063" lon="4.75915">
        <ele>336.9</ele>
      </trkpt>
      <trkpt lat="45.48043" lon="4.75923">
        <ele>335.9</ele>
      </trkpt>
      <trkpt lat="45.47986" lon="4.75949">
        <ele>333.9</ele>
      </trkpt>
      <trkpt lat="45.47929" lon="4.75975">
        <ele>335.6</ele>
      </trkpt>
      <trkpt lat="45.4791" lon="4.75982">
        <ele>336.2</ele>
      </trkpt>
      <trkpt lat="45.47888" lon="4.75988">
        <ele>336.2</ele>
      </trkpt>
      <trkpt lat="45.47829" lon="4.75996">
        <ele>335.9</ele>
      </trkpt>
      <trkpt lat="45.4777" lon="4.76004">
        <ele>333.7</ele>
      </trkpt>
      <trkpt lat="45.47754" lon="4.76005">
        <ele>333.2</ele>
      </trkpt>
      <trkpt lat="45.47754" lon="4.76">
        <ele>333.1</ele>
      </trkpt>
      <trkpt lat="45.47752" lon="4.75996">
        <ele>333.1</ele>
      </trkpt>
      <trkpt lat="45.47749" lon="4.75992">
        <ele>333.0</ele>
      </trkpt>
      <trkpt lat="45.47746" lon="4.7599">
        <ele>332.8</ele>
      </trkpt>
      <trkpt lat="45.47743" lon="4.7599">
        <ele>332.6</ele>
      </trkpt>
      <trkpt lat="45.47737" lon="4.75992">
        <ele>332.2</ele>
      </trkpt>
      <trkpt lat="45.47734" lon="4.75996">
        <ele>332.0</ele>
      </trkpt>
      <trkpt lat="45.47732" lon="4.76001">
        <ele>331.9</ele>
      </trkpt>
      <trkpt lat="45.47731" lon="4.76006">
        <ele>331.9</ele>
      </trkpt>
      <trkpt lat="45.47732" lon="4.76011">
        <ele>332.0</ele>
      </trkpt>
      <trkpt lat="45.47734" lon="4.76015">
        <ele>332.1</ele>
      </trkpt>
      <trkpt lat="45.47727" lon="4.76025">
        <ele>331.8</ele>
      </trkpt>
      <trkpt lat="45.47695" lon="4.76077">
        <ele>330.9</ele>
      </trkpt>
      <trkpt lat="45.47664" lon="4.76129">
        <ele>330.4</ele>
      </trkpt>
      <trkpt lat="45.47649" lon="4.7615">
        <ele>329.8</ele>
      </trkpt>
      <trkpt lat="45.47621" lon="4.76182">
        <ele>329.1</ele>
      </trkpt>
      <trkpt lat="45.4759" lon="4.76213">
        <ele>328.9</ele>
      </trkpt>
      <trkpt lat="45.47569" lon="4.76229">
        <ele>328.5</ele>
      </trkpt>
      <trkpt lat="45.47508" lon="4.7627">
        <ele>328.4</ele>
      </trkpt>
      <trkpt lat="45.47448" lon="4.7631">
        <ele>326.4</ele>
      </trkpt>
      <trkpt lat="45.47424" lon="4.76325">
        <ele>326.4</ele>
      </trkpt>
      <trkpt lat="45.47413" lon="4.76331">
        <ele>326.3</ele>
      </trkpt>
      <trkpt lat="45.47382" lon="4.76343">
        <ele>323.7</ele>
      </trkpt>
      <trkpt lat="45.47307" lon="4.76366">
        <ele>318.0</ele>
      </trkpt>
      <trkpt lat="45.47279" lon="4.76377">
        <ele>316.8</ele>
      </trkpt>
      <trkpt lat="45.47263" lon="4.76387">
        <ele>316.6</ele>
      </trkpt>
      <trkpt lat="45.47189" lon="4.76441">
        <ele>313.5</ele>
      </trkpt>
      <trkpt lat="45.47148" lon="4.76474">
        <ele>311.1</ele>
      </trkpt>
      <trkpt lat="45.47119" lon="4.76499">
        <ele>309.7</ele>
      </trkpt>
      <trkpt lat="45.47111" lon="4.76506">
        <ele>309.0</ele>
      </trkpt>
      <trkpt lat="45.47105" lon="4.76516">
        <ele>308.2</ele>
      </trkpt>
      <trkpt lat="45.47098" lon="4.76537">
        <ele>307.3</ele>
      </trkpt>
      <trkpt lat="45.47089" lon="4.76608">
        <ele>305.1</ele>
      </trkpt>
      <trkpt lat="45.47085" lon="4.76627">
        <ele>304.2</ele>
      </trkpt>
      <trkpt lat="45.47079" lon="4.76655">
        <ele>302.3</ele>
      </trkpt>
      <trkpt lat="45.4707" lon="4.76679">
        <ele>300.2</ele>
      </trkpt>
      <trkpt lat="45.47064" lon="4.76689">
        <ele>299.2</ele>
      </trkpt>
      <trkpt lat="45.47052" lon="4.76705">
        <ele>297.1</ele>
      </trkpt>
      <trkpt lat="45.47023" lon="4.76741">
        <ele>293.0</ele>
      </trkpt>
      <trkpt lat="45.47014" lon="4.76753">
        <ele>291.8</ele>
      </trkpt>
      <trkpt lat="45.47011" lon="4.7676">
        <ele>290.8</ele>
      </trkpt>
      <trkpt lat="45.4701" lon="4.7677">
        <ele>289.9</ele>
      </trkpt>
      <trkpt lat="45.47011" lon="4.76782">
        <ele>289.1</ele>
      </trkpt>
      <trkpt lat="45.47013" lon="4.76791">
        <ele>288.6</ele>
      </trkpt>
      <trkpt lat="45.47022" lon="4.76807">
        <ele>288.3</ele>
      </trkpt>
      <trkpt lat="45.47031" lon="4.76815">
        <ele>288.6</ele>
      </trkpt>
      <trkpt lat="45.47073" lon="4.76843">
        <ele>288.6</ele>
      </trkpt>
      <trkpt lat="45.47096" lon="4.76865">
        <ele>285.5</ele>
      </trkpt>
      <trkpt lat="45.47062" lon="4.76868">
        <ele>281.6</ele>
      </trkpt>
      <trkpt lat="45.47031" lon="4.76873">
        <ele>277.9</ele>
      </trkpt>
      <trkpt lat="45.47022" lon="4.76872">
        <ele>277.3</ele>
      </trkpt>
      <trkpt lat="45.47014" lon="4.76867">
        <ele>277.5</ele>
      </trkpt>
      <trkpt lat="45.46984" lon="4.76834">
        <ele>280.3</ele>
      </trkpt>
      <trkpt lat="45.46972" lon="4.76822">
        <ele>278.2</ele>
      </trkpt>
      <trkpt lat="45.46963" lon="4.76812">
        <ele>276.6</ele>
      </trkpt>
      <trkpt lat="45.46958" lon="4.7681">
        <ele>275.5</ele>
      </trkpt>
      <trkpt lat="45.4695" lon="4.76809">
        <ele>273.5</ele>
      </trkpt>
      <trkpt lat="45.46937" lon="4.76811">
        <ele>270.3</ele>
      </trkpt>
      <trkpt lat="45.46918" lon="4.76815">
        <ele>265.5</ele>
      </trkpt>
      <trkpt lat="45.46866" lon="4.7684">
        <ele>253.7</ele>
      </trkpt>
      <trkpt lat="45.46857" lon="4.76832">
        <ele>252.7</ele>
      </trkpt>
      <trkpt lat="45.46851" lon="4.7682">
        <ele>250.4</ele>
      </trkpt>
      <trkpt lat="45.46835" lon="4.76797">
        <ele>244.5</ele>
      </trkpt>
      <trkpt lat="45.46827" lon="4.76789">
        <ele>241.1</ele>
      </trkpt>
      <trkpt lat="45.46822" lon="4.76782">
        <ele>238.6</ele>
      </trkpt>
      <trkpt lat="45.46821" lon="4.76777">
        <ele>237.9</ele>
      </trkpt>
      <trkpt lat="45.46823" lon="4.76756">
        <ele>236.3</ele>
      </trkpt>
      <trkpt lat="45.46829" lon="4.76739">
        <ele>236.5</ele>
      </trkpt>
      <trkpt lat="45.4683" lon="4.76732">
        <ele>236.3</ele>
      </trkpt>
      <trkpt lat="45.46831" lon="4.76724">
        <ele>235.7</ele>
      </trkpt>
      <trkpt lat="45.4683" lon="4.76696">
        <ele>232.8</ele>
      </trkpt>
      <trkpt lat="45.46837" lon="4.76676">
        <ele>233.1</ele>
      </trkpt>
      <trkpt lat="45.46839" lon="4.76666">
        <ele>232.6</ele>
      </trkpt>
      <trkpt lat="45.46837" lon="4.76658">
        <ele>232.4</ele>
      </trkpt>
      <trkpt lat="45.46835" lon="4.76653">
        <ele>231.9</ele>
      </trkpt>
      <trkpt lat="45.46832" lon="4.76651">
        <ele>231.2</ele>
      </trkpt>
      <trkpt lat="45.46827" lon="4.76649">
        <ele>230.0</ele>
      </trkpt>
      <trkpt lat="45.46796" lon="4.76654">
        <ele>222.3</ele>
      </trkpt>
      <trkpt lat="45.46786" lon="4.76651">
        <ele>219.8</ele>
      </trkpt>
      <trkpt lat="45.46767" lon="4.76661">
        <ele>215.0</ele>
      </trkpt>
      <trkpt lat="45.46715" lon="4.76678">
        <ele>207.3</ele>
      </trkpt>
      <trkpt lat="45.46698" lon="4.76691">
        <ele>204.1</ele>
      </trkpt>
      <trkpt lat="45.46686" lon="4.76704">
        <ele>200.6</ele>
      </trkpt>
      <trkpt lat="45.46675" lon="4.76711">
        <ele>197.4</ele>
      </trkpt>
      <trkpt lat="45.46662" lon="4.76723">
        <ele>193.5</ele>
      </trkpt>
      <trkpt lat="45.46654" lon="4.76741">
        <ele>189.7</ele>
      </trkpt>
      <trkpt lat="45.46631" lon="4.76762">
        <ele>185.3</ele>
      </trkpt>
      <trkpt lat="45.4662" lon="4.76775">
        <ele>182.7</ele>
      </trkpt>
      <trkpt lat="45.46613" lon="4.76792">
        <ele>179.5</ele>
      </trkpt>
      <trkpt lat="45.46614" lon="4.76802">
        <ele>178.3</ele>
      </trkpt>
      <trkpt lat="45.46608" lon="4.7681">
        <ele>176.1</ele>
      </trkpt>
      <trkpt lat="45.466" lon="4.76803">
        <ele>175.7</ele>
      </trkpt>
      <trkpt lat="45.46594" lon="4.768">
        <ele>175.3</ele>
      </trkpt>
      <trkpt lat="45.46582" lon="4.76796">
        <ele>174.1</ele>
      </trkpt>
      <trkpt lat="45.46515" lon="4.76783">
        <ele>168.6</ele>
      </trkpt>
      <trkpt lat="45.46502" lon="4.76776">
        <ele>168.1</ele>
      </trkpt>
      <trkpt lat="45.46488" lon="4.76765">
        <ele>167.9</ele>
      </trkpt>
      <trkpt lat="45.46465" lon="4.76744">
        <ele>167.1</ele>
      </trkpt>
      <trkpt lat="45.46449" lon="4.76733">
        <ele>165.5</ele>
      </trkpt>
      <trkpt lat="45.46439" lon="4.76727">
        <ele>164.3</ele>
      </trkpt>
      <trkpt lat="45.46422" lon="4.76722">
        <ele>161.9</ele>
      </trkpt>
      <trkpt lat="45.46406" lon="4.76721">
        <ele>160.5</ele>
      </trkpt>
      <trkpt lat="45.46402" lon="4.76722">
        <ele>160.2</ele>
      </trkpt>
      <trkpt lat="45.46397" lon="4.76727">
        <ele>159.7</ele>
      </trkpt>
      <trkpt lat="45.46391" lon="4.76738">
        <ele>158.7</ele>
      </trkpt>
      <trkpt lat="45.46353" lon="4.76818">
        <ele>153.7</ele>
      </trkpt>
      <trkpt lat="45.46349" lon="4.76832">
        <ele>153.0</ele>
      </trkpt>
      <trkpt lat="45.46349" lon="4.76843">
        <ele>152.7</ele>
      </trkpt>
      <trkpt lat="45.46351" lon="4.76851">
        <ele>152.5</ele>
      </trkpt>
      <trkpt lat="45.46352" lon="4.76857">
        <ele>152.4</ele>
      </trkpt>
      <trkpt lat="45.4635" lon="4.76866">
        <ele>152.1</ele>
      </trkpt>
      <trkpt lat="45.46308" lon="4.76954">
        <ele>149.8</ele>
      </trkpt>
      <trkpt lat="45.46247" lon="4.76891">
        <ele>150.0</ele>
      </trkpt>
      <trkpt lat="45.46183" lon="4.76817">
        <ele>151.9</ele>
      </trkpt>
      <trkpt lat="45.46161" lon="4.76783">
        <ele>153.0</ele>
      </trkpt>
      <trkpt lat="45.46132" lon="4.76713">
        <ele>152.0</ele>
      </trkpt>
      <trkpt lat="45.46104" lon="4.76642">
        <ele>150.7</ele>
      </trkpt>
      <trkpt lat="45.46081" lon="4.76583">
        <ele>150.0</ele>
      </trkpt>
      <trkpt lat="45.46058" lon="4.76523">
        <ele>150.4</ele>
      </trkpt>
      <trkpt lat="45.46053" lon="4.76505">
        <ele>150.6</ele>
      </trkpt>
      <trkpt lat="45.46017" lon="4.76419">
        <ele>150.0</ele>
      </trkpt>
      <trkpt lat="45.46004" lon="4.76393">
        <ele>150.0</ele>
      </trkpt>
      <trkpt lat="45.45974" lon="4.76319">
        <ele>149.3</ele>
      </trkpt>
      <trkpt lat="45.4594" lon="4.7624">
        <ele>149.0</ele>
      </trkpt>
      <trkpt lat="45.45902" lon="4.76172">
        <ele>148.5</ele>
      </trkpt>
      <trkpt lat="45.45896" lon="4.76155">
        <ele>148.0</ele>
      </trkpt>
      <trkpt lat="45.4589" lon="4.76127">
        <ele>147.2</ele>
      </trkpt>
      <trkpt lat="45.45884" lon="4.76104">
        <ele>146.6</ele>
      </trkpt>
      <trkpt lat="45.45877" lon="4.76084">
        <ele>146.1</ele>
      </trkpt>
      <trkpt lat="45.45862" lon="4.76048">
        <ele>146.0</ele>
      </trkpt>
      <trkpt lat="45.45854" lon="4.76029">
        <ele>146.0</ele>
      </trkpt>
      <trkpt lat="45.45832" lon="4.75978">
        <ele>146.0</ele>
      </trkpt>
      <trkpt lat="45.45825" lon="4.75982">
        <ele>145.9</ele>
      </trkpt>
      <trkpt lat="45.45768" lon="4.7599">
        <ele>145.2</ele>
      </trkpt>
      <trkpt lat="45.45763" lon="4.75989">
        <ele>145.2</ele>
      </trkpt>
      <trkpt lat="45.45758" lon="4.75986">
        <ele>145.1</ele>
      </trkpt>
      <trkpt lat="45.45754" lon="4.75981">
        <ele>145.1</ele>
      </trkpt>
      <trkpt lat="45.45734" lon="4.75953">
        <ele>144.4</ele>
      </trkpt>
      <trkpt lat="45.45732" lon="4.75947">
        <ele>144.3</ele>
      </trkpt>
      <trkpt lat="45.4573" lon="4.7594">
        <ele>144.3</ele>
      </trkpt>
      <trkpt lat="45.45714" lon="4.75945">
        <ele>143.7</ele>
      </trkpt>
      <trkpt lat="45.45697" lon="4.75853">
        <ele>144.6</ele>
      </trkpt>
      <trkpt lat="45.4568" lon="4.75761">
        <ele>145.9</ele>
      </trkpt>
      <trkpt lat="45.4564" lon="4.75657">
        <ele>145.4</ele>
      </trkpt>
      <trkpt lat="45.45629" lon="4.75628">
        <ele>144.7</ele>
      </trkpt>
      <trkpt lat="45.45613" lon="4.75583">
        <ele>143.8</ele>
      </trkpt>
      <trkpt lat="45.45589" lon="4.75529">
        <ele>146.1</ele>
      </trkpt>
      <trkpt lat="45.45572" lon="4.75504">
        <ele>146.9</ele>
      </trkpt>
      <trkpt lat="45.45555" lon="4.75483">
        <ele>146.4</ele>
      </trkpt>
      <trkpt lat="45.45537" lon="4.75465">
        <ele>145.7</ele>
      </trkpt>
      <trkpt lat="45.45531" lon="4.7546">
        <ele>145.5</ele>
      </trkpt>
      <trkpt lat="45.45518" lon="4.75452">
        <ele>144.9</ele>
      </trkpt>
      <trkpt lat="45.45501" lon="4.75438">
        <ele>144.3</ele>
      </trkpt>
      <trkpt lat="45.45483" lon="4.75431">
        <ele>144.0</ele>
      </trkpt>
      <trkpt lat="45.45458" lon="4.75425">
        <ele>143.3</ele>
      </trkpt>
      <trkpt lat="45.45429" lon="4.75419">
        <ele>142.4</ele>
      </trkpt>
      <trkpt lat="45.45407" lon="4.75417">
        <ele>142.3</ele>
      </trkpt>
      <trkpt lat="45.45399" lon="4.75417">
        <ele>142.6</ele>
      </trkpt>
      <trkpt lat="45.4537" lon="4.75415">
        <ele>143.8</ele>
      </trkpt>
      <trkpt lat="45.4536" lon="4.75413">
        <ele>144.3</ele>
      </trkpt>
      <trkpt lat="45.45333" lon="4.75412">
        <ele>145.4</ele>
      </trkpt>
      <trkpt lat="45.45305" lon="4.7541">
        <ele>146.1</ele>
      </trkpt>
      <trkpt lat="45.4528" lon="4.75405">
        <ele>147.2</ele>
      </trkpt>
      <trkpt lat="45.45197" lon="4.75397">
        <ele>149.7</ele>
      </trkpt>
      <trkpt lat="45.45115" lon="4.7539">
        <ele>141.2</ele>
      </trkpt>
      <trkpt lat="45.4504" lon="4.75379">
        <ele>142.2</ele>
      </trkpt>
      <trkpt lat="45.44966" lon="4.75372">
        <ele>145.4</ele>
      </trkpt>
      <trkpt lat="45.44895" lon="4.75369">
        <ele>142.3</ele>
      </trkpt>
      <trkpt lat="45.44843" lon="4.75371">
        <ele>135.7</ele>
      </trkpt>
      <trkpt lat="45.44791" lon="4.7538">
        <ele>137.1</ele>
      </trkpt>
      <trkpt lat="45.44753" lon="4.75389">
        <ele>140.9</ele>
      </trkpt>
      <trkpt lat="45.44716" lon="4.75401">
        <ele>141.8</ele>
      </trkpt>
      <trkpt lat="45.44672" lon="4.75418">
        <ele>142.8</ele>
      </trkpt>
      <trkpt lat="45.44628" lon="4.75436">
        <ele>143.5</ele>
      </trkpt>
      <trkpt lat="45.4457" lon="4.7546">
        <ele>142.8</ele>
      </trkpt>
      <trkpt lat="45.44513" lon="4.75484">
        <ele>141.0</ele>
      </trkpt>
      <trkpt lat="45.44481" lon="4.75495">
        <ele>141.6</ele>
      </trkpt>
      <trkpt lat="45.44425" lon="4.75493">
        <ele>145.2</ele>
      </trkpt>
      <trkpt lat="45.44399" lon="4.75496">
        <ele>145.9</ele>
      </trkpt>
      <trkpt lat="45.44387" lon="4.75501">
        <ele>145.9</ele>
      </trkpt>
      <trkpt lat="45.4437" lon="4.75514">
        <ele>145.0</ele>
      </trkpt>
      <trkpt lat="45.44343" lon="4.75539">
        <ele>143.2</ele>
      </trkpt>
      <trkpt lat="45.44326" lon="4.75551">
        <ele>142.7</ele>
      </trkpt>
      <trkpt lat="45.44319" lon="4.75555">
        <ele>142.7</ele>
      </trkpt>
      <trkpt lat="45.44277" lon="4.75569">
        <ele>144.4</ele>
      </trkpt>
      <trkpt lat="45.44268" lon="4.7557">
        <ele>144.9</ele>
      </trkpt>
      <trkpt lat="45.44239" lon="4.75562">
        <ele>146.3</ele>
      </trkpt>
      <trkpt lat="45.44233" lon="4.75559">
        <ele>146.4</ele>
      </trkpt>
      <trkpt lat="45.44212" lon="4.75541">
        <ele>146.7</ele>
      </trkpt>
      <trkpt lat="45.44202" lon="4.75534">
        <ele>146.7</ele>
      </trkpt>
      <trkpt lat="45.44193" lon="4.75531">
        <ele>146.8</ele>
      </trkpt>
      <trkpt lat="45.44165" lon="4.7553">
        <ele>147.1</ele>
      </trkpt>
      <trkpt lat="45.44157" lon="4.7553">
        <ele>147.1</ele>
      </trkpt>
      <trkpt lat="45.44149" lon="4.75532">
        <ele>147.2</ele>
      </trkpt>
      <trkpt lat="45.4414" lon="4.75536">
        <ele>147.3</ele>
      </trkpt>
      <trkpt lat="45.44133" lon="4.75543">
        <ele>147.6</ele>
      </trkpt>
      <trkpt lat="45.44122" lon="4.7556">
        <ele>148.2</ele>
      </trkpt>
      <trkpt lat="45.44103" lon="4.75606">
        <ele>147.6</ele>
      </trkpt>
      <trkpt lat="45.44091" lon="4.7563">
        <ele>146.5</ele>
      </trkpt>
      <trkpt lat="45.44077" lon="4.7565">
        <ele>145.7</ele>
      </trkpt>
      <trkpt lat="45.44068" lon="4.75657">
        <ele>145.4</ele>
      </trkpt>
      <trkpt lat="45.4406" lon="4.75662">
        <ele>145.1</ele>
      </trkpt>
      <trkpt lat="45.44039" lon="4.75669">
        <ele>144.9</ele>
      </trkpt>
      <trkpt lat="45.44019" lon="4.75677">
        <ele>144.3</ele>
      </trkpt>
      <trkpt lat="45.44011" lon="4.75678">
        <ele>144.2</ele>
      </trkpt>
      <trkpt lat="45.43963" lon="4.7567">
        <ele>146.0</ele>
      </trkpt>
      <trkpt lat="45.43939" lon="4.75663">
        <ele>147.1</ele>
      </trkpt>
      <trkpt lat="45.43895" lon="4.75643">
        <ele>146.9</ele>
      </trkpt>
      <trkpt lat="45.43878" lon="4.75641">
        <ele>146.9</ele>
      </trkpt>
      <trkpt lat="45.43858" lon="4.75641">
        <ele>147.0</ele>
      </trkpt>
      <trkpt lat="45.43824" lon="4.75642">
        <ele>147.0</ele>
      </trkpt>
      <trkpt lat="45.43816" lon="4.75644">
        <ele>147.1</ele>
      </trkpt>
      <trkpt lat="45.43807" lon="4.75648">
        <ele>147.2</ele>
      </trkpt>
      <trkpt lat="45.4377" lon="4.75667">
        <ele>148.0</ele>
      </trkpt>
      <trkpt lat="45.43754" lon="4.75678">
        <ele>148.0</ele>
      </trkpt>
      <trkpt lat="45.43743" lon="4.75689">
        <ele>147.8</ele>
      </trkpt>
      <trkpt lat="45.43721" lon="4.75723">
        <ele>147.4</ele>
      </trkpt>
      <trkpt lat="45.43714" lon="4.7573">
        <ele>147.4</ele>
      </trkpt>
      <trkpt lat="45.43696" lon="4.75742">
        <ele>147.2</ele>
      </trkpt>
      <trkpt lat="45.43677" lon="4.75751">
        <ele>147.1</ele>
      </trkpt>
      <trkpt lat="45.43653" lon="4.75756">
        <ele>146.3</ele>
      </trkpt>
      <trkpt lat="45.4363" lon="4.75758">
        <ele>145.8</ele>
      </trkpt>
      <trkpt lat="45.4361" lon="4.75757">
        <ele>145.7</ele>
      </trkpt>
      <trkpt lat="45.43578" lon="4.75752">
        <ele>145.6</ele>
      </trkpt>
      <trkpt lat="45.43546" lon="4.75745">
        <ele>144.7</ele>
      </trkpt>
      <trkpt lat="45.43481" lon="4.75721">
        <ele>142.8</ele>
      </trkpt>
      <trkpt lat="45.43455" lon="4.75707">
        <ele>142.5</ele>
      </trkpt>
      <trkpt lat="45.43434" lon="4.75686">
        <ele>143.0</ele>
      </trkpt>
      <trkpt lat="45.43398" lon="4.75633">
        <ele>144.2</ele>
      </trkpt>
      <trkpt lat="45.43389" lon="4.75623">
        <ele>144.3</ele>
      </trkpt>
      <trkpt lat="45.4338" lon="4.75615">
        <ele>144.4</ele>
      </trkpt>
      <trkpt lat="45.43334" lon="4.75589">
        <ele>145.0</ele>
      </trkpt>
      <trkpt lat="45.43261" lon="4.75541">
        <ele>145.0</ele>
      </trkpt>
      <trkpt lat="45.4323" lon="4.75516">
        <ele>144.3</ele>
      </trkpt>
      <trkpt lat="45.43203" lon="4.75491">
        <ele>144.5</ele>
      </trkpt>
      <trkpt lat="45.43164" lon="4.75447">
        <ele>144.2</ele>
      </trkpt>
      <trkpt lat="45.43125" lon="4.75403">
        <ele>142.1</ele>
      </trkpt>
      <trkpt lat="45.43107" lon="4.75371">
        <ele>143.1</ele>
      </trkpt>
      <trkpt lat="45.43096" lon="4.75348">
        <ele>144.6</ele>
      </trkpt>
      <trkpt lat="45.43041" lon="4.75254">
        <ele>145.9</ele>
      </trkpt>
      <trkpt lat="45.43014" lon="4.75211">
        <ele>144.7</ele>
      </trkpt>
      <trkpt lat="45.42961" lon="4.75133">
        <ele>141.3</ele>
      </trkpt>
      <trkpt lat="45.42914" lon="4.75069">
        <ele>142.7</ele>
      </trkpt>
      <trkpt lat="45.42851" lon="4.74993">
        <ele>142.9</ele>
      </trkpt>
      <trkpt lat="45.42789" lon="4.74917">
        <ele>145.0</ele>
      </trkpt>
      <trkpt lat="45.42726" lon="4.74841">
        <ele>142.0</ele>
      </trkpt>
      <trkpt lat="45.42663" lon="4.74765">
        <ele>142.9</ele>
      </trkpt>
      <trkpt lat="45.42601" lon="4.74689">
        <ele>144.7</ele>
      </trkpt>
      <trkpt lat="45.42538" lon="4.74613">
        <ele>143.7</ele>
      </trkpt>
      <trkpt lat="45.42475" lon="4.74537">
        <ele>143.5</ele>
      </trkpt>
      <trkpt lat="45.42413" lon="4.74461">
        <ele>142.9</ele>
      </trkpt>
      <trkpt lat="45.4235" lon="4.74385">
        <ele>140.7</ele>
      </trkpt>
      <trkpt lat="45.42288" lon="4.74309">
        <ele>141.2</ele>
      </trkpt>
      <trkpt lat="45.42254" lon="4.74271">
        <ele>142.0</ele>
      </trkpt>
      <trkpt lat="45.42195" lon="4.74221">
        <ele>141.9</ele>
      </trkpt>
      <trkpt lat="45.42136" lon="4.74172">
        <ele>145.8</ele>
      </trkpt>
      <trkpt lat="45.42066" lon="4.74133">
        <ele>145.8</ele>
      </trkpt>
      <trkpt lat="45.42014" lon="4.74108">
        <ele>142.4</ele>
      </trkpt>
      <trkpt lat="45.41962" lon="4.74083">
        <ele>141.2</ele>
      </trkpt>
      <trkpt lat="45.41907" lon="4.74064">
        <ele>140.0</ele>
      </trkpt>
      <trkpt lat="45.41851" lon="4.74045">
        <ele>141.2</ele>
      </trkpt>
      <trkpt lat="45.4179" lon="4.74032">
        <ele>141.7</ele>
      </trkpt>
      <trkpt lat="45.4173" lon="4.7402">
        <ele>142.6</ele>
      </trkpt>
      <trkpt lat="45.41683" lon="4.74015">
        <ele>143.7</ele>
      </trkpt>
      <trkpt lat="45.41635" lon="4.74011">
        <ele>143.3</ele>
      </trkpt>
      <trkpt lat="45.41625" lon="4.74006">
        <ele>143.1</ele>
      </trkpt>
      <trkpt lat="45.4162" lon="4.74006">
        <ele>143.1</ele>
      </trkpt>
      <trkpt lat="45.416" lon="4.74009">
        <ele>142.9</ele>
      </trkpt>
      <trkpt lat="45.41548" lon="4.74013">
        <ele>143.2</ele>
      </trkpt>
      <trkpt lat="45.41497" lon="4.74016">
        <ele>144.1</ele>
      </trkpt>
      <trkpt lat="45.41491" lon="4.74015">
        <ele>144.0</ele>
      </trkpt>
      <trkpt lat="45.41482" lon="4.74008">
        <ele>143.9</ele>
      </trkpt>
      <trkpt lat="45.41478" lon="4.74003">
        <ele>143.8</ele>
      </trkpt>
      <trkpt lat="45.41475" lon="4.73994">
        <ele>143.7</ele>
      </trkpt>
      <trkpt lat="45.41473" lon="4.73976">
        <ele>143.8</ele>
      </trkpt>
      <trkpt lat="45.41473" lon="4.73918">
        <ele>144.0</ele>
      </trkpt>
      <trkpt lat="45.41471" lon="4.73901">
        <ele>144.4</ele>
      </trkpt>
      <trkpt lat="45.41463" lon="4.73856">
        <ele>145.5</ele>
      </trkpt>
      <trkpt lat="45.41441" lon="4.7376">
        <ele>146.5</ele>
      </trkpt>
      <trkpt lat="45.41439" lon="4.73755">
        <ele>146.5</ele>
      </trkpt>
      <trkpt lat="45.41437" lon="4.73752">
        <ele>146.5</ele>
      </trkpt>
      <trkpt lat="45.41435" lon="4.7375">
        <ele>146.4</ele>
      </trkpt>
      <trkpt lat="45.41432" lon="4.73749">
        <ele>146.4</ele>
      </trkpt>
      <trkpt lat="45.41408" lon="4.73749">
        <ele>145.8</ele>
      </trkpt>
      <trkpt lat="45.41404" lon="4.7375">
        <ele>145.7</ele>
      </trkpt>
      <trkpt lat="45.41403" lon="4.73751">
        <ele>145.7</ele>
      </trkpt>
      <trkpt lat="45.41402" lon="4.73754">
        <ele>145.6</ele>
      </trkpt>
      <trkpt lat="45.41402" lon="4.73756">
        <ele>145.6</ele>
      </trkpt>
      <trkpt lat="45.4142" lon="4.73861">
        <ele>145.3</ele>
      </trkpt>
      <trkpt lat="45.41423" lon="4.73893">
        <ele>144.6</ele>
      </trkpt>
      <trkpt lat="45.41422" lon="4.7394">
        <ele>143.7</ele>
      </trkpt>
      <trkpt lat="45.41419" lon="4.73971">
        <ele>143.4</ele>
      </trkpt>
      <trkpt lat="45.41417" lon="4.73982">
        <ele>143.2</ele>
      </trkpt>
      <trkpt lat="45.41409" lon="4.7401">
        <ele>142.7</ele>
      </trkpt>
      <trkpt lat="45.41405" lon="4.74018">
        <ele>142.7</ele>
      </trkpt>
      <trkpt lat="45.41401" lon="4.74024">
        <ele>142.6</ele>
      </trkpt>
      <trkpt lat="45.41392" lon="4.74029">
        <ele>142.4</ele>
      </trkpt>
      <trkpt lat="45.41366" lon="4.74035">
        <ele>141.9</ele>
      </trkpt>
      <trkpt lat="45.41304" lon="4.74046">
        <ele>142.3</ele>
      </trkpt>
      <trkpt lat="45.41242" lon="4.74057">
        <ele>143.5</ele>
      </trkpt>
      <trkpt lat="45.41236" lon="4.74057">
        <ele>143.4</ele>
      </trkpt>
      <trkpt lat="45.41231" lon="4.74054">
        <ele>143.3</ele>
      </trkpt>
      <trkpt lat="45.41227" lon="4.74048">
        <ele>143.1</ele>
      </trkpt>
      <trkpt lat="45.41224" lon="4.74039">
        <ele>142.8</ele>
      </trkpt>
      <trkpt lat="45.41222" lon="4.74024">
        <ele>142.5</ele>
      </trkpt>
      <trkpt lat="45.41221" lon="4.74013">
        <ele>142.2</ele>
      </trkpt>
      <trkpt lat="45.4122" lon="4.74006">
        <ele>142.0</ele>
      </trkpt>
      <trkpt lat="45.41215" lon="4.73996">
        <ele>141.7</ele>
      </trkpt>
      <trkpt lat="45.4121" lon="4.73992">
        <ele>141.5</ele>
      </trkpt>
      <trkpt lat="45.41206" lon="4.73992">
        <ele>141.4</ele>
      </trkpt>
      <trkpt lat="45.41159" lon="4.74005">
        <ele>140.1</ele>
      </trkpt>
      <trkpt lat="45.41098" lon="4.74017">
        <ele>139.3</ele>
      </trkpt>
      <trkpt lat="45.41061" lon="4.74026">
        <ele>139.2</ele>
      </trkpt>
      <trkpt lat="45.41035" lon="4.74034">
        <ele>139.5</ele>
      </trkpt>
      <trkpt lat="45.4098" lon="4.74056">
        <ele>140.7</ele>
      </trkpt>
      <trkpt lat="45.40937" lon="4.74076">
        <ele>141.7</ele>
      </trkpt>
      <trkpt lat="45.40863" lon="4.74119">
        <ele>141.3</ele>
      </trkpt>
      <trkpt lat="45.40799" lon="4.7416">
        <ele>140.6</ele>
      </trkpt>
      <trkpt lat="45.40747" lon="4.74196">
        <ele>141.0</ele>
      </trkpt>
      <trkpt lat="45.40695" lon="4.74233">
        <ele>139.9</ele>
      </trkpt>
      <trkpt lat="45.40629" lon="4.74276">
        <ele>140.1</ele>
      </trkpt>
      <trkpt lat="45.40581" lon="4.74308">
        <ele>140.6</ele>
      </trkpt>
      <trkpt lat="45.40534" lon="4.74341">
        <ele>140.6</ele>
      </trkpt>
      <trkpt lat="45.4051" lon="4.7436">
        <ele>141.2</ele>
      </trkpt>
      <trkpt lat="45.40483" lon="4.74383">
        <ele>142.2</ele>
      </trkpt>
      <trkpt lat="45.40433" lon="4.7443">
        <ele>143.5</ele>
      </trkpt>
      <trkpt lat="45.40377" lon="4.74489">
        <ele>145.1</ele>
      </trkpt>
      <trkpt lat="45.40321" lon="4.74549">
        <ele>144.6</ele>
      </trkpt>
      <trkpt lat="45.4025" lon="4.74616">
        <ele>143.2</ele>
      </trkpt>
      <trkpt lat="45.40179" lon="4.74682">
        <ele>142.6</ele>
      </trkpt>
      <trkpt lat="45.40108" lon="4.74749">
        <ele>142.0</ele>
      </trkpt>
      <trkpt lat="45.40098" lon="4.74765">
        <ele>142.1</ele>
      </trkpt>
      <trkpt lat="45.40096" lon="4.74774">
        <ele>142.1</ele>
      </trkpt>
      <trkpt lat="45.40097" lon="4.74782">
        <ele>142.1</ele>
      </trkpt>
      <trkpt lat="45.40106" lon="4.74803">
        <ele>142.0</ele>
      </trkpt>
      <trkpt lat="45.40107" lon="4.74807">
        <ele>141.9</ele>
      </trkpt>
      <trkpt lat="45.40108" lon="4.74813">
        <ele>141.8</ele>
      </trkpt>
      <trkpt lat="45.40108" lon="4.74821">
        <ele>141.8</ele>
      </trkpt>
      <trkpt lat="45.40107" lon="4.74829">
        <ele>141.9</ele>
      </trkpt>
      <trkpt lat="45.40104" lon="4.74836">
        <ele>141.9</ele>
      </trkpt>
      <trkpt lat="45.40091" lon="4.74857">
        <ele>141.4</ele>
      </trkpt>
      <trkpt lat="45.40068" lon="4.74889">
        <ele>139.2</ele>
      </trkpt>
      <trkpt lat="45.39997" lon="4.74958">
        <ele>137.6</ele>
      </trkpt>
      <trkpt lat="45.39927" lon="4.75026">
        <ele>139.6</ele>
      </trkpt>
      <trkpt lat="45.39896" lon="4.75054">
        <ele>139.9</ele>
      </trkpt>
      <trkpt lat="45.39883" lon="4.75064">
        <ele>140.3</ele>
      </trkpt>
      <trkpt lat="45.39845" lon="4.75087">
        <ele>141.5</ele>
      </trkpt>
      <trkpt lat="45.39811" lon="4.75111">
        <ele>141.2</ele>
      </trkpt>
      <trkpt lat="45.39805" lon="4.75116">
        <ele>141.1</ele>
      </trkpt>
      <trkpt lat="45.39791" lon="4.75137">
        <ele>140.7</ele>
      </trkpt>
      <trkpt lat="45.39783" lon="4.75147">
        <ele>140.6</ele>
      </trkpt>
      <trkpt lat="45.39742" lon="4.75186">
        <ele>140.5</ele>
      </trkpt>
      <trkpt lat="45.39719" lon="4.75202">
        <ele>140.7</ele>
      </trkpt>
      <trkpt lat="45.39708" lon="4.75207">
        <ele>141.0</ele>
      </trkpt>
      <trkpt lat="45.39695" lon="4.7521">
        <ele>141.4</ele>
      </trkpt>
      <trkpt lat="45.39654" lon="4.75216">
        <ele>142.4</ele>
      </trkpt>
      <trkpt lat="45.39643" lon="4.7522">
        <ele>142.5</ele>
      </trkpt>
      <trkpt lat="45.39576" lon="4.75266">
        <ele>142.2</ele>
      </trkpt>
      <trkpt lat="45.39568" lon="4.75276">
        <ele>141.8</ele>
      </trkpt>
      <trkpt lat="45.39544" lon="4.75308">
        <ele>141.6</ele>
      </trkpt>
      <trkpt lat="45.39536" lon="4.75315">
        <ele>141.8</ele>
      </trkpt>
      <trkpt lat="45.39498" lon="4.75336">
        <ele>143.8</ele>
      </trkpt>
      <trkpt lat="45.39483" lon="4.75343">
        <ele>143.1</ele>
      </trkpt>
      <trkpt lat="45.39428" lon="4.75357">
        <ele>141.3</ele>
      </trkpt>
      <trkpt lat="45.3939" lon="4.75365">
        <ele>141.1</ele>
      </trkpt>
      <trkpt lat="45.39377" lon="4.75371">
        <ele>141.2</ele>
      </trkpt>
      <trkpt lat="45.39344" lon="4.75387">
        <ele>142.0</ele>
      </trkpt>
      <trkpt lat="45.39315" lon="4.75403">
        <ele>142.5</ele>
      </trkpt>
      <trkpt lat="45.39303" lon="4.75411">
        <ele>142.5</ele>
      </trkpt>
      <trkpt lat="45.39276" lon="4.75439">
        <ele>141.4</ele>
      </trkpt>
      <trkpt lat="45.39255" lon="4.75455">
        <ele>140.6</ele>
      </trkpt>
      <trkpt lat="45.39241" lon="4.75462">
        <ele>140.4</ele>
      </trkpt>
      <trkpt lat="45.39229" lon="4.75467">
        <ele>140.3</ele>
      </trkpt>
      <trkpt lat="45.39219" lon="4.75469">
        <ele>140.3</ele>
      </trkpt>
      <trkpt lat="45.39159" lon="4.75472">
        <ele>140.7</ele>
      </trkpt>
      <trkpt lat="45.3915" lon="4.75474">
        <ele>140.7</ele>
      </trkpt>
      <trkpt lat="45.39115" lon="4.75486">
        <ele>140.8</ele>
      </trkpt>
      <trkpt lat="45.39057" lon="4.75508">
        <ele>140.8</ele>
      </trkpt>
      <trkpt lat="45.3903" lon="4.75533">
        <ele>140.2</ele>
      </trkpt>
      <trkpt lat="45.39019" lon="4.75541">
        <ele>140.0</ele>
      </trkpt>
      <trkpt lat="45.3901" lon="4.75545">
        <ele>139.9</ele>
      </trkpt>
      <trkpt lat="45.39002" lon="4.75548">
        <ele>139.9</ele>
      </trkpt>
      <trkpt lat="45.38992" lon="4.75549">
        <ele>140.0</ele>
      </trkpt>
      <trkpt lat="45.38953" lon="4.75545">
        <ele>140.9</ele>
      </trkpt>
      <trkpt lat="45.3894" lon="4.75546">
        <ele>141.2</ele>
      </trkpt>
      <trkpt lat="45.3893" lon="4.75547">
        <ele>141.4</ele>
      </trkpt>
      <trkpt lat="45.3888" lon="4.75561">
        <ele>141.8</ele>
      </trkpt>
      <trkpt lat="45.38804" lon="4.7558">
        <ele>141.9</ele>
      </trkpt>
      <trkpt lat="45.38769" lon="4.75586">
        <ele>141.9</ele>
      </trkpt>
      <trkpt lat="45.38695" lon="4.75598">
        <ele>142.0</ele>
      </trkpt>
      <trkpt lat="45.3868" lon="4.75599">
        <ele>142.1</ele>
      </trkpt>
      <trkpt lat="45.3865" lon="4.75598">
        <ele>142.3</ele>
      </trkpt>
      <trkpt lat="45.38613" lon="4.75592">
        <ele>142.6</ele>
      </trkpt>
      <trkpt lat="45.38564" lon="4.75581">
        <ele>142.0</ele>
      </trkpt>
      <trkpt lat="45.3852" lon="4.75566">
        <ele>140.0</ele>
      </trkpt>
      <trkpt lat="45.38489" lon="4.75551">
        <ele>139.3</ele>
      </trkpt>
      <trkpt lat="45.38446" lon="4.75527">
        <ele>139.2</ele>
      </trkpt>
      <trkpt lat="45.38418" lon="4.75508">
        <ele>139.0</ele>
      </trkpt>
      <trkpt lat="45.38377" lon="4.75478">
        <ele>139.4</ele>
      </trkpt>
      <trkpt lat="45.38337" lon="4.75449">
        <ele>139.1</ele>
      </trkpt>
      <trkpt lat="45.38301" lon="4.75424">
        <ele>139.0</ele>
      </trkpt>
      <trkpt lat="45.38281" lon="4.75419">
        <ele>139.0</ele>
      </trkpt>
      <trkpt lat="45.38271" lon="4.75419">
        <ele>139.0</ele>
      </trkpt>
      <trkpt lat="45.38262" lon="4.75422">
        <ele>139.0</ele>
      </trkpt>
      <trkpt lat="45.38252" lon="4.75428">
        <ele>139.0</ele>
      </trkpt>
      <trkpt lat="45.38207" lon="4.75464">
        <ele>139.6</ele>
      </trkpt>
      <trkpt lat="45.38162" lon="4.75501">
        <ele>140.9</ele>
      </trkpt>
      <trkpt lat="45.38144" lon="4.75517">
        <ele>140.6</ele>
      </trkpt>
      <trkpt lat="45.38136" lon="4.75529">
        <ele>140.6</ele>
      </trkpt>
      <trkpt lat="45.38131" lon="4.75544">
        <ele>140.7</ele>
      </trkpt>
      <trkpt lat="45.3813" lon="4.75563">
        <ele>140.7</ele>
      </trkpt>
      <trkpt lat="45.38138" lon="4.75601">
        <ele>140.1</ele>
      </trkpt>
      <trkpt lat="45.38138" lon="4.75614">
        <ele>139.9</ele>
      </trkpt>
      <trkpt lat="45.38135" lon="4.75626">
        <ele>139.8</ele>
      </trkpt>
      <trkpt lat="45.3813" lon="4.75629">
        <ele>139.8</ele>
      </trkpt>
      <trkpt lat="45.38124" lon="4.75628">
        <ele>140.0</ele>
      </trkpt>
      <trkpt lat="45.38118" lon="4.75622">
        <ele>140.2</ele>
      </trkpt>
      <trkpt lat="45.38116" lon="4.75616">
        <ele>140.5</ele>
      </trkpt>
      <trkpt lat="45.38114" lon="4.7561">
        <ele>140.7</ele>
      </trkpt>
      <trkpt lat="45.38114" lon="4.75594">
        <ele>141.2</ele>
      </trkpt>
      <trkpt lat="45.38113" lon="4.7559">
        <ele>141.3</ele>
      </trkpt>
      <trkpt lat="45.38112" lon="4.75588">
        <ele>141.5</ele>
      </trkpt>
      <trkpt lat="45.38108" lon="4.75588">
        <ele>141.7</ele>
      </trkpt>
      <trkpt lat="45.38106" lon="4.7559">
        <ele>141.7</ele>
      </trkpt>
      <trkpt lat="45.38104" lon="4.75594">
        <ele>141.6</ele>
      </trkpt>
      <trkpt lat="45.38094" lon="4.75624">
        <ele>140.8</ele>
      </trkpt>
      <trkpt lat="45.38083" lon="4.75666">
        <ele>139.0</ele>
      </trkpt>
      <trkpt lat="45.38063" lon="4.75773">
        <ele>139.1</ele>
      </trkpt>
      <trkpt lat="45.38043" lon="4.7588">
        <ele>142.5</ele>
      </trkpt>
      <trkpt lat="45.38039" lon="4.75899">
        <ele>143.5</ele>
      </trkpt>
      <trkpt lat="45.3804" lon="4.7592">
        <ele>144.5</ele>
      </trkpt>
      <trkpt lat="45.38037" lon="4.75946">
        <ele>144.9</ele>
      </trkpt>
      <trkpt lat="45.38028" lon="4.75968">
        <ele>145.0</ele>
      </trkpt>
      <trkpt lat="45.38009" lon="4.75999">
        <ele>145.2</ele>
      </trkpt>
      <trkpt lat="45.37996" lon="4.76012">
        <ele>144.8</ele>
      </trkpt>
      <trkpt lat="45.37941" lon="4.76044">
        <ele>143.8</ele>
      </trkpt>
      <trkpt lat="45.37885" lon="4.76077">
        <ele>144.9</ele>
      </trkpt>
      <trkpt lat="45.3783" lon="4.7611">
        <ele>146.9</ele>
      </trkpt>
      <trkpt lat="45.37759" lon="4.76151">
        <ele>142.5</ele>
      </trkpt>
      <trkpt lat="45.37688" lon="4.76193">
        <ele>141.2</ele>
      </trkpt>
      <trkpt lat="45.37617" lon="4.76235">
        <ele>141.4</ele>
      </trkpt>
      <trkpt lat="45.37552" lon="4.76281">
        <ele>142.5</ele>
      </trkpt>
      <trkpt lat="45.37487" lon="4.76327">
        <ele>142.3</ele>
      </trkpt>
      <trkpt lat="45.37422" lon="4.76374">
        <ele>142.8</ele>
      </trkpt>
      <trkpt lat="45.37363" lon="4.7642">
        <ele>142.2</ele>
      </trkpt>
      <trkpt lat="45.37305" lon="4.76465">
        <ele>139.5</ele>
      </trkpt>
      <trkpt lat="45.37246" lon="4.76511">
        <ele>138.1</ele>
      </trkpt>
      <trkpt lat="45.37187" lon="4.76566">
        <ele>137.7</ele>
      </trkpt>
      <trkpt lat="45.37127" lon="4.7662">
        <ele>138.2</ele>
      </trkpt>
      <trkpt lat="45.37068" lon="4.76674">
        <ele>138.1</ele>
      </trkpt>
      <trkpt lat="45.37002" lon="4.76735">
        <ele>138.0</ele>
      </trkpt>
      <trkpt lat="45.36937" lon="4.76795">
        <ele>139.7</ele>
      </trkpt>
      <trkpt lat="45.36871" lon="4.76856">
        <ele>139.3</ele>
      </trkpt>
      <trkpt lat="45.36805" lon="4.76917">
        <ele>139.0</ele>
      </trkpt>
      <trkpt lat="45.3674" lon="4.76978">
        <ele>138.4</ele>
      </trkpt>
      <trkpt lat="45.36674" lon="4.77038">
        <ele>138.0</ele>
      </trkpt>
      <trkpt lat="45.36608" lon="4.77099">
        <ele>139.5</ele>
      </trkpt>
      <trkpt lat="45.36539" lon="4.77162">
        <ele>138.5</ele>
      </trkpt>
      <trkpt lat="45.36469" lon="4.77225">
        <ele>139.0</ele>
      </trkpt>
      <trkpt lat="45.364" lon="4.77288">
        <ele>139.0</ele>
      </trkpt>
      <trkpt lat="45.36333" lon="4.7735">
        <ele>137.2</ele>
      </trkpt>
      <trkpt lat="45.36265" lon="4.77413">
        <ele>138.8</ele>
      </trkpt>
      <trkpt lat="45.36223" lon="4.77452">
        <ele>138.6</ele>
      </trkpt>
      <trkpt lat="45.36179" lon="4.77492">
        <ele>138.8</ele>
      </trkpt>
      <trkpt lat="45.36131" lon="4.77527">
        <ele>139.5</ele>
      </trkpt>
      <trkpt lat="45.36079" lon="4.77574">
        <ele>137.9</ele>
      </trkpt>
      <trkpt lat="45.36027" lon="4.77622">
        <ele>137.8</ele>
      </trkpt>
      <trkpt lat="45.35974" lon="4.7767">
        <ele>138.6</ele>
      </trkpt>
      <trkpt lat="45.3592" lon="4.77719">
        <ele>139.3</ele>
      </trkpt>
      <trkpt lat="45.35867" lon="4.77767">
        <ele>139.2</ele>
      </trkpt>
      <trkpt lat="45.35796" lon="4.77832">
        <ele>138.6</ele>
      </trkpt>
      <trkpt lat="45.35726" lon="4.77897">
        <ele>137.4</ele>
      </trkpt>
      <trkpt lat="45.35664" lon="4.77947">
        <ele>137.1</ele>
      </trkpt>
      <trkpt lat="45.35602" lon="4.77998">
        <ele>138.2</ele>
      </trkpt>
      <trkpt lat="45.3555" lon="4.78031">
        <ele>138.4</ele>
      </trkpt>
      <trkpt lat="45.35499" lon="4.78064">
        <ele>137.8</ele>
      </trkpt>
      <trkpt lat="45.35452" lon="4.78089">
        <ele>137.6</ele>
      </trkpt>
      <trkpt lat="45.35404" lon="4.78113">
        <ele>137.4</ele>
      </trkpt>
      <trkpt lat="45.35334" lon="4.78141">
        <ele>135.7</ele>
      </trkpt>
      <trkpt lat="45.35326" lon="4.78148">
        <ele>135.9</ele>
      </trkpt>
      <trkpt lat="45.35319" lon="4.78158">
        <ele>136.2</ele>
      </trkpt>
      <trkpt lat="45.35314" lon="4.78167">
        <ele>136.5</ele>
      </trkpt>
      <trkpt lat="45.35304" lon="4.78194">
        <ele>137.5</ele>
      </trkpt>
      <trkpt lat="45.35301" lon="4.782">
        <ele>137.8</ele>
      </trkpt>
      <trkpt lat="45.35294" lon="4.78209">
        <ele>138.6</ele>
      </trkpt>
      <trkpt lat="45.35289" lon="4.78212">
        <ele>139.1</ele>
      </trkpt>
      <trkpt lat="45.35281" lon="4.78215">
        <ele>139.8</ele>
      </trkpt>
      <trkpt lat="45.35274" lon="4.78215">
        <ele>140.3</ele>
      </trkpt>
      <trkpt lat="45.35269" lon="4.78214">
        <ele>140.6</ele>
      </trkpt>
      <trkpt lat="45.35265" lon="4.78211">
        <ele>140.7</ele>
      </trkpt>
      <trkpt lat="45.35242" lon="4.78185">
        <ele>139.6</ele>
      </trkpt>
      <trkpt lat="45.35231" lon="4.78176">
        <ele>138.9</ele>
      </trkpt>
      <trkpt lat="45.3522" lon="4.78172">
        <ele>138.7</ele>
      </trkpt>
      <trkpt lat="45.35209" lon="4.78172">
        <ele>138.8</ele>
      </trkpt>
      <trkpt lat="45.35122" lon="4.78187">
        <ele>138.8</ele>
      </trkpt>
      <trkpt lat="45.35034" lon="4.78202">
        <ele>137.5</ele>
      </trkpt>
      <trkpt lat="45.34956" lon="4.78209">
        <ele>136.2</ele>
      </trkpt>
      <trkpt lat="45.34878" lon="4.78216">
        <ele>136.5</ele>
      </trkpt>
      <trkpt lat="45.348" lon="4.78223">
        <ele>137.7</ele>
      </trkpt>
      <trkpt lat="45.34715" lon="4.78239">
        <ele>137.9</ele>
      </trkpt>
      <trkpt lat="45.3463" lon="4.78255">
        <ele>138.1</ele>
      </trkpt>
      <trkpt lat="45.34545" lon="4.78272">
        <ele>137.9</ele>
      </trkpt>
      <trkpt lat="45.34459" lon="4.78286">
        <ele>136.9</ele>
      </trkpt>
      <trkpt lat="45.34373" lon="4.78299">
        <ele>136.6</ele>
      </trkpt>
      <trkpt lat="45.34287" lon="4.78313">
        <ele>137.2</ele>
      </trkpt>
      <trkpt lat="45.34217" lon="4.78325">
        <ele>137.9</ele>
      </trkpt>
      <trkpt lat="45.34148" lon="4.78337">
        <ele>139.1</ele>
      </trkpt>
      <trkpt lat="45.34084" lon="4.78346">
        <ele>142.4</ele>
      </trkpt>
      <trkpt lat="45.34073" lon="4.7835">
        <ele>142.7</ele>
      </trkpt>
      <trkpt lat="45.34065" lon="4.78357">
        <ele>143.0</ele>
      </trkpt>
      <trkpt lat="45.34059" lon="4.78369">
        <ele>143.5</ele>
      </trkpt>
      <trkpt lat="45.34052" lon="4.78393">
        <ele>144.3</ele>
      </trkpt>
      <trkpt lat="45.3405" lon="4.78417">
        <ele>145.0</ele>
      </trkpt>
      <trkpt lat="45.34046" lon="4.78437">
        <ele>142.8</ele>
      </trkpt>
      <trkpt lat="45.34034" lon="4.78446">
        <ele>141.9</ele>
      </trkpt>
      <trkpt lat="45.34005" lon="4.78449">
        <ele>141.5</ele>
      </trkpt>
      <trkpt lat="45.3399" lon="4.7844">
        <ele>141.9</ele>
      </trkpt>
      <trkpt lat="45.33984" lon="4.78421">
        <ele>143.1</ele>
      </trkpt>
      <trkpt lat="45.33976" lon="4.78372">
        <ele>142.3</ele>
      </trkpt>
      <trkpt lat="45.33971" lon="4.78365">
        <ele>141.9</ele>
      </trkpt>
      <trkpt lat="45.33963" lon="4.78365">
        <ele>141.3</ele>
      </trkpt>
      <trkpt lat="45.33879" lon="4.78379">
        <ele>137.6</ele>
      </trkpt>
      <trkpt lat="45.33795" lon="4.78393">
        <ele>137.5</ele>
      </trkpt>
      <trkpt lat="45.3371" lon="4.78407">
        <ele>137.6</ele>
      </trkpt>
      <trkpt lat="45.33626" lon="4.78421">
        <ele>137.1</ele>
      </trkpt>
      <trkpt lat="45.33542" lon="4.78436">
        <ele>137.4</ele>
      </trkpt>
      <trkpt lat="45.33458" lon="4.7845">
        <ele>137.2</ele>
      </trkpt>
      <trkpt lat="45.33374" lon="4.78464">
        <ele>137.4</ele>
      </trkpt>
      <trkpt lat="45.33289" lon="4.78478">
        <ele>139.0</ele>
      </trkpt>
      <trkpt lat="45.33205" lon="4.78492">
        <ele>137.9</ele>
      </trkpt>
      <trkpt lat="45.33121" lon="4.78506">
        <ele>137.2</ele>
      </trkpt>
      <trkpt lat="45.33037" lon="4.7852">
        <ele>137.7</ele>
      </trkpt>
      <trkpt lat="45.32992" lon="4.78527">
        <ele>138.2</ele>
      </trkpt>
      <trkpt lat="45.32965" lon="4.78529">
        <ele>138.2</ele>
      </trkpt>
      <trkpt lat="45.32956" lon="4.78515">
        <ele>137.9</ele>
      </trkpt>
      <trkpt lat="45.32927" lon="4.78455">
        <ele>137.9</ele>
      </trkpt>
      <trkpt lat="45.32898" lon="4.78395">
        <ele>137.8</ele>
      </trkpt>
      <trkpt lat="45.32885" lon="4.78375">
        <ele>137.6</ele>
      </trkpt>
      <trkpt lat="45.32881" lon="4.78353">
        <ele>137.2</ele>
      </trkpt>
      <trkpt lat="45.32852" lon="4.78258">
        <ele>136.3</ele>
      </trkpt>
      <trkpt lat="45.32823" lon="4.78163">
        <ele>137.0</ele>
      </trkpt>
      <trkpt lat="45.32811" lon="4.78163">
        <ele>137.0</ele>
      </trkpt>
      <trkpt lat="45.32742" lon="4.78191">
        <ele>137.4</ele>
      </trkpt>
      <trkpt lat="45.32674" lon="4.78218">
        <ele>138.3</ele>
      </trkpt>
      <trkpt lat="45.32657" lon="4.78223">
        <ele>138.5</ele>
      </trkpt>
      <trkpt lat="45.32648" lon="4.78224">
        <ele>138.6</ele>
      </trkpt>
      <trkpt lat="45.32637" lon="4.78223">
        <ele>138.8</ele>
      </trkpt>
      <trkpt lat="45.32626" lon="4.78218">
        <ele>139.0</ele>
      </trkpt>
      <trkpt lat="45.32608" lon="4.78198">
        <ele>139.2</ele>
      </trkpt>
      <trkpt lat="45.32591" lon="4.78183">
        <ele>139.2</ele>
      </trkpt>
      <trkpt lat="45.32576" lon="4.78174">
        <ele>139.0</ele>
      </trkpt>
      <trkpt lat="45.32561" lon="4.78168">
        <ele>138.7</ele>
      </trkpt>
      <trkpt lat="45.32549" lon="4.78164">
        <ele>138.6</ele>
      </trkpt>
      <trkpt lat="45.32537" lon="4.78164">
        <ele>138.4</ele>
      </trkpt>
      <trkpt lat="45.32498" lon="4.7817">
        <ele>138.0</ele>
      </trkpt>
      <trkpt lat="45.3248" lon="4.7817">
        <ele>138.0</ele>
      </trkpt>
      <trkpt lat="45.32467" lon="4.78167">
        <ele>138.0</ele>
      </trkpt>
      <trkpt lat="45.3246" lon="4.7816">
        <ele>138.0</ele>
      </trkpt>
      <trkpt lat="45.32447" lon="4.78136">
        <ele>138.2</ele>
      </trkpt>
      <trkpt lat="45.32442" lon="4.78125">
        <ele>138.3</ele>
      </trkpt>
      <trkpt lat="45.32444" lon="4.78124">
        <ele>138.3</ele>
      </trkpt>
      <trkpt lat="45.32446" lon="4.78116">
        <ele>138.4</ele>
      </trkpt>
      <trkpt lat="45.32435" lon="4.7807">
        <ele>138.7</ele>
      </trkpt>
      <trkpt lat="45.32433" lon="4.78064">
        <ele>138.8</ele>
      </trkpt>
      <trkpt lat="45.32431" lon="4.78062">
        <ele>138.8</ele>
      </trkpt>
      <trkpt lat="45.32427" lon="4.78061">
        <ele>138.8</ele>
      </trkpt>
      <trkpt lat="45.32425" lon="4.78063">
        <ele>138.9</ele>
      </trkpt>
      <trkpt lat="45.32423" lon="4.78068">
        <ele>138.9</ele>
      </trkpt>
      <trkpt lat="45.32423" lon="4.78073">
        <ele>138.9</ele>
      </trkpt>
      <trkpt lat="45.32428" lon="4.78094">
        <ele>138.8</ele>
      </trkpt>
      <trkpt lat="45.32427" lon="4.781">
        <ele>138.7</ele>
      </trkpt>
      <trkpt lat="45.32426" lon="4.78105">
        <ele>138.7</ele>
      </trkpt>
      <trkpt lat="45.32422" lon="4.78108">
        <ele>138.7</ele>
      </trkpt>
      <trkpt lat="45.32417" lon="4.78111">
        <ele>138.7</ele>
      </trkpt>
      <trkpt lat="45.32396" lon="4.781">
        <ele>138.9</ele>
      </trkpt>
      <trkpt lat="45.32362" lon="4.78085">
        <ele>139.0</ele>
      </trkpt>
      <trkpt lat="45.32336" lon="4.78074">
        <ele>138.9</ele>
      </trkpt>
      <trkpt lat="45.32308" lon="4.78069">
        <ele>138.9</ele>
      </trkpt>
      <trkpt lat="45.32231" lon="4.78046">
        <ele>138.6</ele>
      </trkpt>
      <trkpt lat="45.32206" lon="4.78033">
        <ele>137.9</ele>
      </trkpt>
      <trkpt lat="45.32171" lon="4.78013">
        <ele>137.1</ele>
      </trkpt>
      <trkpt lat="45.32127" lon="4.77995">
        <ele>137.0</ele>
      </trkpt>
      <trkpt lat="45.3206" lon="4.77963">
        <ele>137.2</ele>
      </trkpt>
      <trkpt lat="45.32006" lon="4.77949">
        <ele>137.4</ele>
      </trkpt>
      <trkpt lat="45.31961" lon="4.77942">
        <ele>136.7</ele>
      </trkpt>
      <trkpt lat="45.31917" lon="4.77934">
        <ele>136.0</ele>
      </trkpt>
      <trkpt lat="45.31856" lon="4.77919">
        <ele>136.0</ele>
      </trkpt>
      <trkpt lat="45.31826" lon="4.7791">
        <ele>136.1</ele>
      </trkpt>
      <trkpt lat="45.31807" lon="4.77902">
        <ele>136.3</ele>
      </trkpt>
      <trkpt lat="45.31752" lon="4.77877">
        <ele>137.0</ele>
      </trkpt>
      <trkpt lat="45.31752" lon="4.78004">
        <ele>136.0</ele>
      </trkpt>
      <trkpt lat="45.31753" lon="4.78131">
        <ele>136.6</ele>
      </trkpt>
      <trkpt lat="45.31753" lon="4.78258">
        <ele>137.0</ele>
      </trkpt>
      <trkpt lat="45.31754" lon="4.78273">
        <ele>137.0</ele>
      </trkpt>
      <trkpt lat="45.31753" lon="4.78313">
        <ele>137.0</ele>
      </trkpt>
      <trkpt lat="45.31748" lon="4.7836">
        <ele>136.7</ele>
      </trkpt>
      <trkpt lat="45.31737" lon="4.78363">
        <ele>136.5</ele>
      </trkpt>
      <trkpt lat="45.31729" lon="4.78368">
        <ele>136.4</ele>
      </trkpt>
      <trkpt lat="45.3172" lon="4.78376">
        <ele>136.3</ele>
      </trkpt>
      <trkpt lat="45.31712" lon="4.78389">
        <ele>136.2</ele>
      </trkpt>
      <trkpt lat="45.31705" lon="4.78404">
        <ele>136.1</ele>
      </trkpt>
      <trkpt lat="45.31672" lon="4.78488">
        <ele>136.0</ele>
      </trkpt>
      <trkpt lat="45.31638" lon="4.78572">
        <ele>137.5</ele>
      </trkpt>
      <trkpt lat="45.31605" lon="4.78656">
        <ele>137.7</ele>
      </trkpt>
      <trkpt lat="45.3159" lon="4.78702">
        <ele>138.0</ele>
      </trkpt>
      <trkpt lat="45.31582" lon="4.78734">
        <ele>138.6</ele>
      </trkpt>
      <trkpt lat="45.31572" lon="4.78782">
        <ele>139.5</ele>
      </trkpt>
      <trkpt lat="45.31566" lon="4.78805">
        <ele>139.7</ele>
      </trkpt>
      <trkpt lat="45.3156" lon="4.78822">
        <ele>139.7</ele>
      </trkpt>
      <trkpt lat="45.31551" lon="4.78838">
        <ele>139.5</ele>
      </trkpt>
      <trkpt lat="45.31534" lon="4.78853">
        <ele>138.8</ele>
      </trkpt>
      <trkpt lat="45.31507" lon="4.78871">
        <ele>137.4</ele>
      </trkpt>
      <trkpt lat="45.31436" lon="4.78916">
        <ele>137.8</ele>
      </trkpt>
      <trkpt lat="45.31384" lon="4.78952">
        <ele>139.0</ele>
      </trkpt>
      <trkpt lat="45.31333" lon="4.78988">
        <ele>140.6</ele>
      </trkpt>
      <trkpt lat="45.31263" lon="4.79035">
        <ele>136.7</ele>
      </trkpt>
      <trkpt lat="45.31193" lon="4.79082">
        <ele>135.7</ele>
      </trkpt>
      <trkpt lat="45.31142" lon="4.79117">
        <ele>136.2</ele>
      </trkpt>
      <trkpt lat="45.31091" lon="4.79152">
        <ele>135.8</ele>
      </trkpt>
      <trkpt lat="45.31018" lon="4.79209">
        <ele>136.9</ele>
      </trkpt>
      <trkpt lat="45.3097" lon="4.79256">
        <ele>136.4</ele>
      </trkpt>
      <trkpt lat="45.30906" lon="4.79306">
        <ele>137.0</ele>
      </trkpt>
      <trkpt lat="45.30841" lon="4.79356">
        <ele>136.8</ele>
      </trkpt>
      <trkpt lat="45.30832" lon="4.79362">
        <ele>136.7</ele>
      </trkpt>
      <trkpt lat="45.30825" lon="4.79369">
        <ele>136.7</ele>
      </trkpt>
      <trkpt lat="45.30818" lon="4.79372">
        <ele>136.7</ele>
      </trkpt>
      <trkpt lat="45.30809" lon="4.79374">
        <ele>136.8</ele>
      </trkpt>
      <trkpt lat="45.30798" lon="4.79374">
        <ele>136.9</ele>
      </trkpt>
      <trkpt lat="45.30793" lon="4.7937">
        <ele>137.0</ele>
      </trkpt>
      <trkpt lat="45.3079" lon="4.79369">
        <ele>137.0</ele>
      </trkpt>
      <trkpt lat="45.30787" lon="4.7937">
        <ele>137.0</ele>
      </trkpt>
      <trkpt lat="45.30784" lon="4.79372">
        <ele>137.1</ele>
      </trkpt>
      <trkpt lat="45.30781" lon="4.79378">
        <ele>137.1</ele>
      </trkpt>
      <trkpt lat="45.30779" lon="4.79385">
        <ele>137.2</ele>
      </trkpt>
      <trkpt lat="45.3078" lon="4.79389">
        <ele>137.2</ele>
      </trkpt>
      <trkpt lat="45.30777" lon="4.79396">
        <ele>137.3</ele>
      </trkpt>
      <trkpt lat="45.30773" lon="4.79405">
        <ele>137.4</ele>
      </trkpt>
      <trkpt lat="45.30761" lon="4.79418">
        <ele>137.8</ele>
      </trkpt>
      <trkpt lat="45.30751" lon="4.79424">
        <ele>138.3</ele>
      </trkpt>
      <trkpt lat="45.30708" lon="4.79455">
        <ele>140.9</ele>
      </trkpt>
      <trkpt lat="45.30666" lon="4.79487">
        <ele>142.6</ele>
      </trkpt>
      <trkpt lat="45.30651" lon="4.79499">
        <ele>142.4</ele>
      </trkpt>
      <trkpt lat="45.30645" lon="4.79506">
        <ele>142.2</ele>
      </trkpt>
      <trkpt lat="45.30639" lon="4.79514">
        <ele>141.9</ele>
      </trkpt>
      <trkpt lat="45.30629" lon="4.79532">
        <ele>141.5</ele>
      </trkpt>
      <trkpt lat="45.30623" lon="4.79556">
        <ele>141.1</ele>
      </trkpt>
      <trkpt lat="45.30621" lon="4.79567">
        <ele>140.9</ele>
      </trkpt>
      <trkpt lat="45.30621" lon="4.79579">
        <ele>140.8</ele>
      </trkpt>
      <trkpt lat="45.30621" lon="4.79592">
        <ele>140.2</ele>
      </trkpt>
      <trkpt lat="45.30622" lon="4.79605">
        <ele>139.4</ele>
      </trkpt>
      <trkpt lat="45.30627" lon="4.79622">
        <ele>138.2</ele>
      </trkpt>
      <trkpt lat="45.30631" lon="4.79633">
        <ele>137.3</ele>
      </trkpt>
      <trkpt lat="45.30662" lon="4.79717">
        <ele>133.9</ele>
      </trkpt>
      <trkpt lat="45.30693" lon="4.79801">
        <ele>135.6</ele>
      </trkpt>
      <trkpt lat="45.30727" lon="4.79892">
        <ele>139.4</ele>
      </trkpt>
      <trkpt lat="45.30761" lon="4.79983">
        <ele>139.4</ele>
      </trkpt>
      <trkpt lat="45.30769" lon="4.80008">
        <ele>138.7</ele>
      </trkpt>
      <trkpt lat="45.30779" lon="4.80046">
        <ele>137.0</ele>
      </trkpt>
      <trkpt lat="45.30784" lon="4.80073">
        <ele>135.9</ele>
      </trkpt>
      <trkpt lat="45.30789" lon="4.80103">
        <ele>135.5</ele>
      </trkpt>
      <trkpt lat="45.30792" lon="4.80134">
        <ele>135.5</ele>
      </trkpt>
      <trkpt lat="45.30794" lon="4.80167">
        <ele>135.5</ele>
      </trkpt>
      <trkpt lat="45.3077" lon="4.80184">
        <ele>135.7</ele>
      </trkpt>
      <trkpt lat="45.30768" lon="4.80175">
        <ele>135.7</ele>
      </trkpt>
      <trkpt lat="45.30767" lon="4.80148">
        <ele>135.7</ele>
      </trkpt>
      <trkpt lat="45.30766" lon="4.80146">
        <ele>135.7</ele>
      </trkpt>
      <trkpt lat="45.30764" lon="4.80146">
        <ele>135.7</ele>
      </trkpt>
      <trkpt lat="45.30748" lon="4.80156">
        <ele>136.0</ele>
      </trkpt>
      <trkpt lat="45.30702" lon="4.80189">
        <ele>137.2</ele>
      </trkpt>
      <trkpt lat="45.30655" lon="4.80222">
        <ele>137.2</ele>
      </trkpt>
      <trkpt lat="45.30584" lon="4.80275">
        <ele>137.4</ele>
      </trkpt>
      <trkpt lat="45.30513" lon="4.80327">
        <ele>137.8</ele>
      </trkpt>
      <trkpt lat="45.30442" lon="4.8038">
        <ele>138.2</ele>
      </trkpt>
      <trkpt lat="45.30418" lon="4.80392">
        <ele>138.7</ele>
      </trkpt>
      <trkpt lat="45.30397" lon="4.80397">
        <ele>138.1</ele>
      </trkpt>
      <trkpt lat="45.30377" lon="4.80396">
        <ele>137.5</ele>
      </trkpt>
      <trkpt lat="45.30361" lon="4.8039">
        <ele>136.9</ele>
      </trkpt>
      <trkpt lat="45.30299" lon="4.80334">
        <ele>136.0</ele>
      </trkpt>
      <trkpt lat="45.30247" lon="4.80308">
        <ele>135.4</ele>
      </trkpt>
      <trkpt lat="45.30209" lon="4.80302">
        <ele>135.1</ele>
      </trkpt>
      <trkpt lat="45.30183" lon="4.80309">
        <ele>135.2</ele>
      </trkpt>
      <trkpt lat="45.30164" lon="4.80319">
        <ele>135.4</ele>
      </trkpt>
      <trkpt lat="45.30148" lon="4.80336">
        <ele>135.4</ele>
      </trkpt>
      <trkpt lat="45.30105" lon="4.80379">
        <ele>135.0</ele>
      </trkpt>
      <trkpt lat="45.30052" lon="4.80433">
        <ele>135.0</ele>
      </trkpt>
      <trkpt lat="45.29999" lon="4.80487">
        <ele>134.7</ele>
      </trkpt>
      <trkpt lat="45.29947" lon="4.80541">
        <ele>135.7</ele>
      </trkpt>
      <trkpt lat="45.29903" lon="4.80588">
        <ele>135.8</ele>
      </trkpt>
      <trkpt lat="45.29859" lon="4.80635">
        <ele>135.7</ele>
      </trkpt>
      <trkpt lat="45.29842" lon="4.80653">
        <ele>135.2</ele>
      </trkpt>
      <trkpt lat="45.29822" lon="4.80675">
        <ele>135.0</ele>
      </trkpt>
      <trkpt lat="45.2978" lon="4.80719">
        <ele>134.8</ele>
      </trkpt>
      <trkpt lat="45.29739" lon="4.80763">
        <ele>134.7</ele>
      </trkpt>
      <trkpt lat="45.2969" lon="4.80808">
        <ele>135.5</ele>
      </trkpt>
      <trkpt lat="45.29642" lon="4.80853">
        <ele>135.5</ele>
      </trkpt>
      <trkpt lat="45.29573" lon="4.809">
        <ele>135.7</ele>
      </trkpt>
      <trkpt lat="45.29504" lon="4.80947">
        <ele>133.4</ele>
      </trkpt>
      <trkpt lat="45.29462" lon="4.80969">
        <ele>133.5</ele>
      </trkpt>
      <trkpt lat="45.29419" lon="4.80991">
        <ele>133.0</ele>
      </trkpt>
      <trkpt lat="45.29342" lon="4.81022">
        <ele>134.7</ele>
      </trkpt>
      <trkpt lat="45.29326" lon="4.81035">
        <ele>135.1</ele>
      </trkpt>
      <trkpt lat="45.29313" lon="4.81043">
        <ele>135.2</ele>
      </trkpt>
      <trkpt lat="45.29281" lon="4.81054">
        <ele>134.9</ele>
      </trkpt>
      <trkpt lat="45.29248" lon="4.81064">
        <ele>134.5</ele>
      </trkpt>
      <trkpt lat="45.29219" lon="4.81077">
        <ele>134.2</ele>
      </trkpt>
      <trkpt lat="45.29196" lon="4.81085">
        <ele>133.8</ele>
      </trkpt>
      <trkpt lat="45.29154" lon="4.81092">
        <ele>133.2</ele>
      </trkpt>
      <trkpt lat="45.29076" lon="4.81101">
        <ele>132.9</ele>
      </trkpt>
      <trkpt lat="45.29019" lon="4.81109">
        <ele>133.8</ele>
      </trkpt>
      <trkpt lat="45.28954" lon="4.81113">
        <ele>134.5</ele>
      </trkpt>
      <trkpt lat="45.28889" lon="4.81117">
        <ele>135.0</ele>
      </trkpt>
      <trkpt lat="45.28825" lon="4.8112">
        <ele>135.2</ele>
      </trkpt>
      <trkpt lat="45.28771" lon="4.81115">
        <ele>134.6</ele>
      </trkpt>
      <trkpt lat="45.28696" lon="4.8112">
        <ele>134.2</ele>
      </trkpt>
      <trkpt lat="45.2862" lon="4.81124">
        <ele>135.6</ele>
      </trkpt>
      <trkpt lat="45.28604" lon="4.81122">
        <ele>136.0</ele>
      </trkpt>
      <trkpt lat="45.28582" lon="4.81112">
        <ele>135.8</ele>
      </trkpt>
      <trkpt lat="45.28506" lon="4.81109">
        <ele>135.8</ele>
      </trkpt>
      <trkpt lat="45.28474" lon="4.81105">
        <ele>135.2</ele>
      </trkpt>
      <trkpt lat="45.28415" lon="4.81102">
        <ele>134.7</ele>
      </trkpt>
      <trkpt lat="45.28405" lon="4.81107">
        <ele>135.2</ele>
      </trkpt>
      <trkpt lat="45.28394" lon="4.8111">
        <ele>135.4</ele>
      </trkpt>
      <trkpt lat="45.28334" lon="4.81115">
        <ele>135.3</ele>
      </trkpt>
      <trkpt lat="45.28302" lon="4.8112">
        <ele>135.7</ele>
      </trkpt>
      <trkpt lat="45.28268" lon="4.81124">
        <ele>135.9</ele>
      </trkpt>
      <trkpt lat="45.28209" lon="4.81136">
        <ele>136.8</ele>
      </trkpt>
      <trkpt lat="45.28176" lon="4.81137">
        <ele>136.9</ele>
      </trkpt>
      <trkpt lat="45.28108" lon="4.8115">
        <ele>137.8</ele>
      </trkpt>
      <trkpt lat="45.2808" lon="4.81153">
        <ele>137.9</ele>
      </trkpt>
      <trkpt lat="45.28045" lon="4.81161">
        <ele>137.8</ele>
      </trkpt>
      <trkpt lat="45.2801" lon="4.81164">
        <ele>137.1</ele>
      </trkpt>
      <trkpt lat="45.27994" lon="4.8117">
        <ele>137.1</ele>
      </trkpt>
      <trkpt lat="45.27971" lon="4.81172">
        <ele>136.9</ele>
      </trkpt>
      <trkpt lat="45.27946" lon="4.8118">
        <ele>137.1</ele>
      </trkpt>
      <trkpt lat="45.27936" lon="4.81185">
        <ele>137.3</ele>
      </trkpt>
      <trkpt lat="45.27916" lon="4.81185">
        <ele>137.1</ele>
      </trkpt>
      <trkpt lat="45.27869" lon="4.8118">
        <ele>136.4</ele>
      </trkpt>
      <trkpt lat="45.27799" lon="4.81181">
        <ele>136.3</ele>
      </trkpt>
      <trkpt lat="45.27755" lon="4.81175">
        <ele>136.2</ele>
      </trkpt>
      <trkpt lat="45.27746" lon="4.81175">
        <ele>136.3</ele>
      </trkpt>
      <trkpt lat="45.27724" lon="4.81183">
        <ele>136.4</ele>
      </trkpt>
      <trkpt lat="45.27695" lon="4.81178">
        <ele>135.9</ele>
      </trkpt>
      <trkpt lat="45.27659" lon="4.81178">
        <ele>135.5</ele>
      </trkpt>
      <trkpt lat="45.27607" lon="4.81177">
        <ele>134.4</ele>
      </trkpt>
      <trkpt lat="45.27556" lon="4.81176">
        <ele>134.4</ele>
      </trkpt>
      <trkpt lat="45.27537" lon="4.81179">
        <ele>135.0</ele>
      </trkpt>
      <trkpt lat="45.27518" lon="4.81173">
        <ele>135.0</ele>
      </trkpt>
      <trkpt lat="45.27484" lon="4.8117">
        <ele>135.4</ele>
      </trkpt>
      <trkpt lat="45.27476" lon="4.81172">
        <ele>135.6</ele>
      </trkpt>
      <trkpt lat="45.2745" lon="4.81173">
        <ele>136.0</ele>
      </trkpt>
      <trkpt lat="45.27409" lon="4.81171">
        <ele>136.2</ele>
      </trkpt>
      <trkpt lat="45.27362" lon="4.81174">
        <ele>135.8</ele>
      </trkpt>
      <trkpt lat="45.27309" lon="4.81179">
        <ele>135.8</ele>
      </trkpt>
      <trkpt lat="45.27256" lon="4.81184">
        <ele>136.1</ele>
      </trkpt>
      <trkpt lat="45.272" lon="4.81187">
        <ele>136.1</ele>
      </trkpt>
      <trkpt lat="45.2719" lon="4.81188">
        <ele>136.1</ele>
      </trkpt>
      <trkpt lat="45.27175" lon="4.81186">
        <ele>136.0</ele>
      </trkpt>
      <trkpt lat="45.27173" lon="4.81186">
        <ele>136.0</ele>
      </trkpt>
      <trkpt lat="45.27172" lon="4.81191">
        <ele>136.2</ele>
      </trkpt>
      <trkpt lat="45.27159" lon="4.81189">
        <ele>135.9</ele>
      </trkpt>
      <trkpt lat="45.27133" lon="4.81187">
        <ele>135.1</ele>
      </trkpt>
      <trkpt lat="45.27076" lon="4.81196">
        <ele>133.8</ele>
      </trkpt>
      <trkpt lat="45.27036" lon="4.81199">
        <ele>132.6</ele>
      </trkpt>
      <trkpt lat="45.27015" lon="4.81199">
        <ele>131.9</ele>
      </trkpt>
      <trkpt lat="45.27006" lon="4.81198">
        <ele>131.6</ele>
      </trkpt>
      <trkpt lat="45.26986" lon="4.81192">
        <ele>131.4</ele>
      </trkpt>
      <trkpt lat="45.26978" lon="4.81192">
        <ele>131.5</ele>
      </trkpt>
      <trkpt lat="45.26971" lon="4.81196">
        <ele>131.6</ele>
      </trkpt>
      <trkpt lat="45.26969" lon="4.812">
        <ele>131.6</ele>
      </trkpt>
      <trkpt lat="45.26955" lon="4.81197">
        <ele>131.7</ele>
      </trkpt>
      <trkpt lat="45.26927" lon="4.81196">
        <ele>131.9</ele>
      </trkpt>
      <trkpt lat="45.26884" lon="4.812">
        <ele>132.5</ele>
      </trkpt>
      <trkpt lat="45.26833" lon="4.81209">
        <ele>133.0</ele>
      </trkpt>
      <trkpt lat="45.26783" lon="4.81218">
        <ele>132.5</ele>
      </trkpt>
      <trkpt lat="45.26751" lon="4.81224">
        <ele>132.3</ele>
      </trkpt>
      <trkpt lat="45.2673" lon="4.81229">
        <ele>132.2</ele>
      </trkpt>
      <trkpt lat="45.26715" lon="4.81236">
        <ele>132.1</ele>
      </trkpt>
      <trkpt lat="45.26654" lon="4.81268">
        <ele>132.0</ele>
      </trkpt>
      <trkpt lat="45.26641" lon="4.81273">
        <ele>132.1</ele>
      </trkpt>
      <trkpt lat="45.26636" lon="4.81273">
        <ele>132.1</ele>
      </trkpt>
      <trkpt lat="45.26628" lon="4.81273">
        <ele>132.1</ele>
      </trkpt>
      <trkpt lat="45.2662" lon="4.81274">
        <ele>132.2</ele>
      </trkpt>
      <trkpt lat="45.26604" lon="4.81271">
        <ele>132.2</ele>
      </trkpt>
      <trkpt lat="45.26589" lon="4.81265">
        <ele>132.2</ele>
      </trkpt>
      <trkpt lat="45.26556" lon="4.81247">
        <ele>132.3</ele>
      </trkpt>
      <trkpt lat="45.26541" lon="4.81241">
        <ele>132.5</ele>
      </trkpt>
      <trkpt lat="45.26507" lon="4.81234">
        <ele>132.7</ele>
      </trkpt>
      <trkpt lat="45.26421" lon="4.81222">
        <ele>132.7</ele>
      </trkpt>
      <trkpt lat="45.26388" lon="4.81222">
        <ele>132.4</ele>
      </trkpt>
      <trkpt lat="45.26339" lon="4.81226">
        <ele>132.0</ele>
      </trkpt>
      <trkpt lat="45.26283" lon="4.81218">
        <ele>132.0</ele>
      </trkpt>
      <trkpt lat="45.26228" lon="4.8121">
        <ele>132.1</ele>
      </trkpt>
      <trkpt lat="45.2619" lon="4.81196">
        <ele>132.5</ele>
      </trkpt>
      <trkpt lat="45.26128" lon="4.8118">
        <ele>132.5</ele>
      </trkpt>
      <trkpt lat="45.26066" lon="4.81163">
        <ele>133.1</ele>
      </trkpt>
      <trkpt lat="45.26038" lon="4.81154">
        <ele>134.6</ele>
      </trkpt>
      <trkpt lat="45.25981" lon="4.81122">
        <ele>135.0</ele>
      </trkpt>
      <trkpt lat="45.25936" lon="4.81099">
        <ele>133.5</ele>
      </trkpt>
      <trkpt lat="45.25891" lon="4.81077">
        <ele>132.9</ele>
      </trkpt>
      <trkpt lat="45.25847" lon="4.81061">
        <ele>132.7</ele>
      </trkpt>
      <trkpt lat="45.25807" lon="4.81043">
        <ele>132.3</ele>
      </trkpt>
      <trkpt lat="45.25758" lon="4.81027">
        <ele>132.0</ele>
      </trkpt>
      <trkpt lat="45.25705" lon="4.80994">
        <ele>131.9</ele>
      </trkpt>
      <trkpt lat="45.25665" lon="4.80974">
        <ele>131.7</ele>
      </trkpt>
      <trkpt lat="45.25608" lon="4.80952">
        <ele>131.5</ele>
      </trkpt>
      <trkpt lat="45.25551" lon="4.8093">
        <ele>131.1</ele>
      </trkpt>
      <trkpt lat="45.25508" lon="4.80912">
        <ele>130.3</ele>
      </trkpt>
      <trkpt lat="45.25482" lon="4.80905">
        <ele>130.8</ele>
      </trkpt>
      <trkpt lat="45.25442" lon="4.80901">
        <ele>131.8</ele>
      </trkpt>
      <trkpt lat="45.25434" lon="4.809">
        <ele>132.0</ele>
      </trkpt>
      <trkpt lat="45.2542" lon="4.809">
        <ele>132.3</ele>
      </trkpt>
      <trkpt lat="45.2541" lon="4.80898">
        <ele>132.4</ele>
      </trkpt>
      <trkpt lat="45.25389" lon="4.8089">
        <ele>132.3</ele>
      </trkpt>
      <trkpt lat="45.25381" lon="4.80888">
        <ele>132.3</ele>
      </trkpt>
      <trkpt lat="45.25372" lon="4.8089">
        <ele>132.4</ele>
      </trkpt>
      <trkpt lat="45.25368" lon="4.80893">
        <ele>132.6</ele>
      </trkpt>
      <trkpt lat="45.25365" lon="4.809">
        <ele>132.9</ele>
      </trkpt>
      <trkpt lat="45.25357" lon="4.80919">
        <ele>133.8</ele>
      </trkpt>
      <trkpt lat="45.25349" lon="4.8093">
        <ele>134.5</ele>
      </trkpt>
      <trkpt lat="45.25331" lon="4.80945">
        <ele>135.8</ele>
      </trkpt>
      <trkpt lat="45.25317" lon="4.80952">
        <ele>136.5</ele>
      </trkpt>
      <trkpt lat="45.25274" lon="4.80964">
        <ele>137.7</ele>
      </trkpt>
      <trkpt lat="45.25255" lon="4.80965">
        <ele>138.1</ele>
      </trkpt>
      <trkpt lat="45.25228" lon="4.80967">
        <ele>137.9</ele>
      </trkpt>
      <trkpt lat="45.25221" lon="4.80971">
        <ele>137.8</ele>
      </trkpt>
      <trkpt lat="45.25216" lon="4.8098">
        <ele>137.9</ele>
      </trkpt>
      <trkpt lat="45.25214" lon="4.8099">
        <ele>138.0</ele>
      </trkpt>
      <trkpt lat="45.25212" lon="4.81038">
        <ele>138.8</ele>
      </trkpt>
      <trkpt lat="45.25206" lon="4.81055">
        <ele>138.9</ele>
      </trkpt>
      <trkpt lat="45.25195" lon="4.8107">
        <ele>138.8</ele>
      </trkpt>
      <trkpt lat="45.25165" lon="4.81097">
        <ele>137.6</ele>
      </trkpt>
      <trkpt lat="45.25153" lon="4.81112">
        <ele>137.2</ele>
      </trkpt>
      <trkpt lat="45.25124" lon="4.81086">
        <ele>137.0</ele>
      </trkpt>
      <trkpt lat="45.25076" lon="4.81047">
        <ele>136.0</ele>
      </trkpt>
      <trkpt lat="45.25029" lon="4.81012">
        <ele>136.6</ele>
      </trkpt>
      <trkpt lat="45.24982" lon="4.80977">
        <ele>136.8</ele>
      </trkpt>
      <trkpt lat="45.24966" lon="4.80957">
        <ele>136.8</ele>
      </trkpt>
      <trkpt lat="45.24918" lon="4.80925">
        <ele>136.9</ele>
      </trkpt>
      <trkpt lat="45.24871" lon="4.80893">
        <ele>136.3</ele>
      </trkpt>
      <trkpt lat="45.24824" lon="4.80859">
        <ele>136.0</ele>
      </trkpt>
      <trkpt lat="45.24777" lon="4.80825">
        <ele>136.0</ele>
      </trkpt>
      <trkpt lat="45.24711" lon="4.80775">
        <ele>135.8</ele>
      </trkpt>
      <trkpt lat="45.24645" lon="4.80725">
        <ele>136.5</ele>
      </trkpt>
      <trkpt lat="45.24579" lon="4.80676">
        <ele>137.1</ele>
      </trkpt>
      <trkpt lat="45.24557" lon="4.80662">
        <ele>137.3</ele>
      </trkpt>
      <trkpt lat="45.24469" lon="4.80635">
        <ele>138.5</ele>
      </trkpt>
      <trkpt lat="45.24382" lon="4.80609">
        <ele>138.8</ele>
      </trkpt>
      <trkpt lat="45.24295" lon="4.80583">
        <ele>137.0</ele>
      </trkpt>
      <trkpt lat="45.2422" lon="4.80557">
        <ele>136.9</ele>
      </trkpt>
      <trkpt lat="45.24213" lon="4.80556">
        <ele>136.9</ele>
      </trkpt>
      <trkpt lat="45.24149" lon="4.80551">
        <ele>136.7</ele>
      </trkpt>
      <trkpt lat="45.24093" lon="4.8055">
        <ele>137.0</ele>
      </trkpt>
      <trkpt lat="45.24037" lon="4.80549">
        <ele>135.9</ele>
      </trkpt>
      <trkpt lat="45.23985" lon="4.8055">
        <ele>134.7</ele>
      </trkpt>
      <trkpt lat="45.23975" lon="4.80553">
        <ele>134.5</ele>
      </trkpt>
      <trkpt lat="45.23968" lon="4.80559">
        <ele>134.3</ele>
      </trkpt>
      <trkpt lat="45.23954" lon="4.80575">
        <ele>133.9</ele>
      </trkpt>
      <trkpt lat="45.23913" lon="4.80627">
        <ele>132.4</ele>
      </trkpt>
      <trkpt lat="45.23904" lon="4.80635">
        <ele>132.0</ele>
      </trkpt>
      <trkpt lat="45.23885" lon="4.80646">
        <ele>131.4</ele>
      </trkpt>
      <trkpt lat="45.23874" lon="4.80652">
        <ele>131.1</ele>
      </trkpt>
      <trkpt lat="45.23853" lon="4.80659">
        <ele>130.5</ele>
      </trkpt>
      <trkpt lat="45.23849" lon="4.80648">
        <ele>130.4</ele>
      </trkpt>
      <trkpt lat="45.23839" lon="4.80637">
        <ele>130.2</ele>
      </trkpt>
      <trkpt lat="45.23794" lon="4.80593">
        <ele>130.5</ele>
      </trkpt>
      <trkpt lat="45.23749" lon="4.80548">
        <ele>131.0</ele>
      </trkpt>
      <trkpt lat="45.23702" lon="4.8052">
        <ele>131.0</ele>
      </trkpt>
      <trkpt lat="45.23617" lon="4.80491">
        <ele>131.4</ele>
      </trkpt>
      <trkpt lat="45.23543" lon="4.80474">
        <ele>131.1</ele>
      </trkpt>
      <trkpt lat="45.23469" lon="4.80457">
        <ele>130.0</ele>
      </trkpt>
      <trkpt lat="45.23395" lon="4.80439">
        <ele>129.9</ele>
      </trkpt>
      <trkpt lat="45.23322" lon="4.80422">
        <ele>130.4</ele>
      </trkpt>
      <trkpt lat="45.23291" lon="4.80424">
        <ele>131.5</ele>
      </trkpt>
      <trkpt lat="45.23262" lon="4.80436">
        <ele>132.7</ele>
      </trkpt>
      <trkpt lat="45.23193" lon="4.80433">
        <ele>132.9</ele>
      </trkpt>
      <trkpt lat="45.23124" lon="4.8043">
        <ele>131.9</ele>
      </trkpt>
      <trkpt lat="45.23081" lon="4.8042">
        <ele>131.1</ele>
      </trkpt>
      <trkpt lat="45.23064" lon="4.80426">
        <ele>131.3</ele>
      </trkpt>
      <trkpt lat="45.23024" lon="4.80409">
        <ele>131.5</ele>
      </trkpt>
      <trkpt lat="45.2297" lon="4.80407">
        <ele>131.6</ele>
      </trkpt>
      <trkpt lat="45.22916" lon="4.80404">
        <ele>131.5</ele>
      </trkpt>
      <trkpt lat="45.22833" lon="4.80413">
        <ele>130.9</ele>
      </trkpt>
      <trkpt lat="45.22745" lon="4.80441">
        <ele>132.2</ele>
      </trkpt>
      <trkpt lat="45.22672" lon="4.80469">
        <ele>129.8</ele>
      </trkpt>
      <trkpt lat="45.22599" lon="4.80498">
        <ele>130.0</ele>
      </trkpt>
      <trkpt lat="45.22546" lon="4.80531">
        <ele>129.1</ele>
      </trkpt>
      <trkpt lat="45.22472" lon="4.8057">
        <ele>127.7</ele>
      </trkpt>
      <trkpt lat="45.22398" lon="4.80609">
        <ele>127.9</ele>
      </trkpt>
      <trkpt lat="45.22324" lon="4.80649">
        <ele>129.3</ele>
      </trkpt>
      <trkpt lat="45.22267" lon="4.80676">
        <ele>127.7</ele>
      </trkpt>
      <trkpt lat="45.22211" lon="4.80702">
        <ele>127.7</ele>
      </trkpt>
      <trkpt lat="45.22141" lon="4.80734">
        <ele>127.8</ele>
      </trkpt>
      <trkpt lat="45.22092" lon="4.80758">
        <ele>127.2</ele>
      </trkpt>
      <trkpt lat="45.22042" lon="4.80783">
        <ele>127.2</ele>
      </trkpt>
      <trkpt lat="45.22018" lon="4.80788">
        <ele>127.1</ele>
      </trkpt>
      <trkpt lat="45.21951" lon="4.80812">
        <ele>127.9</ele>
      </trkpt>
      <trkpt lat="45.21933" lon="4.80816">
        <ele>128.3</ele>
      </trkpt>
      <trkpt lat="45.21911" lon="4.80829">
        <ele>129.1</ele>
      </trkpt>
      <trkpt lat="45.21898" lon="4.80845">
        <ele>129.6</ele>
      </trkpt>
      <trkpt lat="45.21893" lon="4.80846">
        <ele>129.8</ele>
      </trkpt>
      <trkpt lat="45.21883" lon="4.80844">
        <ele>130.2</ele>
      </trkpt>
      <trkpt lat="45.21863" lon="4.80843">
        <ele>131.0</ele>
      </trkpt>
      <trkpt lat="45.2178" lon="4.80863">
        <ele>131.5</ele>
      </trkpt>
      <trkpt lat="45.21698" lon="4.80883">
        <ele>131.0</ele>
      </trkpt>
      <trkpt lat="45.21648" lon="4.80894">
        <ele>131.2</ele>
      </trkpt>
      <trkpt lat="45.21599" lon="4.80904">
        <ele>131.4</ele>
      </trkpt>
      <trkpt lat="45.21564" lon="4.80914">
        <ele>131.6</ele>
      </trkpt>
      <trkpt lat="45.2154" lon="4.80918">
        <ele>131.6</ele>
      </trkpt>
      <trkpt lat="45.21502" lon="4.80923">
        <ele>131.5</ele>
      </trkpt>
      <trkpt lat="45.21452" lon="4.8094">
        <ele>132.0</ele>
      </trkpt>
      <trkpt lat="45.21393" lon="4.80955">
        <ele>130.9</ele>
      </trkpt>
      <trkpt lat="45.21351" lon="4.80968">
        <ele>129.6</ele>
      </trkpt>
      <trkpt lat="45.2131" lon="4.80978">
        <ele>129.2</ele>
      </trkpt>
      <trkpt lat="45.21258" lon="4.80988">
        <ele>129.6</ele>
      </trkpt>
      <trkpt lat="45.21216" lon="4.81003">
        <ele>129.3</ele>
      </trkpt>
      <trkpt lat="45.21158" lon="4.81026">
        <ele>129.2</ele>
      </trkpt>
      <trkpt lat="45.21077" lon="4.81066">
        <ele>131.4</ele>
      </trkpt>
      <trkpt lat="45.20995" lon="4.81106">
        <ele>127.8</ele>
      </trkpt>
      <trkpt lat="45.20949" lon="4.81133">
        <ele>128.8</ele>
      </trkpt>
      <trkpt lat="45.20902" lon="4.81161">
        <ele>130.0</ele>
      </trkpt>
      <trkpt lat="45.20848" lon="4.8122">
        <ele>129.5</ele>
      </trkpt>
      <trkpt lat="45.20785" lon="4.81257">
        <ele>128.1</ele>
      </trkpt>
      <trkpt lat="45.2072" lon="4.81282">
        <ele>128.2</ele>
      </trkpt>
      <trkpt lat="45.20639" lon="4.81328">
        <ele>129.2</ele>
      </trkpt>
      <trkpt lat="45.20613" lon="4.81351">
        <ele>129.9</ele>
      </trkpt>
      <trkpt lat="45.2057" lon="4.81358">
        <ele>129.9</ele>
      </trkpt>
      <trkpt lat="45.20562" lon="4.81385">
        <ele>130.2</ele>
      </trkpt>
      <trkpt lat="45.20503" lon="4.81389">
        <ele>129.1</ele>
      </trkpt>
      <trkpt lat="45.20443" lon="4.81393">
        <ele>129.6</ele>
      </trkpt>
      <trkpt lat="45.2039" lon="4.81392">
        <ele>129.6</ele>
      </trkpt>
      <trkpt lat="45.20336" lon="4.81392">
        <ele>129.1</ele>
      </trkpt>
      <trkpt lat="45.20312" lon="4.81384">
        <ele>129.4</ele>
      </trkpt>
      <trkpt lat="45.20285" lon="4.81371">
        <ele>129.8</ele>
      </trkpt>
      <trkpt lat="45.20256" lon="4.81348">
        <ele>130.2</ele>
      </trkpt>
      <trkpt lat="45.20233" lon="4.81339">
        <ele>130.4</ele>
      </trkpt>
      <trkpt lat="45.20217" lon="4.81328">
        <ele>130.2</ele>
      </trkpt>
      <trkpt lat="45.20183" lon="4.81297">
        <ele>129.2</ele>
      </trkpt>
      <trkpt lat="45.20162" lon="4.81269">
        <ele>128.8</ele>
      </trkpt>
      <trkpt lat="45.20125" lon="4.81215">
        <ele>134.2</ele>
      </trkpt>
      <trkpt lat="45.20101" lon="4.81185">
        <ele>136.6</ele>
      </trkpt>
      <trkpt lat="45.20063" lon="4.81111">
        <ele>133.7</ele>
      </trkpt>
      <trkpt lat="45.20021" lon="4.81024">
        <ele>130.0</ele>
      </trkpt>
      <trkpt lat="45.19994" lon="4.80975">
        <ele>127.9</ele>
      </trkpt>
      <trkpt lat="45.19964" lon="4.80929">
        <ele>130.8</ele>
      </trkpt>
      <trkpt lat="45.19933" lon="4.80889">
        <ele>131.3</ele>
      </trkpt>
      <trkpt lat="45.19904" lon="4.80861">
        <ele>130.6</ele>
      </trkpt>
      <trkpt lat="45.19891" lon="4.80844">
        <ele>130.1</ele>
      </trkpt>
      <trkpt lat="45.1987" lon="4.80814">
        <ele>130.0</ele>
      </trkpt>
      <trkpt lat="45.19851" lon="4.80799">
        <ele>130.3</ele>
      </trkpt>
      <trkpt lat="45.19803" lon="4.80785">
        <ele>130.6</ele>
      </trkpt>
      <trkpt lat="45.19766" lon="4.80785">
        <ele>131.3</ele>
      </trkpt>
      <trkpt lat="45.19742" lon="4.80782">
        <ele>131.0</ele>
      </trkpt>
      <trkpt lat="45.1972" lon="4.80772">
        <ele>129.5</ele>
      </trkpt>
      <trkpt lat="45.19652" lon="4.80766">
        <ele>128.5</ele>
      </trkpt>
      <trkpt lat="45.19623" lon="4.80763">
        <ele>128.7</ele>
      </trkpt>
      <trkpt lat="45.19608" lon="4.80763">
        <ele>128.8</ele>
      </trkpt>
      <trkpt lat="45.19576" lon="4.80763">
        <ele>129.1</ele>
      </trkpt>
      <trkpt lat="45.19506" lon="4.80767">
        <ele>129.0</ele>
      </trkpt>
      <trkpt lat="45.19481" lon="4.80755">
        <ele>129.2</ele>
      </trkpt>
      <trkpt lat="45.19473" lon="4.80755">
        <ele>129.3</ele>
      </trkpt>
      <trkpt lat="45.19428" lon="4.80764">
        <ele>130.0</ele>
      </trkpt>
      <trkpt lat="45.1938" lon="4.80781">
        <ele>129.2</ele>
      </trkpt>
      <trkpt lat="45.19329" lon="4.80802">
        <ele>128.2</ele>
      </trkpt>
      <trkpt lat="45.19257" lon="4.80852">
        <ele>128.5</ele>
      </trkpt>
      <trkpt lat="45.19185" lon="4.80902">
        <ele>130.1</ele>
      </trkpt>
      <trkpt lat="45.19113" lon="4.80951">
        <ele>129.8</ele>
      </trkpt>
      <trkpt lat="45.1904" lon="4.81001">
        <ele>131.0</ele>
      </trkpt>
      <trkpt lat="45.18968" lon="4.81051">
        <ele>129.6</ele>
      </trkpt>
      <trkpt lat="45.18896" lon="4.81101">
        <ele>129.4</ele>
      </trkpt>
      <trkpt lat="45.18854" lon="4.81126">
        <ele>128.9</ele>
      </trkpt>
      <trkpt lat="45.18813" lon="4.81152">
        <ele>128.9</ele>
      </trkpt>
      <trkpt lat="45.18754" lon="4.81183">
        <ele>128.3</ele>
      </trkpt>
      <trkpt lat="45.18696" lon="4.81215">
        <ele>130.5</ele>
      </trkpt>
      <trkpt lat="45.18675" lon="4.81227">
        <ele>131.4</ele>
      </trkpt>
      <trkpt lat="45.18671" lon="4.81234">
        <ele>131.9</ele>
      </trkpt>
      <trkpt lat="45.18671" lon="4.8124">
        <ele>132.3</ele>
      </trkpt>
      <trkpt lat="45.1862" lon="4.81264">
        <ele>130.6</ele>
      </trkpt>
      <trkpt lat="45.18574" lon="4.81288">
        <ele>130.6</ele>
      </trkpt>
      <trkpt lat="45.18529" lon="4.81312">
        <ele>132.4</ele>
      </trkpt>
      <trkpt lat="45.18449" lon="4.81362">
        <ele>131.9</ele>
      </trkpt>
      <trkpt lat="45.18458" lon="4.81384">
        <ele>134.1</ele>
      </trkpt>
      <trkpt lat="45.18457" lon="4.81388">
        <ele>134.4</ele>
      </trkpt>
      <trkpt lat="45.18445" lon="4.81381">
        <ele>133.2</ele>
      </trkpt>
      <trkpt lat="45.18445" lon="4.81376">
        <ele>132.8</ele>
      </trkpt>
      <trkpt lat="45.18443" lon="4.81372">
        <ele>132.3</ele>
      </trkpt>
      <trkpt lat="45.18441" lon="4.81368">
        <ele>131.9</ele>
      </trkpt>
      <trkpt lat="45.18439" lon="4.81362">
        <ele>131.3</ele>
      </trkpt>
      <trkpt lat="45.18435" lon="4.81347">
        <ele>129.7</ele>
      </trkpt>
      <trkpt lat="45.18421" lon="4.81276">
        <ele>127.1</ele>
      </trkpt>
      <trkpt lat="45.18408" lon="4.81205">
        <ele>127.0</ele>
      </trkpt>
      <trkpt lat="45.18393" lon="4.81126">
        <ele>127.8</ele>
      </trkpt>
      <trkpt lat="45.18378" lon="4.81048">
        <ele>130.7</ele>
      </trkpt>
      <trkpt lat="45.18372" lon="4.81012">
        <ele>131.8</ele>
      </trkpt>
      <trkpt lat="45.18367" lon="4.8098">
        <ele>131.7</ele>
      </trkpt>
      <trkpt lat="45.18366" lon="4.80944">
        <ele>130.9</ele>
      </trkpt>
      <trkpt lat="45.18365" lon="4.80929">
        <ele>130.5</ele>
      </trkpt>
      <trkpt lat="45.18367" lon="4.809">
        <ele>130.0</ele>
      </trkpt>
      <trkpt lat="45.18373" lon="4.80852">
        <ele>129.2</ele>
      </trkpt>
      <trkpt lat="45.18362" lon="4.80865">
        <ele>129.5</ele>
      </trkpt>
      <trkpt lat="45.18341" lon="4.80916">
        <ele>130.8</ele>
      </trkpt>
      <trkpt lat="45.18309" lon="4.80987">
        <ele>131.8</ele>
      </trkpt>
      <trkpt lat="45.18299" lon="4.8102">
        <ele>132.0</ele>
      </trkpt>
      <trkpt lat="45.18297" lon="4.81059">
        <ele>132.3</ele>
      </trkpt>
      <trkpt lat="45.18303" lon="4.81117">
        <ele>130.4</ele>
      </trkpt>
      <trkpt lat="45.18276" lon="4.8112">
        <ele>130.0</ele>
      </trkpt>
      <trkpt lat="45.18202" lon="4.8112">
        <ele>128.8</ele>
      </trkpt>
      <trkpt lat="45.1815" lon="4.81114">
        <ele>128.6</ele>
      </trkpt>
      <trkpt lat="45.18099" lon="4.81103">
        <ele>130.4</ele>
      </trkpt>
      <trkpt lat="45.18053" lon="4.81089">
        <ele>130.0</ele>
      </trkpt>
      <trkpt lat="45.17993" lon="4.81069">
        <ele>127.2</ele>
      </trkpt>
      <trkpt lat="45.1796" lon="4.81054">
        <ele>127.4</ele>
      </trkpt>
      <trkpt lat="45.1792" lon="4.81034">
        <ele>127.6</ele>
      </trkpt>
      <trkpt lat="45.17881" lon="4.81011">
        <ele>127.5</ele>
      </trkpt>
      <trkpt lat="45.17816" lon="4.80976">
        <ele>126.7</ele>
      </trkpt>
      <trkpt lat="45.17751" lon="4.80941">
        <ele>128.4</ele>
      </trkpt>
      <trkpt lat="45.17668" lon="4.80896">
        <ele>129.2</ele>
      </trkpt>
      <trkpt lat="45.17586" lon="4.80851">
        <ele>130.1</ele>
      </trkpt>
      <trkpt lat="45.17504" lon="4.80806">
        <ele>130.0</ele>
      </trkpt>
      <trkpt lat="45.17439" lon="4.80772">
        <ele>129.1</ele>
      </trkpt>
      <trkpt lat="45.17406" lon="4.80753">
        <ele>129.8</ele>
      </trkpt>
      <trkpt lat="45.17381" lon="4.80739">
        <ele>129.6</ele>
      </trkpt>
      <trkpt lat="45.17322" lon="4.8071">
        <ele>129.0</ele>
      </trkpt>
      <trkpt lat="45.17262" lon="4.80681">
        <ele>130.1</ele>
      </trkpt>
      <trkpt lat="45.1721" lon="4.8066">
        <ele>129.8</ele>
      </trkpt>
      <trkpt lat="45.17157" lon="4.80643">
        <ele>129.6</ele>
      </trkpt>
      <trkpt lat="45.17103" lon="4.80631">
        <ele>131.3</ele>
      </trkpt>
      <trkpt lat="45.17055" lon="4.80624">
        <ele>132.1</ele>
      </trkpt>
      <trkpt lat="45.17031" lon="4.80619">
        <ele>132.6</ele>
      </trkpt>
      <trkpt lat="45.16991" lon="4.80615">
        <ele>133.5</ele>
      </trkpt>
      <trkpt lat="45.16975" lon="4.80617">
        <ele>133.8</ele>
      </trkpt>
      <trkpt lat="45.16961" lon="4.80625">
        <ele>133.1</ele>
      </trkpt>
      <trkpt lat="45.16946" lon="4.80629">
        <ele>132.9</ele>
      </trkpt>
      <trkpt lat="45.16932" lon="4.80627">
        <ele>133.7</ele>
      </trkpt>
      <trkpt lat="45.16925" lon="4.80624">
        <ele>134.4</ele>
      </trkpt>
      <trkpt lat="45.16918" lon="4.80623">
        <ele>134.8</ele>
      </trkpt>
      <trkpt lat="45.16915" lon="4.80624">
        <ele>134.8</ele>
      </trkpt>
      <trkpt lat="45.16895" lon="4.80638">
        <ele>134.2</ele>
      </trkpt>
      <trkpt lat="45.16879" lon="4.80644">
        <ele>134.7</ele>
      </trkpt>
      <trkpt lat="45.16878" lon="4.80643">
        <ele>135.0</ele>
      </trkpt>
      <trkpt lat="45.16877" lon="4.80641">
        <ele>135.3</ele>
      </trkpt>
      <trkpt lat="45.16878" lon="4.80638">
        <ele>135.6</ele>
      </trkpt>
      <trkpt lat="45.16905" lon="4.80612">
        <ele>137.5</ele>
      </trkpt>
      <trkpt lat="45.16907" lon="4.8061">
        <ele>137.8</ele>
      </trkpt>
      <trkpt lat="45.16907" lon="4.80608">
        <ele>138.2</ele>
      </trkpt>
      <trkpt lat="45.16905" lon="4.80606">
        <ele>138.6</ele>
      </trkpt>
      <trkpt lat="45.16903" lon="4.80607">
        <ele>138.6</ele>
      </trkpt>
      <trkpt lat="45.16867" lon="4.80637">
        <ele>136.9</ele>
      </trkpt>
      <trkpt lat="45.16849" lon="4.80648">
        <ele>137.1</ele>
      </trkpt>
      <trkpt lat="45.16842" lon="4.80649">
        <ele>137.8</ele>
      </trkpt>
      <trkpt lat="45.16835" lon="4.80654">
        <ele>138.0</ele>
      </trkpt>
      <trkpt lat="45.16805" lon="4.80666">
        <ele>138.7</ele>
      </trkpt>
      <trkpt lat="45.16797" lon="4.80675">
        <ele>138.0</ele>
      </trkpt>
      <trkpt lat="45.16787" lon="4.8068">
        <ele>137.7</ele>
      </trkpt>
      <trkpt lat="45.16761" lon="4.80694">
        <ele>136.7</ele>
      </trkpt>
      <trkpt lat="45.16741" lon="4.80698">
        <ele>137.6</ele>
      </trkpt>
      <trkpt lat="45.16724" lon="4.80709">
        <ele>138.3</ele>
      </trkpt>
      <trkpt lat="45.16649" lon="4.80764">
        <ele>140.4</ele>
      </trkpt>
      <trkpt lat="45.16645" lon="4.80768">
        <ele>140.2</ele>
      </trkpt>
      <trkpt lat="45.16642" lon="4.80773">
        <ele>139.8</ele>
      </trkpt>
      <trkpt lat="45.16641" lon="4.80777">
        <ele>139.1</ele>
      </trkpt>
      <trkpt lat="45.16637" lon="4.80782">
        <ele>138.6</ele>
      </trkpt>
      <trkpt lat="45.16633" lon="4.80784">
        <ele>138.8</ele>
      </trkpt>
      <trkpt lat="45.16626" lon="4.80784">
        <ele>139.6</ele>
      </trkpt>
      <trkpt lat="45.16621" lon="4.80785">
        <ele>139.8</ele>
      </trkpt>
      <trkpt lat="45.16617" lon="4.80788">
        <ele>139.7</ele>
      </trkpt>
      <trkpt lat="45.16573" lon="4.8082">
        <ele>138.3</ele>
      </trkpt>
      <trkpt lat="45.16518" lon="4.80859">
        <ele>139.3</ele>
      </trkpt>
      <trkpt lat="45.16463" lon="4.80898">
        <ele>138.6</ele>
      </trkpt>
      <trkpt lat="45.16408" lon="4.80936">
        <ele>136.1</ele>
      </trkpt>
      <trkpt lat="45.16361" lon="4.80963">
        <ele>137.4</ele>
      </trkpt>
      <trkpt lat="45.16315" lon="4.80989">
        <ele>138.1</ele>
      </trkpt>
      <trkpt lat="45.16301" lon="4.80998">
        <ele>137.8</ele>
      </trkpt>
      <trkpt lat="45.16283" lon="4.81021">
        <ele>136.3</ele>
      </trkpt>
      <trkpt lat="45.1625" lon="4.81049">
        <ele>135.3</ele>
      </trkpt>
      <trkpt lat="45.16238" lon="4.81061">
        <ele>135.0</ele>
      </trkpt>
      <trkpt lat="45.16225" lon="4.81082">
        <ele>133.9</ele>
      </trkpt>
      <trkpt lat="45.16216" lon="4.81094">
        <ele>133.9</ele>
      </trkpt>
      <trkpt lat="45.16205" lon="4.81102">
        <ele>134.3</ele>
      </trkpt>
      <trkpt lat="45.16194" lon="4.81108">
        <ele>134.9</ele>
      </trkpt>
      <trkpt lat="45.16179" lon="4.81111">
        <ele>136.0</ele>
      </trkpt>
      <trkpt lat="45.16158" lon="4.81136">
        <ele>136.5</ele>
      </trkpt>
      <trkpt lat="45.16141" lon="4.81162">
        <ele>136.4</ele>
      </trkpt>
      <trkpt lat="45.16085" lon="4.81253">
        <ele>137.8</ele>
      </trkpt>
      <trkpt lat="45.16046" lon="4.81326">
        <ele>136.5</ele>
      </trkpt>
      <trkpt lat="45.16032" lon="4.81403">
        <ele>132.8</ele>
      </trkpt>
      <trkpt lat="45.16029" lon="4.81415">
        <ele>132.3</ele>
      </trkpt>
      <trkpt lat="45.15986" lon="4.81521">
        <ele>130.5</ele>
      </trkpt>
      <trkpt lat="45.15964" lon="4.81578">
        <ele>129.4</ele>
      </trkpt>
      <trkpt lat="45.15942" lon="4.81635">
        <ele>129.6</ele>
      </trkpt>
      <trkpt lat="45.15922" lon="4.81691">
        <ele>128.7</ele>
      </trkpt>
      <trkpt lat="45.15924" lon="4.81714">
        <ele>127.6</ele>
      </trkpt>
      <trkpt lat="45.15932" lon="4.81752">
        <ele>125.8</ele>
      </trkpt>
      <trkpt lat="45.15935" lon="4.8177">
        <ele>125.8</ele>
      </trkpt>
      <trkpt lat="45.15933" lon="4.81795">
        <ele>125.7</ele>
      </trkpt>
      <trkpt lat="45.15925" lon="4.81843">
        <ele>125.3</ele>
      </trkpt>
      <trkpt lat="45.15912" lon="4.81944">
        <ele>125.4</ele>
      </trkpt>
      <trkpt lat="45.15898" lon="4.82045">
        <ele>127.1</ele>
      </trkpt>
      <trkpt lat="45.15876" lon="4.82148">
        <ele>127.7</ele>
      </trkpt>
      <trkpt lat="45.15849" lon="4.82241">
        <ele>129.9</ele>
      </trkpt>
      <trkpt lat="45.15811" lon="4.82336">
        <ele>129.0</ele>
      </trkpt>
      <trkpt lat="45.1579" lon="4.82377">
        <ele>128.5</ele>
      </trkpt>
      <trkpt lat="45.15743" lon="4.8243">
        <ele>127.4</ele>
      </trkpt>
      <trkpt lat="45.15718" lon="4.82454">
        <ele>127.8</ele>
      </trkpt>
      <trkpt lat="45.15691" lon="4.82474">
        <ele>127.4</ele>
      </trkpt>
      <trkpt lat="45.1564" lon="4.82498">
        <ele>126.4</ele>
      </trkpt>
      <trkpt lat="45.15593" lon="4.82507">
        <ele>126.9</ele>
      </trkpt>
      <trkpt lat="45.15565" lon="4.82511">
        <ele>126.8</ele>
      </trkpt>
      <trkpt lat="45.15538" lon="4.8251">
        <ele>126.5</ele>
      </trkpt>
      <trkpt lat="45.15483" lon="4.82506">
        <ele>126.1</ele>
      </trkpt>
      <trkpt lat="45.15441" lon="4.82495">
        <ele>126.2</ele>
      </trkpt>
      <trkpt lat="45.15397" lon="4.82477">
        <ele>126.9</ele>
      </trkpt>
      <trkpt lat="45.1535" lon="4.82453">
        <ele>127.8</ele>
      </trkpt>
      <trkpt lat="45.15292" lon="4.82406">
        <ele>127.0</ele>
      </trkpt>
      <trkpt lat="45.15234" lon="4.82359">
        <ele>125.9</ele>
      </trkpt>
      <trkpt lat="45.15176" lon="4.82311">
        <ele>123.9</ele>
      </trkpt>
      <trkpt lat="45.15163" lon="4.82297">
        <ele>123.7</ele>
      </trkpt>
      <trkpt lat="45.15129" lon="4.82271">
        <ele>123.9</ele>
      </trkpt>
      <trkpt lat="45.15091" lon="4.82239">
        <ele>123.8</ele>
      </trkpt>
      <trkpt lat="45.15038" lon="4.82197">
        <ele>123.0</ele>
      </trkpt>
      <trkpt lat="45.14987" lon="4.82148">
        <ele>122.8</ele>
      </trkpt>
      <trkpt lat="45.14941" lon="4.82111">
        <ele>123.6</ele>
      </trkpt>
      <trkpt lat="45.14901" lon="4.82075">
        <ele>123.7</ele>
      </trkpt>
      <trkpt lat="45.14861" lon="4.8204">
        <ele>125.0</ele>
      </trkpt>
      <trkpt lat="45.14815" lon="4.81994">
        <ele>125.4</ele>
      </trkpt>
      <trkpt lat="45.14769" lon="4.81949">
        <ele>126.4</ele>
      </trkpt>
      <trkpt lat="45.14701" lon="4.81879">
        <ele>127.8</ele>
      </trkpt>
      <trkpt lat="45.14632" lon="4.81809">
        <ele>128.9</ele>
      </trkpt>
      <trkpt lat="45.14592" lon="4.81769">
        <ele>127.4</ele>
      </trkpt>
      <trkpt lat="45.14551" lon="4.81729">
        <ele>127.1</ele>
      </trkpt>
      <trkpt lat="45.14509" lon="4.81685">
        <ele>126.4</ele>
      </trkpt>
      <trkpt lat="45.14467" lon="4.8164">
        <ele>126.8</ele>
      </trkpt>
      <trkpt lat="45.1441" lon="4.81585">
        <ele>127.1</ele>
      </trkpt>
      <trkpt lat="45.14375" lon="4.81551">
        <ele>126.5</ele>
      </trkpt>
      <trkpt lat="45.14347" lon="4.81521">
        <ele>125.7</ele>
      </trkpt>
      <trkpt lat="45.14311" lon="4.81485">
        <ele>125.5</ele>
      </trkpt>
      <trkpt lat="45.14272" lon="4.81442">
        <ele>124.6</ele>
      </trkpt>
      <trkpt lat="45.14232" lon="4.81399">
        <ele>123.7</ele>
      </trkpt>
      <trkpt lat="45.14197" lon="4.81359">
        <ele>123.8</ele>
      </trkpt>
      <trkpt lat="45.14189" lon="4.81346">
        <ele>123.6</ele>
      </trkpt>
      <trkpt lat="45.14182" lon="4.81317">
        <ele>123.0</ele>
      </trkpt>
      <trkpt lat="45.14171" lon="4.81303">
        <ele>122.7</ele>
      </trkpt>
      <trkpt lat="45.14146" lon="4.81278">
        <ele>123.7</ele>
      </trkpt>
      <trkpt lat="45.14137" lon="4.81254">
        <ele>123.9</ele>
      </trkpt>
      <trkpt lat="45.14129" lon="4.81256">
        <ele>124.3</ele>
      </trkpt>
      <trkpt lat="45.14123" lon="4.81256">
        <ele>124.7</ele>
      </trkpt>
      <trkpt lat="45.14116" lon="4.81251">
        <ele>125.1</ele>
      </trkpt>
      <trkpt lat="45.141" lon="4.81235">
        <ele>126.6</ele>
      </trkpt>
      <trkpt lat="45.1405" lon="4.8117">
        <ele>128.0</ele>
      </trkpt>
      <trkpt lat="45.14" lon="4.81104">
        <ele>127.3</ele>
      </trkpt>
      <trkpt lat="45.13937" lon="4.81014">
        <ele>129.0</ele>
      </trkpt>
      <trkpt lat="45.13886" lon="4.80932">
        <ele>129.0</ele>
      </trkpt>
      <trkpt lat="45.13869" lon="4.80902">
        <ele>128.0</ele>
      </trkpt>
      <trkpt lat="45.13864" lon="4.80883">
        <ele>127.4</ele>
      </trkpt>
      <trkpt lat="45.13864" lon="4.80868">
        <ele>127.3</ele>
      </trkpt>
      <trkpt lat="45.1387" lon="4.80845">
        <ele>127.3</ele>
      </trkpt>
      <trkpt lat="45.13864" lon="4.80842">
        <ele>126.9</ele>
      </trkpt>
      <trkpt lat="45.13853" lon="4.8083">
        <ele>126.2</ele>
      </trkpt>
      <trkpt lat="45.13833" lon="4.80784">
        <ele>125.6</ele>
      </trkpt>
      <trkpt lat="45.13831" lon="4.8076">
        <ele>125.9</ele>
      </trkpt>
      <trkpt lat="45.13825" lon="4.80736">
        <ele>126.0</ele>
      </trkpt>
      <trkpt lat="45.13808" lon="4.80704">
        <ele>125.8</ele>
      </trkpt>
      <trkpt lat="45.13796" lon="4.80682">
        <ele>125.6</ele>
      </trkpt>
      <trkpt lat="45.13783" lon="4.80665">
        <ele>125.4</ele>
      </trkpt>
      <trkpt lat="45.13771" lon="4.80648">
        <ele>125.2</ele>
      </trkpt>
      <trkpt lat="45.13764" lon="4.80641">
        <ele>125.1</ele>
      </trkpt>
      <trkpt lat="45.13758" lon="4.80638">
        <ele>124.9</ele>
      </trkpt>
      <trkpt lat="45.13732" lon="4.8059">
        <ele>123.9</ele>
      </trkpt>
      <trkpt lat="45.137" lon="4.80527">
        <ele>124.3</ele>
      </trkpt>
      <trkpt lat="45.13681" lon="4.80497">
        <ele>124.5</ele>
      </trkpt>
      <trkpt lat="45.13659" lon="4.80468">
        <ele>124.7</ele>
      </trkpt>
      <trkpt lat="45.13622" lon="4.8043">
        <ele>125.1</ele>
      </trkpt>
      <trkpt lat="45.13592" lon="4.80407">
        <ele>126.2</ele>
      </trkpt>
      <trkpt lat="45.13532" lon="4.80364">
        <ele>126.9</ele>
      </trkpt>
      <trkpt lat="45.13516" lon="4.80348">
        <ele>126.7</ele>
      </trkpt>
      <trkpt lat="45.1349" lon="4.80309">
        <ele>128.9</ele>
      </trkpt>
      <trkpt lat="45.13476" lon="4.80301">
        <ele>129.1</ele>
      </trkpt>
      <trkpt lat="45.13456" lon="4.80294">
        <ele>128.7</ele>
      </trkpt>
      <trkpt lat="45.13441" lon="4.80296">
        <ele>127.7</ele>
      </trkpt>
      <trkpt lat="45.13424" lon="4.80296">
        <ele>126.8</ele>
      </trkpt>
      <trkpt lat="45.13387" lon="4.80272">
        <ele>125.8</ele>
      </trkpt>
      <trkpt lat="45.13366" lon="4.80267">
        <ele>125.1</ele>
      </trkpt>
      <trkpt lat="45.13328" lon="4.80269">
        <ele>124.1</ele>
      </trkpt>
      <trkpt lat="45.13289" lon="4.80259">
        <ele>124.5</ele>
      </trkpt>
      <trkpt lat="45.13269" lon="4.80255">
        <ele>124.7</ele>
      </trkpt>
      <trkpt lat="45.13247" lon="4.80254">
        <ele>124.9</ele>
      </trkpt>
      <trkpt lat="45.13201" lon="4.80244">
        <ele>125.8</ele>
      </trkpt>
      <trkpt lat="45.13186" lon="4.80243">
        <ele>125.9</ele>
      </trkpt>
      <trkpt lat="45.13157" lon="4.80249">
        <ele>124.5</ele>
      </trkpt>
      <trkpt lat="45.1314" lon="4.8025">
        <ele>124.8</ele>
      </trkpt>
      <trkpt lat="45.13077" lon="4.80241">
        <ele>128.0</ele>
      </trkpt>
      <trkpt lat="45.13015" lon="4.8023">
        <ele>126.8</ele>
      </trkpt>
      <trkpt lat="45.12952" lon="4.80219">
        <ele>126.0</ele>
      </trkpt>
      <trkpt lat="45.1289" lon="4.80208">
        <ele>125.8</ele>
      </trkpt>
      <trkpt lat="45.12809" lon="4.80177">
        <ele>127.8</ele>
      </trkpt>
      <trkpt lat="45.12788" lon="4.80177">
        <ele>127.7</ele>
      </trkpt>
      <trkpt lat="45.12768" lon="4.80171">
        <ele>127.9</ele>
      </trkpt>
      <trkpt lat="45.12744" lon="4.80167">
        <ele>127.8</ele>
      </trkpt>
      <trkpt lat="45.12709" lon="4.80171">
        <ele>126.8</ele>
      </trkpt>
      <trkpt lat="45.12656" lon="4.80161">
        <ele>126.8</ele>
      </trkpt>
      <trkpt lat="45.12621" lon="4.80152">
        <ele>127.0</ele>
      </trkpt>
      <trkpt lat="45.1257" lon="4.80142">
        <ele>126.1</ele>
      </trkpt>
      <trkpt lat="45.12507" lon="4.8013">
        <ele>125.8</ele>
      </trkpt>
      <trkpt lat="45.12453" lon="4.80117">
        <ele>126.1</ele>
      </trkpt>
      <trkpt lat="45.12431" lon="4.80111">
        <ele>126.2</ele>
      </trkpt>
      <trkpt lat="45.12424" lon="4.80107">
        <ele>126.3</ele>
      </trkpt>
      <trkpt lat="45.12413" lon="4.80103">
        <ele>126.2</ele>
      </trkpt>
      <trkpt lat="45.12385" lon="4.80104">
        <ele>125.9</ele>
      </trkpt>
      <trkpt lat="45.12362" lon="4.80099">
        <ele>125.8</ele>
      </trkpt>
      <trkpt lat="45.12329" lon="4.80094">
        <ele>125.6</ele>
      </trkpt>
      <trkpt lat="45.12303" lon="4.80094">
        <ele>125.7</ele>
      </trkpt>
      <trkpt lat="45.12229" lon="4.80106">
        <ele>125.7</ele>
      </trkpt>
      <trkpt lat="45.12193" lon="4.8012">
        <ele>125.8</ele>
      </trkpt>
      <trkpt lat="45.12153" lon="4.80148">
        <ele>125.2</ele>
      </trkpt>
      <trkpt lat="45.12128" lon="4.80155">
        <ele>124.5</ele>
      </trkpt>
      <trkpt lat="45.12112" lon="4.80161">
        <ele>123.9</ele>
      </trkpt>
      <trkpt lat="45.12096" lon="4.80174">
        <ele>123.2</ele>
      </trkpt>
      <trkpt lat="45.12082" lon="4.80178">
        <ele>122.9</ele>
      </trkpt>
      <trkpt lat="45.12056" lon="4.80293">
        <ele>122.1</ele>
      </trkpt>
      <trkpt lat="45.1205" lon="4.80341">
        <ele>121.8</ele>
      </trkpt>
      <trkpt lat="45.12047" lon="4.80357">
        <ele>122.0</ele>
      </trkpt>
      <trkpt lat="45.12036" lon="4.80385">
        <ele>122.4</ele>
      </trkpt>
      <trkpt lat="45.11997" lon="4.80438">
        <ele>122.7</ele>
      </trkpt>
      <trkpt lat="45.11973" lon="4.80477">
        <ele>122.2</ele>
      </trkpt>
      <trkpt lat="45.11908" lon="4.80552">
        <ele>119.7</ele>
      </trkpt>
      <trkpt lat="45.11862" lon="4.80594">
        <ele>120.3</ele>
      </trkpt>
      <trkpt lat="45.11816" lon="4.80636">
        <ele>122.3</ele>
      </trkpt>
      <trkpt lat="45.11745" lon="4.80685">
        <ele>123.0</ele>
      </trkpt>
      <trkpt lat="45.11674" lon="4.80734">
        <ele>123.2</ele>
      </trkpt>
      <trkpt lat="45.11632" lon="4.80767">
        <ele>122.9</ele>
      </trkpt>
      <trkpt lat="45.1159" lon="4.808">
        <ele>124.0</ele>
      </trkpt>
      <trkpt lat="45.11558" lon="4.80833">
        <ele>124.4</ele>
      </trkpt>
      <trkpt lat="45.11522" lon="4.80865">
        <ele>123.7</ele>
      </trkpt>
      <trkpt lat="45.1145" lon="4.80927">
        <ele>123.6</ele>
      </trkpt>
      <trkpt lat="45.11379" lon="4.80988">
        <ele>124.4</ele>
      </trkpt>
      <trkpt lat="45.11349" lon="4.81033">
        <ele>123.4</ele>
      </trkpt>
      <trkpt lat="45.11338" lon="4.81042">
        <ele>123.1</ele>
      </trkpt>
      <trkpt lat="45.11327" lon="4.81046">
        <ele>123.0</ele>
      </trkpt>
      <trkpt lat="45.11287" lon="4.81065">
        <ele>122.9</ele>
      </trkpt>
      <trkpt lat="45.11248" lon="4.81088">
        <ele>123.1</ele>
      </trkpt>
      <trkpt lat="45.11223" lon="4.81112">
        <ele>123.2</ele>
      </trkpt>
      <trkpt lat="45.112" lon="4.81142">
        <ele>122.6</ele>
      </trkpt>
      <trkpt lat="45.11182" lon="4.81177">
        <ele>121.6</ele>
      </trkpt>
      <trkpt lat="45.11174" lon="4.81198">
        <ele>121.5</ele>
      </trkpt>
      <trkpt lat="45.1116" lon="4.81221">
        <ele>121.6</ele>
      </trkpt>
      <trkpt lat="45.11148" lon="4.81227">
        <ele>121.5</ele>
      </trkpt>
      <trkpt lat="45.11095" lon="4.81237">
        <ele>121.0</ele>
      </trkpt>
      <trkpt lat="45.11042" lon="4.81248">
        <ele>121.0</ele>
      </trkpt>
      <trkpt lat="45.11022" lon="4.81257">
        <ele>121.1</ele>
      </trkpt>
      <trkpt lat="45.11003" lon="4.81272">
        <ele>121.3</ele>
      </trkpt>
      <trkpt lat="45.10962" lon="4.81309">
        <ele>120.9</ele>
      </trkpt>
      <trkpt lat="45.10957" lon="4.81315">
        <ele>120.9</ele>
      </trkpt>
      <trkpt lat="45.10934" lon="4.8135">
        <ele>120.7</ele>
      </trkpt>
      <trkpt lat="45.10897" lon="4.81434">
        <ele>121.0</ele>
      </trkpt>
      <trkpt lat="45.10858" lon="4.81508">
        <ele>121.7</ele>
      </trkpt>
      <trkpt lat="45.10818" lon="4.81583">
        <ele>122.0</ele>
      </trkpt>
      <trkpt lat="45.10784" lon="4.81652">
        <ele>121.3</ele>
      </trkpt>
      <trkpt lat="45.10746" lon="4.81704">
        <ele>122.9</ele>
      </trkpt>
      <trkpt lat="45.10701" lon="4.81747">
        <ele>122.8</ele>
      </trkpt>
      <trkpt lat="45.10657" lon="4.8179">
        <ele>121.0</ele>
      </trkpt>
      <trkpt lat="45.10621" lon="4.81828">
        <ele>121.1</ele>
      </trkpt>
      <trkpt lat="45.10585" lon="4.81866">
        <ele>122.0</ele>
      </trkpt>
      <trkpt lat="45.10551" lon="4.81912">
        <ele>122.0</ele>
      </trkpt>
      <trkpt lat="45.10486" lon="4.8197">
        <ele>122.6</ele>
      </trkpt>
      <trkpt lat="45.10421" lon="4.82029">
        <ele>123.0</ele>
      </trkpt>
      <trkpt lat="45.10374" lon="4.82084">
        <ele>122.0</ele>
      </trkpt>
      <trkpt lat="45.10327" lon="4.8214">
        <ele>123.0</ele>
      </trkpt>
      <trkpt lat="45.10309" lon="4.82155">
        <ele>123.6</ele>
      </trkpt>
      <trkpt lat="45.10286" lon="4.82159">
        <ele>123.7</ele>
      </trkpt>
      <trkpt lat="45.10259" lon="4.82154">
        <ele>123.5</ele>
      </trkpt>
      <trkpt lat="45.10216" lon="4.82153">
        <ele>122.8</ele>
      </trkpt>
      <trkpt lat="45.10212" lon="4.82153">
        <ele>122.7</ele>
      </trkpt>
      <trkpt lat="45.10201" lon="4.82156">
        <ele>122.6</ele>
      </trkpt>
      <trkpt lat="45.10187" lon="4.82164">
        <ele>122.4</ele>
      </trkpt>
      <trkpt lat="45.10183" lon="4.8217">
        <ele>122.5</ele>
      </trkpt>
      <trkpt lat="45.10144" lon="4.82213">
        <ele>122.5</ele>
      </trkpt>
      <trkpt lat="45.10122" lon="4.8223">
        <ele>122.2</ele>
      </trkpt>
      <trkpt lat="45.10079" lon="4.82247">
        <ele>120.9</ele>
      </trkpt>
      <trkpt lat="45.1004" lon="4.82246">
        <ele>120.5</ele>
      </trkpt>
      <trkpt lat="45.10002" lon="4.82237">
        <ele>120.2</ele>
      </trkpt>
      <trkpt lat="45.0997" lon="4.82225">
        <ele>120.2</ele>
      </trkpt>
      <trkpt lat="45.09951" lon="4.82221">
        <ele>120.1</ele>
      </trkpt>
      <trkpt lat="45.0989" lon="4.82223">
        <ele>119.9</ele>
      </trkpt>
      <trkpt lat="45.09828" lon="4.82225">
        <ele>119.8</ele>
      </trkpt>
      <trkpt lat="45.09774" lon="4.82233">
        <ele>120.6</ele>
      </trkpt>
      <trkpt lat="45.0972" lon="4.82241">
        <ele>121.3</ele>
      </trkpt>
      <trkpt lat="45.09633" lon="4.82267">
        <ele>121.9</ele>
      </trkpt>
      <trkpt lat="45.09602" lon="4.8228">
        <ele>121.9</ele>
      </trkpt>
      <trkpt lat="45.09576" lon="4.82296">
        <ele>122.0</ele>
      </trkpt>
      <trkpt lat="45.09488" lon="4.82309">
        <ele>121.5</ele>
      </trkpt>
      <trkpt lat="45.09412" lon="4.8233">
        <ele>122.0</ele>
      </trkpt>
      <trkpt lat="45.09338" lon="4.8233">
        <ele>121.1</ele>
      </trkpt>
      <trkpt lat="45.0927" lon="4.82332">
        <ele>121.0</ele>
      </trkpt>
      <trkpt lat="45.09203" lon="4.82334">
        <ele>119.9</ele>
      </trkpt>
      <trkpt lat="45.09135" lon="4.82336">
        <ele>119.0</ele>
      </trkpt>
      <trkpt lat="45.09085" lon="4.82343">
        <ele>119.0</ele>
      </trkpt>
      <trkpt lat="45.09036" lon="4.8235">
        <ele>119.6</ele>
      </trkpt>
      <trkpt lat="45.08982" lon="4.82354">
        <ele>120.1</ele>
      </trkpt>
      <trkpt lat="45.08929" lon="4.82358">
        <ele>120.3</ele>
      </trkpt>
      <trkpt lat="45.08876" lon="4.8235">
        <ele>120.2</ele>
      </trkpt>
      <trkpt lat="45.08824" lon="4.82343">
        <ele>119.8</ele>
      </trkpt>
      <trkpt lat="45.08756" lon="4.82344">
        <ele>118.9</ele>
      </trkpt>
      <trkpt lat="45.08713" lon="4.8235">
        <ele>119.6</ele>
      </trkpt>
      <trkpt lat="45.08653" lon="4.82367">
        <ele>120.0</ele>
      </trkpt>
      <trkpt lat="45.08592" lon="4.82384">
        <ele>118.9</ele>
      </trkpt>
      <trkpt lat="45.08542" lon="4.82392">
        <ele>119.3</ele>
      </trkpt>
      <trkpt lat="45.08491" lon="4.82399">
        <ele>119.8</ele>
      </trkpt>
      <trkpt lat="45.08459" lon="4.82396">
        <ele>119.0</ele>
      </trkpt>
      <trkpt lat="45.08381" lon="4.82375">
        <ele>117.8</ele>
      </trkpt>
      <trkpt lat="45.08307" lon="4.82357">
        <ele>118.3</ele>
      </trkpt>
      <trkpt lat="45.08234" lon="4.82339">
        <ele>120.1</ele>
      </trkpt>
      <trkpt lat="45.08187" lon="4.82326">
        <ele>120.6</ele>
      </trkpt>
      <trkpt lat="45.08139" lon="4.82312">
        <ele>120.1</ele>
      </trkpt>
      <trkpt lat="45.08061" lon="4.82279">
        <ele>119.5</ele>
      </trkpt>
      <trkpt lat="45.07982" lon="4.82247">
        <ele>119.8</ele>
      </trkpt>
      <trkpt lat="45.07922" lon="4.82227">
        <ele>118.8</ele>
      </trkpt>
      <trkpt lat="45.0789" lon="4.82221">
        <ele>119.0</ele>
      </trkpt>
      <trkpt lat="45.07849" lon="4.82219">
        <ele>119.4</ele>
      </trkpt>
      <trkpt lat="45.0781" lon="4.82219">
        <ele>119.6</ele>
      </trkpt>
      <trkpt lat="45.0778" lon="4.8222">
        <ele>119.5</ele>
      </trkpt>
      <trkpt lat="45.07735" lon="4.82219">
        <ele>119.4</ele>
      </trkpt>
      <trkpt lat="45.07722" lon="4.82214">
        <ele>119.5</ele>
      </trkpt>
      <trkpt lat="45.07723" lon="4.8221">
        <ele>119.5</ele>
      </trkpt>
      <trkpt lat="45.07723" lon="4.82206">
        <ele>119.5</ele>
      </trkpt>
      <trkpt lat="45.07722" lon="4.82202">
        <ele>119.5</ele>
      </trkpt>
      <trkpt lat="45.07719" lon="4.82199">
        <ele>119.5</ele>
      </trkpt>
      <trkpt lat="45.07715" lon="4.82198">
        <ele>119.5</ele>
      </trkpt>
      <trkpt lat="45.07712" lon="4.82199">
        <ele>119.5</ele>
      </trkpt>
      <trkpt lat="45.0771" lon="4.82202">
        <ele>119.5</ele>
      </trkpt>
      <trkpt lat="45.07709" lon="4.82207">
        <ele>119.5</ele>
      </trkpt>
      <trkpt lat="45.0771" lon="4.8221">
        <ele>119.5</ele>
      </trkpt>
      <trkpt lat="45.07711" lon="4.82213">
        <ele>119.5</ele>
      </trkpt>
      <trkpt lat="45.07691" lon="4.82228">
        <ele>119.6</ele>
      </trkpt>
      <trkpt lat="45.07683" lon="4.82238">
        <ele>119.7</ele>
      </trkpt>
      <trkpt lat="45.07678" lon="4.82212">
        <ele>119.5</ele>
      </trkpt>
      <trkpt lat="45.07658" lon="4.82134">
        <ele>118.9</ele>
      </trkpt>
      <trkpt lat="45.07638" lon="4.82057">
        <ele>119.2</ele>
      </trkpt>
      <trkpt lat="45.07616" lon="4.81973">
        <ele>119.5</ele>
      </trkpt>
      <trkpt lat="45.07594" lon="4.8189">
        <ele>119.5</ele>
      </trkpt>
      <trkpt lat="45.07572" lon="4.81807">
        <ele>120.0</ele>
      </trkpt>
      <trkpt lat="45.07553" lon="4.81738">
        <ele>120.5</ele>
      </trkpt>
      <trkpt lat="45.07533" lon="4.81668">
        <ele>121.0</ele>
      </trkpt>
      <trkpt lat="45.07532" lon="4.81666">
        <ele>121.0</ele>
      </trkpt>
      <trkpt lat="45.07527" lon="4.81651">
        <ele>121.3</ele>
      </trkpt>
      <trkpt lat="45.07524" lon="4.81652">
        <ele>121.2</ele>
      </trkpt>
      <trkpt lat="45.07472" lon="4.81689">
        <ele>121.2</ele>
      </trkpt>
      <trkpt lat="45.0742" lon="4.81727">
        <ele>122.4</ele>
      </trkpt>
      <trkpt lat="45.07398" lon="4.81748">
        <ele>122.7</ele>
      </trkpt>
      <trkpt lat="45.07387" lon="4.81762">
        <ele>122.5</ele>
      </trkpt>
      <trkpt lat="45.07381" lon="4.8177">
        <ele>122.4</ele>
      </trkpt>
      <trkpt lat="45.07369" lon="4.81799">
        <ele>122.2</ele>
      </trkpt>
      <trkpt lat="45.07356" lon="4.8184">
        <ele>122.1</ele>
      </trkpt>
      <trkpt lat="45.07341" lon="4.81895">
        <ele>123.3</ele>
      </trkpt>
      <trkpt lat="45.07325" lon="4.81951">
        <ele>124.2</ele>
      </trkpt>
      <trkpt lat="45.07303" lon="4.82022">
        <ele>123.9</ele>
      </trkpt>
      <trkpt lat="45.07281" lon="4.82093">
        <ele>124.3</ele>
      </trkpt>
      <trkpt lat="45.0726" lon="4.82168">
        <ele>124.8</ele>
      </trkpt>
      <trkpt lat="45.07259" lon="4.82174">
        <ele>124.8</ele>
      </trkpt>
      <trkpt lat="45.0726" lon="4.82184">
        <ele>124.7</ele>
      </trkpt>
      <trkpt lat="45.07263" lon="4.82195">
        <ele>124.6</ele>
      </trkpt>
      <trkpt lat="45.0727" lon="4.82202">
        <ele>124.4</ele>
      </trkpt>
      <trkpt lat="45.07265" lon="4.82216">
        <ele>124.5</ele>
      </trkpt>
      <trkpt lat="45.07267" lon="4.82221">
        <ele>124.5</ele>
      </trkpt>
      <trkpt lat="45.07275" lon="4.82238">
        <ele>124.2</ele>
      </trkpt>
      <trkpt lat="45.07283" lon="4.82264">
        <ele>123.8</ele>
      </trkpt>
      <trkpt lat="45.07287" lon="4.82281">
        <ele>123.8</ele>
      </trkpt>
      <trkpt lat="45.07291" lon="4.82312">
        <ele>123.9</ele>
      </trkpt>
      <trkpt lat="45.07291" lon="4.82356">
        <ele>124.1</ele>
      </trkpt>
      <trkpt lat="45.07288" lon="4.82393">
        <ele>124.3</ele>
      </trkpt>
      <trkpt lat="45.07281" lon="4.82452">
        <ele>123.0</ele>
      </trkpt>
      <trkpt lat="45.07272" lon="4.82496">
        <ele>121.8</ele>
      </trkpt>
      <trkpt lat="45.07247" lon="4.82582">
        <ele>121.1</ele>
      </trkpt>
      <trkpt lat="45.07227" lon="4.82637">
        <ele>121.7</ele>
      </trkpt>
      <trkpt lat="45.07203" lon="4.82689">
        <ele>122.2</ele>
      </trkpt>
      <trkpt lat="45.07203" lon="4.82694">
        <ele>122.1</ele>
      </trkpt>
      <trkpt lat="45.07185" lon="4.82727">
        <ele>122.3</ele>
      </trkpt>
      <trkpt lat="45.07158" lon="4.82766">
        <ele>122.9</ele>
      </trkpt>
      <trkpt lat="45.07129" lon="4.82803">
        <ele>122.8</ele>
      </trkpt>
      <trkpt lat="45.07119" lon="4.82815">
        <ele>122.9</ele>
      </trkpt>
      <trkpt lat="45.07078" lon="4.82854">
        <ele>122.6</ele>
      </trkpt>
      <trkpt lat="45.07065" lon="4.82869">
        <ele>122.3</ele>
      </trkpt>
      <trkpt lat="45.07066" lon="4.82879">
        <ele>122.0</ele>
      </trkpt>
      <trkpt lat="45.07084" lon="4.82909">
        <ele>121.2</ele>
      </trkpt>
      <trkpt lat="45.07086" lon="4.82917">
        <ele>120.9</ele>
      </trkpt>
      <trkpt lat="45.07086" lon="4.82925">
        <ele>120.9</ele>
      </trkpt>
      <trkpt lat="45.07085" lon="4.82929">
        <ele>120.9</ele>
      </trkpt>
      <trkpt lat="45.07053" lon="4.82966">
        <ele>120.6</ele>
      </trkpt>
      <trkpt lat="45.07006" lon="4.83025">
        <ele>119.1</ele>
      </trkpt>
      <trkpt lat="45.06959" lon="4.83085">
        <ele>120.4</ele>
      </trkpt>
      <trkpt lat="45.06943" lon="4.83114">
        <ele>120.3</ele>
      </trkpt>
      <trkpt lat="45.06911" lon="4.83182">
        <ele>120.9</ele>
      </trkpt>
      <trkpt lat="45.06888" lon="4.83225">
        <ele>123.3</ele>
      </trkpt>
      <trkpt lat="45.06881" lon="4.83243">
        <ele>123.7</ele>
      </trkpt>
      <trkpt lat="45.06871" lon="4.83278">
        <ele>123.3</ele>
      </trkpt>
      <trkpt lat="45.06854" lon="4.83325">
        <ele>123.3</ele>
      </trkpt>
      <trkpt lat="45.06837" lon="4.8336">
        <ele>123.5</ele>
      </trkpt>
      <trkpt lat="45.06792" lon="4.83441">
        <ele>123.6</ele>
      </trkpt>
      <trkpt lat="45.06787" lon="4.83453">
        <ele>123.6</ele>
      </trkpt>
      <trkpt lat="45.06786" lon="4.83463">
        <ele>123.4</ele>
      </trkpt>
      <trkpt lat="45.06787" lon="4.83464">
        <ele>123.2</ele>
      </trkpt>
      <trkpt lat="45.06863" lon="4.83514">
        <ele>117.5</ele>
      </trkpt>
      <trkpt lat="45.06939" lon="4.83564">
        <ele>123.9</ele>
      </trkpt>
      <trkpt lat="45.06953" lon="4.83573">
        <ele>124.8</ele>
      </trkpt>
      <trkpt lat="45.06969" lon="4.83584">
        <ele>125.6</ele>
      </trkpt>
      <trkpt lat="45.06977" lon="4.8359">
        <ele>125.7</ele>
      </trkpt>
      <trkpt lat="45.07005" lon="4.83609">
        <ele>125.8</ele>
      </trkpt>
      <trkpt lat="45.06998" lon="4.83644">
        <ele>126.0</ele>
      </trkpt>
      <trkpt lat="45.0699" lon="4.837">
        <ele>125.5</ele>
      </trkpt>
      <trkpt lat="45.06955" lon="4.83674">
        <ele>125.8</ele>
      </trkpt>
      <trkpt lat="45.0695" lon="4.83704">
        <ele>125.0</ele>
      </trkpt>
      <trkpt lat="45.06913" lon="4.83694">
        <ele>124.6</ele>
      </trkpt>
      <trkpt lat="45.06892" lon="4.83765">
        <ele>121.7</ele>
      </trkpt>
      <trkpt lat="45.06867" lon="4.83846">
        <ele>124.1</ele>
      </trkpt>
      <trkpt lat="45.06841" lon="4.83928">
        <ele>124.9</ele>
      </trkpt>
      <trkpt lat="45.06836" lon="4.83946">
        <ele>125.0</ele>
      </trkpt>
      <trkpt lat="45.06831" lon="4.83957">
        <ele>124.7</ele>
      </trkpt>
      <trkpt lat="45.06816" lon="4.84031">
        <ele>122.6</ele>
      </trkpt>
      <trkpt lat="45.06802" lon="4.84106">
        <ele>120.5</ele>
      </trkpt>
      <trkpt lat="45.06804" lon="4.84125">
        <ele>120.8</ele>
      </trkpt>
      <trkpt lat="45.06792" lon="4.84168">
        <ele>120.0</ele>
      </trkpt>
      <trkpt lat="45.06775" lon="4.84192">
        <ele>119.6</ele>
      </trkpt>
      <trkpt lat="45.06768" lon="4.84222">
        <ele>120.7</ele>
      </trkpt>
      <trkpt lat="45.06745" lon="4.84326">
        <ele>120.8</ele>
      </trkpt>
      <trkpt lat="45.06722" lon="4.84429">
        <ele>120.7</ele>
      </trkpt>
      <trkpt lat="45.06703" lon="4.84529">
        <ele>120.9</ele>
      </trkpt>
      <trkpt lat="45.06707" lon="4.84552">
        <ele>120.3</ele>
      </trkpt>
      <trkpt lat="45.06699" lon="4.84605">
        <ele>119.6</ele>
      </trkpt>
      <trkpt lat="45.06693" lon="4.84622">
        <ele>119.8</ele>
      </trkpt>
      <trkpt lat="45.06682" lon="4.84718">
        <ele>120.6</ele>
      </trkpt>
      <trkpt lat="45.06671" lon="4.84814">
        <ele>121.7</ele>
      </trkpt>
      <trkpt lat="45.0666" lon="4.8491">
        <ele>122.4</ele>
      </trkpt>
      <trkpt lat="45.06651" lon="4.84965">
        <ele>120.7</ele>
      </trkpt>
      <trkpt lat="45.06642" lon="4.8502">
        <ele>119.5</ele>
      </trkpt>
      <trkpt lat="45.06621" lon="4.85127">
        <ele>119.2</ele>
      </trkpt>
      <trkpt lat="45.06602" lon="4.85191">
        <ele>120.4</ele>
      </trkpt>
      <trkpt lat="45.06584" lon="4.85254">
        <ele>122.0</ele>
      </trkpt>
      <trkpt lat="45.06548" lon="4.85361">
        <ele>119.2</ele>
      </trkpt>
      <trkpt lat="45.06523" lon="4.8542">
        <ele>117.4</ele>
      </trkpt>
      <trkpt lat="45.06499" lon="4.8548">
        <ele>120.2</ele>
      </trkpt>
      <trkpt lat="45.06472" lon="4.85543">
        <ele>119.0</ele>
      </trkpt>
      <trkpt lat="45.06445" lon="4.85605">
        <ele>118.0</ele>
      </trkpt>
      <trkpt lat="45.06408" lon="4.85676">
        <ele>121.3</ele>
      </trkpt>
      <trkpt lat="45.0637" lon="4.85748">
        <ele>118.1</ele>
      </trkpt>
      <trkpt lat="45.06331" lon="4.85796">
        <ele>118.8</ele>
      </trkpt>
      <trkpt lat="45.06292" lon="4.85845">
        <ele>118.6</ele>
      </trkpt>
      <trkpt lat="45.0629" lon="4.85851">
        <ele>118.4</ele>
      </trkpt>
      <trkpt lat="45.06285" lon="4.85857">
        <ele>118.1</ele>
      </trkpt>
      <trkpt lat="45.06276" lon="4.85865">
        <ele>117.6</ele>
      </trkpt>
      <trkpt lat="45.0626" lon="4.8588">
        <ele>117.1</ele>
      </trkpt>
      <trkpt lat="45.06239" lon="4.85896">
        <ele>117.3</ele>
      </trkpt>
      <trkpt lat="45.06206" lon="4.85927">
        <ele>118.1</ele>
      </trkpt>
      <trkpt lat="45.0616" lon="4.85962">
        <ele>118.4</ele>
      </trkpt>
      <trkpt lat="45.06113" lon="4.85996">
        <ele>118.2</ele>
      </trkpt>
      <trkpt lat="45.06057" lon="4.86035">
        <ele>117.4</ele>
      </trkpt>
      <trkpt lat="45.06005" lon="4.86067">
        <ele>117.4</ele>
      </trkpt>
      <trkpt lat="45.05991" lon="4.86077">
        <ele>117.8</ele>
      </trkpt>
      <trkpt lat="45.05984" lon="4.86079">
        <ele>117.9</ele>
      </trkpt>
      <trkpt lat="45.05961" lon="4.86079">
        <ele>117.9</ele>
      </trkpt>
      <trkpt lat="45.05918" lon="4.86099">
        <ele>118.0</ele>
      </trkpt>
      <trkpt lat="45.0588" lon="4.8612">
        <ele>117.5</ele>
      </trkpt>
      <trkpt lat="45.058" lon="4.8616">
        <ele>117.9</ele>
      </trkpt>
      <trkpt lat="45.05756" lon="4.86179">
        <ele>117.1</ele>
      </trkpt>
      <trkpt lat="45.05692" lon="4.86201">
        <ele>117.0</ele>
      </trkpt>
      <trkpt lat="45.05643" lon="4.86211">
        <ele>116.9</ele>
      </trkpt>
      <trkpt lat="45.05576" lon="4.86218">
        <ele>116.8</ele>
      </trkpt>
      <trkpt lat="45.0553" lon="4.86216">
        <ele>116.4</ele>
      </trkpt>
      <trkpt lat="45.05484" lon="4.86214">
        <ele>116.0</ele>
      </trkpt>
      <trkpt lat="45.05405" lon="4.86199">
        <ele>115.8</ele>
      </trkpt>
      <trkpt lat="45.05354" lon="4.8618">
        <ele>117.3</ele>
      </trkpt>
      <trkpt lat="45.05304" lon="4.86161">
        <ele>117.8</ele>
      </trkpt>
      <trkpt lat="45.05251" lon="4.86131">
        <ele>116.7</ele>
      </trkpt>
      <trkpt lat="45.05199" lon="4.86101">
        <ele>116.5</ele>
      </trkpt>
      <trkpt lat="45.05137" lon="4.86057">
        <ele>117.3</ele>
      </trkpt>
      <trkpt lat="45.05076" lon="4.86012">
        <ele>119.1</ele>
      </trkpt>
      <trkpt lat="45.0502" lon="4.8597">
        <ele>118.0</ele>
      </trkpt>
      <trkpt lat="45.04964" lon="4.85928">
        <ele>116.2</ele>
      </trkpt>
      <trkpt lat="45.04909" lon="4.85886">
        <ele>116.1</ele>
      </trkpt>
      <trkpt lat="45.04853" lon="4.85836">
        <ele>117.1</ele>
      </trkpt>
      <trkpt lat="45.04798" lon="4.85785">
        <ele>116.8</ele>
      </trkpt>
      <trkpt lat="45.04742" lon="4.85735">
        <ele>116.6</ele>
      </trkpt>
      <trkpt lat="45.04691" lon="4.85679">
        <ele>115.8</ele>
      </trkpt>
      <trkpt lat="45.04639" lon="4.85622">
        <ele>115.6</ele>
      </trkpt>
      <trkpt lat="45.04583" lon="4.85545">
        <ele>115.1</ele>
      </trkpt>
      <trkpt lat="45.04527" lon="4.85467">
        <ele>116.3</ele>
      </trkpt>
      <trkpt lat="45.04479" lon="4.8539">
        <ele>116.7</ele>
      </trkpt>
      <trkpt lat="45.04431" lon="4.85312">
        <ele>115.7</ele>
      </trkpt>
      <trkpt lat="45.04382" lon="4.85234">
        <ele>118.4</ele>
      </trkpt>
      <trkpt lat="45.04342" lon="4.85163">
        <ele>118.2</ele>
      </trkpt>
      <trkpt lat="45.04321" lon="4.85131">
        <ele>119.0</ele>
      </trkpt>
      <trkpt lat="45.04304" lon="4.85095">
        <ele>120.7</ele>
      </trkpt>
      <trkpt lat="45.04261" lon="4.85024">
        <ele>118.0</ele>
      </trkpt>
      <trkpt lat="45.04218" lon="4.84953">
        <ele>119.5</ele>
      </trkpt>
      <trkpt lat="45.04196" lon="4.84925">
        <ele>121.0</ele>
      </trkpt>
      <trkpt lat="45.04145" lon="4.84854">
        <ele>117.1</ele>
      </trkpt>
      <trkpt lat="45.04094" lon="4.84784">
        <ele>115.5</ele>
      </trkpt>
      <trkpt lat="45.04059" lon="4.84741">
        <ele>114.0</ele>
      </trkpt>
      <trkpt lat="45.04015" lon="4.84692">
        <ele>114.0</ele>
      </trkpt>
      <trkpt lat="45.03963" lon="4.84643">
        <ele>114.4</ele>
      </trkpt>
      <trkpt lat="45.03911" lon="4.84595">
        <ele>114.5</ele>
      </trkpt>
      <trkpt lat="45.03845" lon="4.84538">
        <ele>114.2</ele>
      </trkpt>
      <trkpt lat="45.0378" lon="4.84481">
        <ele>115.0</ele>
      </trkpt>
      <trkpt lat="45.03714" lon="4.84424">
        <ele>114.2</ele>
      </trkpt>
      <trkpt lat="45.0367" lon="4.84389">
        <ele>114.3</ele>
      </trkpt>
      <trkpt lat="45.03626" lon="4.84353">
        <ele>114.6</ele>
      </trkpt>
      <trkpt lat="45.03557" lon="4.84311">
        <ele>115.1</ele>
      </trkpt>
      <trkpt lat="45.03513" lon="4.84287">
        <ele>115.0</ele>
      </trkpt>
      <trkpt lat="45.03468" lon="4.84263">
        <ele>116.4</ele>
      </trkpt>
      <trkpt lat="45.03391" lon="4.84233">
        <ele>117.6</ele>
      </trkpt>
      <trkpt lat="45.03321" lon="4.84212">
        <ele>113.9</ele>
      </trkpt>
      <trkpt lat="45.03266" lon="4.84202">
        <ele>114.8</ele>
      </trkpt>
      <trkpt lat="45.03177" lon="4.84191">
        <ele>114.7</ele>
      </trkpt>
      <trkpt lat="45.0311" lon="4.84193">
        <ele>114.7</ele>
      </trkpt>
      <trkpt lat="45.03043" lon="4.84195">
        <ele>114.5</ele>
      </trkpt>
      <trkpt lat="45.0296" lon="4.84209">
        <ele>115.3</ele>
      </trkpt>
      <trkpt lat="45.02888" lon="4.84226">
        <ele>115.3</ele>
      </trkpt>
      <trkpt lat="45.02819" lon="4.84253">
        <ele>113.3</ele>
      </trkpt>
      <trkpt lat="45.02776" lon="4.84273">
        <ele>115.1</ele>
      </trkpt>
      <trkpt lat="45.02732" lon="4.84294">
        <ele>116.3</ele>
      </trkpt>
      <trkpt lat="45.02652" lon="4.84339">
        <ele>119.0</ele>
      </trkpt>
      <trkpt lat="45.02609" lon="4.84372">
        <ele>116.8</ele>
      </trkpt>
      <trkpt lat="45.02566" lon="4.84405">
        <ele>115.8</ele>
      </trkpt>
      <trkpt lat="45.02504" lon="4.84465">
        <ele>117.2</ele>
      </trkpt>
      <trkpt lat="45.02441" lon="4.84525">
        <ele>116.3</ele>
      </trkpt>
      <trkpt lat="45.02369" lon="4.84597">
        <ele>116.1</ele>
      </trkpt>
      <trkpt lat="45.02296" lon="4.8467">
        <ele>115.4</ele>
      </trkpt>
      <trkpt lat="45.02224" lon="4.84742">
        <ele>115.1</ele>
      </trkpt>
      <trkpt lat="45.02152" lon="4.84814">
        <ele>115.8</ele>
      </trkpt>
      <trkpt lat="45.02079" lon="4.84887">
        <ele>114.4</ele>
      </trkpt>
      <trkpt lat="45.02007" lon="4.84959">
        <ele>113.7</ele>
      </trkpt>
      <trkpt lat="45.01979" lon="4.84991">
        <ele>114.0</ele>
      </trkpt>
      <trkpt lat="45.01907" lon="4.85062">
        <ele>114.6</ele>
      </trkpt>
      <trkpt lat="45.01836" lon="4.85133">
        <ele>115.0</ele>
      </trkpt>
      <trkpt lat="45.01764" lon="4.85204">
        <ele>114.4</ele>
      </trkpt>
      <trkpt lat="45.01693" lon="4.85274">
        <ele>114.4</ele>
      </trkpt>
      <trkpt lat="45.01629" lon="4.85333">
        <ele>114.8</ele>
      </trkpt>
      <trkpt lat="45.01566" lon="4.85392">
        <ele>116.5</ele>
      </trkpt>
      <trkpt lat="45.01507" lon="4.85439">
        <ele>114.9</ele>
      </trkpt>
      <trkpt lat="45.01468" lon="4.85469">
        <ele>115.5</ele>
      </trkpt>
      <trkpt lat="45.0141" lon="4.85511">
        <ele>113.2</ele>
      </trkpt>
      <trkpt lat="45.01351" lon="4.85552">
        <ele>117.2</ele>
      </trkpt>
      <trkpt lat="45.01307" lon="4.85578">
        <ele>117.1</ele>
      </trkpt>
      <trkpt lat="45.01263" lon="4.85604">
        <ele>115.0</ele>
      </trkpt>
      <trkpt lat="45.01199" lon="4.8564">
        <ele>117.4</ele>
      </trkpt>
      <trkpt lat="45.01136" lon="4.85676">
        <ele>120.2</ele>
      </trkpt>
      <trkpt lat="45.01072" lon="4.85713">
        <ele>119.9</ele>
      </trkpt>
      <trkpt lat="45.01008" lon="4.85749">
        <ele>119.1</ele>
      </trkpt>
      <trkpt lat="45.00932" lon="4.85792">
        <ele>115.7</ele>
      </trkpt>
      <trkpt lat="45.00855" lon="4.85834">
        <ele>117.8</ele>
      </trkpt>
      <trkpt lat="45.00779" lon="4.85877">
        <ele>117.4</ele>
      </trkpt>
      <trkpt lat="45.00697" lon="4.85924">
        <ele>118.9</ele>
      </trkpt>
      <trkpt lat="45.00615" lon="4.85971">
        <ele>118.2</ele>
      </trkpt>
      <trkpt lat="45.00532" lon="4.86018">
        <ele>116.4</ele>
      </trkpt>
      <trkpt lat="45.0045" lon="4.86065">
        <ele>118.5</ele>
      </trkpt>
      <trkpt lat="45.00368" lon="4.86111">
        <ele>117.0</ele>
      </trkpt>
      <trkpt lat="45.00285" lon="4.86158">
        <ele>117.8</ele>
      </trkpt>
      <trkpt lat="45.00203" lon="4.86205">
        <ele>116.8</ele>
      </trkpt>
      <trkpt lat="45.00121" lon="4.86252">
        <ele>118.5</ele>
      </trkpt>
      <trkpt lat="45.00038" lon="4.86299">
        <ele>117.0</ele>
      </trkpt>
      <trkpt lat="44.99956" lon="4.86345">
        <ele>112.0</ele>
      </trkpt>
      <trkpt lat="44.99874" lon="4.86392">
        <ele>115.9</ele>
      </trkpt>
      <trkpt lat="44.99805" lon="4.86429">
        <ele>116.0</ele>
      </trkpt>
      <trkpt lat="44.99729" lon="4.86471">
        <ele>114.8</ele>
      </trkpt>
      <trkpt lat="44.99653" lon="4.86514">
        <ele>116.1</ele>
      </trkpt>
      <trkpt lat="44.99577" lon="4.86557">
        <ele>113.9</ele>
      </trkpt>
      <trkpt lat="44.99513" lon="4.86594">
        <ele>112.8</ele>
      </trkpt>
      <trkpt lat="44.99448" lon="4.86631">
        <ele>114.0</ele>
      </trkpt>
      <trkpt lat="44.99384" lon="4.86668">
        <ele>114.5</ele>
      </trkpt>
      <trkpt lat="44.9932" lon="4.86705">
        <ele>114.7</ele>
      </trkpt>
      <trkpt lat="44.99293" lon="4.86716">
        <ele>114.1</ele>
      </trkpt>
      <trkpt lat="44.99289" lon="4.8672">
        <ele>114.1</ele>
      </trkpt>
      <trkpt lat="44.99285" lon="4.86725">
        <ele>114.1</ele>
      </trkpt>
      <trkpt lat="44.99283" lon="4.86731">
        <ele>114.1</ele>
      </trkpt>
      <trkpt lat="44.99284" lon="4.86739">
        <ele>114.5</ele>
      </trkpt>
      <trkpt lat="44.99286" lon="4.86743">
        <ele>114.8</ele>
      </trkpt>
      <trkpt lat="44.99291" lon="4.86747">
        <ele>115.3</ele>
      </trkpt>
      <trkpt lat="44.99327" lon="4.86763">
        <ele>117.4</ele>
      </trkpt>
      <trkpt lat="44.99387" lon="4.86795">
        <ele>116.8</ele>
      </trkpt>
      <trkpt lat="44.99423" lon="4.86817">
        <ele>118.2</ele>
      </trkpt>
      <trkpt lat="44.99452" lon="4.86839">
        <ele>117.5</ele>
      </trkpt>
      <trkpt lat="44.99501" lon="4.86878">
        <ele>117.1</ele>
      </trkpt>
      <trkpt lat="44.99506" lon="4.86881">
        <ele>117.1</ele>
      </trkpt>
      <trkpt lat="44.9951" lon="4.86881">
        <ele>117.1</ele>
      </trkpt>
      <trkpt lat="44.99515" lon="4.86886">
        <ele>117.1</ele>
      </trkpt>
      <trkpt lat="44.99523" lon="4.86889">
        <ele>117.1</ele>
      </trkpt>
      <trkpt lat="44.99517" lon="4.86903">
        <ele>117.4</ele>
      </trkpt>
      <trkpt lat="44.99467" lon="4.87005">
        <ele>112.0</ele>
      </trkpt>
      <trkpt lat="44.99416" lon="4.87107">
        <ele>112.8</ele>
      </trkpt>
      <trkpt lat="44.99413" lon="4.87114">
        <ele>113.1</ele>
      </trkpt>
      <trkpt lat="44.99399" lon="4.87103">
        <ele>112.8</ele>
      </trkpt>
      <trkpt lat="44.99398" lon="4.87101">
        <ele>112.8</ele>
      </trkpt>
      <trkpt lat="44.99387" lon="4.87092">
        <ele>112.6</ele>
      </trkpt>
      <trkpt lat="44.99378" lon="4.87088">
        <ele>112.6</ele>
      </trkpt>
      <trkpt lat="44.99346" lon="4.87074">
        <ele>112.8</ele>
      </trkpt>
      <trkpt lat="44.99279" lon="4.87056">
        <ele>113.1</ele>
      </trkpt>
      <trkpt lat="44.99223" lon="4.87035">
        <ele>113.5</ele>
      </trkpt>
      <trkpt lat="44.99168" lon="4.87014">
        <ele>113.2</ele>
      </trkpt>
      <trkpt lat="44.99085" lon="4.86974">
        <ele>113.4</ele>
      </trkpt>
      <trkpt lat="44.99023" lon="4.86927">
        <ele>115.9</ele>
      </trkpt>
      <trkpt lat="44.98963" lon="4.86855">
        <ele>114.6</ele>
      </trkpt>
      <trkpt lat="44.98889" lon="4.8681">
        <ele>114.4</ele>
      </trkpt>
      <trkpt lat="44.98807" lon="4.86764">
        <ele>112.7</ele>
      </trkpt>
      <trkpt lat="44.98733" lon="4.86724">
        <ele>112.7</ele>
      </trkpt>
      <trkpt lat="44.98683" lon="4.86683">
        <ele>112.8</ele>
      </trkpt>
      <trkpt lat="44.98633" lon="4.86643">
        <ele>114.5</ele>
      </trkpt>
      <trkpt lat="44.98598" lon="4.86599">
        <ele>115.8</ele>
      </trkpt>
      <trkpt lat="44.98562" lon="4.86555">
        <ele>115.6</ele>
      </trkpt>
      <trkpt lat="44.98524" lon="4.86499">
        <ele>114.1</ele>
      </trkpt>
      <trkpt lat="44.98485" lon="4.86442">
        <ele>114.0</ele>
      </trkpt>
      <trkpt lat="44.9845" lon="4.86373">
        <ele>113.7</ele>
      </trkpt>
      <trkpt lat="44.98414" lon="4.86303">
        <ele>113.5</ele>
      </trkpt>
      <trkpt lat="44.98365" lon="4.86205">
        <ele>114.8</ele>
      </trkpt>
      <trkpt lat="44.98324" lon="4.86109">
        <ele>114.3</ele>
      </trkpt>
      <trkpt lat="44.98286" lon="4.86039">
        <ele>114.4</ele>
      </trkpt>
      <trkpt lat="44.98233" lon="4.85969">
        <ele>113.3</ele>
      </trkpt>
      <trkpt lat="44.98181" lon="4.8592">
        <ele>113.0</ele>
      </trkpt>
      <trkpt lat="44.9814" lon="4.85891">
        <ele>113.4</ele>
      </trkpt>
      <trkpt lat="44.98087" lon="4.85863">
        <ele>113.4</ele>
      </trkpt>
      <trkpt lat="44.98064" lon="4.85853">
        <ele>113.0</ele>
      </trkpt>
      <trkpt lat="44.98018" lon="4.85844">
        <ele>112.7</ele>
      </trkpt>
      <trkpt lat="44.97973" lon="4.85835">
        <ele>112.5</ele>
      </trkpt>
      <trkpt lat="44.97923" lon="4.85835">
        <ele>113.0</ele>
      </trkpt>
      <trkpt lat="44.97873" lon="4.85836">
        <ele>114.1</ele>
      </trkpt>
      <trkpt lat="44.97827" lon="4.85841">
        <ele>115.4</ele>
      </trkpt>
      <trkpt lat="44.9778" lon="4.85847">
        <ele>116.5</ele>
      </trkpt>
      <trkpt lat="44.97726" lon="4.85862">
        <ele>116.5</ele>
      </trkpt>
      <trkpt lat="44.97672" lon="4.85876">
        <ele>115.6</ele>
      </trkpt>
      <trkpt lat="44.9762" lon="4.859">
        <ele>116.7</ele>
      </trkpt>
      <trkpt lat="44.97568" lon="4.85924">
        <ele>117.9</ele>
      </trkpt>
      <trkpt lat="44.97489" lon="4.85974">
        <ele>117.6</ele>
      </trkpt>
      <trkpt lat="44.9741" lon="4.86025">
        <ele>114.1</ele>
      </trkpt>
      <trkpt lat="44.97399" lon="4.86032">
        <ele>114.5</ele>
      </trkpt>
      <trkpt lat="44.97416" lon="4.86089">
        <ele>119.1</ele>
      </trkpt>
      <trkpt lat="44.97429" lon="4.86142">
        <ele>119.6</ele>
      </trkpt>
      <trkpt lat="44.97429" lon="4.86156">
        <ele>119.7</ele>
      </trkpt>
      <trkpt lat="44.97424" lon="4.86162">
        <ele>119.9</ele>
      </trkpt>
      <trkpt lat="44.97404" lon="4.86178">
        <ele>119.7</ele>
      </trkpt>
      <trkpt lat="44.97388" lon="4.86197">
        <ele>119.5</ele>
      </trkpt>
      <trkpt lat="44.97374" lon="4.8622">
        <ele>119.5</ele>
      </trkpt>
      <trkpt lat="44.97363" lon="4.86247">
        <ele>119.6</ele>
      </trkpt>
      <trkpt lat="44.97354" lon="4.86274">
        <ele>120.4</ele>
      </trkpt>
      <trkpt lat="44.97334" lon="4.86361">
        <ele>122.0</ele>
      </trkpt>
      <trkpt lat="44.97314" lon="4.86448">
        <ele>123.1</ele>
      </trkpt>
      <trkpt lat="44.97298" lon="4.8652">
        <ele>125.5</ele>
      </trkpt>
      <trkpt lat="44.97283" lon="4.86593">
        <ele>127.0</ele>
      </trkpt>
      <trkpt lat="44.97279" lon="4.86613">
        <ele>126.9</ele>
      </trkpt>
      <trkpt lat="44.97271" lon="4.86633">
        <ele>126.7</ele>
      </trkpt>
      <trkpt lat="44.97266" lon="4.86642">
        <ele>126.6</ele>
      </trkpt>
      <trkpt lat="44.97261" lon="4.86656">
        <ele>126.4</ele>
      </trkpt>
      <trkpt lat="44.9724" lon="4.8676">
        <ele>125.1</ele>
      </trkpt>
      <trkpt lat="44.9722" lon="4.86865">
        <ele>125.1</ele>
      </trkpt>
      <trkpt lat="44.97211" lon="4.86903">
        <ele>125.4</ele>
      </trkpt>
      <trkpt lat="44.97201" lon="4.86938">
        <ele>125.8</ele>
      </trkpt>
      <trkpt lat="44.97181" lon="4.86996">
        <ele>126.2</ele>
      </trkpt>
      <trkpt lat="44.97162" lon="4.87055">
        <ele>126.0</ele>
      </trkpt>
      <trkpt lat="44.9713" lon="4.87151">
        <ele>127.6</ele>
      </trkpt>
      <trkpt lat="44.97125" lon="4.8717">
        <ele>127.9</ele>
      </trkpt>
      <trkpt lat="44.97091" lon="4.87267">
        <ele>126.3</ele>
      </trkpt>
      <trkpt lat="44.97057" lon="4.87365">
        <ele>127.8</ele>
      </trkpt>
      <trkpt lat="44.97045" lon="4.87397">
        <ele>128.0</ele>
      </trkpt>
      <trkpt lat="44.97032" lon="4.87434">
        <ele>128.0</ele>
      </trkpt>
      <trkpt lat="44.97011" lon="4.87472">
        <ele>127.6</ele>
      </trkpt>
      <trkpt lat="44.97001" lon="4.87482">
        <ele>127.4</ele>
      </trkpt>
      <trkpt lat="44.96996" lon="4.87484">
        <ele>127.3</ele>
      </trkpt>
      <trkpt lat="44.96985" lon="4.87482">
        <ele>127.2</ele>
      </trkpt>
      <trkpt lat="44.96902" lon="4.87473">
        <ele>125.8</ele>
      </trkpt>
      <trkpt lat="44.96845" lon="4.8747">
        <ele>124.1</ele>
      </trkpt>
      <trkpt lat="44.96789" lon="4.87466">
        <ele>121.6</ele>
      </trkpt>
      <trkpt lat="44.96776" lon="4.87464">
        <ele>121.0</ele>
      </trkpt>
      <trkpt lat="44.96736" lon="4.8745">
        <ele>119.7</ele>
      </trkpt>
      <trkpt lat="44.96725" lon="4.87443">
        <ele>119.4</ele>
      </trkpt>
      <trkpt lat="44.96717" lon="4.87434">
        <ele>119.3</ele>
      </trkpt>
      <trkpt lat="44.96703" lon="4.87414">
        <ele>119.2</ele>
      </trkpt>
      <trkpt lat="44.96694" lon="4.87394">
        <ele>118.8</ele>
      </trkpt>
      <trkpt lat="44.96684" lon="4.87383">
        <ele>118.4</ele>
      </trkpt>
      <trkpt lat="44.9667" lon="4.87375">
        <ele>117.7</ele>
      </trkpt>
      <trkpt lat="44.96662" lon="4.87365">
        <ele>117.6</ele>
      </trkpt>
      <trkpt lat="44.96654" lon="4.87351">
        <ele>117.8</ele>
      </trkpt>
      <trkpt lat="44.96636" lon="4.87337">
        <ele>118.0</ele>
      </trkpt>
      <trkpt lat="44.96628" lon="4.87329">
        <ele>118.1</ele>
      </trkpt>
      <trkpt lat="44.96623" lon="4.87321">
        <ele>118.4</ele>
      </trkpt>
      <trkpt lat="44.96611" lon="4.87308">
        <ele>118.7</ele>
      </trkpt>
      <trkpt lat="44.966" lon="4.87294">
        <ele>119.0</ele>
      </trkpt>
      <trkpt lat="44.96593" lon="4.87289">
        <ele>119.1</ele>
      </trkpt>
      <trkpt lat="44.96587" lon="4.87287">
        <ele>119.1</ele>
      </trkpt>
      <trkpt lat="44.96564" lon="4.87288">
        <ele>119.1</ele>
      </trkpt>
      <trkpt lat="44.96554" lon="4.87285">
        <ele>119.1</ele>
      </trkpt>
      <trkpt lat="44.96528" lon="4.87269">
        <ele>119.2</ele>
      </trkpt>
      <trkpt lat="44.96521" lon="4.87261">
        <ele>119.2</ele>
      </trkpt>
      <trkpt lat="44.96512" lon="4.87244">
        <ele>119.1</ele>
      </trkpt>
      <trkpt lat="44.96506" lon="4.8723">
        <ele>118.8</ele>
      </trkpt>
      <trkpt lat="44.96499" lon="4.87198">
        <ele>118.3</ele>
      </trkpt>
      <trkpt lat="44.96492" lon="4.8718">
        <ele>117.9</ele>
      </trkpt>
      <trkpt lat="44.96476" lon="4.87159">
        <ele>117.0</ele>
      </trkpt>
      <trkpt lat="44.96464" lon="4.8715">
        <ele>116.5</ele>
      </trkpt>
      <trkpt lat="44.96449" lon="4.87137">
        <ele>115.8</ele>
      </trkpt>
      <trkpt lat="44.9644" lon="4.87136">
        <ele>115.5</ele>
      </trkpt>
      <trkpt lat="44.96432" lon="4.87145">
        <ele>115.3</ele>
      </trkpt>
      <trkpt lat="44.9642" lon="4.87166">
        <ele>115.1</ele>
      </trkpt>
      <trkpt lat="44.96393" lon="4.87202">
        <ele>115.3</ele>
      </trkpt>
      <trkpt lat="44.96379" lon="4.87211">
        <ele>115.1</ele>
      </trkpt>
      <trkpt lat="44.96359" lon="4.87227">
        <ele>114.8</ele>
      </trkpt>
      <trkpt lat="44.96325" lon="4.87261">
        <ele>114.0</ele>
      </trkpt>
      <trkpt lat="44.96304" lon="4.87284">
        <ele>113.9</ele>
      </trkpt>
      <trkpt lat="44.96292" lon="4.87303">
        <ele>113.7</ele>
      </trkpt>
      <trkpt lat="44.96287" lon="4.87322">
        <ele>113.5</ele>
      </trkpt>
      <trkpt lat="44.96284" lon="4.87343">
        <ele>113.4</ele>
      </trkpt>
      <trkpt lat="44.96282" lon="4.87368">
        <ele>113.4</ele>
      </trkpt>
      <trkpt lat="44.96284" lon="4.87386">
        <ele>113.4</ele>
      </trkpt>
      <trkpt lat="44.96288" lon="4.87407">
        <ele>113.5</ele>
      </trkpt>
      <trkpt lat="44.963" lon="4.87443">
        <ele>113.7</ele>
      </trkpt>
      <trkpt lat="44.96303" lon="4.87455">
        <ele>113.8</ele>
      </trkpt>
      <trkpt lat="44.96303" lon="4.87461">
        <ele>113.8</ele>
      </trkpt>
      <trkpt lat="44.96302" lon="4.87466">
        <ele>113.8</ele>
      </trkpt>
      <trkpt lat="44.96291" lon="4.87478">
        <ele>113.9</ele>
      </trkpt>
      <trkpt lat="44.96277" lon="4.87493">
        <ele>113.9</ele>
      </trkpt>
      <trkpt lat="44.96273" lon="4.87496">
        <ele>114.0</ele>
      </trkpt>
      <trkpt lat="44.96269" lon="4.87501">
        <ele>114.0</ele>
      </trkpt>
      <trkpt lat="44.96266" lon="4.87506">
        <ele>114.1</ele>
      </trkpt>
      <trkpt lat="44.9626" lon="4.87531">
        <ele>114.4</ele>
      </trkpt>
      <trkpt lat="44.96258" lon="4.87534">
        <ele>114.4</ele>
      </trkpt>
      <trkpt lat="44.96256" lon="4.87535">
        <ele>114.4</ele>
      </trkpt>
      <trkpt lat="44.9624" lon="4.87529">
        <ele>113.7</ele>
      </trkpt>
      <trkpt lat="44.96234" lon="4.87532">
        <ele>113.4</ele>
      </trkpt>
      <trkpt lat="44.9623" lon="4.87533">
        <ele>113.2</ele>
      </trkpt>
      <trkpt lat="44.96182" lon="4.87524">
        <ele>109.7</ele>
      </trkpt>
      <trkpt lat="44.96173" lon="4.87519">
        <ele>108.8</ele>
      </trkpt>
      <trkpt lat="44.96133" lon="4.87577">
        <ele>110.8</ele>
      </trkpt>
      <trkpt lat="44.96093" lon="4.87635">
        <ele>111.1</ele>
      </trkpt>
      <trkpt lat="44.96056" lon="4.87682">
        <ele>111.8</ele>
      </trkpt>
      <trkpt lat="44.96032" lon="4.87708">
        <ele>111.6</ele>
      </trkpt>
      <trkpt lat="44.9602" lon="4.87719">
        <ele>111.4</ele>
      </trkpt>
      <trkpt lat="44.96" lon="4.87741">
        <ele>110.9</ele>
      </trkpt>
      <trkpt lat="44.95959" lon="4.87775">
        <ele>110.6</ele>
      </trkpt>
      <trkpt lat="44.95921" lon="4.878">
        <ele>110.5</ele>
      </trkpt>
      <trkpt lat="44.95854" lon="4.87854">
        <ele>109.8</ele>
      </trkpt>
      <trkpt lat="44.9582" lon="4.87879">
        <ele>110.4</ele>
      </trkpt>
      <trkpt lat="44.95786" lon="4.87903">
        <ele>110.1</ele>
      </trkpt>
      <trkpt lat="44.95717" lon="4.87942">
        <ele>108.3</ele>
      </trkpt>
      <trkpt lat="44.95664" lon="4.87968">
        <ele>109.6</ele>
      </trkpt>
      <trkpt lat="44.95601" lon="4.87995">
        <ele>110.0</ele>
      </trkpt>
      <trkpt lat="44.95549" lon="4.88014">
        <ele>109.6</ele>
      </trkpt>
      <trkpt lat="44.95497" lon="4.88033">
        <ele>110.3</ele>
      </trkpt>
      <trkpt lat="44.95436" lon="4.8806">
        <ele>110.1</ele>
      </trkpt>
      <trkpt lat="44.95375" lon="4.88086">
        <ele>110.2</ele>
      </trkpt>
      <trkpt lat="44.95314" lon="4.88113">
        <ele>111.3</ele>
      </trkpt>
      <trkpt lat="44.95247" lon="4.88141">
        <ele>109.4</ele>
      </trkpt>
      <trkpt lat="44.95181" lon="4.88168">
        <ele>109.3</ele>
      </trkpt>
      <trkpt lat="44.95115" lon="4.88196">
        <ele>110.4</ele>
      </trkpt>
      <trkpt lat="44.95049" lon="4.88224">
        <ele>110.6</ele>
      </trkpt>
      <trkpt lat="44.94965" lon="4.88262">
        <ele>108.9</ele>
      </trkpt>
      <trkpt lat="44.94881" lon="4.88301">
        <ele>109.1</ele>
      </trkpt>
      <trkpt lat="44.94797" lon="4.8834">
        <ele>107.9</ele>
      </trkpt>
      <trkpt lat="44.94713" lon="4.88378">
        <ele>108.4</ele>
      </trkpt>
      <trkpt lat="44.94637" lon="4.88412">
        <ele>108.9</ele>
      </trkpt>
      <trkpt lat="44.94561" lon="4.88445">
        <ele>110.1</ele>
      </trkpt>
      <trkpt lat="44.94486" lon="4.88481">
        <ele>111.1</ele>
      </trkpt>
      <trkpt lat="44.9445" lon="4.885">
        <ele>112.0</ele>
      </trkpt>
      <trkpt lat="44.94422" lon="4.88515">
        <ele>112.4</ele>
      </trkpt>
      <trkpt lat="44.94416" lon="4.8852">
        <ele>112.4</ele>
      </trkpt>
      <trkpt lat="44.94382" lon="4.88538">
        <ele>109.7</ele>
      </trkpt>
      <trkpt lat="44.94368" lon="4.8855">
        <ele>109.2</ele>
      </trkpt>
      <trkpt lat="44.9436" lon="4.88561">
        <ele>109.4</ele>
      </trkpt>
      <trkpt lat="44.94357" lon="4.88568">
        <ele>109.8</ele>
      </trkpt>
      <trkpt lat="44.94344" lon="4.88596">
        <ele>110.9</ele>
      </trkpt>
      <trkpt lat="44.94325" lon="4.8863">
        <ele>111.6</ele>
      </trkpt>
      <trkpt lat="44.943" lon="4.88666">
        <ele>113.0</ele>
      </trkpt>
      <trkpt lat="44.94279" lon="4.88681">
        <ele>112.8</ele>
      </trkpt>
      <trkpt lat="44.94252" lon="4.88685">
        <ele>112.8</ele>
      </trkpt>
      <trkpt lat="44.94208" lon="4.88677">
        <ele>111.0</ele>
      </trkpt>
      <trkpt lat="44.94188" lon="4.88666">
        <ele>110.0</ele>
      </trkpt>
      <trkpt lat="44.94182" lon="4.88673">
        <ele>109.8</ele>
      </trkpt>
      <trkpt lat="44.9416" lon="4.88685">
        <ele>109.1</ele>
      </trkpt>
      <trkpt lat="44.94136" lon="4.88686">
        <ele>108.9</ele>
      </trkpt>
      <trkpt lat="44.94127" lon="4.88689">
        <ele>108.8</ele>
      </trkpt>
      <trkpt lat="44.94126" lon="4.88776">
        <ele>110.1</ele>
      </trkpt>
      <trkpt lat="44.94123" lon="4.88879">
        <ele>112.0</ele>
      </trkpt>
      <trkpt lat="44.94126" lon="4.8893">
        <ele>112.4</ele>
      </trkpt>
      <trkpt lat="44.94125" lon="4.88955">
        <ele>112.0</ele>
      </trkpt>
      <trkpt lat="44.94122" lon="4.88975">
        <ele>111.8</ele>
      </trkpt>
      <trkpt lat="44.94117" lon="4.8899">
        <ele>111.5</ele>
      </trkpt>
      <trkpt lat="44.94106" lon="4.89016">
        <ele>111.8</ele>
      </trkpt>
      <trkpt lat="44.94135" lon="4.89016">
        <ele>111.9</ele>
      </trkpt>
      <trkpt lat="44.94161" lon="4.89028">
        <ele>112.0</ele>
      </trkpt>
      <trkpt lat="44.94163" lon="4.89022">
        <ele>112.0</ele>
      </trkpt>
      <trkpt lat="44.94138" lon="4.89011">
        <ele>111.8</ele>
      </trkpt>
      <trkpt lat="44.94104" lon="4.89004">
        <ele>111.4</ele>
      </trkpt>
      <trkpt lat="44.94089" lon="4.89003">
        <ele>111.2</ele>
      </trkpt>
      <trkpt lat="44.94063" lon="4.88996">
        <ele>111.3</ele>
      </trkpt>
      <trkpt lat="44.94005" lon="4.88991">
        <ele>112.0</ele>
      </trkpt>
      <trkpt lat="44.93962" lon="4.88989">
        <ele>112.3</ele>
      </trkpt>
      <trkpt lat="44.93951" lon="4.88995">
        <ele>112.5</ele>
      </trkpt>
      <trkpt lat="44.93876" lon="4.8898">
        <ele>112.0</ele>
      </trkpt>
      <trkpt lat="44.93794" lon="4.8897">
        <ele>111.3</ele>
      </trkpt>
      <trkpt lat="44.93765" lon="4.88961">
        <ele>110.8</ele>
      </trkpt>
      <trkpt lat="44.93738" lon="4.8895">
        <ele>110.6</ele>
      </trkpt>
      <trkpt lat="44.93734" lon="4.88962">
        <ele>111.2</ele>
      </trkpt>
      <trkpt lat="44.93721" lon="4.88985">
        <ele>112.7</ele>
      </trkpt>
      <trkpt lat="44.93716" lon="4.8899">
        <ele>113.2</ele>
      </trkpt>
      <trkpt lat="44.937" lon="4.88987">
        <ele>113.8</ele>
      </trkpt>
      <trkpt lat="44.93647" lon="4.88985">
        <ele>115.5</ele>
      </trkpt>
      <trkpt lat="44.9363" lon="4.88987">
        <ele>115.9</ele>
      </trkpt>
      <trkpt lat="44.93597" lon="4.8899">
        <ele>116.6</ele>
      </trkpt>
      <trkpt lat="44.93581" lon="4.8899">
        <ele>117.0</ele>
      </trkpt>
      <trkpt lat="44.93577" lon="4.88987">
        <ele>117.2</ele>
      </trkpt>
      <trkpt lat="44.93558" lon="4.8897">
        <ele>117.9</ele>
      </trkpt>
      <trkpt lat="44.93546" lon="4.88964">
        <ele>118.3</ele>
      </trkpt>
      <trkpt lat="44.93533" lon="4.88957">
        <ele>118.6</ele>
      </trkpt>
      <trkpt lat="44.93498" lon="4.88937">
        <ele>118.5</ele>
      </trkpt>
      <trkpt lat="44.93456" lon="4.88909">
        <ele>116.4</ele>
      </trkpt>
      <trkpt lat="44.93451" lon="4.88907">
        <ele>116.2</ele>
      </trkpt>
      <trkpt lat="44.93433" lon="4.88904">
        <ele>115.8</ele>
      </trkpt>
      <trkpt lat="44.93384" lon="4.88905">
        <ele>116.0</ele>
      </trkpt>
      <trkpt lat="44.93382" lon="4.8882">
        <ele>109.9</ele>
      </trkpt>
      <trkpt lat="44.93306" lon="4.88816">
        <ele>112.4</ele>
      </trkpt>
      <trkpt lat="44.93263" lon="4.88795">
        <ele>113.5</ele>
      </trkpt>
      <trkpt lat="44.9322" lon="4.88774">
        <ele>113.8</ele>
      </trkpt>
      <trkpt lat="44.93236" lon="4.88713">
        <ele>112.3</ele>
      </trkpt>
      <trkpt lat="44.93194" lon="4.88695">
        <ele>112.7</ele>
      </trkpt>
      <trkpt lat="44.93119" lon="4.8866">
        <ele>114.9</ele>
      </trkpt>
      <trkpt lat="44.93115" lon="4.88662">
        <ele>115.1</ele>
      </trkpt>
      <trkpt lat="44.93105" lon="4.88688">
        <ele>115.7</ele>
      </trkpt>
      <trkpt lat="44.93099" lon="4.88688">
        <ele>115.9</ele>
      </trkpt>
      <trkpt lat="44.93097" lon="4.88681">
        <ele>115.9</ele>
      </trkpt>
      <trkpt lat="44.93102" lon="4.88662">
        <ele>115.4</ele>
      </trkpt>
      <trkpt lat="44.93105" lon="4.88654">
        <ele>115.0</ele>
      </trkpt>
      <trkpt lat="44.93112" lon="4.88631">
        <ele>114.0</ele>
      </trkpt>
      <trkpt lat="44.9311" lon="4.88629">
        <ele>114.0</ele>
      </trkpt>
      <trkpt lat="44.93109" lon="4.88622">
        <ele>113.7</ele>
      </trkpt>
      <trkpt lat="44.9311" lon="4.88613">
        <ele>113.4</ele>
      </trkpt>
      <trkpt lat="44.93116" lon="4.8857">
        <ele>111.9</ele>
      </trkpt>
      <trkpt lat="44.93124" lon="4.88539">
        <ele>110.7</ele>
      </trkpt>
      <trkpt lat="44.93136" lon="4.88501">
        <ele>108.6</ele>
      </trkpt>
      <trkpt lat="44.93168" lon="4.88401">
        <ele>107.0</ele>
      </trkpt>
      <trkpt lat="44.93201" lon="4.88301">
        <ele>107.0</ele>
      </trkpt>
      <trkpt lat="44.93233" lon="4.88201">
        <ele>108.4</ele>
      </trkpt>
      <trkpt lat="44.93266" lon="4.88101">
        <ele>111.0</ele>
      </trkpt>
      <trkpt lat="44.93269" lon="4.88091">
        <ele>111.2</ele>
      </trkpt>
      <trkpt lat="44.93293" lon="4.88019">
        <ele>110.7</ele>
      </trkpt>
      <trkpt lat="44.93299" lon="4.88019">
        <ele>110.8</ele>
      </trkpt>
      <trkpt lat="44.93307" lon="4.88022">
        <ele>110.9</ele>
      </trkpt>
      <trkpt lat="44.93316" lon="4.88035">
        <ele>111.2</ele>
      </trkpt>
      <trkpt lat="44.93319" lon="4.88041">
        <ele>111.3</ele>
      </trkpt>
      <trkpt lat="44.93324" lon="4.88057">
        <ele>111.6</ele>
      </trkpt>
      <trkpt lat="44.93323" lon="4.88066">
        <ele>111.7</ele>
      </trkpt>
      <trkpt lat="44.93312" lon="4.88096">
        <ele>111.7</ele>
      </trkpt>
      <trkpt lat="44.93284" lon="4.88078">
        <ele>111.3</ele>
      </trkpt>
      <trkpt lat="44.93258" lon="4.88061">
        <ele>110.8</ele>
      </trkpt>
      <trkpt lat="44.93242" lon="4.88051">
        <ele>110.5</ele>
      </trkpt>
      <trkpt lat="44.93208" lon="4.8803">
        <ele>110.0</ele>
      </trkpt>
      <trkpt lat="44.93191" lon="4.88021">
        <ele>109.9</ele>
      </trkpt>
      <trkpt lat="44.93187" lon="4.88021">
        <ele>109.9</ele>
      </trkpt>
      <trkpt lat="44.9318" lon="4.8802">
        <ele>109.8</ele>
      </trkpt>
      <trkpt lat="44.93158" lon="4.88004">
        <ele>109.6</ele>
      </trkpt>
      <trkpt lat="44.9315" lon="4.87999">
        <ele>109.4</ele>
      </trkpt>
      <trkpt lat="44.93145" lon="4.87998">
        <ele>109.3</ele>
      </trkpt>
      <trkpt lat="44.93143" lon="4.87998">
        <ele>109.2</ele>
      </trkpt>
      <trkpt lat="44.93141" lon="4.88">
        <ele>109.1</ele>
      </trkpt>
      <trkpt lat="44.93115" lon="4.87972">
        <ele>109.5</ele>
      </trkpt>
      <trkpt lat="44.93114" lon="4.87981">
        <ele>109.0</ele>
      </trkpt>
      <trkpt lat="44.9311" lon="4.87991">
        <ele>108.4</ele>
      </trkpt>
      <trkpt lat="44.9311" lon="4.87995">
        <ele>108.2</ele>
      </trkpt>
      <trkpt lat="44.9311" lon="4.88">
        <ele>108.0</ele>
      </trkpt>
      <trkpt lat="44.93102" lon="4.88021">
        <ele>107.6</ele>
      </trkpt>
      <trkpt lat="44.93079" lon="4.87984">
        <ele>108.2</ele>
      </trkpt>
      <trkpt lat="44.93078" lon="4.87971">
        <ele>109.1</ele>
      </trkpt>
      <trkpt lat="44.93072" lon="4.87957">
        <ele>110.1</ele>
      </trkpt>
      <trkpt lat="44.9301" lon="4.87899">
        <ele>112.6</ele>
      </trkpt>
      <trkpt lat="44.92948" lon="4.87841">
        <ele>110.3</ele>
      </trkpt>
      <trkpt lat="44.92887" lon="4.87783">
        <ele>109.6</ele>
      </trkpt>
      <trkpt lat="44.92825" lon="4.87726">
        <ele>109.8</ele>
      </trkpt>
      <trkpt lat="44.92764" lon="4.87668">
        <ele>110.0</ele>
      </trkpt>
      <trkpt lat="44.92721" lon="4.87626">
        <ele>108.6</ele>
      </trkpt>
      <trkpt lat="44.92678" lon="4.87585">
        <ele>107.3</ele>
      </trkpt>
      <trkpt lat="44.9265" lon="4.87553">
        <ele>108.0</ele>
      </trkpt>
      <trkpt lat="44.92604" lon="4.87508">
        <ele>109.0</ele>
      </trkpt>
      <trkpt lat="44.92532" lon="4.87445">
        <ele>108.6</ele>
      </trkpt>
      <trkpt lat="44.92471" lon="4.87401">
        <ele>107.8</ele>
      </trkpt>
      <trkpt lat="44.9241" lon="4.87357">
        <ele>107.3</ele>
      </trkpt>
      <trkpt lat="44.92354" lon="4.87313">
        <ele>106.8</ele>
      </trkpt>
      <trkpt lat="44.92299" lon="4.8727">
        <ele>107.4</ele>
      </trkpt>
      <trkpt lat="44.92221" lon="4.87208">
        <ele>107.5</ele>
      </trkpt>
      <trkpt lat="44.92143" lon="4.87146">
        <ele>106.5</ele>
      </trkpt>
      <trkpt lat="44.92082" lon="4.87095">
        <ele>106.0</ele>
      </trkpt>
      <trkpt lat="44.92021" lon="4.87045">
        <ele>105.2</ele>
      </trkpt>
      <trkpt lat="44.92014" lon="4.87032">
        <ele>105.4</ele>
      </trkpt>
      <trkpt lat="44.92005" lon="4.86984">
        <ele>106.4</ele>
      </trkpt>
      <trkpt lat="44.91993" lon="4.86967">
        <ele>106.9</ele>
      </trkpt>
      <trkpt lat="44.91981" lon="4.86969">
        <ele>107.0</ele>
      </trkpt>
      <trkpt lat="44.91951" lon="4.86962">
        <ele>107.3</ele>
      </trkpt>
      <trkpt lat="44.91874" lon="4.86941">
        <ele>107.6</ele>
      </trkpt>
      <trkpt lat="44.91798" lon="4.86919">
        <ele>108.5</ele>
      </trkpt>
      <trkpt lat="44.91721" lon="4.86902">
        <ele>107.6</ele>
      </trkpt>
      <trkpt lat="44.91644" lon="4.86885">
        <ele>108.0</ele>
      </trkpt>
      <trkpt lat="44.91581" lon="4.86872">
        <ele>109.5</ele>
      </trkpt>
      <trkpt lat="44.91519" lon="4.8686">
        <ele>108.1</ele>
      </trkpt>
      <trkpt lat="44.91442" lon="4.86833">
        <ele>108.3</ele>
      </trkpt>
      <trkpt lat="44.91407" lon="4.86791">
        <ele>107.8</ele>
      </trkpt>
      <trkpt lat="44.91372" lon="4.86749">
        <ele>107.5</ele>
      </trkpt>
      <trkpt lat="44.91333" lon="4.86732">
        <ele>107.2</ele>
      </trkpt>
      <trkpt lat="44.91317" lon="4.86733">
        <ele>107.0</ele>
      </trkpt>
      <trkpt lat="44.91294" lon="4.86728">
        <ele>106.8</ele>
      </trkpt>
      <trkpt lat="44.91276" lon="4.86718">
        <ele>106.7</ele>
      </trkpt>
      <trkpt lat="44.91227" lon="4.86687">
        <ele>106.9</ele>
      </trkpt>
      <trkpt lat="44.91179" lon="4.86656">
        <ele>107.0</ele>
      </trkpt>
      <trkpt lat="44.91111" lon="4.86606">
        <ele>107.4</ele>
      </trkpt>
      <trkpt lat="44.9107" lon="4.86568">
        <ele>107.1</ele>
      </trkpt>
      <trkpt lat="44.91029" lon="4.86531">
        <ele>107.3</ele>
      </trkpt>
      <trkpt lat="44.91032" lon="4.86519">
        <ele>107.0</ele>
      </trkpt>
      <trkpt lat="44.91057" lon="4.86465">
        <ele>105.6</ele>
      </trkpt>
      <trkpt lat="44.91063" lon="4.86451">
        <ele>105.4</ele>
      </trkpt>
      <trkpt lat="44.91034" lon="4.86387">
        <ele>104.6</ele>
      </trkpt>
      <trkpt lat="44.91017" lon="4.86349">
        <ele>104.8</ele>
      </trkpt>
      <trkpt lat="44.90997" lon="4.86296">
        <ele>106.3</ele>
      </trkpt>
      <trkpt lat="44.9099" lon="4.86278">
        <ele>106.9</ele>
      </trkpt>
      <trkpt lat="44.90976" lon="4.86254">
        <ele>107.6</ele>
      </trkpt>
      <trkpt lat="44.90971" lon="4.86238">
        <ele>107.8</ele>
      </trkpt>
      <trkpt lat="44.9097" lon="4.86197">
        <ele>108.3</ele>
      </trkpt>
      <trkpt lat="44.90976" lon="4.86071">
        <ele>107.3</ele>
      </trkpt>
      <trkpt lat="44.90982" lon="4.85945">
        <ele>106.9</ele>
      </trkpt>
      <trkpt lat="44.90988" lon="4.85818">
        <ele>106.0</ele>
      </trkpt>
      <trkpt lat="44.90994" lon="4.85692">
        <ele>108.8</ele>
      </trkpt>
      <trkpt lat="44.91" lon="4.85617">
        <ele>109.4</ele>
      </trkpt>
      <trkpt lat="44.91009" lon="4.8558">
        <ele>108.5</ele>
      </trkpt>
      <trkpt lat="44.91014" lon="4.85564">
        <ele>107.8</ele>
      </trkpt>
      <trkpt lat="44.91026" lon="4.85531">
        <ele>106.8</ele>
      </trkpt>
      <trkpt lat="44.91037" lon="4.85492">
        <ele>106.9</ele>
      </trkpt>
      <trkpt lat="44.90985" lon="4.85458">
        <ele>109.0</ele>
      </trkpt>
      <trkpt lat="44.90934" lon="4.85424">
        <ele>110.2</ele>
      </trkpt>
      <trkpt lat="44.90864" lon="4.85401">
        <ele>111.4</ele>
      </trkpt>
      <trkpt lat="44.90809" lon="4.85391">
        <ele>112.2</ele>
      </trkpt>
      <trkpt lat="44.90754" lon="4.85381">
        <ele>114.1</ele>
      </trkpt>
      <trkpt lat="44.90733" lon="4.85374">
        <ele>114.4</ele>
      </trkpt>
      <trkpt lat="44.90663" lon="4.85373">
        <ele>111.8</ele>
      </trkpt>
      <trkpt lat="44.9063" lon="4.85375">
        <ele>111.8</ele>
      </trkpt>
      <trkpt lat="44.90575" lon="4.85376">
        <ele>111.9</ele>
      </trkpt>
      <trkpt lat="44.90519" lon="4.85374">
        <ele>112.1</ele>
      </trkpt>
      <trkpt lat="44.90474" lon="4.8537">
        <ele>111.4</ele>
      </trkpt>
      <trkpt lat="44.90403" lon="4.85358">
        <ele>110.2</ele>
      </trkpt>
      <trkpt lat="44.90362" lon="4.85347">
        <ele>110.6</ele>
      </trkpt>
      <trkpt lat="44.90304" lon="4.85328">
        <ele>112.0</ele>
      </trkpt>
      <trkpt lat="44.90253" lon="4.85308">
        <ele>113.9</ele>
      </trkpt>
      <trkpt lat="44.90176" lon="4.85273">
        <ele>113.3</ele>
      </trkpt>
      <trkpt lat="44.9015" lon="4.85264">
        <ele>112.5</ele>
      </trkpt>
      <trkpt lat="44.90117" lon="4.85255">
        <ele>111.8</ele>
      </trkpt>
      <trkpt lat="44.90043" lon="4.85239">
        <ele>110.4</ele>
      </trkpt>
      <trkpt lat="44.90005" lon="4.85233">
        <ele>108.9</ele>
      </trkpt>
      <trkpt lat="44.89922" lon="4.85223">
        <ele>109.0</ele>
      </trkpt>
      <trkpt lat="44.89844" lon="4.85215">
        <ele>109.1</ele>
      </trkpt>
      <trkpt lat="44.89767" lon="4.85207">
        <ele>107.3</ele>
      </trkpt>
      <trkpt lat="44.89689" lon="4.852">
        <ele>106.1</ele>
      </trkpt>
      <trkpt lat="44.89631" lon="4.85195">
        <ele>106.0</ele>
      </trkpt>
      <trkpt lat="44.89573" lon="4.8519">
        <ele>106.2</ele>
      </trkpt>
      <trkpt lat="44.89511" lon="4.85185">
        <ele>106.0</ele>
      </trkpt>
      <trkpt lat="44.8945" lon="4.85179">
        <ele>106.8</ele>
      </trkpt>
      <trkpt lat="44.89416" lon="4.85178">
        <ele>107.1</ele>
      </trkpt>
      <trkpt lat="44.89366" lon="4.85176">
        <ele>105.7</ele>
      </trkpt>
      <trkpt lat="44.89315" lon="4.85173">
        <ele>105.3</ele>
      </trkpt>
      <trkpt lat="44.89288" lon="4.85173">
        <ele>106.0</ele>
      </trkpt>
      <trkpt lat="44.89252" lon="4.85177">
        <ele>107.1</ele>
      </trkpt>
      <trkpt lat="44.89238" lon="4.85176">
        <ele>107.4</ele>
      </trkpt>
      <trkpt lat="44.89221" lon="4.85181">
        <ele>107.8</ele>
      </trkpt>
      <trkpt lat="44.8914" lon="4.852">
        <ele>108.9</ele>
      </trkpt>
      <trkpt lat="44.89059" lon="4.85218">
        <ele>108.9</ele>
      </trkpt>
      <trkpt lat="44.88978" lon="4.85237">
        <ele>109.2</ele>
      </trkpt>
      <trkpt lat="44.88967" lon="4.85232">
        <ele>108.8</ele>
      </trkpt>
      <trkpt lat="44.88963" lon="4.85238">
        <ele>108.7</ele>
      </trkpt>
      <trkpt lat="44.88956" lon="4.85244">
        <ele>108.4</ele>
      </trkpt>
      <trkpt lat="44.8894" lon="4.85247">
        <ele>107.8</ele>
      </trkpt>
      <trkpt lat="44.88934" lon="4.85247">
        <ele>107.6</ele>
      </trkpt>
      <trkpt lat="44.88868" lon="4.85274">
        <ele>106.2</ele>
      </trkpt>
      <trkpt lat="44.88801" lon="4.853">
        <ele>106.2</ele>
      </trkpt>
      <trkpt lat="44.88756" lon="4.85324">
        <ele>105.3</ele>
      </trkpt>
      <trkpt lat="44.8871" lon="4.85348">
        <ele>104.7</ele>
      </trkpt>
      <trkpt lat="44.88654" lon="4.85388">
        <ele>104.8</ele>
      </trkpt>
      <trkpt lat="44.88599" lon="4.85428">
        <ele>104.2</ele>
      </trkpt>
      <trkpt lat="44.88543" lon="4.85468">
        <ele>104.7</ele>
      </trkpt>
      <trkpt lat="44.88525" lon="4.85469">
        <ele>104.8</ele>
      </trkpt>
      <trkpt lat="44.88513" lon="4.85466">
        <ele>104.8</ele>
      </trkpt>
      <trkpt lat="44.88502" lon="4.85467">
        <ele>104.8</ele>
      </trkpt>
      <trkpt lat="44.88489" lon="4.8547">
        <ele>104.5</ele>
      </trkpt>
      <trkpt lat="44.88441" lon="4.85486">
        <ele>102.9</ele>
      </trkpt>
      <trkpt lat="44.88386" lon="4.85491">
        <ele>102.2</ele>
      </trkpt>
      <trkpt lat="44.88332" lon="4.85496">
        <ele>102.9</ele>
      </trkpt>
      <trkpt lat="44.88307" lon="4.85491">
        <ele>102.8</ele>
      </trkpt>
      <trkpt lat="44.88244" lon="4.85455">
        <ele>102.0</ele>
      </trkpt>
      <trkpt lat="44.8818" lon="4.85419">
        <ele>101.9</ele>
      </trkpt>
      <trkpt lat="44.88094" lon="4.85397">
        <ele>101.9</ele>
      </trkpt>
      <trkpt lat="44.88064" lon="4.85336">
        <ele>102.0</ele>
      </trkpt>
      <trkpt lat="44.88035" lon="4.85275">
        <ele>104.1</ele>
      </trkpt>
      <trkpt lat="44.88022" lon="4.85254">
        <ele>104.9</ele>
      </trkpt>
      <trkpt lat="44.88016" lon="4.85247">
        <ele>105.2</ele>
      </trkpt>
      <trkpt lat="44.8801" lon="4.8524">
        <ele>105.6</ele>
      </trkpt>
      <trkpt lat="44.88007" lon="4.85237">
        <ele>105.8</ele>
      </trkpt>
      <trkpt lat="44.88003" lon="4.85235">
        <ele>105.9</ele>
      </trkpt>
      <trkpt lat="44.87987" lon="4.85239">
        <ele>105.9</ele>
      </trkpt>
      <trkpt lat="44.87975" lon="4.85241">
        <ele>106.0</ele>
      </trkpt>
      <trkpt lat="44.87964" lon="4.8524">
        <ele>106.3</ele>
      </trkpt>
      <trkpt lat="44.87954" lon="4.85233">
        <ele>106.7</ele>
      </trkpt>
      <trkpt lat="44.87944" lon="4.85219">
        <ele>107.2</ele>
      </trkpt>
      <trkpt lat="44.87939" lon="4.85208">
        <ele>107.5</ele>
      </trkpt>
      <trkpt lat="44.87938" lon="4.85193">
        <ele>107.9</ele>
      </trkpt>
      <trkpt lat="44.87939" lon="4.85162">
        <ele>108.4</ele>
      </trkpt>
      <trkpt lat="44.87939" lon="4.85144">
        <ele>108.1</ele>
      </trkpt>
      <trkpt lat="44.87972" lon="4.85108">
        <ele>107.7</ele>
      </trkpt>
      <trkpt lat="44.87994" lon="4.8509">
        <ele>107.2</ele>
      </trkpt>
      <trkpt lat="44.88012" lon="4.85076">
        <ele>106.8</ele>
      </trkpt>
      <trkpt lat="44.88027" lon="4.8507">
        <ele>106.5</ele>
      </trkpt>
      <trkpt lat="44.88065" lon="4.85072">
        <ele>106.1</ele>
      </trkpt>
      <trkpt lat="44.88075" lon="4.85067">
        <ele>105.9</ele>
      </trkpt>
      <trkpt lat="44.88065" lon="4.85062">
        <ele>106.0</ele>
      </trkpt>
      <trkpt lat="44.88026" lon="4.85058">
        <ele>106.4</ele>
      </trkpt>
      <trkpt lat="44.88014" lon="4.85056">
        <ele>106.5</ele>
      </trkpt>
      <trkpt lat="44.87944" lon="4.85039">
        <ele>106.8</ele>
      </trkpt>
      <trkpt lat="44.87874" lon="4.85022">
        <ele>106.1</ele>
      </trkpt>
      <trkpt lat="44.87837" lon="4.85008">
        <ele>105.2</ele>
      </trkpt>
      <trkpt lat="44.87806" lon="4.85001">
        <ele>104.7</ele>
      </trkpt>
      <trkpt lat="44.87784" lon="4.84998">
        <ele>104.4</ele>
      </trkpt>
      <trkpt lat="44.87758" lon="4.85003">
        <ele>104.0</ele>
      </trkpt>
      <trkpt lat="44.87713" lon="4.85023">
        <ele>104.2</ele>
      </trkpt>
      <trkpt lat="44.87667" lon="4.85044">
        <ele>104.4</ele>
      </trkpt>
      <trkpt lat="44.87639" lon="4.85054">
        <ele>103.9</ele>
      </trkpt>
      <trkpt lat="44.87606" lon="4.8506">
        <ele>103.6</ele>
      </trkpt>
      <trkpt lat="44.87581" lon="4.85061">
        <ele>103.5</ele>
      </trkpt>
      <trkpt lat="44.87522" lon="4.85059">
        <ele>102.8</ele>
      </trkpt>
      <trkpt lat="44.87501" lon="4.85055">
        <ele>102.7</ele>
      </trkpt>
      <trkpt lat="44.87451" lon="4.8504">
        <ele>102.2</ele>
      </trkpt>
      <trkpt lat="44.87401" lon="4.85025">
        <ele>102.3</ele>
      </trkpt>
      <trkpt lat="44.87363" lon="4.85015">
        <ele>103.1</ele>
      </trkpt>
      <trkpt lat="44.87354" lon="4.85011">
        <ele>103.3</ele>
      </trkpt>
      <trkpt lat="44.87336" lon="4.85001">
        <ele>103.9</ele>
      </trkpt>
      <trkpt lat="44.87323" lon="4.8499">
        <ele>104.1</ele>
      </trkpt>
      <trkpt lat="44.87301" lon="4.84969">
        <ele>104.4</ele>
      </trkpt>
      <trkpt lat="44.87281" lon="4.84961">
        <ele>104.6</ele>
      </trkpt>
      <trkpt lat="44.87256" lon="4.84956">
        <ele>104.9</ele>
      </trkpt>
      <trkpt lat="44.87219" lon="4.84946">
        <ele>104.8</ele>
      </trkpt>
      <trkpt lat="44.87161" lon="4.84926">
        <ele>104.2</ele>
      </trkpt>
      <trkpt lat="44.87147" lon="4.84922">
        <ele>104.3</ele>
      </trkpt>
      <trkpt lat="44.87095" lon="4.84912">
        <ele>104.8</ele>
      </trkpt>
      <trkpt lat="44.87042" lon="4.84903">
        <ele>104.7</ele>
      </trkpt>
      <trkpt lat="44.86992" lon="4.84892">
        <ele>104.9</ele>
      </trkpt>
      <trkpt lat="44.86943" lon="4.8488">
        <ele>105.9</ele>
      </trkpt>
      <trkpt lat="44.8693" lon="4.84874">
        <ele>106.2</ele>
      </trkpt>
      <trkpt lat="44.86915" lon="4.84863">
        <ele>106.3</ele>
      </trkpt>
      <trkpt lat="44.8691" lon="4.84862">
        <ele>106.3</ele>
      </trkpt>
      <trkpt lat="44.86889" lon="4.84862">
        <ele>106.2</ele>
      </trkpt>
      <trkpt lat="44.86884" lon="4.8486">
        <ele>106.2</ele>
      </trkpt>
      <trkpt lat="44.86928" lon="4.84765">
        <ele>104.4</ele>
      </trkpt>
      <trkpt lat="44.86973" lon="4.8467">
        <ele>104.7</ele>
      </trkpt>
      <trkpt lat="44.87018" lon="4.84575">
        <ele>105.8</ele>
      </trkpt>
      <trkpt lat="44.87051" lon="4.84516">
        <ele>105.9</ele>
      </trkpt>
      <trkpt lat="44.87084" lon="4.84456">
        <ele>106.5</ele>
      </trkpt>
      <trkpt lat="44.87077" lon="4.8445">
        <ele>106.6</ele>
      </trkpt>
      <trkpt lat="44.87054" lon="4.84427">
        <ele>106.9</ele>
      </trkpt>
      <trkpt lat="44.8701" lon="4.84391">
        <ele>106.7</ele>
      </trkpt>
      <trkpt lat="44.86965" lon="4.84354">
        <ele>105.4</ele>
      </trkpt>
      <trkpt lat="44.86896" lon="4.843">
        <ele>104.7</ele>
      </trkpt>
      <trkpt lat="44.86827" lon="4.84246">
        <ele>106.9</ele>
      </trkpt>
      <trkpt lat="44.86758" lon="4.84192">
        <ele>106.1</ele>
      </trkpt>
      <trkpt lat="44.86711" lon="4.84154">
        <ele>105.0</ele>
      </trkpt>
      <trkpt lat="44.86664" lon="4.84117">
        <ele>104.1</ele>
      </trkpt>
      <trkpt lat="44.86601" lon="4.84071">
        <ele>105.7</ele>
      </trkpt>
      <trkpt lat="44.86588" lon="4.84065">
        <ele>105.9</ele>
      </trkpt>
      <trkpt lat="44.86582" lon="4.84064">
        <ele>106.0</ele>
      </trkpt>
      <trkpt lat="44.86579" lon="4.84062">
        <ele>106.0</ele>
      </trkpt>
      <trkpt lat="44.86574" lon="4.84055">
        <ele>105.9</ele>
      </trkpt>
      <trkpt lat="44.86529" lon="4.84019">
        <ele>105.9</ele>
      </trkpt>
      <trkpt lat="44.86483" lon="4.83983">
        <ele>106.2</ele>
      </trkpt>
      <trkpt lat="44.86424" lon="4.83934">
        <ele>106.9</ele>
      </trkpt>
      <trkpt lat="44.86366" lon="4.83886">
        <ele>107.6</ele>
      </trkpt>
      <trkpt lat="44.86354" lon="4.83872">
        <ele>107.9</ele>
      </trkpt>
      <trkpt lat="44.86336" lon="4.83858">
        <ele>108.4</ele>
      </trkpt>
      <trkpt lat="44.86316" lon="4.83848">
        <ele>108.1</ele>
      </trkpt>
      <trkpt lat="44.86263" lon="4.83806">
        <ele>107.0</ele>
      </trkpt>
      <trkpt lat="44.86213" lon="4.83764">
        <ele>108.2</ele>
      </trkpt>
      <trkpt lat="44.86186" lon="4.83739">
        <ele>108.8</ele>
      </trkpt>
      <trkpt lat="44.86181" lon="4.83746">
        <ele>108.8</ele>
      </trkpt>
      <trkpt lat="44.86169" lon="4.83757">
        <ele>108.9</ele>
      </trkpt>
      <trkpt lat="44.86156" lon="4.83775">
        <ele>108.7</ele>
      </trkpt>
      <trkpt lat="44.86084" lon="4.83709">
        <ele>109.0</ele>
      </trkpt>
      <trkpt lat="44.86077" lon="4.837">
        <ele>109.2</ele>
      </trkpt>
      <trkpt lat="44.86073" lon="4.83693">
        <ele>109.4</ele>
      </trkpt>
      <trkpt lat="44.8607" lon="4.83685">
        <ele>109.6</ele>
      </trkpt>
      <trkpt lat="44.86048" lon="4.83668">
        <ele>110.0</ele>
      </trkpt>
      <trkpt lat="44.86016" lon="4.83645">
        <ele>110.3</ele>
      </trkpt>
      <trkpt lat="44.86012" lon="4.8364">
        <ele>110.4</ele>
      </trkpt>
      <trkpt lat="44.86003" lon="4.83624">
        <ele>110.5</ele>
      </trkpt>
      <trkpt lat="44.85968" lon="4.83592">
        <ele>109.8</ele>
      </trkpt>
      <trkpt lat="44.85958" lon="4.83578">
        <ele>109.4</ele>
      </trkpt>
      <trkpt lat="44.85944" lon="4.83548">
        <ele>108.6</ele>
      </trkpt>
      <trkpt lat="44.85928" lon="4.83558">
        <ele>108.1</ele>
      </trkpt>
      <trkpt lat="44.85878" lon="4.83594">
        <ele>107.1</ele>
      </trkpt>
      <trkpt lat="44.85836" lon="4.83622">
        <ele>106.5</ele>
      </trkpt>
      <trkpt lat="44.85793" lon="4.8365">
        <ele>106.3</ele>
      </trkpt>
      <trkpt lat="44.85732" lon="4.83697">
        <ele>106.0</ele>
      </trkpt>
      <trkpt lat="44.85676" lon="4.83738">
        <ele>105.9</ele>
      </trkpt>
      <trkpt lat="44.8562" lon="4.8378">
        <ele>105.8</ele>
      </trkpt>
      <trkpt lat="44.85597" lon="4.83787">
        <ele>105.6</ele>
      </trkpt>
      <trkpt lat="44.85547" lon="4.83793">
        <ele>105.1</ele>
      </trkpt>
      <trkpt lat="44.85543" lon="4.83794">
        <ele>105.1</ele>
      </trkpt>
      <trkpt lat="44.8554" lon="4.83797">
        <ele>105.0</ele>
      </trkpt>
      <trkpt lat="44.85534" lon="4.83802">
        <ele>105.1</ele>
      </trkpt>
      <trkpt lat="44.85527" lon="4.838">
        <ele>105.0</ele>
      </trkpt>
      <trkpt lat="44.8552" lon="4.838">
        <ele>104.9</ele>
      </trkpt>
      <trkpt lat="44.85509" lon="4.83803">
        <ele>105.0</ele>
      </trkpt>
      <trkpt lat="44.85503" lon="4.83807">
        <ele>105.1</ele>
      </trkpt>
      <trkpt lat="44.85497" lon="4.83815">
        <ele>105.4</ele>
      </trkpt>
      <trkpt lat="44.85493" lon="4.83823">
        <ele>105.8</ele>
      </trkpt>
      <trkpt lat="44.85488" lon="4.83828">
        <ele>106.1</ele>
      </trkpt>
      <trkpt lat="44.85476" lon="4.83826">
        <ele>106.3</ele>
      </trkpt>
      <trkpt lat="44.8547" lon="4.83823">
        <ele>106.4</ele>
      </trkpt>
      <trkpt lat="44.85467" lon="4.83818">
        <ele>106.2</ele>
      </trkpt>
      <trkpt lat="44.8547" lon="4.83794">
        <ele>105.3</ele>
      </trkpt>
      <trkpt lat="44.85479" lon="4.83731">
        <ele>102.8</ele>
      </trkpt>
      <trkpt lat="44.85483" lon="4.83684">
        <ele>100.9</ele>
      </trkpt>
      <trkpt lat="44.85484" lon="4.83651">
        <ele>100.6</ele>
      </trkpt>
      <trkpt lat="44.854" lon="4.83635">
        <ele>102.4</ele>
      </trkpt>
      <trkpt lat="44.85372" lon="4.8363">
        <ele>102.9</ele>
      </trkpt>
      <trkpt lat="44.85347" lon="4.83628">
        <ele>103.3</ele>
      </trkpt>
      <trkpt lat="44.85334" lon="4.83624">
        <ele>103.5</ele>
      </trkpt>
      <trkpt lat="44.85327" lon="4.8362">
        <ele>103.2</ele>
      </trkpt>
      <trkpt lat="44.85323" lon="4.83612">
        <ele>103.2</ele>
      </trkpt>
      <trkpt lat="44.85311" lon="4.83609">
        <ele>102.8</ele>
      </trkpt>
      <trkpt lat="44.85301" lon="4.83603">
        <ele>102.7</ele>
      </trkpt>
      <trkpt lat="44.85291" lon="4.83596">
        <ele>102.8</ele>
      </trkpt>
      <trkpt lat="44.85282" lon="4.83584">
        <ele>103.3</ele>
      </trkpt>
      <trkpt lat="44.85222" lon="4.83493">
        <ele>103.1</ele>
      </trkpt>
      <trkpt lat="44.8518" lon="4.83425">
        <ele>102.5</ele>
      </trkpt>
      <trkpt lat="44.85137" lon="4.83358">
        <ele>102.6</ele>
      </trkpt>
      <trkpt lat="44.85095" lon="4.8329">
        <ele>102.0</ele>
      </trkpt>
      <trkpt lat="44.85053" lon="4.8322">
        <ele>102.1</ele>
      </trkpt>
      <trkpt lat="44.8501" lon="4.83151">
        <ele>101.7</ele>
      </trkpt>
      <trkpt lat="44.84967" lon="4.83081">
        <ele>100.6</ele>
      </trkpt>
      <trkpt lat="44.84927" lon="4.8302">
        <ele>99.6</ele>
      </trkpt>
      <trkpt lat="44.84891" lon="4.82962">
        <ele>99.9</ele>
      </trkpt>
      <trkpt lat="44.84855" lon="4.82905">
        <ele>100.2</ele>
      </trkpt>
      <trkpt lat="44.84819" lon="4.82842">
        <ele>98.7</ele>
      </trkpt>
      <trkpt lat="44.84786" lon="4.82791">
        <ele>98.1</ele>
      </trkpt>
      <trkpt lat="44.84752" lon="4.82734">
        <ele>97.0</ele>
      </trkpt>
      <trkpt lat="44.84699" lon="4.82649">
        <ele>96.0</ele>
      </trkpt>
      <trkpt lat="44.84646" lon="4.82563">
        <ele>97.0</ele>
      </trkpt>
      <trkpt lat="44.84593" lon="4.82478">
        <ele>98.1</ele>
      </trkpt>
      <trkpt lat="44.84542" lon="4.82403">
        <ele>98.6</ele>
      </trkpt>
      <trkpt lat="44.84482" lon="4.8232">
        <ele>99.0</ele>
      </trkpt>
      <trkpt lat="44.84456" lon="4.82277">
        <ele>101.1</ele>
      </trkpt>
      <trkpt lat="44.84447" lon="4.8226">
        <ele>101.7</ele>
      </trkpt>
      <trkpt lat="44.84439" lon="4.82249">
        <ele>102.0</ele>
      </trkpt>
      <trkpt lat="44.84429" lon="4.82244">
        <ele>102.2</ele>
      </trkpt>
      <trkpt lat="44.84421" lon="4.82237">
        <ele>102.5</ele>
      </trkpt>
      <trkpt lat="44.84416" lon="4.82228">
        <ele>102.8</ele>
      </trkpt>
      <trkpt lat="44.84414" lon="4.82217">
        <ele>103.3</ele>
      </trkpt>
      <trkpt lat="44.84416" lon="4.82206">
        <ele>103.6</ele>
      </trkpt>
      <trkpt lat="44.8442" lon="4.82198">
        <ele>103.9</ele>
      </trkpt>
      <trkpt lat="44.84428" lon="4.82188">
        <ele>104.3</ele>
      </trkpt>
      <trkpt lat="44.84444" lon="4.82169">
        <ele>105.2</ele>
      </trkpt>
      <trkpt lat="44.84448" lon="4.82159">
        <ele>105.4</ele>
      </trkpt>
      <trkpt lat="44.8445" lon="4.8215">
        <ele>105.5</ele>
      </trkpt>
      <trkpt lat="44.8445" lon="4.82141">
        <ele>105.5</ele>
      </trkpt>
      <trkpt lat="44.84448" lon="4.82131">
        <ele>105.5</ele>
      </trkpt>
      <trkpt lat="44.84444" lon="4.82124">
        <ele>105.5</ele>
      </trkpt>
      <trkpt lat="44.84433" lon="4.82116">
        <ele>105.3</ele>
      </trkpt>
      <trkpt lat="44.8437" lon="4.82073">
        <ele>105.5</ele>
      </trkpt>
      <trkpt lat="44.84336" lon="4.82046">
        <ele>105.1</ele>
      </trkpt>
      <trkpt lat="44.84297" lon="4.82007">
        <ele>103.7</ele>
      </trkpt>
      <trkpt lat="44.84256" lon="4.81975">
        <ele>103.6</ele>
      </trkpt>
      <trkpt lat="44.84233" lon="4.81965">
        <ele>104.0</ele>
      </trkpt>
      <trkpt lat="44.84227" lon="4.81961">
        <ele>104.1</ele>
      </trkpt>
      <trkpt lat="44.84198" lon="4.8194">
        <ele>104.6</ele>
      </trkpt>
      <trkpt lat="44.84134" lon="4.81896">
        <ele>106.3</ele>
      </trkpt>
      <trkpt lat="44.84089" lon="4.81861">
        <ele>107.6</ele>
      </trkpt>
      <trkpt lat="44.84074" lon="4.81851">
        <ele>106.3</ele>
      </trkpt>
      <trkpt lat="44.84029" lon="4.8183">
        <ele>99.8</ele>
      </trkpt>
      <trkpt lat="44.84006" lon="4.81818">
        <ele>98.1</ele>
      </trkpt>
      <trkpt lat="44.83989" lon="4.81803">
        <ele>99.7</ele>
      </trkpt>
      <trkpt lat="44.8393" lon="4.81759">
        <ele>106.5</ele>
      </trkpt>
      <trkpt lat="44.83899" lon="4.81738">
        <ele>105.8</ele>
      </trkpt>
      <trkpt lat="44.83858" lon="4.81713">
        <ele>103.1</ele>
      </trkpt>
      <trkpt lat="44.83816" lon="4.8169">
        <ele>102.4</ele>
      </trkpt>
      <trkpt lat="44.83773" lon="4.81667">
        <ele>98.6</ele>
      </trkpt>
      <trkpt lat="44.83737" lon="4.8165">
        <ele>97.5</ele>
      </trkpt>
      <trkpt lat="44.83674" lon="4.81626">
        <ele>100.9</ele>
      </trkpt>
      <trkpt lat="44.83612" lon="4.81602">
        <ele>98.2</ele>
      </trkpt>
      <trkpt lat="44.83548" lon="4.81574">
        <ele>95.8</ele>
      </trkpt>
      <trkpt lat="44.83491" lon="4.8155">
        <ele>97.4</ele>
      </trkpt>
      <trkpt lat="44.83441" lon="4.81527">
        <ele>99.1</ele>
      </trkpt>
      <trkpt lat="44.83409" lon="4.81511">
        <ele>100.2</ele>
      </trkpt>
      <trkpt lat="44.83371" lon="4.81486">
        <ele>101.0</ele>
      </trkpt>
      <trkpt lat="44.8333" lon="4.81457">
        <ele>101.2</ele>
      </trkpt>
      <trkpt lat="44.83283" lon="4.8142">
        <ele>97.8</ele>
      </trkpt>
      <trkpt lat="44.83231" lon="4.81376">
        <ele>95.8</ele>
      </trkpt>
      <trkpt lat="44.83173" lon="4.81318">
        <ele>96.1</ele>
      </trkpt>
      <trkpt lat="44.83134" lon="4.81279">
        <ele>97.4</ele>
      </trkpt>
      <trkpt lat="44.83096" lon="4.8124">
        <ele>96.3</ele>
      </trkpt>
      <trkpt lat="44.83055" lon="4.812">
        <ele>96.6</ele>
      </trkpt>
      <trkpt lat="44.83027" lon="4.81174">
        <ele>96.2</ele>
      </trkpt>
      <trkpt lat="44.82997" lon="4.81151">
        <ele>95.8</ele>
      </trkpt>
      <trkpt lat="44.82959" lon="4.81123">
        <ele>97.9</ele>
      </trkpt>
      <trkpt lat="44.82917" lon="4.81096">
        <ele>100.9</ele>
      </trkpt>
      <trkpt lat="44.82861" lon="4.81069">
        <ele>101.3</ele>
      </trkpt>
      <trkpt lat="44.82807" lon="4.81046">
        <ele>101.0</ele>
      </trkpt>
      <trkpt lat="44.8276" lon="4.81024">
        <ele>101.2</ele>
      </trkpt>
      <trkpt lat="44.82694" lon="4.80995">
        <ele>100.5</ele>
      </trkpt>
      <trkpt lat="44.82664" lon="4.80982">
        <ele>100.0</ele>
      </trkpt>
      <trkpt lat="44.82652" lon="4.80978">
        <ele>99.3</ele>
      </trkpt>
      <trkpt lat="44.8264" lon="4.80979">
        <ele>98.8</ele>
      </trkpt>
      <trkpt lat="44.82626" lon="4.80982">
        <ele>98.2</ele>
      </trkpt>
      <trkpt lat="44.82615" lon="4.80989">
        <ele>97.8</ele>
      </trkpt>
      <trkpt lat="44.82596" lon="4.81009">
        <ele>97.3</ele>
      </trkpt>
      <trkpt lat="44.8258" lon="4.81025">
        <ele>97.7</ele>
      </trkpt>
      <trkpt lat="44.82504" lon="4.81">
        <ele>96.9</ele>
      </trkpt>
      <trkpt lat="44.82489" lon="4.80978">
        <ele>97.8</ele>
      </trkpt>
      <trkpt lat="44.8246" lon="4.80942">
        <ele>98.3</ele>
      </trkpt>
      <trkpt lat="44.82427" lon="4.80911">
        <ele>97.2</ele>
      </trkpt>
      <trkpt lat="44.82415" lon="4.80885">
        <ele>96.6</ele>
      </trkpt>
      <trkpt lat="44.8241" lon="4.80889">
        <ele>96.5</ele>
      </trkpt>
      <trkpt lat="44.82402" lon="4.80891">
        <ele>96.2</ele>
      </trkpt>
      <trkpt lat="44.82394" lon="4.80888">
        <ele>96.0</ele>
      </trkpt>
      <trkpt lat="44.82405" lon="4.80834">
        <ele>96.0</ele>
      </trkpt>
      <trkpt lat="44.82408" lon="4.80817">
        <ele>96.0</ele>
      </trkpt>
      <trkpt lat="44.82426" lon="4.80729">
        <ele>95.9</ele>
      </trkpt>
      <trkpt lat="44.8243" lon="4.80703">
        <ele>95.7</ele>
      </trkpt>
      <trkpt lat="44.82438" lon="4.80661">
        <ele>95.5</ele>
      </trkpt>
      <trkpt lat="44.82445" lon="4.80624">
        <ele>95.8</ele>
      </trkpt>
      <trkpt lat="44.82455" lon="4.80595">
        <ele>96.3</ele>
      </trkpt>
      <trkpt lat="44.82464" lon="4.80578">
        <ele>96.8</ele>
      </trkpt>
      <trkpt lat="44.82472" lon="4.80568">
        <ele>97.2</ele>
      </trkpt>
      <trkpt lat="44.82494" lon="4.80544">
        <ele>98.3</ele>
      </trkpt>
      <trkpt lat="44.82504" lon="4.8053">
        <ele>98.5</ele>
      </trkpt>
      <trkpt lat="44.82511" lon="4.80519">
        <ele>98.5</ele>
      </trkpt>
      <trkpt lat="44.82514" lon="4.80512">
        <ele>98.5</ele>
      </trkpt>
      <trkpt lat="44.82545" lon="4.80399">
        <ele>97.7</ele>
      </trkpt>
      <trkpt lat="44.82569" lon="4.80318">
        <ele>98.5</ele>
      </trkpt>
      <trkpt lat="44.82581" lon="4.80302">
        <ele>98.6</ele>
      </trkpt>
      <trkpt lat="44.82599" lon="4.80282">
        <ele>100.3</ele>
      </trkpt>
      <trkpt lat="44.82615" lon="4.80281">
        <ele>102.5</ele>
      </trkpt>
      <trkpt lat="44.82624" lon="4.80279">
        <ele>103.7</ele>
      </trkpt>
      <trkpt lat="44.82628" lon="4.80276">
        <ele>104.3</ele>
      </trkpt>
      <trkpt lat="44.82595" lon="4.80213">
        <ele>100.0</ele>
      </trkpt>
      <trkpt lat="44.82568" lon="4.80159">
        <ele>98.0</ele>
      </trkpt>
      <trkpt lat="44.82542" lon="4.80105">
        <ele>98.6</ele>
      </trkpt>
      <trkpt lat="44.82514" lon="4.80054">
        <ele>97.7</ele>
      </trkpt>
      <trkpt lat="44.82509" lon="4.80037">
        <ele>97.2</ele>
      </trkpt>
      <trkpt lat="44.82505" lon="4.8002">
        <ele>96.6</ele>
      </trkpt>
      <trkpt lat="44.82504" lon="4.80003">
        <ele>96.2</ele>
      </trkpt>
      <trkpt lat="44.82493" lon="4.80003">
        <ele>96.1</ele>
      </trkpt>
      <trkpt lat="44.82489" lon="4.80001">
        <ele>96.0</ele>
      </trkpt>
      <trkpt lat="44.82483" lon="4.79989">
        <ele>95.8</ele>
      </trkpt>
      <trkpt lat="44.82436" lon="4.79898">
        <ele>93.9</ele>
      </trkpt>
      <trkpt lat="44.8239" lon="4.79807">
        <ele>97.0</ele>
      </trkpt>
      <trkpt lat="44.82381" lon="4.79792">
        <ele>96.8</ele>
      </trkpt>
      <trkpt lat="44.82379" lon="4.79801">
        <ele>96.8</ele>
      </trkpt>
      <trkpt lat="44.82375" lon="4.79806">
        <ele>96.8</ele>
      </trkpt>
      <trkpt lat="44.82372" lon="4.79813">
        <ele>96.8</ele>
      </trkpt>
      <trkpt lat="44.82372" lon="4.79823">
        <ele>96.9</ele>
      </trkpt>
      <trkpt lat="44.82368" lon="4.79838">
        <ele>96.7</ele>
      </trkpt>
      <trkpt lat="44.82363" lon="4.79851">
        <ele>96.4</ele>
      </trkpt>
      <trkpt lat="44.82347" lon="4.79886">
        <ele>96.2</ele>
      </trkpt>
      <trkpt lat="44.82323" lon="4.79922">
        <ele>97.1</ele>
      </trkpt>
      <trkpt lat="44.823" lon="4.79943">
        <ele>97.3</ele>
      </trkpt>
      <trkpt lat="44.82288" lon="4.79957">
        <ele>97.5</ele>
      </trkpt>
      <trkpt lat="44.82263" lon="4.79964">
        <ele>97.6</ele>
      </trkpt>
      <trkpt lat="44.82232" lon="4.79983">
        <ele>97.2</ele>
      </trkpt>
      <trkpt lat="44.82214" lon="4.79997">
        <ele>96.7</ele>
      </trkpt>
      <trkpt lat="44.82207" lon="4.80007">
        <ele>96.4</ele>
      </trkpt>
      <trkpt lat="44.82201" lon="4.80023">
        <ele>96.0</ele>
      </trkpt>
      <trkpt lat="44.82193" lon="4.80041">
        <ele>95.4</ele>
      </trkpt>
      <trkpt lat="44.82187" lon="4.8005">
        <ele>95.1</ele>
      </trkpt>
      <trkpt lat="44.82164" lon="4.80066">
        <ele>94.2</ele>
      </trkpt>
      <trkpt lat="44.82138" lon="4.80083">
        <ele>94.0</ele>
      </trkpt>
      <trkpt lat="44.82109" lon="4.80095">
        <ele>93.9</ele>
      </trkpt>
      <trkpt lat="44.8208" lon="4.80101">
        <ele>93.6</ele>
      </trkpt>
      <trkpt lat="44.82022" lon="4.80109">
        <ele>94.6</ele>
      </trkpt>
      <trkpt lat="44.81986" lon="4.80113">
        <ele>95.1</ele>
      </trkpt>
      <trkpt lat="44.81943" lon="4.80117">
        <ele>95.3</ele>
      </trkpt>
      <trkpt lat="44.81867" lon="4.8013">
        <ele>94.1</ele>
      </trkpt>
      <trkpt lat="44.81818" lon="4.80137">
        <ele>93.5</ele>
      </trkpt>
      <trkpt lat="44.81741" lon="4.80146">
        <ele>94.5</ele>
      </trkpt>
      <trkpt lat="44.81702" lon="4.8015">
        <ele>94.3</ele>
      </trkpt>
      <trkpt lat="44.81676" lon="4.80148">
        <ele>94.1</ele>
      </trkpt>
      <trkpt lat="44.81609" lon="4.80146">
        <ele>94.2</ele>
      </trkpt>
      <trkpt lat="44.8155" lon="4.8014">
        <ele>95.5</ele>
      </trkpt>
      <trkpt lat="44.81497" lon="4.80129">
        <ele>97.5</ele>
      </trkpt>
      <trkpt lat="44.81414" lon="4.80117">
        <ele>98.0</ele>
      </trkpt>
      <trkpt lat="44.81361" lon="4.80113">
        <ele>95.1</ele>
      </trkpt>
      <trkpt lat="44.81311" lon="4.80093">
        <ele>93.8</ele>
      </trkpt>
      <trkpt lat="44.81291" lon="4.80096">
        <ele>93.1</ele>
      </trkpt>
      <trkpt lat="44.81255" lon="4.80099">
        <ele>92.0</ele>
      </trkpt>
      <trkpt lat="44.81223" lon="4.80098">
        <ele>93.4</ele>
      </trkpt>
      <trkpt lat="44.81166" lon="4.80088">
        <ele>96.9</ele>
      </trkpt>
      <trkpt lat="44.81109" lon="4.80079">
        <ele>96.9</ele>
      </trkpt>
      <trkpt lat="44.81054" lon="4.80064">
        <ele>96.4</ele>
      </trkpt>
      <trkpt lat="44.81015" lon="4.80056">
        <ele>96.3</ele>
      </trkpt>
      <trkpt lat="44.8098" lon="4.8004">
        <ele>95.7</ele>
      </trkpt>
      <trkpt lat="44.80931" lon="4.80009">
        <ele>95.0</ele>
      </trkpt>
      <trkpt lat="44.80878" lon="4.79975">
        <ele>94.5</ele>
      </trkpt>
      <trkpt lat="44.80849" lon="4.79945">
        <ele>95.4</ele>
      </trkpt>
      <trkpt lat="44.80786" lon="4.79892">
        <ele>96.0</ele>
      </trkpt>
      <trkpt lat="44.80771" lon="4.79886">
        <ele>96.0</ele>
      </trkpt>
      <trkpt lat="44.80752" lon="4.7987">
        <ele>96.9</ele>
      </trkpt>
      <trkpt lat="44.80745" lon="4.79861">
        <ele>97.5</ele>
      </trkpt>
      <trkpt lat="44.80737" lon="4.79843">
        <ele>98.8</ele>
      </trkpt>
      <trkpt lat="44.80727" lon="4.79832">
        <ele>99.1</ele>
      </trkpt>
      <trkpt lat="44.80706" lon="4.79813">
        <ele>98.1</ele>
      </trkpt>
      <trkpt lat="44.80685" lon="4.79786">
        <ele>97.3</ele>
      </trkpt>
      <trkpt lat="44.80644" lon="4.79745">
        <ele>95.8</ele>
      </trkpt>
      <trkpt lat="44.80602" lon="4.79705">
        <ele>93.7</ele>
      </trkpt>
      <trkpt lat="44.8059" lon="4.79687">
        <ele>93.2</ele>
      </trkpt>
      <trkpt lat="44.80574" lon="4.79652">
        <ele>93.1</ele>
      </trkpt>
      <trkpt lat="44.80551" lon="4.79573">
        <ele>93.4</ele>
      </trkpt>
      <trkpt lat="44.8054" lon="4.79493">
        <ele>93.9</ele>
      </trkpt>
      <trkpt lat="44.80534" lon="4.79475">
        <ele>93.6</ele>
      </trkpt>
      <trkpt lat="44.80526" lon="4.79442">
        <ele>93.6</ele>
      </trkpt>
      <trkpt lat="44.80526" lon="4.79422">
        <ele>93.7</ele>
      </trkpt>
      <trkpt lat="44.80524" lon="4.79417">
        <ele>93.7</ele>
      </trkpt>
      <trkpt lat="44.80512" lon="4.79406">
        <ele>93.9</ele>
      </trkpt>
      <trkpt lat="44.80506" lon="4.79382">
        <ele>94.0</ele>
      </trkpt>
      <trkpt lat="44.80492" lon="4.79345">
        <ele>93.8</ele>
      </trkpt>
      <trkpt lat="44.80463" lon="4.79308">
        <ele>92.8</ele>
      </trkpt>
      <trkpt lat="44.80457" lon="4.79284">
        <ele>92.4</ele>
      </trkpt>
      <trkpt lat="44.80456" lon="4.79255">
        <ele>92.1</ele>
      </trkpt>
      <trkpt lat="44.80452" lon="4.79248">
        <ele>92.0</ele>
      </trkpt>
      <trkpt lat="44.80443" lon="4.79241">
        <ele>91.8</ele>
      </trkpt>
      <trkpt lat="44.80435" lon="4.79229">
        <ele>91.6</ele>
      </trkpt>
      <trkpt lat="44.80423" lon="4.79205">
        <ele>91.0</ele>
      </trkpt>
      <trkpt lat="44.80404" lon="4.79159">
        <ele>90.7</ele>
      </trkpt>
      <trkpt lat="44.80397" lon="4.79133">
        <ele>92.0</ele>
      </trkpt>
      <trkpt lat="44.80397" lon="4.79119">
        <ele>92.6</ele>
      </trkpt>
      <trkpt lat="44.80399" lon="4.79107">
        <ele>93.2</ele>
      </trkpt>
      <trkpt lat="44.804" lon="4.79099">
        <ele>93.7</ele>
      </trkpt>
      <trkpt lat="44.80398" lon="4.79092">
        <ele>93.9</ele>
      </trkpt>
      <trkpt lat="44.8039" lon="4.79076">
        <ele>94.0</ele>
      </trkpt>
      <trkpt lat="44.80373" lon="4.79029">
        <ele>93.4</ele>
      </trkpt>
      <trkpt lat="44.80362" lon="4.78996">
        <ele>93.3</ele>
      </trkpt>
      <trkpt lat="44.80348" lon="4.78965">
        <ele>94.8</ele>
      </trkpt>
      <trkpt lat="44.80332" lon="4.78919">
        <ele>97.8</ele>
      </trkpt>
      <trkpt lat="44.80307" lon="4.78837">
        <ele>94.2</ele>
      </trkpt>
      <trkpt lat="44.80299" lon="4.78801">
        <ele>94.9</ele>
      </trkpt>
      <trkpt lat="44.80296" lon="4.78779">
        <ele>95.8</ele>
      </trkpt>
      <trkpt lat="44.80281" lon="4.78735">
        <ele>97.0</ele>
      </trkpt>
      <trkpt lat="44.80258" lon="4.78676">
        <ele>96.2</ele>
      </trkpt>
      <trkpt lat="44.80236" lon="4.78617">
        <ele>94.3</ele>
      </trkpt>
      <trkpt lat="44.80228" lon="4.78593">
        <ele>93.6</ele>
      </trkpt>
      <trkpt lat="44.80213" lon="4.78554">
        <ele>93.6</ele>
      </trkpt>
      <trkpt lat="44.80182" lon="4.78478">
        <ele>94.8</ele>
      </trkpt>
      <trkpt lat="44.80166" lon="4.78452">
        <ele>95.0</ele>
      </trkpt>
      <trkpt lat="44.80164" lon="4.78447">
        <ele>94.9</ele>
      </trkpt>
      <trkpt lat="44.80156" lon="4.78433">
        <ele>94.6</ele>
      </trkpt>
      <trkpt lat="44.80135" lon="4.78402">
        <ele>93.8</ele>
      </trkpt>
      <trkpt lat="44.80093" lon="4.78351">
        <ele>92.4</ele>
      </trkpt>
      <trkpt lat="44.80055" lon="4.78298">
        <ele>92.9</ele>
      </trkpt>
      <trkpt lat="44.80049" lon="4.78286">
        <ele>93.0</ele>
      </trkpt>
      <trkpt lat="44.80054" lon="4.78275">
        <ele>93.4</ele>
      </trkpt>
      <trkpt lat="44.80011" lon="4.78211">
        <ele>93.3</ele>
      </trkpt>
      <trkpt lat="44.80006" lon="4.78189">
        <ele>93.6</ele>
      </trkpt>
      <trkpt lat="44.80008" lon="4.78188">
        <ele>93.7</ele>
      </trkpt>
      <trkpt lat="44.80014" lon="4.78182">
        <ele>94.0</ele>
      </trkpt>
      <trkpt lat="44.80016" lon="4.78197">
        <ele>93.7</ele>
      </trkpt>
      <trkpt lat="44.80024" lon="4.78217">
        <ele>93.5</ele>
      </trkpt>
      <trkpt lat="44.80063" lon="4.78268">
        <ele>93.8</ele>
      </trkpt>
      <trkpt lat="44.80103" lon="4.7832">
        <ele>93.1</ele>
      </trkpt>
      <trkpt lat="44.80122" lon="4.78326">
        <ele>93.6</ele>
      </trkpt>
      <trkpt lat="44.8011" lon="4.78338">
        <ele>93.0</ele>
      </trkpt>
      <trkpt lat="44.8004" lon="4.78413">
        <ele>92.0</ele>
      </trkpt>
      <trkpt lat="44.7997" lon="4.78487">
        <ele>92.0</ele>
      </trkpt>
      <trkpt lat="44.799" lon="4.78561">
        <ele>92.3</ele>
      </trkpt>
      <trkpt lat="44.7989" lon="4.78572">
        <ele>92.6</ele>
      </trkpt>
      <trkpt lat="44.79848" lon="4.78531">
        <ele>92.6</ele>
      </trkpt>
      <trkpt lat="44.79827" lon="4.78515">
        <ele>92.4</ele>
      </trkpt>
      <trkpt lat="44.79774" lon="4.78469">
        <ele>92.4</ele>
      </trkpt>
      <trkpt lat="44.7972" lon="4.78422">
        <ele>92.7</ele>
      </trkpt>
      <trkpt lat="44.79692" lon="4.78398">
        <ele>93.7</ele>
      </trkpt>
      <trkpt lat="44.7967" lon="4.78381">
        <ele>94.7</ele>
      </trkpt>
      <trkpt lat="44.79656" lon="4.78367">
        <ele>94.9</ele>
      </trkpt>
      <trkpt lat="44.79587" lon="4.78322">
        <ele>94.1</ele>
      </trkpt>
      <trkpt lat="44.79504" lon="4.78278">
        <ele>93.4</ele>
      </trkpt>
      <trkpt lat="44.79479" lon="4.78253">
        <ele>93.9</ele>
      </trkpt>
      <trkpt lat="44.79433" lon="4.78196">
        <ele>94.8</ele>
      </trkpt>
      <trkpt lat="44.79391" lon="4.78169">
        <ele>94.7</ele>
      </trkpt>
      <trkpt lat="44.79361" lon="4.78152">
        <ele>93.2</ele>
      </trkpt>
      <trkpt lat="44.79356" lon="4.78151">
        <ele>93.0</ele>
      </trkpt>
      <trkpt lat="44.79339" lon="4.78136">
        <ele>92.5</ele>
      </trkpt>
      <trkpt lat="44.79328" lon="4.78123">
        <ele>92.5</ele>
      </trkpt>
      <trkpt lat="44.79315" lon="4.78113">
        <ele>92.4</ele>
      </trkpt>
      <trkpt lat="44.79299" lon="4.78097">
        <ele>92.4</ele>
      </trkpt>
      <trkpt lat="44.79284" lon="4.78086">
        <ele>92.4</ele>
      </trkpt>
      <trkpt lat="44.79236" lon="4.78058">
        <ele>92.2</ele>
      </trkpt>
      <trkpt lat="44.79213" lon="4.78041">
        <ele>92.3</ele>
      </trkpt>
      <trkpt lat="44.79154" lon="4.7799">
        <ele>92.5</ele>
      </trkpt>
      <trkpt lat="44.7908" lon="4.77931">
        <ele>91.8</ele>
      </trkpt>
      <trkpt lat="44.79039" lon="4.77895">
        <ele>92.0</ele>
      </trkpt>
      <trkpt lat="44.79004" lon="4.77864">
        <ele>92.0</ele>
      </trkpt>
      <trkpt lat="44.7896" lon="4.77822">
        <ele>91.0</ele>
      </trkpt>
      <trkpt lat="44.78899" lon="4.77768">
        <ele>90.6</ele>
      </trkpt>
      <trkpt lat="44.78857" lon="4.77732">
        <ele>90.4</ele>
      </trkpt>
      <trkpt lat="44.78814" lon="4.77696">
        <ele>91.0</ele>
      </trkpt>
      <trkpt lat="44.78773" lon="4.77665">
        <ele>92.4</ele>
      </trkpt>
      <trkpt lat="44.78703" lon="4.77621">
        <ele>91.7</ele>
      </trkpt>
      <trkpt lat="44.78629" lon="4.7757">
        <ele>91.6</ele>
      </trkpt>
      <trkpt lat="44.78589" lon="4.77545">
        <ele>91.9</ele>
      </trkpt>
      <trkpt lat="44.78564" lon="4.77533">
        <ele>91.9</ele>
      </trkpt>
      <trkpt lat="44.78484" lon="4.77508">
        <ele>91.7</ele>
      </trkpt>
      <trkpt lat="44.78441" lon="4.77492">
        <ele>91.9</ele>
      </trkpt>
      <trkpt lat="44.78398" lon="4.77478">
        <ele>91.8</ele>
      </trkpt>
      <trkpt lat="44.78363" lon="4.77466">
        <ele>91.7</ele>
      </trkpt>
      <trkpt lat="44.7831" lon="4.77447">
        <ele>91.4</ele>
      </trkpt>
      <trkpt lat="44.78258" lon="4.77428">
        <ele>91.5</ele>
      </trkpt>
      <trkpt lat="44.78219" lon="4.77412">
        <ele>91.2</ele>
      </trkpt>
      <trkpt lat="44.78209" lon="4.77398">
        <ele>90.7</ele>
      </trkpt>
      <trkpt lat="44.78198" lon="4.77389">
        <ele>90.5</ele>
      </trkpt>
      <trkpt lat="44.78191" lon="4.77385">
        <ele>90.5</ele>
      </trkpt>
      <trkpt lat="44.78175" lon="4.77369">
        <ele>90.1</ele>
      </trkpt>
      <trkpt lat="44.78167" lon="4.77365">
        <ele>90.1</ele>
      </trkpt>
      <trkpt lat="44.7816" lon="4.77367">
        <ele>90.3</ele>
      </trkpt>
      <trkpt lat="44.78155" lon="4.77373">
        <ele>90.5</ele>
      </trkpt>
      <trkpt lat="44.78152" lon="4.7738">
        <ele>90.8</ele>
      </trkpt>
      <trkpt lat="44.78152" lon="4.77391">
        <ele>91.1</ele>
      </trkpt>
      <trkpt lat="44.78159" lon="4.77416">
        <ele>92.0</ele>
      </trkpt>
      <trkpt lat="44.78158" lon="4.77422">
        <ele>92.1</ele>
      </trkpt>
      <trkpt lat="44.78154" lon="4.77426">
        <ele>92.2</ele>
      </trkpt>
      <trkpt lat="44.78151" lon="4.77425">
        <ele>92.1</ele>
      </trkpt>
      <trkpt lat="44.78147" lon="4.77422">
        <ele>92.1</ele>
      </trkpt>
      <trkpt lat="44.7814" lon="4.77413">
        <ele>91.9</ele>
      </trkpt>
      <trkpt lat="44.78132" lon="4.77412">
        <ele>91.9</ele>
      </trkpt>
      <trkpt lat="44.78128" lon="4.77415">
        <ele>91.9</ele>
      </trkpt>
      <trkpt lat="44.78107" lon="4.77433">
        <ele>92.0</ele>
      </trkpt>
      <trkpt lat="44.78094" lon="4.77436">
        <ele>91.9</ele>
      </trkpt>
      <trkpt lat="44.78093" lon="4.77428">
        <ele>91.9</ele>
      </trkpt>
      <trkpt lat="44.78078" lon="4.77383">
        <ele>91.2</ele>
      </trkpt>
      <trkpt lat="44.78047" lon="4.77319">
        <ele>90.4</ele>
      </trkpt>
      <trkpt lat="44.78016" lon="4.77255">
        <ele>91.4</ele>
      </trkpt>
      <trkpt lat="44.78002" lon="4.77223">
        <ele>91.9</ele>
      </trkpt>
      <trkpt lat="44.77991" lon="4.77195">
        <ele>91.9</ele>
      </trkpt>
      <trkpt lat="44.77965" lon="4.77138">
        <ele>91.2</ele>
      </trkpt>
      <trkpt lat="44.77925" lon="4.77067">
        <ele>89.6</ele>
      </trkpt>
      <trkpt lat="44.77884" lon="4.77009">
        <ele>88.0</ele>
      </trkpt>
      <trkpt lat="44.7785" lon="4.76972">
        <ele>89.0</ele>
      </trkpt>
      <trkpt lat="44.77795" lon="4.76917">
        <ele>90.0</ele>
      </trkpt>
      <trkpt lat="44.7774" lon="4.76862">
        <ele>91.2</ele>
      </trkpt>
      <trkpt lat="44.77684" lon="4.76807">
        <ele>90.4</ele>
      </trkpt>
      <trkpt lat="44.77622" lon="4.76747">
        <ele>92.7</ele>
      </trkpt>
      <trkpt lat="44.77612" lon="4.76745">
        <ele>93.3</ele>
      </trkpt>
      <trkpt lat="44.77588" lon="4.76749">
        <ele>94.7</ele>
      </trkpt>
      <trkpt lat="44.77552" lon="4.76765">
        <ele>94.9</ele>
      </trkpt>
      <trkpt lat="44.7751" lon="4.76781">
        <ele>95.2</ele>
      </trkpt>
      <trkpt lat="44.77489" lon="4.76784">
        <ele>95.4</ele>
      </trkpt>
      <trkpt lat="44.7745" lon="4.76786">
        <ele>95.5</ele>
      </trkpt>
      <trkpt lat="44.77408" lon="4.76777">
        <ele>95.9</ele>
      </trkpt>
      <trkpt lat="44.77378" lon="4.76772">
        <ele>95.4</ele>
      </trkpt>
      <trkpt lat="44.77359" lon="4.76767">
        <ele>95.0</ele>
      </trkpt>
      <trkpt lat="44.77327" lon="4.76767">
        <ele>94.1</ele>
      </trkpt>
      <trkpt lat="44.77271" lon="4.76763">
        <ele>91.9</ele>
      </trkpt>
      <trkpt lat="44.77257" lon="4.76829">
        <ele>92.3</ele>
      </trkpt>
      <trkpt lat="44.7725" lon="4.76904">
        <ele>93.7</ele>
      </trkpt>
      <trkpt lat="44.77164" lon="4.76898">
        <ele>90.7</ele>
      </trkpt>
      <trkpt lat="44.77079" lon="4.76892">
        <ele>89.4</ele>
      </trkpt>
      <trkpt lat="44.77076" lon="4.76892">
        <ele>89.4</ele>
      </trkpt>
      <trkpt lat="44.77079" lon="4.76856">
        <ele>89.8</ele>
      </trkpt>
      <trkpt lat="44.77079" lon="4.76757">
        <ele>88.3</ele>
      </trkpt>
      <trkpt lat="44.77075" lon="4.76652">
        <ele>90.2</ele>
      </trkpt>
      <trkpt lat="44.7707" lon="4.76652">
        <ele>90.2</ele>
      </trkpt>
      <trkpt lat="44.77065" lon="4.76707">
        <ele>89.5</ele>
      </trkpt>
      <trkpt lat="44.77062" lon="4.76709">
        <ele>89.5</ele>
      </trkpt>
      <trkpt lat="44.77059" lon="4.76702">
        <ele>89.7</ele>
      </trkpt>
      <trkpt lat="44.77055" lon="4.76632">
        <ele>90.3</ele>
      </trkpt>
      <trkpt lat="44.7705" lon="4.76594">
        <ele>90.2</ele>
      </trkpt>
      <trkpt lat="44.77038" lon="4.76512">
        <ele>89.1</ele>
      </trkpt>
      <trkpt lat="44.77032" lon="4.76472">
        <ele>88.6</ele>
      </trkpt>
      <trkpt lat="44.77023" lon="4.76435">
        <ele>87.9</ele>
      </trkpt>
      <trkpt lat="44.76998" lon="4.76335">
        <ele>89.0</ele>
      </trkpt>
      <trkpt lat="44.76979" lon="4.7627">
        <ele>89.8</ele>
      </trkpt>
      <trkpt lat="44.76965" lon="4.76228">
        <ele>90.2</ele>
      </trkpt>
      <trkpt lat="44.76948" lon="4.76188">
        <ele>90.1</ele>
      </trkpt>
      <trkpt lat="44.76933" lon="4.76154">
        <ele>89.5</ele>
      </trkpt>
      <trkpt lat="44.7691" lon="4.76113">
        <ele>89.0</ele>
      </trkpt>
      <trkpt lat="44.76891" lon="4.76082">
        <ele>89.0</ele>
      </trkpt>
      <trkpt lat="44.76857" lon="4.76043">
        <ele>89.5</ele>
      </trkpt>
      <trkpt lat="44.76835" lon="4.76021">
        <ele>89.7</ele>
      </trkpt>
      <trkpt lat="44.7682" lon="4.76008">
        <ele>89.8</ele>
      </trkpt>
      <trkpt lat="44.76804" lon="4.75996">
        <ele>89.7</ele>
      </trkpt>
      <trkpt lat="44.76772" lon="4.75975">
        <ele>89.5</ele>
      </trkpt>
      <trkpt lat="44.76689" lon="4.75937">
        <ele>90.1</ele>
      </trkpt>
      <trkpt lat="44.76606" lon="4.75899">
        <ele>90.6</ele>
      </trkpt>
      <trkpt lat="44.76523" lon="4.7586">
        <ele>89.8</ele>
      </trkpt>
      <trkpt lat="44.7644" lon="4.75822">
        <ele>89.4</ele>
      </trkpt>
      <trkpt lat="44.76357" lon="4.75784">
        <ele>88.2</ele>
      </trkpt>
      <trkpt lat="44.76274" lon="4.75745">
        <ele>89.7</ele>
      </trkpt>
      <trkpt lat="44.76209" lon="4.75715">
        <ele>90.4</ele>
      </trkpt>
      <trkpt lat="44.76144" lon="4.75685">
        <ele>91.1</ele>
      </trkpt>
      <trkpt lat="44.76079" lon="4.75656">
        <ele>90.3</ele>
      </trkpt>
      <trkpt lat="44.76046" lon="4.75639">
        <ele>89.2</ele>
      </trkpt>
      <trkpt lat="44.75966" lon="4.75603">
        <ele>90.1</ele>
      </trkpt>
      <trkpt lat="44.75922" lon="4.75586">
        <ele>90.9</ele>
      </trkpt>
      <trkpt lat="44.75878" lon="4.75572">
        <ele>89.6</ele>
      </trkpt>
      <trkpt lat="44.75842" lon="4.75563">
        <ele>88.7</ele>
      </trkpt>
      <trkpt lat="44.75811" lon="4.75557">
        <ele>88.9</ele>
      </trkpt>
      <trkpt lat="44.75745" lon="4.75548">
        <ele>90.0</ele>
      </trkpt>
      <trkpt lat="44.75735" lon="4.7555">
        <ele>90.2</ele>
      </trkpt>
      <trkpt lat="44.75703" lon="4.75548">
        <ele>90.5</ele>
      </trkpt>
      <trkpt lat="44.75701" lon="4.75549">
        <ele>90.6</ele>
      </trkpt>
      <trkpt lat="44.75697" lon="4.75552">
        <ele>90.9</ele>
      </trkpt>
      <trkpt lat="44.75695" lon="4.75559">
        <ele>91.5</ele>
      </trkpt>
      <trkpt lat="44.75685" lon="4.75627">
        <ele>93.0</ele>
      </trkpt>
      <trkpt lat="44.7568" lon="4.75656">
        <ele>92.8</ele>
      </trkpt>
      <trkpt lat="44.75677" lon="4.75661">
        <ele>92.8</ele>
      </trkpt>
      <trkpt lat="44.75674" lon="4.75664">
        <ele>92.8</ele>
      </trkpt>
      <trkpt lat="44.7566" lon="4.75671">
        <ele>92.6</ele>
      </trkpt>
      <trkpt lat="44.75647" lon="4.75679">
        <ele>91.8</ele>
      </trkpt>
      <trkpt lat="44.75643" lon="4.7568">
        <ele>91.6</ele>
      </trkpt>
      <trkpt lat="44.75637" lon="4.75675">
        <ele>91.4</ele>
      </trkpt>
      <trkpt lat="44.75634" lon="4.75669">
        <ele>91.4</ele>
      </trkpt>
      <trkpt lat="44.75634" lon="4.75662">
        <ele>91.5</ele>
      </trkpt>
      <trkpt lat="44.75636" lon="4.75628">
        <ele>92.0</ele>
      </trkpt>
      <trkpt lat="44.75623" lon="4.75627">
        <ele>91.4</ele>
      </trkpt>
      <trkpt lat="44.75627" lon="4.7555">
        <ele>89.9</ele>
      </trkpt>
      <trkpt lat="44.75627" lon="4.75541">
        <ele>89.2</ele>
      </trkpt>
      <trkpt lat="44.75625" lon="4.75534">
        <ele>88.8</ele>
      </trkpt>
      <trkpt lat="44.75622" lon="4.75528">
        <ele>88.3</ele>
      </trkpt>
      <trkpt lat="44.75617" lon="4.75526">
        <ele>88.0</ele>
      </trkpt>
      <trkpt lat="44.75607" lon="4.75525">
        <ele>87.7</ele>
      </trkpt>
      <trkpt lat="44.75605" lon="4.7552">
        <ele>87.4</ele>
      </trkpt>
      <trkpt lat="44.75604" lon="4.75512">
        <ele>86.9</ele>
      </trkpt>
      <trkpt lat="44.75605" lon="4.75507">
        <ele>86.7</ele>
      </trkpt>
      <trkpt lat="44.7561" lon="4.75491">
        <ele>86.4</ele>
      </trkpt>
      <trkpt lat="44.75617" lon="4.75477">
        <ele>86.6</ele>
      </trkpt>
      <trkpt lat="44.75622" lon="4.75471">
        <ele>86.7</ele>
      </trkpt>
      <trkpt lat="44.75627" lon="4.75466">
        <ele>86.7</ele>
      </trkpt>
      <trkpt lat="44.75627" lon="4.75462">
        <ele>86.7</ele>
      </trkpt>
      <trkpt lat="44.75618" lon="4.75367">
        <ele>87.0</ele>
      </trkpt>
      <trkpt lat="44.75609" lon="4.75273">
        <ele>87.0</ele>
      </trkpt>
      <trkpt lat="44.75599" lon="4.75179">
        <ele>87.0</ele>
      </trkpt>
      <trkpt lat="44.7559" lon="4.75085">
        <ele>87.0</ele>
      </trkpt>
      <trkpt lat="44.7559" lon="4.75082">
        <ele>87.1</ele>
      </trkpt>
      <trkpt lat="44.75585" lon="4.75079">
        <ele>87.3</ele>
      </trkpt>
      <trkpt lat="44.75583" lon="4.75054">
        <ele>89.1</ele>
      </trkpt>
      <trkpt lat="44.75584" lon="4.75052">
        <ele>89.2</ele>
      </trkpt>
      <trkpt lat="44.75586" lon="4.7505">
        <ele>89.4</ele>
      </trkpt>
      <trkpt lat="44.75588" lon="4.75034">
        <ele>90.5</ele>
      </trkpt>
      <trkpt lat="44.75583" lon="4.75014">
        <ele>92.0</ele>
      </trkpt>
      <trkpt lat="44.75584" lon="4.74996">
        <ele>93.0</ele>
      </trkpt>
      <trkpt lat="44.75583" lon="4.74982">
        <ele>93.0</ele>
      </trkpt>
      <trkpt lat="44.75581" lon="4.74979">
        <ele>93.0</ele>
      </trkpt>
      <trkpt lat="44.75568" lon="4.74978">
        <ele>92.7</ele>
      </trkpt>
      <trkpt lat="44.7553" lon="4.74965">
        <ele>91.8</ele>
      </trkpt>
      <trkpt lat="44.75529" lon="4.74963">
        <ele>91.8</ele>
      </trkpt>
      <trkpt lat="44.75529" lon="4.7495">
        <ele>91.6</ele>
      </trkpt>
      <trkpt lat="44.75525" lon="4.74949">
        <ele>91.4</ele>
      </trkpt>
      <trkpt lat="44.75515" lon="4.74951">
        <ele>91.2</ele>
      </trkpt>
      <trkpt lat="44.75491" lon="4.74944">
        <ele>90.6</ele>
      </trkpt>
      <trkpt lat="44.75454" lon="4.7493">
        <ele>90.2</ele>
      </trkpt>
      <trkpt lat="44.75443" lon="4.74924">
        <ele>90.1</ele>
      </trkpt>
      <trkpt lat="44.75398" lon="4.74884">
        <ele>90.7</ele>
      </trkpt>
      <trkpt lat="44.75391" lon="4.7488">
        <ele>90.9</ele>
      </trkpt>
      <trkpt lat="44.75373" lon="4.74869">
        <ele>91.4</ele>
      </trkpt>
      <trkpt lat="44.75318" lon="4.74851">
        <ele>92.6</ele>
      </trkpt>
      <trkpt lat="44.75265" lon="4.74832">
        <ele>93.0</ele>
      </trkpt>
      <trkpt lat="44.75265" lon="4.74822">
        <ele>92.9</ele>
      </trkpt>
      <trkpt lat="44.75261" lon="4.74763">
        <ele>92.5</ele>
      </trkpt>
      <trkpt lat="44.75196" lon="4.7475">
        <ele>92.7</ele>
      </trkpt>
      <trkpt lat="44.7513" lon="4.74734">
        <ele>94.7</ele>
      </trkpt>
      <trkpt lat="44.75105" lon="4.74729">
        <ele>95.4</ele>
      </trkpt>
      <trkpt lat="44.75071" lon="4.74725">
        <ele>95.5</ele>
      </trkpt>
      <trkpt lat="44.75062" lon="4.74722">
        <ele>95.3</ele>
      </trkpt>
      <trkpt lat="44.75045" lon="4.74715">
        <ele>94.9</ele>
      </trkpt>
      <trkpt lat="44.74996" lon="4.74691">
        <ele>93.6</ele>
      </trkpt>
      <trkpt lat="44.74952" lon="4.74672">
        <ele>92.7</ele>
      </trkpt>
      <trkpt lat="44.74922" lon="4.74657">
        <ele>92.6</ele>
      </trkpt>
      <trkpt lat="44.74901" lon="4.74643">
        <ele>92.6</ele>
      </trkpt>
      <trkpt lat="44.74829" lon="4.7461">
        <ele>91.2</ele>
      </trkpt>
      <trkpt lat="44.74799" lon="4.74592">
        <ele>90.6</ele>
      </trkpt>
      <trkpt lat="44.74785" lon="4.74583">
        <ele>90.3</ele>
      </trkpt>
      <trkpt lat="44.74775" lon="4.7457">
        <ele>90.4</ele>
      </trkpt>
      <trkpt lat="44.74767" lon="4.74547">
        <ele>91.0</ele>
      </trkpt>
      <trkpt lat="44.74764" lon="4.74542">
        <ele>91.1</ele>
      </trkpt>
      <trkpt lat="44.74757" lon="4.74542">
        <ele>90.8</ele>
      </trkpt>
      <trkpt lat="44.74749" lon="4.74534">
        <ele>90.7</ele>
      </trkpt>
      <trkpt lat="44.74734" lon="4.74538">
        <ele>90.3</ele>
      </trkpt>
      <trkpt lat="44.74728" lon="4.74549">
        <ele>89.9</ele>
      </trkpt>
      <trkpt lat="44.7472" lon="4.74559">
        <ele>89.4</ele>
      </trkpt>
      <trkpt lat="44.74719" lon="4.74564">
        <ele>89.2</ele>
      </trkpt>
      <trkpt lat="44.74712" lon="4.74565">
        <ele>89.1</ele>
      </trkpt>
      <trkpt lat="44.74709" lon="4.74573">
        <ele>88.8</ele>
      </trkpt>
      <trkpt lat="44.74682" lon="4.74558">
        <ele>88.8</ele>
      </trkpt>
      <trkpt lat="44.74657" lon="4.74547">
        <ele>88.9</ele>
      </trkpt>
      <trkpt lat="44.74617" lon="4.74532">
        <ele>89.5</ele>
      </trkpt>
      <trkpt lat="44.74583" lon="4.74518">
        <ele>89.8</ele>
      </trkpt>
      <trkpt lat="44.74516" lon="4.74486">
        <ele>89.6</ele>
      </trkpt>
      <trkpt lat="44.74449" lon="4.74454">
        <ele>88.9</ele>
      </trkpt>
      <trkpt lat="44.74389" lon="4.74427">
        <ele>89.1</ele>
      </trkpt>
      <trkpt lat="44.74344" lon="4.74404">
        <ele>91.3</ele>
      </trkpt>
      <trkpt lat="44.74327" lon="4.74399">
        <ele>91.4</ele>
      </trkpt>
      <trkpt lat="44.7431" lon="4.74397">
        <ele>91.2</ele>
      </trkpt>
      <trkpt lat="44.74274" lon="4.74389">
        <ele>90.9</ele>
      </trkpt>
      <trkpt lat="44.74249" lon="4.74387">
        <ele>90.4</ele>
      </trkpt>
      <trkpt lat="44.74241" lon="4.74389">
        <ele>90.1</ele>
      </trkpt>
      <trkpt lat="44.7423" lon="4.74381">
        <ele>90.1</ele>
      </trkpt>
      <trkpt lat="44.74201" lon="4.74371">
        <ele>89.7</ele>
      </trkpt>
      <trkpt lat="44.74192" lon="4.74465">
        <ele>88.2</ele>
      </trkpt>
      <trkpt lat="44.74182" lon="4.74559">
        <ele>88.8</ele>
      </trkpt>
      <trkpt lat="44.74174" lon="4.74627">
        <ele>89.4</ele>
      </trkpt>
      <trkpt lat="44.74171" lon="4.74651">
        <ele>89.8</ele>
      </trkpt>
      <trkpt lat="44.74157" lon="4.74721">
        <ele>89.9</ele>
      </trkpt>
      <trkpt lat="44.74143" lon="4.74812">
        <ele>89.0</ele>
      </trkpt>
      <trkpt lat="44.74075" lon="4.74803">
        <ele>88.3</ele>
      </trkpt>
      <trkpt lat="44.73998" lon="4.74791">
        <ele>87.5</ele>
      </trkpt>
      <trkpt lat="44.7392" lon="4.74778">
        <ele>88.3</ele>
      </trkpt>
      <trkpt lat="44.73859" lon="4.74769">
        <ele>89.3</ele>
      </trkpt>
      <trkpt lat="44.73798" lon="4.74761">
        <ele>89.9</ele>
      </trkpt>
      <trkpt lat="44.73738" lon="4.74752">
        <ele>89.8</ele>
      </trkpt>
      <trkpt lat="44.73692" lon="4.74747">
        <ele>89.3</ele>
      </trkpt>
      <trkpt lat="44.73623" lon="4.74736">
        <ele>89.4</ele>
      </trkpt>
      <trkpt lat="44.73554" lon="4.74725">
        <ele>89.7</ele>
      </trkpt>
      <trkpt lat="44.73507" lon="4.74719">
        <ele>89.6</ele>
      </trkpt>
      <trkpt lat="44.7346" lon="4.74712">
        <ele>90.0</ele>
      </trkpt>
      <trkpt lat="44.73402" lon="4.74703">
        <ele>90.6</ele>
      </trkpt>
      <trkpt lat="44.73344" lon="4.74694">
        <ele>91.0</ele>
      </trkpt>
      <trkpt lat="44.73276" lon="4.74685">
        <ele>91.7</ele>
      </trkpt>
      <trkpt lat="44.73214" lon="4.74675">
        <ele>91.6</ele>
      </trkpt>
      <trkpt lat="44.732" lon="4.7467">
        <ele>91.4</ele>
      </trkpt>
      <trkpt lat="44.73197" lon="4.74678">
        <ele>91.4</ele>
      </trkpt>
      <trkpt lat="44.73194" lon="4.74697">
        <ele>91.3</ele>
      </trkpt>
      <trkpt lat="44.73191" lon="4.74709">
        <ele>91.3</ele>
      </trkpt>
      <trkpt lat="44.73183" lon="4.7472">
        <ele>91.2</ele>
      </trkpt>
      <trkpt lat="44.73173" lon="4.74729">
        <ele>91.1</ele>
      </trkpt>
      <trkpt lat="44.73163" lon="4.7474">
        <ele>91.0</ele>
      </trkpt>
      <trkpt lat="44.73158" lon="4.74751">
        <ele>91.0</ele>
      </trkpt>
      <trkpt lat="44.73129" lon="4.74826">
        <ele>90.0</ele>
      </trkpt>
      <trkpt lat="44.73088" lon="4.74936">
        <ele>90.7</ele>
      </trkpt>
      <trkpt lat="44.73069" lon="4.75001">
        <ele>89.6</ele>
      </trkpt>
      <trkpt lat="44.73059" lon="4.75043">
        <ele>88.7</ele>
      </trkpt>
      <trkpt lat="44.73044" lon="4.75151">
        <ele>88.3</ele>
      </trkpt>
      <trkpt lat="44.73046" lon="4.75159">
        <ele>88.3</ele>
      </trkpt>
      <trkpt lat="44.73051" lon="4.75167">
        <ele>88.2</ele>
      </trkpt>
      <trkpt lat="44.73109" lon="4.75228">
        <ele>87.6</ele>
      </trkpt>
      <trkpt lat="44.73123" lon="4.75254">
        <ele>87.5</ele>
      </trkpt>
      <trkpt lat="44.73152" lon="4.75315">
        <ele>87.3</ele>
      </trkpt>
      <trkpt lat="44.73167" lon="4.75346">
        <ele>87.0</ele>
      </trkpt>
      <trkpt lat="44.73187" lon="4.75374">
        <ele>87.1</ele>
      </trkpt>
      <trkpt lat="44.7321" lon="4.75401">
        <ele>87.4</ele>
      </trkpt>
      <trkpt lat="44.73234" lon="4.75413">
        <ele>87.8</ele>
      </trkpt>
      <trkpt lat="44.7327" lon="4.75417">
        <ele>87.8</ele>
      </trkpt>
      <trkpt lat="44.73275" lon="4.75421">
        <ele>87.7</ele>
      </trkpt>
      <trkpt lat="44.73277" lon="4.7543">
        <ele>87.6</ele>
      </trkpt>
      <trkpt lat="44.73264" lon="4.75541">
        <ele>86.6</ele>
      </trkpt>
      <trkpt lat="44.73252" lon="4.75651">
        <ele>85.2</ele>
      </trkpt>
      <trkpt lat="44.73208" lon="4.75652">
        <ele>87.0</ele>
      </trkpt>
      <trkpt lat="44.73199" lon="4.75653">
        <ele>87.4</ele>
      </trkpt>
      <trkpt lat="44.7319" lon="4.75656">
        <ele>87.8</ele>
      </trkpt>
      <trkpt lat="44.73182" lon="4.75659">
        <ele>88.2</ele>
      </trkpt>
      <trkpt lat="44.73128" lon="4.7569">
        <ele>89.2</ele>
      </trkpt>
      <trkpt lat="44.73127" lon="4.75698">
        <ele>89.1</ele>
      </trkpt>
      <trkpt lat="44.73123" lon="4.75703">
        <ele>89.1</ele>
      </trkpt>
      <trkpt lat="44.7311" lon="4.75713">
        <ele>89.1</ele>
      </trkpt>
      <trkpt lat="44.73091" lon="4.75718">
        <ele>89.3</ele>
      </trkpt>
      <trkpt lat="44.73033" lon="4.75694">
        <ele>90.5</ele>
      </trkpt>
      <trkpt lat="44.73011" lon="4.75686">
        <ele>91.1</ele>
      </trkpt>
      <trkpt lat="44.73009" lon="4.75681">
        <ele>91.3</ele>
      </trkpt>
      <trkpt lat="44.72934" lon="4.75677">
        <ele>87.3</ele>
      </trkpt>
      <trkpt lat="44.72887" lon="4.75654">
        <ele>86.0</ele>
      </trkpt>
      <trkpt lat="44.7284" lon="4.7563">
        <ele>86.0</ele>
      </trkpt>
      <trkpt lat="44.72793" lon="4.75606">
        <ele>86.4</ele>
      </trkpt>
      <trkpt lat="44.72778" lon="4.75604">
        <ele>86.5</ele>
      </trkpt>
      <trkpt lat="44.72708" lon="4.75644">
        <ele>85.8</ele>
      </trkpt>
      <trkpt lat="44.72637" lon="4.75684">
        <ele>85.6</ele>
      </trkpt>
      <trkpt lat="44.72618" lon="4.75704">
        <ele>86.0</ele>
      </trkpt>
      <trkpt lat="44.72594" lon="4.75754">
        <ele>86.2</ele>
      </trkpt>
      <trkpt lat="44.72584" lon="4.7577">
        <ele>86.2</ele>
      </trkpt>
      <trkpt lat="44.72569" lon="4.75781">
        <ele>86.3</ele>
      </trkpt>
      <trkpt lat="44.72491" lon="4.75821">
        <ele>86.6</ele>
      </trkpt>
      <trkpt lat="44.72413" lon="4.7586">
        <ele>86.0</ele>
      </trkpt>
      <trkpt lat="44.72379" lon="4.75884">
        <ele>86.0</ele>
      </trkpt>
      <trkpt lat="44.72366" lon="4.75889">
        <ele>86.0</ele>
      </trkpt>
      <trkpt lat="44.72347" lon="4.75883">
        <ele>86.0</ele>
      </trkpt>
      <trkpt lat="44.7233" lon="4.75866">
        <ele>86.0</ele>
      </trkpt>
      <trkpt lat="44.72313" lon="4.75845">
        <ele>85.8</ele>
      </trkpt>
      <trkpt lat="44.72293" lon="4.75819">
        <ele>85.6</ele>
      </trkpt>
      <trkpt lat="44.72276" lon="4.75809">
        <ele>85.5</ele>
      </trkpt>
      <trkpt lat="44.72244" lon="4.75795">
        <ele>85.4</ele>
      </trkpt>
      <trkpt lat="44.72225" lon="4.75781">
        <ele>85.4</ele>
      </trkpt>
      <trkpt lat="44.72197" lon="4.75754">
        <ele>85.3</ele>
      </trkpt>
      <trkpt lat="44.72164" lon="4.75734">
        <ele>85.0</ele>
      </trkpt>
      <trkpt lat="44.72137" lon="4.757">
        <ele>85.2</ele>
      </trkpt>
      <trkpt lat="44.72105" lon="4.75669">
        <ele>85.7</ele>
      </trkpt>
      <trkpt lat="44.7206" lon="4.75641">
        <ele>86.0</ele>
      </trkpt>
      <trkpt lat="44.72042" lon="4.75637">
        <ele>86.0</ele>
      </trkpt>
      <trkpt lat="44.72009" lon="4.75653">
        <ele>86.0</ele>
      </trkpt>
      <trkpt lat="44.71989" lon="4.75658">
        <ele>85.9</ele>
      </trkpt>
      <trkpt lat="44.71945" lon="4.75657">
        <ele>85.4</ele>
      </trkpt>
      <trkpt lat="44.71901" lon="4.75659">
        <ele>85.3</ele>
      </trkpt>
      <trkpt lat="44.71863" lon="4.75665">
        <ele>85.7</ele>
      </trkpt>
      <trkpt lat="44.7182" lon="4.75679">
        <ele>86.9</ele>
      </trkpt>
      <trkpt lat="44.71796" lon="4.75693">
        <ele>88.3</ele>
      </trkpt>
      <trkpt lat="44.71773" lon="4.75677">
        <ele>90.5</ele>
      </trkpt>
      <trkpt lat="44.71732" lon="4.75753">
        <ele>90.2</ele>
      </trkpt>
      <trkpt lat="44.71696" lon="4.75816">
        <ele>89.7</ele>
      </trkpt>
      <trkpt lat="44.71661" lon="4.75879">
        <ele>88.4</ele>
      </trkpt>
      <trkpt lat="44.71607" lon="4.75967">
        <ele>88.5</ele>
      </trkpt>
      <trkpt lat="44.7156" lon="4.76042">
        <ele>88.8</ele>
      </trkpt>
      <trkpt lat="44.71511" lon="4.76115">
        <ele>90.5</ele>
      </trkpt>
      <trkpt lat="44.71495" lon="4.76143">
        <ele>91.1</ele>
      </trkpt>
      <trkpt lat="44.71469" lon="4.76176">
        <ele>90.8</ele>
      </trkpt>
      <trkpt lat="44.71469" lon="4.76176">
        <ele>90.8</ele>
      </trkpt>
      <trkpt lat="44.71417" lon="4.76224">
        <ele>90.3</ele>
      </trkpt>
      <trkpt lat="44.71431" lon="4.76254">
        <ele>89.7</ele>
      </trkpt>
      <trkpt lat="44.71432" lon="4.76261">
        <ele>89.5</ele>
      </trkpt>
      <trkpt lat="44.71431" lon="4.76266">
        <ele>89.3</ele>
      </trkpt>
      <trkpt lat="44.7141" lon="4.76286">
        <ele>89.0</ele>
      </trkpt>
      <trkpt lat="44.71381" lon="4.76308">
        <ele>89.9</ele>
      </trkpt>
      <trkpt lat="44.71357" lon="4.76325">
        <ele>91.2</ele>
      </trkpt>
      <trkpt lat="44.71298" lon="4.76372">
        <ele>89.7</ele>
      </trkpt>
      <trkpt lat="44.7125" lon="4.76425">
        <ele>89.1</ele>
      </trkpt>
      <trkpt lat="44.71246" lon="4.76427">
        <ele>89.1</ele>
      </trkpt>
      <trkpt lat="44.71244" lon="4.76438">
        <ele>88.1</ele>
      </trkpt>
      <trkpt lat="44.71241" lon="4.76445">
        <ele>87.6</ele>
      </trkpt>
      <trkpt lat="44.71196" lon="4.76485">
        <ele>86.9</ele>
      </trkpt>
      <trkpt lat="44.71179" lon="4.76495">
        <ele>87.4</ele>
      </trkpt>
      <trkpt lat="44.7117" lon="4.76495">
        <ele>88.2</ele>
      </trkpt>
      <trkpt lat="44.71156" lon="4.76511">
        <ele>88.5</ele>
      </trkpt>
      <trkpt lat="44.71152" lon="4.76515">
        <ele>88.7</ele>
      </trkpt>
      <trkpt lat="44.71133" lon="4.76532">
        <ele>89.4</ele>
      </trkpt>
      <trkpt lat="44.71121" lon="4.76552">
        <ele>88.5</ele>
      </trkpt>
      <trkpt lat="44.71104" lon="4.76563">
        <ele>89.0</ele>
      </trkpt>
      <trkpt lat="44.71085" lon="4.7657">
        <ele>89.7</ele>
      </trkpt>
      <trkpt lat="44.71076" lon="4.76575">
        <ele>89.4</ele>
      </trkpt>
      <trkpt lat="44.71073" lon="4.76587">
        <ele>88.2</ele>
      </trkpt>
      <trkpt lat="44.71063" lon="4.76605">
        <ele>87.3</ele>
      </trkpt>
      <trkpt lat="44.7106" lon="4.7661">
        <ele>87.1</ele>
      </trkpt>
      <trkpt lat="44.71049" lon="4.76627">
        <ele>86.6</ele>
      </trkpt>
      <trkpt lat="44.71036" lon="4.7664">
        <ele>86.7</ele>
      </trkpt>
      <trkpt lat="44.70978" lon="4.76683">
        <ele>87.4</ele>
      </trkpt>
      <trkpt lat="44.70945" lon="4.767">
        <ele>87.8</ele>
      </trkpt>
      <trkpt lat="44.70923" lon="4.76721">
        <ele>88.3</ele>
      </trkpt>
      <trkpt lat="44.70917" lon="4.76736">
        <ele>88.3</ele>
      </trkpt>
      <trkpt lat="44.70911" lon="4.76743">
        <ele>88.0</ele>
      </trkpt>
      <trkpt lat="44.70895" lon="4.76743">
        <ele>87.6</ele>
      </trkpt>
      <trkpt lat="44.70851" lon="4.76759">
        <ele>86.3</ele>
      </trkpt>
      <trkpt lat="44.70807" lon="4.76755">
        <ele>86.7</ele>
      </trkpt>
      <trkpt lat="44.7076" lon="4.76756">
        <ele>87.8</ele>
      </trkpt>
      <trkpt lat="44.70713" lon="4.76756">
        <ele>87.7</ele>
      </trkpt>
      <trkpt lat="44.70681" lon="4.76764">
        <ele>87.6</ele>
      </trkpt>
      <trkpt lat="44.70653" lon="4.76762">
        <ele>87.2</ele>
      </trkpt>
      <trkpt lat="44.70623" lon="4.76755">
        <ele>86.7</ele>
      </trkpt>
      <trkpt lat="44.70594" lon="4.76738">
        <ele>86.0</ele>
      </trkpt>
      <trkpt lat="44.70572" lon="4.76729">
        <ele>86.0</ele>
      </trkpt>
      <trkpt lat="44.70557" lon="4.76734">
        <ele>86.4</ele>
      </trkpt>
      <trkpt lat="44.70544" lon="4.76731">
        <ele>86.6</ele>
      </trkpt>
      <trkpt lat="44.7051" lon="4.76696">
        <ele>86.5</ele>
      </trkpt>
      <trkpt lat="44.70477" lon="4.76682">
        <ele>86.1</ele>
      </trkpt>
      <trkpt lat="44.70444" lon="4.76677">
        <ele>85.6</ele>
      </trkpt>
      <trkpt lat="44.70405" lon="4.7668">
        <ele>85.5</ele>
      </trkpt>
      <trkpt lat="44.70379" lon="4.76685">
        <ele>85.9</ele>
      </trkpt>
      <trkpt lat="44.70339" lon="4.76695">
        <ele>86.6</ele>
      </trkpt>
      <trkpt lat="44.70319" lon="4.76703">
        <ele>86.9</ele>
      </trkpt>
      <trkpt lat="44.70307" lon="4.76713">
        <ele>87.0</ele>
      </trkpt>
      <trkpt lat="44.7028" lon="4.7674">
        <ele>86.8</ele>
      </trkpt>
      <trkpt lat="44.70271" lon="4.76734">
        <ele>86.7</ele>
      </trkpt>
      <trkpt lat="44.70266" lon="4.76716">
        <ele>86.9</ele>
      </trkpt>
      <trkpt lat="44.70256" lon="4.76668">
        <ele>87.8</ele>
      </trkpt>
      <trkpt lat="44.70252" lon="4.76659">
        <ele>88.4</ele>
      </trkpt>
      <trkpt lat="44.70248" lon="4.76659">
        <ele>88.5</ele>
      </trkpt>
      <trkpt lat="44.70241" lon="4.76661">
        <ele>88.6</ele>
      </trkpt>
      <trkpt lat="44.70191" lon="4.76691">
        <ele>88.4</ele>
      </trkpt>
      <trkpt lat="44.70179" lon="4.76688">
        <ele>88.8</ele>
      </trkpt>
      <trkpt lat="44.70174" lon="4.76672">
        <ele>89.6</ele>
      </trkpt>
      <trkpt lat="44.70166" lon="4.76664">
        <ele>90.2</ele>
      </trkpt>
      <trkpt lat="44.7016" lon="4.76668">
        <ele>90.1</ele>
      </trkpt>
      <trkpt lat="44.70157" lon="4.76664">
        <ele>90.5</ele>
      </trkpt>
      <trkpt lat="44.7015" lon="4.76675">
        <ele>90.0</ele>
      </trkpt>
      <trkpt lat="44.70142" lon="4.76682">
        <ele>89.8</ele>
      </trkpt>
      <trkpt lat="44.70064" lon="4.76727">
        <ele>89.4</ele>
      </trkpt>
      <trkpt lat="44.69987" lon="4.76771">
        <ele>89.4</ele>
      </trkpt>
      <trkpt lat="44.69908" lon="4.7682">
        <ele>90.3</ele>
      </trkpt>
      <trkpt lat="44.69903" lon="4.76824">
        <ele>90.2</ele>
      </trkpt>
      <trkpt lat="44.69913" lon="4.76857">
        <ele>88.8</ele>
      </trkpt>
      <trkpt lat="44.69916" lon="4.76862">
        <ele>88.7</ele>
      </trkpt>
      <trkpt lat="44.69907" lon="4.76871">
        <ele>88.8</ele>
      </trkpt>
      <trkpt lat="44.69885" lon="4.76886">
        <ele>88.9</ele>
      </trkpt>
      <trkpt lat="44.69869" lon="4.76894">
        <ele>88.9</ele>
      </trkpt>
      <trkpt lat="44.69844" lon="4.76902">
        <ele>88.8</ele>
      </trkpt>
      <trkpt lat="44.6979" lon="4.76935">
        <ele>88.7</ele>
      </trkpt>
      <trkpt lat="44.69737" lon="4.76968">
        <ele>88.0</ele>
      </trkpt>
      <trkpt lat="44.69729" lon="4.76972">
        <ele>87.8</ele>
      </trkpt>
      <trkpt lat="44.69661" lon="4.77012">
        <ele>86.3</ele>
      </trkpt>
      <trkpt lat="44.6963" lon="4.77035">
        <ele>84.9</ele>
      </trkpt>
      <trkpt lat="44.69586" lon="4.77062">
        <ele>83.3</ele>
      </trkpt>
      <trkpt lat="44.69542" lon="4.77088">
        <ele>83.8</ele>
      </trkpt>
      <trkpt lat="44.69495" lon="4.77114">
        <ele>84.7</ele>
      </trkpt>
      <trkpt lat="44.69448" lon="4.7714">
        <ele>85.5</ele>
      </trkpt>
      <trkpt lat="44.69424" lon="4.77152">
        <ele>86.2</ele>
      </trkpt>
      <trkpt lat="44.69409" lon="4.77162">
        <ele>86.5</ele>
      </trkpt>
      <trkpt lat="44.69397" lon="4.77168">
        <ele>86.9</ele>
      </trkpt>
      <trkpt lat="44.69371" lon="4.77186">
        <ele>87.7</ele>
      </trkpt>
      <trkpt lat="44.69326" lon="4.77213">
        <ele>87.9</ele>
      </trkpt>
      <trkpt lat="44.69324" lon="4.77217">
        <ele>87.7</ele>
      </trkpt>
      <trkpt lat="44.69325" lon="4.77226">
        <ele>87.3</ele>
      </trkpt>
      <trkpt lat="44.69323" lon="4.77229">
        <ele>87.2</ele>
      </trkpt>
      <trkpt lat="44.6924" lon="4.77261">
        <ele>87.6</ele>
      </trkpt>
      <trkpt lat="44.69195" lon="4.77276">
        <ele>86.2</ele>
      </trkpt>
      <trkpt lat="44.69149" lon="4.7729">
        <ele>85.1</ele>
      </trkpt>
      <trkpt lat="44.69139" lon="4.77292">
        <ele>85.2</ele>
      </trkpt>
      <trkpt lat="44.69094" lon="4.77294">
        <ele>85.4</ele>
      </trkpt>
      <trkpt lat="44.69049" lon="4.77295">
        <ele>85.2</ele>
      </trkpt>
      <trkpt lat="44.69039" lon="4.77295">
        <ele>85.1</ele>
      </trkpt>
      <trkpt lat="44.68965" lon="4.7729">
        <ele>84.4</ele>
      </trkpt>
      <trkpt lat="44.6889" lon="4.77286">
        <ele>83.8</ele>
      </trkpt>
      <trkpt lat="44.68841" lon="4.77281">
        <ele>84.2</ele>
      </trkpt>
      <trkpt lat="44.68791" lon="4.77277">
        <ele>84.9</ele>
      </trkpt>
      <trkpt lat="44.68746" lon="4.77274">
        <ele>85.5</ele>
      </trkpt>
      <trkpt lat="44.68701" lon="4.77271">
        <ele>84.8</ele>
      </trkpt>
      <trkpt lat="44.68628" lon="4.77269">
        <ele>84.3</ele>
      </trkpt>
      <trkpt lat="44.68628" lon="4.77255">
        <ele>84.8</ele>
      </trkpt>
      <trkpt lat="44.68613" lon="4.77255">
        <ele>84.8</ele>
      </trkpt>
      <trkpt lat="44.68568" lon="4.77253">
        <ele>84.7</ele>
      </trkpt>
      <trkpt lat="44.68498" lon="4.77245">
        <ele>84.5</ele>
      </trkpt>
      <trkpt lat="44.68428" lon="4.77236">
        <ele>83.7</ele>
      </trkpt>
      <trkpt lat="44.68377" lon="4.77243">
        <ele>84.0</ele>
      </trkpt>
      <trkpt lat="44.68311" lon="4.77247">
        <ele>85.2</ele>
      </trkpt>
      <trkpt lat="44.68245" lon="4.77252">
        <ele>85.1</ele>
      </trkpt>
      <trkpt lat="44.68228" lon="4.7725">
        <ele>85.3</ele>
      </trkpt>
      <trkpt lat="44.682" lon="4.77245">
        <ele>85.9</ele>
      </trkpt>
      <trkpt lat="44.68143" lon="4.77229">
        <ele>87.9</ele>
      </trkpt>
      <trkpt lat="44.68097" lon="4.77224">
        <ele>89.3</ele>
      </trkpt>
      <trkpt lat="44.68051" lon="4.77219">
        <ele>90.3</ele>
      </trkpt>
      <trkpt lat="44.68019" lon="4.7722">
        <ele>90.9</ele>
      </trkpt>
      <trkpt lat="44.6801" lon="4.77215">
        <ele>91.0</ele>
      </trkpt>
      <trkpt lat="44.67978" lon="4.77221">
        <ele>91.4</ele>
      </trkpt>
      <trkpt lat="44.67959" lon="4.77226">
        <ele>91.5</ele>
      </trkpt>
      <trkpt lat="44.6795" lon="4.77232">
        <ele>91.5</ele>
      </trkpt>
      <trkpt lat="44.67946" lon="4.77245">
        <ele>91.4</ele>
      </trkpt>
      <trkpt lat="44.67946" lon="4.77273">
        <ele>90.9</ele>
      </trkpt>
      <trkpt lat="44.67952" lon="4.77326">
        <ele>90.0</ele>
      </trkpt>
      <trkpt lat="44.6795" lon="4.77346">
        <ele>89.2</ele>
      </trkpt>
      <trkpt lat="44.67935" lon="4.77406">
        <ele>86.4</ele>
      </trkpt>
      <trkpt lat="44.67927" lon="4.7749">
        <ele>85.2</ele>
      </trkpt>
      <trkpt lat="44.67936" lon="4.77501">
        <ele>85.2</ele>
      </trkpt>
      <trkpt lat="44.67931" lon="4.77545">
        <ele>85.3</ele>
      </trkpt>
      <trkpt lat="44.67924" lon="4.77577">
        <ele>85.3</ele>
      </trkpt>
      <trkpt lat="44.67909" lon="4.77616">
        <ele>85.6</ele>
      </trkpt>
      <trkpt lat="44.67893" lon="4.77647">
        <ele>86.2</ele>
      </trkpt>
      <trkpt lat="44.67875" lon="4.7767">
        <ele>86.6</ele>
      </trkpt>
      <trkpt lat="44.67851" lon="4.77691">
        <ele>87.0</ele>
      </trkpt>
      <trkpt lat="44.67821" lon="4.77706">
        <ele>87.4</ele>
      </trkpt>
      <trkpt lat="44.67778" lon="4.77711">
        <ele>87.5</ele>
      </trkpt>
      <trkpt lat="44.67713" lon="4.77702">
        <ele>87.1</ele>
      </trkpt>
      <trkpt lat="44.67653" lon="4.77692">
        <ele>86.9</ele>
      </trkpt>
      <trkpt lat="44.67599" lon="4.7769">
        <ele>87.6</ele>
      </trkpt>
      <trkpt lat="44.67552" lon="4.77701">
        <ele>87.7</ele>
      </trkpt>
      <trkpt lat="44.67503" lon="4.7772">
        <ele>87.3</ele>
      </trkpt>
      <trkpt lat="44.6746" lon="4.77746">
        <ele>87.9</ele>
      </trkpt>
      <trkpt lat="44.67424" lon="4.77776">
        <ele>87.4</ele>
      </trkpt>
      <trkpt lat="44.67374" lon="4.77819">
        <ele>85.2</ele>
      </trkpt>
      <trkpt lat="44.67324" lon="4.77863">
        <ele>83.6</ele>
      </trkpt>
      <trkpt lat="44.67254" lon="4.77921">
        <ele>81.3</ele>
      </trkpt>
      <trkpt lat="44.67184" lon="4.7798">
        <ele>83.1</ele>
      </trkpt>
      <trkpt lat="44.67136" lon="4.78005">
        <ele>84.1</ele>
      </trkpt>
      <trkpt lat="44.67069" lon="4.78024">
        <ele>84.0</ele>
      </trkpt>
      <trkpt lat="44.66997" lon="4.78047">
        <ele>83.6</ele>
      </trkpt>
      <trkpt lat="44.66925" lon="4.7807">
        <ele>83.5</ele>
      </trkpt>
      <trkpt lat="44.66854" lon="4.78093">
        <ele>80.6</ele>
      </trkpt>
      <trkpt lat="44.66815" lon="4.78104">
        <ele>77.6</ele>
      </trkpt>
      <trkpt lat="44.66743" lon="4.78126">
        <ele>75.9</ele>
      </trkpt>
      <trkpt lat="44.6667" lon="4.78149">
        <ele>81.2</ele>
      </trkpt>
      <trkpt lat="44.66608" lon="4.7815">
        <ele>81.2</ele>
      </trkpt>
      <trkpt lat="44.66556" lon="4.78144">
        <ele>82.1</ele>
      </trkpt>
      <trkpt lat="44.66492" lon="4.78123">
        <ele>82.6</ele>
      </trkpt>
      <trkpt lat="44.66429" lon="4.78097">
        <ele>80.9</ele>
      </trkpt>
      <trkpt lat="44.66367" lon="4.78072">
        <ele>81.5</ele>
      </trkpt>
      <trkpt lat="44.66304" lon="4.78046">
        <ele>81.4</ele>
      </trkpt>
      <trkpt lat="44.66231" lon="4.78018">
        <ele>80.5</ele>
      </trkpt>
      <trkpt lat="44.66158" lon="4.7799">
        <ele>81.2</ele>
      </trkpt>
      <trkpt lat="44.66104" lon="4.77966">
        <ele>82.3</ele>
      </trkpt>
      <trkpt lat="44.66037" lon="4.77941">
        <ele>82.3</ele>
      </trkpt>
      <trkpt lat="44.6597" lon="4.77915">
        <ele>81.6</ele>
      </trkpt>
      <trkpt lat="44.6592" lon="4.77891">
        <ele>80.7</ele>
      </trkpt>
      <trkpt lat="44.65871" lon="4.77867">
        <ele>81.7</ele>
      </trkpt>
      <trkpt lat="44.65825" lon="4.77834">
        <ele>82.5</ele>
      </trkpt>
      <trkpt lat="44.65786" lon="4.778">
        <ele>84.1</ele>
      </trkpt>
      <trkpt lat="44.65748" lon="4.77767">
        <ele>83.9</ele>
      </trkpt>
      <trkpt lat="44.65721" lon="4.77749">
        <ele>84.4</ele>
      </trkpt>
      <trkpt lat="44.65691" lon="4.77735">
        <ele>85.2</ele>
      </trkpt>
      <trkpt lat="44.65613" lon="4.77704">
        <ele>85.8</ele>
      </trkpt>
      <trkpt lat="44.65535" lon="4.77673">
        <ele>84.1</ele>
      </trkpt>
      <trkpt lat="44.65522" lon="4.77661">
        <ele>83.4</ele>
      </trkpt>
      <trkpt lat="44.65524" lon="4.77656">
        <ele>83.4</ele>
      </trkpt>
      <trkpt lat="44.65533" lon="4.7761">
        <ele>82.7</ele>
      </trkpt>
      <trkpt lat="44.65487" lon="4.77599">
        <ele>81.4</ele>
      </trkpt>
      <trkpt lat="44.65409" lon="4.77558">
        <ele>80.6</ele>
      </trkpt>
      <trkpt lat="44.65336" lon="4.77498">
        <ele>82.0</ele>
      </trkpt>
      <trkpt lat="44.65263" lon="4.77439">
        <ele>80.8</ele>
      </trkpt>
      <trkpt lat="44.65189" lon="4.77379">
        <ele>80.5</ele>
      </trkpt>
      <trkpt lat="44.65163" lon="4.77356">
        <ele>80.3</ele>
      </trkpt>
      <trkpt lat="44.651" lon="4.77304">
        <ele>80.2</ele>
      </trkpt>
      <trkpt lat="44.65037" lon="4.77252">
        <ele>78.9</ele>
      </trkpt>
      <trkpt lat="44.64974" lon="4.772">
        <ele>78.6</ele>
      </trkpt>
      <trkpt lat="44.6491" lon="4.77147">
        <ele>79.9</ele>
      </trkpt>
      <trkpt lat="44.64847" lon="4.77095">
        <ele>83.2</ele>
      </trkpt>
      <trkpt lat="44.64781" lon="4.7704">
        <ele>81.1</ele>
      </trkpt>
      <trkpt lat="44.64715" lon="4.76984">
        <ele>79.5</ele>
      </trkpt>
      <trkpt lat="44.64649" lon="4.76928">
        <ele>79.2</ele>
      </trkpt>
      <trkpt lat="44.64583" lon="4.76873">
        <ele>81.1</ele>
      </trkpt>
      <trkpt lat="44.64511" lon="4.76813">
        <ele>81.0</ele>
      </trkpt>
      <trkpt lat="44.64439" lon="4.76753">
        <ele>79.3</ele>
      </trkpt>
      <trkpt lat="44.64367" lon="4.76693">
        <ele>80.8</ele>
      </trkpt>
      <trkpt lat="44.64295" lon="4.76633">
        <ele>81.9</ele>
      </trkpt>
      <trkpt lat="44.64223" lon="4.76573">
        <ele>81.5</ele>
      </trkpt>
      <trkpt lat="44.64151" lon="4.76513">
        <ele>82.6</ele>
      </trkpt>
      <trkpt lat="44.64079" lon="4.76452">
        <ele>83.1</ele>
      </trkpt>
      <trkpt lat="44.64007" lon="4.76392">
        <ele>81.1</ele>
      </trkpt>
      <trkpt lat="44.63959" lon="4.76356">
        <ele>80.2</ele>
      </trkpt>
      <trkpt lat="44.63931" lon="4.76332">
        <ele>80.1</ele>
      </trkpt>
      <trkpt lat="44.63916" lon="4.76309">
        <ele>79.7</ele>
      </trkpt>
      <trkpt lat="44.63887" lon="4.76275">
        <ele>79.2</ele>
      </trkpt>
      <trkpt lat="44.63885" lon="4.76269">
        <ele>79.1</ele>
      </trkpt>
      <trkpt lat="44.63884" lon="4.76265">
        <ele>79.1</ele>
      </trkpt>
      <trkpt lat="44.63884" lon="4.76255">
        <ele>79.0</ele>
      </trkpt>
      <trkpt lat="44.63891" lon="4.76218">
        <ele>79.1</ele>
      </trkpt>
      <trkpt lat="44.63898" lon="4.76204">
        <ele>79.3</ele>
      </trkpt>
      <trkpt lat="44.63903" lon="4.76198">
        <ele>79.4</ele>
      </trkpt>
      <trkpt lat="44.63904" lon="4.76184">
        <ele>79.5</ele>
      </trkpt>
      <trkpt lat="44.63901" lon="4.76165">
        <ele>79.6</ele>
      </trkpt>
      <trkpt lat="44.63901" lon="4.76151">
        <ele>79.3</ele>
      </trkpt>
      <trkpt lat="44.63907" lon="4.76066">
        <ele>77.5</ele>
      </trkpt>
      <trkpt lat="44.63914" lon="4.75981">
        <ele>75.7</ele>
      </trkpt>
      <trkpt lat="44.63919" lon="4.75935">
        <ele>75.3</ele>
      </trkpt>
      <trkpt lat="44.63937" lon="4.75825">
        <ele>75.1</ele>
      </trkpt>
      <trkpt lat="44.63954" lon="4.75714">
        <ele>74.9</ele>
      </trkpt>
      <trkpt lat="44.63961" lon="4.75639">
        <ele>73.8</ele>
      </trkpt>
      <trkpt lat="44.63958" lon="4.75585">
        <ele>73.5</ele>
      </trkpt>
      <trkpt lat="44.6396" lon="4.75569">
        <ele>73.6</ele>
      </trkpt>
      <trkpt lat="44.63959" lon="4.75561">
        <ele>73.6</ele>
      </trkpt>
      <trkpt lat="44.63947" lon="4.75536">
        <ele>73.7</ele>
      </trkpt>
      <trkpt lat="44.63927" lon="4.7549">
        <ele>73.5</ele>
      </trkpt>
      <trkpt lat="44.6389" lon="4.7545">
        <ele>74.1</ele>
      </trkpt>
      <trkpt lat="44.63897" lon="4.75438">
        <ele>74.2</ele>
      </trkpt>
      <trkpt lat="44.63825" lon="4.75363">
        <ele>71.7</ele>
      </trkpt>
      <trkpt lat="44.63753" lon="4.75288">
        <ele>73.3</ele>
      </trkpt>
      <trkpt lat="44.6374" lon="4.75271">
        <ele>73.5</ele>
      </trkpt>
      <trkpt lat="44.63718" lon="4.75252">
        <ele>73.4</ele>
      </trkpt>
      <trkpt lat="44.63647" lon="4.75176">
        <ele>70.2</ele>
      </trkpt>
      <trkpt lat="44.63576" lon="4.75101">
        <ele>73.7</ele>
      </trkpt>
      <trkpt lat="44.63568" lon="4.75093">
        <ele>74.0</ele>
      </trkpt>
      <trkpt lat="44.63556" lon="4.75085">
        <ele>74.3</ele>
      </trkpt>
      <trkpt lat="44.63499" lon="4.75022">
        <ele>74.3</ele>
      </trkpt>
      <trkpt lat="44.63497" lon="4.75012">
        <ele>74.2</ele>
      </trkpt>
      <trkpt lat="44.63498" lon="4.75002">
        <ele>74.1</ele>
      </trkpt>
      <trkpt lat="44.6353" lon="4.74909">
        <ele>72.8</ele>
      </trkpt>
      <trkpt lat="44.63562" lon="4.74815">
        <ele>72.1</ele>
      </trkpt>
      <trkpt lat="44.63561" lon="4.74808">
        <ele>72.2</ele>
      </trkpt>
      <trkpt lat="44.63558" lon="4.74804">
        <ele>72.3</ele>
      </trkpt>
      <trkpt lat="44.63497" lon="4.74754">
        <ele>73.9</ele>
      </trkpt>
      <trkpt lat="44.6345" lon="4.74724">
        <ele>75.9</ele>
      </trkpt>
      <trkpt lat="44.63426" lon="4.74706">
        <ele>76.9</ele>
      </trkpt>
      <trkpt lat="44.63412" lon="4.747">
        <ele>77.1</ele>
      </trkpt>
      <trkpt lat="44.63399" lon="4.74689">
        <ele>77.3</ele>
      </trkpt>
      <trkpt lat="44.63393" lon="4.74681">
        <ele>77.4</ele>
      </trkpt>
      <trkpt lat="44.63383" lon="4.74682">
        <ele>77.2</ele>
      </trkpt>
      <trkpt lat="44.6337" lon="4.74668">
        <ele>77.4</ele>
      </trkpt>
      <trkpt lat="44.63361" lon="4.74664">
        <ele>77.4</ele>
      </trkpt>
      <trkpt lat="44.63345" lon="4.74665">
        <ele>77.2</ele>
      </trkpt>
      <trkpt lat="44.63325" lon="4.74608">
        <ele>78.9</ele>
      </trkpt>
      <trkpt lat="44.63305" lon="4.74574">
        <ele>79.2</ele>
      </trkpt>
      <trkpt lat="44.63276" lon="4.7455">
        <ele>78.9</ele>
      </trkpt>
      <trkpt lat="44.63228" lon="4.74529">
        <ele>78.6</ele>
      </trkpt>
      <trkpt lat="44.63179" lon="4.74508">
        <ele>78.2</ele>
      </trkpt>
      <trkpt lat="44.63136" lon="4.74489">
        <ele>76.9</ele>
      </trkpt>
      <trkpt lat="44.63093" lon="4.74471">
        <ele>75.6</ele>
      </trkpt>
      <trkpt lat="44.6302" lon="4.74444">
        <ele>75.5</ele>
      </trkpt>
      <trkpt lat="44.62946" lon="4.74417">
        <ele>76.3</ele>
      </trkpt>
      <trkpt lat="44.62933" lon="4.7442">
        <ele>76.6</ele>
      </trkpt>
      <trkpt lat="44.62919" lon="4.74426">
        <ele>76.7</ele>
      </trkpt>
      <trkpt lat="44.62893" lon="4.74431">
        <ele>76.1</ele>
      </trkpt>
      <trkpt lat="44.62866" lon="4.74442">
        <ele>75.4</ele>
      </trkpt>
      <trkpt lat="44.62794" lon="4.74461">
        <ele>75.4</ele>
      </trkpt>
      <trkpt lat="44.62778" lon="4.74463">
        <ele>75.9</ele>
      </trkpt>
      <trkpt lat="44.62775" lon="4.74468">
        <ele>75.9</ele>
      </trkpt>
      <trkpt lat="44.62758" lon="4.74552">
        <ele>76.8</ele>
      </trkpt>
      <trkpt lat="44.6274" lon="4.74636">
        <ele>75.6</ele>
      </trkpt>
      <trkpt lat="44.62723" lon="4.7472">
        <ele>75.3</ele>
      </trkpt>
      <trkpt lat="44.62709" lon="4.74786">
        <ele>75.7</ele>
      </trkpt>
      <trkpt lat="44.62695" lon="4.74852">
        <ele>75.9</ele>
      </trkpt>
      <trkpt lat="44.62691" lon="4.74884">
        <ele>75.8</ele>
      </trkpt>
      <trkpt lat="44.6268" lon="4.74934">
        <ele>75.9</ele>
      </trkpt>
      <trkpt lat="44.62676" lon="4.74939">
        <ele>75.9</ele>
      </trkpt>
      <trkpt lat="44.62673" lon="4.74941">
        <ele>75.9</ele>
      </trkpt>
      <trkpt lat="44.62668" lon="4.74941">
        <ele>76.0</ele>
      </trkpt>
      <trkpt lat="44.62625" lon="4.7492">
        <ele>76.0</ele>
      </trkpt>
      <trkpt lat="44.62582" lon="4.74899">
        <ele>76.0</ele>
      </trkpt>
      <trkpt lat="44.62575" lon="4.749">
        <ele>76.0</ele>
      </trkpt>
      <trkpt lat="44.62566" lon="4.74908">
        <ele>76.0</ele>
      </trkpt>
      <trkpt lat="44.62564" lon="4.74917">
        <ele>76.0</ele>
      </trkpt>
      <trkpt lat="44.62545" lon="4.75014">
        <ele>77.5</ele>
      </trkpt>
      <trkpt lat="44.62541" lon="4.75043">
        <ele>78.8</ele>
      </trkpt>
      <trkpt lat="44.62543" lon="4.75074">
        <ele>80.1</ele>
      </trkpt>
      <trkpt lat="44.6254" lon="4.7508">
        <ele>80.5</ele>
      </trkpt>
      <trkpt lat="44.62538" lon="4.75083">
        <ele>80.7</ele>
      </trkpt>
      <trkpt lat="44.62511" lon="4.75086">
        <ele>82.1</ele>
      </trkpt>
      <trkpt lat="44.62443" lon="4.75033">
        <ele>79.0</ele>
      </trkpt>
      <trkpt lat="44.62369" lon="4.74984">
        <ele>80.9</ele>
      </trkpt>
      <trkpt lat="44.62295" lon="4.74936">
        <ele>77.9</ele>
      </trkpt>
      <trkpt lat="44.62221" lon="4.74887">
        <ele>75.9</ele>
      </trkpt>
      <trkpt lat="44.62147" lon="4.74839">
        <ele>76.4</ele>
      </trkpt>
      <trkpt lat="44.62073" lon="4.74792">
        <ele>76.0</ele>
      </trkpt>
      <trkpt lat="44.62" lon="4.74745">
        <ele>77.9</ele>
      </trkpt>
      <trkpt lat="44.61926" lon="4.74698">
        <ele>79.2</ele>
      </trkpt>
      <trkpt lat="44.6185" lon="4.74651">
        <ele>77.9</ele>
      </trkpt>
      <trkpt lat="44.61774" lon="4.74603">
        <ele>81.3</ele>
      </trkpt>
      <trkpt lat="44.61698" lon="4.74556">
        <ele>79.1</ele>
      </trkpt>
      <trkpt lat="44.61621" lon="4.74506">
        <ele>76.9</ele>
      </trkpt>
      <trkpt lat="44.61543" lon="4.74456">
        <ele>78.2</ele>
      </trkpt>
      <trkpt lat="44.61465" lon="4.74406">
        <ele>77.9</ele>
      </trkpt>
      <trkpt lat="44.61388" lon="4.74356">
        <ele>76.8</ele>
      </trkpt>
      <trkpt lat="44.61321" lon="4.74314">
        <ele>75.4</ele>
      </trkpt>
      <trkpt lat="44.61254" lon="4.74272">
        <ele>74.2</ele>
      </trkpt>
      <trkpt lat="44.61187" lon="4.7423">
        <ele>75.7</ele>
      </trkpt>
      <trkpt lat="44.61119" lon="4.74186">
        <ele>78.5</ele>
      </trkpt>
      <trkpt lat="44.6105" lon="4.74142">
        <ele>77.4</ele>
      </trkpt>
      <trkpt lat="44.60982" lon="4.74098">
        <ele>75.9</ele>
      </trkpt>
      <trkpt lat="44.60913" lon="4.74054">
        <ele>75.7</ele>
      </trkpt>
      <trkpt lat="44.60844" lon="4.74011">
        <ele>78.4</ele>
      </trkpt>
      <trkpt lat="44.60775" lon="4.73967">
        <ele>75.4</ele>
      </trkpt>
      <trkpt lat="44.60702" lon="4.73924">
        <ele>74.2</ele>
      </trkpt>
      <trkpt lat="44.60671" lon="4.739">
        <ele>73.5</ele>
      </trkpt>
      <trkpt lat="44.60658" lon="4.7388">
        <ele>74.0</ele>
      </trkpt>
      <trkpt lat="44.60654" lon="4.73872">
        <ele>74.2</ele>
      </trkpt>
      <trkpt lat="44.60652" lon="4.73862">
        <ele>74.5</ele>
      </trkpt>
      <trkpt lat="44.60651" lon="4.73855">
        <ele>74.8</ele>
      </trkpt>
      <trkpt lat="44.60653" lon="4.73846">
        <ele>75.0</ele>
      </trkpt>
      <trkpt lat="44.60657" lon="4.73831">
        <ele>75.3</ele>
      </trkpt>
      <trkpt lat="44.60664" lon="4.73817">
        <ele>75.5</ele>
      </trkpt>
      <trkpt lat="44.60589" lon="4.7377">
        <ele>77.7</ele>
      </trkpt>
      <trkpt lat="44.60515" lon="4.73724">
        <ele>78.3</ele>
      </trkpt>
      <trkpt lat="44.60445" lon="4.73681">
        <ele>79.0</ele>
      </trkpt>
      <trkpt lat="44.60376" lon="4.73637">
        <ele>79.2</ele>
      </trkpt>
      <trkpt lat="44.60307" lon="4.73594">
        <ele>79.7</ele>
      </trkpt>
      <trkpt lat="44.60265" lon="4.73563">
        <ele>77.4</ele>
      </trkpt>
      <trkpt lat="44.60224" lon="4.73531">
        <ele>76.9</ele>
      </trkpt>
      <trkpt lat="44.60159" lon="4.73474">
        <ele>78.3</ele>
      </trkpt>
      <trkpt lat="44.60091" lon="4.73418">
        <ele>80.8</ele>
      </trkpt>
      <trkpt lat="44.60024" lon="4.73361">
        <ele>80.1</ele>
      </trkpt>
      <trkpt lat="44.59994" lon="4.73329">
        <ele>83.0</ele>
      </trkpt>
      <trkpt lat="44.5996" lon="4.73281">
        <ele>78.0</ele>
      </trkpt>
      <trkpt lat="44.59926" lon="4.73233">
        <ele>75.5</ele>
      </trkpt>
      <trkpt lat="44.5992" lon="4.73218">
        <ele>75.1</ele>
      </trkpt>
      <trkpt lat="44.59918" lon="4.73212">
        <ele>75.1</ele>
      </trkpt>
      <trkpt lat="44.59918" lon="4.73203">
        <ele>75.1</ele>
      </trkpt>
      <trkpt lat="44.59925" lon="4.73176">
        <ele>75.1</ele>
      </trkpt>
      <trkpt lat="44.59925" lon="4.7317">
        <ele>75.1</ele>
      </trkpt>
      <trkpt lat="44.59925" lon="4.73167">
        <ele>75.1</ele>
      </trkpt>
      <trkpt lat="44.59923" lon="4.73164">
        <ele>75.0</ele>
      </trkpt>
      <trkpt lat="44.59921" lon="4.73163">
        <ele>75.0</ele>
      </trkpt>
      <trkpt lat="44.59916" lon="4.73166">
        <ele>74.9</ele>
      </trkpt>
      <trkpt lat="44.59893" lon="4.73188">
        <ele>74.6</ele>
      </trkpt>
      <trkpt lat="44.59886" lon="4.73198">
        <ele>74.7</ele>
      </trkpt>
      <trkpt lat="44.59877" lon="4.73211">
        <ele>75.1</ele>
      </trkpt>
      <trkpt lat="44.59862" lon="4.73238">
        <ele>76.4</ele>
      </trkpt>
      <trkpt lat="44.59857" lon="4.73244">
        <ele>76.8</ele>
      </trkpt>
      <trkpt lat="44.59851" lon="4.73247">
        <ele>77.2</ele>
      </trkpt>
      <trkpt lat="44.59846" lon="4.73248">
        <ele>77.4</ele>
      </trkpt>
      <trkpt lat="44.5984" lon="4.73247">
        <ele>77.5</ele>
      </trkpt>
      <trkpt lat="44.59827" lon="4.73239">
        <ele>76.9</ele>
      </trkpt>
      <trkpt lat="44.59811" lon="4.73224">
        <ele>75.5</ele>
      </trkpt>
      <trkpt lat="44.59756" lon="4.73158">
        <ele>74.5</ele>
      </trkpt>
      <trkpt lat="44.59702" lon="4.73092">
        <ele>76.7</ele>
      </trkpt>
      <trkpt lat="44.59647" lon="4.73026">
        <ele>74.9</ele>
      </trkpt>
      <trkpt lat="44.59592" lon="4.7296">
        <ele>72.3</ele>
      </trkpt>
      <trkpt lat="44.59537" lon="4.72894">
        <ele>72.0</ele>
      </trkpt>
      <trkpt lat="44.59519" lon="4.72869">
        <ele>71.7</ele>
      </trkpt>
      <trkpt lat="44.59504" lon="4.72846">
        <ele>71.2</ele>
      </trkpt>
      <trkpt lat="44.59463" lon="4.72761">
        <ele>71.0</ele>
      </trkpt>
      <trkpt lat="44.59421" lon="4.72676">
        <ele>76.4</ele>
      </trkpt>
      <trkpt lat="44.59418" lon="4.72656">
        <ele>77.0</ele>
      </trkpt>
      <trkpt lat="44.59411" lon="4.72636">
        <ele>76.6</ele>
      </trkpt>
      <trkpt lat="44.59411" lon="4.7263">
        <ele>76.6</ele>
      </trkpt>
      <trkpt lat="44.59413" lon="4.72626">
        <ele>76.7</ele>
      </trkpt>
      <trkpt lat="44.59416" lon="4.72623">
        <ele>77.0</ele>
      </trkpt>
      <trkpt lat="44.59426" lon="4.72622">
        <ele>77.2</ele>
      </trkpt>
      <trkpt lat="44.5943" lon="4.7262">
        <ele>77.3</ele>
      </trkpt>
      <trkpt lat="44.59433" lon="4.72616">
        <ele>77.3</ele>
      </trkpt>
      <trkpt lat="44.59432" lon="4.72604">
        <ele>77.3</ele>
      </trkpt>
      <trkpt lat="44.59427" lon="4.72587">
        <ele>77.2</ele>
      </trkpt>
      <trkpt lat="44.59396" lon="4.72519">
        <ele>74.3</ele>
      </trkpt>
      <trkpt lat="44.59365" lon="4.7245">
        <ele>72.6</ele>
      </trkpt>
      <trkpt lat="44.59352" lon="4.72422">
        <ele>71.9</ele>
      </trkpt>
      <trkpt lat="44.59341" lon="4.72402">
        <ele>71.8</ele>
      </trkpt>
      <trkpt lat="44.59346" lon="4.72393">
        <ele>71.7</ele>
      </trkpt>
      <trkpt lat="44.59381" lon="4.72335">
        <ele>72.1</ele>
      </trkpt>
      <trkpt lat="44.59387" lon="4.7232">
        <ele>72.9</ele>
      </trkpt>
      <trkpt lat="44.59388" lon="4.72309">
        <ele>73.4</ele>
      </trkpt>
      <trkpt lat="44.5939" lon="4.72269">
        <ele>75.2</ele>
      </trkpt>
      <trkpt lat="44.59397" lon="4.72147">
        <ele>76.7</ele>
      </trkpt>
      <trkpt lat="44.594" lon="4.72111">
        <ele>75.3</ele>
      </trkpt>
      <trkpt lat="44.59403" lon="4.72094">
        <ele>74.6</ele>
      </trkpt>
      <trkpt lat="44.5941" lon="4.72076">
        <ele>73.9</ele>
      </trkpt>
      <trkpt lat="44.5942" lon="4.72055">
        <ele>73.3</ele>
      </trkpt>
      <trkpt lat="44.59414" lon="4.72051">
        <ele>73.3</ele>
      </trkpt>
      <trkpt lat="44.5938" lon="4.72042">
        <ele>73.5</ele>
      </trkpt>
      <trkpt lat="44.59369" lon="4.72039">
        <ele>73.5</ele>
      </trkpt>
      <trkpt lat="44.59359" lon="4.72034">
        <ele>73.5</ele>
      </trkpt>
      <trkpt lat="44.59304" lon="4.72003">
        <ele>73.1</ele>
      </trkpt>
      <trkpt lat="44.59249" lon="4.71973">
        <ele>72.7</ele>
      </trkpt>
      <trkpt lat="44.59224" lon="4.71957">
        <ele>72.5</ele>
      </trkpt>
      <trkpt lat="44.59208" lon="4.71945">
        <ele>72.3</ele>
      </trkpt>
      <trkpt lat="44.592" lon="4.71952">
        <ele>72.4</ele>
      </trkpt>
      <trkpt lat="44.59179" lon="4.71993">
        <ele>72.9</ele>
      </trkpt>
      <trkpt lat="44.59174" lon="4.72">
        <ele>73.0</ele>
      </trkpt>
      <trkpt lat="44.59168" lon="4.72004">
        <ele>73.1</ele>
      </trkpt>
      <trkpt lat="44.59165" lon="4.72004">
        <ele>73.1</ele>
      </trkpt>
      <trkpt lat="44.59159" lon="4.72002">
        <ele>73.1</ele>
      </trkpt>
      <trkpt lat="44.59097" lon="4.71956">
        <ele>72.9</ele>
      </trkpt>
      <trkpt lat="44.59035" lon="4.7191">
        <ele>71.4</ele>
      </trkpt>
      <trkpt lat="44.59021" lon="4.71896">
        <ele>71.4</ele>
      </trkpt>
      <trkpt lat="44.58973" lon="4.71835">
        <ele>71.3</ele>
      </trkpt>
      <trkpt lat="44.58925" lon="4.71775">
        <ele>71.5</ele>
      </trkpt>
      <trkpt lat="44.58882" lon="4.71723">
        <ele>71.3</ele>
      </trkpt>
      <trkpt lat="44.58839" lon="4.71671">
        <ele>72.7</ele>
      </trkpt>
      <trkpt lat="44.58802" lon="4.71616">
        <ele>71.4</ele>
      </trkpt>
      <trkpt lat="44.58764" lon="4.71561">
        <ele>71.4</ele>
      </trkpt>
      <trkpt lat="44.58718" lon="4.71499">
        <ele>70.0</ele>
      </trkpt>
      <trkpt lat="44.58672" lon="4.71436">
        <ele>70.0</ele>
      </trkpt>
      <trkpt lat="44.58612" lon="4.71351">
        <ele>70.1</ele>
      </trkpt>
      <trkpt lat="44.58594" lon="4.7132">
        <ele>70.1</ele>
      </trkpt>
      <trkpt lat="44.58585" lon="4.71302">
        <ele>70.0</ele>
      </trkpt>
      <trkpt lat="44.58575" lon="4.71277">
        <ele>70.1</ele>
      </trkpt>
      <trkpt lat="44.58558" lon="4.71227">
        <ele>71.3</ele>
      </trkpt>
      <trkpt lat="44.58554" lon="4.71217">
        <ele>71.6</ele>
      </trkpt>
      <trkpt lat="44.58551" lon="4.71214">
        <ele>71.8</ele>
      </trkpt>
      <trkpt lat="44.58494" lon="4.71161">
        <ele>74.8</ele>
      </trkpt>
      <trkpt lat="44.58489" lon="4.71152">
        <ele>74.4</ele>
      </trkpt>
      <trkpt lat="44.58487" lon="4.71146">
        <ele>74.2</ele>
      </trkpt>
      <trkpt lat="44.58486" lon="4.71133">
        <ele>73.5</ele>
      </trkpt>
      <trkpt lat="44.58481" lon="4.71121">
        <ele>73.0</ele>
      </trkpt>
      <trkpt lat="44.58481" lon="4.71117">
        <ele>72.8</ele>
      </trkpt>
      <trkpt lat="44.58484" lon="4.71109">
        <ele>72.4</ele>
      </trkpt>
      <trkpt lat="44.58536" lon="4.71047">
        <ele>69.9</ele>
      </trkpt>
      <trkpt lat="44.58589" lon="4.70984">
        <ele>69.3</ele>
      </trkpt>
      <trkpt lat="44.58601" lon="4.70971">
        <ele>69.6</ele>
      </trkpt>
      <trkpt lat="44.58614" lon="4.70957">
        <ele>69.9</ele>
      </trkpt>
      <trkpt lat="44.58615" lon="4.70952">
        <ele>70.0</ele>
      </trkpt>
      <trkpt lat="44.58616" lon="4.70942">
        <ele>70.1</ele>
      </trkpt>
      <trkpt lat="44.58615" lon="4.70832">
        <ele>71.4</ele>
      </trkpt>
      <trkpt lat="44.58619" lon="4.70768">
        <ele>72.3</ele>
      </trkpt>
      <trkpt lat="44.58625" lon="4.70711">
        <ele>72.0</ele>
      </trkpt>
      <trkpt lat="44.58669" lon="4.70653">
        <ele>70.2</ele>
      </trkpt>
      <trkpt lat="44.58713" lon="4.70596">
        <ele>71.5</ele>
      </trkpt>
      <trkpt lat="44.58674" lon="4.70536">
        <ele>72.2</ele>
      </trkpt>
      <trkpt lat="44.58628" lon="4.70601">
        <ele>71.1</ele>
      </trkpt>
      <trkpt lat="44.58583" lon="4.70666">
        <ele>73.0</ele>
      </trkpt>
      <trkpt lat="44.58541" lon="4.70727">
        <ele>72.5</ele>
      </trkpt>
      <trkpt lat="44.58532" lon="4.70737">
        <ele>72.4</ele>
      </trkpt>
      <trkpt lat="44.58523" lon="4.70743">
        <ele>72.3</ele>
      </trkpt>
      <trkpt lat="44.58521" lon="4.70754">
        <ele>72.2</ele>
      </trkpt>
      <trkpt lat="44.58464" lon="4.70834">
        <ele>72.0</ele>
      </trkpt>
      <trkpt lat="44.58407" lon="4.70914">
        <ele>72.0</ele>
      </trkpt>
      <trkpt lat="44.5837" lon="4.70966">
        <ele>71.7</ele>
      </trkpt>
      <trkpt lat="44.58332" lon="4.71017">
        <ele>71.1</ele>
      </trkpt>
      <trkpt lat="44.58329" lon="4.71022">
        <ele>70.8</ele>
      </trkpt>
      <trkpt lat="44.58323" lon="4.71031">
        <ele>70.2</ele>
      </trkpt>
      <trkpt lat="44.58264" lon="4.71115">
        <ele>68.0</ele>
      </trkpt>
      <trkpt lat="44.58204" lon="4.71198">
        <ele>68.2</ele>
      </trkpt>
      <trkpt lat="44.58144" lon="4.71281">
        <ele>72.3</ele>
      </trkpt>
      <trkpt lat="44.58139" lon="4.7129">
        <ele>72.9</ele>
      </trkpt>
      <trkpt lat="44.5813" lon="4.71301">
        <ele>73.6</ele>
      </trkpt>
      <trkpt lat="44.58092" lon="4.71355">
        <ele>74.0</ele>
      </trkpt>
      <trkpt lat="44.58054" lon="4.71408">
        <ele>73.3</ele>
      </trkpt>
      <trkpt lat="44.58077" lon="4.71504">
        <ele>73.4</ele>
      </trkpt>
      <trkpt lat="44.58101" lon="4.71601">
        <ele>77.2</ele>
      </trkpt>
      <trkpt lat="44.58125" lon="4.71697">
        <ele>77.4</ele>
      </trkpt>
      <trkpt lat="44.5813" lon="4.71715">
        <ele>77.7</ele>
      </trkpt>
      <trkpt lat="44.58118" lon="4.7177">
        <ele>76.1</ele>
      </trkpt>
      <trkpt lat="44.58109" lon="4.71781">
        <ele>75.2</ele>
      </trkpt>
      <trkpt lat="44.58027" lon="4.71743">
        <ele>73.3</ele>
      </trkpt>
      <trkpt lat="44.57944" lon="4.71716">
        <ele>72.7</ele>
      </trkpt>
      <trkpt lat="44.57859" lon="4.71694">
        <ele>73.2</ele>
      </trkpt>
      <trkpt lat="44.57792" lon="4.71682">
        <ele>74.7</ele>
      </trkpt>
      <trkpt lat="44.57734" lon="4.71674">
        <ele>75.4</ele>
      </trkpt>
      <trkpt lat="44.57676" lon="4.71667">
        <ele>71.6</ele>
      </trkpt>
      <trkpt lat="44.57653" lon="4.71664">
        <ele>71.2</ele>
      </trkpt>
      <trkpt lat="44.57623" lon="4.71664">
        <ele>71.2</ele>
      </trkpt>
      <trkpt lat="44.57606" lon="4.71659">
        <ele>71.6</ele>
      </trkpt>
      <trkpt lat="44.57526" lon="4.71649">
        <ele>72.1</ele>
      </trkpt>
      <trkpt lat="44.57447" lon="4.71638">
        <ele>72.1</ele>
      </trkpt>
      <trkpt lat="44.57368" lon="4.71628">
        <ele>72.9</ele>
      </trkpt>
      <trkpt lat="44.57288" lon="4.71617">
        <ele>73.0</ele>
      </trkpt>
      <trkpt lat="44.57209" lon="4.71607">
        <ele>73.1</ele>
      </trkpt>
      <trkpt lat="44.57129" lon="4.71596">
        <ele>72.9</ele>
      </trkpt>
      <trkpt lat="44.5705" lon="4.71586">
        <ele>71.0</ele>
      </trkpt>
      <trkpt lat="44.56971" lon="4.71575">
        <ele>71.1</ele>
      </trkpt>
      <trkpt lat="44.5691" lon="4.71569">
        <ele>71.5</ele>
      </trkpt>
      <trkpt lat="44.56842" lon="4.7156">
        <ele>71.6</ele>
      </trkpt>
      <trkpt lat="44.56774" lon="4.7155">
        <ele>71.5</ele>
      </trkpt>
      <trkpt lat="44.56707" lon="4.71541">
        <ele>72.3</ele>
      </trkpt>
      <trkpt lat="44.56639" lon="4.71532">
        <ele>72.7</ele>
      </trkpt>
      <trkpt lat="44.56559" lon="4.71522">
        <ele>71.0</ele>
      </trkpt>
      <trkpt lat="44.56479" lon="4.71512">
        <ele>71.0</ele>
      </trkpt>
      <trkpt lat="44.56398" lon="4.71502">
        <ele>71.0</ele>
      </trkpt>
      <trkpt lat="44.56318" lon="4.71492">
        <ele>71.0</ele>
      </trkpt>
      <trkpt lat="44.56238" lon="4.71482">
        <ele>71.4</ele>
      </trkpt>
      <trkpt lat="44.56157" lon="4.71472">
        <ele>71.0</ele>
      </trkpt>
      <trkpt lat="44.56077" lon="4.71463">
        <ele>71.0</ele>
      </trkpt>
      <trkpt lat="44.55997" lon="4.71453">
        <ele>71.0</ele>
      </trkpt>
      <trkpt lat="44.55917" lon="4.71443">
        <ele>71.0</ele>
      </trkpt>
      <trkpt lat="44.55883" lon="4.71437">
        <ele>71.0</ele>
      </trkpt>
      <trkpt lat="44.55812" lon="4.71434">
        <ele>71.0</ele>
      </trkpt>
      <trkpt lat="44.55722" lon="4.71435">
        <ele>71.0</ele>
      </trkpt>
      <trkpt lat="44.55683" lon="4.71437">
        <ele>71.0</ele>
      </trkpt>
      <trkpt lat="44.55633" lon="4.71442">
        <ele>71.6</ele>
      </trkpt>
      <trkpt lat="44.5558" lon="4.71448">
        <ele>72.3</ele>
      </trkpt>
      <trkpt lat="44.55527" lon="4.71455">
        <ele>72.8</ele>
      </trkpt>
      <trkpt lat="44.55481" lon="4.71466">
        <ele>72.8</ele>
      </trkpt>
      <trkpt lat="44.55472" lon="4.71467">
        <ele>72.9</ele>
      </trkpt>
      <trkpt lat="44.55465" lon="4.71463">
        <ele>73.1</ele>
      </trkpt>
      <trkpt lat="44.55463" lon="4.71457">
        <ele>73.5</ele>
      </trkpt>
      <trkpt lat="44.55457" lon="4.714">
        <ele>76.2</ele>
      </trkpt>
      <trkpt lat="44.55453" lon="4.7138">
        <ele>76.5</ele>
      </trkpt>
      <trkpt lat="44.55441" lon="4.71331">
        <ele>77.0</ele>
      </trkpt>
      <trkpt lat="44.55429" lon="4.71298">
        <ele>76.6</ele>
      </trkpt>
      <trkpt lat="44.5542" lon="4.71288">
        <ele>76.5</ele>
      </trkpt>
      <trkpt lat="44.55413" lon="4.71288">
        <ele>76.4</ele>
      </trkpt>
      <trkpt lat="44.55405" lon="4.71292">
        <ele>76.4</ele>
      </trkpt>
      <trkpt lat="44.55404" lon="4.713">
        <ele>76.5</ele>
      </trkpt>
      <trkpt lat="44.55411" lon="4.71318">
        <ele>76.8</ele>
      </trkpt>
      <trkpt lat="44.55414" lon="4.71333">
        <ele>77.0</ele>
      </trkpt>
      <trkpt lat="44.55413" lon="4.71344">
        <ele>77.0</ele>
      </trkpt>
      <trkpt lat="44.55408" lon="4.71355">
        <ele>76.9</ele>
      </trkpt>
      <trkpt lat="44.55399" lon="4.7136">
        <ele>76.8</ele>
      </trkpt>
      <trkpt lat="44.55344" lon="4.71368">
        <ele>75.9</ele>
      </trkpt>
      <trkpt lat="44.55326" lon="4.71373">
        <ele>75.4</ele>
      </trkpt>
      <trkpt lat="44.55248" lon="4.71405">
        <ele>73.3</ele>
      </trkpt>
      <trkpt lat="44.55169" lon="4.71437">
        <ele>75.2</ele>
      </trkpt>
      <trkpt lat="44.55117" lon="4.71453">
        <ele>75.8</ele>
      </trkpt>
      <trkpt lat="44.55065" lon="4.71468">
        <ele>76.9</ele>
      </trkpt>
      <trkpt lat="44.55052" lon="4.71476">
        <ele>77.6</ele>
      </trkpt>
      <trkpt lat="44.55041" lon="4.71488">
        <ele>78.1</ele>
      </trkpt>
      <trkpt lat="44.55031" lon="4.71502">
        <ele>78.4</ele>
      </trkpt>
      <trkpt lat="44.55012" lon="4.71536">
        <ele>78.0</ele>
      </trkpt>
      <trkpt lat="44.54987" lon="4.71567">
        <ele>77.3</ele>
      </trkpt>
      <trkpt lat="44.5495" lon="4.71586">
        <ele>75.7</ele>
      </trkpt>
      <trkpt lat="44.54907" lon="4.71611">
        <ele>73.5</ele>
      </trkpt>
      <trkpt lat="44.54897" lon="4.7163">
        <ele>72.4</ele>
      </trkpt>
      <trkpt lat="44.54881" lon="4.71652">
        <ele>71.2</ele>
      </trkpt>
      <trkpt lat="44.54866" lon="4.71663">
        <ele>70.5</ele>
      </trkpt>
      <trkpt lat="44.54851" lon="4.71671">
        <ele>70.2</ele>
      </trkpt>
      <trkpt lat="44.54831" lon="4.71676">
        <ele>70.2</ele>
      </trkpt>
      <trkpt lat="44.54794" lon="4.71676">
        <ele>71.8</ele>
      </trkpt>
      <trkpt lat="44.54753" lon="4.71672">
        <ele>73.7</ele>
      </trkpt>
      <trkpt lat="44.54743" lon="4.71672">
        <ele>74.0</ele>
      </trkpt>
      <trkpt lat="44.54732" lon="4.71675">
        <ele>74.2</ele>
      </trkpt>
      <trkpt lat="44.54673" lon="4.71699">
        <ele>75.7</ele>
      </trkpt>
      <trkpt lat="44.54615" lon="4.71723">
        <ele>75.0</ele>
      </trkpt>
      <trkpt lat="44.54545" lon="4.71763">
        <ele>74.3</ele>
      </trkpt>
      <trkpt lat="44.54476" lon="4.71804">
        <ele>75.2</ele>
      </trkpt>
      <trkpt lat="44.54406" lon="4.71844">
        <ele>73.1</ele>
      </trkpt>
      <trkpt lat="44.54337" lon="4.71885">
        <ele>76.1</ele>
      </trkpt>
      <trkpt lat="44.54267" lon="4.71926">
        <ele>74.7</ele>
      </trkpt>
      <trkpt lat="44.54198" lon="4.71966">
        <ele>75.9</ele>
      </trkpt>
      <trkpt lat="44.54131" lon="4.72002">
        <ele>76.8</ele>
      </trkpt>
      <trkpt lat="44.54064" lon="4.72039">
        <ele>77.2</ele>
      </trkpt>
      <trkpt lat="44.53999" lon="4.72077">
        <ele>76.0</ele>
      </trkpt>
      <trkpt lat="44.53934" lon="4.72115">
        <ele>78.3</ele>
      </trkpt>
      <trkpt lat="44.53924" lon="4.72116">
        <ele>78.9</ele>
      </trkpt>
      <trkpt lat="44.53917" lon="4.72115">
        <ele>79.4</ele>
      </trkpt>
      <trkpt lat="44.53868" lon="4.72089">
        <ele>79.2</ele>
      </trkpt>
      <trkpt lat="44.53844" lon="4.72081">
        <ele>78.9</ele>
      </trkpt>
      <trkpt lat="44.53815" lon="4.72079">
        <ele>78.8</ele>
      </trkpt>
      <trkpt lat="44.53755" lon="4.72086">
        <ele>79.1</ele>
      </trkpt>
      <trkpt lat="44.53723" lon="4.72091">
        <ele>78.6</ele>
      </trkpt>
      <trkpt lat="44.537" lon="4.72099">
        <ele>78.1</ele>
      </trkpt>
      <trkpt lat="44.53685" lon="4.72107">
        <ele>77.7</ele>
      </trkpt>
      <trkpt lat="44.53668" lon="4.72123">
        <ele>77.1</ele>
      </trkpt>
      <trkpt lat="44.53607" lon="4.72199">
        <ele>78.8</ele>
      </trkpt>
      <trkpt lat="44.53547" lon="4.72276">
        <ele>80.6</ele>
      </trkpt>
      <trkpt lat="44.53531" lon="4.72293">
        <ele>81.1</ele>
      </trkpt>
      <trkpt lat="44.53506" lon="4.72334">
        <ele>81.3</ele>
      </trkpt>
      <trkpt lat="44.53491" lon="4.72365">
        <ele>81.9</ele>
      </trkpt>
      <trkpt lat="44.53489" lon="4.72386">
        <ele>82.5</ele>
      </trkpt>
      <trkpt lat="44.53479" lon="4.72391">
        <ele>82.8</ele>
      </trkpt>
      <trkpt lat="44.53471" lon="4.72391">
        <ele>83.0</ele>
      </trkpt>
      <trkpt lat="44.53415" lon="4.72308">
        <ele>80.8</ele>
      </trkpt>
      <trkpt lat="44.53407" lon="4.723">
        <ele>80.4</ele>
      </trkpt>
      <trkpt lat="44.53396" lon="4.72305">
        <ele>80.7</ele>
      </trkpt>
      <trkpt lat="44.53386" lon="4.72305">
        <ele>80.6</ele>
      </trkpt>
      <trkpt lat="44.53363" lon="4.7229">
        <ele>79.9</ele>
      </trkpt>
      <trkpt lat="44.53296" lon="4.72315">
        <ele>80.8</ele>
      </trkpt>
      <trkpt lat="44.53229" lon="4.7234">
        <ele>80.5</ele>
      </trkpt>
      <trkpt lat="44.53155" lon="4.72364">
        <ele>78.8</ele>
      </trkpt>
      <trkpt lat="44.5308" lon="4.72388">
        <ele>77.3</ele>
      </trkpt>
      <trkpt lat="44.53005" lon="4.72413">
        <ele>76.2</ele>
      </trkpt>
      <trkpt lat="44.52996" lon="4.72413">
        <ele>76.2</ele>
      </trkpt>
      <trkpt lat="44.52962" lon="4.72407">
        <ele>77.3</ele>
      </trkpt>
      <trkpt lat="44.5295" lon="4.72402">
        <ele>77.7</ele>
      </trkpt>
      <trkpt lat="44.52912" lon="4.7239">
        <ele>78.4</ele>
      </trkpt>
      <trkpt lat="44.52837" lon="4.72374">
        <ele>79.0</ele>
      </trkpt>
      <trkpt lat="44.52762" lon="4.72358">
        <ele>78.4</ele>
      </trkpt>
      <trkpt lat="44.52701" lon="4.72342">
        <ele>78.6</ele>
      </trkpt>
      <trkpt lat="44.52641" lon="4.72326">
        <ele>78.8</ele>
      </trkpt>
      <trkpt lat="44.52584" lon="4.72312">
        <ele>78.0</ele>
      </trkpt>
      <trkpt lat="44.52528" lon="4.72302">
        <ele>78.7</ele>
      </trkpt>
      <trkpt lat="44.52514" lon="4.72307">
        <ele>78.8</ele>
      </trkpt>
      <trkpt lat="44.52432" lon="4.72357">
        <ele>78.8</ele>
      </trkpt>
      <trkpt lat="44.5235" lon="4.72407">
        <ele>77.1</ele>
      </trkpt>
      <trkpt lat="44.52324" lon="4.72419">
        <ele>76.7</ele>
      </trkpt>
      <trkpt lat="44.52306" lon="4.72424">
        <ele>76.2</ele>
      </trkpt>
      <trkpt lat="44.52289" lon="4.72426">
        <ele>75.7</ele>
      </trkpt>
      <trkpt lat="44.52208" lon="4.72425">
        <ele>72.5</ele>
      </trkpt>
      <trkpt lat="44.5217" lon="4.72423">
        <ele>70.5</ele>
      </trkpt>
      <trkpt lat="44.52161" lon="4.72438">
        <ele>71.2</ele>
      </trkpt>
      <trkpt lat="44.52143" lon="4.72452">
        <ele>72.0</ele>
      </trkpt>
      <trkpt lat="44.52129" lon="4.72458">
        <ele>72.3</ele>
      </trkpt>
      <trkpt lat="44.52063" lon="4.72532">
        <ele>74.7</ele>
      </trkpt>
      <trkpt lat="44.52051" lon="4.72539">
        <ele>74.8</ele>
      </trkpt>
      <trkpt lat="44.52002" lon="4.72537">
        <ele>74.6</ele>
      </trkpt>
      <trkpt lat="44.51953" lon="4.72536">
        <ele>73.9</ele>
      </trkpt>
      <trkpt lat="44.51869" lon="4.7252">
        <ele>72.1</ele>
      </trkpt>
      <trkpt lat="44.51785" lon="4.72503">
        <ele>69.9</ele>
      </trkpt>
      <trkpt lat="44.5175" lon="4.72475">
        <ele>69.9</ele>
      </trkpt>
      <trkpt lat="44.5168" lon="4.72446">
        <ele>71.8</ele>
      </trkpt>
      <trkpt lat="44.51609" lon="4.72418">
        <ele>70.7</ele>
      </trkpt>
      <trkpt lat="44.51539" lon="4.72389">
        <ele>70.5</ele>
      </trkpt>
      <trkpt lat="44.51466" lon="4.72357">
        <ele>71.8</ele>
      </trkpt>
      <trkpt lat="44.51394" lon="4.72325">
        <ele>72.0</ele>
      </trkpt>
      <trkpt lat="44.51321" lon="4.72293">
        <ele>71.6</ele>
      </trkpt>
      <trkpt lat="44.51248" lon="4.72261">
        <ele>72.8</ele>
      </trkpt>
      <trkpt lat="44.51241" lon="4.72252">
        <ele>73.2</ele>
      </trkpt>
      <trkpt lat="44.51236" lon="4.72235">
        <ele>73.2</ele>
      </trkpt>
      <trkpt lat="44.51231" lon="4.72194">
        <ele>73.0</ele>
      </trkpt>
      <trkpt lat="44.51212" lon="4.72081">
        <ele>72.0</ele>
      </trkpt>
      <trkpt lat="44.51213" lon="4.7206">
        <ele>71.5</ele>
      </trkpt>
      <trkpt lat="44.51218" lon="4.72044">
        <ele>70.6</ele>
      </trkpt>
      <trkpt lat="44.51216" lon="4.72036">
        <ele>70.7</ele>
      </trkpt>
      <trkpt lat="44.51214" lon="4.72019">
        <ele>70.5</ele>
      </trkpt>
      <trkpt lat="44.51213" lon="4.71997">
        <ele>70.0</ele>
      </trkpt>
      <trkpt lat="44.51204" lon="4.71928">
        <ele>68.1</ele>
      </trkpt>
      <trkpt lat="44.512" lon="4.71917">
        <ele>67.8</ele>
      </trkpt>
      <trkpt lat="44.51185" lon="4.71883">
        <ele>67.1</ele>
      </trkpt>
      <trkpt lat="44.51169" lon="4.71862">
        <ele>66.4</ele>
      </trkpt>
      <trkpt lat="44.51115" lon="4.71812">
        <ele>67.3</ele>
      </trkpt>
      <trkpt lat="44.51062" lon="4.71762">
        <ele>66.4</ele>
      </trkpt>
      <trkpt lat="44.51" lon="4.71697">
        <ele>66.7</ele>
      </trkpt>
      <trkpt lat="44.50967" lon="4.71652">
        <ele>66.6</ele>
      </trkpt>
      <trkpt lat="44.50934" lon="4.71606">
        <ele>66.9</ele>
      </trkpt>
      <trkpt lat="44.50906" lon="4.71583">
        <ele>67.8</ele>
      </trkpt>
      <trkpt lat="44.50871" lon="4.71555">
        <ele>69.8</ele>
      </trkpt>
      <trkpt lat="44.50825" lon="4.7153">
        <ele>71.8</ele>
      </trkpt>
      <trkpt lat="44.5078" lon="4.71506">
        <ele>71.8</ele>
      </trkpt>
      <trkpt lat="44.50726" lon="4.71481">
        <ele>71.3</ele>
      </trkpt>
      <trkpt lat="44.50716" lon="4.71474">
        <ele>71.3</ele>
      </trkpt>
      <trkpt lat="44.50707" lon="4.71459">
        <ele>70.8</ele>
      </trkpt>
      <trkpt lat="44.50684" lon="4.71389">
        <ele>69.8</ele>
      </trkpt>
      <trkpt lat="44.50645" lon="4.71285">
        <ele>68.6</ele>
      </trkpt>
      <trkpt lat="44.50606" lon="4.71182">
        <ele>69.6</ele>
      </trkpt>
      <trkpt lat="44.50567" lon="4.71078">
        <ele>66.5</ele>
      </trkpt>
      <trkpt lat="44.50537" lon="4.71007">
        <ele>66.5</ele>
      </trkpt>
      <trkpt lat="44.50514" lon="4.70956">
        <ele>66.0</ele>
      </trkpt>
      <trkpt lat="44.50505" lon="4.70945">
        <ele>65.9</ele>
      </trkpt>
      <trkpt lat="44.50497" lon="4.70928">
        <ele>65.6</ele>
      </trkpt>
      <trkpt lat="44.50455" lon="4.70821">
        <ele>64.9</ele>
      </trkpt>
      <trkpt lat="44.50449" lon="4.70808">
        <ele>64.9</ele>
      </trkpt>
      <trkpt lat="44.50431" lon="4.70782">
        <ele>65.0</ele>
      </trkpt>
      <trkpt lat="44.50427" lon="4.7077">
        <ele>65.0</ele>
      </trkpt>
      <trkpt lat="44.50426" lon="4.70761">
        <ele>64.9</ele>
      </trkpt>
      <trkpt lat="44.50409" lon="4.70742">
        <ele>65.0</ele>
      </trkpt>
      <trkpt lat="44.50376" lon="4.70718">
        <ele>65.6</ele>
      </trkpt>
      <trkpt lat="44.50372" lon="4.70715">
        <ele>65.7</ele>
      </trkpt>
      <trkpt lat="44.50366" lon="4.70715">
        <ele>65.9</ele>
      </trkpt>
      <trkpt lat="44.50356" lon="4.70721">
        <ele>66.3</ele>
      </trkpt>
      <trkpt lat="44.50349" lon="4.70732">
        <ele>66.5</ele>
      </trkpt>
      <trkpt lat="44.50331" lon="4.70768">
        <ele>67.7</ele>
      </trkpt>
      <trkpt lat="44.5031" lon="4.70802">
        <ele>68.9</ele>
      </trkpt>
      <trkpt lat="44.50306" lon="4.70795">
        <ele>68.7</ele>
      </trkpt>
      <trkpt lat="44.50293" lon="4.70774">
        <ele>68.4</ele>
      </trkpt>
      <trkpt lat="44.5029" lon="4.70769">
        <ele>68.4</ele>
      </trkpt>
      <trkpt lat="44.50267" lon="4.70795">
        <ele>68.9</ele>
      </trkpt>
      <trkpt lat="44.5026" lon="4.70799">
        <ele>69.0</ele>
      </trkpt>
      <trkpt lat="44.50255" lon="4.70797">
        <ele>69.0</ele>
      </trkpt>
      <trkpt lat="44.50219" lon="4.70764">
        <ele>68.1</ele>
      </trkpt>
      <trkpt lat="44.50214" lon="4.7075">
        <ele>67.7</ele>
      </trkpt>
      <trkpt lat="44.5021" lon="4.70711">
        <ele>67.3</ele>
      </trkpt>
      <trkpt lat="44.50208" lon="4.70704">
        <ele>67.2</ele>
      </trkpt>
      <trkpt lat="44.50191" lon="4.70664">
        <ele>66.6</ele>
      </trkpt>
      <trkpt lat="44.50174" lon="4.70617">
        <ele>67.3</ele>
      </trkpt>
      <trkpt lat="44.50144" lon="4.70582">
        <ele>66.4</ele>
      </trkpt>
      <trkpt lat="44.5014" lon="4.70576">
        <ele>66.1</ele>
      </trkpt>
      <trkpt lat="44.50125" lon="4.70536">
        <ele>65.0</ele>
      </trkpt>
      <trkpt lat="44.50111" lon="4.70494">
        <ele>64.1</ele>
      </trkpt>
      <trkpt lat="44.50104" lon="4.70484">
        <ele>64.1</ele>
      </trkpt>
      <trkpt lat="44.501" lon="4.70478">
        <ele>64.1</ele>
      </trkpt>
      <trkpt lat="44.50062" lon="4.7053">
        <ele>62.4</ele>
      </trkpt>
      <trkpt lat="44.50023" lon="4.70582">
        <ele>62.7</ele>
      </trkpt>
      <trkpt lat="44.49988" lon="4.70617">
        <ele>62.7</ele>
      </trkpt>
      <trkpt lat="44.49984" lon="4.70629">
        <ele>62.7</ele>
      </trkpt>
      <trkpt lat="44.49982" lon="4.70646">
        <ele>62.6</ele>
      </trkpt>
      <trkpt lat="44.49979" lon="4.70651">
        <ele>62.6</ele>
      </trkpt>
      <trkpt lat="44.49926" lon="4.70725">
        <ele>68.7</ele>
      </trkpt>
      <trkpt lat="44.49873" lon="4.70799">
        <ele>66.8</ele>
      </trkpt>
      <trkpt lat="44.49821" lon="4.70872">
        <ele>66.1</ele>
      </trkpt>
      <trkpt lat="44.49811" lon="4.70885">
        <ele>66.4</ele>
      </trkpt>
      <trkpt lat="44.49795" lon="4.70886">
        <ele>66.7</ele>
      </trkpt>
      <trkpt lat="44.49782" lon="4.7089">
        <ele>67.1</ele>
      </trkpt>
      <trkpt lat="44.49775" lon="4.70895">
        <ele>67.4</ele>
      </trkpt>
      <trkpt lat="44.49766" lon="4.70904">
        <ele>68.0</ele>
      </trkpt>
      <trkpt lat="44.49717" lon="4.70971">
        <ele>69.5</ele>
      </trkpt>
      <trkpt lat="44.49668" lon="4.71038">
        <ele>69.9</ele>
      </trkpt>
      <trkpt lat="44.49665" lon="4.71089">
        <ele>70.9</ele>
      </trkpt>
      <trkpt lat="44.49655" lon="4.71106">
        <ele>70.6</ele>
      </trkpt>
      <trkpt lat="44.49647" lon="4.71112">
        <ele>70.5</ele>
      </trkpt>
      <trkpt lat="44.49634" lon="4.71114">
        <ele>70.4</ele>
      </trkpt>
      <trkpt lat="44.49623" lon="4.71115">
        <ele>70.3</ele>
      </trkpt>
      <trkpt lat="44.49601" lon="4.71106">
        <ele>70.2</ele>
      </trkpt>
      <trkpt lat="44.49571" lon="4.71105">
        <ele>70.0</ele>
      </trkpt>
      <trkpt lat="44.49556" lon="4.71108">
        <ele>70.0</ele>
      </trkpt>
      <trkpt lat="44.49536" lon="4.71118">
        <ele>70.0</ele>
      </trkpt>
      <trkpt lat="44.49467" lon="4.71124">
        <ele>69.2</ele>
      </trkpt>
      <trkpt lat="44.49446" lon="4.7113">
        <ele>68.7</ele>
      </trkpt>
      <trkpt lat="44.49418" lon="4.71156">
        <ele>68.0</ele>
      </trkpt>
      <trkpt lat="44.49408" lon="4.71159">
        <ele>67.9</ele>
      </trkpt>
      <trkpt lat="44.49375" lon="4.71159">
        <ele>67.5</ele>
      </trkpt>
      <trkpt lat="44.49369" lon="4.71155">
        <ele>67.3</ele>
      </trkpt>
      <trkpt lat="44.49365" lon="4.71156">
        <ele>67.3</ele>
      </trkpt>
      <trkpt lat="44.49362" lon="4.71158">
        <ele>67.3</ele>
      </trkpt>
      <trkpt lat="44.49349" lon="4.7118">
        <ele>67.1</ele>
      </trkpt>
      <trkpt lat="44.49327" lon="4.71228">
        <ele>66.3</ele>
      </trkpt>
      <trkpt lat="44.49314" lon="4.71259">
        <ele>66.3</ele>
      </trkpt>
      <trkpt lat="44.49308" lon="4.71261">
        <ele>66.4</ele>
      </trkpt>
      <trkpt lat="44.49303" lon="4.7126">
        <ele>66.4</ele>
      </trkpt>
      <trkpt lat="44.4929" lon="4.71238">
        <ele>66.4</ele>
      </trkpt>
      <trkpt lat="44.49224" lon="4.71183">
        <ele>64.8</ele>
      </trkpt>
      <trkpt lat="44.49158" lon="4.71128">
        <ele>63.5</ele>
      </trkpt>
      <trkpt lat="44.49093" lon="4.71073">
        <ele>63.9</ele>
      </trkpt>
      <trkpt lat="44.49027" lon="4.71018">
        <ele>63.1</ele>
      </trkpt>
      <trkpt lat="44.48961" lon="4.70963">
        <ele>63.9</ele>
      </trkpt>
      <trkpt lat="44.48896" lon="4.70908">
        <ele>64.8</ele>
      </trkpt>
      <trkpt lat="44.48854" lon="4.7086">
        <ele>63.6</ele>
      </trkpt>
      <trkpt lat="44.48804" lon="4.70797">
        <ele>63.3</ele>
      </trkpt>
      <trkpt lat="44.48745" lon="4.70711">
        <ele>63.9</ele>
      </trkpt>
      <trkpt lat="44.48686" lon="4.70626">
        <ele>66.3</ele>
      </trkpt>
      <trkpt lat="44.48627" lon="4.7054">
        <ele>68.0</ele>
      </trkpt>
      <trkpt lat="44.48568" lon="4.70455">
        <ele>67.4</ele>
      </trkpt>
      <trkpt lat="44.48508" lon="4.70369">
        <ele>67.9</ele>
      </trkpt>
      <trkpt lat="44.4845" lon="4.70293">
        <ele>68.6</ele>
      </trkpt>
      <trkpt lat="44.48433" lon="4.7028">
        <ele>68.6</ele>
      </trkpt>
      <trkpt lat="44.48419" lon="4.70263">
        <ele>68.3</ele>
      </trkpt>
      <trkpt lat="44.48383" lon="4.7021">
        <ele>67.6</ele>
      </trkpt>
      <trkpt lat="44.48348" lon="4.70157">
        <ele>67.2</ele>
      </trkpt>
      <trkpt lat="44.48327" lon="4.70134">
        <ele>66.3</ele>
      </trkpt>
      <trkpt lat="44.48317" lon="4.70125">
        <ele>65.8</ele>
      </trkpt>
      <trkpt lat="44.48307" lon="4.7012">
        <ele>65.5</ele>
      </trkpt>
      <trkpt lat="44.48286" lon="4.70115">
        <ele>65.1</ele>
      </trkpt>
      <trkpt lat="44.4826" lon="4.70112">
        <ele>64.8</ele>
      </trkpt>
      <trkpt lat="44.48246" lon="4.70112">
        <ele>64.7</ele>
      </trkpt>
      <trkpt lat="44.48237" lon="4.70114">
        <ele>64.6</ele>
      </trkpt>
      <trkpt lat="44.48228" lon="4.70123">
        <ele>64.7</ele>
      </trkpt>
      <trkpt lat="44.48215" lon="4.70144">
        <ele>64.8</ele>
      </trkpt>
      <trkpt lat="44.4818" lon="4.70155">
        <ele>64.3</ele>
      </trkpt>
      <trkpt lat="44.48176" lon="4.70123">
        <ele>64.1</ele>
      </trkpt>
      <trkpt lat="44.48167" lon="4.70018">
        <ele>64.0</ele>
      </trkpt>
      <trkpt lat="44.48158" lon="4.69914">
        <ele>64.0</ele>
      </trkpt>
      <trkpt lat="44.48149" lon="4.69809">
        <ele>64.0</ele>
      </trkpt>
      <trkpt lat="44.4814" lon="4.69705">
        <ele>65.3</ele>
      </trkpt>
      <trkpt lat="44.48137" lon="4.6967">
        <ele>66.2</ele>
      </trkpt>
      <trkpt lat="44.48172" lon="4.69666">
        <ele>66.8</ele>
      </trkpt>
      <trkpt lat="44.48179" lon="4.69663">
        <ele>66.4</ele>
      </trkpt>
      <trkpt lat="44.4819" lon="4.69658">
        <ele>65.9</ele>
      </trkpt>
      <trkpt lat="44.4819" lon="4.69668">
        <ele>66.1</ele>
      </trkpt>
      <trkpt lat="44.48185" lon="4.69685">
        <ele>65.8</ele>
      </trkpt>
      <trkpt lat="44.48174" lon="4.69703">
        <ele>65.6</ele>
      </trkpt>
      <trkpt lat="44.48165" lon="4.69715">
        <ele>65.2</ele>
      </trkpt>
      <trkpt lat="44.48149" lon="4.69745">
        <ele>64.2</ele>
      </trkpt>
      <trkpt lat="44.48137" lon="4.69748">
        <ele>64.1</ele>
      </trkpt>
      <trkpt lat="44.48122" lon="4.69747">
        <ele>64.1</ele>
      </trkpt>
      <trkpt lat="44.48105" lon="4.69744">
        <ele>64.1</ele>
      </trkpt>
      <trkpt lat="44.48082" lon="4.69745">
        <ele>64.1</ele>
      </trkpt>
      <trkpt lat="44.48048" lon="4.69755">
        <ele>65.6</ele>
      </trkpt>
      <trkpt lat="44.47997" lon="4.6976">
        <ele>67.5</ele>
      </trkpt>
      <trkpt lat="44.47966" lon="4.69767">
        <ele>66.8</ele>
      </trkpt>
      <trkpt lat="44.47933" lon="4.69774">
        <ele>66.3</ele>
      </trkpt>
      <trkpt lat="44.47894" lon="4.69769">
        <ele>66.5</ele>
      </trkpt>
      <trkpt lat="44.47813" lon="4.6978">
        <ele>66.6</ele>
      </trkpt>
      <trkpt lat="44.478" lon="4.69779">
        <ele>66.6</ele>
      </trkpt>
      <trkpt lat="44.4779" lon="4.6978">
        <ele>66.6</ele>
      </trkpt>
      <trkpt lat="44.47757" lon="4.69786">
        <ele>66.3</ele>
      </trkpt>
      <trkpt lat="44.47672" lon="4.69795">
        <ele>65.0</ele>
      </trkpt>
      <trkpt lat="44.4762" lon="4.69804">
        <ele>65.1</ele>
      </trkpt>
      <trkpt lat="44.47568" lon="4.6982">
        <ele>65.7</ele>
      </trkpt>
      <trkpt lat="44.47534" lon="4.69824">
        <ele>66.8</ele>
      </trkpt>
      <trkpt lat="44.47463" lon="4.69822">
        <ele>66.1</ele>
      </trkpt>
      <trkpt lat="44.47393" lon="4.6982">
        <ele>63.6</ele>
      </trkpt>
      <trkpt lat="44.47312" lon="4.69814">
        <ele>64.1</ele>
      </trkpt>
      <trkpt lat="44.47313" lon="4.69801">
        <ele>64.0</ele>
      </trkpt>
      <trkpt lat="44.4732" lon="4.69779">
        <ele>63.7</ele>
      </trkpt>
      <trkpt lat="44.47322" lon="4.69769">
        <ele>63.7</ele>
      </trkpt>
      <trkpt lat="44.47324" lon="4.69745">
        <ele>63.7</ele>
      </trkpt>
      <trkpt lat="44.47325" lon="4.69722">
        <ele>63.2</ele>
      </trkpt>
      <trkpt lat="44.47324" lon="4.69707">
        <ele>62.8</ele>
      </trkpt>
      <trkpt lat="44.47322" lon="4.69693">
        <ele>62.4</ele>
      </trkpt>
      <trkpt lat="44.47319" lon="4.69678">
        <ele>62.1</ele>
      </trkpt>
      <trkpt lat="44.47316" lon="4.69673">
        <ele>61.9</ele>
      </trkpt>
      <trkpt lat="44.47301" lon="4.69655">
        <ele>61.5</ele>
      </trkpt>
      <trkpt lat="44.47296" lon="4.69639">
        <ele>61.4</ele>
      </trkpt>
      <trkpt lat="44.47289" lon="4.69637">
        <ele>61.3</ele>
      </trkpt>
      <trkpt lat="44.47281" lon="4.69639">
        <ele>61.2</ele>
      </trkpt>
      <trkpt lat="44.4725" lon="4.69641">
        <ele>61.0</ele>
      </trkpt>
      <trkpt lat="44.47192" lon="4.69644">
        <ele>62.5</ele>
      </trkpt>
      <trkpt lat="44.47137" lon="4.69648">
        <ele>64.1</ele>
      </trkpt>
      <trkpt lat="44.47114" lon="4.69646">
        <ele>64.5</ele>
      </trkpt>
      <trkpt lat="44.47099" lon="4.69642">
        <ele>64.6</ele>
      </trkpt>
      <trkpt lat="44.47011" lon="4.69649">
        <ele>64.0</ele>
      </trkpt>
      <trkpt lat="44.46924" lon="4.69655">
        <ele>62.7</ele>
      </trkpt>
      <trkpt lat="44.46836" lon="4.69661">
        <ele>64.7</ele>
      </trkpt>
      <trkpt lat="44.46786" lon="4.69678">
        <ele>65.0</ele>
      </trkpt>
      <trkpt lat="44.46736" lon="4.69695">
        <ele>64.6</ele>
      </trkpt>
      <trkpt lat="44.46681" lon="4.69717">
        <ele>64.5</ele>
      </trkpt>
      <trkpt lat="44.46627" lon="4.69735">
        <ele>64.2</ele>
      </trkpt>
      <trkpt lat="44.46573" lon="4.69753">
        <ele>63.1</ele>
      </trkpt>
      <trkpt lat="44.46546" lon="4.69759">
        <ele>63.4</ele>
      </trkpt>
      <trkpt lat="44.46496" lon="4.69765">
        <ele>63.7</ele>
      </trkpt>
      <trkpt lat="44.46446" lon="4.69772">
        <ele>63.5</ele>
      </trkpt>
      <trkpt lat="44.46362" lon="4.69778">
        <ele>63.3</ele>
      </trkpt>
      <trkpt lat="44.46351" lon="4.6978">
        <ele>63.3</ele>
      </trkpt>
      <trkpt lat="44.46298" lon="4.69783">
        <ele>62.7</ele>
      </trkpt>
      <trkpt lat="44.46208" lon="4.69786">
        <ele>61.9</ele>
      </trkpt>
      <trkpt lat="44.46151" lon="4.69801">
        <ele>60.9</ele>
      </trkpt>
      <trkpt lat="44.46093" lon="4.69817">
        <ele>59.5</ele>
      </trkpt>
      <trkpt lat="44.46019" lon="4.69815">
        <ele>60.3</ele>
      </trkpt>
      <trkpt lat="44.45955" lon="4.69804">
        <ele>60.7</ele>
      </trkpt>
      <trkpt lat="44.4589" lon="4.69793">
        <ele>61.0</ele>
      </trkpt>
      <trkpt lat="44.45822" lon="4.69775">
        <ele>61.0</ele>
      </trkpt>
      <trkpt lat="44.45754" lon="4.69758">
        <ele>61.0</ele>
      </trkpt>
      <trkpt lat="44.45698" lon="4.69742">
        <ele>63.0</ele>
      </trkpt>
      <trkpt lat="44.45643" lon="4.69725">
        <ele>63.9</ele>
      </trkpt>
      <trkpt lat="44.45591" lon="4.69705">
        <ele>61.9</ele>
      </trkpt>
      <trkpt lat="44.45539" lon="4.69686">
        <ele>62.6</ele>
      </trkpt>
      <trkpt lat="44.45476" lon="4.6965">
        <ele>61.9</ele>
      </trkpt>
      <trkpt lat="44.45413" lon="4.69614">
        <ele>59.0</ele>
      </trkpt>
      <trkpt lat="44.45392" lon="4.69608">
        <ele>58.5</ele>
      </trkpt>
      <trkpt lat="44.45319" lon="4.69614">
        <ele>58.9</ele>
      </trkpt>
      <trkpt lat="44.45286" lon="4.69614">
        <ele>61.3</ele>
      </trkpt>
      <trkpt lat="44.45275" lon="4.69604">
        <ele>62.4</ele>
      </trkpt>
      <trkpt lat="44.45262" lon="4.69577">
        <ele>64.5</ele>
      </trkpt>
      <trkpt lat="44.45254" lon="4.69562">
        <ele>65.5</ele>
      </trkpt>
      <trkpt lat="44.45252" lon="4.69582">
        <ele>65.7</ele>
      </trkpt>
      <trkpt lat="44.45236" lon="4.69601">
        <ele>64.4</ele>
      </trkpt>
      <trkpt lat="44.45224" lon="4.69606">
        <ele>63.9</ele>
      </trkpt>
      <trkpt lat="44.45191" lon="4.69582">
        <ele>64.6</ele>
      </trkpt>
      <trkpt lat="44.45134" lon="4.69535">
        <ele>62.2</ele>
      </trkpt>
      <trkpt lat="44.45081" lon="4.69506">
        <ele>59.1</ele>
      </trkpt>
      <trkpt lat="44.45027" lon="4.69477">
        <ele>59.6</ele>
      </trkpt>
      <trkpt lat="44.44973" lon="4.6945">
        <ele>59.3</ele>
      </trkpt>
      <trkpt lat="44.44918" lon="4.69423">
        <ele>59.1</ele>
      </trkpt>
      <trkpt lat="44.44909" lon="4.69411">
        <ele>58.9</ele>
      </trkpt>
      <trkpt lat="44.44906" lon="4.69392">
        <ele>58.4</ele>
      </trkpt>
      <trkpt lat="44.44902" lon="4.69307">
        <ele>56.7</ele>
      </trkpt>
      <trkpt lat="44.44902" lon="4.69273">
        <ele>56.4</ele>
      </trkpt>
      <trkpt lat="44.44897" lon="4.69266">
        <ele>56.4</ele>
      </trkpt>
      <trkpt lat="44.44887" lon="4.69262">
        <ele>56.5</ele>
      </trkpt>
      <trkpt lat="44.44873" lon="4.69261">
        <ele>56.6</ele>
      </trkpt>
      <trkpt lat="44.448" lon="4.69271">
        <ele>56.8</ele>
      </trkpt>
      <trkpt lat="44.44781" lon="4.69268">
        <ele>56.6</ele>
      </trkpt>
      <trkpt lat="44.44762" lon="4.69256">
        <ele>56.3</ele>
      </trkpt>
      <trkpt lat="44.44734" lon="4.69232">
        <ele>56.2</ele>
      </trkpt>
      <trkpt lat="44.44715" lon="4.69217">
        <ele>56.4</ele>
      </trkpt>
      <trkpt lat="44.44662" lon="4.69177">
        <ele>57.0</ele>
      </trkpt>
      <trkpt lat="44.44635" lon="4.69159">
        <ele>57.2</ele>
      </trkpt>
      <trkpt lat="44.44617" lon="4.6915">
        <ele>57.1</ele>
      </trkpt>
      <trkpt lat="44.44547" lon="4.69118">
        <ele>56.5</ele>
      </trkpt>
      <trkpt lat="44.44512" lon="4.69105">
        <ele>56.4</ele>
      </trkpt>
      <trkpt lat="44.44487" lon="4.69093">
        <ele>56.2</ele>
      </trkpt>
      <trkpt lat="44.44464" lon="4.69079">
        <ele>56.1</ele>
      </trkpt>
      <trkpt lat="44.44443" lon="4.69061">
        <ele>56.6</ele>
      </trkpt>
      <trkpt lat="44.4442" lon="4.69035">
        <ele>57.7</ele>
      </trkpt>
      <trkpt lat="44.44406" lon="4.69026">
        <ele>57.8</ele>
      </trkpt>
      <trkpt lat="44.44402" lon="4.69029">
        <ele>57.6</ele>
      </trkpt>
      <trkpt lat="44.44395" lon="4.69042">
        <ele>57.1</ele>
      </trkpt>
      <trkpt lat="44.44387" lon="4.69057">
        <ele>56.5</ele>
      </trkpt>
      <trkpt lat="44.44366" lon="4.69036">
        <ele>56.7</ele>
      </trkpt>
      <trkpt lat="44.44363" lon="4.69028">
        <ele>56.9</ele>
      </trkpt>
      <trkpt lat="44.4436" lon="4.6901">
        <ele>57.4</ele>
      </trkpt>
      <trkpt lat="44.44355" lon="4.68998">
        <ele>57.5</ele>
      </trkpt>
      <trkpt lat="44.44331" lon="4.68967">
        <ele>57.4</ele>
      </trkpt>
      <trkpt lat="44.44291" lon="4.68908">
        <ele>57.0</ele>
      </trkpt>
      <trkpt lat="44.44244" lon="4.68841">
        <ele>57.8</ele>
      </trkpt>
      <trkpt lat="44.4423" lon="4.68814">
        <ele>58.2</ele>
      </trkpt>
      <trkpt lat="44.44189" lon="4.68741">
        <ele>57.4</ele>
      </trkpt>
      <trkpt lat="44.4417" lon="4.6872">
        <ele>56.8</ele>
      </trkpt>
      <trkpt lat="44.44153" lon="4.68687">
        <ele>57.7</ele>
      </trkpt>
      <trkpt lat="44.44134" lon="4.68641">
        <ele>59.4</ele>
      </trkpt>
      <trkpt lat="44.44115" lon="4.68608">
        <ele>60.6</ele>
      </trkpt>
      <trkpt lat="44.44092" lon="4.68589">
        <ele>61.0</ele>
      </trkpt>
      <trkpt lat="44.44074" lon="4.68569">
        <ele>60.6</ele>
      </trkpt>
      <trkpt lat="44.44061" lon="4.6856">
        <ele>59.9</ele>
      </trkpt>
      <trkpt lat="44.44048" lon="4.6854">
        <ele>59.3</ele>
      </trkpt>
      <trkpt lat="44.44032" lon="4.6847">
        <ele>58.6</ele>
      </trkpt>
      <trkpt lat="44.44031" lon="4.68459">
        <ele>58.5</ele>
      </trkpt>
      <trkpt lat="44.44032" lon="4.68442">
        <ele>58.6</ele>
      </trkpt>
      <trkpt lat="44.44037" lon="4.68416">
        <ele>59.1</ele>
      </trkpt>
      <trkpt lat="44.44043" lon="4.68401">
        <ele>59.8</ele>
      </trkpt>
      <trkpt lat="44.44056" lon="4.68382">
        <ele>61.3</ele>
      </trkpt>
      <trkpt lat="44.44047" lon="4.68321">
        <ele>61.3</ele>
      </trkpt>
      <trkpt lat="44.44044" lon="4.68286">
        <ele>61.8</ele>
      </trkpt>
      <trkpt lat="44.44041" lon="4.68275">
        <ele>61.8</ele>
      </trkpt>
      <trkpt lat="44.44025" lon="4.68259">
        <ele>61.6</ele>
      </trkpt>
      <trkpt lat="44.44009" lon="4.68253">
        <ele>61.1</ele>
      </trkpt>
      <trkpt lat="44.43995" lon="4.68239">
        <ele>60.6</ele>
      </trkpt>
      <trkpt lat="44.44" lon="4.68225">
        <ele>61.0</ele>
      </trkpt>
      <trkpt lat="44.44008" lon="4.68211">
        <ele>61.3</ele>
      </trkpt>
      <trkpt lat="44.44015" lon="4.68202">
        <ele>61.4</ele>
      </trkpt>
      <trkpt lat="44.44029" lon="4.68193">
        <ele>61.8</ele>
      </trkpt>
      <trkpt lat="44.44062" lon="4.68183">
        <ele>62.6</ele>
      </trkpt>
      <trkpt lat="44.44063" lon="4.68178">
        <ele>62.6</ele>
      </trkpt>
      <trkpt lat="44.44066" lon="4.68153">
        <ele>62.1</ele>
      </trkpt>
      <trkpt lat="44.44066" lon="4.68146">
        <ele>61.9</ele>
      </trkpt>
      <trkpt lat="44.44019" lon="4.68126">
        <ele>60.4</ele>
      </trkpt>
      <trkpt lat="44.44007" lon="4.68118">
        <ele>60.0</ele>
      </trkpt>
      <trkpt lat="44.43993" lon="4.681">
        <ele>58.8</ele>
      </trkpt>
      <trkpt lat="44.43978" lon="4.68075">
        <ele>57.0</ele>
      </trkpt>
      <trkpt lat="44.43967" lon="4.68052">
        <ele>55.8</ele>
      </trkpt>
      <trkpt lat="44.43958" lon="4.68037">
        <ele>55.2</ele>
      </trkpt>
      <trkpt lat="44.43948" lon="4.68018">
        <ele>54.9</ele>
      </trkpt>
      <trkpt lat="44.43941" lon="4.68001">
        <ele>55.0</ele>
      </trkpt>
      <trkpt lat="44.43932" lon="4.67961">
        <ele>55.0</ele>
      </trkpt>
      <trkpt lat="44.43931" lon="4.6795">
        <ele>55.0</ele>
      </trkpt>
      <trkpt lat="44.43931" lon="4.67906">
        <ele>55.4</ele>
      </trkpt>
      <trkpt lat="44.4393" lon="4.67881">
        <ele>56.4</ele>
      </trkpt>
      <trkpt lat="44.43922" lon="4.67856">
        <ele>57.3</ele>
      </trkpt>
      <trkpt lat="44.43915" lon="4.67821">
        <ele>58.2</ele>
      </trkpt>
      <trkpt lat="44.43906" lon="4.67755">
        <ele>59.1</ele>
      </trkpt>
      <trkpt lat="44.43902" lon="4.67692">
        <ele>60.4</ele>
      </trkpt>
      <trkpt lat="44.43899" lon="4.67669">
        <ele>60.9</ele>
      </trkpt>
      <trkpt lat="44.43896" lon="4.67651">
        <ele>61.1</ele>
      </trkpt>
      <trkpt lat="44.43892" lon="4.67636">
        <ele>61.2</ele>
      </trkpt>
      <trkpt lat="44.43887" lon="4.67626">
        <ele>61.0</ele>
      </trkpt>
      <trkpt lat="44.43873" lon="4.67597">
        <ele>60.1</ele>
      </trkpt>
      <trkpt lat="44.43843" lon="4.67528">
        <ele>57.7</ele>
      </trkpt>
      <trkpt lat="44.43812" lon="4.67458">
        <ele>56.7</ele>
      </trkpt>
      <trkpt lat="44.4379" lon="4.67403">
        <ele>56.2</ele>
      </trkpt>
      <trkpt lat="44.43768" lon="4.67348">
        <ele>56.9</ele>
      </trkpt>
      <trkpt lat="44.43733" lon="4.67262">
        <ele>56.0</ele>
      </trkpt>
      <trkpt lat="44.43678" lon="4.67176">
        <ele>56.0</ele>
      </trkpt>
      <trkpt lat="44.43635" lon="4.67121">
        <ele>55.6</ele>
      </trkpt>
      <trkpt lat="44.43574" lon="4.6704">
        <ele>55.9</ele>
      </trkpt>
      <trkpt lat="44.43532" lon="4.67003">
        <ele>56.3</ele>
      </trkpt>
      <trkpt lat="44.43493" lon="4.66957">
        <ele>55.9</ele>
      </trkpt>
      <trkpt lat="44.43455" lon="4.66911">
        <ele>57.0</ele>
      </trkpt>
      <trkpt lat="44.43406" lon="4.66862">
        <ele>56.8</ele>
      </trkpt>
      <trkpt lat="44.43363" lon="4.66826">
        <ele>58.7</ele>
      </trkpt>
      <trkpt lat="44.43343" lon="4.66814">
        <ele>59.7</ele>
      </trkpt>
      <trkpt lat="44.43282" lon="4.66769">
        <ele>57.3</ele>
      </trkpt>
      <trkpt lat="44.43232" lon="4.66735">
        <ele>55.0</ele>
      </trkpt>
      <trkpt lat="44.43181" lon="4.667">
        <ele>53.1</ele>
      </trkpt>
      <trkpt lat="44.43167" lon="4.66686">
        <ele>52.8</ele>
      </trkpt>
      <trkpt lat="44.43111" lon="4.6665">
        <ele>54.3</ele>
      </trkpt>
      <trkpt lat="44.43064" lon="4.66622">
        <ele>53.9</ele>
      </trkpt>
      <trkpt lat="44.43017" lon="4.66593">
        <ele>53.0</ele>
      </trkpt>
      <trkpt lat="44.42973" lon="4.6657">
        <ele>53.4</ele>
      </trkpt>
      <trkpt lat="44.42949" lon="4.66558">
        <ele>54.2</ele>
      </trkpt>
      <trkpt lat="44.4292" lon="4.66549">
        <ele>55.1</ele>
      </trkpt>
      <trkpt lat="44.4287" lon="4.66523">
        <ele>56.2</ele>
      </trkpt>
      <trkpt lat="44.42837" lon="4.66508">
        <ele>55.7</ele>
      </trkpt>
      <trkpt lat="44.42777" lon="4.66478">
        <ele>57.9</ele>
      </trkpt>
      <trkpt lat="44.42708" lon="4.66448">
        <ele>56.2</ele>
      </trkpt>
      <trkpt lat="44.42685" lon="4.66441">
        <ele>55.8</ele>
      </trkpt>
      <trkpt lat="44.42617" lon="4.66408">
        <ele>57.2</ele>
      </trkpt>
      <trkpt lat="44.42554" lon="4.66386">
        <ele>55.1</ele>
      </trkpt>
      <trkpt lat="44.42504" lon="4.66366">
        <ele>53.6</ele>
      </trkpt>
      <trkpt lat="44.42439" lon="4.66344">
        <ele>55.8</ele>
      </trkpt>
      <trkpt lat="44.42384" lon="4.66328">
        <ele>58.1</ele>
      </trkpt>
      <trkpt lat="44.42328" lon="4.66312">
        <ele>58.7</ele>
      </trkpt>
      <trkpt lat="44.42248" lon="4.66292">
        <ele>58.1</ele>
      </trkpt>
      <trkpt lat="44.42167" lon="4.66273">
        <ele>58.8</ele>
      </trkpt>
      <trkpt lat="44.42106" lon="4.6626">
        <ele>56.8</ele>
      </trkpt>
      <trkpt lat="44.42046" lon="4.66247">
        <ele>56.8</ele>
      </trkpt>
      <trkpt lat="44.41996" lon="4.66239">
        <ele>57.8</ele>
      </trkpt>
      <trkpt lat="44.41947" lon="4.66232">
        <ele>58.2</ele>
      </trkpt>
      <trkpt lat="44.41871" lon="4.66223">
        <ele>60.5</ele>
      </trkpt>
      <trkpt lat="44.41794" lon="4.66215">
        <ele>62.1</ele>
      </trkpt>
      <trkpt lat="44.41718" lon="4.66207">
        <ele>60.7</ele>
      </trkpt>
      <trkpt lat="44.41698" lon="4.66203">
        <ele>59.7</ele>
      </trkpt>
      <trkpt lat="44.41686" lon="4.6621">
        <ele>59.4</ele>
      </trkpt>
      <trkpt lat="44.41682" lon="4.66226">
        <ele>59.6</ele>
      </trkpt>
      <trkpt lat="44.41688" lon="4.66268">
        <ele>59.5</ele>
      </trkpt>
      <trkpt lat="44.41688" lon="4.66268">
        <ele>59.5</ele>
      </trkpt>
      <trkpt lat="44.41689" lon="4.66284">
        <ele>58.9</ele>
      </trkpt>
      <trkpt lat="44.41689" lon="4.66296">
        <ele>58.4</ele>
      </trkpt>
      <trkpt lat="44.41685" lon="4.66302">
        <ele>58.0</ele>
      </trkpt>
      <trkpt lat="44.41675" lon="4.66306">
        <ele>57.5</ele>
      </trkpt>
      <trkpt lat="44.41651" lon="4.66304">
        <ele>57.5</ele>
      </trkpt>
      <trkpt lat="44.41628" lon="4.66306">
        <ele>57.6</ele>
      </trkpt>
      <trkpt lat="44.41601" lon="4.66306">
        <ele>57.9</ele>
      </trkpt>
      <trkpt lat="44.41517" lon="4.6631">
        <ele>59.9</ele>
      </trkpt>
      <trkpt lat="44.41468" lon="4.66313">
        <ele>60.0</ele>
      </trkpt>
      <trkpt lat="44.41448" lon="4.66313">
        <ele>59.7</ele>
      </trkpt>
      <trkpt lat="44.41407" lon="4.66305">
        <ele>59.4</ele>
      </trkpt>
      <trkpt lat="44.4137" lon="4.66302">
        <ele>59.6</ele>
      </trkpt>
      <trkpt lat="44.41287" lon="4.66286">
        <ele>61.6</ele>
      </trkpt>
      <trkpt lat="44.41255" lon="4.66291">
        <ele>62.4</ele>
      </trkpt>
      <trkpt lat="44.412" lon="4.66283">
        <ele>58.4</ele>
      </trkpt>
      <trkpt lat="44.41161" lon="4.66268">
        <ele>57.1</ele>
      </trkpt>
      <trkpt lat="44.41127" lon="4.66253">
        <ele>58.7</ele>
      </trkpt>
      <trkpt lat="44.41103" lon="4.66247">
        <ele>59.0</ele>
      </trkpt>
      <trkpt lat="44.4108" lon="4.66247">
        <ele>58.9</ele>
      </trkpt>
      <trkpt lat="44.41048" lon="4.66244">
        <ele>58.2</ele>
      </trkpt>
      <trkpt lat="44.4104" lon="4.66244">
        <ele>58.0</ele>
      </trkpt>
      <trkpt lat="44.41028" lon="4.66241">
        <ele>57.8</ele>
      </trkpt>
      <trkpt lat="44.4102" lon="4.66224">
        <ele>58.0</ele>
      </trkpt>
      <trkpt lat="44.4102" lon="4.6618">
        <ele>58.8</ele>
      </trkpt>
      <trkpt lat="44.41019" lon="4.66173">
        <ele>58.9</ele>
      </trkpt>
      <trkpt lat="44.41016" lon="4.66168">
        <ele>59.0</ele>
      </trkpt>
      <trkpt lat="44.41005" lon="4.66164">
        <ele>59.1</ele>
      </trkpt>
      <trkpt lat="44.40989" lon="4.66158">
        <ele>59.3</ele>
      </trkpt>
      <trkpt lat="44.40978" lon="4.66151">
        <ele>59.4</ele>
      </trkpt>
      <trkpt lat="44.40968" lon="4.66149">
        <ele>59.4</ele>
      </trkpt>
      <trkpt lat="44.40958" lon="4.66153">
        <ele>59.1</ele>
      </trkpt>
      <trkpt lat="44.40947" lon="4.66159">
        <ele>58.7</ele>
      </trkpt>
      <trkpt lat="44.40938" lon="4.66158">
        <ele>58.6</ele>
      </trkpt>
      <trkpt lat="44.4092" lon="4.66146">
        <ele>58.8</ele>
      </trkpt>
      <trkpt lat="44.40901" lon="4.66131">
        <ele>59.5</ele>
      </trkpt>
      <trkpt lat="44.40887" lon="4.66118">
        <ele>60.1</ele>
      </trkpt>
      <trkpt lat="44.40874" lon="4.66112">
        <ele>60.3</ele>
      </trkpt>
      <trkpt lat="44.40856" lon="4.66111">
        <ele>60.5</ele>
      </trkpt>
      <trkpt lat="44.40829" lon="4.66116">
        <ele>60.5</ele>
      </trkpt>
      <trkpt lat="44.40766" lon="4.66141">
        <ele>57.0</ele>
      </trkpt>
      <trkpt lat="44.40736" lon="4.66146">
        <ele>56.0</ele>
      </trkpt>
      <trkpt lat="44.40707" lon="4.66154">
        <ele>55.7</ele>
      </trkpt>
      <trkpt lat="44.40649" lon="4.66173">
        <ele>54.6</ele>
      </trkpt>
      <trkpt lat="44.40594" lon="4.66185">
        <ele>53.9</ele>
      </trkpt>
      <trkpt lat="44.40539" lon="4.66196">
        <ele>53.2</ele>
      </trkpt>
      <trkpt lat="44.40523" lon="4.66199">
        <ele>53.1</ele>
      </trkpt>
      <trkpt lat="44.40505" lon="4.66199">
        <ele>53.0</ele>
      </trkpt>
      <trkpt lat="44.40491" lon="4.66182">
        <ele>53.9</ele>
      </trkpt>
      <trkpt lat="44.4048" lon="4.66153">
        <ele>55.4</ele>
      </trkpt>
      <trkpt lat="44.40481" lon="4.66144">
        <ele>56.0</ele>
      </trkpt>
      <trkpt lat="44.40481" lon="4.66144">
        <ele>56.0</ele>
      </trkpt>
      <trkpt lat="44.40482" lon="4.6613">
        <ele>57.0</ele>
      </trkpt>
      <trkpt lat="44.40475" lon="4.66111">
        <ele>58.0</ele>
      </trkpt>
      <trkpt lat="44.40469" lon="4.66102">
        <ele>58.3</ele>
      </trkpt>
      <trkpt lat="44.40447" lon="4.66088">
        <ele>58.2</ele>
      </trkpt>
      <trkpt lat="44.40435" lon="4.66077">
        <ele>57.9</ele>
      </trkpt>
      <trkpt lat="44.40419" lon="4.66054">
        <ele>57.8</ele>
      </trkpt>
      <trkpt lat="44.40413" lon="4.66033">
        <ele>58.3</ele>
      </trkpt>
      <trkpt lat="44.40401" lon="4.66005">
        <ele>59.3</ele>
      </trkpt>
      <trkpt lat="44.4038" lon="4.65958">
        <ele>59.2</ele>
      </trkpt>
      <trkpt lat="44.40376" lon="4.65959">
        <ele>59.3</ele>
      </trkpt>
      <trkpt lat="44.40347" lon="4.65979">
        <ele>60.0</ele>
      </trkpt>
      <trkpt lat="44.40345" lon="4.65975">
        <ele>60.0</ele>
      </trkpt>
      <trkpt lat="44.40334" lon="4.65944">
        <ele>59.0</ele>
      </trkpt>
      <trkpt lat="44.40315" lon="4.65899">
        <ele>58.2</ele>
      </trkpt>
      <trkpt lat="44.40272" lon="4.65818">
        <ele>58.3</ele>
      </trkpt>
      <trkpt lat="44.40264" lon="4.65786">
        <ele>59.0</ele>
      </trkpt>
      <trkpt lat="44.40261" lon="4.65778">
        <ele>59.2</ele>
      </trkpt>
      <trkpt lat="44.40256" lon="4.65772">
        <ele>59.4</ele>
      </trkpt>
      <trkpt lat="44.40251" lon="4.65772">
        <ele>59.5</ele>
      </trkpt>
      <trkpt lat="44.40243" lon="4.65775">
        <ele>59.1</ele>
      </trkpt>
      <trkpt lat="44.40234" lon="4.65782">
        <ele>58.5</ele>
      </trkpt>
      <trkpt lat="44.40224" lon="4.65796">
        <ele>57.6</ele>
      </trkpt>
      <trkpt lat="44.40221" lon="4.65806">
        <ele>57.2</ele>
      </trkpt>
      <trkpt lat="44.40202" lon="4.65889">
        <ele>55.4</ele>
      </trkpt>
      <trkpt lat="44.40183" lon="4.65972">
        <ele>56.7</ele>
      </trkpt>
      <trkpt lat="44.40178" lon="4.65982">
        <ele>56.9</ele>
      </trkpt>
      <trkpt lat="44.40172" lon="4.65985">
        <ele>56.6</ele>
      </trkpt>
      <trkpt lat="44.40118" lon="4.65977">
        <ele>55.0</ele>
      </trkpt>
      <trkpt lat="44.40065" lon="4.65969">
        <ele>55.1</ele>
      </trkpt>
      <trkpt lat="44.40054" lon="4.6597">
        <ele>55.5</ele>
      </trkpt>
      <trkpt lat="44.40033" lon="4.65989">
        <ele>56.4</ele>
      </trkpt>
      <trkpt lat="44.40014" lon="4.65998">
        <ele>57.3</ele>
      </trkpt>
      <trkpt lat="44.40001" lon="4.65998">
        <ele>57.9</ele>
      </trkpt>
      <trkpt lat="44.39984" lon="4.65993">
        <ele>56.8</ele>
      </trkpt>
      <trkpt lat="44.39937" lon="4.65974">
        <ele>53.4</ele>
      </trkpt>
      <trkpt lat="44.39872" lon="4.65951">
        <ele>56.3</ele>
      </trkpt>
      <trkpt lat="44.39799" lon="4.65914">
        <ele>59.1</ele>
      </trkpt>
      <trkpt lat="44.39777" lon="4.65898">
        <ele>59.2</ele>
      </trkpt>
      <trkpt lat="44.3973" lon="4.65853">
        <ele>58.8</ele>
      </trkpt>
      <trkpt lat="44.39705" lon="4.65835">
        <ele>58.6</ele>
      </trkpt>
      <trkpt lat="44.3967" lon="4.65814">
        <ele>57.6</ele>
      </trkpt>
      <trkpt lat="44.39667" lon="4.65807">
        <ele>57.1</ele>
      </trkpt>
      <trkpt lat="44.39655" lon="4.65802">
        <ele>56.8</ele>
      </trkpt>
      <trkpt lat="44.39605" lon="4.65767">
        <ele>54.8</ele>
      </trkpt>
      <trkpt lat="44.39554" lon="4.65733">
        <ele>54.9</ele>
      </trkpt>
      <trkpt lat="44.39525" lon="4.65707">
        <ele>54.8</ele>
      </trkpt>
      <trkpt lat="44.39526" lon="4.65686">
        <ele>53.5</ele>
      </trkpt>
      <trkpt lat="44.39542" lon="4.65579">
        <ele>50.4</ele>
      </trkpt>
      <trkpt lat="44.39558" lon="4.65471">
        <ele>49.7</ele>
      </trkpt>
      <trkpt lat="44.39573" lon="4.65364">
        <ele>50.1</ele>
      </trkpt>
      <trkpt lat="44.39589" lon="4.65257">
        <ele>51.7</ele>
      </trkpt>
      <trkpt lat="44.39605" lon="4.65149">
        <ele>51.1</ele>
      </trkpt>
      <trkpt lat="44.3962" lon="4.65042">
        <ele>52.8</ele>
      </trkpt>
      <trkpt lat="44.39623" lon="4.65028">
        <ele>53.2</ele>
      </trkpt>
      <trkpt lat="44.39618" lon="4.65009">
        <ele>54.0</ele>
      </trkpt>
      <trkpt lat="44.39612" lon="4.64994">
        <ele>54.8</ele>
      </trkpt>
      <trkpt lat="44.39603" lon="4.64969">
        <ele>56.0</ele>
      </trkpt>
      <trkpt lat="44.39597" lon="4.64955">
        <ele>56.6</ele>
      </trkpt>
      <trkpt lat="44.39597" lon="4.64901">
        <ele>56.6</ele>
      </trkpt>
      <trkpt lat="44.39594" lon="4.64901">
        <ele>56.7</ele>
      </trkpt>
      <trkpt lat="44.39582" lon="4.64905">
        <ele>57.1</ele>
      </trkpt>
      <trkpt lat="44.39567" lon="4.64917">
        <ele>57.2</ele>
      </trkpt>
      <trkpt lat="44.3956" lon="4.64933">
        <ele>56.6</ele>
      </trkpt>
      <trkpt lat="44.39551" lon="4.64981">
        <ele>55.8</ele>
      </trkpt>
      <trkpt lat="44.39545" lon="4.65">
        <ele>55.5</ele>
      </trkpt>
      <trkpt lat="44.39494" lon="4.65077">
        <ele>54.9</ele>
      </trkpt>
      <trkpt lat="44.39493" lon="4.65105">
        <ele>54.2</ele>
      </trkpt>
      <trkpt lat="44.3949" lon="4.65115">
        <ele>53.9</ele>
      </trkpt>
      <trkpt lat="44.39476" lon="4.6513">
        <ele>53.7</ele>
      </trkpt>
      <trkpt lat="44.39433" lon="4.65193">
        <ele>54.5</ele>
      </trkpt>
      <trkpt lat="44.39359" lon="4.65238">
        <ele>54.1</ele>
      </trkpt>
      <trkpt lat="44.39307" lon="4.65261">
        <ele>53.1</ele>
      </trkpt>
      <trkpt lat="44.39231" lon="4.65315">
        <ele>53.5</ele>
      </trkpt>
      <trkpt lat="44.39197" lon="4.65334">
        <ele>54.6</ele>
      </trkpt>
      <trkpt lat="44.39169" lon="4.65342">
        <ele>55.0</ele>
      </trkpt>
      <trkpt lat="44.39142" lon="4.65343">
        <ele>54.1</ele>
      </trkpt>
      <trkpt lat="44.39089" lon="4.65331">
        <ele>52.2</ele>
      </trkpt>
      <trkpt lat="44.39057" lon="4.65329">
        <ele>52.3</ele>
      </trkpt>
      <trkpt lat="44.39" lon="4.6533">
        <ele>53.0</ele>
      </trkpt>
      <trkpt lat="44.38944" lon="4.65332">
        <ele>56.3</ele>
      </trkpt>
      <trkpt lat="44.3891" lon="4.65321">
        <ele>56.7</ele>
      </trkpt>
      <trkpt lat="44.38858" lon="4.65311">
        <ele>55.7</ele>
      </trkpt>
      <trkpt lat="44.38843" lon="4.65301">
        <ele>55.0</ele>
      </trkpt>
      <trkpt lat="44.38799" lon="4.65255">
        <ele>53.0</ele>
      </trkpt>
      <trkpt lat="44.3875" lon="4.65195">
        <ele>53.3</ele>
      </trkpt>
      <trkpt lat="44.387" lon="4.65135">
        <ele>53.4</ele>
      </trkpt>
      <trkpt lat="44.3868" lon="4.65115">
        <ele>53.0</ele>
      </trkpt>
      <trkpt lat="44.38618" lon="4.65065">
        <ele>51.8</ele>
      </trkpt>
      <trkpt lat="44.38602" lon="4.65056">
        <ele>51.7</ele>
      </trkpt>
      <trkpt lat="44.38576" lon="4.65037">
        <ele>51.4</ele>
      </trkpt>
      <trkpt lat="44.38549" lon="4.6502">
        <ele>50.8</ele>
      </trkpt>
      <trkpt lat="44.38494" lon="4.64982">
        <ele>50.3</ele>
      </trkpt>
      <trkpt lat="44.38434" lon="4.64929">
        <ele>51.0</ele>
      </trkpt>
      <trkpt lat="44.38424" lon="4.64924">
        <ele>51.0</ele>
      </trkpt>
      <trkpt lat="44.38398" lon="4.64927">
        <ele>51.2</ele>
      </trkpt>
      <trkpt lat="44.38374" lon="4.64926">
        <ele>51.6</ele>
      </trkpt>
      <trkpt lat="44.38346" lon="4.6492">
        <ele>51.9</ele>
      </trkpt>
      <trkpt lat="44.38262" lon="4.64886">
        <ele>53.3</ele>
      </trkpt>
      <trkpt lat="44.38236" lon="4.64868">
        <ele>53.2</ele>
      </trkpt>
      <trkpt lat="44.38192" lon="4.64815">
        <ele>54.3</ele>
      </trkpt>
      <trkpt lat="44.38148" lon="4.64762">
        <ele>55.5</ele>
      </trkpt>
      <trkpt lat="44.38132" lon="4.64741">
        <ele>57.0</ele>
      </trkpt>
      <trkpt lat="44.3812" lon="4.6473">
        <ele>58.5</ele>
      </trkpt>
      <trkpt lat="44.38115" lon="4.64726">
        <ele>59.2</ele>
      </trkpt>
      <trkpt lat="44.38108" lon="4.64725">
        <ele>59.7</ele>
      </trkpt>
      <trkpt lat="44.38103" lon="4.64725">
        <ele>60.1</ele>
      </trkpt>
      <trkpt lat="44.38065" lon="4.64735">
        <ele>60.0</ele>
      </trkpt>
      <trkpt lat="44.38031" lon="4.64745">
        <ele>57.3</ele>
      </trkpt>
      <trkpt lat="44.38023" lon="4.64747">
        <ele>56.7</ele>
      </trkpt>
      <trkpt lat="44.38014" lon="4.64747">
        <ele>56.1</ele>
      </trkpt>
      <trkpt lat="44.38007" lon="4.64744">
        <ele>56.0</ele>
      </trkpt>
      <trkpt lat="44.37996" lon="4.64737">
        <ele>56.5</ele>
      </trkpt>
      <trkpt lat="44.37986" lon="4.64728">
        <ele>57.9</ele>
      </trkpt>
      <trkpt lat="44.3797" lon="4.64714">
        <ele>59.6</ele>
      </trkpt>
      <trkpt lat="44.37959" lon="4.64703">
        <ele>60.7</ele>
      </trkpt>
      <trkpt lat="44.37953" lon="4.64698">
        <ele>61.1</ele>
      </trkpt>
      <trkpt lat="44.37944" lon="4.64697">
        <ele>61.3</ele>
      </trkpt>
      <trkpt lat="44.37909" lon="4.64705">
        <ele>61.3</ele>
      </trkpt>
      <trkpt lat="44.37905" lon="4.64713">
        <ele>60.9</ele>
      </trkpt>
      <trkpt lat="44.37902" lon="4.64717">
        <ele>60.7</ele>
      </trkpt>
      <trkpt lat="44.37874" lon="4.64723">
        <ele>60.4</ele>
      </trkpt>
      <trkpt lat="44.37831" lon="4.64735">
        <ele>59.3</ele>
      </trkpt>
      <trkpt lat="44.37782" lon="4.64745">
        <ele>56.7</ele>
      </trkpt>
      <trkpt lat="44.37743" lon="4.64752">
        <ele>55.2</ele>
      </trkpt>
      <trkpt lat="44.37727" lon="4.64749">
        <ele>55.7</ele>
      </trkpt>
      <trkpt lat="44.37713" lon="4.64755">
        <ele>55.9</ele>
      </trkpt>
      <trkpt lat="44.37703" lon="4.64762">
        <ele>56.1</ele>
      </trkpt>
      <trkpt lat="44.3769" lon="4.64767">
        <ele>56.3</ele>
      </trkpt>
      <trkpt lat="44.37649" lon="4.64771">
        <ele>56.3</ele>
      </trkpt>
      <trkpt lat="44.37603" lon="4.64773">
        <ele>55.7</ele>
      </trkpt>
      <trkpt lat="44.37531" lon="4.64769">
        <ele>55.5</ele>
      </trkpt>
      <trkpt lat="44.3746" lon="4.64765">
        <ele>54.7</ele>
      </trkpt>
      <trkpt lat="44.37409" lon="4.64769">
        <ele>53.7</ele>
      </trkpt>
      <trkpt lat="44.37359" lon="4.64772">
        <ele>54.8</ele>
      </trkpt>
      <trkpt lat="44.37307" lon="4.64773">
        <ele>56.7</ele>
      </trkpt>
      <trkpt lat="44.37229" lon="4.64779">
        <ele>58.5</ele>
      </trkpt>
      <trkpt lat="44.37224" lon="4.64776">
        <ele>58.7</ele>
      </trkpt>
      <trkpt lat="44.3722" lon="4.64776">
        <ele>58.6</ele>
      </trkpt>
      <trkpt lat="44.37205" lon="4.64778">
        <ele>58.1</ele>
      </trkpt>
      <trkpt lat="44.37196" lon="4.64784">
        <ele>56.9</ele>
      </trkpt>
      <trkpt lat="44.37132" lon="4.64787">
        <ele>54.6</ele>
      </trkpt>
      <trkpt lat="44.3709" lon="4.64782">
        <ele>54.1</ele>
      </trkpt>
      <trkpt lat="44.37017" lon="4.64767">
        <ele>54.4</ele>
      </trkpt>
      <trkpt lat="44.36943" lon="4.64751">
        <ele>54.5</ele>
      </trkpt>
      <trkpt lat="44.36893" lon="4.64736">
        <ele>54.4</ele>
      </trkpt>
      <trkpt lat="44.36888" lon="4.64736">
        <ele>54.2</ele>
      </trkpt>
      <trkpt lat="44.36873" lon="4.64734">
        <ele>53.9</ele>
      </trkpt>
      <trkpt lat="44.36869" lon="4.64735">
        <ele>53.7</ele>
      </trkpt>
      <trkpt lat="44.36866" lon="4.64741">
        <ele>53.3</ele>
      </trkpt>
      <trkpt lat="44.3686" lon="4.6474">
        <ele>53.2</ele>
      </trkpt>
      <trkpt lat="44.36852" lon="4.64737">
        <ele>53.1</ele>
      </trkpt>
      <trkpt lat="44.36852" lon="4.64734">
        <ele>53.3</ele>
      </trkpt>
      <trkpt lat="44.3685" lon="4.6473">
        <ele>53.5</ele>
      </trkpt>
      <trkpt lat="44.36838" lon="4.6472">
        <ele>53.6</ele>
      </trkpt>
      <trkpt lat="44.36837" lon="4.64716">
        <ele>53.8</ele>
      </trkpt>
      <trkpt lat="44.36837" lon="4.64711">
        <ele>54.0</ele>
      </trkpt>
      <trkpt lat="44.36839" lon="4.64707">
        <ele>54.3</ele>
      </trkpt>
      <trkpt lat="44.36842" lon="4.64706">
        <ele>54.4</ele>
      </trkpt>
      <trkpt lat="44.36847" lon="4.64707">
        <ele>54.6</ele>
      </trkpt>
      <trkpt lat="44.36849" lon="4.64709">
        <ele>54.5</ele>
      </trkpt>
      <trkpt lat="44.36852" lon="4.64713">
        <ele>54.4</ele>
      </trkpt>
      <trkpt lat="44.36855" lon="4.64729">
        <ele>53.7</ele>
      </trkpt>
      <trkpt lat="44.36855" lon="4.64732">
        <ele>53.5</ele>
      </trkpt>
      <trkpt lat="44.36861" lon="4.64733">
        <ele>53.6</ele>
      </trkpt>
      <trkpt lat="44.3686" lon="4.6474">
        <ele>53.2</ele>
      </trkpt>
      <trkpt lat="44.36851" lon="4.64843">
        <ele>46.0</ele>
      </trkpt>
      <trkpt lat="44.36841" lon="4.64946">
        <ele>46.0</ele>
      </trkpt>
      <trkpt lat="44.36832" lon="4.65049">
        <ele>50.1</ele>
      </trkpt>
      <trkpt lat="44.36822" lon="4.65152">
        <ele>54.6</ele>
      </trkpt>
      <trkpt lat="44.36816" lon="4.65168">
        <ele>54.8</ele>
      </trkpt>
      <trkpt lat="44.36812" lon="4.65222">
        <ele>54.6</ele>
      </trkpt>
      <trkpt lat="44.36803" lon="4.65313">
        <ele>53.4</ele>
      </trkpt>
      <trkpt lat="44.36796" lon="4.65403">
        <ele>51.9</ele>
      </trkpt>
      <trkpt lat="44.36787" lon="4.6551">
        <ele>51.0</ele>
      </trkpt>
      <trkpt lat="44.36777" lon="4.65616">
        <ele>51.4</ele>
      </trkpt>
      <trkpt lat="44.36774" lon="4.65633">
        <ele>51.2</ele>
      </trkpt>
      <trkpt lat="44.36769" lon="4.65642">
        <ele>51.1</ele>
      </trkpt>
      <trkpt lat="44.3676" lon="4.65647">
        <ele>51.1</ele>
      </trkpt>
      <trkpt lat="44.36743" lon="4.65644">
        <ele>50.9</ele>
      </trkpt>
      <trkpt lat="44.36666" lon="4.65624">
        <ele>48.5</ele>
      </trkpt>
      <trkpt lat="44.36642" lon="4.65621">
        <ele>48.8</ele>
      </trkpt>
      <trkpt lat="44.36569" lon="4.65614">
        <ele>50.1</ele>
      </trkpt>
      <trkpt lat="44.36496" lon="4.65607">
        <ele>50.3</ele>
      </trkpt>
      <trkpt lat="44.36423" lon="4.656">
        <ele>50.2</ele>
      </trkpt>
      <trkpt lat="44.3635" lon="4.65593">
        <ele>50.1</ele>
      </trkpt>
      <trkpt lat="44.36307" lon="4.65585">
        <ele>50.3</ele>
      </trkpt>
      <trkpt lat="44.36297" lon="4.65583">
        <ele>50.4</ele>
      </trkpt>
      <trkpt lat="44.36244" lon="4.65569">
        <ele>50.9</ele>
      </trkpt>
      <trkpt lat="44.36191" lon="4.65556">
        <ele>50.9</ele>
      </trkpt>
      <trkpt lat="44.36166" lon="4.65553">
        <ele>50.9</ele>
      </trkpt>
      <trkpt lat="44.3614" lon="4.65553">
        <ele>50.2</ele>
      </trkpt>
      <trkpt lat="44.36087" lon="4.6556">
        <ele>48.8</ele>
      </trkpt>
      <trkpt lat="44.36036" lon="4.65564">
        <ele>48.3</ele>
      </trkpt>
      <trkpt lat="44.35985" lon="4.65568">
        <ele>48.0</ele>
      </trkpt>
      <trkpt lat="44.35966" lon="4.65572">
        <ele>48.1</ele>
      </trkpt>
      <trkpt lat="44.35943" lon="4.65578">
        <ele>48.5</ele>
      </trkpt>
      <trkpt lat="44.35866" lon="4.65607">
        <ele>49.3</ele>
      </trkpt>
      <trkpt lat="44.35789" lon="4.65636">
        <ele>48.8</ele>
      </trkpt>
      <trkpt lat="44.35769" lon="4.65644">
        <ele>48.5</ele>
      </trkpt>
      <trkpt lat="44.35762" lon="4.65654">
        <ele>48.3</ele>
      </trkpt>
      <trkpt lat="44.35757" lon="4.65667">
        <ele>48.1</ele>
      </trkpt>
      <trkpt lat="44.3575" lon="4.65673">
        <ele>48.0</ele>
      </trkpt>
      <trkpt lat="44.35741" lon="4.65676">
        <ele>48.4</ele>
      </trkpt>
      <trkpt lat="44.35731" lon="4.65677">
        <ele>48.9</ele>
      </trkpt>
      <trkpt lat="44.35666" lon="4.65672">
        <ele>51.9</ele>
      </trkpt>
      <trkpt lat="44.35602" lon="4.65666">
        <ele>52.8</ele>
      </trkpt>
      <trkpt lat="44.35569" lon="4.65666">
        <ele>53.0</ele>
      </trkpt>
      <trkpt lat="44.35526" lon="4.65667">
        <ele>53.0</ele>
      </trkpt>
      <trkpt lat="44.35507" lon="4.65662">
        <ele>52.8</ele>
      </trkpt>
      <trkpt lat="44.35458" lon="4.65634">
        <ele>51.5</ele>
      </trkpt>
      <trkpt lat="44.35408" lon="4.65606">
        <ele>50.5</ele>
      </trkpt>
      <trkpt lat="44.35382" lon="4.65586">
        <ele>50.0</ele>
      </trkpt>
      <trkpt lat="44.35372" lon="4.65581">
        <ele>49.8</ele>
      </trkpt>
      <trkpt lat="44.35364" lon="4.6558">
        <ele>49.8</ele>
      </trkpt>
      <trkpt lat="44.35357" lon="4.6558">
        <ele>49.9</ele>
      </trkpt>
      <trkpt lat="44.35346" lon="4.65586">
        <ele>50.0</ele>
      </trkpt>
      <trkpt lat="44.35292" lon="4.65625">
        <ele>48.2</ele>
      </trkpt>
      <trkpt lat="44.35233" lon="4.65669">
        <ele>47.0</ele>
      </trkpt>
      <trkpt lat="44.35175" lon="4.65712">
        <ele>47.0</ele>
      </trkpt>
      <trkpt lat="44.35117" lon="4.65755">
        <ele>48.3</ele>
      </trkpt>
      <trkpt lat="44.35059" lon="4.65799">
        <ele>48.6</ele>
      </trkpt>
      <trkpt lat="44.35" lon="4.65844">
        <ele>45.3</ele>
      </trkpt>
      <trkpt lat="44.34942" lon="4.65888">
        <ele>48.6</ele>
      </trkpt>
      <trkpt lat="44.34907" lon="4.65904">
        <ele>49.8</ele>
      </trkpt>
      <trkpt lat="44.34868" lon="4.65913">
        <ele>49.4</ele>
      </trkpt>
      <trkpt lat="44.34822" lon="4.6592">
        <ele>49.0</ele>
      </trkpt>
      <trkpt lat="44.34802" lon="4.65921">
        <ele>48.9</ele>
      </trkpt>
      <trkpt lat="44.34781" lon="4.65916">
        <ele>49.0</ele>
      </trkpt>
      <trkpt lat="44.34739" lon="4.65892">
        <ele>49.3</ele>
      </trkpt>
      <trkpt lat="44.34674" lon="4.65841">
        <ele>49.8</ele>
      </trkpt>
      <trkpt lat="44.34655" lon="4.65828">
        <ele>50.2</ele>
      </trkpt>
      <trkpt lat="44.34642" lon="4.65822">
        <ele>50.4</ele>
      </trkpt>
      <trkpt lat="44.34619" lon="4.65822">
        <ele>50.7</ele>
      </trkpt>
      <trkpt lat="44.34596" lon="4.65838">
        <ele>50.7</ele>
      </trkpt>
      <trkpt lat="44.34519" lon="4.65884">
        <ele>49.7</ele>
      </trkpt>
      <trkpt lat="44.34442" lon="4.6593">
        <ele>48.7</ele>
      </trkpt>
      <trkpt lat="44.34381" lon="4.65967">
        <ele>48.1</ele>
      </trkpt>
      <trkpt lat="44.3432" lon="4.66004">
        <ele>47.9</ele>
      </trkpt>
      <trkpt lat="44.34259" lon="4.66041">
        <ele>48.0</ele>
      </trkpt>
      <trkpt lat="44.34243" lon="4.66051">
        <ele>48.1</ele>
      </trkpt>
      <trkpt lat="44.34191" lon="4.66071">
        <ele>47.5</ele>
      </trkpt>
      <trkpt lat="44.3414" lon="4.66091">
        <ele>46.7</ele>
      </trkpt>
      <trkpt lat="44.34081" lon="4.66111">
        <ele>46.4</ele>
      </trkpt>
      <trkpt lat="44.34023" lon="4.66132">
        <ele>47.3</ele>
      </trkpt>
      <trkpt lat="44.34016" lon="4.66134">
        <ele>47.4</ele>
      </trkpt>
      <trkpt lat="44.33959" lon="4.66153">
        <ele>50.1</ele>
      </trkpt>
      <trkpt lat="44.3395" lon="4.66154">
        <ele>50.5</ele>
      </trkpt>
      <trkpt lat="44.33941" lon="4.66151">
        <ele>51.1</ele>
      </trkpt>
      <trkpt lat="44.33908" lon="4.66128">
        <ele>52.5</ele>
      </trkpt>
      <trkpt lat="44.33839" lon="4.6609">
        <ele>49.3</ele>
      </trkpt>
      <trkpt lat="44.33783" lon="4.66064">
        <ele>47.1</ele>
      </trkpt>
      <trkpt lat="44.33719" lon="4.66043">
        <ele>47.0</ele>
      </trkpt>
      <trkpt lat="44.3367" lon="4.66022">
        <ele>48.0</ele>
      </trkpt>
      <trkpt lat="44.33604" lon="4.6599">
        <ele>49.2</ele>
      </trkpt>
      <trkpt lat="44.33559" lon="4.65966">
        <ele>48.6</ele>
      </trkpt>
      <trkpt lat="44.33518" lon="4.65949">
        <ele>47.8</ele>
      </trkpt>
      <trkpt lat="44.33493" lon="4.65943">
        <ele>47.6</ele>
      </trkpt>
      <trkpt lat="44.3347" lon="4.6594">
        <ele>47.5</ele>
      </trkpt>
      <trkpt lat="44.33404" lon="4.65917">
        <ele>47.3</ele>
      </trkpt>
      <trkpt lat="44.33381" lon="4.65917">
        <ele>47.9</ele>
      </trkpt>
      <trkpt lat="44.33363" lon="4.65918">
        <ele>48.3</ele>
      </trkpt>
      <trkpt lat="44.33335" lon="4.65922">
        <ele>48.9</ele>
      </trkpt>
      <trkpt lat="44.33256" lon="4.65947">
        <ele>50.5</ele>
      </trkpt>
      <trkpt lat="44.33176" lon="4.65971">
        <ele>50.6</ele>
      </trkpt>
      <trkpt lat="44.33142" lon="4.65983">
        <ele>50.6</ele>
      </trkpt>
      <trkpt lat="44.33118" lon="4.65984">
        <ele>50.5</ele>
      </trkpt>
      <trkpt lat="44.33089" lon="4.65981">
        <ele>50.3</ele>
      </trkpt>
      <trkpt lat="44.33032" lon="4.65968">
        <ele>50.0</ele>
      </trkpt>
      <trkpt lat="44.33008" lon="4.65966">
        <ele>49.9</ele>
      </trkpt>
      <trkpt lat="44.32975" lon="4.65968">
        <ele>50.3</ele>
      </trkpt>
      <trkpt lat="44.32923" lon="4.65966">
        <ele>51.3</ele>
      </trkpt>
      <trkpt lat="44.32878" lon="4.65957">
        <ele>50.6</ele>
      </trkpt>
      <trkpt lat="44.32833" lon="4.65948">
        <ele>49.4</ele>
      </trkpt>
      <trkpt lat="44.32782" lon="4.65937">
        <ele>50.3</ele>
      </trkpt>
      <trkpt lat="44.32731" lon="4.65926">
        <ele>50.8</ele>
      </trkpt>
      <trkpt lat="44.32669" lon="4.65909">
        <ele>50.3</ele>
      </trkpt>
      <trkpt lat="44.32658" lon="4.6591">
        <ele>50.0</ele>
      </trkpt>
      <trkpt lat="44.32602" lon="4.6592">
        <ele>48.4</ele>
      </trkpt>
      <trkpt lat="44.32573" lon="4.65928">
        <ele>47.4</ele>
      </trkpt>
      <trkpt lat="44.32561" lon="4.65934">
        <ele>47.0</ele>
      </trkpt>
      <trkpt lat="44.32544" lon="4.65952">
        <ele>46.3</ele>
      </trkpt>
      <trkpt lat="44.32497" lon="4.66016">
        <ele>46.4</ele>
      </trkpt>
      <trkpt lat="44.32449" lon="4.6608">
        <ele>47.9</ele>
      </trkpt>
      <trkpt lat="44.32388" lon="4.66168">
        <ele>46.7</ele>
      </trkpt>
      <trkpt lat="44.32342" lon="4.66239">
        <ele>46.8</ele>
      </trkpt>
      <trkpt lat="44.32314" lon="4.66286">
        <ele>46.8</ele>
      </trkpt>
      <trkpt lat="44.32298" lon="4.6631">
        <ele>46.7</ele>
      </trkpt>
      <trkpt lat="44.32279" lon="4.66336">
        <ele>46.7</ele>
      </trkpt>
      <trkpt lat="44.32235" lon="4.66393">
        <ele>47.7</ele>
      </trkpt>
      <trkpt lat="44.32198" lon="4.66433">
        <ele>48.4</ele>
      </trkpt>
      <trkpt lat="44.32168" lon="4.66475">
        <ele>47.6</ele>
      </trkpt>
      <trkpt lat="44.32149" lon="4.66512">
        <ele>47.1</ele>
      </trkpt>
      <trkpt lat="44.32136" lon="4.66549">
        <ele>46.4</ele>
      </trkpt>
      <trkpt lat="44.32125" lon="4.66582">
        <ele>45.5</ele>
      </trkpt>
      <trkpt lat="44.32103" lon="4.66681">
        <ele>45.1</ele>
      </trkpt>
      <trkpt lat="44.32091" lon="4.66714">
        <ele>45.5</ele>
      </trkpt>
      <trkpt lat="44.32079" lon="4.66741">
        <ele>45.9</ele>
      </trkpt>
      <trkpt lat="44.32063" lon="4.66764">
        <ele>45.9</ele>
      </trkpt>
      <trkpt lat="44.32041" lon="4.66792">
        <ele>46.0</ele>
      </trkpt>
      <trkpt lat="44.32006" lon="4.66824">
        <ele>46.0</ele>
      </trkpt>
      <trkpt lat="44.31936" lon="4.66883">
        <ele>46.0</ele>
      </trkpt>
      <trkpt lat="44.3189" lon="4.66914">
        <ele>46.6</ele>
      </trkpt>
      <trkpt lat="44.31879" lon="4.66917">
        <ele>46.9</ele>
      </trkpt>
      <trkpt lat="44.31837" lon="4.66921">
        <ele>47.9</ele>
      </trkpt>
      <trkpt lat="44.3183" lon="4.66932">
        <ele>47.8</ele>
      </trkpt>
      <trkpt lat="44.31827" lon="4.66943">
        <ele>47.6</ele>
      </trkpt>
      <trkpt lat="44.31799" lon="4.67045">
        <ele>45.8</ele>
      </trkpt>
      <trkpt lat="44.31771" lon="4.67147">
        <ele>45.2</ele>
      </trkpt>
      <trkpt lat="44.31743" lon="4.6725">
        <ele>44.3</ele>
      </trkpt>
      <trkpt lat="44.31715" lon="4.67352">
        <ele>48.2</ele>
      </trkpt>
      <trkpt lat="44.31687" lon="4.67454">
        <ele>47.5</ele>
      </trkpt>
      <trkpt lat="44.31682" lon="4.67465">
        <ele>47.4</ele>
      </trkpt>
      <trkpt lat="44.31675" lon="4.67472">
        <ele>47.3</ele>
      </trkpt>
      <trkpt lat="44.31614" lon="4.67522">
        <ele>45.9</ele>
      </trkpt>
      <trkpt lat="44.31554" lon="4.67571">
        <ele>45.9</ele>
      </trkpt>
      <trkpt lat="44.31493" lon="4.67621">
        <ele>45.9</ele>
      </trkpt>
      <trkpt lat="44.3147" lon="4.67639">
        <ele>45.8</ele>
      </trkpt>
      <trkpt lat="44.31412" lon="4.67685">
        <ele>46.1</ele>
      </trkpt>
      <trkpt lat="44.31355" lon="4.67731">
        <ele>44.6</ele>
      </trkpt>
      <trkpt lat="44.31286" lon="4.67788">
        <ele>42.8</ele>
      </trkpt>
      <trkpt lat="44.31217" lon="4.67845">
        <ele>42.6</ele>
      </trkpt>
      <trkpt lat="44.31148" lon="4.67902">
        <ele>43.4</ele>
      </trkpt>
      <trkpt lat="44.31098" lon="4.67941">
        <ele>43.9</ele>
      </trkpt>
      <trkpt lat="44.31026" lon="4.67999">
        <ele>46.0</ele>
      </trkpt>
      <trkpt lat="44.30953" lon="4.68058">
        <ele>43.5</ele>
      </trkpt>
      <trkpt lat="44.30942" lon="4.6807">
        <ele>42.9</ele>
      </trkpt>
      <trkpt lat="44.30905" lon="4.68121">
        <ele>42.6</ele>
      </trkpt>
      <trkpt lat="44.30868" lon="4.68171">
        <ele>43.6</ele>
      </trkpt>
      <trkpt lat="44.30838" lon="4.68202">
        <ele>43.6</ele>
      </trkpt>
      <trkpt lat="44.30815" lon="4.68223">
        <ele>43.7</ele>
      </trkpt>
      <trkpt lat="44.30804" lon="4.68231">
        <ele>44.0</ele>
      </trkpt>
      <trkpt lat="44.30749" lon="4.68258">
        <ele>46.0</ele>
      </trkpt>
      <trkpt lat="44.30738" lon="4.68265">
        <ele>45.8</ele>
      </trkpt>
      <trkpt lat="44.30729" lon="4.68273">
        <ele>45.6</ele>
      </trkpt>
      <trkpt lat="44.30721" lon="4.68283">
        <ele>45.4</ele>
      </trkpt>
      <trkpt lat="44.30715" lon="4.68292">
        <ele>45.1</ele>
      </trkpt>
      <trkpt lat="44.3071" lon="4.68303">
        <ele>44.9</ele>
      </trkpt>
      <trkpt lat="44.30703" lon="4.6834">
        <ele>44.3</ele>
      </trkpt>
      <trkpt lat="44.30697" lon="4.68333">
        <ele>44.1</ele>
      </trkpt>
      <trkpt lat="44.30666" lon="4.68278">
        <ele>44.3</ele>
      </trkpt>
      <trkpt lat="44.30659" lon="4.68269">
        <ele>44.4</ele>
      </trkpt>
      <trkpt lat="44.30651" lon="4.68263">
        <ele>44.3</ele>
      </trkpt>
      <trkpt lat="44.30576" lon="4.68232">
        <ele>42.9</ele>
      </trkpt>
      <trkpt lat="44.30501" lon="4.68202">
        <ele>42.8</ele>
      </trkpt>
      <trkpt lat="44.30468" lon="4.68195">
        <ele>43.7</ele>
      </trkpt>
      <trkpt lat="44.30423" lon="4.68196">
        <ele>45.1</ele>
      </trkpt>
      <trkpt lat="44.30395" lon="4.682">
        <ele>45.4</ele>
      </trkpt>
      <trkpt lat="44.30325" lon="4.68219">
        <ele>45.8</ele>
      </trkpt>
      <trkpt lat="44.30298" lon="4.68228">
        <ele>45.2</ele>
      </trkpt>
      <trkpt lat="44.30283" lon="4.68231">
        <ele>44.8</ele>
      </trkpt>
      <trkpt lat="44.30247" lon="4.68233">
        <ele>44.0</ele>
      </trkpt>
      <trkpt lat="44.30215" lon="4.6823">
        <ele>43.7</ele>
      </trkpt>
      <trkpt lat="44.30186" lon="4.68225">
        <ele>43.5</ele>
      </trkpt>
      <trkpt lat="44.30165" lon="4.68225">
        <ele>43.3</ele>
      </trkpt>
      <trkpt lat="44.30142" lon="4.68228">
        <ele>43.4</ele>
      </trkpt>
      <trkpt lat="44.30109" lon="4.68237">
        <ele>43.6</ele>
      </trkpt>
      <trkpt lat="44.30075" lon="4.68249">
        <ele>43.9</ele>
      </trkpt>
      <trkpt lat="44.30026" lon="4.68275">
        <ele>43.3</ele>
      </trkpt>
      <trkpt lat="44.29993" lon="4.68287">
        <ele>43.0</ele>
      </trkpt>
      <trkpt lat="44.29976" lon="4.6829">
        <ele>43.0</ele>
      </trkpt>
      <trkpt lat="44.29956" lon="4.68288">
        <ele>43.0</ele>
      </trkpt>
      <trkpt lat="44.29922" lon="4.68272">
        <ele>43.0</ele>
      </trkpt>
      <trkpt lat="44.299" lon="4.68256">
        <ele>43.0</ele>
      </trkpt>
      <trkpt lat="44.29873" lon="4.68233">
        <ele>43.1</ele>
      </trkpt>
      <trkpt lat="44.29863" lon="4.68224">
        <ele>43.2</ele>
      </trkpt>
      <trkpt lat="44.29837" lon="4.68203">
        <ele>43.5</ele>
      </trkpt>
      <trkpt lat="44.29778" lon="4.68164">
        <ele>44.0</ele>
      </trkpt>
      <trkpt lat="44.29734" lon="4.6813">
        <ele>44.2</ele>
      </trkpt>
      <trkpt lat="44.29696" lon="4.68096">
        <ele>43.7</ele>
      </trkpt>
      <trkpt lat="44.29668" lon="4.68061">
        <ele>43.3</ele>
      </trkpt>
      <trkpt lat="44.29631" lon="4.68006">
        <ele>43.5</ele>
      </trkpt>
      <trkpt lat="44.29596" lon="4.67947">
        <ele>43.0</ele>
      </trkpt>
      <trkpt lat="44.29588" lon="4.67921">
        <ele>42.9</ele>
      </trkpt>
      <trkpt lat="44.29589" lon="4.67881">
        <ele>42.5</ele>
      </trkpt>
      <trkpt lat="44.29589" lon="4.67849">
        <ele>42.2</ele>
      </trkpt>
      <trkpt lat="44.29584" lon="4.67808">
        <ele>42.3</ele>
      </trkpt>
      <trkpt lat="44.29584" lon="4.67773">
        <ele>42.7</ele>
      </trkpt>
      <trkpt lat="44.29593" lon="4.67672">
        <ele>43.0</ele>
      </trkpt>
      <trkpt lat="44.29597" lon="4.67603">
        <ele>42.0</ele>
      </trkpt>
      <trkpt lat="44.29595" lon="4.67582">
        <ele>41.7</ele>
      </trkpt>
      <trkpt lat="44.29587" lon="4.67533">
        <ele>42.5</ele>
      </trkpt>
      <trkpt lat="44.29579" lon="4.67502">
        <ele>43.0</ele>
      </trkpt>
      <trkpt lat="44.29573" lon="4.6749">
        <ele>43.2</ele>
      </trkpt>
      <trkpt lat="44.29558" lon="4.67485">
        <ele>43.2</ele>
      </trkpt>
      <trkpt lat="44.29502" lon="4.67489">
        <ele>43.0</ele>
      </trkpt>
      <trkpt lat="44.29446" lon="4.67492">
        <ele>41.7</ele>
      </trkpt>
      <trkpt lat="44.29423" lon="4.67486">
        <ele>41.2</ele>
      </trkpt>
      <trkpt lat="44.29376" lon="4.67463">
        <ele>41.7</ele>
      </trkpt>
      <trkpt lat="44.29301" lon="4.67432">
        <ele>43.1</ele>
      </trkpt>
      <trkpt lat="44.29238" lon="4.67417">
        <ele>43.0</ele>
      </trkpt>
      <trkpt lat="44.29179" lon="4.674">
        <ele>42.8</ele>
      </trkpt>
      <trkpt lat="44.29121" lon="4.67383">
        <ele>42.4</ele>
      </trkpt>
      <trkpt lat="44.29072" lon="4.67365">
        <ele>41.8</ele>
      </trkpt>
      <trkpt lat="44.29019" lon="4.6735">
        <ele>41.9</ele>
      </trkpt>
      <trkpt lat="44.28951" lon="4.6734">
        <ele>42.0</ele>
      </trkpt>
      <trkpt lat="44.28884" lon="4.67329">
        <ele>42.4</ele>
      </trkpt>
      <trkpt lat="44.28796" lon="4.67312">
        <ele>44.3</ele>
      </trkpt>
      <trkpt lat="44.28719" lon="4.673">
        <ele>44.5</ele>
      </trkpt>
      <trkpt lat="44.28641" lon="4.67288">
        <ele>44.1</ele>
      </trkpt>
      <trkpt lat="44.28617" lon="4.67286">
        <ele>45.6</ele>
      </trkpt>
      <trkpt lat="44.286" lon="4.67286">
        <ele>46.6</ele>
      </trkpt>
      <trkpt lat="44.2858" lon="4.67201">
        <ele>46.5</ele>
      </trkpt>
      <trkpt lat="44.28575" lon="4.67184">
        <ele>46.2</ele>
      </trkpt>
      <trkpt lat="44.2857" lon="4.67175">
        <ele>46.1</ele>
      </trkpt>
      <trkpt lat="44.28566" lon="4.67171">
        <ele>46.2</ele>
      </trkpt>
      <trkpt lat="44.28496" lon="4.67172">
        <ele>50.4</ele>
      </trkpt>
      <trkpt lat="44.28426" lon="4.67172">
        <ele>51.3</ele>
      </trkpt>
      <trkpt lat="44.28356" lon="4.67173">
        <ele>50.5</ele>
      </trkpt>
      <trkpt lat="44.28348" lon="4.67171">
        <ele>50.3</ele>
      </trkpt>
      <trkpt lat="44.28342" lon="4.67167">
        <ele>50.1</ele>
      </trkpt>
      <trkpt lat="44.28325" lon="4.67143">
        <ele>46.9</ele>
      </trkpt>
      <trkpt lat="44.28319" lon="4.6714">
        <ele>46.2</ele>
      </trkpt>
      <trkpt lat="44.28313" lon="4.67139">
        <ele>45.7</ele>
      </trkpt>
      <trkpt lat="44.28305" lon="4.67143">
        <ele>45.5</ele>
      </trkpt>
      <trkpt lat="44.28254" lon="4.67187">
        <ele>42.4</ele>
      </trkpt>
      <trkpt lat="44.28204" lon="4.67232">
        <ele>42.4</ele>
      </trkpt>
      <trkpt lat="44.28196" lon="4.67235">
        <ele>42.5</ele>
      </trkpt>
      <trkpt lat="44.28189" lon="4.67236">
        <ele>42.6</ele>
      </trkpt>
      <trkpt lat="44.28182" lon="4.67234">
        <ele>42.7</ele>
      </trkpt>
      <trkpt lat="44.28163" lon="4.6722">
        <ele>42.6</ele>
      </trkpt>
      <trkpt lat="44.28126" lon="4.67183">
        <ele>41.8</ele>
      </trkpt>
      <trkpt lat="44.28119" lon="4.67178">
        <ele>41.6</ele>
      </trkpt>
      <trkpt lat="44.28107" lon="4.67172">
        <ele>41.4</ele>
      </trkpt>
      <trkpt lat="44.28056" lon="4.67157">
        <ele>40.7</ele>
      </trkpt>
      <trkpt lat="44.28005" lon="4.67143">
        <ele>40.3</ele>
      </trkpt>
      <trkpt lat="44.27953" lon="4.6713">
        <ele>41.4</ele>
      </trkpt>
      <trkpt lat="44.27938" lon="4.67125">
        <ele>42.0</ele>
      </trkpt>
      <trkpt lat="44.27928" lon="4.6712">
        <ele>42.6</ele>
      </trkpt>
      <trkpt lat="44.27912" lon="4.67111">
        <ele>43.7</ele>
      </trkpt>
      <trkpt lat="44.2788" lon="4.67087">
        <ele>44.5</ele>
      </trkpt>
      <trkpt lat="44.27831" lon="4.67061">
        <ele>42.7</ele>
      </trkpt>
      <trkpt lat="44.27773" lon="4.67035">
        <ele>42.1</ele>
      </trkpt>
      <trkpt lat="44.27715" lon="4.67009">
        <ele>42.4</ele>
      </trkpt>
      <trkpt lat="44.27696" lon="4.66986">
        <ele>42.5</ele>
      </trkpt>
      <trkpt lat="44.27636" lon="4.669">
        <ele>41.3</ele>
      </trkpt>
      <trkpt lat="44.27576" lon="4.66815">
        <ele>41.8</ele>
      </trkpt>
      <trkpt lat="44.27521" lon="4.66759">
        <ele>43.1</ele>
      </trkpt>
      <trkpt lat="44.27466" lon="4.66702">
        <ele>43.9</ele>
      </trkpt>
      <trkpt lat="44.27432" lon="4.6667">
        <ele>44.8</ele>
      </trkpt>
      <trkpt lat="44.27416" lon="4.66657">
        <ele>45.2</ele>
      </trkpt>
      <trkpt lat="44.274" lon="4.66647">
        <ele>45.3</ele>
      </trkpt>
      <trkpt lat="44.27383" lon="4.66642">
        <ele>45.3</ele>
      </trkpt>
      <trkpt lat="44.27346" lon="4.6664">
        <ele>45.1</ele>
      </trkpt>
      <trkpt lat="44.27302" lon="4.66641">
        <ele>43.9</ele>
      </trkpt>
      <trkpt lat="44.27284" lon="4.66646">
        <ele>43.1</ele>
      </trkpt>
      <trkpt lat="44.27235" lon="4.6667">
        <ele>42.0</ele>
      </trkpt>
      <trkpt lat="44.2722" lon="4.66674">
        <ele>42.0</ele>
      </trkpt>
      <trkpt lat="44.27206" lon="4.66673">
        <ele>42.0</ele>
      </trkpt>
      <trkpt lat="44.27136" lon="4.66654">
        <ele>41.6</ele>
      </trkpt>
      <trkpt lat="44.27066" lon="4.66635">
        <ele>41.7</ele>
      </trkpt>
      <trkpt lat="44.2705" lon="4.66635">
        <ele>42.4</ele>
      </trkpt>
      <trkpt lat="44.27041" lon="4.66638">
        <ele>42.9</ele>
      </trkpt>
      <trkpt lat="44.27023" lon="4.66655">
        <ele>43.8</ele>
      </trkpt>
      <trkpt lat="44.2701" lon="4.66671">
        <ele>44.5</ele>
      </trkpt>
      <trkpt lat="44.26992" lon="4.66662">
        <ele>44.7</ele>
      </trkpt>
      <trkpt lat="44.26974" lon="4.66649">
        <ele>44.1</ele>
      </trkpt>
      <trkpt lat="44.26966" lon="4.66641">
        <ele>43.7</ele>
      </trkpt>
      <trkpt lat="44.26934" lon="4.66593">
        <ele>41.8</ele>
      </trkpt>
      <trkpt lat="44.26903" lon="4.66544">
        <ele>41.1</ele>
      </trkpt>
      <trkpt lat="44.26888" lon="4.66527">
        <ele>41.0</ele>
      </trkpt>
      <trkpt lat="44.26871" lon="4.66509">
        <ele>40.8</ele>
      </trkpt>
      <trkpt lat="44.2683" lon="4.66482">
        <ele>40.2</ele>
      </trkpt>
      <trkpt lat="44.2679" lon="4.66457">
        <ele>39.7</ele>
      </trkpt>
      <trkpt lat="44.2675" lon="4.66424">
        <ele>38.2</ele>
      </trkpt>
      <trkpt lat="44.26733" lon="4.66414">
        <ele>38.3</ele>
      </trkpt>
      <trkpt lat="44.26719" lon="4.66408">
        <ele>38.5</ele>
      </trkpt>
      <trkpt lat="44.26697" lon="4.66404">
        <ele>38.8</ele>
      </trkpt>
      <trkpt lat="44.26667" lon="4.66403">
        <ele>39.2</ele>
      </trkpt>
      <trkpt lat="44.26618" lon="4.66408">
        <ele>38.6</ele>
      </trkpt>
      <trkpt lat="44.2657" lon="4.66413">
        <ele>38.4</ele>
      </trkpt>
      <trkpt lat="44.26496" lon="4.66419">
        <ele>40.2</ele>
      </trkpt>
      <trkpt lat="44.26422" lon="4.6642">
        <ele>42.8</ele>
      </trkpt>
      <trkpt lat="44.26399" lon="4.66423">
        <ele>42.4</ele>
      </trkpt>
      <trkpt lat="44.26377" lon="4.6643">
        <ele>41.6</ele>
      </trkpt>
      <trkpt lat="44.26348" lon="4.66442">
        <ele>40.3</ele>
      </trkpt>
      <trkpt lat="44.26311" lon="4.66422">
        <ele>40.2</ele>
      </trkpt>
      <trkpt lat="44.26281" lon="4.66404">
        <ele>40.7</ele>
      </trkpt>
      <trkpt lat="44.26249" lon="4.66383">
        <ele>41.0</ele>
      </trkpt>
      <trkpt lat="44.26225" lon="4.66362">
        <ele>41.5</ele>
      </trkpt>
      <trkpt lat="44.26207" lon="4.6634">
        <ele>42.0</ele>
      </trkpt>
      <trkpt lat="44.26176" lon="4.66293">
        <ele>43.6</ele>
      </trkpt>
      <trkpt lat="44.26164" lon="4.66286">
        <ele>44.1</ele>
      </trkpt>
      <trkpt lat="44.26156" lon="4.66283">
        <ele>44.0</ele>
      </trkpt>
      <trkpt lat="44.26147" lon="4.66283">
        <ele>43.8</ele>
      </trkpt>
      <trkpt lat="44.26129" lon="4.6628">
        <ele>43.4</ele>
      </trkpt>
      <trkpt lat="44.26125" lon="4.66279">
        <ele>43.3</ele>
      </trkpt>
      <trkpt lat="44.26124" lon="4.66276">
        <ele>43.3</ele>
      </trkpt>
      <trkpt lat="44.2612" lon="4.66266">
        <ele>43.2</ele>
      </trkpt>
      <trkpt lat="44.26116" lon="4.66249">
        <ele>43.2</ele>
      </trkpt>
      <trkpt lat="44.2611" lon="4.66196">
        <ele>42.3</ele>
      </trkpt>
      <trkpt lat="44.26105" lon="4.66178">
        <ele>42.1</ele>
      </trkpt>
      <trkpt lat="44.26088" lon="4.66098">
        <ele>43.4</ele>
      </trkpt>
      <trkpt lat="44.26064" lon="4.65992">
        <ele>43.1</ele>
      </trkpt>
      <trkpt lat="44.26062" lon="4.65974">
        <ele>43.2</ele>
      </trkpt>
      <trkpt lat="44.26056" lon="4.65861">
        <ele>45.0</ele>
      </trkpt>
      <trkpt lat="44.26051" lon="4.65748">
        <ele>43.4</ele>
      </trkpt>
      <trkpt lat="44.26039" lon="4.65634">
        <ele>40.5</ele>
      </trkpt>
      <trkpt lat="44.2601" lon="4.65529">
        <ele>41.0</ele>
      </trkpt>
      <trkpt lat="44.25988" lon="4.65448">
        <ele>41.4</ele>
      </trkpt>
      <trkpt lat="44.25966" lon="4.65368">
        <ele>40.7</ele>
      </trkpt>
      <trkpt lat="44.25938" lon="4.65262">
        <ele>39.8</ele>
      </trkpt>
      <trkpt lat="44.2591" lon="4.65157">
        <ele>39.0</ele>
      </trkpt>
      <trkpt lat="44.25893" lon="4.65096">
        <ele>39.0</ele>
      </trkpt>
      <trkpt lat="44.25876" lon="4.65034">
        <ele>42.2</ele>
      </trkpt>
      <trkpt lat="44.25855" lon="4.64954">
        <ele>50.5</ele>
      </trkpt>
      <trkpt lat="44.25854" lon="4.649">
        <ele>53.5</ele>
      </trkpt>
      <trkpt lat="44.25856" lon="4.64874">
        <ele>54.0</ele>
      </trkpt>
      <trkpt lat="44.25861" lon="4.64845">
        <ele>54.5</ele>
      </trkpt>
      <trkpt lat="44.25866" lon="4.64833">
        <ele>54.6</ele>
      </trkpt>
      <trkpt lat="44.25871" lon="4.64827">
        <ele>54.5</ele>
      </trkpt>
      <trkpt lat="44.25874" lon="4.64819">
        <ele>54.4</ele>
      </trkpt>
      <trkpt lat="44.25876" lon="4.64806">
        <ele>54.3</ele>
      </trkpt>
      <trkpt lat="44.25874" lon="4.64796">
        <ele>54.3</ele>
      </trkpt>
      <trkpt lat="44.25868" lon="4.64786">
        <ele>54.3</ele>
      </trkpt>
      <trkpt lat="44.25864" lon="4.64781">
        <ele>54.4</ele>
      </trkpt>
      <trkpt lat="44.25855" lon="4.64777">
        <ele>54.6</ele>
      </trkpt>
      <trkpt lat="44.2585" lon="4.64777">
        <ele>54.7</ele>
      </trkpt>
      <trkpt lat="44.25842" lon="4.64781">
        <ele>54.8</ele>
      </trkpt>
      <trkpt lat="44.25828" lon="4.64786">
        <ele>55.1</ele>
      </trkpt>
      <trkpt lat="44.25817" lon="4.64787">
        <ele>55.4</ele>
      </trkpt>
      <trkpt lat="44.25813" lon="4.64791">
        <ele>55.5</ele>
      </trkpt>
      <trkpt lat="44.25802" lon="4.64787">
        <ele>55.8</ele>
      </trkpt>
      <trkpt lat="44.25783" lon="4.64782">
        <ele>56.3</ele>
      </trkpt>
      <trkpt lat="44.25729" lon="4.6477">
        <ele>57.4</ele>
      </trkpt>
      <trkpt lat="44.25663" lon="4.64758">
        <ele>57.0</ele>
      </trkpt>
      <trkpt lat="44.25641" lon="4.64756">
        <ele>57.0</ele>
      </trkpt>
      <trkpt lat="44.25616" lon="4.64758">
        <ele>57.1</ele>
      </trkpt>
      <trkpt lat="44.25569" lon="4.64766">
        <ele>57.3</ele>
      </trkpt>
      <trkpt lat="44.25524" lon="4.64779">
        <ele>57.8</ele>
      </trkpt>
      <trkpt lat="44.25486" lon="4.64793">
        <ele>57.8</ele>
      </trkpt>
      <trkpt lat="44.25477" lon="4.64797">
        <ele>57.6</ele>
      </trkpt>
      <trkpt lat="44.25467" lon="4.64804">
        <ele>57.5</ele>
      </trkpt>
      <trkpt lat="44.25456" lon="4.64812">
        <ele>57.3</ele>
      </trkpt>
      <trkpt lat="44.25452" lon="4.64832">
        <ele>57.4</ele>
      </trkpt>
      <trkpt lat="44.25438" lon="4.64923">
        <ele>56.7</ele>
      </trkpt>
      <trkpt lat="44.25424" lon="4.65015">
        <ele>54.7</ele>
      </trkpt>
      <trkpt lat="44.25421" lon="4.65034">
        <ele>53.6</ele>
      </trkpt>
      <trkpt lat="44.25419" lon="4.65045">
        <ele>53.0</ele>
      </trkpt>
      <trkpt lat="44.2542" lon="4.65052">
        <ele>52.8</ele>
      </trkpt>
      <trkpt lat="44.25368" lon="4.6504">
        <ele>51.0</ele>
      </trkpt>
      <trkpt lat="44.25331" lon="4.65029">
        <ele>50.2</ele>
      </trkpt>
      <trkpt lat="44.25256" lon="4.64991">
        <ele>49.6</ele>
      </trkpt>
      <trkpt lat="44.25242" lon="4.64982">
        <ele>49.4</ele>
      </trkpt>
      <trkpt lat="44.25185" lon="4.64955">
        <ele>47.6</ele>
      </trkpt>
      <trkpt lat="44.25179" lon="4.64953">
        <ele>47.5</ele>
      </trkpt>
      <trkpt lat="44.25171" lon="4.64954">
        <ele>47.0</ele>
      </trkpt>
      <trkpt lat="44.25168" lon="4.64948">
        <ele>47.2</ele>
      </trkpt>
      <trkpt lat="44.25163" lon="4.64943">
        <ele>47.3</ele>
      </trkpt>
      <trkpt lat="44.2514" lon="4.6493">
        <ele>47.2</ele>
      </trkpt>
      <trkpt lat="44.25126" lon="4.64924">
        <ele>47.0</ele>
      </trkpt>
      <trkpt lat="44.25088" lon="4.64913">
        <ele>46.4</ele>
      </trkpt>
      <trkpt lat="44.25014" lon="4.64896">
        <ele>47.7</ele>
      </trkpt>
      <trkpt lat="44.24955" lon="4.64892">
        <ele>44.6</ele>
      </trkpt>
      <trkpt lat="44.24895" lon="4.64874">
        <ele>42.3</ele>
      </trkpt>
      <trkpt lat="44.24851" lon="4.64856">
        <ele>42.0</ele>
      </trkpt>
      <trkpt lat="44.24775" lon="4.64824">
        <ele>42.9</ele>
      </trkpt>
      <trkpt lat="44.24723" lon="4.64791">
        <ele>43.6</ele>
      </trkpt>
      <trkpt lat="44.24692" lon="4.64768">
        <ele>43.8</ele>
      </trkpt>
      <trkpt lat="44.24655" lon="4.64735">
        <ele>44.8</ele>
      </trkpt>
      <trkpt lat="44.24626" lon="4.64705">
        <ele>46.0</ele>
      </trkpt>
      <trkpt lat="44.24619" lon="4.64702">
        <ele>45.9</ele>
      </trkpt>
      <trkpt lat="44.2458" lon="4.64682">
        <ele>46.0</ele>
      </trkpt>
      <trkpt lat="44.24536" lon="4.64656">
        <ele>45.7</ele>
      </trkpt>
      <trkpt lat="44.24493" lon="4.6463">
        <ele>45.5</ele>
      </trkpt>
      <trkpt lat="44.24482" lon="4.64625">
        <ele>45.3</ele>
      </trkpt>
      <trkpt lat="44.24433" lon="4.64609">
        <ele>44.3</ele>
      </trkpt>
      <trkpt lat="44.24394" lon="4.64593">
        <ele>43.8</ele>
      </trkpt>
      <trkpt lat="44.24344" lon="4.6457">
        <ele>42.9</ele>
      </trkpt>
      <trkpt lat="44.2432" lon="4.64566">
        <ele>42.7</ele>
      </trkpt>
      <trkpt lat="44.2431" lon="4.64566">
        <ele>42.5</ele>
      </trkpt>
      <trkpt lat="44.24277" lon="4.64575">
        <ele>41.7</ele>
      </trkpt>
      <trkpt lat="44.2422" lon="4.64591">
        <ele>41.7</ele>
      </trkpt>
      <trkpt lat="44.24208" lon="4.64591">
        <ele>42.0</ele>
      </trkpt>
      <trkpt lat="44.2419" lon="4.64587">
        <ele>42.4</ele>
      </trkpt>
      <trkpt lat="44.24183" lon="4.64586">
        <ele>42.6</ele>
      </trkpt>
      <trkpt lat="44.24167" lon="4.6459">
        <ele>43.0</ele>
      </trkpt>
      <trkpt lat="44.24143" lon="4.64606">
        <ele>42.4</ele>
      </trkpt>
      <trkpt lat="44.24121" lon="4.64635">
        <ele>41.9</ele>
      </trkpt>
      <trkpt lat="44.24097" lon="4.64615">
        <ele>41.3</ele>
      </trkpt>
      <trkpt lat="44.24089" lon="4.64606">
        <ele>41.1</ele>
      </trkpt>
      <trkpt lat="44.24084" lon="4.64593">
        <ele>41.0</ele>
      </trkpt>
      <trkpt lat="44.24066" lon="4.64539">
        <ele>42.0</ele>
      </trkpt>
      <trkpt lat="44.24044" lon="4.64551">
        <ele>41.5</ele>
      </trkpt>
      <trkpt lat="44.24037" lon="4.64553">
        <ele>41.4</ele>
      </trkpt>
      <trkpt lat="44.24025" lon="4.64552">
        <ele>41.3</ele>
      </trkpt>
      <trkpt lat="44.24011" lon="4.64542">
        <ele>41.5</ele>
      </trkpt>
      <trkpt lat="44.23981" lon="4.64516">
        <ele>42.6</ele>
      </trkpt>
      <trkpt lat="44.23972" lon="4.64513">
        <ele>42.8</ele>
      </trkpt>
      <trkpt lat="44.23937" lon="4.64505">
        <ele>43.5</ele>
      </trkpt>
      <trkpt lat="44.23904" lon="4.645">
        <ele>43.7</ele>
      </trkpt>
      <trkpt lat="44.23882" lon="4.64493">
        <ele>43.6</ele>
      </trkpt>
      <trkpt lat="44.23872" lon="4.64491">
        <ele>43.5</ele>
      </trkpt>
      <trkpt lat="44.2383" lon="4.64485">
        <ele>43.3</ele>
      </trkpt>
      <trkpt lat="44.23771" lon="4.64484">
        <ele>44.4</ele>
      </trkpt>
      <trkpt lat="44.23744" lon="4.64482">
        <ele>44.9</ele>
      </trkpt>
      <trkpt lat="44.23713" lon="4.64479">
        <ele>45.2</ele>
      </trkpt>
      <trkpt lat="44.23672" lon="4.64471">
        <ele>45.8</ele>
      </trkpt>
      <trkpt lat="44.23652" lon="4.64471">
        <ele>46.0</ele>
      </trkpt>
      <trkpt lat="44.23632" lon="4.64473">
        <ele>46.1</ele>
      </trkpt>
      <trkpt lat="44.23613" lon="4.64476">
        <ele>45.9</ele>
      </trkpt>
      <trkpt lat="44.2357" lon="4.64482">
        <ele>45.8</ele>
      </trkpt>
      <trkpt lat="44.23553" lon="4.64485">
        <ele>45.5</ele>
      </trkpt>
      <trkpt lat="44.23528" lon="4.64495">
        <ele>44.6</ele>
      </trkpt>
      <trkpt lat="44.23503" lon="4.64506">
        <ele>43.7</ele>
      </trkpt>
      <trkpt lat="44.23484" lon="4.64511">
        <ele>44.1</ele>
      </trkpt>
      <trkpt lat="44.23449" lon="4.64518">
        <ele>45.2</ele>
      </trkpt>
      <trkpt lat="44.23364" lon="4.64528">
        <ele>47.7</ele>
      </trkpt>
      <trkpt lat="44.23303" lon="4.64536">
        <ele>47.5</ele>
      </trkpt>
      <trkpt lat="44.23274" lon="4.64537">
        <ele>47.0</ele>
      </trkpt>
      <trkpt lat="44.23263" lon="4.64535">
        <ele>46.9</ele>
      </trkpt>
      <trkpt lat="44.23249" lon="4.64528">
        <ele>47.0</ele>
      </trkpt>
      <trkpt lat="44.23226" lon="4.64513">
        <ele>47.6</ele>
      </trkpt>
      <trkpt lat="44.2322" lon="4.6451">
        <ele>47.7</ele>
      </trkpt>
      <trkpt lat="44.23214" lon="4.6451">
        <ele>47.7</ele>
      </trkpt>
      <trkpt lat="44.23208" lon="4.64512">
        <ele>47.7</ele>
      </trkpt>
      <trkpt lat="44.2318" lon="4.64528">
        <ele>47.6</ele>
      </trkpt>
      <trkpt lat="44.2317" lon="4.64535">
        <ele>47.6</ele>
      </trkpt>
      <trkpt lat="44.23144" lon="4.64544">
        <ele>47.7</ele>
      </trkpt>
      <trkpt lat="44.23083" lon="4.64554">
        <ele>47.8</ele>
      </trkpt>
      <trkpt lat="44.23044" lon="4.6456">
        <ele>47.6</ele>
      </trkpt>
      <trkpt lat="44.22987" lon="4.64575">
        <ele>46.4</ele>
      </trkpt>
      <trkpt lat="44.22946" lon="4.64583">
        <ele>47.0</ele>
      </trkpt>
      <trkpt lat="44.22897" lon="4.64597">
        <ele>47.6</ele>
      </trkpt>
      <trkpt lat="44.22876" lon="4.64598">
        <ele>47.8</ele>
      </trkpt>
      <trkpt lat="44.22852" lon="4.64603">
        <ele>47.7</ele>
      </trkpt>
      <trkpt lat="44.22832" lon="4.64609">
        <ele>47.2</ele>
      </trkpt>
      <trkpt lat="44.22791" lon="4.64628">
        <ele>45.5</ele>
      </trkpt>
      <trkpt lat="44.22732" lon="4.64658">
        <ele>44.4</ele>
      </trkpt>
      <trkpt lat="44.22717" lon="4.64663">
        <ele>45.1</ele>
      </trkpt>
      <trkpt lat="44.22683" lon="4.6468">
        <ele>46.3</ele>
      </trkpt>
      <trkpt lat="44.22647" lon="4.64701">
        <ele>46.2</ele>
      </trkpt>
      <trkpt lat="44.22627" lon="4.64715">
        <ele>46.0</ele>
      </trkpt>
      <trkpt lat="44.22582" lon="4.64747">
        <ele>44.6</ele>
      </trkpt>
      <trkpt lat="44.22556" lon="4.64763">
        <ele>45.2</ele>
      </trkpt>
      <trkpt lat="44.22519" lon="4.64784">
        <ele>45.8</ele>
      </trkpt>
      <trkpt lat="44.22463" lon="4.64839">
        <ele>42.6</ele>
      </trkpt>
      <trkpt lat="44.22441" lon="4.64857">
        <ele>43.1</ele>
      </trkpt>
      <trkpt lat="44.22431" lon="4.64867">
        <ele>43.1</ele>
      </trkpt>
      <trkpt lat="44.22423" lon="4.64865">
        <ele>43.6</ele>
      </trkpt>
      <trkpt lat="44.22387" lon="4.64855">
        <ele>47.7</ele>
      </trkpt>
      <trkpt lat="44.22377" lon="4.64851">
        <ele>48.9</ele>
      </trkpt>
      <trkpt lat="44.22342" lon="4.64841">
        <ele>53.0</ele>
      </trkpt>
      <trkpt lat="44.22326" lon="4.6484">
        <ele>54.2</ele>
      </trkpt>
      <trkpt lat="44.22313" lon="4.64841">
        <ele>54.6</ele>
      </trkpt>
      <trkpt lat="44.22266" lon="4.64852">
        <ele>56.2</ele>
      </trkpt>
      <trkpt lat="44.22257" lon="4.64852">
        <ele>56.5</ele>
      </trkpt>
      <trkpt lat="44.22246" lon="4.6485">
        <ele>57.1</ele>
      </trkpt>
      <trkpt lat="44.22234" lon="4.64845">
        <ele>58.1</ele>
      </trkpt>
      <trkpt lat="44.22209" lon="4.64832">
        <ele>60.5</ele>
      </trkpt>
      <trkpt lat="44.22172" lon="4.64819">
        <ele>63.4</ele>
      </trkpt>
      <trkpt lat="44.2216" lon="4.64816">
        <ele>64.2</ele>
      </trkpt>
      <trkpt lat="44.22151" lon="4.64816">
        <ele>64.6</ele>
      </trkpt>
      <trkpt lat="44.22142" lon="4.64817">
        <ele>65.1</ele>
      </trkpt>
      <trkpt lat="44.22136" lon="4.6482">
        <ele>65.4</ele>
      </trkpt>
      <trkpt lat="44.22128" lon="4.64828">
        <ele>65.8</ele>
      </trkpt>
      <trkpt lat="44.22118" lon="4.6484">
        <ele>66.1</ele>
      </trkpt>
      <trkpt lat="44.22101" lon="4.64862">
        <ele>66.5</ele>
      </trkpt>
      <trkpt lat="44.22092" lon="4.64872">
        <ele>66.9</ele>
      </trkpt>
      <trkpt lat="44.22082" lon="4.64879">
        <ele>67.5</ele>
      </trkpt>
      <trkpt lat="44.22055" lon="4.64891">
        <ele>68.6</ele>
      </trkpt>
      <trkpt lat="44.22044" lon="4.649">
        <ele>69.0</ele>
      </trkpt>
      <trkpt lat="44.22033" lon="4.64911">
        <ele>69.4</ele>
      </trkpt>
      <trkpt lat="44.22023" lon="4.64926">
        <ele>69.5</ele>
      </trkpt>
      <trkpt lat="44.22012" lon="4.64946">
        <ele>69.2</ele>
      </trkpt>
      <trkpt lat="44.22005" lon="4.64962">
        <ele>68.7</ele>
      </trkpt>
      <trkpt lat="44.21998" lon="4.64983">
        <ele>68.0</ele>
      </trkpt>
      <trkpt lat="44.21988" lon="4.65001">
        <ele>68.3</ele>
      </trkpt>
      <trkpt lat="44.21958" lon="4.65035">
        <ele>69.6</ele>
      </trkpt>
      <trkpt lat="44.21914" lon="4.65084">
        <ele>69.3</ele>
      </trkpt>
      <trkpt lat="44.21869" lon="4.65133">
        <ele>69.9</ele>
      </trkpt>
      <trkpt lat="44.21839" lon="4.65163">
        <ele>69.1</ele>
      </trkpt>
      <trkpt lat="44.21819" lon="4.65175">
        <ele>70.5</ele>
      </trkpt>
      <trkpt lat="44.21766" lon="4.65199">
        <ele>76.1</ele>
      </trkpt>
      <trkpt lat="44.21713" lon="4.65224">
        <ele>78.9</ele>
      </trkpt>
      <trkpt lat="44.21682" lon="4.65233">
        <ele>80.2</ele>
      </trkpt>
      <trkpt lat="44.21629" lon="4.65255">
        <ele>81.1</ele>
      </trkpt>
      <trkpt lat="44.21621" lon="4.65256">
        <ele>81.6</ele>
      </trkpt>
      <trkpt lat="44.21606" lon="4.65257">
        <ele>82.5</ele>
      </trkpt>
      <trkpt lat="44.21564" lon="4.65263">
        <ele>85.4</ele>
      </trkpt>
      <trkpt lat="44.21541" lon="4.65265">
        <ele>86.7</ele>
      </trkpt>
      <trkpt lat="44.21495" lon="4.65271">
        <ele>90.0</ele>
      </trkpt>
      <trkpt lat="44.21417" lon="4.65272">
        <ele>93.4</ele>
      </trkpt>
      <trkpt lat="44.21393" lon="4.65266">
        <ele>94.9</ele>
      </trkpt>
      <trkpt lat="44.21371" lon="4.65259">
        <ele>96.2</ele>
      </trkpt>
      <trkpt lat="44.21354" lon="4.65256">
        <ele>97.6</ele>
      </trkpt>
      <trkpt lat="44.21344" lon="4.6525">
        <ele>97.9</ele>
      </trkpt>
      <trkpt lat="44.21332" lon="4.65239">
        <ele>99.5</ele>
      </trkpt>
      <trkpt lat="44.213" lon="4.65196">
        <ele>102.3</ele>
      </trkpt>
      <trkpt lat="44.21289" lon="4.65188">
        <ele>102.7</ele>
      </trkpt>
      <trkpt lat="44.21263" lon="4.65181">
        <ele>103.3</ele>
      </trkpt>
      <trkpt lat="44.21235" lon="4.65165">
        <ele>102.5</ele>
      </trkpt>
      <trkpt lat="44.21213" lon="4.65165">
        <ele>101.6</ele>
      </trkpt>
      <trkpt lat="44.21197" lon="4.65162">
        <ele>101.0</ele>
      </trkpt>
      <trkpt lat="44.21185" lon="4.65157">
        <ele>100.3</ele>
      </trkpt>
      <trkpt lat="44.21173" lon="4.6515">
        <ele>99.5</ele>
      </trkpt>
      <trkpt lat="44.21161" lon="4.65148">
        <ele>98.7</ele>
      </trkpt>
      <trkpt lat="44.21148" lon="4.65148">
        <ele>98.0</ele>
      </trkpt>
      <trkpt lat="44.21151" lon="4.65134">
        <ele>97.3</ele>
      </trkpt>
      <trkpt lat="44.21151" lon="4.65106">
        <ele>95.7</ele>
      </trkpt>
      <trkpt lat="44.2115" lon="4.65094">
        <ele>94.8</ele>
      </trkpt>
      <trkpt lat="44.21146" lon="4.65079">
        <ele>93.8</ele>
      </trkpt>
      <trkpt lat="44.21126" lon="4.65027">
        <ele>91.9</ele>
      </trkpt>
      <trkpt lat="44.21114" lon="4.65014">
        <ele>90.9</ele>
      </trkpt>
      <trkpt lat="44.21099" lon="4.65003">
        <ele>89.4</ele>
      </trkpt>
      <trkpt lat="44.21054" lon="4.64967">
        <ele>87.0</ele>
      </trkpt>
      <trkpt lat="44.21012" lon="4.64924">
        <ele>85.5</ele>
      </trkpt>
      <trkpt lat="44.20969" lon="4.64881">
        <ele>85.7</ele>
      </trkpt>
      <trkpt lat="44.20966" lon="4.64882">
        <ele>85.7</ele>
      </trkpt>
      <trkpt lat="44.2094" lon="4.64867">
        <ele>85.6</ele>
      </trkpt>
      <trkpt lat="44.20912" lon="4.64846">
        <ele>85.5</ele>
      </trkpt>
      <trkpt lat="44.2086" lon="4.64802">
        <ele>85.0</ele>
      </trkpt>
      <trkpt lat="44.20835" lon="4.64782">
        <ele>84.9</ele>
      </trkpt>
      <trkpt lat="44.20814" lon="4.64769">
        <ele>85.2</ele>
      </trkpt>
      <trkpt lat="44.20778" lon="4.64762">
        <ele>85.3</ele>
      </trkpt>
      <trkpt lat="44.20743" lon="4.64763">
        <ele>85.2</ele>
      </trkpt>
      <trkpt lat="44.20716" lon="4.64757">
        <ele>85.6</ele>
      </trkpt>
      <trkpt lat="44.207" lon="4.6475">
        <ele>86.0</ele>
      </trkpt>
      <trkpt lat="44.20681" lon="4.64752">
        <ele>85.9</ele>
      </trkpt>
      <trkpt lat="44.20637" lon="4.64751">
        <ele>84.9</ele>
      </trkpt>
      <trkpt lat="44.20574" lon="4.64734">
        <ele>83.5</ele>
      </trkpt>
      <trkpt lat="44.20531" lon="4.64705">
        <ele>84.7</ele>
      </trkpt>
      <trkpt lat="44.20503" lon="4.64678">
        <ele>85.7</ele>
      </trkpt>
      <trkpt lat="44.20492" lon="4.64671">
        <ele>86.0</ele>
      </trkpt>
      <trkpt lat="44.20464" lon="4.64656">
        <ele>86.5</ele>
      </trkpt>
      <trkpt lat="44.20423" lon="4.64635">
        <ele>86.6</ele>
      </trkpt>
      <trkpt lat="44.20421" lon="4.64633">
        <ele>86.6</ele>
      </trkpt>
      <trkpt lat="44.20406" lon="4.64631">
        <ele>86.6</ele>
      </trkpt>
      <trkpt lat="44.20392" lon="4.64633">
        <ele>86.7</ele>
      </trkpt>
      <trkpt lat="44.2037" lon="4.64642">
        <ele>86.9</ele>
      </trkpt>
      <trkpt lat="44.20352" lon="4.6465">
        <ele>87.3</ele>
      </trkpt>
      <trkpt lat="44.20327" lon="4.64657">
        <ele>87.6</ele>
      </trkpt>
      <trkpt lat="44.20302" lon="4.6466">
        <ele>87.4</ele>
      </trkpt>
      <trkpt lat="44.20259" lon="4.6466">
        <ele>87.0</ele>
      </trkpt>
      <trkpt lat="44.20244" lon="4.64658">
        <ele>86.9</ele>
      </trkpt>
      <trkpt lat="44.20215" lon="4.64648">
        <ele>86.7</ele>
      </trkpt>
      <trkpt lat="44.20155" lon="4.64643">
        <ele>86.0</ele>
      </trkpt>
      <trkpt lat="44.20139" lon="4.64644">
        <ele>84.9</ele>
      </trkpt>
      <trkpt lat="44.20103" lon="4.64655">
        <ele>81.9</ele>
      </trkpt>
      <trkpt lat="44.20044" lon="4.64664">
        <ele>76.8</ele>
      </trkpt>
      <trkpt lat="44.20032" lon="4.64665">
        <ele>75.8</ele>
      </trkpt>
      <trkpt lat="44.20028" lon="4.64663">
        <ele>75.5</ele>
      </trkpt>
      <trkpt lat="44.20012" lon="4.64639">
        <ele>75.0</ele>
      </trkpt>
      <trkpt lat="44.20003" lon="4.64665">
        <ele>73.3</ele>
      </trkpt>
      <trkpt lat="44.19995" lon="4.64692">
        <ele>73.4</ele>
      </trkpt>
      <trkpt lat="44.19983" lon="4.64734">
        <ele>74.2</ele>
      </trkpt>
      <trkpt lat="44.1998" lon="4.64732">
        <ele>74.3</ele>
      </trkpt>
      <trkpt lat="44.19967" lon="4.64731">
        <ele>74.6</ele>
      </trkpt>
      <trkpt lat="44.1995" lon="4.64723">
        <ele>74.9</ele>
      </trkpt>
      <trkpt lat="44.19939" lon="4.64721">
        <ele>75.1</ele>
      </trkpt>
      <trkpt lat="44.199" lon="4.64719">
        <ele>75.1</ele>
      </trkpt>
      <trkpt lat="44.19835" lon="4.64711">
        <ele>73.0</ele>
      </trkpt>
      <trkpt lat="44.19821" lon="4.6471">
        <ele>73.2</ele>
      </trkpt>
      <trkpt lat="44.19811" lon="4.64711">
        <ele>73.3</ele>
      </trkpt>
      <trkpt lat="44.19775" lon="4.6472">
        <ele>73.7</ele>
      </trkpt>
      <trkpt lat="44.19765" lon="4.64721">
        <ele>73.8</ele>
      </trkpt>
      <trkpt lat="44.19722" lon="4.64716">
        <ele>75.3</ele>
      </trkpt>
      <trkpt lat="44.19671" lon="4.64706">
        <ele>77.9</ele>
      </trkpt>
      <trkpt lat="44.19636" lon="4.64705">
        <ele>78.6</ele>
      </trkpt>
      <trkpt lat="44.19614" lon="4.64709">
        <ele>78.9</ele>
      </trkpt>
      <trkpt lat="44.19583" lon="4.64716">
        <ele>79.6</ele>
      </trkpt>
      <trkpt lat="44.19571" lon="4.64723">
        <ele>79.6</ele>
      </trkpt>
      <trkpt lat="44.19562" lon="4.64731">
        <ele>79.6</ele>
      </trkpt>
      <trkpt lat="44.19543" lon="4.64744">
        <ele>79.5</ele>
      </trkpt>
      <trkpt lat="44.19538" lon="4.64743">
        <ele>79.4</ele>
      </trkpt>
      <trkpt lat="44.19532" lon="4.64738">
        <ele>79.3</ele>
      </trkpt>
      <trkpt lat="44.19524" lon="4.64732">
        <ele>79.2</ele>
      </trkpt>
      <trkpt lat="44.19483" lon="4.64688">
        <ele>79.4</ele>
      </trkpt>
      <trkpt lat="44.19443" lon="4.64644">
        <ele>78.3</ele>
      </trkpt>
      <trkpt lat="44.19418" lon="4.64615">
        <ele>76.9</ele>
      </trkpt>
      <trkpt lat="44.19406" lon="4.646">
        <ele>76.6</ele>
      </trkpt>
      <trkpt lat="44.19362" lon="4.64533">
        <ele>74.2</ele>
      </trkpt>
      <trkpt lat="44.19318" lon="4.64462">
        <ele>71.6</ele>
      </trkpt>
      <trkpt lat="44.19273" lon="4.64392">
        <ele>70.4</ele>
      </trkpt>
      <trkpt lat="44.19252" lon="4.64373">
        <ele>70.3</ele>
      </trkpt>
      <trkpt lat="44.19194" lon="4.64324">
        <ele>71.1</ele>
      </trkpt>
      <trkpt lat="44.19182" lon="4.64309">
        <ele>71.1</ele>
      </trkpt>
      <trkpt lat="44.19175" lon="4.64297">
        <ele>70.9</ele>
      </trkpt>
      <trkpt lat="44.19149" lon="4.64229">
        <ele>69.1</ele>
      </trkpt>
      <trkpt lat="44.19122" lon="4.64162">
        <ele>68.6</ele>
      </trkpt>
      <trkpt lat="44.19101" lon="4.64106">
        <ele>68.9</ele>
      </trkpt>
      <trkpt lat="44.19079" lon="4.64049">
        <ele>70.3</ele>
      </trkpt>
      <trkpt lat="44.19076" lon="4.64037">
        <ele>70.7</ele>
      </trkpt>
      <trkpt lat="44.19073" lon="4.64023">
        <ele>71.2</ele>
      </trkpt>
      <trkpt lat="44.19061" lon="4.63922">
        <ele>72.9</ele>
      </trkpt>
      <trkpt lat="44.1905" lon="4.6382">
        <ele>75.2</ele>
      </trkpt>
      <trkpt lat="44.19049" lon="4.63808">
        <ele>75.6</ele>
      </trkpt>
      <trkpt lat="44.19049" lon="4.63796">
        <ele>76.0</ele>
      </trkpt>
      <trkpt lat="44.19052" lon="4.63761">
        <ele>77.2</ele>
      </trkpt>
      <trkpt lat="44.18985" lon="4.63732">
        <ele>77.6</ele>
      </trkpt>
      <trkpt lat="44.18919" lon="4.63704">
        <ele>79.8</ele>
      </trkpt>
      <trkpt lat="44.18898" lon="4.63697">
        <ele>80.0</ele>
      </trkpt>
      <trkpt lat="44.18886" lon="4.63696">
        <ele>80.2</ele>
      </trkpt>
      <trkpt lat="44.18873" lon="4.63697">
        <ele>80.4</ele>
      </trkpt>
      <trkpt lat="44.18868" lon="4.63698">
        <ele>80.5</ele>
      </trkpt>
      <trkpt lat="44.18859" lon="4.63702">
        <ele>80.6</ele>
      </trkpt>
      <trkpt lat="44.1885" lon="4.63706">
        <ele>80.8</ele>
      </trkpt>
      <trkpt lat="44.18826" lon="4.63724">
        <ele>81.3</ele>
      </trkpt>
      <trkpt lat="44.1882" lon="4.63727">
        <ele>81.6</ele>
      </trkpt>
      <trkpt lat="44.1881" lon="4.63729">
        <ele>81.9</ele>
      </trkpt>
      <trkpt lat="44.18798" lon="4.63735">
        <ele>82.3</ele>
      </trkpt>
      <trkpt lat="44.18783" lon="4.63743">
        <ele>82.5</ele>
      </trkpt>
      <trkpt lat="44.18766" lon="4.6375">
        <ele>82.6</ele>
      </trkpt>
      <trkpt lat="44.18755" lon="4.63754">
        <ele>82.6</ele>
      </trkpt>
      <trkpt lat="44.18734" lon="4.63757">
        <ele>83.4</ele>
      </trkpt>
      <trkpt lat="44.18721" lon="4.63757">
        <ele>84.0</ele>
      </trkpt>
      <trkpt lat="44.18666" lon="4.63753">
        <ele>86.9</ele>
      </trkpt>
      <trkpt lat="44.18647" lon="4.63751">
        <ele>87.7</ele>
      </trkpt>
      <trkpt lat="44.18631" lon="4.63746">
        <ele>88.6</ele>
      </trkpt>
      <trkpt lat="44.1862" lon="4.63747">
        <ele>89.0</ele>
      </trkpt>
      <trkpt lat="44.18603" lon="4.63749">
        <ele>89.4</ele>
      </trkpt>
      <trkpt lat="44.18581" lon="4.63749">
        <ele>90.3</ele>
      </trkpt>
      <trkpt lat="44.18569" lon="4.63745">
        <ele>91.2</ele>
      </trkpt>
      <trkpt lat="44.1856" lon="4.6374">
        <ele>92.1</ele>
      </trkpt>
      <trkpt lat="44.18536" lon="4.63731">
        <ele>93.8</ele>
      </trkpt>
      <trkpt lat="44.18527" lon="4.63727">
        <ele>94.3</ele>
      </trkpt>
      <trkpt lat="44.18503" lon="4.63701">
        <ele>95.6</ele>
      </trkpt>
      <trkpt lat="44.1847" lon="4.63669">
        <ele>96.1</ele>
      </trkpt>
      <trkpt lat="44.18393" lon="4.63607">
        <ele>93.5</ele>
      </trkpt>
      <trkpt lat="44.1837" lon="4.6358">
        <ele>92.4</ele>
      </trkpt>
      <trkpt lat="44.18357" lon="4.63558">
        <ele>92.3</ele>
      </trkpt>
      <trkpt lat="44.1835" lon="4.63543">
        <ele>92.4</ele>
      </trkpt>
      <trkpt lat="44.18333" lon="4.63519">
        <ele>92.5</ele>
      </trkpt>
      <trkpt lat="44.18316" lon="4.635">
        <ele>92.6</ele>
      </trkpt>
      <trkpt lat="44.18305" lon="4.63485">
        <ele>92.5</ele>
      </trkpt>
      <trkpt lat="44.18298" lon="4.63473">
        <ele>92.6</ele>
      </trkpt>
      <trkpt lat="44.18283" lon="4.63443">
        <ele>93.0</ele>
      </trkpt>
      <trkpt lat="44.18277" lon="4.63432">
        <ele>93.3</ele>
      </trkpt>
      <trkpt lat="44.18249" lon="4.63392">
        <ele>94.9</ele>
      </trkpt>
      <trkpt lat="44.18237" lon="4.63371">
        <ele>95.6</ele>
      </trkpt>
      <trkpt lat="44.18193" lon="4.63314">
        <ele>97.6</ele>
      </trkpt>
      <trkpt lat="44.1818" lon="4.63299">
        <ele>97.9</ele>
      </trkpt>
      <trkpt lat="44.18167" lon="4.63288">
        <ele>98.1</ele>
      </trkpt>
      <trkpt lat="44.18156" lon="4.63282">
        <ele>98.0</ele>
      </trkpt>
      <trkpt lat="44.18139" lon="4.63276">
        <ele>97.6</ele>
      </trkpt>
      <trkpt lat="44.18106" lon="4.63256">
        <ele>95.6</ele>
      </trkpt>
      <trkpt lat="44.18076" lon="4.63244">
        <ele>93.9</ele>
      </trkpt>
      <trkpt lat="44.18045" lon="4.63224">
        <ele>92.5</ele>
      </trkpt>
      <trkpt lat="44.18035" lon="4.6322">
        <ele>91.8</ele>
      </trkpt>
      <trkpt lat="44.1801" lon="4.63217">
        <ele>89.4</ele>
      </trkpt>
      <trkpt lat="44.17995" lon="4.63213">
        <ele>87.7</ele>
      </trkpt>
      <trkpt lat="44.17988" lon="4.63208">
        <ele>86.7</ele>
      </trkpt>
      <trkpt lat="44.17971" lon="4.63194">
        <ele>84.3</ele>
      </trkpt>
      <trkpt lat="44.17955" lon="4.63177">
        <ele>82.2</ele>
      </trkpt>
      <trkpt lat="44.17947" lon="4.63167">
        <ele>81.2</ele>
      </trkpt>
      <trkpt lat="44.17931" lon="4.63144">
        <ele>79.7</ele>
      </trkpt>
      <trkpt lat="44.17924" lon="4.63132">
        <ele>79.0</ele>
      </trkpt>
      <trkpt lat="44.17906" lon="4.63105">
        <ele>76.6</ele>
      </trkpt>
      <trkpt lat="44.179" lon="4.63096">
        <ele>75.6</ele>
      </trkpt>
      <trkpt lat="44.17881" lon="4.63077">
        <ele>72.1</ele>
      </trkpt>
      <trkpt lat="44.17872" lon="4.63072">
        <ele>70.2</ele>
      </trkpt>
      <trkpt lat="44.17865" lon="4.63066">
        <ele>68.7</ele>
      </trkpt>
      <trkpt lat="44.17862" lon="4.63061">
        <ele>68.2</ele>
      </trkpt>
      <trkpt lat="44.17859" lon="4.63053">
        <ele>67.5</ele>
      </trkpt>
      <trkpt lat="44.17842" lon="4.63">
        <ele>64.4</ele>
      </trkpt>
      <trkpt lat="44.17839" lon="4.62978">
        <ele>64.3</ele>
      </trkpt>
      <trkpt lat="44.17837" lon="4.62973">
        <ele>64.1</ele>
      </trkpt>
      <trkpt lat="44.17829" lon="4.62959">
        <ele>62.9</ele>
      </trkpt>
      <trkpt lat="44.17826" lon="4.62955">
        <ele>62.5</ele>
      </trkpt>
      <trkpt lat="44.17807" lon="4.62937">
        <ele>60.1</ele>
      </trkpt>
      <trkpt lat="44.17796" lon="4.62928">
        <ele>58.4</ele>
      </trkpt>
      <trkpt lat="44.17791" lon="4.62925">
        <ele>57.7</ele>
      </trkpt>
      <trkpt lat="44.17786" lon="4.62924">
        <ele>57.0</ele>
      </trkpt>
      <trkpt lat="44.17776" lon="4.62924">
        <ele>55.2</ele>
      </trkpt>
      <trkpt lat="44.17772" lon="4.62924">
        <ele>54.6</ele>
      </trkpt>
      <trkpt lat="44.17767" lon="4.62928">
        <ele>53.7</ele>
      </trkpt>
      <trkpt lat="44.1776" lon="4.62917">
        <ele>52.7</ele>
      </trkpt>
      <trkpt lat="44.17756" lon="4.62911">
        <ele>51.9</ele>
      </trkpt>
      <trkpt lat="44.17751" lon="4.62907">
        <ele>51.1</ele>
      </trkpt>
      <trkpt lat="44.17732" lon="4.62894">
        <ele>49.6</ele>
      </trkpt>
      <trkpt lat="44.17698" lon="4.62874">
        <ele>47.7</ele>
      </trkpt>
      <trkpt lat="44.17668" lon="4.62854">
        <ele>46.6</ele>
      </trkpt>
      <trkpt lat="44.17644" lon="4.62832">
        <ele>45.9</ele>
      </trkpt>
      <trkpt lat="44.17619" lon="4.62805">
        <ele>44.4</ele>
      </trkpt>
      <trkpt lat="44.17607" lon="4.62788">
        <ele>43.6</ele>
      </trkpt>
      <trkpt lat="44.17596" lon="4.62764">
        <ele>42.8</ele>
      </trkpt>
      <trkpt lat="44.17591" lon="4.6275">
        <ele>42.3</ele>
      </trkpt>
      <trkpt lat="44.17584" lon="4.62724">
        <ele>43.0</ele>
      </trkpt>
      <trkpt lat="44.1758" lon="4.62694">
        <ele>44.1</ele>
      </trkpt>
      <trkpt lat="44.17579" lon="4.62676">
        <ele>44.8</ele>
      </trkpt>
      <trkpt lat="44.17579" lon="4.62643">
        <ele>45.1</ele>
      </trkpt>
      <trkpt lat="44.17578" lon="4.62632">
        <ele>45.1</ele>
      </trkpt>
      <trkpt lat="44.17575" lon="4.62619">
        <ele>45.1</ele>
      </trkpt>
      <trkpt lat="44.17567" lon="4.6261">
        <ele>45.1</ele>
      </trkpt>
      <trkpt lat="44.17556" lon="4.62603">
        <ele>45.0</ele>
      </trkpt>
      <trkpt lat="44.17507" lon="4.62561">
        <ele>43.3</ele>
      </trkpt>
      <trkpt lat="44.17443" lon="4.62508">
        <ele>41.8</ele>
      </trkpt>
      <trkpt lat="44.17379" lon="4.62455">
        <ele>42.1</ele>
      </trkpt>
      <trkpt lat="44.17361" lon="4.62441">
        <ele>42.7</ele>
      </trkpt>
      <trkpt lat="44.17344" lon="4.62425">
        <ele>43.4</ele>
      </trkpt>
      <trkpt lat="44.17336" lon="4.62413">
        <ele>43.9</ele>
      </trkpt>
      <trkpt lat="44.17328" lon="4.62398">
        <ele>43.8</ele>
      </trkpt>
      <trkpt lat="44.17292" lon="4.62321">
        <ele>45.4</ele>
      </trkpt>
      <trkpt lat="44.17275" lon="4.62286">
        <ele>46.9</ele>
      </trkpt>
      <trkpt lat="44.1726" lon="4.62246">
        <ele>48.0</ele>
      </trkpt>
      <trkpt lat="44.17244" lon="4.62199">
        <ele>48.9</ele>
      </trkpt>
      <trkpt lat="44.17239" lon="4.62181">
        <ele>49.0</ele>
      </trkpt>
      <trkpt lat="44.17226" lon="4.62141">
        <ele>48.7</ele>
      </trkpt>
      <trkpt lat="44.17221" lon="4.6212">
        <ele>48.5</ele>
      </trkpt>
      <trkpt lat="44.17215" lon="4.62091">
        <ele>48.4</ele>
      </trkpt>
      <trkpt lat="44.17212" lon="4.62074">
        <ele>48.5</ele>
      </trkpt>
      <trkpt lat="44.17212" lon="4.62053">
        <ele>48.5</ele>
      </trkpt>
      <trkpt lat="44.17215" lon="4.62048">
        <ele>48.5</ele>
      </trkpt>
      <trkpt lat="44.17218" lon="4.62038">
        <ele>48.5</ele>
      </trkpt>
      <trkpt lat="44.17223" lon="4.62028">
        <ele>48.6</ele>
      </trkpt>
      <trkpt lat="44.17228" lon="4.62022">
        <ele>48.6</ele>
      </trkpt>
      <trkpt lat="44.1723" lon="4.62016">
        <ele>48.7</ele>
      </trkpt>
      <trkpt lat="44.17228" lon="4.62009">
        <ele>48.7</ele>
      </trkpt>
      <trkpt lat="44.17225" lon="4.62005">
        <ele>48.7</ele>
      </trkpt>
      <trkpt lat="44.17222" lon="4.62002">
        <ele>48.7</ele>
      </trkpt>
      <trkpt lat="44.17218" lon="4.62002">
        <ele>48.6</ele>
      </trkpt>
      <trkpt lat="44.17213" lon="4.62004">
        <ele>48.6</ele>
      </trkpt>
      <trkpt lat="44.1721" lon="4.62008">
        <ele>48.5</ele>
      </trkpt>
      <trkpt lat="44.172" lon="4.62009">
        <ele>48.4</ele>
      </trkpt>
      <trkpt lat="44.17194" lon="4.62008">
        <ele>48.4</ele>
      </trkpt>
      <trkpt lat="44.17167" lon="4.62007">
        <ele>48.1</ele>
      </trkpt>
      <trkpt lat="44.17132" lon="4.62007">
        <ele>47.1</ele>
      </trkpt>
      <trkpt lat="44.17091" lon="4.62005">
        <ele>46.1</ele>
      </trkpt>
      <trkpt lat="44.17055" lon="4.62001">
        <ele>44.3</ele>
      </trkpt>
      <trkpt lat="44.17043" lon="4.62">
        <ele>43.6</ele>
      </trkpt>
      <trkpt lat="44.17019" lon="4.61993">
        <ele>42.5</ele>
      </trkpt>
      <trkpt lat="44.16978" lon="4.61976">
        <ele>44.3</ele>
      </trkpt>
      <trkpt lat="44.16937" lon="4.61956">
        <ele>47.7</ele>
      </trkpt>
      <trkpt lat="44.16929" lon="4.61952">
        <ele>48.2</ele>
      </trkpt>
      <trkpt lat="44.16919" lon="4.61945">
        <ele>48.9</ele>
      </trkpt>
      <trkpt lat="44.16914" lon="4.6194">
        <ele>49.1</ele>
      </trkpt>
      <trkpt lat="44.16907" lon="4.61932">
        <ele>49.2</ele>
      </trkpt>
      <trkpt lat="44.16903" lon="4.61925">
        <ele>49.4</ele>
      </trkpt>
      <trkpt lat="44.169" lon="4.61918">
        <ele>49.6</ele>
      </trkpt>
      <trkpt lat="44.16896" lon="4.61912">
        <ele>49.5</ele>
      </trkpt>
      <trkpt lat="44.1689" lon="4.61909">
        <ele>49.4</ele>
      </trkpt>
      <trkpt lat="44.16883" lon="4.61907">
        <ele>49.3</ele>
      </trkpt>
      <trkpt lat="44.16876" lon="4.61908">
        <ele>49.1</ele>
      </trkpt>
      <trkpt lat="44.16857" lon="4.6192">
        <ele>48.5</ele>
      </trkpt>
      <trkpt lat="44.16836" lon="4.61925">
        <ele>47.8</ele>
      </trkpt>
      <trkpt lat="44.16788" lon="4.61924">
        <ele>49.5</ele>
      </trkpt>
      <trkpt lat="44.16712" lon="4.61927">
        <ele>50.9</ele>
      </trkpt>
      <trkpt lat="44.16665" lon="4.61928">
        <ele>50.9</ele>
      </trkpt>
      <trkpt lat="44.16618" lon="4.6193">
        <ele>52.1</ele>
      </trkpt>
      <trkpt lat="44.16564" lon="4.61933">
        <ele>54.3</ele>
      </trkpt>
      <trkpt lat="44.16542" lon="4.61927">
        <ele>55.9</ele>
      </trkpt>
      <trkpt lat="44.16532" lon="4.61906">
        <ele>56.6</ele>
      </trkpt>
      <trkpt lat="44.16529" lon="4.61902">
        <ele>56.8</ele>
      </trkpt>
      <trkpt lat="44.16525" lon="4.61899">
        <ele>57.0</ele>
      </trkpt>
      <trkpt lat="44.16512" lon="4.61879">
        <ele>57.4</ele>
      </trkpt>
      <trkpt lat="44.165" lon="4.61864">
        <ele>57.7</ele>
      </trkpt>
      <trkpt lat="44.16494" lon="4.61854">
        <ele>58.0</ele>
      </trkpt>
      <trkpt lat="44.16477" lon="4.61834">
        <ele>58.9</ele>
      </trkpt>
      <trkpt lat="44.16441" lon="4.61799">
        <ele>60.5</ele>
      </trkpt>
      <trkpt lat="44.16419" lon="4.61781">
        <ele>60.7</ele>
      </trkpt>
      <trkpt lat="44.16391" lon="4.61763">
        <ele>61.4</ele>
      </trkpt>
      <trkpt lat="44.16365" lon="4.61752">
        <ele>62.2</ele>
      </trkpt>
      <trkpt lat="44.16339" lon="4.61744">
        <ele>63.5</ele>
      </trkpt>
      <trkpt lat="44.1626" lon="4.61726">
        <ele>68.6</ele>
      </trkpt>
      <trkpt lat="44.16236" lon="4.61727">
        <ele>69.6</ele>
      </trkpt>
      <trkpt lat="44.16212" lon="4.61732">
        <ele>70.3</ele>
      </trkpt>
      <trkpt lat="44.16197" lon="4.61737">
        <ele>70.8</ele>
      </trkpt>
      <trkpt lat="44.16146" lon="4.61765">
        <ele>72.6</ele>
      </trkpt>
      <trkpt lat="44.16116" lon="4.61784">
        <ele>73.4</ele>
      </trkpt>
      <trkpt lat="44.16108" lon="4.61786">
        <ele>73.5</ele>
      </trkpt>
      <trkpt lat="44.16097" lon="4.61793">
        <ele>73.8</ele>
      </trkpt>
      <trkpt lat="44.16094" lon="4.61786">
        <ele>73.8</ele>
      </trkpt>
      <trkpt lat="44.16067" lon="4.61735">
        <ele>74.1</ele>
      </trkpt>
      <trkpt lat="44.16039" lon="4.61684">
        <ele>73.9</ele>
      </trkpt>
      <trkpt lat="44.16035" lon="4.61678">
        <ele>73.9</ele>
      </trkpt>
      <trkpt lat="44.16012" lon="4.61655">
        <ele>74.0</ele>
      </trkpt>
      <trkpt lat="44.15976" lon="4.61623">
        <ele>73.9</ele>
      </trkpt>
      <trkpt lat="44.15906" lon="4.61579">
        <ele>73.9</ele>
      </trkpt>
      <trkpt lat="44.15882" lon="4.61561">
        <ele>73.4</ele>
      </trkpt>
      <trkpt lat="44.15828" lon="4.61529">
        <ele>72.3</ele>
      </trkpt>
      <trkpt lat="44.15797" lon="4.61515">
        <ele>71.8</ele>
      </trkpt>
      <trkpt lat="44.15783" lon="4.61507">
        <ele>71.7</ele>
      </trkpt>
      <trkpt lat="44.15755" lon="4.61483">
        <ele>71.3</ele>
      </trkpt>
      <trkpt lat="44.15705" lon="4.6143">
        <ele>69.3</ele>
      </trkpt>
      <trkpt lat="44.15693" lon="4.61415">
        <ele>69.0</ele>
      </trkpt>
      <trkpt lat="44.1566" lon="4.6137">
        <ele>70.1</ele>
      </trkpt>
      <trkpt lat="44.1565" lon="4.61358">
        <ele>70.4</ele>
      </trkpt>
      <trkpt lat="44.1561" lon="4.61327">
        <ele>70.2</ele>
      </trkpt>
      <trkpt lat="44.1557" lon="4.61301">
        <ele>69.2</ele>
      </trkpt>
      <trkpt lat="44.15566" lon="4.61299">
        <ele>69.2</ele>
      </trkpt>
      <trkpt lat="44.15544" lon="4.61298">
        <ele>69.1</ele>
      </trkpt>
      <trkpt lat="44.15541" lon="4.61294">
        <ele>69.0</ele>
      </trkpt>
      <trkpt lat="44.15534" lon="4.61291">
        <ele>69.0</ele>
      </trkpt>
      <trkpt lat="44.15527" lon="4.61292">
        <ele>69.0</ele>
      </trkpt>
      <trkpt lat="44.15523" lon="4.61294">
        <ele>69.1</ele>
      </trkpt>
      <trkpt lat="44.1552" lon="4.61297">
        <ele>69.1</ele>
      </trkpt>
      <trkpt lat="44.15509" lon="4.61299">
        <ele>69.2</ele>
      </trkpt>
      <trkpt lat="44.15476" lon="4.61299">
        <ele>68.4</ele>
      </trkpt>
      <trkpt lat="44.15452" lon="4.61301">
        <ele>67.6</ele>
      </trkpt>
      <trkpt lat="44.15426" lon="4.61306">
        <ele>66.7</ele>
      </trkpt>
      <trkpt lat="44.15372" lon="4.61322">
        <ele>66.1</ele>
      </trkpt>
      <trkpt lat="44.15365" lon="4.61324">
        <ele>66.0</ele>
      </trkpt>
      <trkpt lat="44.15355" lon="4.61331">
        <ele>66.0</ele>
      </trkpt>
      <trkpt lat="44.15352" lon="4.61329">
        <ele>66.0</ele>
      </trkpt>
      <trkpt lat="44.15349" lon="4.6133">
        <ele>66.0</ele>
      </trkpt>
      <trkpt lat="44.15347" lon="4.61331">
        <ele>66.0</ele>
      </trkpt>
      <trkpt lat="44.15334" lon="4.6133">
        <ele>66.0</ele>
      </trkpt>
      <trkpt lat="44.15317" lon="4.61326">
        <ele>66.7</ele>
      </trkpt>
      <trkpt lat="44.15313" lon="4.61327">
        <ele>66.8</ele>
      </trkpt>
      <trkpt lat="44.15229" lon="4.61283">
        <ele>67.7</ele>
      </trkpt>
      <trkpt lat="44.15214" lon="4.61277">
        <ele>68.2</ele>
      </trkpt>
      <trkpt lat="44.15196" lon="4.61272">
        <ele>68.8</ele>
      </trkpt>
      <trkpt lat="44.15138" lon="4.61263">
        <ele>70.3</ele>
      </trkpt>
      <trkpt lat="44.1508" lon="4.61255">
        <ele>70.5</ele>
      </trkpt>
      <trkpt lat="44.15009" lon="4.61245">
        <ele>69.8</ele>
      </trkpt>
      <trkpt lat="44.14939" lon="4.61236">
        <ele>71.2</ele>
      </trkpt>
      <trkpt lat="44.14894" lon="4.61229">
        <ele>72.5</ele>
      </trkpt>
      <trkpt lat="44.14849" lon="4.61222">
        <ele>74.2</ele>
      </trkpt>
      <trkpt lat="44.1482" lon="4.61214">
        <ele>75.5</ele>
      </trkpt>
      <trkpt lat="44.14743" lon="4.61178">
        <ele>76.5</ele>
      </trkpt>
      <trkpt lat="44.14666" lon="4.61142">
        <ele>76.1</ele>
      </trkpt>
      <trkpt lat="44.1459" lon="4.61107">
        <ele>77.0</ele>
      </trkpt>
      <trkpt lat="44.14531" lon="4.61071">
        <ele>77.6</ele>
      </trkpt>
      <trkpt lat="44.14473" lon="4.61035">
        <ele>77.8</ele>
      </trkpt>
      <trkpt lat="44.14437" lon="4.61019">
        <ele>77.9</ele>
      </trkpt>
      <trkpt lat="44.14355" lon="4.60992">
        <ele>74.6</ele>
      </trkpt>
      <trkpt lat="44.14316" lon="4.60977">
        <ele>73.7</ele>
      </trkpt>
      <trkpt lat="44.14232" lon="4.60931">
        <ele>73.9</ele>
      </trkpt>
      <trkpt lat="44.14149" lon="4.60884">
        <ele>73.4</ele>
      </trkpt>
      <trkpt lat="44.14132" lon="4.60875">
        <ele>73.5</ele>
      </trkpt>
      <trkpt lat="44.14115" lon="4.60864">
        <ele>73.6</ele>
      </trkpt>
      <trkpt lat="44.14092" lon="4.60845">
        <ele>73.9</ele>
      </trkpt>
      <trkpt lat="44.1409" lon="4.60837">
        <ele>74.0</ele>
      </trkpt>
      <trkpt lat="44.14085" lon="4.60834">
        <ele>74.0</ele>
      </trkpt>
      <trkpt lat="44.14081" lon="4.60833">
        <ele>74.0</ele>
      </trkpt>
      <trkpt lat="44.14078" lon="4.60835">
        <ele>73.9</ele>
      </trkpt>
      <trkpt lat="44.14066" lon="4.60833">
        <ele>73.8</ele>
      </trkpt>
      <trkpt lat="44.14057" lon="4.6083">
        <ele>73.7</ele>
      </trkpt>
      <trkpt lat="44.13988" lon="4.60793">
        <ele>72.3</ele>
      </trkpt>
      <trkpt lat="44.13935" lon="4.60766">
        <ele>71.8</ele>
      </trkpt>
      <trkpt lat="44.13882" lon="4.60738">
        <ele>72.1</ele>
      </trkpt>
      <trkpt lat="44.13815" lon="4.60701">
        <ele>73.1</ele>
      </trkpt>
      <trkpt lat="44.13747" lon="4.60664">
        <ele>74.1</ele>
      </trkpt>
      <trkpt lat="44.1368" lon="4.60627">
        <ele>75.9</ele>
      </trkpt>
      <trkpt lat="44.13612" lon="4.6059">
        <ele>77.0</ele>
      </trkpt>
      <trkpt lat="44.13545" lon="4.60552">
        <ele>78.0</ele>
      </trkpt>
      <trkpt lat="44.13478" lon="4.60514">
        <ele>79.7</ele>
      </trkpt>
      <trkpt lat="44.1341" lon="4.60476">
        <ele>80.4</ele>
      </trkpt>
      <trkpt lat="44.13336" lon="4.60432">
        <ele>81.3</ele>
      </trkpt>
      <trkpt lat="44.13262" lon="4.60389">
        <ele>82.4</ele>
      </trkpt>
      <trkpt lat="44.13188" lon="4.60345">
        <ele>83.3</ele>
      </trkpt>
      <trkpt lat="44.13114" lon="4.60302">
        <ele>84.2</ele>
      </trkpt>
      <trkpt lat="44.13035" lon="4.60253">
        <ele>84.1</ele>
      </trkpt>
      <trkpt lat="44.12985" lon="4.60222">
        <ele>84.6</ele>
      </trkpt>
      <trkpt lat="44.12935" lon="4.6019">
        <ele>86.4</ele>
      </trkpt>
      <trkpt lat="44.12882" lon="4.60157">
        <ele>86.8</ele>
      </trkpt>
      <trkpt lat="44.12836" lon="4.60129">
        <ele>85.9</ele>
      </trkpt>
      <trkpt lat="44.1279" lon="4.60102">
        <ele>85.7</ele>
      </trkpt>
      <trkpt lat="44.12746" lon="4.60076">
        <ele>85.7</ele>
      </trkpt>
      <trkpt lat="44.12701" lon="4.6005">
        <ele>85.8</ele>
      </trkpt>
      <trkpt lat="44.12632" lon="4.60013">
        <ele>83.4</ele>
      </trkpt>
      <trkpt lat="44.12564" lon="4.59976">
        <ele>80.5</ele>
      </trkpt>
      <trkpt lat="44.12512" lon="4.59955">
        <ele>81.3</ele>
      </trkpt>
      <trkpt lat="44.12459" lon="4.59935">
        <ele>82.5</ele>
      </trkpt>
      <trkpt lat="44.12398" lon="4.59908">
        <ele>84.4</ele>
      </trkpt>
      <trkpt lat="44.12337" lon="4.59882">
        <ele>87.6</ele>
      </trkpt>
      <trkpt lat="44.12301" lon="4.59864">
        <ele>88.6</ele>
      </trkpt>
      <trkpt lat="44.12292" lon="4.59861">
        <ele>88.6</ele>
      </trkpt>
      <trkpt lat="44.12274" lon="4.59852">
        <ele>88.6</ele>
      </trkpt>
      <trkpt lat="44.12239" lon="4.59833">
        <ele>88.5</ele>
      </trkpt>
      <trkpt lat="44.12167" lon="4.59784">
        <ele>86.8</ele>
      </trkpt>
      <trkpt lat="44.12095" lon="4.59736">
        <ele>83.2</ele>
      </trkpt>
      <trkpt lat="44.12057" lon="4.59708">
        <ele>84.4</ele>
      </trkpt>
      <trkpt lat="44.12027" lon="4.59684">
        <ele>86.0</ele>
      </trkpt>
      <trkpt lat="44.11956" lon="4.59621">
        <ele>88.9</ele>
      </trkpt>
      <trkpt lat="44.11885" lon="4.59559">
        <ele>91.0</ele>
      </trkpt>
      <trkpt lat="44.11815" lon="4.59496">
        <ele>88.9</ele>
      </trkpt>
      <trkpt lat="44.11797" lon="4.59477">
        <ele>88.4</ele>
      </trkpt>
      <trkpt lat="44.1177" lon="4.59439">
        <ele>87.0</ele>
      </trkpt>
      <trkpt lat="44.11752" lon="4.59408">
        <ele>85.5</ele>
      </trkpt>
      <trkpt lat="44.11741" lon="4.59384">
        <ele>85.8</ele>
      </trkpt>
      <trkpt lat="44.11733" lon="4.59366">
        <ele>86.2</ele>
      </trkpt>
      <trkpt lat="44.1169" lon="4.59267">
        <ele>86.9</ele>
      </trkpt>
      <trkpt lat="44.11648" lon="4.59168">
        <ele>88.4</ele>
      </trkpt>
      <trkpt lat="44.11631" lon="4.59107">
        <ele>89.3</ele>
      </trkpt>
      <trkpt lat="44.11614" lon="4.59047">
        <ele>90.3</ele>
      </trkpt>
      <trkpt lat="44.11603" lon="4.5898">
        <ele>92.0</ele>
      </trkpt>
      <trkpt lat="44.11588" lon="4.58912">
        <ele>93.9</ele>
      </trkpt>
      <trkpt lat="44.11574" lon="4.58836">
        <ele>93.9</ele>
      </trkpt>
      <trkpt lat="44.1156" lon="4.5876">
        <ele>98.5</ele>
      </trkpt>
      <trkpt lat="44.11547" lon="4.58692">
        <ele>101.3</ele>
      </trkpt>
      <trkpt lat="44.11537" lon="4.58627">
        <ele>101.4</ele>
      </trkpt>
      <trkpt lat="44.11526" lon="4.58562">
        <ele>100.2</ele>
      </trkpt>
      <trkpt lat="44.11517" lon="4.58458">
        <ele>99.8</ele>
      </trkpt>
      <trkpt lat="44.11508" lon="4.58355">
        <ele>99.5</ele>
      </trkpt>
      <trkpt lat="44.11494" lon="4.58272">
        <ele>97.9</ele>
      </trkpt>
      <trkpt lat="44.11461" lon="4.58175">
        <ele>96.3</ele>
      </trkpt>
      <trkpt lat="44.11451" lon="4.58153">
        <ele>95.6</ele>
      </trkpt>
      <trkpt lat="44.11446" lon="4.58145">
        <ele>95.4</ele>
      </trkpt>
      <trkpt lat="44.11431" lon="4.58123">
        <ele>94.5</ele>
      </trkpt>
      <trkpt lat="44.11425" lon="4.58119">
        <ele>94.2</ele>
      </trkpt>
      <trkpt lat="44.11418" lon="4.58115">
        <ele>93.8</ele>
      </trkpt>
      <trkpt lat="44.11398" lon="4.58108">
        <ele>92.4</ele>
      </trkpt>
      <trkpt lat="44.1139" lon="4.58107">
        <ele>91.8</ele>
      </trkpt>
      <trkpt lat="44.11333" lon="4.58104">
        <ele>88.0</ele>
      </trkpt>
      <trkpt lat="44.11246" lon="4.58094">
        <ele>84.1</ele>
      </trkpt>
      <trkpt lat="44.11196" lon="4.58065">
        <ele>83.6</ele>
      </trkpt>
      <trkpt lat="44.11146" lon="4.58036">
        <ele>83.4</ele>
      </trkpt>
      <trkpt lat="44.1109" lon="4.58003">
        <ele>83.1</ele>
      </trkpt>
      <trkpt lat="44.11034" lon="4.5797">
        <ele>82.2</ele>
      </trkpt>
      <trkpt lat="44.10978" lon="4.57936">
        <ele>83.9</ele>
      </trkpt>
      <trkpt lat="44.10962" lon="4.5792">
        <ele>85.7</ele>
      </trkpt>
      <trkpt lat="44.10956" lon="4.57911">
        <ele>86.4</ele>
      </trkpt>
      <trkpt lat="44.10952" lon="4.579">
        <ele>87.0</ele>
      </trkpt>
      <trkpt lat="44.10946" lon="4.57878">
        <ele>88.1</ele>
      </trkpt>
      <trkpt lat="44.1094" lon="4.5784">
        <ele>89.6</ele>
      </trkpt>
      <trkpt lat="44.10933" lon="4.57736">
        <ele>89.3</ele>
      </trkpt>
      <trkpt lat="44.10925" lon="4.57631">
        <ele>86.5</ele>
      </trkpt>
      <trkpt lat="44.10917" lon="4.57525">
        <ele>83.6</ele>
      </trkpt>
      <trkpt lat="44.10909" lon="4.57418">
        <ele>85.8</ele>
      </trkpt>
      <trkpt lat="44.10904" lon="4.57378">
        <ele>86.9</ele>
      </trkpt>
      <trkpt lat="44.10899" lon="4.5736">
        <ele>87.4</ele>
      </trkpt>
      <trkpt lat="44.1089" lon="4.57342">
        <ele>88.0</ele>
      </trkpt>
      <trkpt lat="44.10879" lon="4.57323">
        <ele>89.4</ele>
      </trkpt>
      <trkpt lat="44.10861" lon="4.57302">
        <ele>91.6</ele>
      </trkpt>
      <trkpt lat="44.10807" lon="4.57262">
        <ele>93.8</ele>
      </trkpt>
      <trkpt lat="44.10752" lon="4.57221">
        <ele>90.8</ele>
      </trkpt>
      <trkpt lat="44.10727" lon="4.57208">
        <ele>89.3</ele>
      </trkpt>
      <trkpt lat="44.10643" lon="4.57178">
        <ele>85.2</ele>
      </trkpt>
      <trkpt lat="44.10559" lon="4.57147">
        <ele>85.7</ele>
      </trkpt>
      <trkpt lat="44.10475" lon="4.57116">
        <ele>85.1</ele>
      </trkpt>
      <trkpt lat="44.10462" lon="4.57109">
        <ele>85.2</ele>
      </trkpt>
      <trkpt lat="44.10459" lon="4.57102">
        <ele>85.3</ele>
      </trkpt>
      <trkpt lat="44.10442" lon="4.57084">
        <ele>85.7</ele>
      </trkpt>
      <trkpt lat="44.10402" lon="4.57034">
        <ele>86.9</ele>
      </trkpt>
      <trkpt lat="44.10362" lon="4.56985">
        <ele>86.0</ele>
      </trkpt>
      <trkpt lat="44.10349" lon="4.56969">
        <ele>85.5</ele>
      </trkpt>
      <trkpt lat="44.10338" lon="4.56958">
        <ele>85.1</ele>
      </trkpt>
      <trkpt lat="44.10328" lon="4.56949">
        <ele>85.1</ele>
      </trkpt>
      <trkpt lat="44.10316" lon="4.5694">
        <ele>85.2</ele>
      </trkpt>
      <trkpt lat="44.10265" lon="4.56906">
        <ele>86.0</ele>
      </trkpt>
      <trkpt lat="44.10215" lon="4.56873">
        <ele>86.9</ele>
      </trkpt>
      <trkpt lat="44.10191" lon="4.56855">
        <ele>86.8</ele>
      </trkpt>
      <trkpt lat="44.10174" lon="4.56839">
        <ele>86.3</ele>
      </trkpt>
      <trkpt lat="44.10163" lon="4.56826">
        <ele>86.1</ele>
      </trkpt>
      <trkpt lat="44.10145" lon="4.56799">
        <ele>86.4</ele>
      </trkpt>
      <trkpt lat="44.10134" lon="4.5678">
        <ele>86.6</ele>
      </trkpt>
      <trkpt lat="44.10105" lon="4.56725">
        <ele>87.2</ele>
      </trkpt>
      <trkpt lat="44.10076" lon="4.5667">
        <ele>87.2</ele>
      </trkpt>
      <trkpt lat="44.10059" lon="4.56643">
        <ele>88.3</ele>
      </trkpt>
      <trkpt lat="44.1005" lon="4.56631">
        <ele>88.8</ele>
      </trkpt>
      <trkpt lat="44.10039" lon="4.56619">
        <ele>89.2</ele>
      </trkpt>
      <trkpt lat="44.10021" lon="4.56603">
        <ele>89.6</ele>
      </trkpt>
      <trkpt lat="44.09954" lon="4.56553">
        <ele>88.7</ele>
      </trkpt>
      <trkpt lat="44.09932" lon="4.56533">
        <ele>88.3</ele>
      </trkpt>
      <trkpt lat="44.09887" lon="4.56482">
        <ele>88.7</ele>
      </trkpt>
      <trkpt lat="44.09842" lon="4.56431">
        <ele>90.5</ele>
      </trkpt>
      <trkpt lat="44.09823" lon="4.56408">
        <ele>91.2</ele>
      </trkpt>
      <trkpt lat="44.09801" lon="4.56377">
        <ele>91.9</ele>
      </trkpt>
      <trkpt lat="44.0977" lon="4.56332">
        <ele>92.8</ele>
      </trkpt>
      <trkpt lat="44.09753" lon="4.56305">
        <ele>93.0</ele>
      </trkpt>
      <trkpt lat="44.09745" lon="4.56291">
        <ele>92.9</ele>
      </trkpt>
      <trkpt lat="44.09732" lon="4.56263">
        <ele>92.7</ele>
      </trkpt>
      <trkpt lat="44.09695" lon="4.56173">
        <ele>92.3</ele>
      </trkpt>
      <trkpt lat="44.09658" lon="4.56084">
        <ele>93.0</ele>
      </trkpt>
      <trkpt lat="44.09632" lon="4.56026">
        <ele>95.2</ele>
      </trkpt>
      <trkpt lat="44.09607" lon="4.55968">
        <ele>96.1</ele>
      </trkpt>
      <trkpt lat="44.096" lon="4.5595">
        <ele>96.1</ele>
      </trkpt>
      <trkpt lat="44.09573" lon="4.55872">
        <ele>97.2</ele>
      </trkpt>
      <trkpt lat="44.09546" lon="4.55794">
        <ele>97.5</ele>
      </trkpt>
      <trkpt lat="44.09532" lon="4.55751">
        <ele>96.6</ele>
      </trkpt>
      <trkpt lat="44.09512" lon="4.55686">
        <ele>97.9</ele>
      </trkpt>
      <trkpt lat="44.09507" lon="4.55669">
        <ele>98.3</ele>
      </trkpt>
      <trkpt lat="44.09504" lon="4.55648">
        <ele>98.2</ele>
      </trkpt>
      <trkpt lat="44.09502" lon="4.5562">
        <ele>98.1</ele>
      </trkpt>
      <trkpt lat="44.09502" lon="4.55603">
        <ele>98.1</ele>
      </trkpt>
      <trkpt lat="44.09504" lon="4.55565">
        <ele>98.2</ele>
      </trkpt>
      <trkpt lat="44.09511" lon="4.55496">
        <ele>98.4</ele>
      </trkpt>
      <trkpt lat="44.09514" lon="4.55478">
        <ele>98.6</ele>
      </trkpt>
      <trkpt lat="44.09514" lon="4.55471">
        <ele>98.6</ele>
      </trkpt>
      <trkpt lat="44.09514" lon="4.55463">
        <ele>98.6</ele>
      </trkpt>
      <trkpt lat="44.09513" lon="4.55458">
        <ele>98.7</ele>
      </trkpt>
      <trkpt lat="44.0951" lon="4.55445">
        <ele>98.7</ele>
      </trkpt>
      <trkpt lat="44.09503" lon="4.55434">
        <ele>98.8</ele>
      </trkpt>
      <trkpt lat="44.09495" lon="4.55424">
        <ele>99.1</ele>
      </trkpt>
      <trkpt lat="44.0948" lon="4.55406">
        <ele>99.7</ele>
      </trkpt>
      <trkpt lat="44.09475" lon="4.55395">
        <ele>100.0</ele>
      </trkpt>
      <trkpt lat="44.09473" lon="4.55387">
        <ele>100.1</ele>
      </trkpt>
      <trkpt lat="44.09473" lon="4.5538">
        <ele>100.1</ele>
      </trkpt>
      <trkpt lat="44.09475" lon="4.55365">
        <ele>100.0</ele>
      </trkpt>
      <trkpt lat="44.09493" lon="4.55293">
        <ele>99.3</ele>
      </trkpt>
      <trkpt lat="44.09494" lon="4.55282">
        <ele>99.4</ele>
      </trkpt>
      <trkpt lat="44.09492" lon="4.55273">
        <ele>99.7</ele>
      </trkpt>
      <trkpt lat="44.09475" lon="4.55241">
        <ele>102.8</ele>
      </trkpt>
      <trkpt lat="44.09468" lon="4.55224">
        <ele>104.0</ele>
      </trkpt>
      <trkpt lat="44.09451" lon="4.55205">
        <ele>106.0</ele>
      </trkpt>
      <trkpt lat="44.09436" lon="4.55193">
        <ele>107.3</ele>
      </trkpt>
      <trkpt lat="44.0942" lon="4.55185">
        <ele>108.4</ele>
      </trkpt>
      <trkpt lat="44.0938" lon="4.55174">
        <ele>113.0</ele>
      </trkpt>
      <trkpt lat="44.09359" lon="4.55164">
        <ele>115.6</ele>
      </trkpt>
      <trkpt lat="44.09328" lon="4.5514">
        <ele>118.0</ele>
      </trkpt>
      <trkpt lat="44.09299" lon="4.55113">
        <ele>119.0</ele>
      </trkpt>
      <trkpt lat="44.09274" lon="4.55087">
        <ele>118.0</ele>
      </trkpt>
      <trkpt lat="44.09268" lon="4.55075">
        <ele>118.5</ele>
      </trkpt>
      <trkpt lat="44.09263" lon="4.55056">
        <ele>119.9</ele>
      </trkpt>
      <trkpt lat="44.09262" lon="4.55047">
        <ele>120.5</ele>
      </trkpt>
      <trkpt lat="44.09258" lon="4.55029">
        <ele>121.6</ele>
      </trkpt>
      <trkpt lat="44.09256" lon="4.55022">
        <ele>122.0</ele>
      </trkpt>
      <trkpt lat="44.09253" lon="4.55017">
        <ele>122.3</ele>
      </trkpt>
      <trkpt lat="44.09249" lon="4.55012">
        <ele>122.5</ele>
      </trkpt>
      <trkpt lat="44.09237" lon="4.55005">
        <ele>123.0</ele>
      </trkpt>
      <trkpt lat="44.09216" lon="4.54995">
        <ele>124.6</ele>
      </trkpt>
      <trkpt lat="44.09176" lon="4.54979">
        <ele>128.2</ele>
      </trkpt>
      <trkpt lat="44.09123" lon="4.54973">
        <ele>130.8</ele>
      </trkpt>
      <trkpt lat="44.0911" lon="4.54965">
        <ele>131.9</ele>
      </trkpt>
      <trkpt lat="44.09095" lon="4.54953">
        <ele>132.8</ele>
      </trkpt>
      <trkpt lat="44.09069" lon="4.54915">
        <ele>133.8</ele>
      </trkpt>
      <trkpt lat="44.0904" lon="4.54869">
        <ele>135.8</ele>
      </trkpt>
      <trkpt lat="44.09012" lon="4.54799">
        <ele>138.3</ele>
      </trkpt>
      <trkpt lat="44.08998" lon="4.54754">
        <ele>140.6</ele>
      </trkpt>
      <trkpt lat="44.08987" lon="4.54721">
        <ele>144.0</ele>
      </trkpt>
      <trkpt lat="44.08954" lon="4.54644">
        <ele>147.9</ele>
      </trkpt>
      <trkpt lat="44.08946" lon="4.54621">
        <ele>149.2</ele>
      </trkpt>
      <trkpt lat="44.08936" lon="4.54598">
        <ele>150.1</ele>
      </trkpt>
      <trkpt lat="44.08928" lon="4.54562">
        <ele>151.2</ele>
      </trkpt>
      <trkpt lat="44.08929" lon="4.54539">
        <ele>152.2</ele>
      </trkpt>
      <trkpt lat="44.0894" lon="4.5449">
        <ele>155.8</ele>
      </trkpt>
      <trkpt lat="44.08946" lon="4.54451">
        <ele>157.6</ele>
      </trkpt>
      <trkpt lat="44.08949" lon="4.54425">
        <ele>158.4</ele>
      </trkpt>
      <trkpt lat="44.08947" lon="4.54384">
        <ele>160.6</ele>
      </trkpt>
      <trkpt lat="44.08941" lon="4.54346">
        <ele>162.6</ele>
      </trkpt>
      <trkpt lat="44.08939" lon="4.54322">
        <ele>163.3</ele>
      </trkpt>
      <trkpt lat="44.08941" lon="4.54299">
        <ele>163.3</ele>
      </trkpt>
      <trkpt lat="44.08943" lon="4.54289">
        <ele>163.5</ele>
      </trkpt>
      <trkpt lat="44.08961" lon="4.54238">
        <ele>165.0</ele>
      </trkpt>
      <trkpt lat="44.08967" lon="4.54219">
        <ele>166.0</ele>
      </trkpt>
      <trkpt lat="44.08964" lon="4.542">
        <ele>166.1</ele>
      </trkpt>
      <trkpt lat="44.08959" lon="4.54181">
        <ele>165.8</ele>
      </trkpt>
      <trkpt lat="44.08936" lon="4.54122">
        <ele>166.9</ele>
      </trkpt>
      <trkpt lat="44.08926" lon="4.54085">
        <ele>169.0</ele>
      </trkpt>
      <trkpt lat="44.08926" lon="4.54066">
        <ele>168.7</ele>
      </trkpt>
      <trkpt lat="44.08938" lon="4.54023">
        <ele>168.9</ele>
      </trkpt>
      <trkpt lat="44.08953" lon="4.53985">
        <ele>169.7</ele>
      </trkpt>
      <trkpt lat="44.08961" lon="4.53977">
        <ele>170.3</ele>
      </trkpt>
      <trkpt lat="44.08979" lon="4.53949">
        <ele>171.0</ele>
      </trkpt>
      <trkpt lat="44.09017" lon="4.53893">
        <ele>172.8</ele>
      </trkpt>
      <trkpt lat="44.09015" lon="4.5387">
        <ele>173.6</ele>
      </trkpt>
      <trkpt lat="44.09009" lon="4.53827">
        <ele>174.9</ele>
      </trkpt>
      <trkpt lat="44.08996" lon="4.53776">
        <ele>174.1</ele>
      </trkpt>
      <trkpt lat="44.08974" lon="4.53709">
        <ele>175.0</ele>
      </trkpt>
      <trkpt lat="44.0897" lon="4.53688">
        <ele>176.0</ele>
      </trkpt>
      <trkpt lat="44.08957" lon="4.53663">
        <ele>177.1</ele>
      </trkpt>
      <trkpt lat="44.08939" lon="4.53642">
        <ele>178.4</ele>
      </trkpt>
      <trkpt lat="44.08919" lon="4.53618">
        <ele>180.4</ele>
      </trkpt>
      <trkpt lat="44.08866" lon="4.53558">
        <ele>186.3</ele>
      </trkpt>
      <trkpt lat="44.08813" lon="4.53498">
        <ele>191.8</ele>
      </trkpt>
      <trkpt lat="44.08761" lon="4.53437">
        <ele>195.8</ele>
      </trkpt>
      <trkpt lat="44.08717" lon="4.5339">
        <ele>201.0</ele>
      </trkpt>
      <trkpt lat="44.08673" lon="4.53343">
        <ele>207.5</ele>
      </trkpt>
      <trkpt lat="44.08657" lon="4.5333">
        <ele>209.1</ele>
      </trkpt>
      <trkpt lat="44.08633" lon="4.53315">
        <ele>210.3</ele>
      </trkpt>
      <trkpt lat="44.08617" lon="4.53307">
        <ele>210.9</ele>
      </trkpt>
      <trkpt lat="44.0862" lon="4.53301">
        <ele>211.6</ele>
      </trkpt>
      <trkpt lat="44.08622" lon="4.53293">
        <ele>212.5</ele>
      </trkpt>
      <trkpt lat="44.08613" lon="4.53296">
        <ele>212.0</ele>
      </trkpt>
      <trkpt lat="44.08603" lon="4.53296">
        <ele>211.8</ele>
      </trkpt>
      <trkpt lat="44.08587" lon="4.53294">
        <ele>211.8</ele>
      </trkpt>
      <trkpt lat="44.08581" lon="4.5329">
        <ele>212.1</ele>
      </trkpt>
      <trkpt lat="44.08576" lon="4.53284">
        <ele>212.3</ele>
      </trkpt>
      <trkpt lat="44.0857" lon="4.53273">
        <ele>212.8</ele>
      </trkpt>
      <trkpt lat="44.08566" lon="4.53258">
        <ele>214.0</ele>
      </trkpt>
      <trkpt lat="44.08563" lon="4.53224">
        <ele>216.0</ele>
      </trkpt>
      <trkpt lat="44.08561" lon="4.53105">
        <ele>221.4</ele>
      </trkpt>
      <trkpt lat="44.08561" lon="4.53086">
        <ele>222.3</ele>
      </trkpt>
      <trkpt lat="44.08567" lon="4.53046">
        <ele>224.4</ele>
      </trkpt>
      <trkpt lat="44.08574" lon="4.53003">
        <ele>226.6</ele>
      </trkpt>
      <trkpt lat="44.08588" lon="4.52919">
        <ele>228.6</ele>
      </trkpt>
      <trkpt lat="44.0859" lon="4.52898">
        <ele>229.4</ele>
      </trkpt>
      <trkpt lat="44.0859" lon="4.52878">
        <ele>229.9</ele>
      </trkpt>
      <trkpt lat="44.08587" lon="4.52857">
        <ele>229.9</ele>
      </trkpt>
      <trkpt lat="44.08581" lon="4.52839">
        <ele>229.9</ele>
      </trkpt>
      <trkpt lat="44.08555" lon="4.52743">
        <ele>233.5</ele>
      </trkpt>
      <trkpt lat="44.08529" lon="4.52647">
        <ele>231.8</ele>
      </trkpt>
      <trkpt lat="44.08502" lon="4.52551">
        <ele>231.2</ele>
      </trkpt>
      <trkpt lat="44.08496" lon="4.52524">
        <ele>230.8</ele>
      </trkpt>
      <trkpt lat="44.08486" lon="4.52456">
        <ele>230.2</ele>
      </trkpt>
      <trkpt lat="44.08484" lon="4.52431">
        <ele>230.0</ele>
      </trkpt>
      <trkpt lat="44.08481" lon="4.52379">
        <ele>228.9</ele>
      </trkpt>
      <trkpt lat="44.08476" lon="4.52264">
        <ele>227.3</ele>
      </trkpt>
      <trkpt lat="44.0847" lon="4.52148">
        <ele>225.3</ele>
      </trkpt>
      <trkpt lat="44.08465" lon="4.52032">
        <ele>222.0</ele>
      </trkpt>
      <trkpt lat="44.08464" lon="4.51976">
        <ele>220.3</ele>
      </trkpt>
      <trkpt lat="44.08461" lon="4.51935">
        <ele>219.4</ele>
      </trkpt>
      <trkpt lat="44.08457" lon="4.51915">
        <ele>219.0</ele>
      </trkpt>
      <trkpt lat="44.08449" lon="4.51898">
        <ele>218.9</ele>
      </trkpt>
      <trkpt lat="44.08439" lon="4.51882">
        <ele>218.6</ele>
      </trkpt>
      <trkpt lat="44.08407" lon="4.5184">
        <ele>216.7</ele>
      </trkpt>
      <trkpt lat="44.08398" lon="4.51824">
        <ele>216.1</ele>
      </trkpt>
      <trkpt lat="44.08392" lon="4.51807">
        <ele>215.6</ele>
      </trkpt>
      <trkpt lat="44.08389" lon="4.5179">
        <ele>215.3</ele>
      </trkpt>
      <trkpt lat="44.08387" lon="4.51775">
        <ele>215.1</ele>
      </trkpt>
      <trkpt lat="44.08388" lon="4.51761">
        <ele>215.0</ele>
      </trkpt>
      <trkpt lat="44.08387" lon="4.51747">
        <ele>214.9</ele>
      </trkpt>
      <trkpt lat="44.08386" lon="4.51742">
        <ele>214.9</ele>
      </trkpt>
      <trkpt lat="44.08382" lon="4.51734">
        <ele>214.7</ele>
      </trkpt>
      <trkpt lat="44.08377" lon="4.51724">
        <ele>214.5</ele>
      </trkpt>
      <trkpt lat="44.08368" lon="4.51716">
        <ele>213.9</ele>
      </trkpt>
      <trkpt lat="44.08345" lon="4.51704">
        <ele>212.4</ele>
      </trkpt>
      <trkpt lat="44.08335" lon="4.51697">
        <ele>211.7</ele>
      </trkpt>
      <trkpt lat="44.08326" lon="4.51686">
        <ele>211.1</ele>
      </trkpt>
      <trkpt lat="44.08319" lon="4.51672">
        <ele>210.6</ele>
      </trkpt>
      <trkpt lat="44.08315" lon="4.51657">
        <ele>210.1</ele>
      </trkpt>
      <trkpt lat="44.08314" lon="4.5164">
        <ele>209.6</ele>
      </trkpt>
      <trkpt lat="44.08315" lon="4.51625">
        <ele>209.4</ele>
      </trkpt>
      <trkpt lat="44.08323" lon="4.51586">
        <ele>209.2</ele>
      </trkpt>
      <trkpt lat="44.08328" lon="4.51568">
        <ele>208.5</ele>
      </trkpt>
      <trkpt lat="44.08333" lon="4.51553">
        <ele>207.8</ele>
      </trkpt>
      <trkpt lat="44.08341" lon="4.51539">
        <ele>207.4</ele>
      </trkpt>
      <trkpt lat="44.08349" lon="4.51529">
        <ele>207.2</ele>
      </trkpt>
      <trkpt lat="44.08379" lon="4.51508">
        <ele>207.4</ele>
      </trkpt>
      <trkpt lat="44.08386" lon="4.51501">
        <ele>207.2</ele>
      </trkpt>
      <trkpt lat="44.08392" lon="4.5149">
        <ele>207.3</ele>
      </trkpt>
      <trkpt lat="44.08395" lon="4.51478">
        <ele>207.2</ele>
      </trkpt>
      <trkpt lat="44.08396" lon="4.51464">
        <ele>207.0</ele>
      </trkpt>
      <trkpt lat="44.08394" lon="4.51449">
        <ele>206.6</ele>
      </trkpt>
      <trkpt lat="44.08388" lon="4.51434">
        <ele>206.0</ele>
      </trkpt>
      <trkpt lat="44.08381" lon="4.5142">
        <ele>205.3</ele>
      </trkpt>
      <trkpt lat="44.08375" lon="4.51404">
        <ele>205.1</ele>
      </trkpt>
      <trkpt lat="44.08371" lon="4.51388">
        <ele>205.1</ele>
      </trkpt>
      <trkpt lat="44.08371" lon="4.51371">
        <ele>205.3</ele>
      </trkpt>
      <trkpt lat="44.08374" lon="4.51354">
        <ele>205.7</ele>
      </trkpt>
      <trkpt lat="44.08379" lon="4.51324">
        <ele>206.4</ele>
      </trkpt>
      <trkpt lat="44.08382" lon="4.51304">
        <ele>206.8</ele>
      </trkpt>
      <trkpt lat="44.08382" lon="4.51298">
        <ele>206.8</ele>
      </trkpt>
      <trkpt lat="44.0838" lon="4.51292">
        <ele>206.8</ele>
      </trkpt>
      <trkpt lat="44.08377" lon="4.51286">
        <ele>206.7</ele>
      </trkpt>
      <trkpt lat="44.08371" lon="4.51279">
        <ele>206.4</ele>
      </trkpt>
      <trkpt lat="44.08353" lon="4.51267">
        <ele>205.6</ele>
      </trkpt>
      <trkpt lat="44.08311" lon="4.51247">
        <ele>207.5</ele>
      </trkpt>
      <trkpt lat="44.08302" lon="4.5124">
        <ele>208.7</ele>
      </trkpt>
      <trkpt lat="44.08294" lon="4.5123">
        <ele>209.8</ele>
      </trkpt>
      <trkpt lat="44.08288" lon="4.51217">
        <ele>210.6</ele>
      </trkpt>
      <trkpt lat="44.08285" lon="4.51204">
        <ele>211.1</ele>
      </trkpt>
      <trkpt lat="44.08286" lon="4.51191">
        <ele>211.3</ele>
      </trkpt>
      <trkpt lat="44.0829" lon="4.51179">
        <ele>211.3</ele>
      </trkpt>
      <trkpt lat="44.08297" lon="4.5117">
        <ele>211.1</ele>
      </trkpt>
      <trkpt lat="44.08313" lon="4.51152">
        <ele>210.9</ele>
      </trkpt>
      <trkpt lat="44.08319" lon="4.51142">
        <ele>211.1</ele>
      </trkpt>
      <trkpt lat="44.08322" lon="4.51129">
        <ele>211.6</ele>
      </trkpt>
      <trkpt lat="44.08322" lon="4.51115">
        <ele>212.3</ele>
      </trkpt>
      <trkpt lat="44.08319" lon="4.51101">
        <ele>213.0</ele>
      </trkpt>
      <trkpt lat="44.08312" lon="4.51088">
        <ele>213.5</ele>
      </trkpt>
      <trkpt lat="44.08304" lon="4.51077">
        <ele>214.0</ele>
      </trkpt>
      <trkpt lat="44.08283" lon="4.51057">
        <ele>214.9</ele>
      </trkpt>
      <trkpt lat="44.08271" lon="4.51047">
        <ele>215.6</ele>
      </trkpt>
      <trkpt lat="44.08258" lon="4.51039">
        <ele>216.1</ele>
      </trkpt>
      <trkpt lat="44.08245" lon="4.51035">
        <ele>216.7</ele>
      </trkpt>
      <trkpt lat="44.08231" lon="4.51033">
        <ele>217.4</ele>
      </trkpt>
      <trkpt lat="44.08202" lon="4.51035">
        <ele>218.6</ele>
      </trkpt>
      <trkpt lat="44.08173" lon="4.51035">
        <ele>220.0</ele>
      </trkpt>
      <trkpt lat="44.08112" lon="4.51027">
        <ele>223.1</ele>
      </trkpt>
      <trkpt lat="44.08051" lon="4.51019">
        <ele>224.6</ele>
      </trkpt>
      <trkpt lat="44.08032" lon="4.51015">
        <ele>224.7</ele>
      </trkpt>
      <trkpt lat="44.08018" lon="4.51009">
        <ele>224.8</ele>
      </trkpt>
      <trkpt lat="44.08004" lon="4.51">
        <ele>225.0</ele>
      </trkpt>
      <trkpt lat="44.07948" lon="4.5095">
        <ele>227.3</ele>
      </trkpt>
      <trkpt lat="44.07891" lon="4.509">
        <ele>228.6</ele>
      </trkpt>
      <trkpt lat="44.07877" lon="4.50889">
        <ele>229.5</ele>
      </trkpt>
      <trkpt lat="44.07861" lon="4.5088">
        <ele>230.1</ele>
      </trkpt>
      <trkpt lat="44.07803" lon="4.50854">
        <ele>231.0</ele>
      </trkpt>
      <trkpt lat="44.07745" lon="4.50827">
        <ele>231.3</ele>
      </trkpt>
      <trkpt lat="44.07728" lon="4.50822">
        <ele>231.8</ele>
      </trkpt>
      <trkpt lat="44.0767" lon="4.50807">
        <ele>232.6</ele>
      </trkpt>
      <trkpt lat="44.07612" lon="4.50792">
        <ele>233.7</ele>
      </trkpt>
      <trkpt lat="44.07597" lon="4.50788">
        <ele>233.9</ele>
      </trkpt>
      <trkpt lat="44.07589" lon="4.50784">
        <ele>233.9</ele>
      </trkpt>
      <trkpt lat="44.07558" lon="4.50755">
        <ele>233.7</ele>
      </trkpt>
      <trkpt lat="44.07518" lon="4.50716">
        <ele>232.9</ele>
      </trkpt>
      <trkpt lat="44.07454" lon="4.50648">
        <ele>231.4</ele>
      </trkpt>
      <trkpt lat="44.07439" lon="4.5063">
        <ele>231.1</ele>
      </trkpt>
      <trkpt lat="44.0742" lon="4.50615">
        <ele>230.5</ele>
      </trkpt>
      <trkpt lat="44.07347" lon="4.50545">
        <ele>228.7</ele>
      </trkpt>
      <trkpt lat="44.07273" lon="4.50476">
        <ele>227.1</ele>
      </trkpt>
      <trkpt lat="44.07229" lon="4.50432">
        <ele>225.5</ele>
      </trkpt>
      <trkpt lat="44.07214" lon="4.50416">
        <ele>224.8</ele>
      </trkpt>
      <trkpt lat="44.07159" lon="4.50347">
        <ele>221.8</ele>
      </trkpt>
      <trkpt lat="44.07103" lon="4.50281">
        <ele>221.2</ele>
      </trkpt>
      <trkpt lat="44.07063" lon="4.50232">
        <ele>219.5</ele>
      </trkpt>
      <trkpt lat="44.07037" lon="4.50199">
        <ele>218.1</ele>
      </trkpt>
      <trkpt lat="44.07026" lon="4.50181">
        <ele>217.7</ele>
      </trkpt>
      <trkpt lat="44.07005" lon="4.50142">
        <ele>216.3</ele>
      </trkpt>
      <trkpt lat="44.06967" lon="4.50064">
        <ele>212.7</ele>
      </trkpt>
      <trkpt lat="44.0693" lon="4.49987">
        <ele>208.5</ele>
      </trkpt>
      <trkpt lat="44.06893" lon="4.49909">
        <ele>202.6</ele>
      </trkpt>
      <trkpt lat="44.0685" lon="4.49823">
        <ele>199.1</ele>
      </trkpt>
      <trkpt lat="44.06843" lon="4.49804">
        <ele>198.3</ele>
      </trkpt>
      <trkpt lat="44.06835" lon="4.49763">
        <ele>197.2</ele>
      </trkpt>
      <trkpt lat="44.0682" lon="4.49655">
        <ele>193.6</ele>
      </trkpt>
      <trkpt lat="44.06815" lon="4.49629">
        <ele>192.5</ele>
      </trkpt>
      <trkpt lat="44.06791" lon="4.49541">
        <ele>187.4</ele>
      </trkpt>
      <trkpt lat="44.06768" lon="4.49453">
        <ele>182.3</ele>
      </trkpt>
      <trkpt lat="44.06741" lon="4.49335">
        <ele>178.6</ele>
      </trkpt>
      <trkpt lat="44.06729" lon="4.4929">
        <ele>177.0</ele>
      </trkpt>
      <trkpt lat="44.0672" lon="4.49273">
        <ele>176.1</ele>
      </trkpt>
      <trkpt lat="44.06675" lon="4.49218">
        <ele>173.3</ele>
      </trkpt>
      <trkpt lat="44.06644" lon="4.49169">
        <ele>171.3</ele>
      </trkpt>
      <trkpt lat="44.06632" lon="4.49158">
        <ele>170.5</ele>
      </trkpt>
      <trkpt lat="44.06619" lon="4.4915">
        <ele>169.6</ele>
      </trkpt>
      <trkpt lat="44.06604" lon="4.49145">
        <ele>168.6</ele>
      </trkpt>
      <trkpt lat="44.06558" lon="4.49129">
        <ele>166.9</ele>
      </trkpt>
      <trkpt lat="44.06498" lon="4.49111">
        <ele>165.3</ele>
      </trkpt>
      <trkpt lat="44.06487" lon="4.49104">
        <ele>164.6</ele>
      </trkpt>
      <trkpt lat="44.06475" lon="4.49093">
        <ele>163.8</ele>
      </trkpt>
      <trkpt lat="44.06465" lon="4.4908">
        <ele>162.8</ele>
      </trkpt>
      <trkpt lat="44.06434" lon="4.49034">
        <ele>159.0</ele>
      </trkpt>
      <trkpt lat="44.06423" lon="4.49016">
        <ele>157.4</ele>
      </trkpt>
      <trkpt lat="44.06405" lon="4.48977">
        <ele>154.7</ele>
      </trkpt>
      <trkpt lat="44.06397" lon="4.48957">
        <ele>153.7</ele>
      </trkpt>
      <trkpt lat="44.06384" lon="4.48912">
        <ele>152.0</ele>
      </trkpt>
      <trkpt lat="44.06368" lon="4.48846">
        <ele>149.7</ele>
      </trkpt>
      <trkpt lat="44.06352" lon="4.4878">
        <ele>150.0</ele>
      </trkpt>
      <trkpt lat="44.06349" lon="4.48761">
        <ele>150.4</ele>
      </trkpt>
      <trkpt lat="44.0635" lon="4.48742">
        <ele>150.6</ele>
      </trkpt>
      <trkpt lat="44.06354" lon="4.48694">
        <ele>149.8</ele>
      </trkpt>
      <trkpt lat="44.06352" lon="4.48683">
        <ele>149.5</ele>
      </trkpt>
      <trkpt lat="44.06348" lon="4.48675">
        <ele>149.1</ele>
      </trkpt>
      <trkpt lat="44.0634" lon="4.48665">
        <ele>148.4</ele>
      </trkpt>
      <trkpt lat="44.06321" lon="4.48647">
        <ele>149.7</ele>
      </trkpt>
      <trkpt lat="44.06315" lon="4.48639">
        <ele>150.5</ele>
      </trkpt>
      <trkpt lat="44.06311" lon="4.4863">
        <ele>150.7</ele>
      </trkpt>
      <trkpt lat="44.06309" lon="4.48617">
        <ele>150.7</ele>
      </trkpt>
      <trkpt lat="44.06309" lon="4.48562">
        <ele>150.2</ele>
      </trkpt>
      <trkpt lat="44.06306" lon="4.48543">
        <ele>151.2</ele>
      </trkpt>
      <trkpt lat="44.06301" lon="4.48527">
        <ele>152.3</ele>
      </trkpt>
      <trkpt lat="44.06293" lon="4.48509">
        <ele>153.7</ele>
      </trkpt>
      <trkpt lat="44.06277" lon="4.48465">
        <ele>155.3</ele>
      </trkpt>
      <trkpt lat="44.0627" lon="4.48451">
        <ele>155.8</ele>
      </trkpt>
      <trkpt lat="44.0626" lon="4.4842">
        <ele>156.3</ele>
      </trkpt>
      <trkpt lat="44.06239" lon="4.48332">
        <ele>154.6</ele>
      </trkpt>
      <trkpt lat="44.06223" lon="4.48255">
        <ele>152.5</ele>
      </trkpt>
      <trkpt lat="44.06203" lon="4.48186">
        <ele>150.8</ele>
      </trkpt>
      <trkpt lat="44.06185" lon="4.48105">
        <ele>151.4</ele>
      </trkpt>
      <trkpt lat="44.06167" lon="4.48024">
        <ele>153.2</ele>
      </trkpt>
      <trkpt lat="44.06148" lon="4.47944">
        <ele>152.1</ele>
      </trkpt>
      <trkpt lat="44.06129" lon="4.47864">
        <ele>151.4</ele>
      </trkpt>
      <trkpt lat="44.06122" lon="4.4784">
        <ele>151.0</ele>
      </trkpt>
      <trkpt lat="44.06117" lon="4.47831">
        <ele>150.8</ele>
      </trkpt>
      <trkpt lat="44.06105" lon="4.47817">
        <ele>150.3</ele>
      </trkpt>
      <trkpt lat="44.06099" lon="4.47807">
        <ele>149.8</ele>
      </trkpt>
      <trkpt lat="44.06076" lon="4.4776">
        <ele>146.9</ele>
      </trkpt>
      <trkpt lat="44.06054" lon="4.4771">
        <ele>144.0</ele>
      </trkpt>
      <trkpt lat="44.06039" lon="4.47684">
        <ele>142.2</ele>
      </trkpt>
      <trkpt lat="44.0601" lon="4.47643">
        <ele>139.0</ele>
      </trkpt>
      <trkpt lat="44.0599" lon="4.47619">
        <ele>136.9</ele>
      </trkpt>
      <trkpt lat="44.05945" lon="4.47572">
        <ele>134.3</ele>
      </trkpt>
      <trkpt lat="44.05918" lon="4.4755">
        <ele>132.8</ele>
      </trkpt>
      <trkpt lat="44.05885" lon="4.47533">
        <ele>130.5</ele>
      </trkpt>
      <trkpt lat="44.05837" lon="4.47513">
        <ele>127.5</ele>
      </trkpt>
      <trkpt lat="44.05789" lon="4.47493">
        <ele>126.9</ele>
      </trkpt>
      <trkpt lat="44.05709" lon="4.47455">
        <ele>129.2</ele>
      </trkpt>
      <trkpt lat="44.05692" lon="4.47435">
        <ele>130.2</ele>
      </trkpt>
      <trkpt lat="44.05672" lon="4.47386">
        <ele>129.9</ele>
      </trkpt>
      <trkpt lat="44.05641" lon="4.47322">
        <ele>127.2</ele>
      </trkpt>
      <trkpt lat="44.05619" lon="4.47287">
        <ele>125.6</ele>
      </trkpt>
      <trkpt lat="44.05589" lon="4.47252">
        <ele>123.2</ele>
      </trkpt>
      <trkpt lat="44.05568" lon="4.4722">
        <ele>122.7</ele>
      </trkpt>
      <trkpt lat="44.05525" lon="4.4714">
        <ele>120.8</ele>
      </trkpt>
      <trkpt lat="44.05506" lon="4.47098">
        <ele>119.5</ele>
      </trkpt>
      <trkpt lat="44.05498" lon="4.47074">
        <ele>118.9</ele>
      </trkpt>
      <trkpt lat="44.05476" lon="4.46998">
        <ele>118.6</ele>
      </trkpt>
      <trkpt lat="44.05454" lon="4.46922">
        <ele>118.1</ele>
      </trkpt>
      <trkpt lat="44.05428" lon="4.46831">
        <ele>117.8</ele>
      </trkpt>
      <trkpt lat="44.0541" lon="4.4674">
        <ele>116.9</ele>
      </trkpt>
      <trkpt lat="44.05398" lon="4.46684">
        <ele>116.3</ele>
      </trkpt>
      <trkpt lat="44.05386" lon="4.46651">
        <ele>115.6</ele>
      </trkpt>
      <trkpt lat="44.05352" lon="4.46594">
        <ele>114.3</ele>
      </trkpt>
      <trkpt lat="44.05319" lon="4.46538">
        <ele>112.8</ele>
      </trkpt>
      <trkpt lat="44.05283" lon="4.46488">
        <ele>112.1</ele>
      </trkpt>
      <trkpt lat="44.05248" lon="4.46438">
        <ele>112.1</ele>
      </trkpt>
      <trkpt lat="44.05235" lon="4.46417">
        <ele>112.4</ele>
      </trkpt>
      <trkpt lat="44.05227" lon="4.464">
        <ele>112.7</ele>
      </trkpt>
      <trkpt lat="44.05222" lon="4.46391">
        <ele>113.0</ele>
      </trkpt>
      <trkpt lat="44.05215" lon="4.46372">
        <ele>113.5</ele>
      </trkpt>
      <trkpt lat="44.05194" lon="4.46314">
        <ele>114.5</ele>
      </trkpt>
      <trkpt lat="44.05173" lon="4.46256">
        <ele>112.3</ele>
      </trkpt>
      <trkpt lat="44.05156" lon="4.46219">
        <ele>111.7</ele>
      </trkpt>
      <trkpt lat="44.05145" lon="4.46204">
        <ele>111.4</ele>
      </trkpt>
      <trkpt lat="44.05132" lon="4.46193">
        <ele>111.2</ele>
      </trkpt>
      <trkpt lat="44.05118" lon="4.46181">
        <ele>110.8</ele>
      </trkpt>
      <trkpt lat="44.05053" lon="4.46137">
        <ele>110.9</ele>
      </trkpt>
      <trkpt lat="44.05037" lon="4.46125">
        <ele>111.0</ele>
      </trkpt>
      <trkpt lat="44.05021" lon="4.4611">
        <ele>110.8</ele>
      </trkpt>
      <trkpt lat="44.05006" lon="4.46093">
        <ele>110.3</ele>
      </trkpt>
      <trkpt lat="44.04945" lon="4.46019">
        <ele>109.6</ele>
      </trkpt>
      <trkpt lat="44.049" lon="4.45963">
        <ele>111.0</ele>
      </trkpt>
      <trkpt lat="44.04862" lon="4.45918">
        <ele>113.6</ele>
      </trkpt>
      <trkpt lat="44.04848" lon="4.45904">
        <ele>113.8</ele>
      </trkpt>
      <trkpt lat="44.04833" lon="4.45893">
        <ele>113.7</ele>
      </trkpt>
      <trkpt lat="44.04817" lon="4.45885">
        <ele>113.7</ele>
      </trkpt>
      <trkpt lat="44.04783" lon="4.45878">
        <ele>114.1</ele>
      </trkpt>
      <trkpt lat="44.04737" lon="4.45872">
        <ele>114.6</ele>
      </trkpt>
      <trkpt lat="44.04691" lon="4.45865">
        <ele>115.0</ele>
      </trkpt>
      <trkpt lat="44.04658" lon="4.45857">
        <ele>115.2</ele>
      </trkpt>
      <trkpt lat="44.04627" lon="4.45844">
        <ele>114.6</ele>
      </trkpt>
      <trkpt lat="44.04576" lon="4.45818">
        <ele>112.9</ele>
      </trkpt>
      <trkpt lat="44.04526" lon="4.45793">
        <ele>109.6</ele>
      </trkpt>
      <trkpt lat="44.0449" lon="4.45778">
        <ele>108.1</ele>
      </trkpt>
      <trkpt lat="44.04454" lon="4.45764">
        <ele>108.0</ele>
      </trkpt>
      <trkpt lat="44.04388" lon="4.45745">
        <ele>106.2</ele>
      </trkpt>
      <trkpt lat="44.04374" lon="4.45739">
        <ele>105.3</ele>
      </trkpt>
      <trkpt lat="44.0429" lon="4.45699">
        <ele>102.2</ele>
      </trkpt>
      <trkpt lat="44.04259" lon="4.45678">
        <ele>101.2</ele>
      </trkpt>
      <trkpt lat="44.04241" lon="4.45664">
        <ele>100.7</ele>
      </trkpt>
      <trkpt lat="44.04231" lon="4.45653">
        <ele>100.3</ele>
      </trkpt>
      <trkpt lat="44.04182" lon="4.4558">
        <ele>98.6</ele>
      </trkpt>
      <trkpt lat="44.04133" lon="4.45508">
        <ele>97.6</ele>
      </trkpt>
      <trkpt lat="44.04088" lon="4.45442">
        <ele>97.1</ele>
      </trkpt>
      <trkpt lat="44.04043" lon="4.45379">
        <ele>97.5</ele>
      </trkpt>
      <trkpt lat="44.03983" lon="4.45303">
        <ele>98.2</ele>
      </trkpt>
      <trkpt lat="44.03923" lon="4.45226">
        <ele>97.1</ele>
      </trkpt>
      <trkpt lat="44.03873" lon="4.45168">
        <ele>96.5</ele>
      </trkpt>
      <trkpt lat="44.03842" lon="4.45135">
        <ele>96.5</ele>
      </trkpt>
      <trkpt lat="44.03783" lon="4.45077">
        <ele>97.1</ele>
      </trkpt>
      <trkpt lat="44.03724" lon="4.4502">
        <ele>97.4</ele>
      </trkpt>
      <trkpt lat="44.03672" lon="4.44969">
        <ele>96.7</ele>
      </trkpt>
      <trkpt lat="44.03621" lon="4.44918">
        <ele>96.0</ele>
      </trkpt>
      <trkpt lat="44.03569" lon="4.44867">
        <ele>95.0</ele>
      </trkpt>
      <trkpt lat="44.03512" lon="4.44808">
        <ele>93.5</ele>
      </trkpt>
      <trkpt lat="44.03498" lon="4.44792">
        <ele>93.5</ele>
      </trkpt>
      <trkpt lat="44.03465" lon="4.44744">
        <ele>94.5</ele>
      </trkpt>
      <trkpt lat="44.0346" lon="4.44729">
        <ele>94.6</ele>
      </trkpt>
      <trkpt lat="44.03444" lon="4.44675">
        <ele>94.6</ele>
      </trkpt>
      <trkpt lat="44.03412" lon="4.44572">
        <ele>93.0</ele>
      </trkpt>
      <trkpt lat="44.034" lon="4.44541">
        <ele>93.0</ele>
      </trkpt>
      <trkpt lat="44.03391" lon="4.44521">
        <ele>93.0</ele>
      </trkpt>
      <trkpt lat="44.03378" lon="4.44503">
        <ele>93.0</ele>
      </trkpt>
      <trkpt lat="44.03369" lon="4.44492">
        <ele>93.0</ele>
      </trkpt>
      <trkpt lat="44.03369" lon="4.4448">
        <ele>93.1</ele>
      </trkpt>
      <trkpt lat="44.03352" lon="4.44477">
        <ele>93.1</ele>
      </trkpt>
      <trkpt lat="44.03268" lon="4.44468">
        <ele>91.7</ele>
      </trkpt>
      <trkpt lat="44.03227" lon="4.44467">
        <ele>91.3</ele>
      </trkpt>
      <trkpt lat="44.03197" lon="4.44462">
        <ele>91.2</ele>
      </trkpt>
      <trkpt lat="44.0313" lon="4.44446">
        <ele>90.0</ele>
      </trkpt>
      <trkpt lat="44.03063" lon="4.4443">
        <ele>88.4</ele>
      </trkpt>
      <trkpt lat="44.02996" lon="4.44413">
        <ele>87.8</ele>
      </trkpt>
      <trkpt lat="44.02939" lon="4.44373">
        <ele>85.4</ele>
      </trkpt>
      <trkpt lat="44.02882" lon="4.44333">
        <ele>84.8</ele>
      </trkpt>
      <trkpt lat="44.02825" lon="4.44294">
        <ele>85.5</ele>
      </trkpt>
      <trkpt lat="44.02786" lon="4.44264">
        <ele>84.7</ele>
      </trkpt>
      <trkpt lat="44.02772" lon="4.44251">
        <ele>84.3</ele>
      </trkpt>
      <trkpt lat="44.0276" lon="4.4424">
        <ele>84.0</ele>
      </trkpt>
      <trkpt lat="44.02738" lon="4.44209">
        <ele>83.4</ele>
      </trkpt>
      <trkpt lat="44.02687" lon="4.44133">
        <ele>82.4</ele>
      </trkpt>
      <trkpt lat="44.02637" lon="4.44058">
        <ele>83.6</ele>
      </trkpt>
      <trkpt lat="44.02586" lon="4.43983">
        <ele>82.7</ele>
      </trkpt>
      <trkpt lat="44.02535" lon="4.43908">
        <ele>80.9</ele>
      </trkpt>
      <trkpt lat="44.02484" lon="4.43832">
        <ele>80.4</ele>
      </trkpt>
      <trkpt lat="44.02472" lon="4.43817">
        <ele>80.7</ele>
      </trkpt>
      <trkpt lat="44.02458" lon="4.43803">
        <ele>81.0</ele>
      </trkpt>
      <trkpt lat="44.02436" lon="4.43787">
        <ele>81.5</ele>
      </trkpt>
      <trkpt lat="44.02426" lon="4.43781">
        <ele>81.8</ele>
      </trkpt>
      <trkpt lat="44.02407" lon="4.43774">
        <ele>82.0</ele>
      </trkpt>
      <trkpt lat="44.02345" lon="4.43752">
        <ele>82.0</ele>
      </trkpt>
      <trkpt lat="44.02284" lon="4.43731">
        <ele>81.1</ele>
      </trkpt>
      <trkpt lat="44.02239" lon="4.43714">
        <ele>81.0</ele>
      </trkpt>
      <trkpt lat="44.02205" lon="4.43697">
        <ele>82.0</ele>
      </trkpt>
      <trkpt lat="44.02191" lon="4.43687">
        <ele>82.2</ele>
      </trkpt>
      <trkpt lat="44.0218" lon="4.43679">
        <ele>82.2</ele>
      </trkpt>
      <trkpt lat="44.02134" lon="4.43622">
        <ele>82.6</ele>
      </trkpt>
      <trkpt lat="44.02128" lon="4.43611">
        <ele>82.6</ele>
      </trkpt>
      <trkpt lat="44.02112" lon="4.43591">
        <ele>83.1</ele>
      </trkpt>
      <trkpt lat="44.02106" lon="4.43582">
        <ele>83.4</ele>
      </trkpt>
      <trkpt lat="44.021" lon="4.43571">
        <ele>84.0</ele>
      </trkpt>
      <trkpt lat="44.02097" lon="4.43562">
        <ele>84.5</ele>
      </trkpt>
      <trkpt lat="44.0209" lon="4.43551">
        <ele>85.3</ele>
      </trkpt>
      <trkpt lat="44.02082" lon="4.43506">
        <ele>86.8</ele>
      </trkpt>
      <trkpt lat="44.02063" lon="4.43426">
        <ele>83.6</ele>
      </trkpt>
      <trkpt lat="44.0204" lon="4.43319">
        <ele>79.8</ele>
      </trkpt>
      <trkpt lat="44.02017" lon="4.43212">
        <ele>79.6</ele>
      </trkpt>
      <trkpt lat="44.01984" lon="4.43098">
        <ele>80.6</ele>
      </trkpt>
      <trkpt lat="44.01968" lon="4.43045">
        <ele>80.8</ele>
      </trkpt>
      <trkpt lat="44.01939" lon="4.42947">
        <ele>82.3</ele>
      </trkpt>
      <trkpt lat="44.0191" lon="4.42848">
        <ele>89.4</ele>
      </trkpt>
      <trkpt lat="44.019" lon="4.42819">
        <ele>91.7</ele>
      </trkpt>
      <trkpt lat="44.01884" lon="4.42798">
        <ele>93.6</ele>
      </trkpt>
      <trkpt lat="44.01864" lon="4.4278">
        <ele>95.6</ele>
      </trkpt>
      <trkpt lat="44.01856" lon="4.42775">
        <ele>96.3</ele>
      </trkpt>
      <trkpt lat="44.01844" lon="4.4277">
        <ele>97.0</ele>
      </trkpt>
      <trkpt lat="44.01837" lon="4.4277">
        <ele>97.1</ele>
      </trkpt>
      <trkpt lat="44.01827" lon="4.42771">
        <ele>97.7</ele>
      </trkpt>
      <trkpt lat="44.01817" lon="4.42773">
        <ele>98.6</ele>
      </trkpt>
      <trkpt lat="44.01801" lon="4.42783">
        <ele>99.4</ele>
      </trkpt>
      <trkpt lat="44.01795" lon="4.42789">
        <ele>99.6</ele>
      </trkpt>
      <trkpt lat="44.0179" lon="4.42797">
        <ele>99.5</ele>
      </trkpt>
      <trkpt lat="44.0178" lon="4.42813">
        <ele>99.4</ele>
      </trkpt>
      <trkpt lat="44.01758" lon="4.42863">
        <ele>97.3</ele>
      </trkpt>
      <trkpt lat="44.01753" lon="4.42874">
        <ele>96.3</ele>
      </trkpt>
      <trkpt lat="44.01747" lon="4.42883">
        <ele>95.8</ele>
      </trkpt>
      <trkpt lat="44.01742" lon="4.4289">
        <ele>95.7</ele>
      </trkpt>
      <trkpt lat="44.01727" lon="4.42905">
        <ele>96.1</ele>
      </trkpt>
      <trkpt lat="44.01701" lon="4.42924">
        <ele>97.5</ele>
      </trkpt>
      <trkpt lat="44.01687" lon="4.42932">
        <ele>98.1</ele>
      </trkpt>
      <trkpt lat="44.01673" lon="4.42937">
        <ele>99.1</ele>
      </trkpt>
      <trkpt lat="44.01657" lon="4.42942">
        <ele>98.8</ele>
      </trkpt>
      <trkpt lat="44.01643" lon="4.42945">
        <ele>98.2</ele>
      </trkpt>
      <trkpt lat="44.01613" lon="4.42945">
        <ele>98.1</ele>
      </trkpt>
      <trkpt lat="44.01599" lon="4.42941">
        <ele>98.8</ele>
      </trkpt>
      <trkpt lat="44.0159" lon="4.42935">
        <ele>99.7</ele>
      </trkpt>
      <trkpt lat="44.01579" lon="4.42926">
        <ele>100.6</ele>
      </trkpt>
      <trkpt lat="44.01566" lon="4.42906">
        <ele>100.7</ele>
      </trkpt>
      <trkpt lat="44.0156" lon="4.42892">
        <ele>100.5</ele>
      </trkpt>
      <trkpt lat="44.01544" lon="4.42839">
        <ele>100.8</ele>
      </trkpt>
      <trkpt lat="44.01534" lon="4.42779">
        <ele>103.8</ele>
      </trkpt>
      <trkpt lat="44.01533" lon="4.42758">
        <ele>105.5</ele>
      </trkpt>
      <trkpt lat="44.01533" lon="4.42742">
        <ele>106.1</ele>
      </trkpt>
      <trkpt lat="44.01538" lon="4.42704">
        <ele>107.3</ele>
      </trkpt>
      <trkpt lat="44.01548" lon="4.42663">
        <ele>109.8</ele>
      </trkpt>
      <trkpt lat="44.01557" lon="4.42635">
        <ele>111.2</ele>
      </trkpt>
      <trkpt lat="44.01568" lon="4.42607">
        <ele>112.7</ele>
      </trkpt>
      <trkpt lat="44.01574" lon="4.42594">
        <ele>113.5</ele>
      </trkpt>
      <trkpt lat="44.01581" lon="4.42573">
        <ele>115.3</ele>
      </trkpt>
      <trkpt lat="44.01582" lon="4.42551">
        <ele>117.2</ele>
      </trkpt>
      <trkpt lat="44.01577" lon="4.42511">
        <ele>119.3</ele>
      </trkpt>
      <trkpt lat="44.01574" lon="4.42497">
        <ele>120.2</ele>
      </trkpt>
      <trkpt lat="44.01565" lon="4.42484">
        <ele>120.6</ele>
      </trkpt>
      <trkpt lat="44.01503" lon="4.42414">
        <ele>124.6</ele>
      </trkpt>
      <trkpt lat="44.01441" lon="4.42343">
        <ele>129.0</ele>
      </trkpt>
      <trkpt lat="44.01419" lon="4.4232">
        <ele>130.4</ele>
      </trkpt>
      <trkpt lat="44.01368" lon="4.42257">
        <ele>136.4</ele>
      </trkpt>
      <trkpt lat="44.01364" lon="4.42239">
        <ele>137.1</ele>
      </trkpt>
      <trkpt lat="44.01362" lon="4.42224">
        <ele>137.2</ele>
      </trkpt>
      <trkpt lat="44.01372" lon="4.42162">
        <ele>137.7</ele>
      </trkpt>
      <trkpt lat="44.01383" lon="4.42069">
        <ele>141.6</ele>
      </trkpt>
      <trkpt lat="44.01385" lon="4.42051">
        <ele>142.2</ele>
      </trkpt>
      <trkpt lat="44.01384" lon="4.42033">
        <ele>142.9</ele>
      </trkpt>
      <trkpt lat="44.0138" lon="4.42013">
        <ele>143.6</ele>
      </trkpt>
      <trkpt lat="44.01373" lon="4.41992">
        <ele>143.6</ele>
      </trkpt>
      <trkpt lat="44.01338" lon="4.41898">
        <ele>140.4</ele>
      </trkpt>
      <trkpt lat="44.01309" lon="4.41822">
        <ele>139.1</ele>
      </trkpt>
      <trkpt lat="44.01295" lon="4.41815">
        <ele>139.0</ele>
      </trkpt>
      <trkpt lat="44.01225" lon="4.41789">
        <ele>138.1</ele>
      </trkpt>
      <trkpt lat="44.01166" lon="4.41771">
        <ele>137.3</ele>
      </trkpt>
      <trkpt lat="44.01166" lon="4.41752">
        <ele>137.0</ele>
      </trkpt>
      <trkpt lat="44.01168" lon="4.41726">
        <ele>136.1</ele>
      </trkpt>
      <trkpt lat="44.01168" lon="4.41653">
        <ele>133.6</ele>
      </trkpt>
      <trkpt lat="44.01168" lon="4.41628">
        <ele>133.0</ele>
      </trkpt>
      <trkpt lat="44.01167" lon="4.41572">
        <ele>131.7</ele>
      </trkpt>
      <trkpt lat="44.01162" lon="4.41557">
        <ele>131.2</ele>
      </trkpt>
      <trkpt lat="44.01159" lon="4.4155">
        <ele>130.9</ele>
      </trkpt>
      <trkpt lat="44.01159" lon="4.41544">
        <ele>130.7</ele>
      </trkpt>
      <trkpt lat="44.01158" lon="4.41537">
        <ele>130.5</ele>
      </trkpt>
      <trkpt lat="44.01155" lon="4.41534">
        <ele>130.3</ele>
      </trkpt>
      <trkpt lat="44.01153" lon="4.41532">
        <ele>130.2</ele>
      </trkpt>
      <trkpt lat="44.0115" lon="4.4151">
        <ele>129.5</ele>
      </trkpt>
      <trkpt lat="44.0115" lon="4.41487">
        <ele>128.9</ele>
      </trkpt>
      <trkpt lat="44.01146" lon="4.41454">
        <ele>128.0</ele>
      </trkpt>
      <trkpt lat="44.01129" lon="4.41349">
        <ele>125.4</ele>
      </trkpt>
      <trkpt lat="44.01112" lon="4.41244">
        <ele>127.7</ele>
      </trkpt>
      <trkpt lat="44.01096" lon="4.41139">
        <ele>131.1</ele>
      </trkpt>
      <trkpt lat="44.01092" lon="4.41116">
        <ele>130.7</ele>
      </trkpt>
      <trkpt lat="44.01085" lon="4.41086">
        <ele>130.1</ele>
      </trkpt>
      <trkpt lat="44.01071" lon="4.41005">
        <ele>128.9</ele>
      </trkpt>
      <trkpt lat="44.01062" lon="4.40956">
        <ele>128.7</ele>
      </trkpt>
      <trkpt lat="44.01048" lon="4.40865">
        <ele>129.2</ele>
      </trkpt>
      <trkpt lat="44.01042" lon="4.40816">
        <ele>129.7</ele>
      </trkpt>
      <trkpt lat="44.01033" lon="4.40768">
        <ele>130.2</ele>
      </trkpt>
      <trkpt lat="44.0102" lon="4.40686">
        <ele>129.9</ele>
      </trkpt>
      <trkpt lat="44.01008" lon="4.40604">
        <ele>127.8</ele>
      </trkpt>
      <trkpt lat="44.01004" lon="4.40586">
        <ele>127.2</ele>
      </trkpt>
      <trkpt lat="44.01002" lon="4.40578">
        <ele>126.6</ele>
      </trkpt>
      <trkpt lat="44.00998" lon="4.4057">
        <ele>125.8</ele>
      </trkpt>
      <trkpt lat="44.0099" lon="4.40563">
        <ele>125.0</ele>
      </trkpt>
      <trkpt lat="44.00975" lon="4.40553">
        <ele>123.9</ele>
      </trkpt>
      <trkpt lat="44.00959" lon="4.40547">
        <ele>123.0</ele>
      </trkpt>
      <trkpt lat="44.0094" lon="4.40541">
        <ele>122.0</ele>
      </trkpt>
      <trkpt lat="44.0091" lon="4.40535">
        <ele>120.7</ele>
      </trkpt>
      <trkpt lat="44.0088" lon="4.40533">
        <ele>119.5</ele>
      </trkpt>
      <trkpt lat="44.00866" lon="4.40529">
        <ele>118.6</ele>
      </trkpt>
      <trkpt lat="44.00859" lon="4.40524">
        <ele>118.0</ele>
      </trkpt>
      <trkpt lat="44.0085" lon="4.40518">
        <ele>117.1</ele>
      </trkpt>
      <trkpt lat="44.00802" lon="4.40477">
        <ele>111.8</ele>
      </trkpt>
      <trkpt lat="44.00773" lon="4.40462">
        <ele>109.8</ele>
      </trkpt>
      <trkpt lat="44.00764" lon="4.40459">
        <ele>109.4</ele>
      </trkpt>
      <trkpt lat="44.00754" lon="4.40458">
        <ele>109.4</ele>
      </trkpt>
      <trkpt lat="44.00746" lon="4.40459">
        <ele>109.5</ele>
      </trkpt>
      <trkpt lat="44.00738" lon="4.40462">
        <ele>109.7</ele>
      </trkpt>
      <trkpt lat="44.00728" lon="4.40467">
        <ele>110.3</ele>
      </trkpt>
      <trkpt lat="44.00701" lon="4.40486">
        <ele>112.6</ele>
      </trkpt>
      <trkpt lat="44.00693" lon="4.40491">
        <ele>113.1</ele>
      </trkpt>
      <trkpt lat="44.00684" lon="4.40491">
        <ele>112.9</ele>
      </trkpt>
      <trkpt lat="44.00676" lon="4.40489">
        <ele>112.4</ele>
      </trkpt>
      <trkpt lat="44.00665" lon="4.40482">
        <ele>111.0</ele>
      </trkpt>
      <trkpt lat="44.00645" lon="4.40467">
        <ele>108.4</ele>
      </trkpt>
      <trkpt lat="44.00626" lon="4.40455">
        <ele>106.2</ele>
      </trkpt>
      <trkpt lat="44.00604" lon="4.40444">
        <ele>104.2</ele>
      </trkpt>
      <trkpt lat="44.00575" lon="4.40433">
        <ele>101.9</ele>
      </trkpt>
      <trkpt lat="44.00557" lon="4.40429">
        <ele>101.2</ele>
      </trkpt>
      <trkpt lat="44.00548" lon="4.40429">
        <ele>101.1</ele>
      </trkpt>
      <trkpt lat="44.00519" lon="4.40432">
        <ele>101.6</ele>
      </trkpt>
      <trkpt lat="44.00508" lon="4.40429">
        <ele>101.0</ele>
      </trkpt>
      <trkpt lat="44.00504" lon="4.40426">
        <ele>100.5</ele>
      </trkpt>
      <trkpt lat="44.00495" lon="4.40415">
        <ele>99.1</ele>
      </trkpt>
      <trkpt lat="44.00486" lon="4.40393">
        <ele>97.2</ele>
      </trkpt>
      <trkpt lat="44.0048" lon="4.40384">
        <ele>96.5</ele>
      </trkpt>
      <trkpt lat="44.00471" lon="4.4038">
        <ele>96.2</ele>
      </trkpt>
      <trkpt lat="44.0046" lon="4.40378">
        <ele>96.4</ele>
      </trkpt>
      <trkpt lat="44.00424" lon="4.40378">
        <ele>97.2</ele>
      </trkpt>
      <trkpt lat="44.00408" lon="4.40372">
        <ele>96.7</ele>
      </trkpt>
      <trkpt lat="44.00404" lon="4.40369">
        <ele>96.3</ele>
      </trkpt>
      <trkpt lat="44.004" lon="4.40364">
        <ele>95.6</ele>
      </trkpt>
      <trkpt lat="44.00396" lon="4.40356">
        <ele>94.6</ele>
      </trkpt>
      <trkpt lat="44.00391" lon="4.40343">
        <ele>92.7</ele>
      </trkpt>
      <trkpt lat="44.00386" lon="4.403">
        <ele>89.5</ele>
      </trkpt>
      <trkpt lat="44.00378" lon="4.4022">
        <ele>85.4</ele>
      </trkpt>
      <trkpt lat="44.0038" lon="4.40207">
        <ele>85.0</ele>
      </trkpt>
      <trkpt lat="44.00379" lon="4.40181">
        <ele>84.0</ele>
      </trkpt>
      <trkpt lat="44.00381" lon="4.40169">
        <ele>83.5</ele>
      </trkpt>
      <trkpt lat="44.00383" lon="4.40163">
        <ele>83.3</ele>
      </trkpt>
      <trkpt lat="44.00387" lon="4.40159">
        <ele>83.1</ele>
      </trkpt>
      <trkpt lat="44.0039" lon="4.40154">
        <ele>82.9</ele>
      </trkpt>
      <trkpt lat="44.00392" lon="4.40147">
        <ele>82.7</ele>
      </trkpt>
      <trkpt lat="44.00393" lon="4.40139">
        <ele>82.4</ele>
      </trkpt>
      <trkpt lat="44.00392" lon="4.40132">
        <ele>82.2</ele>
      </trkpt>
      <trkpt lat="44.0039" lon="4.40125">
        <ele>82.0</ele>
      </trkpt>
      <trkpt lat="44.00386" lon="4.40119">
        <ele>81.8</ele>
      </trkpt>
      <trkpt lat="44.00381" lon="4.40114">
        <ele>81.6</ele>
      </trkpt>
      <trkpt lat="44.00376" lon="4.40112">
        <ele>81.6</ele>
      </trkpt>
      <trkpt lat="44.00371" lon="4.40112">
        <ele>81.5</ele>
      </trkpt>
      <trkpt lat="44.00367" lon="4.40114">
        <ele>81.6</ele>
      </trkpt>
      <trkpt lat="44.00363" lon="4.40117">
        <ele>81.7</ele>
      </trkpt>
      <trkpt lat="44.00358" lon="4.40123">
        <ele>81.9</ele>
      </trkpt>
      <trkpt lat="44.00355" lon="4.4013">
        <ele>82.2</ele>
      </trkpt>
      <trkpt lat="44.00349" lon="4.40135">
        <ele>82.4</ele>
      </trkpt>
      <trkpt lat="44.00341" lon="4.40137">
        <ele>82.5</ele>
      </trkpt>
      <trkpt lat="44.00304" lon="4.40139">
        <ele>81.7</ele>
      </trkpt>
      <trkpt lat="44.00297" lon="4.40137">
        <ele>81.4</ele>
      </trkpt>
      <trkpt lat="44.00253" lon="4.40116">
        <ele>79.3</ele>
      </trkpt>
      <trkpt lat="44.00216" lon="4.40095">
        <ele>78.6</ele>
      </trkpt>
      <trkpt lat="44.00183" lon="4.40072">
        <ele>78.4</ele>
      </trkpt>
      <trkpt lat="44.00133" lon="4.40033">
        <ele>77.8</ele>
      </trkpt>
      <trkpt lat="44.00069" lon="4.39981">
        <ele>78.4</ele>
      </trkpt>
      <trkpt lat="44.00043" lon="4.39957">
        <ele>77.5</ele>
      </trkpt>
      <trkpt lat="44.00025" lon="4.39937">
        <ele>76.9</ele>
      </trkpt>
      <trkpt lat="44.00003" lon="4.39905">
        <ele>75.9</ele>
      </trkpt>
      <trkpt lat="43.99989" lon="4.39879">
        <ele>75.7</ele>
      </trkpt>
      <trkpt lat="43.99977" lon="4.39852">
        <ele>75.8</ele>
      </trkpt>
      <trkpt lat="43.9997" lon="4.39833">
        <ele>76.1</ele>
      </trkpt>
      <trkpt lat="43.99953" lon="4.39777">
        <ele>76.3</ele>
      </trkpt>
      <trkpt lat="43.99937" lon="4.39727">
        <ele>76.0</ele>
      </trkpt>
      <trkpt lat="43.99929" lon="4.39706">
        <ele>75.5</ele>
      </trkpt>
      <trkpt lat="43.99916" lon="4.39674">
        <ele>74.2</ele>
      </trkpt>
      <trkpt lat="43.99899" lon="4.39641">
        <ele>73.6</ele>
      </trkpt>
      <trkpt lat="43.99876" lon="4.39602">
        <ele>72.9</ele>
      </trkpt>
      <trkpt lat="43.9982" lon="4.39512">
        <ele>72.9</ele>
      </trkpt>
      <trkpt lat="43.99789" lon="4.39464">
        <ele>74.0</ele>
      </trkpt>
      <trkpt lat="43.9978" lon="4.39449">
        <ele>74.3</ele>
      </trkpt>
      <trkpt lat="43.99756" lon="4.39414">
        <ele>74.8</ele>
      </trkpt>
      <trkpt lat="43.9973" lon="4.39382">
        <ele>74.0</ele>
      </trkpt>
      <trkpt lat="43.99715" lon="4.39365">
        <ele>73.7</ele>
      </trkpt>
      <trkpt lat="43.99687" lon="4.39344">
        <ele>73.7</ele>
      </trkpt>
      <trkpt lat="43.9966" lon="4.39328">
        <ele>74.0</ele>
      </trkpt>
      <trkpt lat="43.99621" lon="4.39314">
        <ele>74.1</ele>
      </trkpt>
      <trkpt lat="43.99558" lon="4.39298">
        <ele>74.6</ele>
      </trkpt>
      <trkpt lat="43.99495" lon="4.39283">
        <ele>74.9</ele>
      </trkpt>
      <trkpt lat="43.99457" lon="4.39267">
        <ele>74.5</ele>
      </trkpt>
      <trkpt lat="43.99441" lon="4.39258">
        <ele>74.3</ele>
      </trkpt>
      <trkpt lat="43.99403" lon="4.39228">
        <ele>74.1</ele>
      </trkpt>
      <trkpt lat="43.99385" lon="4.39208">
        <ele>74.4</ele>
      </trkpt>
      <trkpt lat="43.99371" lon="4.3919">
        <ele>74.8</ele>
      </trkpt>
      <trkpt lat="43.99357" lon="4.39168">
        <ele>75.4</ele>
      </trkpt>
      <trkpt lat="43.99341" lon="4.39139">
        <ele>75.8</ele>
      </trkpt>
      <trkpt lat="43.99294" lon="4.39042">
        <ele>78.4</ele>
      </trkpt>
      <trkpt lat="43.99247" lon="4.38946">
        <ele>81.4</ele>
      </trkpt>
      <trkpt lat="43.992" lon="4.3885">
        <ele>84.1</ele>
      </trkpt>
      <trkpt lat="43.99154" lon="4.38754">
        <ele>84.5</ele>
      </trkpt>
      <trkpt lat="43.99107" lon="4.38657">
        <ele>86.8</ele>
      </trkpt>
      <trkpt lat="43.99069" lon="4.38589">
        <ele>88.1</ele>
      </trkpt>
      <trkpt lat="43.99052" lon="4.38564">
        <ele>90.4</ele>
      </trkpt>
      <trkpt lat="43.99043" lon="4.38553">
        <ele>91.3</ele>
      </trkpt>
      <trkpt lat="43.99029" lon="4.38538">
        <ele>92.3</ele>
      </trkpt>
      <trkpt lat="43.9901" lon="4.38521">
        <ele>92.9</ele>
      </trkpt>
      <trkpt lat="43.98959" lon="4.38485">
        <ele>96.5</ele>
      </trkpt>
      <trkpt lat="43.98909" lon="4.38449">
        <ele>98.3</ele>
      </trkpt>
      <trkpt lat="43.98892" lon="4.38435">
        <ele>97.2</ele>
      </trkpt>
      <trkpt lat="43.98878" lon="4.38422">
        <ele>96.3</ele>
      </trkpt>
      <trkpt lat="43.98857" lon="4.38397">
        <ele>96.3</ele>
      </trkpt>
      <trkpt lat="43.9884" lon="4.38371">
        <ele>96.6</ele>
      </trkpt>
      <trkpt lat="43.98825" lon="4.38344">
        <ele>97.0</ele>
      </trkpt>
      <trkpt lat="43.98818" lon="4.38327">
        <ele>97.2</ele>
      </trkpt>
      <trkpt lat="43.98805" lon="4.38291">
        <ele>97.5</ele>
      </trkpt>
      <trkpt lat="43.98796" lon="4.38252">
        <ele>97.9</ele>
      </trkpt>
      <trkpt lat="43.98792" lon="4.38212">
        <ele>100.1</ele>
      </trkpt>
      <trkpt lat="43.9879" lon="4.38161">
        <ele>102.6</ele>
      </trkpt>
      <trkpt lat="43.98788" lon="4.38106">
        <ele>103.3</ele>
      </trkpt>
      <trkpt lat="43.9878" lon="4.38046">
        <ele>105.0</ele>
      </trkpt>
      <trkpt lat="43.98777" lon="4.38024">
        <ele>105.8</ele>
      </trkpt>
      <trkpt lat="43.98762" lon="4.37965">
        <ele>106.7</ele>
      </trkpt>
      <trkpt lat="43.98751" lon="4.3793">
        <ele>106.9</ele>
      </trkpt>
      <trkpt lat="43.98737" lon="4.37891">
        <ele>108.4</ele>
      </trkpt>
      <trkpt lat="43.98728" lon="4.37869">
        <ele>109.5</ele>
      </trkpt>
      <trkpt lat="43.98706" lon="4.37828">
        <ele>111.1</ele>
      </trkpt>
      <trkpt lat="43.9868" lon="4.37783">
        <ele>111.4</ele>
      </trkpt>
      <trkpt lat="43.98622" lon="4.37698">
        <ele>112.7</ele>
      </trkpt>
      <trkpt lat="43.98564" lon="4.37613">
        <ele>114.6</ele>
      </trkpt>
      <trkpt lat="43.98506" lon="4.37529">
        <ele>116.7</ele>
      </trkpt>
      <trkpt lat="43.98459" lon="4.37464">
        <ele>117.9</ele>
      </trkpt>
      <trkpt lat="43.98412" lon="4.374">
        <ele>118.1</ele>
      </trkpt>
      <trkpt lat="43.98392" lon="4.37368">
        <ele>120.2</ele>
      </trkpt>
      <trkpt lat="43.98371" lon="4.37331">
        <ele>122.0</ele>
      </trkpt>
      <trkpt lat="43.98361" lon="4.3731">
        <ele>122.5</ele>
      </trkpt>
      <trkpt lat="43.98354" lon="4.37295">
        <ele>122.8</ele>
      </trkpt>
      <trkpt lat="43.98339" lon="4.3725">
        <ele>123.9</ele>
      </trkpt>
      <trkpt lat="43.98315" lon="4.37174">
        <ele>124.4</ele>
      </trkpt>
      <trkpt lat="43.98306" lon="4.37124">
        <ele>126.0</ele>
      </trkpt>
      <trkpt lat="43.98305" lon="4.37104">
        <ele>126.6</ele>
      </trkpt>
      <trkpt lat="43.98307" lon="4.37101">
        <ele>126.8</ele>
      </trkpt>
      <trkpt lat="43.98309" lon="4.37092">
        <ele>127.1</ele>
      </trkpt>
      <trkpt lat="43.98309" lon="4.37087">
        <ele>127.3</ele>
      </trkpt>
      <trkpt lat="43.98306" lon="4.37077">
        <ele>127.6</ele>
      </trkpt>
      <trkpt lat="43.98301" lon="4.37069">
        <ele>127.8</ele>
      </trkpt>
      <trkpt lat="43.98294" lon="4.37065">
        <ele>127.8</ele>
      </trkpt>
      <trkpt lat="43.98288" lon="4.37056">
        <ele>128.1</ele>
      </trkpt>
      <trkpt lat="43.98284" lon="4.37047">
        <ele>128.4</ele>
      </trkpt>
      <trkpt lat="43.98262" lon="4.36995">
        <ele>130.0</ele>
      </trkpt>
      <trkpt lat="43.98226" lon="4.36891">
        <ele>126.2</ele>
      </trkpt>
      <trkpt lat="43.98216" lon="4.36867">
        <ele>125.6</ele>
      </trkpt>
      <trkpt lat="43.98198" lon="4.36828">
        <ele>124.7</ele>
      </trkpt>
      <trkpt lat="43.98148" lon="4.36726">
        <ele>119.9</ele>
      </trkpt>
      <trkpt lat="43.98104" lon="4.36645">
        <ele>116.2</ele>
      </trkpt>
      <trkpt lat="43.98061" lon="4.36563">
        <ele>114.0</ele>
      </trkpt>
      <trkpt lat="43.98017" lon="4.36482">
        <ele>111.4</ele>
      </trkpt>
      <trkpt lat="43.97966" lon="4.36385">
        <ele>107.0</ele>
      </trkpt>
      <trkpt lat="43.97915" lon="4.36288">
        <ele>101.9</ele>
      </trkpt>
      <trkpt lat="43.97864" lon="4.3619">
        <ele>98.3</ele>
      </trkpt>
      <trkpt lat="43.97827" lon="4.36122">
        <ele>96.4</ele>
      </trkpt>
      <trkpt lat="43.97791" lon="4.36053">
        <ele>94.8</ele>
      </trkpt>
      <trkpt lat="43.97754" lon="4.35985">
        <ele>92.7</ele>
      </trkpt>
      <trkpt lat="43.97714" lon="4.35907">
        <ele>89.9</ele>
      </trkpt>
      <trkpt lat="43.97674" lon="4.35829">
        <ele>88.0</ele>
      </trkpt>
      <trkpt lat="43.97635" lon="4.35744">
        <ele>87.8</ele>
      </trkpt>
      <trkpt lat="43.97598" lon="4.35661">
        <ele>85.0</ele>
      </trkpt>
      <trkpt lat="43.97561" lon="4.35567">
        <ele>82.1</ele>
      </trkpt>
      <trkpt lat="43.97524" lon="4.35473">
        <ele>82.1</ele>
      </trkpt>
      <trkpt lat="43.97487" lon="4.3538">
        <ele>81.5</ele>
      </trkpt>
      <trkpt lat="43.9746" lon="4.35317">
        <ele>80.7</ele>
      </trkpt>
      <trkpt lat="43.97425" lon="4.35252">
        <ele>79.2</ele>
      </trkpt>
      <trkpt lat="43.9739" lon="4.35188">
        <ele>78.8</ele>
      </trkpt>
      <trkpt lat="43.97363" lon="4.35121">
        <ele>78.0</ele>
      </trkpt>
      <trkpt lat="43.97345" lon="4.35063">
        <ele>77.7</ele>
      </trkpt>
      <trkpt lat="43.97329" lon="4.35008">
        <ele>78.8</ele>
      </trkpt>
      <trkpt lat="43.97315" lon="4.34944">
        <ele>78.2</ele>
      </trkpt>
      <trkpt lat="43.97301" lon="4.3488">
        <ele>77.3</ele>
      </trkpt>
      <trkpt lat="43.97266" lon="4.34765">
        <ele>76.5</ele>
      </trkpt>
      <trkpt lat="43.97231" lon="4.3465">
        <ele>75.6</ele>
      </trkpt>
      <trkpt lat="43.97196" lon="4.34536">
        <ele>74.9</ele>
      </trkpt>
      <trkpt lat="43.97162" lon="4.34421">
        <ele>74.9</ele>
      </trkpt>
      <trkpt lat="43.97127" lon="4.34306">
        <ele>74.2</ele>
      </trkpt>
      <trkpt lat="43.97092" lon="4.34191">
        <ele>74.7</ele>
      </trkpt>
      <trkpt lat="43.97057" lon="4.34077">
        <ele>74.1</ele>
      </trkpt>
      <trkpt lat="43.97022" lon="4.33962">
        <ele>75.1</ele>
      </trkpt>
      <trkpt lat="43.97002" lon="4.33892">
        <ele>75.3</ele>
      </trkpt>
      <trkpt lat="43.96982" lon="4.33821">
        <ele>76.8</ele>
      </trkpt>
      <trkpt lat="43.96968" lon="4.33761">
        <ele>78.4</ele>
      </trkpt>
      <trkpt lat="43.9695" lon="4.33662">
        <ele>77.5</ele>
      </trkpt>
      <trkpt lat="43.96936" lon="4.33567">
        <ele>75.6</ele>
      </trkpt>
      <trkpt lat="43.96927" lon="4.33473">
        <ele>74.7</ele>
      </trkpt>
      <trkpt lat="43.96927" lon="4.3344">
        <ele>74.3</ele>
      </trkpt>
      <trkpt lat="43.96929" lon="4.33424">
        <ele>74.1</ele>
      </trkpt>
      <trkpt lat="43.96927" lon="4.33407">
        <ele>74.1</ele>
      </trkpt>
      <trkpt lat="43.96923" lon="4.33398">
        <ele>74.2</ele>
      </trkpt>
      <trkpt lat="43.9692" lon="4.33394">
        <ele>74.3</ele>
      </trkpt>
      <trkpt lat="43.96872" lon="4.33399">
        <ele>74.5</ele>
      </trkpt>
      <trkpt lat="43.96795" lon="4.3341">
        <ele>74.5</ele>
      </trkpt>
      <trkpt lat="43.96718" lon="4.3342">
        <ele>74.1</ele>
      </trkpt>
      <trkpt lat="43.96641" lon="4.3343">
        <ele>74.9</ele>
      </trkpt>
      <trkpt lat="43.96621" lon="4.3343">
        <ele>75.1</ele>
      </trkpt>
      <trkpt lat="43.96549" lon="4.33419">
        <ele>75.4</ele>
      </trkpt>
      <trkpt lat="43.96477" lon="4.33409">
        <ele>76.0</ele>
      </trkpt>
      <trkpt lat="43.96405" lon="4.33399">
        <ele>75.8</ele>
      </trkpt>
      <trkpt lat="43.96373" lon="4.33396">
        <ele>75.3</ele>
      </trkpt>
      <trkpt lat="43.96352" lon="4.33397">
        <ele>75.0</ele>
      </trkpt>
      <trkpt lat="43.96282" lon="4.33408">
        <ele>71.8</ele>
      </trkpt>
      <trkpt lat="43.96212" lon="4.33419">
        <ele>69.6</ele>
      </trkpt>
      <trkpt lat="43.96192" lon="4.33422">
        <ele>69.4</ele>
      </trkpt>
      <trkpt lat="43.96178" lon="4.33422">
        <ele>69.2</ele>
      </trkpt>
      <trkpt lat="43.96109" lon="4.33413">
        <ele>69.0</ele>
      </trkpt>
      <trkpt lat="43.96041" lon="4.33405">
        <ele>69.6</ele>
      </trkpt>
      <trkpt lat="43.95973" lon="4.33396">
        <ele>70.0</ele>
      </trkpt>
      <trkpt lat="43.95905" lon="4.33388">
        <ele>70.0</ele>
      </trkpt>
      <trkpt lat="43.95886" lon="4.33381">
        <ele>69.9</ele>
      </trkpt>
      <trkpt lat="43.95872" lon="4.33372">
        <ele>70.0</ele>
      </trkpt>
      <trkpt lat="43.95857" lon="4.33356">
        <ele>70.3</ele>
      </trkpt>
      <trkpt lat="43.95844" lon="4.33332">
        <ele>70.9</ele>
      </trkpt>
      <trkpt lat="43.95816" lon="4.33229">
        <ele>69.6</ele>
      </trkpt>
      <trkpt lat="43.95797" lon="4.3318">
        <ele>69.1</ele>
      </trkpt>
      <trkpt lat="43.95767" lon="4.33129">
        <ele>68.5</ele>
      </trkpt>
      <trkpt lat="43.95738" lon="4.33078">
        <ele>67.9</ele>
      </trkpt>
      <trkpt lat="43.95719" lon="4.33051">
        <ele>67.6</ele>
      </trkpt>
      <trkpt lat="43.95679" lon="4.33009">
        <ele>67.1</ele>
      </trkpt>
      <trkpt lat="43.95639" lon="4.32968">
        <ele>67.0</ele>
      </trkpt>
      <trkpt lat="43.95602" lon="4.32909">
        <ele>66.9</ele>
      </trkpt>
      <trkpt lat="43.95564" lon="4.32851">
        <ele>66.4</ele>
      </trkpt>
      <trkpt lat="43.95547" lon="4.32813">
        <ele>66.3</ele>
      </trkpt>
      <trkpt lat="43.95536" lon="4.32789">
        <ele>66.3</ele>
      </trkpt>
      <trkpt lat="43.95496" lon="4.32738">
        <ele>66.3</ele>
      </trkpt>
      <trkpt lat="43.95457" lon="4.32688">
        <ele>67.9</ele>
      </trkpt>
      <trkpt lat="43.95428" lon="4.32657">
        <ele>68.4</ele>
      </trkpt>
      <trkpt lat="43.95362" lon="4.32593">
        <ele>66.2</ele>
      </trkpt>
      <trkpt lat="43.95297" lon="4.32529">
        <ele>66.6</ele>
      </trkpt>
      <trkpt lat="43.95231" lon="4.32465">
        <ele>65.9</ele>
      </trkpt>
      <trkpt lat="43.95166" lon="4.32402">
        <ele>65.0</ele>
      </trkpt>
      <trkpt lat="43.95124" lon="4.32364">
        <ele>65.0</ele>
      </trkpt>
      <trkpt lat="43.95077" lon="4.32326">
        <ele>65.2</ele>
      </trkpt>
      <trkpt lat="43.9506" lon="4.32305">
        <ele>65.4</ele>
      </trkpt>
      <trkpt lat="43.95027" lon="4.3224">
        <ele>65.3</ele>
      </trkpt>
      <trkpt lat="43.94996" lon="4.32195">
        <ele>65.0</ele>
      </trkpt>
      <trkpt lat="43.94962" lon="4.32152">
        <ele>65.1</ele>
      </trkpt>
      <trkpt lat="43.94928" lon="4.32108">
        <ele>65.1</ele>
      </trkpt>
      <trkpt lat="43.94883" lon="4.32025">
        <ele>65.1</ele>
      </trkpt>
      <trkpt lat="43.94869" lon="4.32001">
        <ele>65.0</ele>
      </trkpt>
      <trkpt lat="43.94853" lon="4.31985">
        <ele>65.0</ele>
      </trkpt>
      <trkpt lat="43.94792" lon="4.31929">
        <ele>64.6</ele>
      </trkpt>
      <trkpt lat="43.94774" lon="4.31903">
        <ele>64.1</ele>
      </trkpt>
      <trkpt lat="43.94765" lon="4.31884">
        <ele>63.8</ele>
      </trkpt>
      <trkpt lat="43.94729" lon="4.31803">
        <ele>63.1</ele>
      </trkpt>
      <trkpt lat="43.94689" lon="4.3174">
        <ele>63.8</ele>
      </trkpt>
      <trkpt lat="43.94652" lon="4.31694">
        <ele>64.4</ele>
      </trkpt>
      <trkpt lat="43.94588" lon="4.31638">
        <ele>62.7</ele>
      </trkpt>
      <trkpt lat="43.94525" lon="4.31582">
        <ele>61.3</ele>
      </trkpt>
      <trkpt lat="43.94506" lon="4.31571">
        <ele>61.2</ele>
      </trkpt>
      <trkpt lat="43.94454" lon="4.31553">
        <ele>61.4</ele>
      </trkpt>
      <trkpt lat="43.94428" lon="4.3154">
        <ele>61.5</ele>
      </trkpt>
      <trkpt lat="43.9438" lon="4.31504">
        <ele>62.0</ele>
      </trkpt>
      <trkpt lat="43.94332" lon="4.31469">
        <ele>62.0</ele>
      </trkpt>
      <trkpt lat="43.94304" lon="4.31458">
        <ele>61.8</ele>
      </trkpt>
      <trkpt lat="43.94234" lon="4.31441">
        <ele>61.6</ele>
      </trkpt>
      <trkpt lat="43.94213" lon="4.31431">
        <ele>61.5</ele>
      </trkpt>
      <trkpt lat="43.94197" lon="4.31421">
        <ele>61.4</ele>
      </trkpt>
      <trkpt lat="43.94182" lon="4.31406">
        <ele>61.3</ele>
      </trkpt>
      <trkpt lat="43.94171" lon="4.31391">
        <ele>61.3</ele>
      </trkpt>
      <trkpt lat="43.94149" lon="4.31354">
        <ele>61.6</ele>
      </trkpt>
      <trkpt lat="43.94106" lon="4.31264">
        <ele>60.2</ele>
      </trkpt>
      <trkpt lat="43.94063" lon="4.31175">
        <ele>62.1</ele>
      </trkpt>
      <trkpt lat="43.9402" lon="4.31086">
        <ele>62.0</ele>
      </trkpt>
      <trkpt lat="43.93977" lon="4.30996">
        <ele>61.5</ele>
      </trkpt>
      <trkpt lat="43.9395" lon="4.30939">
        <ele>60.9</ele>
      </trkpt>
      <trkpt lat="43.93931" lon="4.30895">
        <ele>59.9</ele>
      </trkpt>
      <trkpt lat="43.93918" lon="4.30857">
        <ele>59.3</ele>
      </trkpt>
      <trkpt lat="43.93913" lon="4.30831">
        <ele>59.2</ele>
      </trkpt>
      <trkpt lat="43.93911" lon="4.30789">
        <ele>59.7</ele>
      </trkpt>
      <trkpt lat="43.93921" lon="4.3069">
        <ele>61.4</ele>
      </trkpt>
      <trkpt lat="43.9392" lon="4.30653">
        <ele>61.6</ele>
      </trkpt>
      <trkpt lat="43.93916" lon="4.30622">
        <ele>60.9</ele>
      </trkpt>
      <trkpt lat="43.93911" lon="4.30609">
        <ele>60.6</ele>
      </trkpt>
      <trkpt lat="43.93904" lon="4.30597">
        <ele>60.3</ele>
      </trkpt>
      <trkpt lat="43.93895" lon="4.30587">
        <ele>60.1</ele>
      </trkpt>
      <trkpt lat="43.93883" lon="4.30581">
        <ele>60.0</ele>
      </trkpt>
      <trkpt lat="43.93868" lon="4.30575">
        <ele>59.9</ele>
      </trkpt>
      <trkpt lat="43.93852" lon="4.30576">
        <ele>59.9</ele>
      </trkpt>
      <trkpt lat="43.93835" lon="4.3058">
        <ele>60.0</ele>
      </trkpt>
      <trkpt lat="43.93796" lon="4.30602">
        <ele>59.0</ele>
      </trkpt>
      <trkpt lat="43.93749" lon="4.30625">
        <ele>57.0</ele>
      </trkpt>
      <trkpt lat="43.93724" lon="4.30633">
        <ele>56.6</ele>
      </trkpt>
      <trkpt lat="43.93702" lon="4.30638">
        <ele>56.3</ele>
      </trkpt>
      <trkpt lat="43.93662" lon="4.30638">
        <ele>56.3</ele>
      </trkpt>
      <trkpt lat="43.93635" lon="4.30633">
        <ele>57.8</ele>
      </trkpt>
      <trkpt lat="43.9361" lon="4.30624">
        <ele>59.2</ele>
      </trkpt>
      <trkpt lat="43.93584" lon="4.3061">
        <ele>60.7</ele>
      </trkpt>
      <trkpt lat="43.93557" lon="4.3059">
        <ele>59.7</ele>
      </trkpt>
      <trkpt lat="43.93533" lon="4.30568">
        <ele>58.5</ele>
      </trkpt>
      <trkpt lat="43.935" lon="4.30527">
        <ele>56.4</ele>
      </trkpt>
      <trkpt lat="43.93466" lon="4.30464">
        <ele>60.4</ele>
      </trkpt>
      <trkpt lat="43.93432" lon="4.30401">
        <ele>67.9</ele>
      </trkpt>
      <trkpt lat="43.93407" lon="4.30345">
        <ele>70.6</ele>
      </trkpt>
      <trkpt lat="43.93363" lon="4.30262">
        <ele>78.0</ele>
      </trkpt>
      <trkpt lat="43.93342" lon="4.30218">
        <ele>78.7</ele>
      </trkpt>
      <trkpt lat="43.93321" lon="4.30159">
        <ele>77.0</ele>
      </trkpt>
      <trkpt lat="43.93302" lon="4.30084">
        <ele>74.8</ele>
      </trkpt>
      <trkpt lat="43.93294" lon="4.30046">
        <ele>73.9</ele>
      </trkpt>
      <trkpt lat="43.93288" lon="4.29997">
        <ele>71.3</ele>
      </trkpt>
      <trkpt lat="43.93284" lon="4.29956">
        <ele>69.6</ele>
      </trkpt>
      <trkpt lat="43.9328" lon="4.2984">
        <ele>65.4</ele>
      </trkpt>
      <trkpt lat="43.93281" lon="4.29825">
        <ele>65.2</ele>
      </trkpt>
      <trkpt lat="43.93285" lon="4.29794">
        <ele>65.1</ele>
      </trkpt>
      <trkpt lat="43.93304" lon="4.29708">
        <ele>63.8</ele>
      </trkpt>
      <trkpt lat="43.93323" lon="4.29622">
        <ele>63.5</ele>
      </trkpt>
      <trkpt lat="43.93326" lon="4.29601">
        <ele>64.0</ele>
      </trkpt>
      <trkpt lat="43.93325" lon="4.29585">
        <ele>64.6</ele>
      </trkpt>
      <trkpt lat="43.93314" lon="4.29513">
        <ele>66.3</ele>
      </trkpt>
      <trkpt lat="43.93304" lon="4.29442">
        <ele>66.0</ele>
      </trkpt>
      <trkpt lat="43.93304" lon="4.29414">
        <ele>65.7</ele>
      </trkpt>
      <trkpt lat="43.93308" lon="4.29291">
        <ele>62.7</ele>
      </trkpt>
      <trkpt lat="43.93312" lon="4.29167">
        <ele>61.6</ele>
      </trkpt>
      <trkpt lat="43.93305" lon="4.29062">
        <ele>62.5</ele>
      </trkpt>
      <trkpt lat="43.93305" lon="4.2905">
        <ele>62.5</ele>
      </trkpt>
      <trkpt lat="43.93299" lon="4.28956">
        <ele>63.7</ele>
      </trkpt>
      <trkpt lat="43.93293" lon="4.28863">
        <ele>65.3</ele>
      </trkpt>
      <trkpt lat="43.93287" lon="4.28769">
        <ele>65.2</ele>
      </trkpt>
      <trkpt lat="43.93287" lon="4.28759">
        <ele>65.1</ele>
      </trkpt>
      <trkpt lat="43.93276" lon="4.28712">
        <ele>64.4</ele>
      </trkpt>
      <trkpt lat="43.93254" lon="4.2863">
        <ele>62.5</ele>
      </trkpt>
      <trkpt lat="43.93232" lon="4.28548">
        <ele>64.2</ele>
      </trkpt>
      <trkpt lat="43.93209" lon="4.28466">
        <ele>64.6</ele>
      </trkpt>
      <trkpt lat="43.93192" lon="4.28411">
        <ele>64.0</ele>
      </trkpt>
      <trkpt lat="43.93186" lon="4.28395">
        <ele>64.1</ele>
      </trkpt>
      <trkpt lat="43.93197" lon="4.28372">
        <ele>63.4</ele>
      </trkpt>
      <trkpt lat="43.93201" lon="4.28362">
        <ele>63.1</ele>
      </trkpt>
      <trkpt lat="43.93202" lon="4.28351">
        <ele>62.9</ele>
      </trkpt>
      <trkpt lat="43.93203" lon="4.28337">
        <ele>62.7</ele>
      </trkpt>
      <trkpt lat="43.93201" lon="4.28326">
        <ele>62.8</ele>
      </trkpt>
      <trkpt lat="43.93189" lon="4.28291">
        <ele>63.2</ele>
      </trkpt>
      <trkpt lat="43.93178" lon="4.28247">
        <ele>63.7</ele>
      </trkpt>
      <trkpt lat="43.93165" lon="4.28166">
        <ele>66.1</ele>
      </trkpt>
      <trkpt lat="43.93157" lon="4.28102">
        <ele>66.3</ele>
      </trkpt>
      <trkpt lat="43.93149" lon="4.28037">
        <ele>65.4</ele>
      </trkpt>
      <trkpt lat="43.93143" lon="4.27932">
        <ele>61.4</ele>
      </trkpt>
      <trkpt lat="43.93138" lon="4.27904">
        <ele>61.1</ele>
      </trkpt>
      <trkpt lat="43.93125" lon="4.27866">
        <ele>61.7</ele>
      </trkpt>
      <trkpt lat="43.93083" lon="4.27761">
        <ele>59.4</ele>
      </trkpt>
      <trkpt lat="43.9304" lon="4.27655">
        <ele>61.6</ele>
      </trkpt>
      <trkpt lat="43.92998" lon="4.2755">
        <ele>62.0</ele>
      </trkpt>
      <trkpt lat="43.92974" lon="4.27472">
        <ele>62.1</ele>
      </trkpt>
      <trkpt lat="43.92948" lon="4.27376">
        <ele>62.5</ele>
      </trkpt>
      <trkpt lat="43.92922" lon="4.27309">
        <ele>61.4</ele>
      </trkpt>
      <trkpt lat="43.92896" lon="4.27241">
        <ele>61.2</ele>
      </trkpt>
      <trkpt lat="43.92879" lon="4.27183">
        <ele>63.1</ele>
      </trkpt>
      <trkpt lat="43.92861" lon="4.27125">
        <ele>64.0</ele>
      </trkpt>
      <trkpt lat="43.9281" lon="4.27061">
        <ele>65.7</ele>
      </trkpt>
      <trkpt lat="43.92784" lon="4.27004">
        <ele>67.3</ele>
      </trkpt>
      <trkpt lat="43.92739" lon="4.26945">
        <ele>68.0</ele>
      </trkpt>
      <trkpt lat="43.92705" lon="4.26886">
        <ele>68.8</ele>
      </trkpt>
      <trkpt lat="43.9267" lon="4.26828">
        <ele>70.8</ele>
      </trkpt>
      <trkpt lat="43.92633" lon="4.26768">
        <ele>72.3</ele>
      </trkpt>
      <trkpt lat="43.92623" lon="4.26748">
        <ele>72.6</ele>
      </trkpt>
      <trkpt lat="43.92618" lon="4.26729">
        <ele>72.8</ele>
      </trkpt>
      <trkpt lat="43.92616" lon="4.26607">
        <ele>72.7</ele>
      </trkpt>
      <trkpt lat="43.92598" lon="4.26493">
        <ele>75.1</ele>
      </trkpt>
      <trkpt lat="43.92592" lon="4.2646">
        <ele>76.5</ele>
      </trkpt>
      <trkpt lat="43.92588" lon="4.26445">
        <ele>77.3</ele>
      </trkpt>
      <trkpt lat="43.92579" lon="4.26429">
        <ele>78.6</ele>
      </trkpt>
      <trkpt lat="43.92551" lon="4.26395">
        <ele>81.0</ele>
      </trkpt>
      <trkpt lat="43.92537" lon="4.26346">
        <ele>83.0</ele>
      </trkpt>
      <trkpt lat="43.92527" lon="4.26326">
        <ele>84.0</ele>
      </trkpt>
      <trkpt lat="43.92511" lon="4.26301">
        <ele>85.0</ele>
      </trkpt>
      <trkpt lat="43.92516" lon="4.26277">
        <ele>84.5</ele>
      </trkpt>
      <trkpt lat="43.92518" lon="4.26253">
        <ele>84.1</ele>
      </trkpt>
      <trkpt lat="43.92525" lon="4.26231">
        <ele>82.3</ele>
      </trkpt>
      <trkpt lat="43.92531" lon="4.2622">
        <ele>81.2</ele>
      </trkpt>
      <trkpt lat="43.92523" lon="4.26211">
        <ele>81.5</ele>
      </trkpt>
      <trkpt lat="43.92519" lon="4.26203">
        <ele>81.4</ele>
      </trkpt>
      <trkpt lat="43.92505" lon="4.26116">
        <ele>79.5</ele>
      </trkpt>
      <trkpt lat="43.92491" lon="4.26029">
        <ele>77.2</ele>
      </trkpt>
      <trkpt lat="43.92476" lon="4.25942">
        <ele>74.4</ele>
      </trkpt>
      <trkpt lat="43.92461" lon="4.25864">
        <ele>73.9</ele>
      </trkpt>
      <trkpt lat="43.92441" lon="4.25749">
        <ele>74.1</ele>
      </trkpt>
      <trkpt lat="43.92422" lon="4.25633">
        <ele>72.5</ele>
      </trkpt>
      <trkpt lat="43.92421" lon="4.25595">
        <ele>72.1</ele>
      </trkpt>
      <trkpt lat="43.92424" lon="4.25579">
        <ele>71.9</ele>
      </trkpt>
      <trkpt lat="43.92428" lon="4.25572">
        <ele>71.7</ele>
      </trkpt>
      <trkpt lat="43.92429" lon="4.25566">
        <ele>71.6</ele>
      </trkpt>
      <trkpt lat="43.9243" lon="4.2556">
        <ele>71.5</ele>
      </trkpt>
      <trkpt lat="43.92429" lon="4.25554">
        <ele>71.4</ele>
      </trkpt>
      <trkpt lat="43.92428" lon="4.25548">
        <ele>71.4</ele>
      </trkpt>
      <trkpt lat="43.92426" lon="4.25543">
        <ele>71.4</ele>
      </trkpt>
      <trkpt lat="43.92423" lon="4.25539">
        <ele>71.4</ele>
      </trkpt>
      <trkpt lat="43.92419" lon="4.25536">
        <ele>71.4</ele>
      </trkpt>
      <trkpt lat="43.92415" lon="4.25534">
        <ele>71.4</ele>
      </trkpt>
      <trkpt lat="43.9241" lon="4.2552">
        <ele>71.3</ele>
      </trkpt>
      <trkpt lat="43.92399" lon="4.25485">
        <ele>71.5</ele>
      </trkpt>
      <trkpt lat="43.92382" lon="4.25384">
        <ele>72.2</ele>
      </trkpt>
      <trkpt lat="43.92382" lon="4.25376">
        <ele>72.1</ele>
      </trkpt>
      <trkpt lat="43.92368" lon="4.25299">
        <ele>71.1</ele>
      </trkpt>
      <trkpt lat="43.92354" lon="4.25222">
        <ele>71.0</ele>
      </trkpt>
      <trkpt lat="43.92337" lon="4.25152">
        <ele>72.1</ele>
      </trkpt>
      <trkpt lat="43.92305" lon="4.25059">
        <ele>72.8</ele>
      </trkpt>
      <trkpt lat="43.92296" lon="4.25037">
        <ele>73.2</ele>
      </trkpt>
      <trkpt lat="43.9226" lon="4.24942">
        <ele>72.5</ele>
      </trkpt>
      <trkpt lat="43.92223" lon="4.24847">
        <ele>73.5</ele>
      </trkpt>
      <trkpt lat="43.92186" lon="4.24752">
        <ele>74.8</ele>
      </trkpt>
      <trkpt lat="43.92149" lon="4.24657">
        <ele>74.7</ele>
      </trkpt>
      <trkpt lat="43.92127" lon="4.24609">
        <ele>74.8</ele>
      </trkpt>
      <trkpt lat="43.9208" lon="4.24522">
        <ele>74.5</ele>
      </trkpt>
      <trkpt lat="43.92033" lon="4.24434">
        <ele>73.0</ele>
      </trkpt>
      <trkpt lat="43.91985" lon="4.24347">
        <ele>72.8</ele>
      </trkpt>
      <trkpt lat="43.91946" lon="4.24278">
        <ele>74.2</ele>
      </trkpt>
      <trkpt lat="43.91906" lon="4.24209">
        <ele>75.2</ele>
      </trkpt>
      <trkpt lat="43.91866" lon="4.2414">
        <ele>76.3</ele>
      </trkpt>
      <trkpt lat="43.91828" lon="4.24058">
        <ele>76.1</ele>
      </trkpt>
      <trkpt lat="43.91775" lon="4.23966">
        <ele>77.1</ele>
      </trkpt>
      <trkpt lat="43.91722" lon="4.23873">
        <ele>78.2</ele>
      </trkpt>
      <trkpt lat="43.9168" lon="4.23792">
        <ele>79.6</ele>
      </trkpt>
      <trkpt lat="43.91639" lon="4.23711">
        <ele>80.3</ele>
      </trkpt>
      <trkpt lat="43.91625" lon="4.23688">
        <ele>80.5</ele>
      </trkpt>
      <trkpt lat="43.91573" lon="4.23619">
        <ele>82.0</ele>
      </trkpt>
      <trkpt lat="43.9152" lon="4.2355">
        <ele>84.4</ele>
      </trkpt>
      <trkpt lat="43.91468" lon="4.23482">
        <ele>84.6</ele>
      </trkpt>
      <trkpt lat="43.91428" lon="4.23396">
        <ele>84.7</ele>
      </trkpt>
      <trkpt lat="43.91388" lon="4.23311">
        <ele>86.1</ele>
      </trkpt>
      <trkpt lat="43.91361" lon="4.23245">
        <ele>85.7</ele>
      </trkpt>
      <trkpt lat="43.91334" lon="4.23178">
        <ele>86.1</ele>
      </trkpt>
      <trkpt lat="43.9131" lon="4.23115">
        <ele>87.1</ele>
      </trkpt>
      <trkpt lat="43.91286" lon="4.23052">
        <ele>86.9</ele>
      </trkpt>
      <trkpt lat="43.91269" lon="4.23019">
        <ele>86.4</ele>
      </trkpt>
      <trkpt lat="43.91214" lon="4.22936">
        <ele>85.0</ele>
      </trkpt>
      <trkpt lat="43.91159" lon="4.22854">
        <ele>83.6</ele>
      </trkpt>
      <trkpt lat="43.91145" lon="4.22827">
        <ele>83.2</ele>
      </trkpt>
      <trkpt lat="43.91136" lon="4.22796">
        <ele>83.1</ele>
      </trkpt>
      <trkpt lat="43.91119" lon="4.22681">
        <ele>84.0</ele>
      </trkpt>
      <trkpt lat="43.91112" lon="4.22639">
        <ele>84.7</ele>
      </trkpt>
      <trkpt lat="43.91104" lon="4.22614">
        <ele>85.1</ele>
      </trkpt>
      <trkpt lat="43.91091" lon="4.22586">
        <ele>85.8</ele>
      </trkpt>
      <trkpt lat="43.91075" lon="4.22553">
        <ele>85.1</ele>
      </trkpt>
      <trkpt lat="43.91049" lon="4.225">
        <ele>83.2</ele>
      </trkpt>
      <trkpt lat="43.91042" lon="4.2249">
        <ele>82.9</ele>
      </trkpt>
      <trkpt lat="43.91034" lon="4.2248">
        <ele>82.6</ele>
      </trkpt>
      <trkpt lat="43.91025" lon="4.22475">
        <ele>82.3</ele>
      </trkpt>
      <trkpt lat="43.91014" lon="4.22472">
        <ele>82.0</ele>
      </trkpt>
      <trkpt lat="43.91004" lon="4.22472">
        <ele>81.7</ele>
      </trkpt>
      <trkpt lat="43.90955" lon="4.22486">
        <ele>82.4</ele>
      </trkpt>
      <trkpt lat="43.90896" lon="4.22487">
        <ele>82.9</ele>
      </trkpt>
      <trkpt lat="43.90866" lon="4.22483">
        <ele>82.9</ele>
      </trkpt>
      <trkpt lat="43.90847" lon="4.22472">
        <ele>82.9</ele>
      </trkpt>
      <trkpt lat="43.90837" lon="4.22465">
        <ele>83.0</ele>
      </trkpt>
      <trkpt lat="43.90813" lon="4.22439">
        <ele>83.1</ele>
      </trkpt>
      <trkpt lat="43.90768" lon="4.22372">
        <ele>83.4</ele>
      </trkpt>
      <trkpt lat="43.90715" lon="4.22275">
        <ele>83.9</ele>
      </trkpt>
      <trkpt lat="43.90676" lon="4.22216">
        <ele>83.2</ele>
      </trkpt>
      <trkpt lat="43.90637" lon="4.22156">
        <ele>82.8</ele>
      </trkpt>
      <trkpt lat="43.90613" lon="4.22132">
        <ele>83.2</ele>
      </trkpt>
      <trkpt lat="43.90596" lon="4.22119">
        <ele>83.3</ele>
      </trkpt>
      <trkpt lat="43.90519" lon="4.22089">
        <ele>83.9</ele>
      </trkpt>
      <trkpt lat="43.90442" lon="4.2206">
        <ele>83.6</ele>
      </trkpt>
      <trkpt lat="43.90416" lon="4.22041">
        <ele>83.0</ele>
      </trkpt>
      <trkpt lat="43.90349" lon="4.21979">
        <ele>83.6</ele>
      </trkpt>
      <trkpt lat="43.90332" lon="4.21966">
        <ele>84.2</ele>
      </trkpt>
      <trkpt lat="43.90312" lon="4.21955">
        <ele>84.7</ele>
      </trkpt>
      <trkpt lat="43.90287" lon="4.21947">
        <ele>85.0</ele>
      </trkpt>
      <trkpt lat="43.90256" lon="4.21935">
        <ele>85.0</ele>
      </trkpt>
      <trkpt lat="43.90211" lon="4.21912">
        <ele>85.1</ele>
      </trkpt>
      <trkpt lat="43.90189" lon="4.21903">
        <ele>85.3</ele>
      </trkpt>
      <trkpt lat="43.90143" lon="4.21901">
        <ele>85.9</ele>
      </trkpt>
      <trkpt lat="43.90136" lon="4.21894">
        <ele>86.2</ele>
      </trkpt>
      <trkpt lat="43.90129" lon="4.21885">
        <ele>86.5</ele>
      </trkpt>
      <trkpt lat="43.90128" lon="4.21881">
        <ele>86.6</ele>
      </trkpt>
      <trkpt lat="43.90135" lon="4.21855">
        <ele>87.0</ele>
      </trkpt>
      <trkpt lat="43.90142" lon="4.21837">
        <ele>87.2</ele>
      </trkpt>
      <trkpt lat="43.90174" lon="4.21763">
        <ele>87.6</ele>
      </trkpt>
      <trkpt lat="43.90196" lon="4.21708">
        <ele>87.1</ele>
      </trkpt>
      <trkpt lat="43.90224" lon="4.21645">
        <ele>86.8</ele>
      </trkpt>
      <trkpt lat="43.90252" lon="4.21582">
        <ele>87.1</ele>
      </trkpt>
      <trkpt lat="43.90275" lon="4.21535">
        <ele>88.7</ele>
      </trkpt>
      <trkpt lat="43.90332" lon="4.21445">
        <ele>91.3</ele>
      </trkpt>
      <trkpt lat="43.9036" lon="4.21402">
        <ele>92.0</ele>
      </trkpt>
      <trkpt lat="43.90376" lon="4.21373">
        <ele>92.5</ele>
      </trkpt>
      <trkpt lat="43.90383" lon="4.21341">
        <ele>93.2</ele>
      </trkpt>
      <trkpt lat="43.90384" lon="4.21311">
        <ele>92.9</ele>
      </trkpt>
      <trkpt lat="43.90381" lon="4.21282">
        <ele>92.3</ele>
      </trkpt>
      <trkpt lat="43.9037" lon="4.21251">
        <ele>91.5</ele>
      </trkpt>
      <trkpt lat="43.90332" lon="4.21172">
        <ele>91.0</ele>
      </trkpt>
      <trkpt lat="43.90294" lon="4.21094">
        <ele>90.4</ele>
      </trkpt>
      <trkpt lat="43.90256" lon="4.21015">
        <ele>94.9</ele>
      </trkpt>
      <trkpt lat="43.90242" lon="4.20983">
        <ele>95.3</ele>
      </trkpt>
      <trkpt lat="43.90239" lon="4.20974">
        <ele>95.0</ele>
      </trkpt>
      <trkpt lat="43.90238" lon="4.20962">
        <ele>94.7</ele>
      </trkpt>
      <trkpt lat="43.90238" lon="4.20952">
        <ele>94.4</ele>
      </trkpt>
      <trkpt lat="43.90242" lon="4.2093">
        <ele>94.0</ele>
      </trkpt>
      <trkpt lat="43.90249" lon="4.20913">
        <ele>93.9</ele>
      </trkpt>
      <trkpt lat="43.90254" lon="4.20905">
        <ele>93.8</ele>
      </trkpt>
      <trkpt lat="43.90252" lon="4.20893">
        <ele>93.5</ele>
      </trkpt>
      <trkpt lat="43.90248" lon="4.20884">
        <ele>93.2</ele>
      </trkpt>
      <trkpt lat="43.90244" lon="4.2088">
        <ele>93.0</ele>
      </trkpt>
      <trkpt lat="43.90235" lon="4.20865">
        <ele>92.6</ele>
      </trkpt>
      <trkpt lat="43.90232" lon="4.20856">
        <ele>92.4</ele>
      </trkpt>
      <trkpt lat="43.90225" lon="4.2084">
        <ele>92.1</ele>
      </trkpt>
      <trkpt lat="43.90205" lon="4.20796">
        <ele>92.4</ele>
      </trkpt>
      <trkpt lat="43.90154" lon="4.20713">
        <ele>92.5</ele>
      </trkpt>
      <trkpt lat="43.90104" lon="4.20631">
        <ele>93.0</ele>
      </trkpt>
      <trkpt lat="43.90073" lon="4.20582">
        <ele>92.0</ele>
      </trkpt>
      <trkpt lat="43.90042" lon="4.20532">
        <ele>92.3</ele>
      </trkpt>
      <trkpt lat="43.90013" lon="4.20476">
        <ele>92.9</ele>
      </trkpt>
      <trkpt lat="43.89984" lon="4.20419">
        <ele>92.8</ele>
      </trkpt>
      <trkpt lat="43.89952" lon="4.20374">
        <ele>93.2</ele>
      </trkpt>
      <trkpt lat="43.89919" lon="4.20329">
        <ele>93.1</ele>
      </trkpt>
      <trkpt lat="43.89861" lon="4.20251">
        <ele>93.0</ele>
      </trkpt>
      <trkpt lat="43.89803" lon="4.20173">
        <ele>94.3</ele>
      </trkpt>
      <trkpt lat="43.89741" lon="4.20113">
        <ele>95.5</ele>
      </trkpt>
      <trkpt lat="43.89695" lon="4.20071">
        <ele>94.9</ele>
      </trkpt>
      <trkpt lat="43.89648" lon="4.20033">
        <ele>95.1</ele>
      </trkpt>
      <trkpt lat="43.89588" lon="4.19988">
        <ele>95.3</ele>
      </trkpt>
      <trkpt lat="43.89529" lon="4.19943">
        <ele>96.3</ele>
      </trkpt>
      <trkpt lat="43.89469" lon="4.19897">
        <ele>96.4</ele>
      </trkpt>
      <trkpt lat="43.89409" lon="4.19852">
        <ele>96.8</ele>
      </trkpt>
      <trkpt lat="43.894" lon="4.19844">
        <ele>96.9</ele>
      </trkpt>
      <trkpt lat="43.89391" lon="4.19837">
        <ele>97.0</ele>
      </trkpt>
      <trkpt lat="43.89321" lon="4.19762">
        <ele>97.1</ele>
      </trkpt>
      <trkpt lat="43.89249" lon="4.19691">
        <ele>98.0</ele>
      </trkpt>
      <trkpt lat="43.8921" lon="4.19665">
        <ele>98.5</ele>
      </trkpt>
      <trkpt lat="43.89173" lon="4.19649">
        <ele>99.6</ele>
      </trkpt>
      <trkpt lat="43.8916" lon="4.19638">
        <ele>100.1</ele>
      </trkpt>
      <trkpt lat="43.8915" lon="4.19621">
        <ele>100.6</ele>
      </trkpt>
      <trkpt lat="43.89144" lon="4.19579">
        <ele>101.8</ele>
      </trkpt>
      <trkpt lat="43.89139" lon="4.19568">
        <ele>102.0</ele>
      </trkpt>
      <trkpt lat="43.89096" lon="4.19507">
        <ele>104.4</ele>
      </trkpt>
      <trkpt lat="43.89054" lon="4.19445">
        <ele>106.3</ele>
      </trkpt>
      <trkpt lat="43.89011" lon="4.19384">
        <ele>106.7</ele>
      </trkpt>
      <trkpt lat="43.88957" lon="4.19301">
        <ele>108.4</ele>
      </trkpt>
      <trkpt lat="43.88903" lon="4.19219">
        <ele>110.2</ele>
      </trkpt>
      <trkpt lat="43.88867" lon="4.19158">
        <ele>110.1</ele>
      </trkpt>
      <trkpt lat="43.88838" lon="4.19101">
        <ele>111.5</ele>
      </trkpt>
      <trkpt lat="43.88834" lon="4.19046">
        <ele>112.4</ele>
      </trkpt>
      <trkpt lat="43.88829" lon="4.19024">
        <ele>112.8</ele>
      </trkpt>
      <trkpt lat="43.88823" lon="4.19006">
        <ele>113.2</ele>
      </trkpt>
      <trkpt lat="43.88791" lon="4.189409">
        <ele>115.1</ele>
      </trkpt>
      <trkpt lat="43.88759" lon="4.188749">
        <ele>117.7</ele>
      </trkpt>
      <trkpt lat="43.88753" lon="4.18879">
        <ele>117.8</ele>
      </trkpt>
      <trkpt lat="43.88742" lon="4.188799">
        <ele>117.8</ele>
      </trkpt>
      <trkpt lat="43.88695" lon="4.18896">
        <ele>117.2</ele>
      </trkpt>
      <trkpt lat="43.88671" lon="4.18898">
        <ele>117.0</ele>
      </trkpt>
      <trkpt lat="43.88643" lon="4.188939">
        <ele>115.6</ele>
      </trkpt>
      <trkpt lat="43.88622" lon="4.18892">
        <ele>114.3</ele>
      </trkpt>
      <trkpt lat="43.88601" lon="4.188939">
        <ele>113.0</ele>
      </trkpt>
      <trkpt lat="43.88565" lon="4.18912">
        <ele>111.3</ele>
      </trkpt>
      <trkpt lat="43.88523" lon="4.18938">
        <ele>109.4</ele>
      </trkpt>
      <trkpt lat="43.88519" lon="4.18938">
        <ele>109.3</ele>
      </trkpt>
      <trkpt lat="43.88505" lon="4.18937">
        <ele>108.9</ele>
      </trkpt>
      <trkpt lat="43.88487" lon="4.1893">
        <ele>108.9</ele>
      </trkpt>
      <trkpt lat="43.88471" lon="4.18911">
        <ele>109.1</ele>
      </trkpt>
      <trkpt lat="43.88464" lon="4.18855">
        <ele>109.7</ele>
      </trkpt>
      <trkpt lat="43.88449" lon="4.187979">
        <ele>111.1</ele>
      </trkpt>
      <trkpt lat="43.8842" lon="4.18741">
        <ele>113.2</ele>
      </trkpt>
      <trkpt lat="43.88391" lon="4.18684">
        <ele>114.0</ele>
      </trkpt>
      <trkpt lat="43.88388" lon="4.18679">
        <ele>114.0</ele>
      </trkpt>
      <trkpt lat="43.88382" lon="4.18674">
        <ele>114.0</ele>
      </trkpt>
      <trkpt lat="43.88366" lon="4.186689">
        <ele>113.7</ele>
      </trkpt>
      <trkpt lat="43.88356" lon="4.18666">
        <ele>113.6</ele>
      </trkpt>
      <trkpt lat="43.88354" lon="4.186639">
        <ele>113.6</ele>
      </trkpt>
      <trkpt lat="43.88352" lon="4.186569">
        <ele>113.8</ele>
      </trkpt>
      <trkpt lat="43.88345" lon="4.18626">
        <ele>114.4</ele>
      </trkpt>
      <trkpt lat="43.88334" lon="4.18599">
        <ele>114.7</ele>
      </trkpt>
      <trkpt lat="43.88322" lon="4.18571">
        <ele>115.4</ele>
      </trkpt>
      <trkpt lat="43.88302" lon="4.18534">
        <ele>117.0</ele>
      </trkpt>
      <trkpt lat="43.88265" lon="4.18473">
        <ele>119.8</ele>
      </trkpt>
      <trkpt lat="43.88228" lon="4.18411">
        <ele>122.0</ele>
      </trkpt>
      <trkpt lat="43.88194" lon="4.18358">
        <ele>121.5</ele>
      </trkpt>
      <trkpt lat="43.88133" lon="4.18275">
        <ele>121.3</ele>
      </trkpt>
      <trkpt lat="43.88089" lon="4.1822">
        <ele>121.0</ele>
      </trkpt>
      <trkpt lat="43.88048" lon="4.18178">
        <ele>121.3</ele>
      </trkpt>
      <trkpt lat="43.88007" lon="4.18147">
        <ele>121.6</ele>
      </trkpt>
      <trkpt lat="43.87966" lon="4.18116">
        <ele>120.7</ele>
      </trkpt>
      <trkpt lat="43.87923" lon="4.18077">
        <ele>119.5</ele>
      </trkpt>
      <trkpt lat="43.8788" lon="4.18038">
        <ele>119.2</ele>
      </trkpt>
      <trkpt lat="43.87838" lon="4.17988">
        <ele>119.8</ele>
      </trkpt>
      <trkpt lat="43.87796" lon="4.17938">
        <ele>122.4</ele>
      </trkpt>
      <trkpt lat="43.87775" lon="4.17908">
        <ele>123.6</ele>
      </trkpt>
      <trkpt lat="43.87753" lon="4.17874">
        <ele>124.6</ele>
      </trkpt>
      <trkpt lat="43.87696" lon="4.17785">
        <ele>126.5</ele>
      </trkpt>
      <trkpt lat="43.8764" lon="4.17696">
        <ele>128.1</ele>
      </trkpt>
      <trkpt lat="43.87584" lon="4.17607">
        <ele>129.4</ele>
      </trkpt>
      <trkpt lat="43.87528" lon="4.175169">
        <ele>136.4</ele>
      </trkpt>
      <trkpt lat="43.87471" lon="4.17428">
        <ele>137.2</ele>
      </trkpt>
      <trkpt lat="43.87415" lon="4.17339">
        <ele>139.0</ele>
      </trkpt>
      <trkpt lat="43.87388" lon="4.17298">
        <ele>139.3</ele>
      </trkpt>
      <trkpt lat="43.87361" lon="4.172609">
        <ele>140.2</ele>
      </trkpt>
      <trkpt lat="43.87319" lon="4.17215">
        <ele>142.7</ele>
      </trkpt>
      <trkpt lat="43.87277" lon="4.17168">
        <ele>143.6</ele>
      </trkpt>
      <trkpt lat="43.87226" lon="4.17113">
        <ele>145.6</ele>
      </trkpt>
      <trkpt lat="43.87175" lon="4.170569">
        <ele>145.9</ele>
      </trkpt>
      <trkpt lat="43.87133" lon="4.170029">
        <ele>146.9</ele>
      </trkpt>
      <trkpt lat="43.87092" lon="4.16948">
        <ele>148.3</ele>
      </trkpt>
      <trkpt lat="43.87037" lon="4.16873">
        <ele>150.2</ele>
      </trkpt>
      <trkpt lat="43.86981" lon="4.16798">
        <ele>150.1</ele>
      </trkpt>
      <trkpt lat="43.86926" lon="4.16723">
        <ele>150.9</ele>
      </trkpt>
      <trkpt lat="43.8687" lon="4.16648">
        <ele>155.5</ele>
      </trkpt>
      <trkpt lat="43.86825" lon="4.16594">
        <ele>158.6</ele>
      </trkpt>
      <trkpt lat="43.8678" lon="4.16539">
        <ele>158.9</ele>
      </trkpt>
      <trkpt lat="43.86746" lon="4.16499">
        <ele>157.0</ele>
      </trkpt>
      <trkpt lat="43.86711" lon="4.16464">
        <ele>157.4</ele>
      </trkpt>
      <trkpt lat="43.86679" lon="4.16439">
        <ele>158.1</ele>
      </trkpt>
      <trkpt lat="43.86633" lon="4.16408">
        <ele>157.5</ele>
      </trkpt>
      <trkpt lat="43.86593" lon="4.16378">
        <ele>156.3</ele>
      </trkpt>
      <trkpt lat="43.86553" lon="4.16349">
        <ele>156.0</ele>
      </trkpt>
      <trkpt lat="43.86488" lon="4.16293">
        <ele>156.0</ele>
      </trkpt>
      <trkpt lat="43.86423" lon="4.16237">
        <ele>156.1</ele>
      </trkpt>
      <trkpt lat="43.86372" lon="4.16193">
        <ele>155.6</ele>
      </trkpt>
      <trkpt lat="43.86337" lon="4.161609">
        <ele>154.9</ele>
      </trkpt>
      <trkpt lat="43.86296" lon="4.16129">
        <ele>153.8</ele>
      </trkpt>
      <trkpt lat="43.86255" lon="4.16096">
        <ele>153.8</ele>
      </trkpt>
      <trkpt lat="43.86182" lon="4.16056">
        <ele>150.9</ele>
      </trkpt>
      <trkpt lat="43.86109" lon="4.16015">
        <ele>149.6</ele>
      </trkpt>
      <trkpt lat="43.86097" lon="4.160059">
        <ele>149.3</ele>
      </trkpt>
      <trkpt lat="43.86056" lon="4.15982">
        <ele>148.7</ele>
      </trkpt>
      <trkpt lat="43.86038" lon="4.159729">
        <ele>148.2</ele>
      </trkpt>
      <trkpt lat="43.86021" lon="4.159709">
        <ele>147.8</ele>
      </trkpt>
      <trkpt lat="43.86006" lon="4.159729">
        <ele>147.5</ele>
      </trkpt>
      <trkpt lat="43.85991" lon="4.15972">
        <ele>146.9</ele>
      </trkpt>
      <trkpt lat="43.85987" lon="4.15968">
        <ele>146.6</ele>
      </trkpt>
      <trkpt lat="43.85983" lon="4.15965">
        <ele>146.3</ele>
      </trkpt>
      <trkpt lat="43.85977" lon="4.15962">
        <ele>145.9</ele>
      </trkpt>
      <trkpt lat="43.8597" lon="4.15963">
        <ele>145.6</ele>
      </trkpt>
      <trkpt lat="43.85963" lon="4.159659">
        <ele>145.3</ele>
      </trkpt>
      <trkpt lat="43.85958" lon="4.159709">
        <ele>145.1</ele>
      </trkpt>
      <trkpt lat="43.85955" lon="4.15977">
        <ele>145.0</ele>
      </trkpt>
      <trkpt lat="43.85952" lon="4.15983">
        <ele>145.0</ele>
      </trkpt>
      <trkpt lat="43.85944" lon="4.15991">
        <ele>144.6</ele>
      </trkpt>
      <trkpt lat="43.8594" lon="4.159919">
        <ele>144.3</ele>
      </trkpt>
      <trkpt lat="43.85934" lon="4.159919">
        <ele>144.0</ele>
      </trkpt>
      <trkpt lat="43.85923" lon="4.1599">
        <ele>143.4</ele>
      </trkpt>
      <trkpt lat="43.8592" lon="4.15986">
        <ele>143.2</ele>
      </trkpt>
      <trkpt lat="43.85917" lon="4.159799">
        <ele>143.0</ele>
      </trkpt>
      <trkpt lat="43.85904" lon="4.15901">
        <ele>142.9</ele>
      </trkpt>
      <trkpt lat="43.85887" lon="4.15852">
        <ele>142.2</ele>
      </trkpt>
      <trkpt lat="43.85871" lon="4.158159">
        <ele>141.6</ele>
      </trkpt>
      <trkpt lat="43.85846" lon="4.157809">
        <ele>141.3</ele>
      </trkpt>
      <trkpt lat="43.85787" lon="4.15724">
        <ele>144.4</ele>
      </trkpt>
      <trkpt lat="43.85745" lon="4.156799">
        <ele>145.7</ele>
      </trkpt>
      <trkpt lat="43.85713" lon="4.15634">
        <ele>146.7</ele>
      </trkpt>
      <trkpt lat="43.85682" lon="4.15588">
        <ele>148.4</ele>
      </trkpt>
      <trkpt lat="43.85651" lon="4.1554">
        <ele>149.5</ele>
      </trkpt>
      <trkpt lat="43.8562" lon="4.154919">
        <ele>150.0</ele>
      </trkpt>
      <trkpt lat="43.8559" lon="4.154569">
        <ele>149.9</ele>
      </trkpt>
      <trkpt lat="43.85564" lon="4.154379">
        <ele>149.4</ele>
      </trkpt>
      <trkpt lat="43.85521" lon="4.15414">
        <ele>148.2</ele>
      </trkpt>
      <trkpt lat="43.85478" lon="4.1539">
        <ele>145.8</ele>
      </trkpt>
      <trkpt lat="43.85427" lon="4.15346">
        <ele>140.5</ele>
      </trkpt>
      <trkpt lat="43.85364" lon="4.152949">
        <ele>133.9</ele>
      </trkpt>
      <trkpt lat="43.85291" lon="4.15249">
        <ele>130.4</ele>
      </trkpt>
      <trkpt lat="43.85219" lon="4.15202">
        <ele>126.8</ele>
      </trkpt>
      <trkpt lat="43.85147" lon="4.15156">
        <ele>124.2</ele>
      </trkpt>
      <trkpt lat="43.85081" lon="4.15122">
        <ele>123.5</ele>
      </trkpt>
      <trkpt lat="43.85016" lon="4.15087">
        <ele>123.9</ele>
      </trkpt>
      <trkpt lat="43.84949" lon="4.15053">
        <ele>122.5</ele>
      </trkpt>
      <trkpt lat="43.84882" lon="4.15019">
        <ele>121.4</ele>
      </trkpt>
      <trkpt lat="43.84832" lon="4.14981">
        <ele>119.1</ele>
      </trkpt>
      <trkpt lat="43.84792" lon="4.149429">
        <ele>117.5</ele>
      </trkpt>
      <trkpt lat="43.84753" lon="4.14906">
        <ele>115.7</ele>
      </trkpt>
      <trkpt lat="43.84721" lon="4.14871">
        <ele>114.4</ele>
      </trkpt>
      <trkpt lat="43.84679" lon="4.14815">
        <ele>112.5</ele>
      </trkpt>
      <trkpt lat="43.84622" lon="4.14726">
        <ele>106.8</ele>
      </trkpt>
      <trkpt lat="43.84584" lon="4.14675">
        <ele>103.6</ele>
      </trkpt>
      <trkpt lat="43.84546" lon="4.14625">
        <ele>101.5</ele>
      </trkpt>
      <trkpt lat="43.84514" lon="4.14579">
        <ele>99.4</ele>
      </trkpt>
      <trkpt lat="43.84481" lon="4.14534">
        <ele>98.3</ele>
      </trkpt>
      <trkpt lat="43.84454" lon="4.14477">
        <ele>95.6</ele>
      </trkpt>
      <trkpt lat="43.84427" lon="4.14421">
        <ele>93.3</ele>
      </trkpt>
      <trkpt lat="43.84402" lon="4.14377">
        <ele>90.8</ele>
      </trkpt>
      <trkpt lat="43.84373" lon="4.143399">
        <ele>88.9</ele>
      </trkpt>
      <trkpt lat="43.84323" lon="4.14294">
        <ele>87.7</ele>
      </trkpt>
      <trkpt lat="43.84247" lon="4.14242">
        <ele>85.7</ele>
      </trkpt>
      <trkpt lat="43.84171" lon="4.141899">
        <ele>84.8</ele>
      </trkpt>
      <trkpt lat="43.8413" lon="4.14171">
        <ele>83.7</ele>
      </trkpt>
      <trkpt lat="43.84094" lon="4.14161">
        <ele>83.0</ele>
      </trkpt>
      <trkpt lat="43.84031" lon="4.141619">
        <ele>81.7</ele>
      </trkpt>
      <trkpt lat="43.83978" lon="4.141569">
        <ele>80.7</ele>
      </trkpt>
      <trkpt lat="43.83953" lon="4.14149">
        <ele>80.1</ele>
      </trkpt>
      <trkpt lat="43.83873" lon="4.14112">
        <ele>80.7</ele>
      </trkpt>
      <trkpt lat="43.83847" lon="4.14097">
        <ele>81.2</ele>
      </trkpt>
      <trkpt lat="43.83795" lon="4.1405">
        <ele>83.3</ele>
      </trkpt>
      <trkpt lat="43.83742" lon="4.14003">
        <ele>85.3</ele>
      </trkpt>
      <trkpt lat="43.83689" lon="4.13956">
        <ele>84.2</ele>
      </trkpt>
      <trkpt lat="43.83649" lon="4.13921">
        <ele>83.4</ele>
      </trkpt>
      <trkpt lat="43.8361" lon="4.138849">
        <ele>82.9</ele>
      </trkpt>
      <trkpt lat="43.83571" lon="4.13856">
        <ele>82.6</ele>
      </trkpt>
      <trkpt lat="43.83496" lon="4.13805">
        <ele>81.3</ele>
      </trkpt>
      <trkpt lat="43.83415" lon="4.13753">
        <ele>81.0</ele>
      </trkpt>
      <trkpt lat="43.83335" lon="4.13701">
        <ele>79.2</ele>
      </trkpt>
      <trkpt lat="43.83254" lon="4.13649">
        <ele>80.6</ele>
      </trkpt>
      <trkpt lat="43.8318" lon="4.13602">
        <ele>81.1</ele>
      </trkpt>
      <trkpt lat="43.83102" lon="4.13558">
        <ele>79.7</ele>
      </trkpt>
      <trkpt lat="43.8308" lon="4.13546">
        <ele>79.1</ele>
      </trkpt>
      <trkpt lat="43.83001" lon="4.134979">
        <ele>77.0</ele>
      </trkpt>
      <trkpt lat="43.82946" lon="4.13448">
        <ele>78.7</ele>
      </trkpt>
      <trkpt lat="43.82902" lon="4.133969">
        <ele>77.1</ele>
      </trkpt>
      <trkpt lat="43.82857" lon="4.13345">
        <ele>76.3</ele>
      </trkpt>
      <trkpt lat="43.82786" lon="4.13277">
        <ele>74.0</ele>
      </trkpt>
      <trkpt lat="43.82735" lon="4.13232">
        <ele>71.5</ele>
      </trkpt>
      <trkpt lat="43.82683" lon="4.13187">
        <ele>69.9</ele>
      </trkpt>
      <trkpt lat="43.82632" lon="4.13142">
        <ele>69.0</ele>
      </trkpt>
      <trkpt lat="43.8257" lon="4.13089">
        <ele>68.3</ele>
      </trkpt>
      <trkpt lat="43.8253" lon="4.13047">
        <ele>68.1</ele>
      </trkpt>
      <trkpt lat="43.82506" lon="4.13015">
        <ele>67.4</ele>
      </trkpt>
      <trkpt lat="43.82467" lon="4.12952">
        <ele>65.4</ele>
      </trkpt>
      <trkpt lat="43.82449" lon="4.1292">
        <ele>64.0</ele>
      </trkpt>
      <trkpt lat="43.82422" lon="4.12884">
        <ele>61.9</ele>
      </trkpt>
      <trkpt lat="43.82401" lon="4.128599">
        <ele>61.6</ele>
      </trkpt>
      <trkpt lat="43.82378" lon="4.128409">
        <ele>61.9</ele>
      </trkpt>
      <trkpt lat="43.82333" lon="4.12812">
        <ele>63.3</ele>
      </trkpt>
      <trkpt lat="43.82282" lon="4.1279">
        <ele>65.7</ele>
      </trkpt>
      <trkpt lat="43.82238" lon="4.12774">
        <ele>68.2</ele>
      </trkpt>
      <trkpt lat="43.8221" lon="4.12757">
        <ele>70.3</ele>
      </trkpt>
      <trkpt lat="43.82178" lon="4.12729">
        <ele>72.1</ele>
      </trkpt>
      <trkpt lat="43.82161" lon="4.12716">
        <ele>73.2</ele>
      </trkpt>
      <trkpt lat="43.82082" lon="4.12683">
        <ele>77.1</ele>
      </trkpt>
      <trkpt lat="43.82044" lon="4.126629">
        <ele>78.5</ele>
      </trkpt>
      <trkpt lat="43.81998" lon="4.12626">
        <ele>79.6</ele>
      </trkpt>
      <trkpt lat="43.81945" lon="4.12592">
        <ele>78.0</ele>
      </trkpt>
      <trkpt lat="43.81892" lon="4.12559">
        <ele>78.6</ele>
      </trkpt>
      <trkpt lat="43.8186" lon="4.125359">
        <ele>80.6</ele>
      </trkpt>
      <trkpt lat="43.8184" lon="4.12511">
        <ele>82.3</ele>
      </trkpt>
      <trkpt lat="43.81817" lon="4.124729">
        <ele>82.4</ele>
      </trkpt>
      <trkpt lat="43.81798" lon="4.12456">
        <ele>82.6</ele>
      </trkpt>
      <trkpt lat="43.81761" lon="4.12437">
        <ele>84.3</ele>
      </trkpt>
      <trkpt lat="43.81736" lon="4.12425">
        <ele>85.8</ele>
      </trkpt>
      <trkpt lat="43.81663" lon="4.12394">
        <ele>91.2</ele>
      </trkpt>
      <trkpt lat="43.8159" lon="4.12362">
        <ele>94.7</ele>
      </trkpt>
      <trkpt lat="43.81518" lon="4.12331">
        <ele>97.0</ele>
      </trkpt>
      <trkpt lat="43.81501" lon="4.12321">
        <ele>97.2</ele>
      </trkpt>
      <trkpt lat="43.81492" lon="4.123109">
        <ele>97.3</ele>
      </trkpt>
      <trkpt lat="43.81482" lon="4.12291">
        <ele>97.6</ele>
      </trkpt>
      <trkpt lat="43.81475" lon="4.1227">
        <ele>97.8</ele>
      </trkpt>
      <trkpt lat="43.81465" lon="4.12253">
        <ele>98.0</ele>
      </trkpt>
      <trkpt lat="43.81443" lon="4.122289">
        <ele>98.4</ele>
      </trkpt>
      <trkpt lat="43.81414" lon="4.122029">
        <ele>98.7</ele>
      </trkpt>
      <trkpt lat="43.81398" lon="4.121909">
        <ele>99.6</ele>
      </trkpt>
      <trkpt lat="43.81322" lon="4.1218">
        <ele>103.2</ele>
      </trkpt>
      <trkpt lat="43.81261" lon="4.121679">
        <ele>105.6</ele>
      </trkpt>
      <trkpt lat="43.81199" lon="4.12155">
        <ele>104.8</ele>
      </trkpt>
      <trkpt lat="43.81187" lon="4.12152">
        <ele>104.6</ele>
      </trkpt>
      <trkpt lat="43.81167" lon="4.1214">
        <ele>104.3</ele>
      </trkpt>
      <trkpt lat="43.81109" lon="4.12104">
        <ele>102.5</ele>
      </trkpt>
      <trkpt lat="43.81052" lon="4.12068">
        <ele>100.4</ele>
      </trkpt>
      <trkpt lat="43.80984" lon="4.12039">
        <ele>98.7</ele>
      </trkpt>
      <trkpt lat="43.8094" lon="4.120129">
        <ele>98.2</ele>
      </trkpt>
      <trkpt lat="43.80908" lon="4.1199">
        <ele>97.6</ele>
      </trkpt>
      <trkpt lat="43.80845" lon="4.11934">
        <ele>97.5</ele>
      </trkpt>
      <trkpt lat="43.80808" lon="4.11885">
        <ele>98.5</ele>
      </trkpt>
      <trkpt lat="43.80762" lon="4.11817">
        <ele>99.8</ele>
      </trkpt>
      <trkpt lat="43.80733" lon="4.117689">
        <ele>99.4</ele>
      </trkpt>
      <trkpt lat="43.80722" lon="4.11744">
        <ele>98.8</ele>
      </trkpt>
      <trkpt lat="43.80689" lon="4.11646">
        <ele>96.3</ele>
      </trkpt>
      <trkpt lat="43.80655" lon="4.11547">
        <ele>95.7</ele>
      </trkpt>
      <trkpt lat="43.80621" lon="4.11448">
        <ele>94.0</ele>
      </trkpt>
      <trkpt lat="43.80588" lon="4.1135">
        <ele>92.1</ele>
      </trkpt>
      <trkpt lat="43.80559" lon="4.11266">
        <ele>91.5</ele>
      </trkpt>
      <trkpt lat="43.8053" lon="4.11183">
        <ele>88.8</ele>
      </trkpt>
      <trkpt lat="43.80501" lon="4.110999">
        <ele>88.0</ele>
      </trkpt>
      <trkpt lat="43.80486" lon="4.11067">
        <ele>87.8</ele>
      </trkpt>
      <trkpt lat="43.80445" lon="4.11006">
        <ele>86.7</ele>
      </trkpt>
      <trkpt lat="43.80404" lon="4.10945">
        <ele>85.5</ele>
      </trkpt>
      <trkpt lat="43.80376" lon="4.108889">
        <ele>83.9</ele>
      </trkpt>
      <trkpt lat="43.80349" lon="4.10823">
        <ele>82.4</ele>
      </trkpt>
      <trkpt lat="43.80335" lon="4.10804">
        <ele>81.7</ele>
      </trkpt>
      <trkpt lat="43.80315" lon="4.10784">
        <ele>81.3</ele>
      </trkpt>
      <trkpt lat="43.80291" lon="4.10769">
        <ele>80.8</ele>
      </trkpt>
      <trkpt lat="43.80264" lon="4.107579">
        <ele>80.3</ele>
      </trkpt>
      <trkpt lat="43.80243" lon="4.107459">
        <ele>80.1</ele>
      </trkpt>
      <trkpt lat="43.80235" lon="4.10731">
        <ele>80.1</ele>
      </trkpt>
      <trkpt lat="43.80231" lon="4.10716">
        <ele>79.9</ele>
      </trkpt>
      <trkpt lat="43.80233" lon="4.107109">
        <ele>79.7</ele>
      </trkpt>
      <trkpt lat="43.80234" lon="4.10705">
        <ele>79.6</ele>
      </trkpt>
      <trkpt lat="43.80234" lon="4.10698">
        <ele>79.5</ele>
      </trkpt>
      <trkpt lat="43.80233" lon="4.106919">
        <ele>79.4</ele>
      </trkpt>
      <trkpt lat="43.8023" lon="4.10686">
        <ele>79.3</ele>
      </trkpt>
      <trkpt lat="43.80226" lon="4.10682">
        <ele>79.3</ele>
      </trkpt>
      <trkpt lat="43.80222" lon="4.1068">
        <ele>79.3</ele>
      </trkpt>
      <trkpt lat="43.80217" lon="4.10679">
        <ele>79.3</ele>
      </trkpt>
      <trkpt lat="43.80213" lon="4.10681">
        <ele>79.3</ele>
      </trkpt>
      <trkpt lat="43.80208" lon="4.10684">
        <ele>79.4</ele>
      </trkpt>
      <trkpt lat="43.80195" lon="4.10682">
        <ele>79.4</ele>
      </trkpt>
      <trkpt lat="43.80176" lon="4.10676">
        <ele>79.3</ele>
      </trkpt>
      <trkpt lat="43.80163" lon="4.10667">
        <ele>79.0</ele>
      </trkpt>
      <trkpt lat="43.8013" lon="4.10632">
        <ele>78.2</ele>
      </trkpt>
      <trkpt lat="43.80102" lon="4.10608">
        <ele>77.2</ele>
      </trkpt>
      <trkpt lat="43.8009" lon="4.105979">
        <ele>76.7</ele>
      </trkpt>
      <trkpt lat="43.80037" lon="4.105699">
        <ele>76.3</ele>
      </trkpt>
      <trkpt lat="43.79989" lon="4.10547">
        <ele>76.9</ele>
      </trkpt>
      <trkpt lat="43.79967" lon="4.10525">
        <ele>77.2</ele>
      </trkpt>
      <trkpt lat="43.79955" lon="4.105089">
        <ele>77.3</ele>
      </trkpt>
      <trkpt lat="43.7994" lon="4.10489">
        <ele>77.1</ele>
      </trkpt>
      <trkpt lat="43.79912" lon="4.10425">
        <ele>76.6</ele>
      </trkpt>
      <trkpt lat="43.79898" lon="4.10382">
        <ele>77.0</ele>
      </trkpt>
      <trkpt lat="43.79879" lon="4.10335">
        <ele>77.3</ele>
      </trkpt>
      <trkpt lat="43.79846" lon="4.102859">
        <ele>78.3</ele>
      </trkpt>
      <trkpt lat="43.79813" lon="4.102369">
        <ele>78.0</ele>
      </trkpt>
      <trkpt lat="43.79796" lon="4.10202">
        <ele>77.0</ele>
      </trkpt>
      <trkpt lat="43.79779" lon="4.101429">
        <ele>75.1</ele>
      </trkpt>
      <trkpt lat="43.79763" lon="4.10084">
        <ele>73.3</ele>
      </trkpt>
      <trkpt lat="43.7973" lon="4.09983">
        <ele>70.7</ele>
      </trkpt>
      <trkpt lat="43.79703" lon="4.098919">
        <ele>65.3</ele>
      </trkpt>
      <trkpt lat="43.79676" lon="4.09801">
        <ele>61.8</ele>
      </trkpt>
      <trkpt lat="43.79649" lon="4.0971">
        <ele>57.7</ele>
      </trkpt>
      <trkpt lat="43.79626" lon="4.09678">
        <ele>56.8</ele>
      </trkpt>
      <trkpt lat="43.79571" lon="4.096199">
        <ele>55.0</ele>
      </trkpt>
      <trkpt lat="43.79554" lon="4.09593">
        <ele>54.1</ele>
      </trkpt>
      <trkpt lat="43.79556" lon="4.095869">
        <ele>53.8</ele>
      </trkpt>
      <trkpt lat="43.79555" lon="4.09581">
        <ele>53.6</ele>
      </trkpt>
      <trkpt lat="43.79551" lon="4.09577">
        <ele>53.6</ele>
      </trkpt>
      <trkpt lat="43.79547" lon="4.09576">
        <ele>53.7</ele>
      </trkpt>
      <trkpt lat="43.79545" lon="4.09578">
        <ele>53.8</ele>
      </trkpt>
      <trkpt lat="43.79531" lon="4.09548">
        <ele>53.4</ele>
      </trkpt>
      <trkpt lat="43.7948" lon="4.094459">
        <ele>50.6</ele>
      </trkpt>
      <trkpt lat="43.79447" lon="4.09389">
        <ele>47.8</ele>
      </trkpt>
      <trkpt lat="43.79394" lon="4.09321">
        <ele>46.3</ele>
      </trkpt>
      <trkpt lat="43.7934" lon="4.09253">
        <ele>45.0</ele>
      </trkpt>
      <trkpt lat="43.79322" lon="4.09236">
        <ele>44.4</ele>
      </trkpt>
      <trkpt lat="43.79284" lon="4.0921">
        <ele>44.1</ele>
      </trkpt>
      <trkpt lat="43.79223" lon="4.09166">
        <ele>43.3</ele>
      </trkpt>
      <trkpt lat="43.79179" lon="4.09131">
        <ele>41.8</ele>
      </trkpt>
      <trkpt lat="43.79169" lon="4.091179">
        <ele>41.1</ele>
      </trkpt>
      <trkpt lat="43.79163" lon="4.091059">
        <ele>40.3</ele>
      </trkpt>
      <trkpt lat="43.7916" lon="4.09089">
        <ele>39.1</ele>
      </trkpt>
      <trkpt lat="43.79155" lon="4.09081">
        <ele>38.4</ele>
      </trkpt>
      <trkpt lat="43.79148" lon="4.09076">
        <ele>38.0</ele>
      </trkpt>
      <trkpt lat="43.7914" lon="4.09074">
        <ele>37.6</ele>
      </trkpt>
      <trkpt lat="43.7913" lon="4.09076">
        <ele>37.4</ele>
      </trkpt>
      <trkpt lat="43.79118" lon="4.09076">
        <ele>37.0</ele>
      </trkpt>
      <trkpt lat="43.79111" lon="4.090729">
        <ele>36.6</ele>
      </trkpt>
      <trkpt lat="43.7909" lon="4.09058">
        <ele>35.3</ele>
      </trkpt>
      <trkpt lat="43.79086" lon="4.090519">
        <ele>34.9</ele>
      </trkpt>
      <trkpt lat="43.79087" lon="4.090499">
        <ele>34.9</ele>
      </trkpt>
      <trkpt lat="43.79087" lon="4.090449">
        <ele>34.7</ele>
      </trkpt>
      <trkpt lat="43.79085" lon="4.09041">
        <ele>34.5</ele>
      </trkpt>
      <trkpt lat="43.79082" lon="4.0904">
        <ele>34.4</ele>
      </trkpt>
      <trkpt lat="43.7908" lon="4.09042">
        <ele>34.4</ele>
      </trkpt>
      <trkpt lat="43.79078" lon="4.090449">
        <ele>34.5</ele>
      </trkpt>
      <trkpt lat="43.79078" lon="4.09049">
        <ele>34.6</ele>
      </trkpt>
      <trkpt lat="43.79065" lon="4.09047">
        <ele>34.2</ele>
      </trkpt>
      <trkpt lat="43.79042" lon="4.09047">
        <ele>33.6</ele>
      </trkpt>
      <trkpt lat="43.78985" lon="4.090429">
        <ele>32.4</ele>
      </trkpt>
      <trkpt lat="43.78943" lon="4.09035">
        <ele>32.0</ele>
      </trkpt>
      <trkpt lat="43.78881" lon="4.090239">
        <ele>32.0</ele>
      </trkpt>
      <trkpt lat="43.78819" lon="4.09013">
        <ele>32.2</ele>
      </trkpt>
      <trkpt lat="43.78793" lon="4.090099">
        <ele>31.9</ele>
      </trkpt>
      <trkpt lat="43.78723" lon="4.09013">
        <ele>31.1</ele>
      </trkpt>
      <trkpt lat="43.78653" lon="4.09016">
        <ele>30.1</ele>
      </trkpt>
      <trkpt lat="43.78606" lon="4.09021">
        <ele>31.5</ele>
      </trkpt>
      <trkpt lat="43.78558" lon="4.09026">
        <ele>32.7</ele>
      </trkpt>
      <trkpt lat="43.78529" lon="4.09027">
        <ele>33.2</ele>
      </trkpt>
      <trkpt lat="43.7851" lon="4.0903">
        <ele>33.6</ele>
      </trkpt>
      <trkpt lat="43.78492" lon="4.0903">
        <ele>34.0</ele>
      </trkpt>
      <trkpt lat="43.78488" lon="4.0903">
        <ele>34.1</ele>
      </trkpt>
      <trkpt lat="43.78468" lon="4.09029">
        <ele>34.7</ele>
      </trkpt>
      <trkpt lat="43.78463" lon="4.09026">
        <ele>34.8</ele>
      </trkpt>
      <trkpt lat="43.78459" lon="4.0902">
        <ele>34.7</ele>
      </trkpt>
      <trkpt lat="43.78431" lon="4.08965">
        <ele>33.9</ele>
      </trkpt>
      <trkpt lat="43.78403" lon="4.0891">
        <ele>32.6</ele>
      </trkpt>
      <trkpt lat="43.78383" lon="4.088669">
        <ele>31.1</ele>
      </trkpt>
      <trkpt lat="43.78363" lon="4.088269">
        <ele>29.3</ele>
      </trkpt>
      <trkpt lat="43.78301" lon="4.08885">
        <ele>29.5</ele>
      </trkpt>
      <trkpt lat="43.78244" lon="4.089439">
        <ele>29.7</ele>
      </trkpt>
      <trkpt lat="43.78238" lon="4.089349">
        <ele>29.2</ele>
      </trkpt>
      <trkpt lat="43.782" lon="4.08846">
        <ele>29.8</ele>
      </trkpt>
      <trkpt lat="43.78184" lon="4.0881">
        <ele>29.8</ele>
      </trkpt>
      <trkpt lat="43.78176" lon="4.08802">
        <ele>29.7</ele>
      </trkpt>
      <trkpt lat="43.78175" lon="4.08778">
        <ele>28.9</ele>
      </trkpt>
      <trkpt lat="43.78176" lon="4.08757">
        <ele>28.1</ele>
      </trkpt>
      <trkpt lat="43.78177" lon="4.087469">
        <ele>27.8</ele>
      </trkpt>
      <trkpt lat="43.78179" lon="4.08737">
        <ele>27.6</ele>
      </trkpt>
      <trkpt lat="43.78185" lon="4.08721">
        <ele>27.2</ele>
      </trkpt>
      <trkpt lat="43.78194" lon="4.08714">
        <ele>26.9</ele>
      </trkpt>
      <trkpt lat="43.78204" lon="4.08717">
        <ele>26.9</ele>
      </trkpt>
      <trkpt lat="43.78208" lon="4.08717">
        <ele>26.9</ele>
      </trkpt>
      <trkpt lat="43.78213" lon="4.08715">
        <ele>26.8</ele>
      </trkpt>
      <trkpt lat="43.78215" lon="4.087119">
        <ele>26.8</ele>
      </trkpt>
      <trkpt lat="43.78217" lon="4.08709">
        <ele>26.7</ele>
      </trkpt>
      <trkpt lat="43.78218" lon="4.086999">
        <ele>26.6</ele>
      </trkpt>
      <trkpt lat="43.78215" lon="4.0869">
        <ele>26.4</ele>
      </trkpt>
      <trkpt lat="43.78213" lon="4.08685">
        <ele>26.3</ele>
      </trkpt>
      <trkpt lat="43.78208" lon="4.0868">
        <ele>26.2</ele>
      </trkpt>
      <trkpt lat="43.78202" lon="4.08674">
        <ele>26.1</ele>
      </trkpt>
      <trkpt lat="43.78197" lon="4.08671">
        <ele>26.1</ele>
      </trkpt>
      <trkpt lat="43.78193" lon="4.086579">
        <ele>26.1</ele>
      </trkpt>
      <trkpt lat="43.78193" lon="4.086509">
        <ele>26.2</ele>
      </trkpt>
      <trkpt lat="43.78189" lon="4.0864">
        <ele>26.3</ele>
      </trkpt>
      <trkpt lat="43.78186" lon="4.08638">
        <ele>26.3</ele>
      </trkpt>
      <trkpt lat="43.7818" lon="4.08635">
        <ele>26.4</ele>
      </trkpt>
      <trkpt lat="43.7815" lon="4.086249">
        <ele>26.4</ele>
      </trkpt>
      <trkpt lat="43.78144" lon="4.08621">
        <ele>26.4</ele>
      </trkpt>
      <trkpt lat="43.78138" lon="4.08613">
        <ele>26.5</ele>
      </trkpt>
      <trkpt lat="43.78136" lon="4.08603">
        <ele>26.7</ele>
      </trkpt>
      <trkpt lat="43.78129" lon="4.08551">
        <ele>27.7</ele>
      </trkpt>
      <trkpt lat="43.78119" lon="4.08462">
        <ele>28.5</ele>
      </trkpt>
      <trkpt lat="43.78109" lon="4.08373">
        <ele>27.5</ele>
      </trkpt>
      <trkpt lat="43.78107" lon="4.08347">
        <ele>27.2</ele>
      </trkpt>
      <trkpt lat="43.78103" lon="4.08235">
        <ele>28.4</ele>
      </trkpt>
      <trkpt lat="43.781" lon="4.08197">
        <ele>28.8</ele>
      </trkpt>
      <trkpt lat="43.78103" lon="4.08178">
        <ele>29.1</ele>
      </trkpt>
      <trkpt lat="43.78106" lon="4.08171">
        <ele>29.2</ele>
      </trkpt>
      <trkpt lat="43.78106" lon="4.08167">
        <ele>29.3</ele>
      </trkpt>
      <trkpt lat="43.78104" lon="4.0816">
        <ele>29.3</ele>
      </trkpt>
      <trkpt lat="43.78099" lon="4.081559">
        <ele>29.2</ele>
      </trkpt>
      <trkpt lat="43.78096" lon="4.08155">
        <ele>29.2</ele>
      </trkpt>
      <trkpt lat="43.78092" lon="4.08157">
        <ele>29.1</ele>
      </trkpt>
      <trkpt lat="43.78074" lon="4.08147">
        <ele>29.4</ele>
      </trkpt>
      <trkpt lat="43.78037" lon="4.08092">
        <ele>30.7</ele>
      </trkpt>
      <trkpt lat="43.78" lon="4.08037">
        <ele>29.2</ele>
      </trkpt>
      <trkpt lat="43.77988" lon="4.08017">
        <ele>27.8</ele>
      </trkpt>
      <trkpt lat="43.77971" lon="4.07981">
        <ele>27.4</ele>
      </trkpt>
      <trkpt lat="43.77972" lon="4.079749">
        <ele>27.7</ele>
      </trkpt>
      <trkpt lat="43.77971" lon="4.079679">
        <ele>27.9</ele>
      </trkpt>
      <trkpt lat="43.77969" lon="4.079659">
        <ele>28.0</ele>
      </trkpt>
      <trkpt lat="43.77966" lon="4.07964">
        <ele>28.1</ele>
      </trkpt>
      <trkpt lat="43.77961" lon="4.07963">
        <ele>28.1</ele>
      </trkpt>
      <trkpt lat="43.77952" lon="4.07956">
        <ele>28.3</ele>
      </trkpt>
      <trkpt lat="43.77947" lon="4.07953">
        <ele>28.4</ele>
      </trkpt>
      <trkpt lat="43.77916" lon="4.07909">
        <ele>30.1</ele>
      </trkpt>
      <trkpt lat="43.77877" lon="4.07847">
        <ele>29.9</ele>
      </trkpt>
      <trkpt lat="43.77866" lon="4.07814">
        <ele>30.9</ele>
      </trkpt>
      <trkpt lat="43.77852" lon="4.07742">
        <ele>35.2</ele>
      </trkpt>
      <trkpt lat="43.77847" lon="4.077289">
        <ele>36.0</ele>
      </trkpt>
      <trkpt lat="43.77836" lon="4.07709">
        <ele>37.0</ele>
      </trkpt>
      <trkpt lat="43.77809" lon="4.07676">
        <ele>37.1</ele>
      </trkpt>
      <trkpt lat="43.7775" lon="4.0761">
        <ele>36.0</ele>
      </trkpt>
      <trkpt lat="43.77727" lon="4.075809">
        <ele>35.4</ele>
      </trkpt>
      <trkpt lat="43.77721" lon="4.07564">
        <ele>35.4</ele>
      </trkpt>
      <trkpt lat="43.77717" lon="4.07548">
        <ele>35.5</ele>
      </trkpt>
      <trkpt lat="43.77714" lon="4.075179">
        <ele>36.2</ele>
      </trkpt>
      <trkpt lat="43.77715" lon="4.07493">
        <ele>37.0</ele>
      </trkpt>
      <trkpt lat="43.77718" lon="4.07474">
        <ele>37.7</ele>
      </trkpt>
      <trkpt lat="43.77723" lon="4.07454">
        <ele>38.5</ele>
      </trkpt>
      <trkpt lat="43.77707" lon="4.07448">
        <ele>38.4</ele>
      </trkpt>
      <trkpt lat="43.77697" lon="4.07441">
        <ele>38.4</ele>
      </trkpt>
      <trkpt lat="43.77661" lon="4.07393">
        <ele>42.7</ele>
      </trkpt>
      <trkpt lat="43.77611" lon="4.07329">
        <ele>48.3</ele>
      </trkpt>
      <trkpt lat="43.77595" lon="4.07311">
        <ele>49.4</ele>
      </trkpt>
      <trkpt lat="43.77582" lon="4.07299">
        <ele>49.9</ele>
      </trkpt>
      <trkpt lat="43.77559" lon="4.07289">
        <ele>50.2</ele>
      </trkpt>
      <trkpt lat="43.77545" lon="4.07285">
        <ele>49.9</ele>
      </trkpt>
      <trkpt lat="43.77523" lon="4.072809">
        <ele>49.1</ele>
      </trkpt>
      <trkpt lat="43.77511" lon="4.07278">
        <ele>48.7</ele>
      </trkpt>
      <trkpt lat="43.77503" lon="4.072739">
        <ele>48.5</ele>
      </trkpt>
      <trkpt lat="43.7749" lon="4.07265">
        <ele>48.7</ele>
      </trkpt>
      <trkpt lat="43.77466" lon="4.07242">
        <ele>49.2</ele>
      </trkpt>
      <trkpt lat="43.77447" lon="4.07225">
        <ele>49.2</ele>
      </trkpt>
      <trkpt lat="43.77433" lon="4.0721">
        <ele>49.2</ele>
      </trkpt>
      <trkpt lat="43.77427" lon="4.07199">
        <ele>49.4</ele>
      </trkpt>
      <trkpt lat="43.77423" lon="4.07183">
        <ele>49.8</ele>
      </trkpt>
      <trkpt lat="43.7742" lon="4.071609">
        <ele>50.3</ele>
      </trkpt>
      <trkpt lat="43.77418" lon="4.071069">
        <ele>50.7</ele>
      </trkpt>
      <trkpt lat="43.77416" lon="4.070789">
        <ele>51.0</ele>
      </trkpt>
      <trkpt lat="43.77409" lon="4.070529">
        <ele>51.1</ele>
      </trkpt>
      <trkpt lat="43.77399" lon="4.07029">
        <ele>51.6</ele>
      </trkpt>
      <trkpt lat="43.77355" lon="4.06954">
        <ele>54.5</ele>
      </trkpt>
      <trkpt lat="43.77311" lon="4.06879">
        <ele>56.3</ele>
      </trkpt>
      <trkpt lat="43.77279" lon="4.06822">
        <ele>55.9</ele>
      </trkpt>
      <trkpt lat="43.77259" lon="4.0679">
        <ele>53.5</ele>
      </trkpt>
      <trkpt lat="43.77227" lon="4.06749">
        <ele>48.7</ele>
      </trkpt>
      <trkpt lat="43.77209" lon="4.067319">
        <ele>47.9</ele>
      </trkpt>
      <trkpt lat="43.77169" lon="4.06697">
        <ele>45.5</ele>
      </trkpt>
      <trkpt lat="43.77148" lon="4.06677">
        <ele>44.2</ele>
      </trkpt>
      <trkpt lat="43.77113" lon="4.06635">
        <ele>40.7</ele>
      </trkpt>
      <trkpt lat="43.77044" lon="4.06586">
        <ele>34.0</ele>
      </trkpt>
      <trkpt lat="43.77012" lon="4.06564">
        <ele>31.6</ele>
      </trkpt>
      <trkpt lat="43.76995" lon="4.06546">
        <ele>30.3</ele>
      </trkpt>
      <trkpt lat="43.76984" lon="4.065299">
        <ele>29.6</ele>
      </trkpt>
      <trkpt lat="43.76967" lon="4.06484">
        <ele>28.0</ele>
      </trkpt>
      <trkpt lat="43.76936" lon="4.06411">
        <ele>26.8</ele>
      </trkpt>
      <trkpt lat="43.76906" lon="4.06337">
        <ele>26.8</ele>
      </trkpt>
      <trkpt lat="43.76876" lon="4.06264">
        <ele>26.8</ele>
      </trkpt>
      <trkpt lat="43.76852" lon="4.06222">
        <ele>27.0</ele>
      </trkpt>
      <trkpt lat="43.76818" lon="4.06182">
        <ele>27.4</ele>
      </trkpt>
      <trkpt lat="43.76774" lon="4.06137">
        <ele>27.3</ele>
      </trkpt>
      <trkpt lat="43.7675" lon="4.06121">
        <ele>27.1</ele>
      </trkpt>
      <trkpt lat="43.76679" lon="4.06097">
        <ele>27.4</ele>
      </trkpt>
      <trkpt lat="43.76596" lon="4.06078">
        <ele>27.0</ele>
      </trkpt>
      <trkpt lat="43.76583" lon="4.060679">
        <ele>27.0</ele>
      </trkpt>
      <trkpt lat="43.76573" lon="4.06055">
        <ele>27.0</ele>
      </trkpt>
      <trkpt lat="43.76527" lon="4.05969">
        <ele>29.2</ele>
      </trkpt>
      <trkpt lat="43.76481" lon="4.05883">
        <ele>34.6</ele>
      </trkpt>
      <trkpt lat="43.76446" lon="4.05821">
        <ele>39.0</ele>
      </trkpt>
      <trkpt lat="43.76411" lon="4.0576">
        <ele>42.2</ele>
      </trkpt>
      <trkpt lat="43.76402" lon="4.057909">
        <ele>42.3</ele>
      </trkpt>
      <trkpt lat="43.76355" lon="4.05779">
        <ele>45.1</ele>
      </trkpt>
      <trkpt lat="43.76343" lon="4.05774">
        <ele>45.9</ele>
      </trkpt>
      <trkpt lat="43.76335" lon="4.05774">
        <ele>46.3</ele>
      </trkpt>
      <trkpt lat="43.76312" lon="4.05775">
        <ele>45.7</ele>
      </trkpt>
      <trkpt lat="43.76296" lon="4.05771">
        <ele>45.4</ele>
      </trkpt>
      <trkpt lat="43.76284" lon="4.057629">
        <ele>45.3</ele>
      </trkpt>
      <trkpt lat="43.76265" lon="4.0574">
        <ele>45.6</ele>
      </trkpt>
      <trkpt lat="43.76213" lon="4.05666">
        <ele>46.6</ele>
      </trkpt>
      <trkpt lat="43.762" lon="4.05666">
        <ele>46.4</ele>
      </trkpt>
      <trkpt lat="43.76184" lon="4.05666">
        <ele>46.2</ele>
      </trkpt>
      <trkpt lat="43.76155" lon="4.05664">
        <ele>45.9</ele>
      </trkpt>
      <trkpt lat="43.76129" lon="4.05657">
        <ele>45.6</ele>
      </trkpt>
      <trkpt lat="43.76125" lon="4.05657">
        <ele>45.6</ele>
      </trkpt>
      <trkpt lat="43.76086" lon="4.05631">
        <ele>45.1</ele>
      </trkpt>
      <trkpt lat="43.76068" lon="4.05614">
        <ele>44.6</ele>
      </trkpt>
      <trkpt lat="43.76019" lon="4.055519">
        <ele>42.8</ele>
      </trkpt>
      <trkpt lat="43.75986" lon="4.05509">
        <ele>42.9</ele>
      </trkpt>
      <trkpt lat="43.75953" lon="4.05466">
        <ele>43.2</ele>
      </trkpt>
      <trkpt lat="43.75929" lon="4.054369">
        <ele>43.1</ele>
      </trkpt>
      <trkpt lat="43.75889" lon="4.05393">
        <ele>45.6</ele>
      </trkpt>
      <trkpt lat="43.75848" lon="4.05348">
        <ele>47.2</ele>
      </trkpt>
      <trkpt lat="43.75816" lon="4.053079">
        <ele>47.7</ele>
      </trkpt>
      <trkpt lat="43.75775" lon="4.05248">
        <ele>48.3</ele>
      </trkpt>
      <trkpt lat="43.75741" lon="4.05206">
        <ele>48.4</ele>
      </trkpt>
      <trkpt lat="43.75727" lon="4.05189">
        <ele>48.5</ele>
      </trkpt>
      <trkpt lat="43.75716" lon="4.051809">
        <ele>48.4</ele>
      </trkpt>
      <trkpt lat="43.75703" lon="4.05163">
        <ele>48.6</ele>
      </trkpt>
      <trkpt lat="43.75664" lon="4.05077">
        <ele>52.0</ele>
      </trkpt>
      <trkpt lat="43.75617" lon="4.04982">
        <ele>52.8</ele>
      </trkpt>
      <trkpt lat="43.7557" lon="4.04886">
        <ele>52.4</ele>
      </trkpt>
      <trkpt lat="43.75529" lon="4.048219">
        <ele>52.2</ele>
      </trkpt>
      <trkpt lat="43.75487" lon="4.04758">
        <ele>52.3</ele>
      </trkpt>
      <trkpt lat="43.75445" lon="4.046929">
        <ele>51.3</ele>
      </trkpt>
      <trkpt lat="43.75393" lon="4.04629">
        <ele>51.2</ele>
      </trkpt>
      <trkpt lat="43.75364" lon="4.04582">
        <ele>50.3</ele>
      </trkpt>
      <trkpt lat="43.75335" lon="4.04534">
        <ele>48.2</ele>
      </trkpt>
      <trkpt lat="43.75318" lon="4.045149">
        <ele>47.7</ele>
      </trkpt>
      <trkpt lat="43.75297" lon="4.04499">
        <ele>47.4</ele>
      </trkpt>
      <trkpt lat="43.7527" lon="4.044819">
        <ele>47.4</ele>
      </trkpt>
      <trkpt lat="43.7526" lon="4.04472">
        <ele>47.3</ele>
      </trkpt>
      <trkpt lat="43.75247" lon="4.04459">
        <ele>47.0</ele>
      </trkpt>
      <trkpt lat="43.75239" lon="4.04444">
        <ele>46.9</ele>
      </trkpt>
      <trkpt lat="43.75234" lon="4.04436">
        <ele>46.9</ele>
      </trkpt>
      <trkpt lat="43.75231" lon="4.04432">
        <ele>46.9</ele>
      </trkpt>
      <trkpt lat="43.75221" lon="4.04404">
        <ele>47.2</ele>
      </trkpt>
      <trkpt lat="43.75219" lon="4.04384">
        <ele>47.5</ele>
      </trkpt>
      <trkpt lat="43.75221" lon="4.04354">
        <ele>47.8</ele>
      </trkpt>
      <trkpt lat="43.7522" lon="4.04326">
        <ele>48.3</ele>
      </trkpt>
      <trkpt lat="43.75217" lon="4.043">
        <ele>49.2</ele>
      </trkpt>
      <trkpt lat="43.75211" lon="4.04268">
        <ele>50.4</ele>
      </trkpt>
      <trkpt lat="43.75202" lon="4.042329">
        <ele>51.4</ele>
      </trkpt>
      <trkpt lat="43.75193" lon="4.04204">
        <ele>51.9</ele>
      </trkpt>
      <trkpt lat="43.75153" lon="4.04103">
        <ele>51.0</ele>
      </trkpt>
      <trkpt lat="43.75106" lon="4.040359">
        <ele>50.3</ele>
      </trkpt>
      <trkpt lat="43.75059" lon="4.0397">
        <ele>49.2</ele>
      </trkpt>
      <trkpt lat="43.75012" lon="4.03903">
        <ele>48.0</ele>
      </trkpt>
      <trkpt lat="43.74942" lon="4.03826">
        <ele>47.3</ele>
      </trkpt>
      <trkpt lat="43.7488" lon="4.03773">
        <ele>47.1</ele>
      </trkpt>
      <trkpt lat="43.74851" lon="4.03746">
        <ele>46.3</ele>
      </trkpt>
      <trkpt lat="43.74785" lon="4.03676">
        <ele>48.0</ele>
      </trkpt>
      <trkpt lat="43.74719" lon="4.03606">
        <ele>50.2</ele>
      </trkpt>
      <trkpt lat="43.74654" lon="4.03535">
        <ele>53.1</ele>
      </trkpt>
      <trkpt lat="43.7464" lon="4.035199">
        <ele>53.3</ele>
      </trkpt>
      <trkpt lat="43.74628" lon="4.03498">
        <ele>53.6</ele>
      </trkpt>
      <trkpt lat="43.74604" lon="4.03443">
        <ele>53.9</ele>
      </trkpt>
      <trkpt lat="43.74587" lon="4.03416">
        <ele>54.1</ele>
      </trkpt>
      <trkpt lat="43.7456" lon="4.03382">
        <ele>54.4</ele>
      </trkpt>
      <trkpt lat="43.74516" lon="4.03314">
        <ele>54.4</ele>
      </trkpt>
      <trkpt lat="43.74472" lon="4.03246">
        <ele>54.0</ele>
      </trkpt>
      <trkpt lat="43.74454" lon="4.032199">
        <ele>53.8</ele>
      </trkpt>
      <trkpt lat="43.74414" lon="4.03146">
        <ele>54.0</ele>
      </trkpt>
      <trkpt lat="43.74375" lon="4.03073">
        <ele>54.6</ele>
      </trkpt>
      <trkpt lat="43.74328" lon="4.02998">
        <ele>55.0</ele>
      </trkpt>
      <trkpt lat="43.74291" lon="4.029429">
        <ele>55.5</ele>
      </trkpt>
      <trkpt lat="43.74235" lon="4.028489">
        <ele>56.0</ele>
      </trkpt>
      <trkpt lat="43.74179" lon="4.027549">
        <ele>57.5</ele>
      </trkpt>
      <trkpt lat="43.74148" lon="4.02704">
        <ele>57.6</ele>
      </trkpt>
      <trkpt lat="43.74116" lon="4.02654">
        <ele>58.5</ele>
      </trkpt>
      <trkpt lat="43.74101" lon="4.02635">
        <ele>59.5</ele>
      </trkpt>
      <trkpt lat="43.74079" lon="4.02613">
        <ele>60.8</ele>
      </trkpt>
      <trkpt lat="43.7403" lon="4.025579">
        <ele>60.8</ele>
      </trkpt>
      <trkpt lat="43.7398" lon="4.025019">
        <ele>61.7</ele>
      </trkpt>
      <trkpt lat="43.73966" lon="4.02492">
        <ele>61.8</ele>
      </trkpt>
      <trkpt lat="43.73936" lon="4.02475">
        <ele>61.8</ele>
      </trkpt>
      <trkpt lat="43.73909" lon="4.024409">
        <ele>62.3</ele>
      </trkpt>
      <trkpt lat="43.73864" lon="4.02386">
        <ele>63.2</ele>
      </trkpt>
      <trkpt lat="43.73828" lon="4.02336">
        <ele>63.8</ele>
      </trkpt>
      <trkpt lat="43.73792" lon="4.022859">
        <ele>65.3</ele>
      </trkpt>
      <trkpt lat="43.73773" lon="4.02263">
        <ele>65.9</ele>
      </trkpt>
      <trkpt lat="43.73733" lon="4.022249">
        <ele>67.1</ele>
      </trkpt>
      <trkpt lat="43.73679" lon="4.021919">
        <ele>67.6</ele>
      </trkpt>
      <trkpt lat="43.73649" lon="4.02163">
        <ele>68.3</ele>
      </trkpt>
      <trkpt lat="43.73605" lon="4.02101">
        <ele>72.0</ele>
      </trkpt>
      <trkpt lat="43.73561" lon="4.02038">
        <ele>73.6</ele>
      </trkpt>
      <trkpt lat="43.7353" lon="4.01992">
        <ele>73.4</ele>
      </trkpt>
      <trkpt lat="43.7346" lon="4.01917">
        <ele>73.0</ele>
      </trkpt>
      <trkpt lat="43.7342" lon="4.01854">
        <ele>73.8</ele>
      </trkpt>
      <trkpt lat="43.73397" lon="4.01827">
        <ele>74.8</ele>
      </trkpt>
      <trkpt lat="43.73364" lon="4.01802">
        <ele>76.2</ele>
      </trkpt>
      <trkpt lat="43.7333" lon="4.01767">
        <ele>77.2</ele>
      </trkpt>
      <trkpt lat="43.73287" lon="4.017089">
        <ele>79.9</ele>
      </trkpt>
      <trkpt lat="43.73282" lon="4.017019">
        <ele>80.2</ele>
      </trkpt>
      <trkpt lat="43.73239" lon="4.01631">
        <ele>82.1</ele>
      </trkpt>
      <trkpt lat="43.73223" lon="4.0161">
        <ele>82.7</ele>
      </trkpt>
      <trkpt lat="43.73199" lon="4.01585">
        <ele>82.7</ele>
      </trkpt>
      <trkpt lat="43.73159" lon="4.014929">
        <ele>79.9</ele>
      </trkpt>
      <trkpt lat="43.73151" lon="4.01481">
        <ele>79.7</ele>
      </trkpt>
      <trkpt lat="43.73155" lon="4.01463">
        <ele>79.2</ele>
      </trkpt>
      <trkpt lat="43.73182" lon="4.01359">
        <ele>76.9</ele>
      </trkpt>
      <trkpt lat="43.73209" lon="4.01255">
        <ele>76.5</ele>
      </trkpt>
      <trkpt lat="43.73236" lon="4.01151">
        <ele>75.6</ele>
      </trkpt>
      <trkpt lat="43.73246" lon="4.01103">
        <ele>73.8</ele>
      </trkpt>
      <trkpt lat="43.73253" lon="4.01">
        <ele>73.9</ele>
      </trkpt>
      <trkpt lat="43.7326" lon="4.008969">
        <ele>72.3</ele>
      </trkpt>
      <trkpt lat="43.73267" lon="4.00795">
        <ele>69.7</ele>
      </trkpt>
      <trkpt lat="43.73274" lon="4.00692">
        <ele>69.3</ele>
      </trkpt>
      <trkpt lat="43.73281" lon="4.00589">
        <ele>72.3</ele>
      </trkpt>
      <trkpt lat="43.73288" lon="4.005569">
        <ele>72.1</ele>
      </trkpt>
      <trkpt lat="43.73305" lon="4.00516">
        <ele>71.5</ele>
      </trkpt>
      <trkpt lat="43.73342" lon="4.00447">
        <ele>71.2</ele>
      </trkpt>
      <trkpt lat="43.73379" lon="4.00378">
        <ele>72.3</ele>
      </trkpt>
      <trkpt lat="43.73416" lon="4.00312">
        <ele>71.7</ele>
      </trkpt>
      <trkpt lat="43.73457" lon="4.002309">
        <ele>71.7</ele>
      </trkpt>
      <trkpt lat="43.73499" lon="4.001509">
        <ele>72.4</ele>
      </trkpt>
      <trkpt lat="43.73506" lon="4.00134">
        <ele>72.8</ele>
      </trkpt>
      <trkpt lat="43.73517" lon="4.00099">
        <ele>73.6</ele>
      </trkpt>
      <trkpt lat="43.73544" lon="3.99998">
        <ele>72.1</ele>
      </trkpt>
      <trkpt lat="43.73571" lon="3.99897">
        <ele>74.5</ele>
      </trkpt>
      <trkpt lat="43.73598" lon="3.99796">
        <ele>76.9</ele>
      </trkpt>
      <trkpt lat="43.73625" lon="3.99695">
        <ele>78.8</ele>
      </trkpt>
      <trkpt lat="43.73629" lon="3.99677">
        <ele>79.2</ele>
      </trkpt>
      <trkpt lat="43.73632" lon="3.99651">
        <ele>79.3</ele>
      </trkpt>
      <trkpt lat="43.73632" lon="3.99634">
        <ele>79.3</ele>
      </trkpt>
      <trkpt lat="43.7363" lon="3.99612">
        <ele>79.2</ele>
      </trkpt>
      <trkpt lat="43.73617" lon="3.99531">
        <ele>79.4</ele>
      </trkpt>
      <trkpt lat="43.73603" lon="3.99449">
        <ele>80.5</ele>
      </trkpt>
      <trkpt lat="43.7359" lon="3.99367">
        <ele>79.4</ele>
      </trkpt>
      <trkpt lat="43.73574" lon="3.99279">
        <ele>76.2</ele>
      </trkpt>
      <trkpt lat="43.73559" lon="3.99192">
        <ele>77.5</ele>
      </trkpt>
      <trkpt lat="43.73554" lon="3.99156">
        <ele>78.2</ele>
      </trkpt>
      <trkpt lat="43.73552" lon="3.99133">
        <ele>78.7</ele>
      </trkpt>
      <trkpt lat="43.73551" lon="3.99112">
        <ele>79.2</ele>
      </trkpt>
      <trkpt lat="43.73553" lon="3.99072">
        <ele>79.7</ele>
      </trkpt>
      <trkpt lat="43.73564" lon="3.98969">
        <ele>78.3</ele>
      </trkpt>
      <trkpt lat="43.73574" lon="3.98871">
        <ele>78.1</ele>
      </trkpt>
      <trkpt lat="43.7358" lon="3.98816">
        <ele>78.1</ele>
      </trkpt>
      <trkpt lat="43.73586" lon="3.98778">
        <ele>78.7</ele>
      </trkpt>
      <trkpt lat="43.73586" lon="3.98769">
        <ele>78.8</ele>
      </trkpt>
      <trkpt lat="43.73586" lon="3.98761">
        <ele>78.9</ele>
      </trkpt>
      <trkpt lat="43.73574" lon="3.98729">
        <ele>78.6</ele>
      </trkpt>
      <trkpt lat="43.73565" lon="3.98707">
        <ele>78.3</ele>
      </trkpt>
      <trkpt lat="43.73552" lon="3.98683">
        <ele>78.0</ele>
      </trkpt>
      <trkpt lat="43.73541" lon="3.98667">
        <ele>78.0</ele>
      </trkpt>
      <trkpt lat="43.73535" lon="3.9866">
        <ele>77.9</ele>
      </trkpt>
      <trkpt lat="43.73512" lon="3.98647">
        <ele>77.9</ele>
      </trkpt>
      <trkpt lat="43.73488" lon="3.98638">
        <ele>78.1</ele>
      </trkpt>
      <trkpt lat="43.73484" lon="3.98634">
        <ele>78.2</ele>
      </trkpt>
      <trkpt lat="43.73481" lon="3.98629">
        <ele>78.2</ele>
      </trkpt>
      <trkpt lat="43.73478" lon="3.98622">
        <ele>78.3</ele>
      </trkpt>
      <trkpt lat="43.73477" lon="3.98615">
        <ele>78.3</ele>
      </trkpt>
      <trkpt lat="43.73476" lon="3.98593">
        <ele>78.5</ele>
      </trkpt>
      <trkpt lat="43.73475" lon="3.98531">
        <ele>79.2</ele>
      </trkpt>
      <trkpt lat="43.73475" lon="3.98468">
        <ele>80.2</ele>
      </trkpt>
      <trkpt lat="43.73454" lon="3.9841">
        <ele>82.5</ele>
      </trkpt>
      <trkpt lat="43.73433" lon="3.98352">
        <ele>85.7</ele>
      </trkpt>
      <trkpt lat="43.73433" lon="3.98284">
        <ele>89.2</ele>
      </trkpt>
      <trkpt lat="43.73417" lon="3.98281">
        <ele>90.1</ele>
      </trkpt>
      <trkpt lat="43.73406" lon="3.98278">
        <ele>90.0</ele>
      </trkpt>
      <trkpt lat="43.73365" lon="3.98255">
        <ele>89.9</ele>
      </trkpt>
      <trkpt lat="43.73356" lon="3.98252">
        <ele>89.7</ele>
      </trkpt>
      <trkpt lat="43.73353" lon="3.98255">
        <ele>89.4</ele>
      </trkpt>
      <trkpt lat="43.73355" lon="3.98248">
        <ele>89.9</ele>
      </trkpt>
      <trkpt lat="43.73357" lon="3.9824">
        <ele>90.2</ele>
      </trkpt>
      <trkpt lat="43.73357" lon="3.98233">
        <ele>90.4</ele>
      </trkpt>
      <trkpt lat="43.73345" lon="3.98232">
        <ele>90.0</ele>
      </trkpt>
      <trkpt lat="43.73344" lon="3.98231">
        <ele>90.0</ele>
      </trkpt>
      <trkpt lat="43.73334" lon="3.98192">
        <ele>91.1</ele>
      </trkpt>
      <trkpt lat="43.73332" lon="3.98167">
        <ele>92.0</ele>
      </trkpt>
      <trkpt lat="43.73331" lon="3.98143">
        <ele>92.5</ele>
      </trkpt>
      <trkpt lat="43.7332" lon="3.98063">
        <ele>93.4</ele>
      </trkpt>
      <trkpt lat="43.73321" lon="3.9805">
        <ele>93.3</ele>
      </trkpt>
      <trkpt lat="43.73318" lon="3.98037">
        <ele>93.1</ele>
      </trkpt>
      <trkpt lat="43.73289" lon="3.97973">
        <ele>92.4</ele>
      </trkpt>
      <trkpt lat="43.73259" lon="3.97909">
        <ele>93.2</ele>
      </trkpt>
      <trkpt lat="43.73259" lon="3.97902">
        <ele>93.3</ele>
      </trkpt>
      <trkpt lat="43.7326" lon="3.97889">
        <ele>93.4</ele>
      </trkpt>
      <trkpt lat="43.73264" lon="3.97854">
        <ele>93.9</ele>
      </trkpt>
      <trkpt lat="43.73266" lon="3.97847">
        <ele>94.0</ele>
      </trkpt>
      <trkpt lat="43.73289" lon="3.97804">
        <ele>96.4</ele>
      </trkpt>
      <trkpt lat="43.73304" lon="3.97785">
        <ele>97.9</ele>
      </trkpt>
      <trkpt lat="43.73308" lon="3.97785">
        <ele>98.0</ele>
      </trkpt>
      <trkpt lat="43.73311" lon="3.97782">
        <ele>98.3</ele>
      </trkpt>
      <trkpt lat="43.73313" lon="3.97777">
        <ele>98.7</ele>
      </trkpt>
      <trkpt lat="43.73313" lon="3.97773">
        <ele>98.9</ele>
      </trkpt>
      <trkpt lat="43.73312" lon="3.9777">
        <ele>99.1</ele>
      </trkpt>
      <trkpt lat="43.73308" lon="3.97766">
        <ele>99.3</ele>
      </trkpt>
      <trkpt lat="43.73303" lon="3.97765">
        <ele>99.3</ele>
      </trkpt>
      <trkpt lat="43.7329" lon="3.97751">
        <ele>99.9</ele>
      </trkpt>
      <trkpt lat="43.73248" lon="3.97715">
        <ele>100.1</ele>
      </trkpt>
      <trkpt lat="43.73239" lon="3.97705">
        <ele>99.7</ele>
      </trkpt>
      <trkpt lat="43.73236" lon="3.97701">
        <ele>99.6</ele>
      </trkpt>
      <trkpt lat="43.73229" lon="3.97689">
        <ele>99.5</ele>
      </trkpt>
      <trkpt lat="43.73221" lon="3.97672">
        <ele>99.4</ele>
      </trkpt>
      <trkpt lat="43.73197" lon="3.97612">
        <ele>98.4</ele>
      </trkpt>
      <trkpt lat="43.73173" lon="3.97551">
        <ele>97.3</ele>
      </trkpt>
      <trkpt lat="43.73152" lon="3.97495">
        <ele>96.9</ele>
      </trkpt>
      <trkpt lat="43.73141" lon="3.97468">
        <ele>97.2</ele>
      </trkpt>
      <trkpt lat="43.73111" lon="3.97387">
        <ele>99.6</ele>
      </trkpt>
      <trkpt lat="43.73096" lon="3.97343">
        <ele>101.2</ele>
      </trkpt>
      <trkpt lat="43.73082" lon="3.97298">
        <ele>104.1</ele>
      </trkpt>
      <trkpt lat="43.73057" lon="3.97208">
        <ele>107.9</ele>
      </trkpt>
      <trkpt lat="43.73051" lon="3.97181">
        <ele>108.5</ele>
      </trkpt>
      <trkpt lat="43.73037" lon="3.97114">
        <ele>110.9</ele>
      </trkpt>
      <trkpt lat="43.73023" lon="3.97079">
        <ele>112.4</ele>
      </trkpt>
      <trkpt lat="43.73008" lon="3.97054">
        <ele>113.0</ele>
      </trkpt>
      <trkpt lat="43.72989" lon="3.97026">
        <ele>114.2</ele>
      </trkpt>
      <trkpt lat="43.72974" lon="3.97001">
        <ele>115.3</ele>
      </trkpt>
      <trkpt lat="43.72964" lon="3.96982">
        <ele>115.9</ele>
      </trkpt>
      <trkpt lat="43.72933" lon="3.96905">
        <ele>119.4</ele>
      </trkpt>
      <trkpt lat="43.72901" lon="3.96827">
        <ele>121.0</ele>
      </trkpt>
      <trkpt lat="43.72892" lon="3.968">
        <ele>121.3</ele>
      </trkpt>
      <trkpt lat="43.72875" lon="3.96737">
        <ele>120.7</ele>
      </trkpt>
      <trkpt lat="43.72858" lon="3.9667">
        <ele>117.8</ele>
      </trkpt>
      <trkpt lat="43.72833" lon="3.96571">
        <ele>113.0</ele>
      </trkpt>
      <trkpt lat="43.72809" lon="3.96472">
        <ele>110.9</ele>
      </trkpt>
      <trkpt lat="43.72799" lon="3.9643">
        <ele>109.3</ele>
      </trkpt>
      <trkpt lat="43.7279" lon="3.96399">
        <ele>108.4</ele>
      </trkpt>
      <trkpt lat="43.72786" lon="3.96381">
        <ele>108.2</ele>
      </trkpt>
      <trkpt lat="43.72778" lon="3.96331">
        <ele>108.0</ele>
      </trkpt>
      <trkpt lat="43.72767" lon="3.96268">
        <ele>106.2</ele>
      </trkpt>
      <trkpt lat="43.72756" lon="3.96205">
        <ele>104.6</ele>
      </trkpt>
      <trkpt lat="43.7275" lon="3.96156">
        <ele>103.9</ele>
      </trkpt>
      <trkpt lat="43.72743" lon="3.96126">
        <ele>104.4</ele>
      </trkpt>
      <trkpt lat="43.72736" lon="3.96098">
        <ele>105.4</ele>
      </trkpt>
      <trkpt lat="43.72707" lon="3.96015">
        <ele>106.9</ele>
      </trkpt>
      <trkpt lat="43.72693" lon="3.95978">
        <ele>106.4</ele>
      </trkpt>
      <trkpt lat="43.72679" lon="3.95949">
        <ele>105.7</ele>
      </trkpt>
      <trkpt lat="43.72657" lon="3.95919">
        <ele>105.2</ele>
      </trkpt>
      <trkpt lat="43.72607" lon="3.95854">
        <ele>106.5</ele>
      </trkpt>
      <trkpt lat="43.72556" lon="3.9579">
        <ele>106.9</ele>
      </trkpt>
      <trkpt lat="43.72506" lon="3.95726">
        <ele>108.0</ele>
      </trkpt>
      <trkpt lat="43.72456" lon="3.95662">
        <ele>110.6</ele>
      </trkpt>
      <trkpt lat="43.72409" lon="3.95603">
        <ele>112.3</ele>
      </trkpt>
      <trkpt lat="43.72362" lon="3.95544">
        <ele>114.1</ele>
      </trkpt>
      <trkpt lat="43.72315" lon="3.95485">
        <ele>116.1</ele>
      </trkpt>
      <trkpt lat="43.72294" lon="3.95455">
        <ele>117.4</ele>
      </trkpt>
      <trkpt lat="43.72289" lon="3.95446">
        <ele>117.8</ele>
      </trkpt>
      <trkpt lat="43.72286" lon="3.95435">
        <ele>118.1</ele>
      </trkpt>
      <trkpt lat="43.72286" lon="3.95428">
        <ele>118.2</ele>
      </trkpt>
      <trkpt lat="43.7229" lon="3.95417">
        <ele>118.1</ele>
      </trkpt>
      <trkpt lat="43.72264" lon="3.954">
        <ele>119.4</ele>
      </trkpt>
      <trkpt lat="43.7224" lon="3.95381">
        <ele>120.4</ele>
      </trkpt>
      <trkpt lat="43.72179" lon="3.95322">
        <ele>122.4</ele>
      </trkpt>
      <trkpt lat="43.72117" lon="3.95264">
        <ele>123.9</ele>
      </trkpt>
      <trkpt lat="43.72054" lon="3.95203">
        <ele>124.8</ele>
      </trkpt>
      <trkpt lat="43.71992" lon="3.95142">
        <ele>122.3</ele>
      </trkpt>
      <trkpt lat="43.71929" lon="3.95082">
        <ele>119.1</ele>
      </trkpt>
      <trkpt lat="43.71866" lon="3.95021">
        <ele>117.0</ele>
      </trkpt>
      <trkpt lat="43.71803" lon="3.9496">
        <ele>116.2</ele>
      </trkpt>
      <trkpt lat="43.71741" lon="3.949">
        <ele>114.7</ele>
      </trkpt>
      <trkpt lat="43.71677" lon="3.94838">
        <ele>112.0</ele>
      </trkpt>
      <trkpt lat="43.71613" lon="3.94775">
        <ele>111.8</ele>
      </trkpt>
      <trkpt lat="43.71549" lon="3.94713">
        <ele>111.2</ele>
      </trkpt>
      <trkpt lat="43.71485" lon="3.94651">
        <ele>108.4</ele>
      </trkpt>
      <trkpt lat="43.71422" lon="3.94589">
        <ele>105.5</ele>
      </trkpt>
      <trkpt lat="43.71358" lon="3.9451">
        <ele>108.4</ele>
      </trkpt>
      <trkpt lat="43.71305" lon="3.9447">
        <ele>106.2</ele>
      </trkpt>
      <trkpt lat="43.71247" lon="3.94437">
        <ele>101.1</ele>
      </trkpt>
      <trkpt lat="43.71188" lon="3.94405">
        <ele>97.7</ele>
      </trkpt>
      <trkpt lat="43.71131" lon="3.94367">
        <ele>95.5</ele>
      </trkpt>
      <trkpt lat="43.71074" lon="3.94329">
        <ele>94.1</ele>
      </trkpt>
      <trkpt lat="43.71017" lon="3.94292">
        <ele>94.9</ele>
      </trkpt>
      <trkpt lat="43.70963" lon="3.94242">
        <ele>95.1</ele>
      </trkpt>
      <trkpt lat="43.70909" lon="3.94193">
        <ele>91.3</ele>
      </trkpt>
      <trkpt lat="43.70855" lon="3.94144">
        <ele>86.3</ele>
      </trkpt>
      <trkpt lat="43.70831" lon="3.9412">
        <ele>84.5</ele>
      </trkpt>
      <trkpt lat="43.70802" lon="3.94094">
        <ele>83.4</ele>
      </trkpt>
      <trkpt lat="43.70766" lon="3.94061">
        <ele>81.7</ele>
      </trkpt>
      <trkpt lat="43.70756" lon="3.94051">
        <ele>81.3</ele>
      </trkpt>
      <trkpt lat="43.7073" lon="3.9402">
        <ele>81.2</ele>
      </trkpt>
      <trkpt lat="43.70725" lon="3.94014">
        <ele>81.3</ele>
      </trkpt>
      <trkpt lat="43.70722" lon="3.94005">
        <ele>81.3</ele>
      </trkpt>
      <trkpt lat="43.70721" lon="3.93996">
        <ele>81.5</ele>
      </trkpt>
      <trkpt lat="43.70719" lon="3.93985">
        <ele>81.9</ele>
      </trkpt>
      <trkpt lat="43.70714" lon="3.93976">
        <ele>82.3</ele>
      </trkpt>
      <trkpt lat="43.7071" lon="3.93972">
        <ele>82.5</ele>
      </trkpt>
      <trkpt lat="43.70706" lon="3.93969">
        <ele>82.7</ele>
      </trkpt>
      <trkpt lat="43.70699" lon="3.93967">
        <ele>82.8</ele>
      </trkpt>
      <trkpt lat="43.70692" lon="3.93967">
        <ele>82.9</ele>
      </trkpt>
      <trkpt lat="43.70685" lon="3.9397">
        <ele>82.9</ele>
      </trkpt>
      <trkpt lat="43.70679" lon="3.93968">
        <ele>83.0</ele>
      </trkpt>
      <trkpt lat="43.70673" lon="3.93965">
        <ele>83.2</ele>
      </trkpt>
      <trkpt lat="43.70663" lon="3.93955">
        <ele>83.7</ele>
      </trkpt>
      <trkpt lat="43.70622" lon="3.93906">
        <ele>86.5</ele>
      </trkpt>
      <trkpt lat="43.70591" lon="3.93851">
        <ele>89.2</ele>
      </trkpt>
      <trkpt lat="43.7056" lon="3.93796">
        <ele>92.0</ele>
      </trkpt>
      <trkpt lat="43.70545" lon="3.93761">
        <ele>92.9</ele>
      </trkpt>
      <trkpt lat="43.70534" lon="3.93731">
        <ele>92.8</ele>
      </trkpt>
      <trkpt lat="43.70535" lon="3.93725">
        <ele>92.9</ele>
      </trkpt>
      <trkpt lat="43.70535" lon="3.93719">
        <ele>92.9</ele>
      </trkpt>
      <trkpt lat="43.70534" lon="3.93713">
        <ele>92.8</ele>
      </trkpt>
      <trkpt lat="43.7053" lon="3.93707">
        <ele>92.6</ele>
      </trkpt>
      <trkpt lat="43.70526" lon="3.93702">
        <ele>92.4</ele>
      </trkpt>
      <trkpt lat="43.7052" lon="3.937">
        <ele>92.0</ele>
      </trkpt>
      <trkpt lat="43.70515" lon="3.93701">
        <ele>91.7</ele>
      </trkpt>
      <trkpt lat="43.70505" lon="3.93697">
        <ele>91.0</ele>
      </trkpt>
      <trkpt lat="43.70489" lon="3.93681">
        <ele>91.4</ele>
      </trkpt>
      <trkpt lat="43.70471" lon="3.93662">
        <ele>92.7</ele>
      </trkpt>
      <trkpt lat="43.70425" lon="3.93605">
        <ele>94.6</ele>
      </trkpt>
      <trkpt lat="43.7039" lon="3.93565">
        <ele>95.6</ele>
      </trkpt>
      <trkpt lat="43.70324" lon="3.93499">
        <ele>93.6</ele>
      </trkpt>
      <trkpt lat="43.70268" lon="3.93444">
        <ele>93.8</ele>
      </trkpt>
      <trkpt lat="43.70212" lon="3.9339">
        <ele>93.0</ele>
      </trkpt>
      <trkpt lat="43.70156" lon="3.93336">
        <ele>94.2</ele>
      </trkpt>
      <trkpt lat="43.701" lon="3.93281">
        <ele>93.9</ele>
      </trkpt>
      <trkpt lat="43.70039" lon="3.93222">
        <ele>94.4</ele>
      </trkpt>
      <trkpt lat="43.69977" lon="3.93163">
        <ele>98.1</ele>
      </trkpt>
      <trkpt lat="43.69921" lon="3.93109">
        <ele>100.1</ele>
      </trkpt>
      <trkpt lat="43.69865" lon="3.93054">
        <ele>104.2</ele>
      </trkpt>
      <trkpt lat="43.69809" lon="3.93">
        <ele>104.9</ele>
      </trkpt>
      <trkpt lat="43.69745" lon="3.92937">
        <ele>103.9</ele>
      </trkpt>
      <trkpt lat="43.69722" lon="3.92918">
        <ele>102.4</ele>
      </trkpt>
      <trkpt lat="43.69697" lon="3.92906">
        <ele>102.2</ele>
      </trkpt>
      <trkpt lat="43.69673" lon="3.92898">
        <ele>101.6</ele>
      </trkpt>
      <trkpt lat="43.69618" lon="3.92888">
        <ele>99.7</ele>
      </trkpt>
      <trkpt lat="43.6957" lon="3.92881">
        <ele>97.5</ele>
      </trkpt>
      <trkpt lat="43.69495" lon="3.92865">
        <ele>93.3</ele>
      </trkpt>
      <trkpt lat="43.69461" lon="3.92858">
        <ele>91.3</ele>
      </trkpt>
      <trkpt lat="43.69449" lon="3.92857">
        <ele>90.7</ele>
      </trkpt>
      <trkpt lat="43.69421" lon="3.9286">
        <ele>89.5</ele>
      </trkpt>
      <trkpt lat="43.69408" lon="3.92865">
        <ele>89.1</ele>
      </trkpt>
      <trkpt lat="43.69366" lon="3.92888">
        <ele>88.0</ele>
      </trkpt>
      <trkpt lat="43.69349" lon="3.9289">
        <ele>87.2</ele>
      </trkpt>
      <trkpt lat="43.69345" lon="3.92886">
        <ele>86.9</ele>
      </trkpt>
      <trkpt lat="43.69342" lon="3.92885">
        <ele>86.6</ele>
      </trkpt>
      <trkpt lat="43.69337" lon="3.92885">
        <ele>86.4</ele>
      </trkpt>
      <trkpt lat="43.69332" lon="3.92889">
        <ele>86.2</ele>
      </trkpt>
      <trkpt lat="43.69329" lon="3.92892">
        <ele>86.2</ele>
      </trkpt>
      <trkpt lat="43.69328" lon="3.92896">
        <ele>86.2</ele>
      </trkpt>
      <trkpt lat="43.69328" lon="3.92905">
        <ele>86.4</ele>
      </trkpt>
      <trkpt lat="43.69315" lon="3.92917">
        <ele>86.1</ele>
      </trkpt>
      <trkpt lat="43.69261" lon="3.92947">
        <ele>84.8</ele>
      </trkpt>
      <trkpt lat="43.6925" lon="3.92952">
        <ele>84.3</ele>
      </trkpt>
      <trkpt lat="43.69236" lon="3.92955">
        <ele>83.7</ele>
      </trkpt>
      <trkpt lat="43.6922" lon="3.92954">
        <ele>82.9</ele>
      </trkpt>
      <trkpt lat="43.69212" lon="3.92952">
        <ele>82.4</ele>
      </trkpt>
      <trkpt lat="43.69204" lon="3.9295">
        <ele>81.9</ele>
      </trkpt>
      <trkpt lat="43.69155" lon="3.92924">
        <ele>78.8</ele>
      </trkpt>
      <trkpt lat="43.69106" lon="3.92899">
        <ele>79.1</ele>
      </trkpt>
      <trkpt lat="43.69038" lon="3.92862">
        <ele>78.0</ele>
      </trkpt>
      <trkpt lat="43.68969" lon="3.92826">
        <ele>76.5</ele>
      </trkpt>
      <trkpt lat="43.68901" lon="3.92789">
        <ele>74.5</ele>
      </trkpt>
      <trkpt lat="43.68833" lon="3.92753">
        <ele>72.1</ele>
      </trkpt>
      <trkpt lat="43.68769" lon="3.92715">
        <ele>71.5</ele>
      </trkpt>
      <trkpt lat="43.68721" lon="3.92687">
        <ele>73.1</ele>
      </trkpt>
      <trkpt lat="43.68707" lon="3.92677">
        <ele>73.6</ele>
      </trkpt>
      <trkpt lat="43.68698" lon="3.92669">
        <ele>73.9</ele>
      </trkpt>
      <trkpt lat="43.68686" lon="3.92654">
        <ele>74.0</ele>
      </trkpt>
      <trkpt lat="43.68677" lon="3.9264">
        <ele>74.0</ele>
      </trkpt>
      <trkpt lat="43.68632" lon="3.92558">
        <ele>73.9</ele>
      </trkpt>
      <trkpt lat="43.68618" lon="3.92537">
        <ele>73.7</ele>
      </trkpt>
      <trkpt lat="43.68604" lon="3.92521">
        <ele>73.8</ele>
      </trkpt>
      <trkpt lat="43.68595" lon="3.92515">
        <ele>74.0</ele>
      </trkpt>
      <trkpt lat="43.68584" lon="3.92508">
        <ele>74.3</ele>
      </trkpt>
      <trkpt lat="43.6852" lon="3.92476">
        <ele>73.8</ele>
      </trkpt>
      <trkpt lat="43.68455" lon="3.92444">
        <ele>76.2</ele>
      </trkpt>
      <trkpt lat="43.68448" lon="3.92442">
        <ele>76.6</ele>
      </trkpt>
      <trkpt lat="43.68425" lon="3.92412">
        <ele>75.2</ele>
      </trkpt>
      <trkpt lat="43.68412" lon="3.92393">
        <ele>74.4</ele>
      </trkpt>
      <trkpt lat="43.68401" lon="3.92373">
        <ele>73.6</ele>
      </trkpt>
      <trkpt lat="43.68382" lon="3.92355">
        <ele>72.8</ele>
      </trkpt>
      <trkpt lat="43.68355" lon="3.92331">
        <ele>71.0</ele>
      </trkpt>
      <trkpt lat="43.68345" lon="3.92323">
        <ele>70.7</ele>
      </trkpt>
      <trkpt lat="43.68272" lon="3.92274">
        <ele>64.9</ele>
      </trkpt>
      <trkpt lat="43.68199" lon="3.92225">
        <ele>61.1</ele>
      </trkpt>
      <trkpt lat="43.68192" lon="3.92221">
        <ele>60.8</ele>
      </trkpt>
      <trkpt lat="43.68192" lon="3.92214">
        <ele>60.6</ele>
      </trkpt>
      <trkpt lat="43.6819" lon="3.92208">
        <ele>60.4</ele>
      </trkpt>
      <trkpt lat="43.68188" lon="3.92206">
        <ele>60.3</ele>
      </trkpt>
      <trkpt lat="43.68183" lon="3.92205">
        <ele>60.2</ele>
      </trkpt>
      <trkpt lat="43.68179" lon="3.92208">
        <ele>60.2</ele>
      </trkpt>
      <trkpt lat="43.68177" lon="3.92211">
        <ele>60.3</ele>
      </trkpt>
      <trkpt lat="43.68172" lon="3.92206">
        <ele>60.0</ele>
      </trkpt>
      <trkpt lat="43.6815" lon="3.9219">
        <ele>59.4</ele>
      </trkpt>
      <trkpt lat="43.68148" lon="3.92196">
        <ele>59.5</ele>
      </trkpt>
      <trkpt lat="43.68144" lon="3.92192">
        <ele>59.4</ele>
      </trkpt>
      <trkpt lat="43.68109" lon="3.92169">
        <ele>59.0</ele>
      </trkpt>
      <trkpt lat="43.68046" lon="3.92127">
        <ele>58.8</ele>
      </trkpt>
      <trkpt lat="43.67984" lon="3.92085">
        <ele>59.4</ele>
      </trkpt>
      <trkpt lat="43.67921" lon="3.92043">
        <ele>61.4</ele>
      </trkpt>
      <trkpt lat="43.67849" lon="3.91993">
        <ele>61.9</ele>
      </trkpt>
      <trkpt lat="43.67828" lon="3.91976">
        <ele>61.6</ele>
      </trkpt>
      <trkpt lat="43.6781" lon="3.9196">
        <ele>61.1</ele>
      </trkpt>
      <trkpt lat="43.67745" lon="3.91893">
        <ele>59.9</ele>
      </trkpt>
      <trkpt lat="43.6768" lon="3.91826">
        <ele>59.1</ele>
      </trkpt>
      <trkpt lat="43.67616" lon="3.9176">
        <ele>58.7</ele>
      </trkpt>
      <trkpt lat="43.67601" lon="3.91744">
        <ele>58.9</ele>
      </trkpt>
      <trkpt lat="43.67546" lon="3.91686">
        <ele>60.5</ele>
      </trkpt>
      <trkpt lat="43.67477" lon="3.91615">
        <ele>59.2</ele>
      </trkpt>
      <trkpt lat="43.67474" lon="3.91605">
        <ele>59.1</ele>
      </trkpt>
      <trkpt lat="43.67416" lon="3.91545">
        <ele>59.0</ele>
      </trkpt>
      <trkpt lat="43.67358" lon="3.91485">
        <ele>59.2</ele>
      </trkpt>
      <trkpt lat="43.673" lon="3.91425">
        <ele>58.5</ele>
      </trkpt>
      <trkpt lat="43.67277" lon="3.91401">
        <ele>59.0</ele>
      </trkpt>
      <trkpt lat="43.67264" lon="3.91387">
        <ele>59.5</ele>
      </trkpt>
      <trkpt lat="43.67227" lon="3.91357">
        <ele>60.3</ele>
      </trkpt>
      <trkpt lat="43.67224" lon="3.91354">
        <ele>60.4</ele>
      </trkpt>
      <trkpt lat="43.67188" lon="3.91333">
        <ele>61.0</ele>
      </trkpt>
      <trkpt lat="43.67178" lon="3.91334">
        <ele>61.0</ele>
      </trkpt>
      <trkpt lat="43.67163" lon="3.91345">
        <ele>60.5</ele>
      </trkpt>
      <trkpt lat="43.67145" lon="3.91344">
        <ele>60.8</ele>
      </trkpt>
      <trkpt lat="43.67139" lon="3.91336">
        <ele>61.2</ele>
      </trkpt>
      <trkpt lat="43.67136" lon="3.91335">
        <ele>61.3</ele>
      </trkpt>
      <trkpt lat="43.67132" lon="3.91334">
        <ele>61.4</ele>
      </trkpt>
      <trkpt lat="43.67129" lon="3.91332">
        <ele>61.4</ele>
      </trkpt>
      <trkpt lat="43.67127" lon="3.91326">
        <ele>61.4</ele>
      </trkpt>
      <trkpt lat="43.67125" lon="3.91313">
        <ele>61.4</ele>
      </trkpt>
      <trkpt lat="43.67122" lon="3.91305">
        <ele>61.4</ele>
      </trkpt>
      <trkpt lat="43.67116" lon="3.91296">
        <ele>61.4</ele>
      </trkpt>
      <trkpt lat="43.67089" lon="3.91278">
        <ele>61.9</ele>
      </trkpt>
      <trkpt lat="43.67061" lon="3.91262">
        <ele>60.3</ele>
      </trkpt>
      <trkpt lat="43.67022" lon="3.91229">
        <ele>58.3</ele>
      </trkpt>
      <trkpt lat="43.66983" lon="3.91197">
        <ele>57.7</ele>
      </trkpt>
      <trkpt lat="43.66943" lon="3.91161">
        <ele>58.2</ele>
      </trkpt>
      <trkpt lat="43.66903" lon="3.91124">
        <ele>56.5</ele>
      </trkpt>
      <trkpt lat="43.66857" lon="3.91084">
        <ele>55.7</ele>
      </trkpt>
      <trkpt lat="43.66837" lon="3.91059">
        <ele>55.7</ele>
      </trkpt>
      <trkpt lat="43.66803" lon="3.9101">
        <ele>55.2</ele>
      </trkpt>
      <trkpt lat="43.6677" lon="3.90962">
        <ele>55.7</ele>
      </trkpt>
      <trkpt lat="43.66765" lon="3.9096">
        <ele>55.8</ele>
      </trkpt>
      <trkpt lat="43.66759" lon="3.90958">
        <ele>55.9</ele>
      </trkpt>
      <trkpt lat="43.66748" lon="3.90958">
        <ele>56.0</ele>
      </trkpt>
      <trkpt lat="43.66743" lon="3.9096">
        <ele>55.8</ele>
      </trkpt>
      <trkpt lat="43.66734" lon="3.9095">
        <ele>55.8</ele>
      </trkpt>
      <trkpt lat="43.66732" lon="3.90947">
        <ele>55.8</ele>
      </trkpt>
      <trkpt lat="43.6673" lon="3.90943">
        <ele>55.9</ele>
      </trkpt>
      <trkpt lat="43.66729" lon="3.90926">
        <ele>56.3</ele>
      </trkpt>
      <trkpt lat="43.6673" lon="3.90908">
        <ele>56.7</ele>
      </trkpt>
      <trkpt lat="43.66728" lon="3.90901">
        <ele>56.8</ele>
      </trkpt>
      <trkpt lat="43.66726" lon="3.90894">
        <ele>56.9</ele>
      </trkpt>
      <trkpt lat="43.66674" lon="3.90826">
        <ele>56.2</ele>
      </trkpt>
      <trkpt lat="43.66623" lon="3.90758">
        <ele>55.9</ele>
      </trkpt>
      <trkpt lat="43.66591" lon="3.90711">
        <ele>58.5</ele>
      </trkpt>
      <trkpt lat="43.66574" lon="3.90668">
        <ele>61.4</ele>
      </trkpt>
      <trkpt lat="43.66568" lon="3.90634">
        <ele>61.7</ele>
      </trkpt>
      <trkpt lat="43.66566" lon="3.90601">
        <ele>61.9</ele>
      </trkpt>
      <trkpt lat="43.66565" lon="3.90523">
        <ele>62.4</ele>
      </trkpt>
      <trkpt lat="43.66564" lon="3.90444">
        <ele>63.1</ele>
      </trkpt>
      <trkpt lat="43.6656" lon="3.90417">
        <ele>63.9</ele>
      </trkpt>
      <trkpt lat="43.66553" lon="3.90394">
        <ele>65.4</ele>
      </trkpt>
      <trkpt lat="43.6654" lon="3.90368">
        <ele>67.5</ele>
      </trkpt>
      <trkpt lat="43.66526" lon="3.90355">
        <ele>69.3</ele>
      </trkpt>
      <trkpt lat="43.66515" lon="3.90348">
        <ele>70.6</ele>
      </trkpt>
      <trkpt lat="43.66489" lon="3.90342">
        <ele>71.8</ele>
      </trkpt>
      <trkpt lat="43.66442" lon="3.90341">
        <ele>69.9</ele>
      </trkpt>
      <trkpt lat="43.66422" lon="3.90336">
        <ele>69.2</ele>
      </trkpt>
      <trkpt lat="43.66405" lon="3.90328">
        <ele>68.5</ele>
      </trkpt>
      <trkpt lat="43.66384" lon="3.90317">
        <ele>67.6</ele>
      </trkpt>
      <trkpt lat="43.66302" lon="3.90283">
        <ele>63.7</ele>
      </trkpt>
      <trkpt lat="43.66292" lon="3.90284">
        <ele>63.6</ele>
      </trkpt>
      <trkpt lat="43.66287" lon="3.90285">
        <ele>63.5</ele>
      </trkpt>
      <trkpt lat="43.66282" lon="3.90289">
        <ele>63.4</ele>
      </trkpt>
      <trkpt lat="43.66275" lon="3.90302">
        <ele>63.1</ele>
      </trkpt>
      <trkpt lat="43.66271" lon="3.90307">
        <ele>63.0</ele>
      </trkpt>
      <trkpt lat="43.66261" lon="3.90309">
        <ele>62.8</ele>
      </trkpt>
      <trkpt lat="43.66253" lon="3.90309">
        <ele>62.6</ele>
      </trkpt>
      <trkpt lat="43.66244" lon="3.90307">
        <ele>62.5</ele>
      </trkpt>
      <trkpt lat="43.66239" lon="3.90302">
        <ele>62.4</ele>
      </trkpt>
      <trkpt lat="43.66234" lon="3.90294">
        <ele>62.5</ele>
      </trkpt>
      <trkpt lat="43.66232" lon="3.90287">
        <ele>62.6</ele>
      </trkpt>
      <trkpt lat="43.6623" lon="3.90269">
        <ele>63.0</ele>
      </trkpt>
      <trkpt lat="43.66228" lon="3.90262">
        <ele>63.1</ele>
      </trkpt>
      <trkpt lat="43.66224" lon="3.90257">
        <ele>63.2</ele>
      </trkpt>
      <trkpt lat="43.6622" lon="3.90254">
        <ele>63.2</ele>
      </trkpt>
      <trkpt lat="43.66175" lon="3.90239">
        <ele>61.8</ele>
      </trkpt>
      <trkpt lat="43.6613" lon="3.90224">
        <ele>61.2</ele>
      </trkpt>
      <trkpt lat="43.66097" lon="3.90206">
        <ele>61.3</ele>
      </trkpt>
      <trkpt lat="43.66064" lon="3.90184">
        <ele>61.7</ele>
      </trkpt>
      <trkpt lat="43.66008" lon="3.90164">
        <ele>61.1</ele>
      </trkpt>
      <trkpt lat="43.66003" lon="3.90165">
        <ele>61.0</ele>
      </trkpt>
      <trkpt lat="43.65987" lon="3.9018">
        <ele>61.5</ele>
      </trkpt>
      <trkpt lat="43.65971" lon="3.90193">
        <ele>62.0</ele>
      </trkpt>
      <trkpt lat="43.6596" lon="3.90198">
        <ele>62.3</ele>
      </trkpt>
      <trkpt lat="43.65948" lon="3.90198">
        <ele>62.6</ele>
      </trkpt>
      <trkpt lat="43.65935" lon="3.90191">
        <ele>62.8</ele>
      </trkpt>
      <trkpt lat="43.65923" lon="3.90182">
        <ele>63.0</ele>
      </trkpt>
      <trkpt lat="43.65916" lon="3.90173">
        <ele>63.1</ele>
      </trkpt>
      <trkpt lat="43.6591" lon="3.90162">
        <ele>63.1</ele>
      </trkpt>
      <trkpt lat="43.65905" lon="3.9015">
        <ele>63.1</ele>
      </trkpt>
      <trkpt lat="43.65903" lon="3.90139">
        <ele>63.2</ele>
      </trkpt>
      <trkpt lat="43.65902" lon="3.90123">
        <ele>63.2</ele>
      </trkpt>
      <trkpt lat="43.65903" lon="3.90108">
        <ele>63.2</ele>
      </trkpt>
      <trkpt lat="43.65906" lon="3.90091">
        <ele>63.1</ele>
      </trkpt>
      <trkpt lat="43.65895" lon="3.90074">
        <ele>63.3</ele>
      </trkpt>
      <trkpt lat="43.65858" lon="3.90038">
        <ele>63.5</ele>
      </trkpt>
      <trkpt lat="43.65838" lon="3.90022">
        <ele>63.3</ele>
      </trkpt>
      <trkpt lat="43.65824" lon="3.90012">
        <ele>62.9</ele>
      </trkpt>
      <trkpt lat="43.65754" lon="3.89981">
        <ele>60.6</ele>
      </trkpt>
      <trkpt lat="43.65709" lon="3.89958">
        <ele>58.0</ele>
      </trkpt>
      <trkpt lat="43.65643" lon="3.89923">
        <ele>56.0</ele>
      </trkpt>
      <trkpt lat="43.65639" lon="3.89924">
        <ele>56.0</ele>
      </trkpt>
      <trkpt lat="43.65634" lon="3.89934">
        <ele>55.9</ele>
      </trkpt>
      <trkpt lat="43.65629" lon="3.89938">
        <ele>55.9</ele>
      </trkpt>
      <trkpt lat="43.65624" lon="3.8994">
        <ele>55.9</ele>
      </trkpt>
      <trkpt lat="43.65621" lon="3.89937">
        <ele>55.9</ele>
      </trkpt>
      <trkpt lat="43.65608" lon="3.89912">
        <ele>55.9</ele>
      </trkpt>
      <trkpt lat="43.65596" lon="3.89908">
        <ele>55.7</ele>
      </trkpt>
      <trkpt lat="43.65548" lon="3.8989">
        <ele>56.0</ele>
      </trkpt>
      <trkpt lat="43.65469" lon="3.89847">
        <ele>59.1</ele>
      </trkpt>
      <trkpt lat="43.6539" lon="3.89804">
        <ele>60.6</ele>
      </trkpt>
      <trkpt lat="43.65378" lon="3.898">
        <ele>60.5</ele>
      </trkpt>
      <trkpt lat="43.65366" lon="3.89799">
        <ele>60.7</ele>
      </trkpt>
      <trkpt lat="43.6535" lon="3.89799">
        <ele>61.2</ele>
      </trkpt>
      <trkpt lat="43.65329" lon="3.89808">
        <ele>62.8</ele>
      </trkpt>
      <trkpt lat="43.65302" lon="3.89825">
        <ele>65.7</ele>
      </trkpt>
      <trkpt lat="43.65291" lon="3.89829">
        <ele>66.6</ele>
      </trkpt>
      <trkpt lat="43.65278" lon="3.8983">
        <ele>67.4</ele>
      </trkpt>
      <trkpt lat="43.65265" lon="3.89828">
        <ele>67.9</ele>
      </trkpt>
      <trkpt lat="43.65247" lon="3.89822">
        <ele>68.3</ele>
      </trkpt>
      <trkpt lat="43.65195" lon="3.89795">
        <ele>68.0</ele>
      </trkpt>
      <trkpt lat="43.65179" lon="3.89789">
        <ele>67.8</ele>
      </trkpt>
      <trkpt lat="43.65152" lon="3.89788">
        <ele>68.3</ele>
      </trkpt>
      <trkpt lat="43.6513" lon="3.8979">
        <ele>68.6</ele>
      </trkpt>
      <trkpt lat="43.65119" lon="3.8979">
        <ele>68.6</ele>
      </trkpt>
      <trkpt lat="43.6511" lon="3.89788">
        <ele>68.6</ele>
      </trkpt>
      <trkpt lat="43.65097" lon="3.89783">
        <ele>68.4</ele>
      </trkpt>
      <trkpt lat="43.65078" lon="3.89781">
        <ele>68.5</ele>
      </trkpt>
      <trkpt lat="43.65064" lon="3.89784">
        <ele>68.4</ele>
      </trkpt>
      <trkpt lat="43.65052" lon="3.8979">
        <ele>68.4</ele>
      </trkpt>
      <trkpt lat="43.65049" lon="3.89793">
        <ele>68.4</ele>
      </trkpt>
      <trkpt lat="43.65" lon="3.89888">
        <ele>64.1</ele>
      </trkpt>
      <trkpt lat="43.64981" lon="3.89924">
        <ele>62.1</ele>
      </trkpt>
      <trkpt lat="43.64966" lon="3.89947">
        <ele>61.2</ele>
      </trkpt>
      <trkpt lat="43.64951" lon="3.89964">
        <ele>60.4</ele>
      </trkpt>
      <trkpt lat="43.64934" lon="3.89977">
        <ele>59.8</ele>
      </trkpt>
      <trkpt lat="43.64925" lon="3.89982">
        <ele>59.4</ele>
      </trkpt>
      <trkpt lat="43.64913" lon="3.89985">
        <ele>59.0</ele>
      </trkpt>
      <trkpt lat="43.64889" lon="3.89987">
        <ele>57.8</ele>
      </trkpt>
      <trkpt lat="43.64831" lon="3.89964">
        <ele>55.3</ele>
      </trkpt>
      <trkpt lat="43.64827" lon="3.89962">
        <ele>55.1</ele>
      </trkpt>
      <trkpt lat="43.64825" lon="3.89958">
        <ele>55.1</ele>
      </trkpt>
      <trkpt lat="43.64822" lon="3.89944">
        <ele>55.0</ele>
      </trkpt>
      <trkpt lat="43.64821" lon="3.89937">
        <ele>55.0</ele>
      </trkpt>
      <trkpt lat="43.64812" lon="3.8994">
        <ele>54.5</ele>
      </trkpt>
      <trkpt lat="43.64797" lon="3.89942">
        <ele>53.7</ele>
      </trkpt>
      <trkpt lat="43.6478" lon="3.89941">
        <ele>52.7</ele>
      </trkpt>
      <trkpt lat="43.64766" lon="3.89937">
        <ele>51.9</ele>
      </trkpt>
      <trkpt lat="43.64708" lon="3.89913">
        <ele>49.5</ele>
      </trkpt>
      <trkpt lat="43.6465" lon="3.89889">
        <ele>46.6</ele>
      </trkpt>
      <trkpt lat="43.64579" lon="3.89855">
        <ele>41.9</ele>
      </trkpt>
      <trkpt lat="43.64525" lon="3.89832">
        <ele>40.6</ele>
      </trkpt>
      <trkpt lat="43.64518" lon="3.89828">
        <ele>40.4</ele>
      </trkpt>
      <trkpt lat="43.64517" lon="3.89823">
        <ele>40.3</ele>
      </trkpt>
      <trkpt lat="43.64514" lon="3.89819">
        <ele>40.2</ele>
      </trkpt>
      <trkpt lat="43.64509" lon="3.89817">
        <ele>40.1</ele>
      </trkpt>
      <trkpt lat="43.64506" lon="3.89819">
        <ele>40.0</ele>
      </trkpt>
      <trkpt lat="43.64504" lon="3.89821">
        <ele>40.0</ele>
      </trkpt>
      <trkpt lat="43.64449" lon="3.898">
        <ele>40.1</ele>
      </trkpt>
      <trkpt lat="43.64431" lon="3.89785">
        <ele>39.6</ele>
      </trkpt>
      <trkpt lat="43.64415" lon="3.89768">
        <ele>39.1</ele>
      </trkpt>
      <trkpt lat="43.64403" lon="3.89756">
        <ele>40.9</ele>
      </trkpt>
      <trkpt lat="43.64396" lon="3.89747">
        <ele>41.9</ele>
      </trkpt>
      <trkpt lat="43.64386" lon="3.89728">
        <ele>43.4</ele>
      </trkpt>
      <trkpt lat="43.64376" lon="3.89702">
        <ele>44.3</ele>
      </trkpt>
      <trkpt lat="43.64366" lon="3.89664">
        <ele>44.8</ele>
      </trkpt>
      <trkpt lat="43.64353" lon="3.89618">
        <ele>43.2</ele>
      </trkpt>
      <trkpt lat="43.64346" lon="3.89598">
        <ele>42.0</ele>
      </trkpt>
      <trkpt lat="43.64336" lon="3.89579">
        <ele>40.8</ele>
      </trkpt>
      <trkpt lat="43.6431" lon="3.89545">
        <ele>44.5</ele>
      </trkpt>
      <trkpt lat="43.64262" lon="3.89488">
        <ele>47.7</ele>
      </trkpt>
      <trkpt lat="43.64235" lon="3.8945">
        <ele>46.8</ele>
      </trkpt>
      <trkpt lat="43.64228" lon="3.89438">
        <ele>46.4</ele>
      </trkpt>
      <trkpt lat="43.64222" lon="3.8943">
        <ele>46.5</ele>
      </trkpt>
      <trkpt lat="43.64192" lon="3.894">
        <ele>47.2</ele>
      </trkpt>
      <trkpt lat="43.6418" lon="3.89381">
        <ele>45.7</ele>
      </trkpt>
      <trkpt lat="43.64159" lon="3.89344">
        <ele>40.0</ele>
      </trkpt>
      <trkpt lat="43.64152" lon="3.89338">
        <ele>39.0</ele>
      </trkpt>
      <trkpt lat="43.64145" lon="3.89338">
        <ele>38.9</ele>
      </trkpt>
      <trkpt lat="43.64138" lon="3.89342">
        <ele>39.5</ele>
      </trkpt>
      <trkpt lat="43.64114" lon="3.89358">
        <ele>42.3</ele>
      </trkpt>
      <trkpt lat="43.64105" lon="3.89361">
        <ele>42.9</ele>
      </trkpt>
      <trkpt lat="43.64072" lon="3.89371">
        <ele>43.6</ele>
      </trkpt>
      <trkpt lat="43.64028" lon="3.89386">
        <ele>43.4</ele>
      </trkpt>
      <trkpt lat="43.64018" lon="3.89391">
        <ele>43.4</ele>
      </trkpt>
      <trkpt lat="43.64011" lon="3.89395">
        <ele>43.7</ele>
      </trkpt>
      <trkpt lat="43.64" lon="3.89405">
        <ele>44.4</ele>
      </trkpt>
      <trkpt lat="43.63996" lon="3.89405">
        <ele>44.1</ele>
      </trkpt>
      <trkpt lat="43.63969" lon="3.89422">
        <ele>44.9</ele>
      </trkpt>
      <trkpt lat="43.63962" lon="3.89425">
        <ele>44.9</ele>
      </trkpt>
      <trkpt lat="43.6395" lon="3.89429">
        <ele>44.6</ele>
      </trkpt>
      <trkpt lat="43.63936" lon="3.89431">
        <ele>44.1</ele>
      </trkpt>
      <trkpt lat="43.63933" lon="3.89433">
        <ele>44.3</ele>
      </trkpt>
      <trkpt lat="43.63919" lon="3.89432">
        <ele>43.3</ele>
      </trkpt>
      <trkpt lat="43.63875" lon="3.89421">
        <ele>46.3</ele>
      </trkpt>
      <trkpt lat="43.63797" lon="3.89407">
        <ele>51.4</ele>
      </trkpt>
      <trkpt lat="43.6372" lon="3.89393">
        <ele>53.4</ele>
      </trkpt>
      <trkpt lat="43.63709" lon="3.89392">
        <ele>53.2</ele>
      </trkpt>
      <trkpt lat="43.6368" lon="3.89393">
        <ele>53.6</ele>
      </trkpt>
      <trkpt lat="43.63659" lon="3.894">
        <ele>54.2</ele>
      </trkpt>
      <trkpt lat="43.63637" lon="3.89409">
        <ele>54.1</ele>
      </trkpt>
      <trkpt lat="43.63587" lon="3.89434">
        <ele>53.0</ele>
      </trkpt>
      <trkpt lat="43.63538" lon="3.89459">
        <ele>50.7</ele>
      </trkpt>
      <trkpt lat="43.63474" lon="3.89492">
        <ele>46.1</ele>
      </trkpt>
      <trkpt lat="43.6341" lon="3.89525">
        <ele>44.0</ele>
      </trkpt>
      <trkpt lat="43.63347" lon="3.89556">
        <ele>41.6</ele>
      </trkpt>
      <trkpt lat="43.63316" lon="3.89567">
        <ele>41.0</ele>
      </trkpt>
      <trkpt lat="43.63297" lon="3.8958">
        <ele>41.0</ele>
      </trkpt>
      <trkpt lat="43.63287" lon="3.89586">
        <ele>41.1</ele>
      </trkpt>
      <trkpt lat="43.63273" lon="3.89592">
        <ele>41.2</ele>
      </trkpt>
      <trkpt lat="43.63243" lon="3.89602">
        <ele>41.2</ele>
      </trkpt>
      <trkpt lat="43.6319" lon="3.89616">
        <ele>39.6</ele>
      </trkpt>
      <trkpt lat="43.63164" lon="3.8963">
        <ele>39.0</ele>
      </trkpt>
      <trkpt lat="43.63144" lon="3.89645">
        <ele>38.2</ele>
      </trkpt>
      <trkpt lat="43.63081" lon="3.89701">
        <ele>35.0</ele>
      </trkpt>
      <trkpt lat="43.63019" lon="3.89757">
        <ele>33.3</ele>
      </trkpt>
      <trkpt lat="43.62958" lon="3.89792">
        <ele>30.0</ele>
      </trkpt>
      <trkpt lat="43.62955" lon="3.8979">
        <ele>29.8</ele>
      </trkpt>
      <trkpt lat="43.6294" lon="3.89798">
        <ele>29.2</ele>
      </trkpt>
      <trkpt lat="43.62907" lon="3.89816">
        <ele>28.4</ele>
      </trkpt>
      <trkpt lat="43.62886" lon="3.89823">
        <ele>28.0</ele>
      </trkpt>
      <trkpt lat="43.62882" lon="3.89822">
        <ele>27.9</ele>
      </trkpt>
      <trkpt lat="43.62875" lon="3.89819">
        <ele>27.6</ele>
      </trkpt>
      <trkpt lat="43.62872" lon="3.89817">
        <ele>27.5</ele>
      </trkpt>
      <trkpt lat="43.62864" lon="3.8983">
        <ele>27.7</ele>
      </trkpt>
      <trkpt lat="43.62861" lon="3.89829">
        <ele>27.6</ele>
      </trkpt>
      <trkpt lat="43.62855" lon="3.89826">
        <ele>27.3</ele>
      </trkpt>
      <trkpt lat="43.62848" lon="3.89818">
        <ele>27.0</ele>
      </trkpt>
      <trkpt lat="43.62841" lon="3.89816">
        <ele>26.8</ele>
      </trkpt>
      <trkpt lat="43.6283" lon="3.89808">
        <ele>26.2</ele>
      </trkpt>
      <trkpt lat="43.62825" lon="3.89801">
        <ele>25.9</ele>
      </trkpt>
      <trkpt lat="43.62817" lon="3.89783">
        <ele>25.2</ele>
      </trkpt>
      <trkpt lat="43.62812" lon="3.89768">
        <ele>24.7</ele>
      </trkpt>
      <trkpt lat="43.62807" lon="3.89757">
        <ele>24.2</ele>
      </trkpt>
      <trkpt lat="43.62801" lon="3.89749">
        <ele>23.8</ele>
      </trkpt>
      <trkpt lat="43.62785" lon="3.89733">
        <ele>22.9</ele>
      </trkpt>
      <trkpt lat="43.62773" lon="3.8972">
        <ele>22.2</ele>
      </trkpt>
      <trkpt lat="43.62745" lon="3.89769">
        <ele>22.5</ele>
      </trkpt>
      <trkpt lat="43.6271" lon="3.89834">
        <ele>24.0</ele>
      </trkpt>
      <trkpt lat="43.62707" lon="3.89843">
        <ele>24.3</ele>
      </trkpt>
      <trkpt lat="43.62693" lon="3.89873">
        <ele>25.1</ele>
      </trkpt>
      <trkpt lat="43.62687" lon="3.89891">
        <ele>25.6</ele>
      </trkpt>
      <trkpt lat="43.62672" lon="3.89952">
        <ele>26.9</ele>
      </trkpt>
      <trkpt lat="43.62666" lon="3.89978">
        <ele>27.4</ele>
      </trkpt>
      <trkpt lat="43.62651" lon="3.90042">
        <ele>26.8</ele>
      </trkpt>
      <trkpt lat="43.62646" lon="3.90067">
        <ele>26.6</ele>
      </trkpt>
      <trkpt lat="43.62643" lon="3.90078">
        <ele>26.6</ele>
      </trkpt>
      <trkpt lat="43.62636" lon="3.90084">
        <ele>26.7</ele>
      </trkpt>
      <trkpt lat="43.62633" lon="3.90087">
        <ele>26.9</ele>
      </trkpt>
      <trkpt lat="43.62631" lon="3.90092">
        <ele>27.0</ele>
      </trkpt>
      <trkpt lat="43.62617" lon="3.90092">
        <ele>27.3</ele>
      </trkpt>
      <trkpt lat="43.62599" lon="3.90086">
        <ele>27.7</ele>
      </trkpt>
      <trkpt lat="43.62595" lon="3.90087">
        <ele>27.8</ele>
      </trkpt>
      <trkpt lat="43.62591" lon="3.90085">
        <ele>27.9</ele>
      </trkpt>
      <trkpt lat="43.62578" lon="3.90074">
        <ele>27.6</ele>
      </trkpt>
      <trkpt lat="43.62559" lon="3.90054">
        <ele>27.3</ele>
      </trkpt>
      <trkpt lat="43.62557" lon="3.9006">
        <ele>27.5</ele>
      </trkpt>
      <trkpt lat="43.6255" lon="3.90052">
        <ele>27.5</ele>
      </trkpt>
      <trkpt lat="43.62547" lon="3.90047">
        <ele>27.5</ele>
      </trkpt>
      <trkpt lat="43.62532" lon="3.90028">
        <ele>27.6</ele>
      </trkpt>
      <trkpt lat="43.62522" lon="3.90019">
        <ele>27.9</ele>
      </trkpt>
      <trkpt lat="43.62512" lon="3.90008">
        <ele>28.3</ele>
      </trkpt>
      <trkpt lat="43.62507" lon="3.90004">
        <ele>28.6</ele>
      </trkpt>
      <trkpt lat="43.62498" lon="3.89998">
        <ele>29.0</ele>
      </trkpt>
      <trkpt lat="43.62481" lon="3.89981">
        <ele>28.6</ele>
      </trkpt>
      <trkpt lat="43.6244" lon="3.89935">
        <ele>27.3</ele>
      </trkpt>
      <trkpt lat="43.62421" lon="3.89912">
        <ele>26.6</ele>
      </trkpt>
      <trkpt lat="43.624" lon="3.89891">
        <ele>25.4</ele>
      </trkpt>
      <trkpt lat="43.62394" lon="3.89885">
        <ele>25.1</ele>
      </trkpt>
      <trkpt lat="43.62384" lon="3.89884">
        <ele>24.9</ele>
      </trkpt>
      <trkpt lat="43.62376" lon="3.89878">
        <ele>24.6</ele>
      </trkpt>
      <trkpt lat="43.62379" lon="3.89862">
        <ele>24.2</ele>
      </trkpt>
      <trkpt lat="43.6233" lon="3.8982">
        <ele>23.7</ele>
      </trkpt>
      <trkpt lat="43.6228" lon="3.89779">
        <ele>22.9</ele>
      </trkpt>
      <trkpt lat="43.62259" lon="3.89767">
        <ele>22.6</ele>
      </trkpt>
      <trkpt lat="43.62251" lon="3.89765">
        <ele>22.6</ele>
      </trkpt>
      <trkpt lat="43.62222" lon="3.89763">
        <ele>23.2</ele>
      </trkpt>
      <trkpt lat="43.62147" lon="3.89756">
        <ele>24.0</ele>
      </trkpt>
      <trkpt lat="43.62071" lon="3.89749">
        <ele>22.8</ele>
      </trkpt>
      <trkpt lat="43.62019" lon="3.89743">
        <ele>22.0</ele>
      </trkpt>
      <trkpt lat="43.61949" lon="3.89736">
        <ele>21.5</ele>
      </trkpt>
      <trkpt lat="43.6188" lon="3.89729">
        <ele>21.0</ele>
      </trkpt>
      <trkpt lat="43.61872" lon="3.89724">
        <ele>20.9</ele>
      </trkpt>
      <trkpt lat="43.6186" lon="3.89723">
        <ele>20.8</ele>
      </trkpt>
      <trkpt lat="43.61853" lon="3.89725">
        <ele>20.8</ele>
      </trkpt>
      <trkpt lat="43.61828" lon="3.89723">
        <ele>20.6</ele>
      </trkpt>
      <trkpt lat="43.61812" lon="3.89724">
        <ele>20.4</ele>
      </trkpt>
      <trkpt lat="43.6173" lon="3.89734">
        <ele>19.9</ele>
      </trkpt>
      <trkpt lat="43.61647" lon="3.89744">
        <ele>20.3</ele>
      </trkpt>
      <trkpt lat="43.61603" lon="3.89754">
        <ele>20.8</ele>
      </trkpt>
      <trkpt lat="43.61577" lon="3.89761">
        <ele>21.1</ele>
      </trkpt>
      <trkpt lat="43.61572" lon="3.8976">
        <ele>21.0</ele>
      </trkpt>
      <trkpt lat="43.6156" lon="3.89763">
        <ele>20.8</ele>
      </trkpt>
      <trkpt lat="43.61556" lon="3.89767">
        <ele>20.8</ele>
      </trkpt>
      <trkpt lat="43.6151" lon="3.8978">
        <ele>20.2</ele>
      </trkpt>
      <trkpt lat="43.61464" lon="3.89794">
        <ele>20.2</ele>
      </trkpt>
      <trkpt lat="43.61432" lon="3.89806">
        <ele>20.5</ele>
      </trkpt>
      <trkpt lat="43.61413" lon="3.89808">
        <ele>20.7</ele>
      </trkpt>
      <trkpt lat="43.6138" lon="3.8981">
        <ele>20.7</ele>
      </trkpt>
      <trkpt lat="43.61377" lon="3.89807">
        <ele>20.7</ele>
      </trkpt>
      <trkpt lat="43.61367" lon="3.89807">
        <ele>20.7</ele>
      </trkpt>
      <trkpt lat="43.61362" lon="3.8981">
        <ele>20.7</ele>
      </trkpt>
      <trkpt lat="43.61352" lon="3.8981">
        <ele>20.7</ele>
      </trkpt>
      <trkpt lat="43.613" lon="3.89813">
        <ele>19.8</ele>
      </trkpt>
      <trkpt lat="43.61239" lon="3.89819">
        <ele>18.1</ele>
      </trkpt>
      <trkpt lat="43.61207" lon="3.89822">
        <ele>17.7</ele>
      </trkpt>
      <trkpt lat="43.61179" lon="3.89828">
        <ele>17.3</ele>
      </trkpt>
      <trkpt lat="43.61132" lon="3.89842">
        <ele>16.5</ele>
      </trkpt>
      <trkpt lat="43.61086" lon="3.89856">
        <ele>16.0</ele>
      </trkpt>
      <trkpt lat="43.6107" lon="3.89858">
        <ele>16.3</ele>
      </trkpt>
      <trkpt lat="43.61065" lon="3.89856">
        <ele>16.4</ele>
      </trkpt>
      <trkpt lat="43.61046" lon="3.8986">
        <ele>16.9</ele>
      </trkpt>
      <trkpt lat="43.61041" lon="3.89862">
        <ele>17.0</ele>
      </trkpt>
      <trkpt lat="43.61037" lon="3.89863">
        <ele>17.1</ele>
      </trkpt>
      <trkpt lat="43.6103" lon="3.8986">
        <ele>17.3</ele>
      </trkpt>
      <trkpt lat="43.61005" lon="3.89866">
        <ele>17.9</ele>
      </trkpt>
      <trkpt lat="43.61007" lon="3.89876">
        <ele>17.8</ele>
      </trkpt>
      <trkpt lat="43.60996" lon="3.89879">
        <ele>17.9</ele>
      </trkpt>
      <trkpt lat="43.60982" lon="3.89883">
        <ele>17.7</ele>
      </trkpt>
      <trkpt lat="43.60939" lon="3.89892">
        <ele>17.1</ele>
      </trkpt>
      <trkpt lat="43.60915" lon="3.89894">
        <ele>16.7</ele>
      </trkpt>
      <trkpt lat="43.60884" lon="3.89889">
        <ele>16.3</ele>
      </trkpt>
      <trkpt lat="43.6088" lon="3.89886">
        <ele>16.2</ele>
      </trkpt>
      <trkpt lat="43.60815" lon="3.89871">
        <ele>16.1</ele>
      </trkpt>
      <trkpt lat="43.60805" lon="3.89866">
        <ele>16.1</ele>
      </trkpt>
      <trkpt lat="43.60784" lon="3.89861">
        <ele>16.1</ele>
      </trkpt>
      <trkpt lat="43.60777" lon="3.89857">
        <ele>16.1</ele>
      </trkpt>
      <trkpt lat="43.60743" lon="3.89852">
        <ele>16.3</ele>
      </trkpt>
      <trkpt lat="43.60723" lon="3.89851">
        <ele>17.2</ele>
      </trkpt>
      <trkpt lat="43.60688" lon="3.89854">
        <ele>18.6</ele>
      </trkpt>
      <trkpt lat="43.60681" lon="3.89855">
        <ele>18.9</ele>
      </trkpt>
      <trkpt lat="43.60674" lon="3.89854">
        <ele>19.2</ele>
      </trkpt>
      <trkpt lat="43.6064" lon="3.89858">
        <ele>18.9</ele>
      </trkpt>
      <trkpt lat="43.60634" lon="3.89856">
        <ele>19.0</ele>
      </trkpt>
      <trkpt lat="43.6063" lon="3.89848">
        <ele>19.4</ele>
      </trkpt>
      <trkpt lat="43.60615" lon="3.89857">
        <ele>18.7</ele>
      </trkpt>
      <trkpt lat="43.60614" lon="3.8986">
        <ele>18.6</ele>
      </trkpt>
      <trkpt lat="43.60608" lon="3.89852">
        <ele>18.9</ele>
      </trkpt>
      <trkpt lat="43.60599" lon="3.89843">
        <ele>19.1</ele>
      </trkpt>
      <trkpt lat="43.60592" lon="3.89844">
        <ele>18.9</ele>
      </trkpt>
      <trkpt lat="43.6059" lon="3.89841">
        <ele>18.9</ele>
      </trkpt>
      <trkpt lat="43.60585" lon="3.89838">
        <ele>18.9</ele>
      </trkpt>
      <trkpt lat="43.60577" lon="3.89836">
        <ele>19.3</ele>
      </trkpt>
      <trkpt lat="43.60568" lon="3.89836">
        <ele>19.8</ele>
      </trkpt>
      <trkpt lat="43.60563" lon="3.89828">
        <ele>20.1</ele>
      </trkpt>
      <trkpt lat="43.60561" lon="3.89802">
        <ele>19.6</ele>
      </trkpt>
      <trkpt lat="43.60558" lon="3.89797">
        <ele>19.5</ele>
      </trkpt>
      <trkpt lat="43.60557" lon="3.89754">
        <ele>18.4</ele>
      </trkpt>
      <trkpt lat="43.60524" lon="3.89749">
        <ele>18.7</ele>
      </trkpt>
      <trkpt lat="43.60448" lon="3.89754">
        <ele>17.9</ele>
      </trkpt>
      <trkpt lat="43.60414" lon="3.89753">
        <ele>17.2</ele>
      </trkpt>
      <trkpt lat="43.60402" lon="3.8975">
        <ele>17.5</ele>
      </trkpt>
      <trkpt lat="43.60381" lon="3.8974">
        <ele>18.0</ele>
      </trkpt>
      <trkpt lat="43.60373" lon="3.89734">
        <ele>18.2</ele>
      </trkpt>
      <trkpt lat="43.60333" lon="3.89696">
        <ele>18.1</ele>
      </trkpt>
      <trkpt lat="43.60317" lon="3.89683">
        <ele>17.8</ele>
      </trkpt>
      <trkpt lat="43.60278" lon="3.89663">
        <ele>17.6</ele>
      </trkpt>
      <trkpt lat="43.60236" lon="3.89647">
        <ele>17.5</ele>
      </trkpt>
      <trkpt lat="43.60171" lon="3.89631">
        <ele>16.1</ele>
      </trkpt>
      <trkpt lat="43.60149" lon="3.89628">
        <ele>15.3</ele>
      </trkpt>
      <trkpt lat="43.60133" lon="3.89635">
        <ele>14.7</ele>
      </trkpt>
      <trkpt lat="43.60085" lon="3.8967">
        <ele>12.2</ele>
      </trkpt>
      <trkpt lat="43.60072" lon="3.8968">
        <ele>12.4</ele>
      </trkpt>
      <trkpt lat="43.6006" lon="3.89694">
        <ele>12.6</ele>
      </trkpt>
      <trkpt lat="43.60049" lon="3.89711">
        <ele>12.6</ele>
      </trkpt>
      <trkpt lat="43.6001" lon="3.89778">
        <ele>11.6</ele>
      </trkpt>
      <trkpt lat="43.59968" lon="3.89816">
        <ele>12.1</ele>
      </trkpt>
      <trkpt lat="43.59952" lon="3.89828">
        <ele>12.3</ele>
      </trkpt>
      <trkpt lat="43.59929" lon="3.89844">
        <ele>12.0</ele>
      </trkpt>
      <trkpt lat="43.599" lon="3.89862">
        <ele>10.6</ele>
      </trkpt>
      <trkpt lat="43.59818" lon="3.899">
        <ele>7.1</ele>
      </trkpt>
      <trkpt lat="43.59795" lon="3.89913">
        <ele>6.6</ele>
      </trkpt>
      <trkpt lat="43.59782" lon="3.89922">
        <ele>6.6</ele>
      </trkpt>
      <trkpt lat="43.59757" lon="3.89944">
        <ele>7.4</ele>
      </trkpt>
      <trkpt lat="43.59754" lon="3.89953">
        <ele>7.8</ele>
      </trkpt>
      <trkpt lat="43.59751" lon="3.89957">
        <ele>7.9</ele>
      </trkpt>
      <trkpt lat="43.59736" lon="3.89969">
        <ele>8.8</ele>
      </trkpt>
      <trkpt lat="43.59724" lon="3.89983">
        <ele>9.4</ele>
      </trkpt>
      <trkpt lat="43.59712" lon="3.90003">
        <ele>10.0</ele>
      </trkpt>
      <trkpt lat="43.59703" lon="3.90014">
        <ele>10.0</ele>
      </trkpt>
      <trkpt lat="43.59662" lon="3.90074">
        <ele>8.5</ele>
      </trkpt>
      <trkpt lat="43.59614" lon="3.90144">
        <ele>9.1</ele>
      </trkpt>
      <trkpt lat="43.59566" lon="3.90207">
        <ele>10.1</ele>
      </trkpt>
      <trkpt lat="43.59519" lon="3.9027">
        <ele>10.8</ele>
      </trkpt>
      <trkpt lat="43.59501" lon="3.90296">
        <ele>10.4</ele>
      </trkpt>
      <trkpt lat="43.59476" lon="3.90328">
        <ele>10.4</ele>
      </trkpt>
      <trkpt lat="43.59429" lon="3.90377">
        <ele>11.4</ele>
      </trkpt>
      <trkpt lat="43.59412" lon="3.90393">
        <ele>11.9</ele>
      </trkpt>
      <trkpt lat="43.59389" lon="3.90407">
        <ele>12.6</ele>
      </trkpt>
      <trkpt lat="43.5936" lon="3.90419">
        <ele>13.4</ele>
      </trkpt>
      <trkpt lat="43.59278" lon="3.90458">
        <ele>12.4</ele>
      </trkpt>
      <trkpt lat="43.59257" lon="3.90469">
        <ele>11.6</ele>
      </trkpt>
      <trkpt lat="43.59238" lon="3.90482">
        <ele>10.8</ele>
      </trkpt>
      <trkpt lat="43.5922" lon="3.90498">
        <ele>10.0</ele>
      </trkpt>
      <trkpt lat="43.5919" lon="3.90532">
        <ele>9.5</ele>
      </trkpt>
      <trkpt lat="43.59169" lon="3.90561">
        <ele>9.5</ele>
      </trkpt>
      <trkpt lat="43.5913" lon="3.90627">
        <ele>10.0</ele>
      </trkpt>
      <trkpt lat="43.59108" lon="3.90659">
        <ele>9.1</ele>
      </trkpt>
      <trkpt lat="43.59084" lon="3.90688">
        <ele>8.0</ele>
      </trkpt>
      <trkpt lat="43.59058" lon="3.90716">
        <ele>8.1</ele>
      </trkpt>
      <trkpt lat="43.59037" lon="3.90732">
        <ele>8.1</ele>
      </trkpt>
      <trkpt lat="43.59028" lon="3.90738">
        <ele>8.1</ele>
      </trkpt>
      <trkpt lat="43.58988" lon="3.90758">
        <ele>8.2</ele>
      </trkpt>
      <trkpt lat="43.58914" lon="3.90773">
        <ele>9.3</ele>
      </trkpt>
      <trkpt lat="43.58839" lon="3.90789">
        <ele>9.5</ele>
      </trkpt>
      <trkpt lat="43.58808" lon="3.90789">
        <ele>9.2</ele>
      </trkpt>
      <trkpt lat="43.58799" lon="3.90804">
        <ele>9.1</ele>
      </trkpt>
      <trkpt lat="43.58787" lon="3.90802">
        <ele>8.9</ele>
      </trkpt>
      <trkpt lat="43.58725" lon="3.90785">
        <ele>8.4</ele>
      </trkpt>
      <trkpt lat="43.58662" lon="3.90769">
        <ele>7.9</ele>
      </trkpt>
      <trkpt lat="43.58658" lon="3.90765">
        <ele>7.8</ele>
      </trkpt>
      <trkpt lat="43.58652" lon="3.90751">
        <ele>7.5</ele>
      </trkpt>
      <trkpt lat="43.58644" lon="3.90745">
        <ele>7.2</ele>
      </trkpt>
      <trkpt lat="43.58634" lon="3.90742">
        <ele>6.9</ele>
      </trkpt>
      <trkpt lat="43.58602" lon="3.90739">
        <ele>5.9</ele>
      </trkpt>
      <trkpt lat="43.58575" lon="3.90743">
        <ele>5.4</ele>
      </trkpt>
      <trkpt lat="43.58523" lon="3.90758">
        <ele>6.5</ele>
      </trkpt>
      <trkpt lat="43.5849" lon="3.90771">
        <ele>6.8</ele>
      </trkpt>
      <trkpt lat="43.58453" lon="3.90791">
        <ele>6.5</ele>
      </trkpt>
      <trkpt lat="43.58428" lon="3.90801">
        <ele>6.2</ele>
      </trkpt>
      <trkpt lat="43.58369" lon="3.90815">
        <ele>6.6</ele>
      </trkpt>
      <trkpt lat="43.58343" lon="3.90815">
        <ele>7.0</ele>
      </trkpt>
      <trkpt lat="43.58279" lon="3.90809">
        <ele>7.3</ele>
      </trkpt>
      <trkpt lat="43.58215" lon="3.90804">
        <ele>7.1</ele>
      </trkpt>
      <trkpt lat="43.5815" lon="3.90798">
        <ele>6.9</ele>
      </trkpt>
      <trkpt lat="43.58135" lon="3.90794">
        <ele>7.3</ele>
      </trkpt>
      <trkpt lat="43.58108" lon="3.90783">
        <ele>8.0</ele>
      </trkpt>
      <trkpt lat="43.58084" lon="3.9077">
        <ele>8.7</ele>
      </trkpt>
      <trkpt lat="43.58062" lon="3.9075">
        <ele>9.0</ele>
      </trkpt>
      <trkpt lat="43.58046" lon="3.90727">
        <ele>9.1</ele>
      </trkpt>
      <trkpt lat="43.58021" lon="3.90695">
        <ele>8.3</ele>
      </trkpt>
      <trkpt lat="43.57995" lon="3.9064">
        <ele>6.4</ele>
      </trkpt>
      <trkpt lat="43.57951" lon="3.90544">
        <ele>6.9</ele>
      </trkpt>
      <trkpt lat="43.57925" lon="3.90489">
        <ele>8.1</ele>
      </trkpt>
      <trkpt lat="43.57909" lon="3.90444">
        <ele>8.6</ele>
      </trkpt>
      <trkpt lat="43.57894" lon="3.90414">
        <ele>8.7</ele>
      </trkpt>
      <trkpt lat="43.57878" lon="3.90389">
        <ele>8.0</ele>
      </trkpt>
      <trkpt lat="43.57836" lon="3.90338">
        <ele>7.1</ele>
      </trkpt>
      <trkpt lat="43.57794" lon="3.90287">
        <ele>6.4</ele>
      </trkpt>
      <trkpt lat="43.5774" lon="3.90225">
        <ele>6.4</ele>
      </trkpt>
      <trkpt lat="43.57685" lon="3.90163">
        <ele>6.3</ele>
      </trkpt>
      <trkpt lat="43.57651" lon="3.90122">
        <ele>7.2</ele>
      </trkpt>
      <trkpt lat="43.57614" lon="3.90081">
        <ele>7.3</ele>
      </trkpt>
      <trkpt lat="43.57609" lon="3.90079">
        <ele>7.2</ele>
      </trkpt>
      <trkpt lat="43.57605" lon="3.90083">
        <ele>7.2</ele>
      </trkpt>
      <trkpt lat="43.57595" lon="3.90101">
        <ele>7.4</ele>
      </trkpt>
      <trkpt lat="43.5759" lon="3.90107">
        <ele>7.6</ele>
      </trkpt>
      <trkpt lat="43.57576" lon="3.90097">
        <ele>7.4</ele>
      </trkpt>
      <trkpt lat="43.57554" lon="3.90065">
        <ele>6.9</ele>
      </trkpt>
      <trkpt lat="43.57538" lon="3.90047">
        <ele>6.6</ele>
      </trkpt>
      <trkpt lat="43.57495" lon="3.90024">
        <ele>6.9</ele>
      </trkpt>
      <trkpt lat="43.5748" lon="3.90013">
        <ele>6.5</ele>
      </trkpt>
      <trkpt lat="43.57471" lon="3.90005">
        <ele>6.2</ele>
      </trkpt>
      <trkpt lat="43.57467" lon="3.89997">
        <ele>6.0</ele>
      </trkpt>
      <trkpt lat="43.57458" lon="3.89977">
        <ele>5.9</ele>
      </trkpt>
      <trkpt lat="43.57457" lon="3.89966">
        <ele>5.8</ele>
      </trkpt>
      <trkpt lat="43.57453" lon="3.8996">
        <ele>5.8</ele>
      </trkpt>
      <trkpt lat="43.57435" lon="3.89937">
        <ele>5.8</ele>
      </trkpt>
      <trkpt lat="43.57433" lon="3.89929">
        <ele>5.8</ele>
      </trkpt>
      <trkpt lat="43.57453" lon="3.89906">
        <ele>5.4</ele>
      </trkpt>
      <trkpt lat="43.57462" lon="3.89895">
        <ele>5.1</ele>
      </trkpt>
      <trkpt lat="43.57465" lon="3.89888">
        <ele>4.9</ele>
      </trkpt>
      <trkpt lat="43.57464" lon="3.89874">
        <ele>4.6</ele>
      </trkpt>
      <trkpt lat="43.57451" lon="3.89853">
        <ele>4.5</ele>
      </trkpt>
      <trkpt lat="43.57426" lon="3.89821">
        <ele>5.1</ele>
      </trkpt>
      <trkpt lat="43.57404" lon="3.89803">
        <ele>5.6</ele>
      </trkpt>
      <trkpt lat="43.57361" lon="3.89782">
        <ele>5.0</ele>
      </trkpt>
      <trkpt lat="43.57328" lon="3.89775">
        <ele>4.3</ele>
      </trkpt>
      <trkpt lat="43.57306" lon="3.89771">
        <ele>4.1</ele>
      </trkpt>
      <trkpt lat="43.57264" lon="3.89771">
        <ele>3.8</ele>
      </trkpt>
      <trkpt lat="43.57231" lon="3.89773">
        <ele>4.0</ele>
      </trkpt>
      <trkpt lat="43.5722" lon="3.89776">
        <ele>4.2</ele>
      </trkpt>
      <trkpt lat="43.57209" lon="3.89782">
        <ele>4.3</ele>
      </trkpt>
      <trkpt lat="43.57192" lon="3.89801">
        <ele>4.5</ele>
      </trkpt>
      <trkpt lat="43.57185" lon="3.89806">
        <ele>4.6</ele>
      </trkpt>
      <trkpt lat="43.57176" lon="3.89816">
        <ele>4.8</ele>
      </trkpt>
      <trkpt lat="43.57161" lon="3.89834">
        <ele>5.1</ele>
      </trkpt>
      <trkpt lat="43.5716" lon="3.89833">
        <ele>5.2</ele>
      </trkpt>
      <trkpt lat="43.57152" lon="3.89819">
        <ele>5.4</ele>
      </trkpt>
      <trkpt lat="43.57147" lon="3.89815">
        <ele>5.5</ele>
      </trkpt>
      <trkpt lat="43.57145" lon="3.89815">
        <ele>5.5</ele>
      </trkpt>
      <trkpt lat="43.57124" lon="3.89813">
        <ele>6.0</ele>
      </trkpt>
      <trkpt lat="43.57114" lon="3.89815">
        <ele>6.3</ele>
      </trkpt>
      <trkpt lat="43.57106" lon="3.89819">
        <ele>6.5</ele>
      </trkpt>
      <trkpt lat="43.57086" lon="3.89839">
        <ele>6.8</ele>
      </trkpt>
      <trkpt lat="43.57065" lon="3.89875">
        <ele>5.7</ele>
      </trkpt>
      <trkpt lat="43.57066" lon="3.89877">
        <ele>5.6</ele>
      </trkpt>
      <trkpt lat="43.57073" lon="3.89891">
        <ele>5.5</ele>
      </trkpt>
      <trkpt lat="43.57073" lon="3.89893">
        <ele>5.4</ele>
      </trkpt>
      <trkpt lat="43.5707" lon="3.899">
        <ele>5.2</ele>
      </trkpt>
      <trkpt lat="43.57086" lon="3.89927">
        <ele>5.0</ele>
      </trkpt>
      <trkpt lat="43.57084" lon="3.89932">
        <ele>5.0</ele>
      </trkpt>
      <trkpt lat="43.5708" lon="3.89933">
        <ele>5.0</ele>
      </trkpt>
      <trkpt lat="43.57073" lon="3.89919">
        <ele>4.9</ele>
      </trkpt>
      <trkpt lat="43.57066" lon="3.89907">
        <ele>5.0</ele>
      </trkpt>
      <trkpt lat="43.57058" lon="3.89899">
        <ele>5.1</ele>
      </trkpt>
      <trkpt lat="43.57052" lon="3.89896">
        <ele>5.0</ele>
      </trkpt>
      <trkpt lat="43.5703" lon="3.89887">
        <ele>4.9</ele>
      </trkpt>
      <trkpt lat="43.57027" lon="3.89884">
        <ele>4.8</ele>
      </trkpt>
      <trkpt lat="43.57023" lon="3.89876">
        <ele>4.9</ele>
      </trkpt>
      <trkpt lat="43.5702" lon="3.89866">
        <ele>5.0</ele>
      </trkpt>
      <trkpt lat="43.57014" lon="3.89854">
        <ele>5.1</ele>
      </trkpt>
      <trkpt lat="43.57027" lon="3.89843">
        <ele>5.5</ele>
      </trkpt>
      <trkpt lat="43.57053" lon="3.89813">
        <ele>6.4</ele>
      </trkpt>
      <trkpt lat="43.57049" lon="3.89809">
        <ele>6.3</ele>
      </trkpt>
      <trkpt lat="43.56997" lon="3.89789">
        <ele>5.5</ele>
      </trkpt>
      <trkpt lat="43.56945" lon="3.89769">
        <ele>5.4</ele>
      </trkpt>
      <trkpt lat="43.56925" lon="3.89763">
        <ele>5.2</ele>
      </trkpt>
      <trkpt lat="43.5685" lon="3.89744">
        <ele>4.1</ele>
      </trkpt>
      <trkpt lat="43.56775" lon="3.89726">
        <ele>3.7</ele>
      </trkpt>
      <trkpt lat="43.56703" lon="3.89716">
        <ele>3.7</ele>
      </trkpt>
      <trkpt lat="43.56651" lon="3.89705">
        <ele>3.4</ele>
      </trkpt>
      <trkpt lat="43.56593" lon="3.89685">
        <ele>3.2</ele>
      </trkpt>
      <trkpt lat="43.56535" lon="3.89665">
        <ele>3.0</ele>
      </trkpt>
      <trkpt lat="43.56477" lon="3.89646">
        <ele>3.4</ele>
      </trkpt>
      <trkpt lat="43.56391" lon="3.89619">
        <ele>4.3</ele>
      </trkpt>
      <trkpt lat="43.56305" lon="3.89592">
        <ele>4.8</ele>
      </trkpt>
      <trkpt lat="43.56219" lon="3.89565">
        <ele>3.4</ele>
      </trkpt>
      <trkpt lat="43.56147" lon="3.89545">
        <ele>2.7</ele>
      </trkpt>
      <trkpt lat="43.56088" lon="3.89532">
        <ele>1.2</ele>
      </trkpt>
      <trkpt lat="43.56029" lon="3.89519">
        <ele>0.5</ele>
      </trkpt>
      <trkpt lat="43.5601" lon="3.89514">
        <ele>0.3</ele>
      </trkpt>
      <trkpt lat="43.55975" lon="3.89495">
        <ele>0.3</ele>
      </trkpt>
      <trkpt lat="43.55935" lon="3.89466">
        <ele>1.4</ele>
      </trkpt>
      <trkpt lat="43.55895" lon="3.89436">
        <ele>3.0</ele>
      </trkpt>
      <trkpt lat="43.55881" lon="3.8943">
        <ele>3.5</ele>
      </trkpt>
      <trkpt lat="43.55854" lon="3.89425">
        <ele>4.2</ele>
      </trkpt>
      <trkpt lat="43.55841" lon="3.89427">
        <ele>4.5</ele>
      </trkpt>
      <trkpt lat="43.5582" lon="3.89436">
        <ele>4.0</ele>
      </trkpt>
      <trkpt lat="43.55804" lon="3.89449">
        <ele>3.3</ele>
      </trkpt>
      <trkpt lat="43.55791" lon="3.89466">
        <ele>2.5</ele>
      </trkpt>
      <trkpt lat="43.5578" lon="3.89486">
        <ele>1.8</ele>
      </trkpt>
      <trkpt lat="43.55752" lon="3.89547">
        <ele>0.4</ele>
      </trkpt>
      <trkpt lat="43.55724" lon="3.89608">
        <ele>0.9</ele>
      </trkpt>
      <trkpt lat="43.55701" lon="3.89646">
        <ele>1.9</ele>
      </trkpt>
      <trkpt lat="43.55683" lon="3.89667">
        <ele>2.6</ele>
      </trkpt>
      <trkpt lat="43.55667" lon="3.89679">
        <ele>2.8</ele>
      </trkpt>
      <trkpt lat="43.5564" lon="3.89693">
        <ele>2.1</ele>
      </trkpt>
      <trkpt lat="43.5558" lon="3.89719">
        <ele>1.1</ele>
      </trkpt>
      <trkpt lat="43.55557" lon="3.89726">
        <ele>1.4</ele>
      </trkpt>
      <trkpt lat="43.55526" lon="3.8973">
        <ele>1.8</ele>
      </trkpt>
      <trkpt lat="43.55476" lon="3.89723">
        <ele>2.2</ele>
      </trkpt>
      <trkpt lat="43.55426" lon="3.89716">
        <ele>2.0</ele>
      </trkpt>
      <trkpt lat="43.55368" lon="3.89707">
        <ele>2.6</ele>
      </trkpt>
      <trkpt lat="43.5531" lon="3.89697">
        <ele>2.6</ele>
      </trkpt>
      <trkpt lat="43.55247" lon="3.89686">
        <ele>1.7</ele>
      </trkpt>
      <trkpt lat="43.55183" lon="3.89674">
        <ele>1.1</ele>
      </trkpt>
      <trkpt lat="43.55177" lon="3.89674">
        <ele>1.0</ele>
      </trkpt>
      <trkpt lat="43.55173" lon="3.89677">
        <ele>1.0</ele>
      </trkpt>
      <trkpt lat="43.55171" lon="3.89683">
        <ele>0.9</ele>
      </trkpt>
      <trkpt lat="43.5517" lon="3.89687">
        <ele>0.8</ele>
      </trkpt>
      <trkpt lat="43.55181" lon="3.89805">
        <ele>0.8</ele>
      </trkpt>
      <trkpt lat="43.55139" lon="3.8979">
        <ele>0.5</ele>
      </trkpt>
      <trkpt lat="43.5511" lon="3.89781">
        <ele>0.4</ele>
      </trkpt>
      <trkpt lat="43.55048" lon="3.89765">
        <ele>0.0</ele>
      </trkpt>
      <trkpt lat="43.54985" lon="3.89749">
        <ele>-0.2</ele>
      </trkpt>
      <trkpt lat="43.54923" lon="3.89732">
        <ele>-0.7</ele>
      </trkpt>
      <trkpt lat="43.54835" lon="3.8972">
        <ele>0.0</ele>
      </trkpt>
      <trkpt lat="43.54778" lon="3.89717">
        <ele>-0.1</ele>
      </trkpt>
      <trkpt lat="43.54764" lon="3.89721">
        <ele>-0.2</ele>
      </trkpt>
      <trkpt lat="43.54683" lon="3.89724">
        <ele>0.4</ele>
      </trkpt>
      <trkpt lat="43.54624" lon="3.89727">
        <ele>0.8</ele>
      </trkpt>
      <trkpt lat="43.54564" lon="3.89731">
        <ele>0.9</ele>
      </trkpt>
      <trkpt lat="43.54475" lon="3.89742">
        <ele>0.4</ele>
      </trkpt>
      <trkpt lat="43.54406" lon="3.89756">
        <ele>0.9</ele>
      </trkpt>
      <trkpt lat="43.54367" lon="3.89773">
        <ele>0.7</ele>
      </trkpt>
      <trkpt lat="43.54295" lon="3.89822">
        <ele>1.4</ele>
      </trkpt>
      <trkpt lat="43.54258" lon="3.89858">
        <ele>2.7</ele>
      </trkpt>
      <trkpt lat="43.54233" lon="3.89895">
        <ele>2.8</ele>
      </trkpt>
      <trkpt lat="43.54209" lon="3.89925">
        <ele>2.3</ele>
      </trkpt>
      <trkpt lat="43.54192" lon="3.89946">
        <ele>1.6</ele>
      </trkpt>
      <trkpt lat="43.54146" lon="3.89985">
        <ele>0.1</ele>
      </trkpt>
      <trkpt lat="43.54115" lon="3.90021">
        <ele>-0.7</ele>
      </trkpt>
      <trkpt lat="43.5408" lon="3.90051">
        <ele>-0.3</ele>
      </trkpt>
      <trkpt lat="43.54027" lon="3.90114">
        <ele>0.4</ele>
      </trkpt>
      <trkpt lat="43.53974" lon="3.90176">
        <ele>0.4</ele>
      </trkpt>
      <trkpt lat="43.53921" lon="3.90238">
        <ele>1.8</ele>
      </trkpt>
      <trkpt lat="43.53868" lon="3.90301">
        <ele>1.4</ele>
      </trkpt>
      <trkpt lat="43.53853" lon="3.9029">
        <ele>1.5</ele>
      </trkpt>
      <trkpt lat="43.53843" lon="3.90292">
        <ele>1.5</ele>
      </trkpt>
      <trkpt lat="43.53809" lon="3.90325">
        <ele>1.4</ele>
      </trkpt>
      <trkpt lat="43.53806" lon="3.90323">
        <ele>1.4</ele>
      </trkpt>
      <trkpt lat="43.53803" lon="3.90325">
        <ele>1.4</ele>
      </trkpt>
      <trkpt lat="43.53788" lon="3.90331">
        <ele>1.6</ele>
      </trkpt>
      <trkpt lat="43.53785" lon="3.90325">
        <ele>1.6</ele>
      </trkpt>
      <trkpt lat="43.53775" lon="3.90285">
        <ele>1.9</ele>
      </trkpt>
      <trkpt lat="43.53773" lon="3.90278">
        <ele>1.9</ele>
      </trkpt>
      <trkpt lat="43.53776" lon="3.90276">
        <ele>1.9</ele>
      </trkpt>
      <trkpt lat="43.53778" lon="3.90272">
        <ele>1.9</ele>
      </trkpt>
      <trkpt lat="43.5379" lon="3.90267">
        <ele>1.9</ele>
      </trkpt>
      <trkpt lat="43.53819" lon="3.90222">
        <ele>1.9</ele>
      </trkpt>
      <trkpt lat="43.53836" lon="3.90201">
        <ele>2.0</ele>
      </trkpt>
      <trkpt lat="43.53795" lon="3.90148">
        <ele>1.1</ele>
      </trkpt>
      <trkpt lat="43.53853" lon="3.90058">
        <ele>0.2</ele>
      </trkpt>
      <trkpt lat="43.5391" lon="3.89968">
        <ele>0.1</ele>
      </trkpt>
      <trkpt lat="43.53967" lon="3.89878">
        <ele>0.5</ele>
      </trkpt>
      <trkpt lat="43.5398" lon="3.89869">
        <ele>0.6</ele>
      </trkpt>
      <trkpt lat="43.54009" lon="3.89862">
        <ele>0.7</ele>
      </trkpt>
      <trkpt lat="43.54013" lon="3.89858">
        <ele>0.8</ele>
      </trkpt>
      <trkpt lat="43.54017" lon="3.89852">
        <ele>0.9</ele>
      </trkpt>
      <trkpt lat="43.54018" lon="3.89836">
        <ele>1.0</ele>
      </trkpt>
      <trkpt lat="43.54012" lon="3.89839">
        <ele>0.9</ele>
      </trkpt>
      <trkpt lat="43.54008" lon="3.89835">
        <ele>1.0</ele>
      </trkpt>
      <trkpt lat="43.54001" lon="3.89834">
        <ele>1.0</ele>
      </trkpt>
      <trkpt lat="43.5399" lon="3.89835">
        <ele>1.0</ele>
      </trkpt>
      <trkpt lat="43.53977" lon="3.89833">
        <ele>1.0</ele>
      </trkpt>
      <trkpt lat="43.53972" lon="3.89835">
        <ele>1.0</ele>
      </trkpt>
      <trkpt lat="43.53968" lon="3.89828">
        <ele>1.0</ele>
      </trkpt>
      <trkpt lat="43.53956" lon="3.89816">
        <ele>1.1</ele>
      </trkpt>
      <trkpt lat="43.53948" lon="3.89811">
        <ele>1.1</ele>
      </trkpt>
      <trkpt lat="43.53949" lon="3.89801">
        <ele>1.2</ele>
      </trkpt>
      <trkpt lat="43.53946" lon="3.89776">
        <ele>1.2</ele>
      </trkpt>
      <trkpt lat="43.53946" lon="3.89758">
        <ele>1.3</ele>
      </trkpt>
      <trkpt lat="43.53951" lon="3.89736">
        <ele>1.2</ele>
      </trkpt>
      <trkpt lat="43.53952" lon="3.89708">
        <ele>0.9</ele>
      </trkpt>
      <trkpt lat="43.53949" lon="3.89683">
        <ele>0.6</ele>
      </trkpt>
      <trkpt lat="43.53949" lon="3.89667">
        <ele>0.4</ele>
      </trkpt>
      <trkpt lat="43.53954" lon="3.89645">
        <ele>0.4</ele>
      </trkpt>
      <trkpt lat="43.53967" lon="3.89598">
        <ele>-0.1</ele>
      </trkpt>
      <trkpt lat="43.53972" lon="3.8957">
        <ele>-0.3</ele>
      </trkpt>
      <trkpt lat="43.53973" lon="3.89538">
        <ele>-0.2</ele>
      </trkpt>
      <trkpt lat="43.53971" lon="3.89516">
        <ele>-0.1</ele>
      </trkpt>
      <trkpt lat="43.53969" lon="3.89446">
        <ele>0.0</ele>
      </trkpt>
      <trkpt lat="43.53966" lon="3.89376">
        <ele>0.1</ele>
      </trkpt>
      <trkpt lat="43.53966" lon="3.89356">
        <ele>0.1</ele>
      </trkpt>
      <trkpt lat="43.53962" lon="3.89283">
        <ele>0.4</ele>
      </trkpt>
      <trkpt lat="43.53958" lon="3.89211">
        <ele>0.7</ele>
      </trkpt>
      <trkpt lat="43.53953" lon="3.89109">
        <ele>0.5</ele>
      </trkpt>
      <trkpt lat="43.53948" lon="3.89007">
        <ele>1.6</ele>
      </trkpt>
      <trkpt lat="43.53944" lon="3.88905">
        <ele>1.2</ele>
      </trkpt>
      <trkpt lat="43.53939" lon="3.88803">
        <ele>-0.1</ele>
      </trkpt>
      <trkpt lat="43.53935" lon="3.88701">
        <ele>-0.8</ele>
      </trkpt>
      <trkpt lat="43.53931" lon="3.88628">
        <ele>-0.2</ele>
      </trkpt>
      <trkpt lat="43.53927" lon="3.88556">
        <ele>0.7</ele>
      </trkpt>
      <trkpt lat="43.53922" lon="3.88453">
        <ele>0.5</ele>
      </trkpt>
      <trkpt lat="43.53918" lon="3.88351">
        <ele>0.0</ele>
      </trkpt>
      <trkpt lat="43.53913" lon="3.88249">
        <ele>1.0</ele>
      </trkpt>
      <trkpt lat="43.53908" lon="3.88147">
        <ele>0.9</ele>
      </trkpt>
      <trkpt lat="43.53908" lon="3.88129">
        <ele>0.9</ele>
      </trkpt>
      <trkpt lat="43.539" lon="3.8806">
        <ele>0.6</ele>
      </trkpt>
      <trkpt lat="43.53893" lon="3.88014">
        <ele>0.1</ele>
      </trkpt>
      <trkpt lat="43.5389" lon="3.87922">
        <ele>0.9</ele>
      </trkpt>
      <trkpt lat="43.53887" lon="3.87856">
        <ele>0.5</ele>
      </trkpt>
      <trkpt lat="43.53885" lon="3.87832">
        <ele>0.2</ele>
      </trkpt>
      <trkpt lat="43.53884" lon="3.87772">
        <ele>0.1</ele>
      </trkpt>
      <trkpt lat="43.53886" lon="3.87712">
        <ele>-0.3</ele>
      </trkpt>
      <trkpt lat="43.53884" lon="3.87635">
        <ele>0.1</ele>
      </trkpt>
      <trkpt lat="43.53881" lon="3.87547">
        <ele>1.5</ele>
      </trkpt>
      <trkpt lat="43.53877" lon="3.87459">
        <ele>1.0</ele>
      </trkpt>
      <trkpt lat="43.53877" lon="3.87443">
        <ele>0.8</ele>
      </trkpt>
      <trkpt lat="43.53872" lon="3.87361">
        <ele>0.8</ele>
      </trkpt>
      <trkpt lat="43.53864" lon="3.8728">
        <ele>0.9</ele>
      </trkpt>
      <trkpt lat="43.53859" lon="3.87183">
        <ele>1.8</ele>
      </trkpt>
      <trkpt lat="43.53853" lon="3.87086">
        <ele>3.5</ele>
      </trkpt>
      <trkpt lat="43.53848" lon="3.87025">
        <ele>3.1</ele>
      </trkpt>
      <trkpt lat="43.53845" lon="3.87005">
        <ele>2.9</ele>
      </trkpt>
      <trkpt lat="43.5384" lon="3.86988">
        <ele>2.9</ele>
      </trkpt>
      <trkpt lat="43.53826" lon="3.8697">
        <ele>3.1</ele>
      </trkpt>
      <trkpt lat="43.53817" lon="3.86964">
        <ele>3.2</ele>
      </trkpt>
      <trkpt lat="43.53818" lon="3.86949">
        <ele>3.2</ele>
      </trkpt>
      <trkpt lat="43.53811" lon="3.86949">
        <ele>3.3</ele>
      </trkpt>
      <trkpt lat="43.538" lon="3.86947">
        <ele>3.5</ele>
      </trkpt>
      <trkpt lat="43.53792" lon="3.86941">
        <ele>3.7</ele>
      </trkpt>
      <trkpt lat="43.53749" lon="3.86879">
        <ele>4.1</ele>
      </trkpt>
      <trkpt lat="43.53705" lon="3.86817">
        <ele>3.1</ele>
      </trkpt>
      <trkpt lat="43.53669" lon="3.86785">
        <ele>3.6</ele>
      </trkpt>
      <trkpt lat="43.53623" lon="3.86747">
        <ele>5.0</ele>
      </trkpt>
      <trkpt lat="43.53567" lon="3.86697">
        <ele>6.2</ele>
      </trkpt>
      <trkpt lat="43.53508" lon="3.86651">
        <ele>7.8</ele>
      </trkpt>
      <trkpt lat="43.53475" lon="3.86623">
        <ele>8.0</ele>
      </trkpt>
      <trkpt lat="43.53465" lon="3.86612">
        <ele>8.0</ele>
      </trkpt>
      <trkpt lat="43.53443" lon="3.86585">
        <ele>8.0</ele>
      </trkpt>
      <trkpt lat="43.5341" lon="3.86533">
        <ele>8.0</ele>
      </trkpt>
      <trkpt lat="43.53378" lon="3.86482">
        <ele>8.0</ele>
      </trkpt>
      <trkpt lat="43.53362" lon="3.86458">
        <ele>7.8</ele>
      </trkpt>
      <trkpt lat="43.53356" lon="3.86443">
        <ele>7.7</ele>
      </trkpt>
      <trkpt lat="43.53358" lon="3.86439">
        <ele>7.7</ele>
      </trkpt>
      <trkpt lat="43.53359" lon="3.86429">
        <ele>7.7</ele>
      </trkpt>
      <trkpt lat="43.53362" lon="3.86418">
        <ele>7.7</ele>
      </trkpt>
      <trkpt lat="43.53383" lon="3.86339">
        <ele>9.9</ele>
      </trkpt>
      <trkpt lat="43.53389" lon="3.86313">
        <ele>10.2</ele>
      </trkpt>
      <trkpt lat="43.5339" lon="3.86305">
        <ele>10.2</ele>
      </trkpt>
      <trkpt lat="43.53388" lon="3.86298">
        <ele>10.3</ele>
      </trkpt>
      <trkpt lat="43.53385" lon="3.86285">
        <ele>10.4</ele>
      </trkpt>
      <trkpt lat="43.53371" lon="3.86254">
        <ele>11.0</ele>
      </trkpt>
      <trkpt lat="43.5333" lon="3.86174">
        <ele>10.2</ele>
      </trkpt>
      <trkpt lat="43.53326" lon="3.86162">
        <ele>10.0</ele>
      </trkpt>
      <trkpt lat="43.53305" lon="3.86106">
        <ele>9.8</ele>
      </trkpt>
      <trkpt lat="43.53285" lon="3.86049">
        <ele>9.5</ele>
      </trkpt>
      <trkpt lat="43.53282" lon="3.86034">
        <ele>9.5</ele>
      </trkpt>
      <trkpt lat="43.53278" lon="3.86011">
        <ele>9.6</ele>
      </trkpt>
      <trkpt lat="43.53278" lon="3.85913">
        <ele>9.0</ele>
      </trkpt>
      <trkpt lat="43.53274" lon="3.85913">
        <ele>9.0</ele>
      </trkpt>
      <trkpt lat="43.53273" lon="3.85878">
        <ele>9.1</ele>
      </trkpt>
      <trkpt lat="43.53272" lon="3.85808">
        <ele>9.2</ele>
      </trkpt>
      <trkpt lat="43.53272" lon="3.85743">
        <ele>9.2</ele>
      </trkpt>
      <trkpt lat="43.53276" lon="3.85643">
        <ele>11.7</ele>
      </trkpt>
      <trkpt lat="43.5328" lon="3.8564">
        <ele>11.6</ele>
      </trkpt>
      <trkpt lat="43.53286" lon="3.85639">
        <ele>11.4</ele>
      </trkpt>
      <trkpt lat="43.53293" lon="3.85633">
        <ele>11.3</ele>
      </trkpt>
      <trkpt lat="43.53305" lon="3.85611">
        <ele>11.4</ele>
      </trkpt>
      <trkpt lat="43.53321" lon="3.85603">
        <ele>11.0</ele>
      </trkpt>
      <trkpt lat="43.53326" lon="3.85598">
        <ele>10.9</ele>
      </trkpt>
      <trkpt lat="43.5333" lon="3.8556">
        <ele>11.1</ele>
      </trkpt>
      <trkpt lat="43.53326" lon="3.85541">
        <ele>11.3</ele>
      </trkpt>
      <trkpt lat="43.53319" lon="3.85518">
        <ele>11.6</ele>
      </trkpt>
      <trkpt lat="43.53316" lon="3.85513">
        <ele>11.8</ele>
      </trkpt>
      <trkpt lat="43.53299" lon="3.85503">
        <ele>12.6</ele>
      </trkpt>
      <trkpt lat="43.53291" lon="3.85495">
        <ele>13.1</ele>
      </trkpt>
      <trkpt lat="43.53287" lon="3.85486">
        <ele>13.4</ele>
      </trkpt>
      <trkpt lat="43.53284" lon="3.85474">
        <ele>13.7</ele>
      </trkpt>
      <trkpt lat="43.53283" lon="3.85386">
        <ele>14.6</ele>
      </trkpt>
      <trkpt lat="43.53279" lon="3.85332">
        <ele>15.0</ele>
      </trkpt>
      <trkpt lat="43.53279" lon="3.85299">
        <ele>14.7</ele>
      </trkpt>
      <trkpt lat="43.53282" lon="3.85291">
        <ele>14.5</ele>
      </trkpt>
      <trkpt lat="43.53285" lon="3.85286">
        <ele>14.4</ele>
      </trkpt>
      <trkpt lat="43.53298" lon="3.85272">
        <ele>14.0</ele>
      </trkpt>
      <trkpt lat="43.533" lon="3.85267">
        <ele>13.9</ele>
      </trkpt>
      <trkpt lat="43.53284" lon="3.85245">
        <ele>14.1</ele>
      </trkpt>
      <trkpt lat="43.5328" lon="3.85246">
        <ele>14.2</ele>
      </trkpt>
      <trkpt lat="43.53275" lon="3.85246">
        <ele>14.3</ele>
      </trkpt>
      <trkpt lat="43.53271" lon="3.85244">
        <ele>14.3</ele>
      </trkpt>
      <trkpt lat="43.53266" lon="3.85239">
        <ele>14.3</ele>
      </trkpt>
      <trkpt lat="43.53263" lon="3.85234">
        <ele>14.2</ele>
      </trkpt>
      <trkpt lat="43.5326" lon="3.85227">
        <ele>14.0</ele>
      </trkpt>
      <trkpt lat="43.53259" lon="3.85219">
        <ele>13.8</ele>
      </trkpt>
      <trkpt lat="43.53255" lon="3.85214">
        <ele>13.7</ele>
      </trkpt>
      <trkpt lat="43.53232" lon="3.85183">
        <ele>12.8</ele>
      </trkpt>
      <trkpt lat="43.53188" lon="3.85122">
        <ele>12.3</ele>
      </trkpt>
      <trkpt lat="43.53147" lon="3.85071">
        <ele>11.9</ele>
      </trkpt>
      <trkpt lat="43.53128" lon="3.85046">
        <ele>11.6</ele>
      </trkpt>
      <trkpt lat="43.53106" lon="3.85014">
        <ele>11.2</ele>
      </trkpt>
      <trkpt lat="43.53068" lon="3.84945">
        <ele>10.8</ele>
      </trkpt>
      <trkpt lat="43.53029" lon="3.84875">
        <ele>10.8</ele>
      </trkpt>
      <trkpt lat="43.52998" lon="3.84834">
        <ele>10.0</ele>
      </trkpt>
      <trkpt lat="43.5299" lon="3.84827">
        <ele>9.9</ele>
      </trkpt>
      <trkpt lat="43.52971" lon="3.84794">
        <ele>9.2</ele>
      </trkpt>
      <trkpt lat="43.52947" lon="3.84734">
        <ele>8.5</ele>
      </trkpt>
      <trkpt lat="43.52939" lon="3.84697">
        <ele>8.3</ele>
      </trkpt>
      <trkpt lat="43.5293" lon="3.84635">
        <ele>7.9</ele>
      </trkpt>
      <trkpt lat="43.52934" lon="3.84622">
        <ele>7.9</ele>
      </trkpt>
      <trkpt lat="43.52935" lon="3.84609">
        <ele>7.8</ele>
      </trkpt>
      <trkpt lat="43.52933" lon="3.846">
        <ele>7.8</ele>
      </trkpt>
      <trkpt lat="43.52925" lon="3.84589">
        <ele>7.9</ele>
      </trkpt>
      <trkpt lat="43.52918" lon="3.84583">
        <ele>8.0</ele>
      </trkpt>
      <trkpt lat="43.52906" lon="3.84547">
        <ele>7.7</ele>
      </trkpt>
      <trkpt lat="43.5289" lon="3.84508">
        <ele>7.4</ele>
      </trkpt>
      <trkpt lat="43.5286" lon="3.84443">
        <ele>6.8</ele>
      </trkpt>
      <trkpt lat="43.5283" lon="3.84379">
        <ele>6.5</ele>
      </trkpt>
      <trkpt lat="43.5281" lon="3.84337">
        <ele>5.8</ele>
      </trkpt>
      <trkpt lat="43.52771" lon="3.84269">
        <ele>5.6</ele>
      </trkpt>
      <trkpt lat="43.52738" lon="3.84215">
        <ele>5.7</ele>
      </trkpt>
      <trkpt lat="43.52693" lon="3.8415">
        <ele>3.9</ele>
      </trkpt>
      <trkpt lat="43.52648" lon="3.84085">
        <ele>2.8</ele>
      </trkpt>
      <trkpt lat="43.52601" lon="3.84013">
        <ele>2.0</ele>
      </trkpt>
      <trkpt lat="43.52555" lon="3.83942">
        <ele>1.8</ele>
      </trkpt>
      <trkpt lat="43.52518" lon="3.83883">
        <ele>1.1</ele>
      </trkpt>
      <trkpt lat="43.52481" lon="3.83823">
        <ele>1.0</ele>
      </trkpt>
      <trkpt lat="43.5245" lon="3.83747">
        <ele>0.4</ele>
      </trkpt>
      <trkpt lat="43.52418" lon="3.83657">
        <ele>1.0</ele>
      </trkpt>
      <trkpt lat="43.52387" lon="3.83568">
        <ele>0.6</ele>
      </trkpt>
      <trkpt lat="43.52355" lon="3.83478">
        <ele>-0.3</ele>
      </trkpt>
      <trkpt lat="43.52324" lon="3.83388">
        <ele>1.2</ele>
      </trkpt>
      <trkpt lat="43.52292" lon="3.83298">
        <ele>0.4</ele>
      </trkpt>
      <trkpt lat="43.52327" lon="3.83256">
        <ele>0.9</ele>
      </trkpt>
      <trkpt lat="43.52361" lon="3.83215">
        <ele>1.7</ele>
      </trkpt>
      <trkpt lat="43.52369" lon="3.83207">
        <ele>1.9</ele>
      </trkpt>
      <trkpt lat="43.52388" lon="3.83195">
        <ele>2.5</ele>
      </trkpt>
      <trkpt lat="43.52448" lon="3.83164">
        <ele>4.0</ele>
      </trkpt>
      <trkpt lat="43.5248" lon="3.83147">
        <ele>3.6</ele>
      </trkpt>
      <trkpt lat="43.52486" lon="3.83142">
        <ele>3.4</ele>
      </trkpt>
      <trkpt lat="43.52489" lon="3.83138">
        <ele>3.4</ele>
      </trkpt>
      <trkpt lat="43.52491" lon="3.83134">
        <ele>3.3</ele>
      </trkpt>
      <trkpt lat="43.52492" lon="3.83128">
        <ele>3.1</ele>
      </trkpt>
      <trkpt lat="43.52492" lon="3.83121">
        <ele>3.0</ele>
      </trkpt>
      <trkpt lat="43.52491" lon="3.83107">
        <ele>2.7</ele>
      </trkpt>
      <trkpt lat="43.52485" lon="3.83077">
        <ele>2.1</ele>
      </trkpt>
      <trkpt lat="43.52474" lon="3.83036">
        <ele>1.9</ele>
      </trkpt>
      <trkpt lat="43.5247" lon="3.83022">
        <ele>1.9</ele>
      </trkpt>
      <trkpt lat="43.52464" lon="3.83008">
        <ele>1.9</ele>
      </trkpt>
      <trkpt lat="43.52456" lon="3.82997">
        <ele>2.0</ele>
      </trkpt>
      <trkpt lat="43.52441" lon="3.82982">
        <ele>2.3</ele>
      </trkpt>
      <trkpt lat="43.52427" lon="3.8297">
        <ele>2.4</ele>
      </trkpt>
      <trkpt lat="43.52406" lon="3.82956">
        <ele>2.3</ele>
      </trkpt>
      <trkpt lat="43.52403" lon="3.82953">
        <ele>2.3</ele>
      </trkpt>
      <trkpt lat="43.52397" lon="3.82926">
        <ele>1.9</ele>
      </trkpt>
      <trkpt lat="43.52396" lon="3.82925">
        <ele>1.9</ele>
      </trkpt>
      <trkpt lat="43.52384" lon="3.82924">
        <ele>1.7</ele>
      </trkpt>
      <trkpt lat="43.52377" lon="3.82923">
        <ele>1.6</ele>
      </trkpt>
      <trkpt lat="43.52354" lon="3.82911">
        <ele>1.3</ele>
      </trkpt>
      <trkpt lat="43.52321" lon="3.82892">
        <ele>1.4</ele>
      </trkpt>
      <trkpt lat="43.52261" lon="3.82848">
        <ele>1.3</ele>
      </trkpt>
      <trkpt lat="43.52224" lon="3.82812">
        <ele>1.1</ele>
      </trkpt>
      <trkpt lat="43.52187" lon="3.82777">
        <ele>0.7</ele>
      </trkpt>
      <trkpt lat="43.52182" lon="3.82769">
        <ele>0.5</ele>
      </trkpt>
      <trkpt lat="43.52178" lon="3.82758">
        <ele>0.3</ele>
      </trkpt>
      <trkpt lat="43.52177" lon="3.82753">
        <ele>0.3</ele>
      </trkpt>
      <trkpt lat="43.52175" lon="3.82722">
        <ele>1.6</ele>
      </trkpt>
      <trkpt lat="43.52166" lon="3.8266">
        <ele>4.4</ele>
      </trkpt>
      <trkpt lat="43.52171" lon="3.82622">
        <ele>6.9</ele>
      </trkpt>
      <trkpt lat="43.52171" lon="3.82606">
        <ele>7.8</ele>
      </trkpt>
      <trkpt lat="43.52168" lon="3.82575">
        <ele>9.5</ele>
      </trkpt>
      <trkpt lat="43.52167" lon="3.82555">
        <ele>10.4</ele>
      </trkpt>
      <trkpt lat="43.52168" lon="3.82529">
        <ele>11.7</ele>
      </trkpt>
      <trkpt lat="43.52169" lon="3.82511">
        <ele>12.6</ele>
      </trkpt>
      <trkpt lat="43.52165" lon="3.82497">
        <ele>13.0</ele>
      </trkpt>
      <trkpt lat="43.52161" lon="3.82489">
        <ele>13.2</ele>
      </trkpt>
      <trkpt lat="43.5215" lon="3.82468">
        <ele>13.5</ele>
      </trkpt>
      <trkpt lat="43.52145" lon="3.82457">
        <ele>13.8</ele>
      </trkpt>
      <trkpt lat="43.52135" lon="3.82428">
        <ele>14.4</ele>
      </trkpt>
      <trkpt lat="43.52122" lon="3.8241">
        <ele>14.4</ele>
      </trkpt>
      <trkpt lat="43.52114" lon="3.82392">
        <ele>14.2</ele>
      </trkpt>
      <trkpt lat="43.52102" lon="3.82358">
        <ele>13.8</ele>
      </trkpt>
      <trkpt lat="43.52095" lon="3.82335">
        <ele>13.6</ele>
      </trkpt>
      <trkpt lat="43.52088" lon="3.82314">
        <ele>13.0</ele>
      </trkpt>
      <trkpt lat="43.52082" lon="3.82303">
        <ele>12.6</ele>
      </trkpt>
      <trkpt lat="43.52046" lon="3.82243">
        <ele>11.6</ele>
      </trkpt>
      <trkpt lat="43.52003" lon="3.82183">
        <ele>10.3</ele>
      </trkpt>
      <trkpt lat="43.51966" lon="3.82119">
        <ele>9.1</ele>
      </trkpt>
      <trkpt lat="43.51949" lon="3.82093">
        <ele>8.5</ele>
      </trkpt>
      <trkpt lat="43.51923" lon="3.82058">
        <ele>7.9</ele>
      </trkpt>
      <trkpt lat="43.51901" lon="3.82027">
        <ele>8.2</ele>
      </trkpt>
      <trkpt lat="43.51887" lon="3.82005">
        <ele>8.2</ele>
      </trkpt>
      <trkpt lat="43.51883" lon="3.81996">
        <ele>8.1</ele>
      </trkpt>
      <trkpt lat="43.51859" lon="3.81944">
        <ele>6.7</ele>
      </trkpt>
      <trkpt lat="43.5183" lon="3.81891">
        <ele>5.0</ele>
      </trkpt>
      <trkpt lat="43.51802" lon="3.81837">
        <ele>4.6</ele>
      </trkpt>
      <trkpt lat="43.51791" lon="3.81814">
        <ele>4.8</ele>
      </trkpt>
      <trkpt lat="43.51774" lon="3.81764">
        <ele>5.7</ele>
      </trkpt>
      <trkpt lat="43.5176" lon="3.81736">
        <ele>6.1</ele>
      </trkpt>
      <trkpt lat="43.5172" lon="3.81681">
        <ele>7.0</ele>
      </trkpt>
      <trkpt lat="43.51683" lon="3.81633">
        <ele>6.8</ele>
      </trkpt>
      <trkpt lat="43.51646" lon="3.81585">
        <ele>5.5</ele>
      </trkpt>
      <trkpt lat="43.51608" lon="3.8153">
        <ele>5.1</ele>
      </trkpt>
      <trkpt lat="43.51571" lon="3.81474">
        <ele>6.2</ele>
      </trkpt>
      <trkpt lat="43.51564" lon="3.8145">
        <ele>7.2</ele>
      </trkpt>
      <trkpt lat="43.51542" lon="3.8139">
        <ele>7.7</ele>
      </trkpt>
      <trkpt lat="43.51533" lon="3.81369">
        <ele>7.3</ele>
      </trkpt>
      <trkpt lat="43.51513" lon="3.81393">
        <ele>6.0</ele>
      </trkpt>
      <trkpt lat="43.5146" lon="3.81463">
        <ele>4.4</ele>
      </trkpt>
      <trkpt lat="43.51418" lon="3.81522">
        <ele>3.7</ele>
      </trkpt>
      <trkpt lat="43.51383" lon="3.81565">
        <ele>3.4</ele>
      </trkpt>
      <trkpt lat="43.51359" lon="3.81607">
        <ele>3.1</ele>
      </trkpt>
      <trkpt lat="43.51348" lon="3.81618">
        <ele>3.0</ele>
      </trkpt>
      <trkpt lat="43.5132" lon="3.81583">
        <ele>3.7</ele>
      </trkpt>
      <trkpt lat="43.51289" lon="3.81538">
        <ele>3.0</ele>
      </trkpt>
      <trkpt lat="43.51258" lon="3.81492">
        <ele>3.1</ele>
      </trkpt>
      <trkpt lat="43.51225" lon="3.81427">
        <ele>3.3</ele>
      </trkpt>
      <trkpt lat="43.51192" lon="3.81361">
        <ele>3.1</ele>
      </trkpt>
      <trkpt lat="43.51156" lon="3.81287">
        <ele>2.9</ele>
      </trkpt>
      <trkpt lat="43.51119" lon="3.81212">
        <ele>2.4</ele>
      </trkpt>
      <trkpt lat="43.51089" lon="3.81161">
        <ele>2.1</ele>
      </trkpt>
      <trkpt lat="43.51059" lon="3.8111">
        <ele>2.8</ele>
      </trkpt>
      <trkpt lat="43.51001" lon="3.81032">
        <ele>3.0</ele>
      </trkpt>
      <trkpt lat="43.50987" lon="3.81016">
        <ele>3.2</ele>
      </trkpt>
      <trkpt lat="43.50974" lon="3.80991">
        <ele>3.4</ele>
      </trkpt>
      <trkpt lat="43.50965" lon="3.80971">
        <ele>3.5</ele>
      </trkpt>
      <trkpt lat="43.50957" lon="3.80978">
        <ele>3.5</ele>
      </trkpt>
      <trkpt lat="43.50954" lon="3.8098">
        <ele>3.5</ele>
      </trkpt>
      <trkpt lat="43.50949" lon="3.80981">
        <ele>3.6</ele>
      </trkpt>
      <trkpt lat="43.50942" lon="3.80977">
        <ele>3.6</ele>
      </trkpt>
      <trkpt lat="43.50879" lon="3.809">
        <ele>3.2</ele>
      </trkpt>
      <trkpt lat="43.50865" lon="3.80887">
        <ele>3.4</ele>
      </trkpt>
      <trkpt lat="43.50808" lon="3.80829">
        <ele>3.4</ele>
      </trkpt>
      <trkpt lat="43.50746" lon="3.80747">
        <ele>3.0</ele>
      </trkpt>
      <trkpt lat="43.50694" lon="3.80651">
        <ele>2.3</ele>
      </trkpt>
      <trkpt lat="43.50671" lon="3.80616">
        <ele>2.0</ele>
      </trkpt>
      <trkpt lat="43.50617" lon="3.8055">
        <ele>3.4</ele>
      </trkpt>
      <trkpt lat="43.50564" lon="3.80485">
        <ele>4.9</ele>
      </trkpt>
      <trkpt lat="43.50547" lon="3.80462">
        <ele>5.0</ele>
      </trkpt>
      <trkpt lat="43.50496" lon="3.80391">
        <ele>4.9</ele>
      </trkpt>
      <trkpt lat="43.50435" lon="3.80304">
        <ele>5.0</ele>
      </trkpt>
      <trkpt lat="43.50374" lon="3.80218">
        <ele>4.6</ele>
      </trkpt>
      <trkpt lat="43.50371" lon="3.80206">
        <ele>4.7</ele>
      </trkpt>
      <trkpt lat="43.50369" lon="3.80195">
        <ele>4.8</ele>
      </trkpt>
      <trkpt lat="43.50371" lon="3.80192">
        <ele>4.9</ele>
      </trkpt>
      <trkpt lat="43.50372" lon="3.80188">
        <ele>5.0</ele>
      </trkpt>
      <trkpt lat="43.50371" lon="3.80183">
        <ele>5.1</ele>
      </trkpt>
      <trkpt lat="43.5037" lon="3.8018">
        <ele>5.1</ele>
      </trkpt>
      <trkpt lat="43.50366" lon="3.80177">
        <ele>5.0</ele>
      </trkpt>
      <trkpt lat="43.5036" lon="3.80178">
        <ele>4.8</ele>
      </trkpt>
      <trkpt lat="43.50349" lon="3.80172">
        <ele>4.5</ele>
      </trkpt>
      <trkpt lat="43.50333" lon="3.8015">
        <ele>4.2</ele>
      </trkpt>
      <trkpt lat="43.50312" lon="3.80135">
        <ele>4.0</ele>
      </trkpt>
      <trkpt lat="43.50297" lon="3.80121">
        <ele>3.9</ele>
      </trkpt>
      <trkpt lat="43.50241" lon="3.80069">
        <ele>3.0</ele>
      </trkpt>
      <trkpt lat="43.50184" lon="3.80017">
        <ele>3.0</ele>
      </trkpt>
      <trkpt lat="43.5014" lon="3.79976">
        <ele>2.7</ele>
      </trkpt>
      <trkpt lat="43.50096" lon="3.79935">
        <ele>2.2</ele>
      </trkpt>
      <trkpt lat="43.50088" lon="3.79927">
        <ele>2.1</ele>
      </trkpt>
      <trkpt lat="43.50066" lon="3.79899">
        <ele>1.6</ele>
      </trkpt>
      <trkpt lat="43.5006" lon="3.79891">
        <ele>1.5</ele>
      </trkpt>
      <trkpt lat="43.5001" lon="3.79805">
        <ele>0.3</ele>
      </trkpt>
      <trkpt lat="43.49961" lon="3.79719">
        <ele>-0.2</ele>
      </trkpt>
      <trkpt lat="43.49919" lon="3.79669">
        <ele>0.0</ele>
      </trkpt>
      <trkpt lat="43.49909" lon="3.7966">
        <ele>0.2</ele>
      </trkpt>
      <trkpt lat="43.49896" lon="3.7965">
        <ele>0.4</ele>
      </trkpt>
      <trkpt lat="43.4988" lon="3.79639">
        <ele>0.7</ele>
      </trkpt>
      <trkpt lat="43.49839" lon="3.79622">
        <ele>1.4</ele>
      </trkpt>
      <trkpt lat="43.49832" lon="3.79618">
        <ele>1.5</ele>
      </trkpt>
      <trkpt lat="43.49822" lon="3.7961">
        <ele>1.6</ele>
      </trkpt>
      <trkpt lat="43.49762" lon="3.79546">
        <ele>2.3</ele>
      </trkpt>
      <trkpt lat="43.49699" lon="3.79481">
        <ele>2.0</ele>
      </trkpt>
      <trkpt lat="43.49659" lon="3.79441">
        <ele>2.0</ele>
      </trkpt>
      <trkpt lat="43.49618" lon="3.79401">
        <ele>2.0</ele>
      </trkpt>
      <trkpt lat="43.49611" lon="3.79392">
        <ele>2.1</ele>
      </trkpt>
      <trkpt lat="43.49599" lon="3.79382">
        <ele>2.3</ele>
      </trkpt>
      <trkpt lat="43.49596" lon="3.79374">
        <ele>2.4</ele>
      </trkpt>
      <trkpt lat="43.49597" lon="3.79366">
        <ele>2.4</ele>
      </trkpt>
      <trkpt lat="43.49599" lon="3.79359">
        <ele>2.4</ele>
      </trkpt>
      <trkpt lat="43.49619" lon="3.79316">
        <ele>2.5</ele>
      </trkpt>
      <trkpt lat="43.49618" lon="3.79311">
        <ele>2.5</ele>
      </trkpt>
      <trkpt lat="43.49617" lon="3.79308">
        <ele>2.6</ele>
      </trkpt>
      <trkpt lat="43.49614" lon="3.79306">
        <ele>2.7</ele>
      </trkpt>
      <trkpt lat="43.4961" lon="3.79308">
        <ele>2.8</ele>
      </trkpt>
      <trkpt lat="43.49581" lon="3.79355">
        <ele>2.7</ele>
      </trkpt>
      <trkpt lat="43.4956" lon="3.79397">
        <ele>2.4</ele>
      </trkpt>
      <trkpt lat="43.49544" lon="3.79432">
        <ele>2.3</ele>
      </trkpt>
      <trkpt lat="43.49549" lon="3.79437">
        <ele>2.2</ele>
      </trkpt>
      <trkpt lat="43.49553" lon="3.79436">
        <ele>2.2</ele>
      </trkpt>
      <trkpt lat="43.49571" lon="3.79401">
        <ele>2.3</ele>
      </trkpt>
      <trkpt lat="43.4957" lon="3.79391">
        <ele>2.4</ele>
      </trkpt>
      <trkpt lat="43.49555" lon="3.79377">
        <ele>2.5</ele>
      </trkpt>
      <trkpt lat="43.49544" lon="3.79379">
        <ele>2.5</ele>
      </trkpt>
      <trkpt lat="43.49529" lon="3.794">
        <ele>2.6</ele>
      </trkpt>
      <trkpt lat="43.49521" lon="3.79398">
        <ele>2.6</ele>
      </trkpt>
      <trkpt lat="43.49508" lon="3.79394">
        <ele>2.7</ele>
      </trkpt>
      <trkpt lat="43.49504" lon="3.79399">
        <ele>2.8</ele>
      </trkpt>
      <trkpt lat="43.49478" lon="3.79421">
        <ele>2.7</ele>
      </trkpt>
      <trkpt lat="43.49414" lon="3.79468">
        <ele>1.9</ele>
      </trkpt>
      <trkpt lat="43.4935" lon="3.79515">
        <ele>0.2</ele>
      </trkpt>
      <trkpt lat="43.49344" lon="3.79521">
        <ele>0.0</ele>
      </trkpt>
      <trkpt lat="43.4934" lon="3.79526">
        <ele>-0.1</ele>
      </trkpt>
      <trkpt lat="43.4934" lon="3.7953">
        <ele>-0.2</ele>
      </trkpt>
      <trkpt lat="43.49323" lon="3.79535">
        <ele>-0.4</ele>
      </trkpt>
      <trkpt lat="43.49276" lon="3.79567">
        <ele>-0.2</ele>
      </trkpt>
      <trkpt lat="43.49229" lon="3.79599">
        <ele>1.3</ele>
      </trkpt>
      <trkpt lat="43.49177" lon="3.79638">
        <ele>5.3</ele>
      </trkpt>
      <trkpt lat="43.49172" lon="3.7964">
        <ele>5.7</ele>
      </trkpt>
      <trkpt lat="43.49168" lon="3.79641">
        <ele>6.0</ele>
      </trkpt>
      <trkpt lat="43.49163" lon="3.79638">
        <ele>6.2</ele>
      </trkpt>
      <trkpt lat="43.49126" lon="3.79594">
        <ele>6.8</ele>
      </trkpt>
      <trkpt lat="43.49115" lon="3.79584">
        <ele>7.1</ele>
      </trkpt>
      <trkpt lat="43.49106" lon="3.79577">
        <ele>7.3</ele>
      </trkpt>
      <trkpt lat="43.49101" lon="3.79575">
        <ele>7.6</ele>
      </trkpt>
      <trkpt lat="43.49097" lon="3.79578">
        <ele>7.9</ele>
      </trkpt>
      <trkpt lat="43.49095" lon="3.79581">
        <ele>8.2</ele>
      </trkpt>
      <trkpt lat="43.49076" lon="3.7962">
        <ele>10.2</ele>
      </trkpt>
      <trkpt lat="43.49045" lon="3.7969">
        <ele>11.2</ele>
      </trkpt>
      <trkpt lat="43.49029" lon="3.7973">
        <ele>11.2</ele>
      </trkpt>
      <trkpt lat="43.49022" lon="3.79752">
        <ele>11.2</ele>
      </trkpt>
      <trkpt lat="43.49008" lon="3.7982">
        <ele>10.3</ele>
      </trkpt>
      <trkpt lat="43.49003" lon="3.79837">
        <ele>10.0</ele>
      </trkpt>
      <trkpt lat="43.4899" lon="3.79857">
        <ele>10.0</ele>
      </trkpt>
      <trkpt lat="43.48973" lon="3.79871">
        <ele>10.3</ele>
      </trkpt>
      <trkpt lat="43.48931" lon="3.79895">
        <ele>11.5</ele>
      </trkpt>
      <trkpt lat="43.48888" lon="3.79918">
        <ele>12.0</ele>
      </trkpt>
      <trkpt lat="43.48835" lon="3.79946">
        <ele>11.3</ele>
      </trkpt>
      <trkpt lat="43.48824" lon="3.7995">
        <ele>11.3</ele>
      </trkpt>
      <trkpt lat="43.48811" lon="3.79952">
        <ele>11.4</ele>
      </trkpt>
      <trkpt lat="43.48768" lon="3.7995">
        <ele>12.0</ele>
      </trkpt>
      <trkpt lat="43.48723" lon="3.79934">
        <ele>12.0</ele>
      </trkpt>
      <trkpt lat="43.48644" lon="3.79891">
        <ele>11.0</ele>
      </trkpt>
      <trkpt lat="43.48636" lon="3.79887">
        <ele>11.0</ele>
      </trkpt>
      <trkpt lat="43.48626" lon="3.79885">
        <ele>11.0</ele>
      </trkpt>
      <trkpt lat="43.48624" lon="3.79889">
        <ele>11.0</ele>
      </trkpt>
      <trkpt lat="43.4862" lon="3.79886">
        <ele>11.0</ele>
      </trkpt>
      <trkpt lat="43.48614" lon="3.79884">
        <ele>11.0</ele>
      </trkpt>
      <trkpt lat="43.48606" lon="3.79882">
        <ele>11.0</ele>
      </trkpt>
      <trkpt lat="43.48581" lon="3.79883">
        <ele>11.0</ele>
      </trkpt>
      <trkpt lat="43.48573" lon="3.79885">
        <ele>10.8</ele>
      </trkpt>
      <trkpt lat="43.48545" lon="3.79897">
        <ele>10.4</ele>
      </trkpt>
      <trkpt lat="43.48517" lon="3.79912">
        <ele>10.2</ele>
      </trkpt>
      <trkpt lat="43.48486" lon="3.79937">
        <ele>9.4</ele>
      </trkpt>
      <trkpt lat="43.48452" lon="3.79974">
        <ele>8.1</ele>
      </trkpt>
      <trkpt lat="43.48432" lon="3.7999">
        <ele>7.5</ele>
      </trkpt>
      <trkpt lat="43.48388" lon="3.80024">
        <ele>6.2</ele>
      </trkpt>
      <trkpt lat="43.48355" lon="3.80055">
        <ele>5.0</ele>
      </trkpt>
      <trkpt lat="43.48352" lon="3.80054">
        <ele>4.9</ele>
      </trkpt>
      <trkpt lat="43.48346" lon="3.80054">
        <ele>4.7</ele>
      </trkpt>
      <trkpt lat="43.48339" lon="3.80061">
        <ele>4.5</ele>
      </trkpt>
      <trkpt lat="43.48332" lon="3.80074">
        <ele>4.1</ele>
      </trkpt>
      <trkpt lat="43.48319" lon="3.80088">
        <ele>3.9</ele>
      </trkpt>
      <trkpt lat="43.48278" lon="3.80126">
        <ele>3.1</ele>
      </trkpt>
      <trkpt lat="43.4827" lon="3.80132">
        <ele>3.0</ele>
      </trkpt>
      <trkpt lat="43.48253" lon="3.80135">
        <ele>2.8</ele>
      </trkpt>
      <trkpt lat="43.48252" lon="3.80139">
        <ele>2.7</ele>
      </trkpt>
      <trkpt lat="43.4824" lon="3.80157">
        <ele>2.2</ele>
      </trkpt>
      <trkpt lat="43.48216" lon="3.80183">
        <ele>1.6</ele>
      </trkpt>
      <trkpt lat="43.48163" lon="3.80235">
        <ele>-0.4</ele>
      </trkpt>
      <trkpt lat="43.48111" lon="3.80288">
        <ele>-0.3</ele>
      </trkpt>
      <trkpt lat="43.48083" lon="3.80319">
        <ele>0.0</ele>
      </trkpt>
      <trkpt lat="43.48051" lon="3.80357">
        <ele>0.0</ele>
      </trkpt>
      <trkpt lat="43.48019" lon="3.80392">
        <ele>-0.5</ele>
      </trkpt>
      <trkpt lat="43.47997" lon="3.80413">
        <ele>-0.8</ele>
      </trkpt>
      <trkpt lat="43.47972" lon="3.80426">
        <ele>0.4</ele>
      </trkpt>
      <trkpt lat="43.47941" lon="3.80438">
        <ele>1.7</ele>
      </trkpt>
      <trkpt lat="43.4791" lon="3.80446">
        <ele>2.6</ele>
      </trkpt>
      <trkpt lat="43.47894" lon="3.80453">
        <ele>2.3</ele>
      </trkpt>
      <trkpt lat="43.47859" lon="3.80474">
        <ele>1.6</ele>
      </trkpt>
      <trkpt lat="43.47841" lon="3.80488">
        <ele>1.2</ele>
      </trkpt>
      <trkpt lat="43.47823" lon="3.80504">
        <ele>0.7</ele>
      </trkpt>
      <trkpt lat="43.47787" lon="3.80538">
        <ele>0.2</ele>
      </trkpt>
      <trkpt lat="43.47765" lon="3.80552">
        <ele>0.3</ele>
      </trkpt>
      <trkpt lat="43.47752" lon="3.80556">
        <ele>0.3</ele>
      </trkpt>
      <trkpt lat="43.47723" lon="3.80559">
        <ele>0.7</ele>
      </trkpt>
      <trkpt lat="43.47704" lon="3.80562">
        <ele>0.9</ele>
      </trkpt>
      <trkpt lat="43.47685" lon="3.80569">
        <ele>1.1</ele>
      </trkpt>
      <trkpt lat="43.47668" lon="3.80577">
        <ele>1.1</ele>
      </trkpt>
      <trkpt lat="43.47652" lon="3.80588">
        <ele>0.7</ele>
      </trkpt>
      <trkpt lat="43.47616" lon="3.80619">
        <ele>0.1</ele>
      </trkpt>
      <trkpt lat="43.47607" lon="3.80623">
        <ele>0.0</ele>
      </trkpt>
      <trkpt lat="43.47592" lon="3.80628">
        <ele>0.0</ele>
      </trkpt>
      <trkpt lat="43.47574" lon="3.8063">
        <ele>0.2</ele>
      </trkpt>
      <trkpt lat="43.47536" lon="3.80632">
        <ele>0.9</ele>
      </trkpt>
      <trkpt lat="43.47512" lon="3.80633">
        <ele>1.4</ele>
      </trkpt>
      <trkpt lat="43.47459" lon="3.80624">
        <ele>0.0</ele>
      </trkpt>
      <trkpt lat="43.47423" lon="3.80623">
        <ele>-1.3</ele>
      </trkpt>
      <trkpt lat="43.47409" lon="3.80625">
        <ele>-1.5</ele>
      </trkpt>
      <trkpt lat="43.47395" lon="3.80629">
        <ele>-1.5</ele>
      </trkpt>
      <trkpt lat="43.4738" lon="3.80635">
        <ele>-1.4</ele>
      </trkpt>
      <trkpt lat="43.47365" lon="3.80645">
        <ele>-1.3</ele>
      </trkpt>
      <trkpt lat="43.47333" lon="3.80679">
        <ele>-1.0</ele>
      </trkpt>
      <trkpt lat="43.47306" lon="3.80711">
        <ele>0.3</ele>
      </trkpt>
      <trkpt lat="43.47268" lon="3.80753">
        <ele>2.0</ele>
      </trkpt>
      <trkpt lat="43.47224" lon="3.80795">
        <ele>1.9</ele>
      </trkpt>
      <trkpt lat="43.472" lon="3.80811">
        <ele>1.6</ele>
      </trkpt>
      <trkpt lat="43.47135" lon="3.80852">
        <ele>2.2</ele>
      </trkpt>
      <trkpt lat="43.47114" lon="3.80869">
        <ele>2.9</ele>
      </trkpt>
      <trkpt lat="43.47071" lon="3.80903">
        <ele>3.9</ele>
      </trkpt>
      <trkpt lat="43.47023" lon="3.80932">
        <ele>5.1</ele>
      </trkpt>
      <trkpt lat="43.46999" lon="3.80948">
        <ele>6.0</ele>
      </trkpt>
      <trkpt lat="43.4697" lon="3.80981">
        <ele>7.3</ele>
      </trkpt>
      <trkpt lat="43.46959" lon="3.81004">
        <ele>8.0</ele>
      </trkpt>
      <trkpt lat="43.46949" lon="3.81027">
        <ele>8.2</ele>
      </trkpt>
      <trkpt lat="43.46928" lon="3.81057">
        <ele>8.9</ele>
      </trkpt>
      <trkpt lat="43.46899" lon="3.81094">
        <ele>9.7</ele>
      </trkpt>
      <trkpt lat="43.46857" lon="3.81167">
        <ele>11.4</ele>
      </trkpt>
      <trkpt lat="43.46814" lon="3.81241">
        <ele>11.5</ele>
      </trkpt>
      <trkpt lat="43.46772" lon="3.81315">
        <ele>8.3</ele>
      </trkpt>
      <trkpt lat="43.46742" lon="3.81363">
        <ele>5.8</ele>
      </trkpt>
      <trkpt lat="43.46713" lon="3.81411">
        <ele>2.3</ele>
      </trkpt>
      <trkpt lat="43.46658" lon="3.81494">
        <ele>-0.8</ele>
      </trkpt>
      <trkpt lat="43.46636" lon="3.81527">
        <ele>-0.5</ele>
      </trkpt>
      <trkpt lat="43.46598" lon="3.8158">
        <ele>-0.8</ele>
      </trkpt>
      <trkpt lat="43.46568" lon="3.81617">
        <ele>-1.4</ele>
      </trkpt>
      <trkpt lat="43.46535" lon="3.81658">
        <ele>-1.9</ele>
      </trkpt>
      <trkpt lat="43.465" lon="3.81689">
        <ele>-2.0</ele>
      </trkpt>
      <trkpt lat="43.46497" lon="3.81696">
        <ele>-1.9</ele>
      </trkpt>
      <trkpt lat="43.46495" lon="3.81703">
        <ele>-1.8</ele>
      </trkpt>
      <trkpt lat="43.46495" lon="3.8171">
        <ele>-1.8</ele>
      </trkpt>
      <trkpt lat="43.465" lon="3.81721">
        <ele>-2.0</ele>
      </trkpt>
      <trkpt lat="43.46506" lon="3.81724">
        <ele>-2.0</ele>
      </trkpt>
      <trkpt lat="43.4651" lon="3.81724">
        <ele>-2.0</ele>
      </trkpt>
      <trkpt lat="43.46516" lon="3.81723">
        <ele>-2.0</ele>
      </trkpt>
      <trkpt lat="43.4652" lon="3.81721">
        <ele>-2.0</ele>
      </trkpt>
      <trkpt lat="43.46522" lon="3.81718">
        <ele>-2.0</ele>
      </trkpt>
      <trkpt lat="43.46542" lon="3.81692">
        <ele>-2.0</ele>
      </trkpt>
      <trkpt lat="43.46547" lon="3.81684">
        <ele>-2.0</ele>
      </trkpt>
      <trkpt lat="43.46548" lon="3.81679">
        <ele>-2.0</ele>
      </trkpt>
      <trkpt lat="43.46548" lon="3.81677">
        <ele>-2.0</ele>
      </trkpt>
      <trkpt lat="43.46547" lon="3.81674">
        <ele>-2.0</ele>
      </trkpt>
      <trkpt lat="43.46545" lon="3.81671">
        <ele>-2.0</ele>
      </trkpt>
      <trkpt lat="43.46541" lon="3.81672">
        <ele>-2.0</ele>
      </trkpt>
      <trkpt lat="43.46512" lon="3.81701">
        <ele>-2.0</ele>
      </trkpt>
      <trkpt lat="43.46502" lon="3.81712">
        <ele>-2.0</ele>
      </trkpt>
      <trkpt lat="43.46447" lon="3.81778">
        <ele>0.0</ele>
      </trkpt>
      <trkpt lat="43.46393" lon="3.81845">
        <ele>1.5</ele>
      </trkpt>
      <trkpt lat="43.46376" lon="3.81873">
        <ele>1.5</ele>
      </trkpt>
      <trkpt lat="43.46349" lon="3.819">
        <ele>1.3</ele>
      </trkpt>
      <trkpt lat="43.46325" lon="3.81919">
        <ele>1.0</ele>
      </trkpt>
      <trkpt lat="43.46291" lon="3.8194">
        <ele>1.3</ele>
      </trkpt>
      <trkpt lat="43.46271" lon="3.81948">
        <ele>1.6</ele>
      </trkpt>
      <trkpt lat="43.46248" lon="3.81956">
        <ele>1.9</ele>
      </trkpt>
      <trkpt lat="43.46222" lon="3.81962">
        <ele>0.9</ele>
      </trkpt>
      <trkpt lat="43.46189" lon="3.81965">
        <ele>-0.6</ele>
      </trkpt>
      <trkpt lat="43.46169" lon="3.81964">
        <ele>-1.4</ele>
      </trkpt>
      <trkpt lat="43.46146" lon="3.8196">
        <ele>-1.0</ele>
      </trkpt>
      <trkpt lat="43.46124" lon="3.81955">
        <ele>-0.5</ele>
      </trkpt>
      <trkpt lat="43.46106" lon="3.8195">
        <ele>-0.1</ele>
      </trkpt>
      <trkpt lat="43.46091" lon="3.81943">
        <ele>0.2</ele>
      </trkpt>
      <trkpt lat="43.46066" lon="3.8193">
        <ele>0.0</ele>
      </trkpt>
      <trkpt lat="43.46033" lon="3.81905">
        <ele>-0.7</ele>
      </trkpt>
      <trkpt lat="43.46019" lon="3.81893">
        <ele>-1.0</ele>
      </trkpt>
      <trkpt lat="43.45999" lon="3.81869">
        <ele>-1.5</ele>
      </trkpt>
      <trkpt lat="43.45973" lon="3.81835">
        <ele>-1.3</ele>
      </trkpt>
      <trkpt lat="43.45966" lon="3.81829">
        <ele>-1.2</ele>
      </trkpt>
      <trkpt lat="43.45908" lon="3.81745">
        <ele>-0.3</ele>
      </trkpt>
      <trkpt lat="43.45849" lon="3.81661">
        <ele>-0.2</ele>
      </trkpt>
      <trkpt lat="43.45791" lon="3.81578">
        <ele>0.0</ele>
      </trkpt>
      <trkpt lat="43.45734" lon="3.81494">
        <ele>1.5</ele>
      </trkpt>
      <trkpt lat="43.457" lon="3.81437">
        <ele>-0.7</ele>
      </trkpt>
      <trkpt lat="43.45666" lon="3.81371">
        <ele>-1.5</ele>
      </trkpt>
      <trkpt lat="43.45628" lon="3.81296">
        <ele>-0.3</ele>
      </trkpt>
      <trkpt lat="43.4559" lon="3.81221">
        <ele>-0.2</ele>
      </trkpt>
      <trkpt lat="43.45552" lon="3.81145">
        <ele>-1.7</ele>
      </trkpt>
      <trkpt lat="43.45544" lon="3.8113">
        <ele>-1.7</ele>
      </trkpt>
      <trkpt lat="43.45531" lon="3.81114">
        <ele>-1.8</ele>
      </trkpt>
      <trkpt lat="43.45529" lon="3.81105">
        <ele>-1.8</ele>
      </trkpt>
      <trkpt lat="43.45515" lon="3.81072">
        <ele>-2.0</ele>
      </trkpt>
      <trkpt lat="43.45464" lon="3.8097">
        <ele>-2.0</ele>
      </trkpt>
      <trkpt lat="43.45413" lon="3.80869">
        <ele>-2.0</ele>
      </trkpt>
      <trkpt lat="43.45361" lon="3.80767">
        <ele>-2.0</ele>
      </trkpt>
      <trkpt lat="43.4531" lon="3.80666">
        <ele>-2.0</ele>
      </trkpt>
      <trkpt lat="43.45282" lon="3.80606">
        <ele>-2.0</ele>
      </trkpt>
      <trkpt lat="43.45253" lon="3.80546">
        <ele>-2.0</ele>
      </trkpt>
      <trkpt lat="43.4521" lon="3.80451">
        <ele>-1.8</ele>
      </trkpt>
      <trkpt lat="43.45166" lon="3.80357">
        <ele>-2.0</ele>
      </trkpt>
      <trkpt lat="43.45122" lon="3.80262">
        <ele>-2.0</ele>
      </trkpt>
      <trkpt lat="43.45079" lon="3.80168">
        <ele>-2.0</ele>
      </trkpt>
      <trkpt lat="43.45035" lon="3.80073">
        <ele>-2.0</ele>
      </trkpt>
      <trkpt lat="43.44991" lon="3.79979">
        <ele>-1.7</ele>
      </trkpt>
      <trkpt lat="43.44958" lon="3.79911">
        <ele>-1.1</ele>
      </trkpt>
      <trkpt lat="43.44931" lon="3.79861">
        <ele>-1.7</ele>
      </trkpt>
      <trkpt lat="43.44904" lon="3.7982">
        <ele>-1.5</ele>
      </trkpt>
      <trkpt lat="43.4488" lon="3.79788">
        <ele>-0.7</ele>
      </trkpt>
      <trkpt lat="43.44855" lon="3.7976">
        <ele>-0.3</ele>
      </trkpt>
      <trkpt lat="43.44836" lon="3.79741">
        <ele>-0.2</ele>
      </trkpt>
      <trkpt lat="43.44788" lon="3.79698">
        <ele>-1.0</ele>
      </trkpt>
      <trkpt lat="43.44712" lon="3.79635">
        <ele>-2.0</ele>
      </trkpt>
      <trkpt lat="43.44637" lon="3.79572">
        <ele>-2.0</ele>
      </trkpt>
      <trkpt lat="43.44561" lon="3.79509">
        <ele>-2.0</ele>
      </trkpt>
      <trkpt lat="43.44486" lon="3.79446">
        <ele>-2.0</ele>
      </trkpt>
      <trkpt lat="43.4441" lon="3.79382">
        <ele>-1.9</ele>
      </trkpt>
      <trkpt lat="43.44335" lon="3.79319">
        <ele>0.5</ele>
      </trkpt>
      <trkpt lat="43.44292" lon="3.7928">
        <ele>0.2</ele>
      </trkpt>
      <trkpt lat="43.44266" lon="3.79253">
        <ele>0.5</ele>
      </trkpt>
      <trkpt lat="43.44225" lon="3.79203">
        <ele>0.0</ele>
      </trkpt>
      <trkpt lat="43.44213" lon="3.79192">
        <ele>0.0</ele>
      </trkpt>
      <trkpt lat="43.44203" lon="3.79184">
        <ele>0.1</ele>
      </trkpt>
      <trkpt lat="43.44191" lon="3.79179">
        <ele>0.4</ele>
      </trkpt>
      <trkpt lat="43.44175" lon="3.79175">
        <ele>0.8</ele>
      </trkpt>
      <trkpt lat="43.44165" lon="3.79175">
        <ele>1.1</ele>
      </trkpt>
      <trkpt lat="43.44158" lon="3.7918">
        <ele>1.2</ele>
      </trkpt>
      <trkpt lat="43.44144" lon="3.79196">
        <ele>1.4</ele>
      </trkpt>
      <trkpt lat="43.44138" lon="3.79205">
        <ele>1.5</ele>
      </trkpt>
      <trkpt lat="43.44135" lon="3.79207">
        <ele>1.5</ele>
      </trkpt>
      <trkpt lat="43.44131" lon="3.79206">
        <ele>1.5</ele>
      </trkpt>
      <trkpt lat="43.44125" lon="3.79205">
        <ele>1.5</ele>
      </trkpt>
      <trkpt lat="43.44119" lon="3.79195">
        <ele>1.5</ele>
      </trkpt>
      <trkpt lat="43.4411" lon="3.79184">
        <ele>1.6</ele>
      </trkpt>
      <trkpt lat="43.44104" lon="3.79175">
        <ele>1.7</ele>
      </trkpt>
      <trkpt lat="43.44098" lon="3.7917">
        <ele>1.8</ele>
      </trkpt>
      <trkpt lat="43.44094" lon="3.79167">
        <ele>1.9</ele>
      </trkpt>
      <trkpt lat="43.44093" lon="3.79148">
        <ele>1.8</ele>
      </trkpt>
      <trkpt lat="43.441" lon="3.79145">
        <ele>1.7</ele>
      </trkpt>
      <trkpt lat="43.44104" lon="3.7914">
        <ele>1.5</ele>
      </trkpt>
      <trkpt lat="43.4411" lon="3.79127">
        <ele>1.2</ele>
      </trkpt>
      <trkpt lat="43.44111" lon="3.7912">
        <ele>1.1</ele>
      </trkpt>
      <trkpt lat="43.44101" lon="3.79019">
        <ele>-1.3</ele>
      </trkpt>
      <trkpt lat="43.44096" lon="3.78994">
        <ele>-2.0</ele>
      </trkpt>
      <trkpt lat="43.44089" lon="3.78972">
        <ele>-2.0</ele>
      </trkpt>
      <trkpt lat="43.44047" lon="3.78881">
        <ele>-2.0</ele>
      </trkpt>
      <trkpt lat="43.44005" lon="3.7879">
        <ele>-2.0</ele>
      </trkpt>
      <trkpt lat="43.43963" lon="3.78699">
        <ele>-2.0</ele>
      </trkpt>
      <trkpt lat="43.43921" lon="3.78608">
        <ele>-2.0</ele>
      </trkpt>
      <trkpt lat="43.43879" lon="3.78517">
        <ele>-2.0</ele>
      </trkpt>
      <trkpt lat="43.43838" lon="3.78427">
        <ele>-2.0</ele>
      </trkpt>
      <trkpt lat="43.43797" lon="3.78338">
        <ele>-1.1</ele>
      </trkpt>
      <trkpt lat="43.43756" lon="3.78249">
        <ele>-0.1</ele>
      </trkpt>
      <trkpt lat="43.43716" lon="3.78162">
        <ele>1.3</ele>
      </trkpt>
      <trkpt lat="43.43675" lon="3.78075">
        <ele>-0.1</ele>
      </trkpt>
      <trkpt lat="43.43635" lon="3.77987">
        <ele>1.1</ele>
      </trkpt>
      <trkpt lat="43.43595" lon="3.779">
        <ele>1.1</ele>
      </trkpt>
      <trkpt lat="43.43576" lon="3.77862">
        <ele>-0.4</ele>
      </trkpt>
      <trkpt lat="43.43559" lon="3.77833">
        <ele>-0.8</ele>
      </trkpt>
      <trkpt lat="43.43553" lon="3.77829">
        <ele>-0.5</ele>
      </trkpt>
      <trkpt lat="43.43548" lon="3.77827">
        <ele>-0.3</ele>
      </trkpt>
      <trkpt lat="43.43542" lon="3.77827">
        <ele>0.0</ele>
      </trkpt>
      <trkpt lat="43.43539" lon="3.77824">
        <ele>0.1</ele>
      </trkpt>
      <trkpt lat="43.43534" lon="3.778">
        <ele>0.4</ele>
      </trkpt>
      <trkpt lat="43.43542" lon="3.77781">
        <ele>0.0</ele>
      </trkpt>
      <trkpt lat="43.43546" lon="3.77764">
        <ele>-0.2</ele>
      </trkpt>
      <trkpt lat="43.43541" lon="3.7773">
        <ele>-0.1</ele>
      </trkpt>
      <trkpt lat="43.43533" lon="3.77643">
        <ele>-0.2</ele>
      </trkpt>
      <trkpt lat="43.43527" lon="3.77591">
        <ele>0.0</ele>
      </trkpt>
      <trkpt lat="43.43523" lon="3.7753">
        <ele>-0.8</ele>
      </trkpt>
      <trkpt lat="43.43521" lon="3.77502">
        <ele>-1.2</ele>
      </trkpt>
      <trkpt lat="43.4352" lon="3.77477">
        <ele>-1.4</ele>
      </trkpt>
      <trkpt lat="43.4352" lon="3.7745">
        <ele>-1.7</ele>
      </trkpt>
      <trkpt lat="43.43519" lon="3.77441">
        <ele>-1.8</ele>
      </trkpt>
      <trkpt lat="43.43513" lon="3.77432">
        <ele>-1.8</ele>
      </trkpt>
      <trkpt lat="43.43514" lon="3.77422">
        <ele>-1.9</ele>
      </trkpt>
      <trkpt lat="43.43515" lon="3.7741">
        <ele>-1.8</ele>
      </trkpt>
      <trkpt lat="43.43519" lon="3.77402">
        <ele>-1.6</ele>
      </trkpt>
      <trkpt lat="43.4352" lon="3.77397">
        <ele>-1.5</ele>
      </trkpt>
      <trkpt lat="43.43529" lon="3.77295">
        <ele>0.6</ele>
      </trkpt>
      <trkpt lat="43.43532" lon="3.77235">
        <ele>1.1</ele>
      </trkpt>
      <trkpt lat="43.43534" lon="3.77184">
        <ele>1.0</ele>
      </trkpt>
      <trkpt lat="43.43533" lon="3.77172">
        <ele>1.0</ele>
      </trkpt>
      <trkpt lat="43.4353" lon="3.77158">
        <ele>1.0</ele>
      </trkpt>
      <trkpt lat="43.43528" lon="3.77155">
        <ele>1.1</ele>
      </trkpt>
      <trkpt lat="43.43516" lon="3.77146">
        <ele>1.4</ele>
      </trkpt>
      <trkpt lat="43.43514" lon="3.7714">
        <ele>1.4</ele>
      </trkpt>
      <trkpt lat="43.43512" lon="3.77126">
        <ele>1.0</ele>
      </trkpt>
      <trkpt lat="43.43512" lon="3.77117">
        <ele>0.7</ele>
      </trkpt>
      <trkpt lat="43.43513" lon="3.77111">
        <ele>0.5</ele>
      </trkpt>
      <trkpt lat="43.43516" lon="3.77106">
        <ele>0.3</ele>
      </trkpt>
      <trkpt lat="43.43529" lon="3.77091">
        <ele>-0.5</ele>
      </trkpt>
      <trkpt lat="43.43535" lon="3.7708">
        <ele>-0.9</ele>
      </trkpt>
      <trkpt lat="43.43541" lon="3.77058">
        <ele>-1.3</ele>
      </trkpt>
      <trkpt lat="43.43542" lon="3.77037">
        <ele>-1.6</ele>
      </trkpt>
      <trkpt lat="43.43546" lon="3.76957">
        <ele>-2.0</ele>
      </trkpt>
      <trkpt lat="43.4355" lon="3.76877">
        <ele>-2.0</ele>
      </trkpt>
      <trkpt lat="43.43556" lon="3.76812">
        <ele>-2.0</ele>
      </trkpt>
      <trkpt lat="43.4356" lon="3.76715">
        <ele>-2.0</ele>
      </trkpt>
      <trkpt lat="43.43565" lon="3.76618">
        <ele>-2.0</ele>
      </trkpt>
      <trkpt lat="43.4357" lon="3.76521">
        <ele>-2.0</ele>
      </trkpt>
      <trkpt lat="43.43567" lon="3.76487">
        <ele>-2.0</ele>
      </trkpt>
      <trkpt lat="43.43572" lon="3.76381">
        <ele>-1.3</ele>
      </trkpt>
      <trkpt lat="43.43577" lon="3.76276">
        <ele>-0.1</ele>
      </trkpt>
      <trkpt lat="43.43592" lon="3.76277">
        <ele>0.0</ele>
      </trkpt>
      <trkpt lat="43.43593" lon="3.76267">
        <ele>0.1</ele>
      </trkpt>
      <trkpt lat="43.43595" lon="3.76254">
        <ele>0.1</ele>
      </trkpt>
      <trkpt lat="43.43609" lon="3.76209">
        <ele>-0.2</ele>
      </trkpt>
      <trkpt lat="43.43658" lon="3.76258">
        <ele>0.7</ele>
      </trkpt>
      <trkpt lat="43.43661" lon="3.76264">
        <ele>0.6</ele>
      </trkpt>
      <trkpt lat="43.43667" lon="3.76289">
        <ele>0.1</ele>
      </trkpt>
      <trkpt lat="43.43667" lon="3.76303">
        <ele>-0.3</ele>
      </trkpt>
      <trkpt lat="43.43656" lon="3.76355">
        <ele>-0.9</ele>
      </trkpt>
      <trkpt lat="43.43641" lon="3.76384">
        <ele>-1.1</ele>
      </trkpt>
      <trkpt lat="43.43637" lon="3.7639">
        <ele>-1.1</ele>
      </trkpt>
      <trkpt lat="43.43632" lon="3.76391">
        <ele>-1.2</ele>
      </trkpt>
      <trkpt lat="43.43627" lon="3.7639">
        <ele>-1.2</ele>
      </trkpt>
      <trkpt lat="43.43623" lon="3.76385">
        <ele>-1.1</ele>
      </trkpt>
      <trkpt lat="43.43622" lon="3.76377">
        <ele>-1.0</ele>
      </trkpt>
      <trkpt lat="43.43624" lon="3.7636">
        <ele>-0.8</ele>
      </trkpt>
      <trkpt lat="43.43629" lon="3.76349">
        <ele>-0.7</ele>
      </trkpt>
      <trkpt lat="43.43663" lon="3.76278">
        <ele>0.3</ele>
      </trkpt>
      <trkpt lat="43.4369" lon="3.76229">
        <ele>1.2</ele>
      </trkpt>
      <trkpt lat="43.43718" lon="3.76179">
        <ele>1.8</ele>
      </trkpt>
      <trkpt lat="43.43725" lon="3.76167">
        <ele>2.1</ele>
      </trkpt>
      <trkpt lat="43.43732" lon="3.76161">
        <ele>2.4</ele>
      </trkpt>
      <trkpt lat="43.43747" lon="3.76156">
        <ele>2.9</ele>
      </trkpt>
      <trkpt lat="43.43759" lon="3.76158">
        <ele>2.9</ele>
      </trkpt>
      <trkpt lat="43.43765" lon="3.76161">
        <ele>2.8</ele>
      </trkpt>
      <trkpt lat="43.43772" lon="3.76152">
        <ele>2.7</ele>
      </trkpt>
      <trkpt lat="43.43774" lon="3.76146">
        <ele>2.7</ele>
      </trkpt>
      <trkpt lat="43.43783" lon="3.76135">
        <ele>2.6</ele>
      </trkpt>
      <trkpt lat="43.43787" lon="3.76128">
        <ele>2.6</ele>
      </trkpt>
      <trkpt lat="43.43791" lon="3.76115">
        <ele>2.5</ele>
      </trkpt>
      <trkpt lat="43.43796" lon="3.76109">
        <ele>2.4</ele>
      </trkpt>
      <trkpt lat="43.43801" lon="3.76105">
        <ele>2.4</ele>
      </trkpt>
      <trkpt lat="43.43796" lon="3.76091">
        <ele>2.4</ele>
      </trkpt>
      <trkpt lat="43.43794" lon="3.76082">
        <ele>2.5</ele>
      </trkpt>
      <trkpt lat="43.43794" lon="3.76074">
        <ele>2.6</ele>
      </trkpt>
      <trkpt lat="43.43796" lon="3.76064">
        <ele>2.8</ele>
      </trkpt>
      <trkpt lat="43.438" lon="3.76056">
        <ele>3.0</ele>
      </trkpt>
      <trkpt lat="43.43805" lon="3.76051">
        <ele>3.1</ele>
      </trkpt>
      <trkpt lat="43.43828" lon="3.76037">
        <ele>3.6</ele>
      </trkpt>
      <trkpt lat="43.43851" lon="3.76025">
        <ele>3.5</ele>
      </trkpt>
      <trkpt lat="43.43882" lon="3.76013">
        <ele>2.6</ele>
      </trkpt>
      <trkpt lat="43.43892" lon="3.76006">
        <ele>2.2</ele>
      </trkpt>
      <trkpt lat="43.43951" lon="3.75977">
        <ele>0.9</ele>
      </trkpt>
      <trkpt lat="43.43954" lon="3.75977">
        <ele>0.9</ele>
      </trkpt>
      <trkpt lat="43.44016" lon="3.75948">
        <ele>2.0</ele>
      </trkpt>
      <trkpt lat="43.44041" lon="3.75943">
        <ele>2.3</ele>
      </trkpt>
      <trkpt lat="43.44094" lon="3.75918">
        <ele>2.0</ele>
      </trkpt>
      <trkpt lat="43.44145" lon="3.75902">
        <ele>2.1</ele>
      </trkpt>
      <trkpt lat="43.44196" lon="3.75886">
        <ele>1.8</ele>
      </trkpt>
      <trkpt lat="43.44212" lon="3.75884">
        <ele>1.5</ele>
      </trkpt>
      <trkpt lat="43.44225" lon="3.75884">
        <ele>1.3</ele>
      </trkpt>
      <trkpt lat="43.443" lon="3.75902">
        <ele>2.0</ele>
      </trkpt>
      <trkpt lat="43.44317" lon="3.75907">
        <ele>2.5</ele>
      </trkpt>
      <trkpt lat="43.44362" lon="3.75915">
        <ele>3.0</ele>
      </trkpt>
      <trkpt lat="43.44408" lon="3.75922">
        <ele>2.9</ele>
      </trkpt>
      <trkpt lat="43.44418" lon="3.75915">
        <ele>3.0</ele>
      </trkpt>
      <trkpt lat="43.44411" lon="3.75889">
        <ele>2.7</ele>
      </trkpt>
      <trkpt lat="43.44406" lon="3.75873">
        <ele>2.6</ele>
      </trkpt>
      <trkpt lat="43.44393" lon="3.75839">
        <ele>2.6</ele>
      </trkpt>
      <trkpt lat="43.44389" lon="3.75834">
        <ele>2.7</ele>
      </trkpt>
      <trkpt lat="43.44399" lon="3.75834">
        <ele>2.4</ele>
      </trkpt>
      <trkpt lat="43.44414" lon="3.75834">
        <ele>2.1</ele>
      </trkpt>
      <trkpt lat="43.44426" lon="3.75833">
        <ele>2.2</ele>
      </trkpt>
      <trkpt lat="43.4442" lon="3.75795">
        <ele>2.6</ele>
      </trkpt>
      <trkpt lat="43.44402" lon="3.75704">
        <ele>3.4</ele>
      </trkpt>
      <trkpt lat="43.44399" lon="3.75679">
        <ele>3.5</ele>
      </trkpt>
      <trkpt lat="43.44389" lon="3.75656">
        <ele>3.2</ele>
      </trkpt>
      <trkpt lat="43.44378" lon="3.75628">
        <ele>2.8</ele>
      </trkpt>
      <trkpt lat="43.44361" lon="3.75592">
        <ele>2.4</ele>
      </trkpt>
      <trkpt lat="43.44377" lon="3.75579">
        <ele>2.6</ele>
      </trkpt>
      <trkpt lat="43.4438" lon="3.75576">
        <ele>2.7</ele>
      </trkpt>
      <trkpt lat="43.4438" lon="3.75571">
        <ele>2.8</ele>
      </trkpt>
      <trkpt lat="43.44374" lon="3.75546">
        <ele>3.2</ele>
      </trkpt>
      <trkpt lat="43.44367" lon="3.75524">
        <ele>3.5</ele>
      </trkpt>
      <trkpt lat="43.44347" lon="3.75452">
        <ele>3.5</ele>
      </trkpt>
      <trkpt lat="43.4434" lon="3.75444">
        <ele>3.4</ele>
      </trkpt>
      <trkpt lat="43.44334" lon="3.75441">
        <ele>3.3</ele>
      </trkpt>
      <trkpt lat="43.4433" lon="3.75438">
        <ele>3.2</ele>
      </trkpt>
      <trkpt lat="43.4429" lon="3.75388">
        <ele>2.3</ele>
      </trkpt>
      <trkpt lat="43.44264" lon="3.75356">
        <ele>1.6</ele>
      </trkpt>
      <trkpt lat="43.44221" lon="3.75309">
        <ele>1.6</ele>
      </trkpt>
      <trkpt lat="43.44216" lon="3.75305">
        <ele>1.7</ele>
      </trkpt>
      <trkpt lat="43.44212" lon="3.75304">
        <ele>1.8</ele>
      </trkpt>
      <trkpt lat="43.44212" lon="3.753">
        <ele>1.7</ele>
      </trkpt>
      <trkpt lat="43.44211" lon="3.75295">
        <ele>1.7</ele>
      </trkpt>
      <trkpt lat="43.44172" lon="3.75232">
        <ele>1.9</ele>
      </trkpt>
      <trkpt lat="43.44129" lon="3.7516">
        <ele>1.1</ele>
      </trkpt>
      <trkpt lat="43.44107" lon="3.75128">
        <ele>0.9</ele>
      </trkpt>
      <trkpt lat="43.44095" lon="3.75114">
        <ele>0.8</ele>
      </trkpt>
      <trkpt lat="43.44066" lon="3.75084">
        <ele>1.0</ele>
      </trkpt>
      <trkpt lat="43.44026" lon="3.75038">
        <ele>1.0</ele>
      </trkpt>
      <trkpt lat="43.4401" lon="3.75016">
        <ele>1.0</ele>
      </trkpt>
      <trkpt lat="43.44008" lon="3.75009">
        <ele>1.0</ele>
      </trkpt>
      <trkpt lat="43.44007" lon="3.74995">
        <ele>1.0</ele>
      </trkpt>
      <trkpt lat="43.44011" lon="3.74984">
        <ele>0.9</ele>
      </trkpt>
      <trkpt lat="43.4402" lon="3.74973">
        <ele>0.8</ele>
      </trkpt>
      <trkpt lat="43.44064" lon="3.74929">
        <ele>1.5</ele>
      </trkpt>
      <trkpt lat="43.4409" lon="3.74912">
        <ele>1.9</ele>
      </trkpt>
      <trkpt lat="43.44109" lon="3.74894">
        <ele>1.6</ele>
      </trkpt>
      <trkpt lat="43.44116" lon="3.74886">
        <ele>1.5</ele>
      </trkpt>
      <trkpt lat="43.44118" lon="3.74888">
        <ele>1.6</ele>
      </trkpt>
      <trkpt lat="43.44121" lon="3.74889">
        <ele>1.6</ele>
      </trkpt>
      <trkpt lat="43.44125" lon="3.74886">
        <ele>1.6</ele>
      </trkpt>
      <trkpt lat="43.44127" lon="3.74883">
        <ele>1.6</ele>
      </trkpt>
      <trkpt lat="43.44127" lon="3.74877">
        <ele>1.5</ele>
      </trkpt>
      <trkpt lat="43.44126" lon="3.74874">
        <ele>1.5</ele>
      </trkpt>
      <trkpt lat="43.44122" lon="3.7487">
        <ele>1.4</ele>
      </trkpt>
      <trkpt lat="43.44118" lon="3.7487">
        <ele>1.3</ele>
      </trkpt>
      <trkpt lat="43.44114" lon="3.7486">
        <ele>1.1</ele>
      </trkpt>
      <trkpt lat="43.44094" lon="3.74829">
        <ele>0.3</ele>
      </trkpt>
      <trkpt lat="43.44063" lon="3.74792">
        <ele>0.1</ele>
      </trkpt>
      <trkpt lat="43.44033" lon="3.74746">
        <ele>0.1</ele>
      </trkpt>
      <trkpt lat="43.44015" lon="3.74714">
        <ele>0.8</ele>
      </trkpt>
      <trkpt lat="43.44002" lon="3.74687">
        <ele>1.5</ele>
      </trkpt>
      <trkpt lat="43.4398" lon="3.74651">
        <ele>1.9</ele>
      </trkpt>
      <trkpt lat="43.43968" lon="3.74633">
        <ele>1.8</ele>
      </trkpt>
      <trkpt lat="43.43935" lon="3.74591">
        <ele>1.8</ele>
      </trkpt>
      <trkpt lat="43.43923" lon="3.74579">
        <ele>1.8</ele>
      </trkpt>
      <trkpt lat="43.43913" lon="3.7457">
        <ele>1.6</ele>
      </trkpt>
      <trkpt lat="43.43899" lon="3.74561">
        <ele>1.0</ele>
      </trkpt>
      <trkpt lat="43.43875" lon="3.74549">
        <ele>0.3</ele>
      </trkpt>
      <trkpt lat="43.43818" lon="3.74515">
        <ele>-0.4</ele>
      </trkpt>
      <trkpt lat="43.43762" lon="3.74481">
        <ele>-0.4</ele>
      </trkpt>
      <trkpt lat="43.43705" lon="3.74446">
        <ele>-0.1</ele>
      </trkpt>
      <trkpt lat="43.43656" lon="3.74418">
        <ele>-0.1</ele>
      </trkpt>
      <trkpt lat="43.43627" lon="3.74409">
        <ele>-0.5</ele>
      </trkpt>
      <trkpt lat="43.43622" lon="3.74406">
        <ele>-0.6</ele>
      </trkpt>
      <trkpt lat="43.43619" lon="3.744">
        <ele>-0.7</ele>
      </trkpt>
      <trkpt lat="43.43614" lon="3.74402">
        <ele>-0.7</ele>
      </trkpt>
      <trkpt lat="43.43604" lon="3.74403">
        <ele>-0.9</ele>
      </trkpt>
      <trkpt lat="43.4358" lon="3.74398">
        <ele>-1.3</ele>
      </trkpt>
      <trkpt lat="43.43552" lon="3.74398">
        <ele>-1.9</ele>
      </trkpt>
      <trkpt lat="43.43481" lon="3.74408">
        <ele>-2.7</ele>
      </trkpt>
      <trkpt lat="43.43468" lon="3.74403">
        <ele>-2.6</ele>
      </trkpt>
      <trkpt lat="43.4346" lon="3.74398">
        <ele>-2.4</ele>
      </trkpt>
      <trkpt lat="43.43437" lon="3.7438">
        <ele>-1.9</ele>
      </trkpt>
      <trkpt lat="43.43422" lon="3.74363">
        <ele>-1.5</ele>
      </trkpt>
      <trkpt lat="43.43354" lon="3.74283">
        <ele>-0.5</ele>
      </trkpt>
      <trkpt lat="43.43286" lon="3.74203">
        <ele>-1.1</ele>
      </trkpt>
      <trkpt lat="43.43267" lon="3.74176">
        <ele>-1.7</ele>
      </trkpt>
      <trkpt lat="43.43244" lon="3.74131">
        <ele>-1.1</ele>
      </trkpt>
      <trkpt lat="43.43206" lon="3.74073">
        <ele>-0.9</ele>
      </trkpt>
      <trkpt lat="43.43176" lon="3.74019">
        <ele>-1.0</ele>
      </trkpt>
      <trkpt lat="43.43169" lon="3.74008">
        <ele>-1.1</ele>
      </trkpt>
      <trkpt lat="43.4316" lon="3.73999">
        <ele>-1.2</ele>
      </trkpt>
      <trkpt lat="43.43145" lon="3.7399">
        <ele>-1.3</ele>
      </trkpt>
      <trkpt lat="43.43128" lon="3.73986">
        <ele>-1.6</ele>
      </trkpt>
      <trkpt lat="43.43119" lon="3.73988">
        <ele>-1.9</ele>
      </trkpt>
      <trkpt lat="43.43098" lon="3.73999">
        <ele>-2.6</ele>
      </trkpt>
      <trkpt lat="43.43087" lon="3.74">
        <ele>-2.9</ele>
      </trkpt>
      <trkpt lat="43.43074" lon="3.73997">
        <ele>-3.3</ele>
      </trkpt>
      <trkpt lat="43.43049" lon="3.73977">
        <ele>-3.6</ele>
      </trkpt>
      <trkpt lat="43.43008" lon="3.73952">
        <ele>-4.0</ele>
      </trkpt>
      <trkpt lat="43.42928" lon="3.73912">
        <ele>-3.8</ele>
      </trkpt>
      <trkpt lat="43.42916" lon="3.73901">
        <ele>-3.8</ele>
      </trkpt>
      <trkpt lat="43.42863" lon="3.73837">
        <ele>-3.1</ele>
      </trkpt>
      <trkpt lat="43.42855" lon="3.73824">
        <ele>-2.9</ele>
      </trkpt>
      <trkpt lat="43.42828" lon="3.73777">
        <ele>-2.6</ele>
      </trkpt>
      <trkpt lat="43.42819" lon="3.73767">
        <ele>-2.8</ele>
      </trkpt>
      <trkpt lat="43.42764" lon="3.73727">
        <ele>-3.4</ele>
      </trkpt>
      <trkpt lat="43.42734" lon="3.73702">
        <ele>-2.2</ele>
      </trkpt>
      <trkpt lat="43.42723" lon="3.73687">
        <ele>-1.9</ele>
      </trkpt>
      <trkpt lat="43.42716" lon="3.73677">
        <ele>-1.8</ele>
      </trkpt>
      <trkpt lat="43.42698" lon="3.73636">
        <ele>-0.9</ele>
      </trkpt>
      <trkpt lat="43.42673" lon="3.73579">
        <ele>2.2</ele>
      </trkpt>
      <trkpt lat="43.42637" lon="3.73481">
        <ele>1.3</ele>
      </trkpt>
      <trkpt lat="43.42607" lon="3.73411">
        <ele>-0.4</ele>
      </trkpt>
      <trkpt lat="43.42576" lon="3.7334">
        <ele>-0.6</ele>
      </trkpt>
      <trkpt lat="43.42566" lon="3.73312">
        <ele>-1.0</ele>
      </trkpt>
      <trkpt lat="43.42558" lon="3.73281">
        <ele>-0.9</ele>
      </trkpt>
      <trkpt lat="43.42553" lon="3.73233">
        <ele>0.0</ele>
      </trkpt>
      <trkpt lat="43.42555" lon="3.73183">
        <ele>1.0</ele>
      </trkpt>
      <trkpt lat="43.42556" lon="3.73171">
        <ele>1.2</ele>
      </trkpt>
      <trkpt lat="43.42559" lon="3.73166">
        <ele>1.4</ele>
      </trkpt>
      <trkpt lat="43.42596" lon="3.73154">
        <ele>2.1</ele>
      </trkpt>
      <trkpt lat="43.426" lon="3.73148">
        <ele>2.2</ele>
      </trkpt>
      <trkpt lat="43.42592" lon="3.73135">
        <ele>2.1</ele>
      </trkpt>
      <trkpt lat="43.4254" lon="3.73061">
        <ele>1.6</ele>
      </trkpt>
      <trkpt lat="43.42489" lon="3.72987">
        <ele>2.4</ele>
      </trkpt>
      <trkpt lat="43.42479" lon="3.7297">
        <ele>2.9</ele>
      </trkpt>
      <trkpt lat="43.42481" lon="3.72967">
        <ele>3.0</ele>
      </trkpt>
      <trkpt lat="43.42482" lon="3.72962">
        <ele>3.2</ele>
      </trkpt>
      <trkpt lat="43.4248" lon="3.72957">
        <ele>3.3</ele>
      </trkpt>
      <trkpt lat="43.42479" lon="3.72955">
        <ele>3.3</ele>
      </trkpt>
      <trkpt lat="43.42475" lon="3.72953">
        <ele>3.3</ele>
      </trkpt>
      <trkpt lat="43.4247" lon="3.72956">
        <ele>3.2</ele>
      </trkpt>
      <trkpt lat="43.42468" lon="3.72962">
        <ele>3.0</ele>
      </trkpt>
      <trkpt lat="43.42469" lon="3.72966">
        <ele>2.9</ele>
      </trkpt>
      <trkpt lat="43.42459" lon="3.72967">
        <ele>2.8</ele>
      </trkpt>
      <trkpt lat="43.42423" lon="3.72997">
        <ele>2.0</ele>
      </trkpt>
      <trkpt lat="43.42414" lon="3.72983">
        <ele>2.1</ele>
      </trkpt>
      <trkpt lat="43.42399" lon="3.72912">
        <ele>2.1</ele>
      </trkpt>
      <trkpt lat="43.42371" lon="3.72885">
        <ele>0.7</ele>
      </trkpt>
      <trkpt lat="43.42349" lon="3.72771">
        <ele>1.2</ele>
      </trkpt>
      <trkpt lat="43.42326" lon="3.72658">
        <ele>0.8</ele>
      </trkpt>
      <trkpt lat="43.42304" lon="3.72545">
        <ele>3.0</ele>
      </trkpt>
      <trkpt lat="43.42301" lon="3.72513">
        <ele>5.4</ele>
      </trkpt>
      <trkpt lat="43.42289" lon="3.72451">
        <ele>5.9</ele>
      </trkpt>
      <trkpt lat="43.42277" lon="3.72389">
        <ele>4.8</ele>
      </trkpt>
      <trkpt lat="43.42273" lon="3.72376">
        <ele>4.6</ele>
      </trkpt>
      <trkpt lat="43.42268" lon="3.72365">
        <ele>4.3</ele>
      </trkpt>
      <trkpt lat="43.42261" lon="3.72323">
        <ele>3.4</ele>
      </trkpt>
      <trkpt lat="43.42263" lon="3.72314">
        <ele>3.4</ele>
      </trkpt>
      <trkpt lat="43.42264" lon="3.723">
        <ele>3.3</ele>
      </trkpt>
      <trkpt lat="43.42261" lon="3.72258">
        <ele>2.6</ele>
      </trkpt>
      <trkpt lat="43.42262" lon="3.72234">
        <ele>2.8</ele>
      </trkpt>
      <trkpt lat="43.42259" lon="3.72229">
        <ele>2.8</ele>
      </trkpt>
      <trkpt lat="43.42256" lon="3.72226">
        <ele>2.8</ele>
      </trkpt>
      <trkpt lat="43.42253" lon="3.72226">
        <ele>2.7</ele>
      </trkpt>
      <trkpt lat="43.42205" lon="3.72239">
        <ele>1.5</ele>
      </trkpt>
      <trkpt lat="43.42175" lon="3.72246">
        <ele>1.1</ele>
      </trkpt>
      <trkpt lat="43.42116" lon="3.7227">
        <ele>1.9</ele>
      </trkpt>
      <trkpt lat="43.42104" lon="3.72273">
        <ele>2.1</ele>
      </trkpt>
      <trkpt lat="43.42088" lon="3.72272">
        <ele>2.0</ele>
      </trkpt>
      <trkpt lat="43.42087" lon="3.7227">
        <ele>2.0</ele>
      </trkpt>
      <trkpt lat="43.42089" lon="3.72265">
        <ele>1.7</ele>
      </trkpt>
      <trkpt lat="43.42089" lon="3.72257">
        <ele>1.3</ele>
      </trkpt>
      <trkpt lat="43.42089" lon="3.7225">
        <ele>1.0</ele>
      </trkpt>
      <trkpt lat="43.42084" lon="3.72229">
        <ele>1.2</ele>
      </trkpt>
      <trkpt lat="43.4208" lon="3.72226">
        <ele>1.3</ele>
      </trkpt>
      <trkpt lat="43.42075" lon="3.72226">
        <ele>1.3</ele>
      </trkpt>
      <trkpt lat="43.42017" lon="3.72248">
        <ele>1.0</ele>
      </trkpt>
      <trkpt lat="43.41958" lon="3.7227">
        <ele>2.4</ele>
      </trkpt>
      <trkpt lat="43.419" lon="3.72292">
        <ele>2.8</ele>
      </trkpt>
      <trkpt lat="43.41883" lon="3.72303">
        <ele>2.6</ele>
      </trkpt>
      <trkpt lat="43.41869" lon="3.72312">
        <ele>2.4</ele>
      </trkpt>
      <trkpt lat="43.41863" lon="3.72312">
        <ele>2.4</ele>
      </trkpt>
      <trkpt lat="43.41856" lon="3.72312">
        <ele>2.3</ele>
      </trkpt>
      <trkpt lat="43.41835" lon="3.72306">
        <ele>2.0</ele>
      </trkpt>
      <trkpt lat="43.41829" lon="3.72317">
        <ele>2.1</ele>
      </trkpt>
      <trkpt lat="43.41826" lon="3.72319">
        <ele>2.1</ele>
      </trkpt>
      <trkpt lat="43.41821" lon="3.72319">
        <ele>2.2</ele>
      </trkpt>
      <trkpt lat="43.41807" lon="3.72316">
        <ele>2.4</ele>
      </trkpt>
      <trkpt lat="43.41804" lon="3.72315">
        <ele>2.4</ele>
      </trkpt>
      <trkpt lat="43.41802" lon="3.72312">
        <ele>2.4</ele>
      </trkpt>
      <trkpt lat="43.418" lon="3.72301">
        <ele>2.2</ele>
      </trkpt>
      <trkpt lat="43.41789" lon="3.7229">
        <ele>2.0</ele>
      </trkpt>
      <trkpt lat="43.41771" lon="3.72276">
        <ele>1.4</ele>
      </trkpt>
      <trkpt lat="43.41761" lon="3.7226">
        <ele>0.7</ele>
      </trkpt>
      <trkpt lat="43.41721" lon="3.72175">
        <ele>3.0</ele>
      </trkpt>
      <trkpt lat="43.41688" lon="3.72099">
        <ele>2.3</ele>
      </trkpt>
      <trkpt lat="43.41647" lon="3.72012">
        <ele>4.6</ele>
      </trkpt>
      <trkpt lat="43.41607" lon="3.71925">
        <ele>2.1</ele>
      </trkpt>
      <trkpt lat="43.41603" lon="3.7192">
        <ele>2.0</ele>
      </trkpt>
      <trkpt lat="43.41581" lon="3.71871">
        <ele>3.6</ele>
      </trkpt>
      <trkpt lat="43.41575" lon="3.71852">
        <ele>4.1</ele>
      </trkpt>
      <trkpt lat="43.41531" lon="3.71755">
        <ele>5.3</ele>
      </trkpt>
      <trkpt lat="43.41525" lon="3.71746">
        <ele>5.2</ele>
      </trkpt>
      <trkpt lat="43.41487" lon="3.71665">
        <ele>5.2</ele>
      </trkpt>
      <trkpt lat="43.41482" lon="3.71653">
        <ele>4.6</ele>
      </trkpt>
      <trkpt lat="43.41437" lon="3.71555">
        <ele>0.8</ele>
      </trkpt>
      <trkpt lat="43.41392" lon="3.71457">
        <ele>1.0</ele>
      </trkpt>
      <trkpt lat="43.41347" lon="3.71359">
        <ele>0.6</ele>
      </trkpt>
      <trkpt lat="43.41301" lon="3.7126">
        <ele>0.8</ele>
      </trkpt>
      <trkpt lat="43.41256" lon="3.71161">
        <ele>1.3</ele>
      </trkpt>
      <trkpt lat="43.41211" lon="3.71062">
        <ele>1.9</ele>
      </trkpt>
      <trkpt lat="43.41166" lon="3.70964">
        <ele>2.8</ele>
      </trkpt>
      <trkpt lat="43.4112" lon="3.70865">
        <ele>4.7</ele>
      </trkpt>
      <trkpt lat="43.41075" lon="3.70766">
        <ele>3.2</ele>
      </trkpt>
      <trkpt lat="43.41032" lon="3.70673">
        <ele>4.1</ele>
      </trkpt>
      <trkpt lat="43.40989" lon="3.70579">
        <ele>3.9</ele>
      </trkpt>
      <trkpt lat="43.40946" lon="3.70486">
        <ele>2.6</ele>
      </trkpt>
      <trkpt lat="43.40947" lon="3.70475">
        <ele>2.6</ele>
      </trkpt>
      <trkpt lat="43.40954" lon="3.70469">
        <ele>2.7</ele>
      </trkpt>
      <trkpt lat="43.40946" lon="3.70448">
        <ele>2.5</ele>
      </trkpt>
      <trkpt lat="43.40923" lon="3.70397">
        <ele>2.3</ele>
      </trkpt>
      <trkpt lat="43.40911" lon="3.7038">
        <ele>2.4</ele>
      </trkpt>
      <trkpt lat="43.4091" lon="3.70375">
        <ele>2.4</ele>
      </trkpt>
      <trkpt lat="43.40908" lon="3.70357">
        <ele>2.5</ele>
      </trkpt>
      <trkpt lat="43.4091" lon="3.70354">
        <ele>2.6</ele>
      </trkpt>
      <trkpt lat="43.4091" lon="3.70347">
        <ele>2.6</ele>
      </trkpt>
      <trkpt lat="43.40907" lon="3.70342">
        <ele>2.6</ele>
      </trkpt>
      <trkpt lat="43.40906" lon="3.70341">
        <ele>2.6</ele>
      </trkpt>
      <trkpt lat="43.40902" lon="3.70329">
        <ele>2.4</ele>
      </trkpt>
      <trkpt lat="43.40884" lon="3.70299">
        <ele>1.7</ele>
      </trkpt>
      <trkpt lat="43.40855" lon="3.70236">
        <ele>1.0</ele>
      </trkpt>
      <trkpt lat="43.40827" lon="3.70172">
        <ele>0.1</ele>
      </trkpt>
      <trkpt lat="43.40808" lon="3.70129">
        <ele>2.3</ele>
      </trkpt>
      <trkpt lat="43.40802" lon="3.70113">
        <ele>3.2</ele>
      </trkpt>
      <trkpt lat="43.40796" lon="3.70093">
        <ele>4.4</ele>
      </trkpt>
      <trkpt lat="43.40798" lon="3.70087">
        <ele>4.8</ele>
      </trkpt>
      <trkpt lat="43.40798" lon="3.70083">
        <ele>5.0</ele>
      </trkpt>
      <trkpt lat="43.40797" lon="3.70078">
        <ele>5.1</ele>
      </trkpt>
      <trkpt lat="43.40795" lon="3.70074">
        <ele>5.2</ele>
      </trkpt>
      <trkpt lat="43.40792" lon="3.70071">
        <ele>5.2</ele>
      </trkpt>
      <trkpt lat="43.40789" lon="3.70069">
        <ele>5.3</ele>
      </trkpt>
      <trkpt lat="43.40785" lon="3.70069">
        <ele>5.3</ele>
      </trkpt>
      <trkpt lat="43.40781" lon="3.70071">
        <ele>5.2</ele>
      </trkpt>
      <trkpt lat="43.40778" lon="3.70074">
        <ele>5.2</ele>
      </trkpt>
      <trkpt lat="43.40752" lon="3.70011">
        <ele>6.7</ele>
      </trkpt>
      <trkpt lat="43.40724" lon="3.69951">
        <ele>6.2</ele>
      </trkpt>
      <trkpt lat="43.40697" lon="3.69891">
        <ele>6.4</ele>
      </trkpt>
      <trkpt lat="43.40692" lon="3.69872">
        <ele>6.6</ele>
      </trkpt>
      <trkpt lat="43.40689" lon="3.69864">
        <ele>6.7</ele>
      </trkpt>
      <trkpt lat="43.40678" lon="3.69845">
        <ele>6.5</ele>
      </trkpt>
      <trkpt lat="43.40675" lon="3.69841">
        <ele>6.3</ele>
      </trkpt>
      <trkpt lat="43.40646" lon="3.6978">
        <ele>4.5</ele>
      </trkpt>
      <trkpt lat="43.40628" lon="3.69741">
        <ele>2.9</ele>
      </trkpt>
      <trkpt lat="43.40625" lon="3.69729">
        <ele>3.0</ele>
      </trkpt>
      <trkpt lat="43.40625" lon="3.69714">
        <ele>3.4</ele>
      </trkpt>
      <trkpt lat="43.40628" lon="3.69701">
        <ele>3.8</ele>
      </trkpt>
      <trkpt lat="43.40636" lon="3.69694">
        <ele>4.2</ele>
      </trkpt>
      <trkpt lat="43.40662" lon="3.69686">
        <ele>4.9</ele>
      </trkpt>
      <trkpt lat="43.40676" lon="3.69674">
        <ele>5.2</ele>
      </trkpt>
      <trkpt lat="43.40679" lon="3.6967">
        <ele>5.3</ele>
      </trkpt>
      <trkpt lat="43.40682" lon="3.69663">
        <ele>5.4</ele>
      </trkpt>
      <trkpt lat="43.40682" lon="3.69653">
        <ele>5.6</ele>
      </trkpt>
      <trkpt lat="43.4068" lon="3.6963">
        <ele>6.1</ele>
      </trkpt>
      <trkpt lat="43.40676" lon="3.69623">
        <ele>6.2</ele>
      </trkpt>
      <trkpt lat="43.40672" lon="3.69619">
        <ele>6.2</ele>
      </trkpt>
      <trkpt lat="43.40663" lon="3.69613">
        <ele>6.3</ele>
      </trkpt>
      <trkpt lat="43.40644" lon="3.69619">
        <ele>6.0</ele>
      </trkpt>
      <trkpt lat="43.40634" lon="3.6962">
        <ele>5.9</ele>
      </trkpt>
      <trkpt lat="43.40584" lon="3.69636">
        <ele>5.1</ele>
      </trkpt>
      <trkpt lat="43.40534" lon="3.69652">
        <ele>5.0</ele>
      </trkpt>
      <trkpt lat="43.40475" lon="3.69663">
        <ele>4.9</ele>
      </trkpt>
      <trkpt lat="43.40416" lon="3.69674">
        <ele>5.9</ele>
      </trkpt>
      <trkpt lat="43.40359" lon="3.69685">
        <ele>7.2</ele>
      </trkpt>
      <trkpt lat="43.40301" lon="3.69695">
        <ele>8.0</ele>
      </trkpt>
      <trkpt lat="43.40283" lon="3.69696">
        <ele>8.2</ele>
      </trkpt>
      <trkpt lat="43.4025" lon="3.69702">
        <ele>8.3</ele>
      </trkpt>
      <trkpt lat="43.40246" lon="3.697">
        <ele>8.3</ele>
      </trkpt>
      <trkpt lat="43.40243" lon="3.69696">
        <ele>8.5</ele>
      </trkpt>
      <trkpt lat="43.40242" lon="3.69689">
        <ele>8.8</ele>
      </trkpt>
      <trkpt lat="43.4024" lon="3.69687">
        <ele>8.9</ele>
      </trkpt>
      <trkpt lat="43.40207" lon="3.69676">
        <ele>9.3</ele>
      </trkpt>
      <trkpt lat="43.40169" lon="3.69665">
        <ele>10.0</ele>
      </trkpt>
      <trkpt lat="43.40164" lon="3.69571">
        <ele>13.7</ele>
      </trkpt>
      <trkpt lat="43.40136" lon="3.69575">
        <ele>14.2</ele>
      </trkpt>
      <trkpt lat="43.40137" lon="3.69579">
        <ele>14.0</ele>
      </trkpt>
      <trkpt lat="43.40142" lon="3.69578">
        <ele>13.9</ele>
      </trkpt>
    </trkseg>
  </trk>
</gpx>
