<?xml version="1.0" encoding="UTF-8"?>
<gpx xmlns:gpxdata="http://www.cluetrust.com/XML/GPXDATA/1/0" xmlns:xsi="http://www.w3.org/2001/XMLSchema-instance" xmlns="http://www.topografix.com/GPX/1/1" version="1.1" creator="http://ridewithgps.com/" xsi:schemaLocation="http://www.topografix.com/GPX/1/1 http://www.topografix.com/GPX/1/1/gpx.xsd http://www.cluetrust.com/XML/GPXDATA/1/0 http://www.cluetrust.com/Schemas/gpxdata10.xsd">
  <metadata>
    <name>Jour 10 - Besançon @ Dole</name>
    <link href="https://ridewithgps.com/routes/56222242">
      <text>Jour 10 - Besançon @ Dole</text>
    </link>
    <time>2026-07-20T08:04:30Z</time>
  </metadata>
  <trk>
    <name>Jour 10 - Besançon @ Dole</name>
    <trkseg>
      <trkpt lat="47.23712" lon="6.0253">
        <ele>253.9</ele>
      </trkpt>
      <trkpt lat="47.23705" lon="6.02517">
        <ele>253.8</ele>
      </trkpt>
      <trkpt lat="47.23718" lon="6.02502">
        <ele>254.2</ele>
      </trkpt>
      <trkpt lat="47.2377" lon="6.02432">
        <ele>253.4</ele>
      </trkpt>
      <trkpt lat="47.23768" lon="6.0243">
        <ele>253.3</ele>
      </trkpt>
      <trkpt lat="47.23713" lon="6.02504">
        <ele>254.1</ele>
      </trkpt>
      <trkpt lat="47.23702" lon="6.02517">
        <ele>253.8</ele>
      </trkpt>
      <trkpt lat="47.23714" lon="6.02545">
        <ele>253.8</ele>
      </trkpt>
      <trkpt lat="47.23702" lon="6.02517">
        <ele>253.8</ele>
      </trkpt>
      <trkpt lat="47.23673" lon="6.02547">
        <ele>253.1</ele>
      </trkpt>
      <trkpt lat="47.23649" lon="6.02576">
        <ele>252.7</ele>
      </trkpt>
      <trkpt lat="47.23638" lon="6.02591">
        <ele>252.5</ele>
      </trkpt>
      <trkpt lat="47.2361" lon="6.02643">
        <ele>251.9</ele>
      </trkpt>
      <trkpt lat="47.23602" lon="6.02636">
        <ele>251.9</ele>
      </trkpt>
      <trkpt lat="47.23574" lon="6.02596">
        <ele>251.8</ele>
      </trkpt>
      <trkpt lat="47.23536" lon="6.02542">
        <ele>250.7</ele>
      </trkpt>
      <trkpt lat="47.23498" lon="6.02489">
        <ele>251.0</ele>
      </trkpt>
      <trkpt lat="47.23492" lon="6.02478">
        <ele>250.9</ele>
      </trkpt>
      <trkpt lat="47.23446" lon="6.02413">
        <ele>249.4</ele>
      </trkpt>
      <trkpt lat="47.23401" lon="6.02348">
        <ele>248.5</ele>
      </trkpt>
      <trkpt lat="47.23352" lon="6.02279">
        <ele>245.9</ele>
      </trkpt>
      <trkpt lat="47.23341" lon="6.02264">
        <ele>245.4</ele>
      </trkpt>
      <trkpt lat="47.23327" lon="6.02284">
        <ele>245.6</ele>
      </trkpt>
      <trkpt lat="47.23281" lon="6.02373">
        <ele>244.0</ele>
      </trkpt>
      <trkpt lat="47.23235" lon="6.02462">
        <ele>243.5</ele>
      </trkpt>
      <trkpt lat="47.23188" lon="6.02551">
        <ele>243.8</ele>
      </trkpt>
      <trkpt lat="47.23142" lon="6.0264">
        <ele>245.4</ele>
      </trkpt>
      <trkpt lat="47.23097" lon="6.02725">
        <ele>246.1</ele>
      </trkpt>
      <trkpt lat="47.23091" lon="6.02733">
        <ele>245.6</ele>
      </trkpt>
      <trkpt lat="47.23089" lon="6.02736">
        <ele>245.5</ele>
      </trkpt>
      <trkpt lat="47.23082" lon="6.02753">
        <ele>245.0</ele>
      </trkpt>
      <trkpt lat="47.23078" lon="6.02755">
        <ele>244.7</ele>
      </trkpt>
      <trkpt lat="47.23077" lon="6.02755">
        <ele>244.6</ele>
      </trkpt>
      <trkpt lat="47.23078" lon="6.0276">
        <ele>244.9</ele>
      </trkpt>
      <trkpt lat="47.23077" lon="6.02766">
        <ele>245.1</ele>
      </trkpt>
      <trkpt lat="47.23074" lon="6.02776">
        <ele>245.2</ele>
      </trkpt>
      <trkpt lat="47.23066" lon="6.02794">
        <ele>245.0</ele>
      </trkpt>
      <trkpt lat="47.23061" lon="6.02808">
        <ele>244.9</ele>
      </trkpt>
      <trkpt lat="47.23051" lon="6.02823">
        <ele>244.1</ele>
      </trkpt>
      <trkpt lat="47.23048" lon="6.02822">
        <ele>243.6</ele>
      </trkpt>
      <trkpt lat="47.23045" lon="6.02823">
        <ele>243.2</ele>
      </trkpt>
      <trkpt lat="47.23043" lon="6.02825">
        <ele>242.9</ele>
      </trkpt>
      <trkpt lat="47.23033" lon="6.02849">
        <ele>242.8</ele>
      </trkpt>
      <trkpt lat="47.22999" lon="6.02966">
        <ele>243.5</ele>
      </trkpt>
      <trkpt lat="47.22988" lon="6.03008">
        <ele>246.2</ele>
      </trkpt>
      <trkpt lat="47.22988" lon="6.03013">
        <ele>246.8</ele>
      </trkpt>
      <trkpt lat="47.22989" lon="6.03018">
        <ele>247.7</ele>
      </trkpt>
      <trkpt lat="47.22992" lon="6.03025">
        <ele>249.1</ele>
      </trkpt>
      <trkpt lat="47.22983" lon="6.03053">
        <ele>251.7</ele>
      </trkpt>
      <trkpt lat="47.22979" lon="6.03064">
        <ele>252.5</ele>
      </trkpt>
      <trkpt lat="47.22975" lon="6.03072">
        <ele>252.7</ele>
      </trkpt>
      <trkpt lat="47.22969" lon="6.03082">
        <ele>252.4</ele>
      </trkpt>
      <trkpt lat="47.22957" lon="6.03095">
        <ele>253.2</ele>
      </trkpt>
      <trkpt lat="47.22898" lon="6.0314">
        <ele>247.6</ele>
      </trkpt>
      <trkpt lat="47.22839" lon="6.03184">
        <ele>247.0</ele>
      </trkpt>
      <trkpt lat="47.22783" lon="6.03225">
        <ele>249.9</ele>
      </trkpt>
      <trkpt lat="47.22763" lon="6.03234">
        <ele>249.2</ele>
      </trkpt>
      <trkpt lat="47.22762" lon="6.03229">
        <ele>248.2</ele>
      </trkpt>
      <trkpt lat="47.22759" lon="6.03223">
        <ele>247.0</ele>
      </trkpt>
      <trkpt lat="47.22751" lon="6.03224">
        <ele>246.4</ele>
      </trkpt>
      <trkpt lat="47.22714" lon="6.03239">
        <ele>246.8</ele>
      </trkpt>
      <trkpt lat="47.22675" lon="6.03253">
        <ele>246.8</ele>
      </trkpt>
      <trkpt lat="47.22668" lon="6.03253">
        <ele>246.4</ele>
      </trkpt>
      <trkpt lat="47.22643" lon="6.03259">
        <ele>252.7</ele>
      </trkpt>
      <trkpt lat="47.22612" lon="6.03264">
        <ele>258.1</ele>
      </trkpt>
      <trkpt lat="47.22594" lon="6.0326">
        <ele>259.4</ele>
      </trkpt>
      <trkpt lat="47.22577" lon="6.0325">
        <ele>258.5</ele>
      </trkpt>
      <trkpt lat="47.22563" lon="6.03238">
        <ele>255.7</ele>
      </trkpt>
      <trkpt lat="47.22537" lon="6.0321">
        <ele>250.7</ele>
      </trkpt>
      <trkpt lat="47.2252" lon="6.03193">
        <ele>248.1</ele>
      </trkpt>
      <trkpt lat="47.22512" lon="6.03189">
        <ele>247.3</ele>
      </trkpt>
      <trkpt lat="47.2248" lon="6.03179">
        <ele>246.6</ele>
      </trkpt>
      <trkpt lat="47.22468" lon="6.03175">
        <ele>246.3</ele>
      </trkpt>
      <trkpt lat="47.22456" lon="6.0317">
        <ele>245.5</ele>
      </trkpt>
      <trkpt lat="47.22382" lon="6.0313">
        <ele>246.0</ele>
      </trkpt>
      <trkpt lat="47.22308" lon="6.0309">
        <ele>242.2</ele>
      </trkpt>
      <trkpt lat="47.2224" lon="6.0305">
        <ele>240.6</ele>
      </trkpt>
      <trkpt lat="47.22172" lon="6.03011">
        <ele>240.8</ele>
      </trkpt>
      <trkpt lat="47.22152" lon="6.02998">
        <ele>240.3</ele>
      </trkpt>
      <trkpt lat="47.22123" lon="6.0297">
        <ele>240.1</ele>
      </trkpt>
      <trkpt lat="47.22101" lon="6.02945">
        <ele>239.0</ele>
      </trkpt>
      <trkpt lat="47.22073" lon="6.02903">
        <ele>237.5</ele>
      </trkpt>
      <trkpt lat="47.2204" lon="6.02844">
        <ele>237.3</ele>
      </trkpt>
      <trkpt lat="47.22027" lon="6.02819">
        <ele>237.1</ele>
      </trkpt>
      <trkpt lat="47.22018" lon="6.02793">
        <ele>237.3</ele>
      </trkpt>
      <trkpt lat="47.22012" lon="6.02772">
        <ele>237.5</ele>
      </trkpt>
      <trkpt lat="47.21998" lon="6.02703">
        <ele>238.1</ele>
      </trkpt>
      <trkpt lat="47.21991" lon="6.02659">
        <ele>238.2</ele>
      </trkpt>
      <trkpt lat="47.21976" lon="6.0254">
        <ele>237.4</ele>
      </trkpt>
      <trkpt lat="47.21974" lon="6.02517">
        <ele>237.4</ele>
      </trkpt>
      <trkpt lat="47.21966" lon="6.02453">
        <ele>238.5</ele>
      </trkpt>
      <trkpt lat="47.21958" lon="6.02413">
        <ele>239.3</ele>
      </trkpt>
      <trkpt lat="47.21938" lon="6.02356">
        <ele>236.3</ele>
      </trkpt>
      <trkpt lat="47.21902" lon="6.0227">
        <ele>235.3</ele>
      </trkpt>
      <trkpt lat="47.21854" lon="6.0216">
        <ele>236.0</ele>
      </trkpt>
      <trkpt lat="47.21806" lon="6.0205">
        <ele>237.2</ele>
      </trkpt>
      <trkpt lat="47.21776" lon="6.01976">
        <ele>238.6</ele>
      </trkpt>
      <trkpt lat="47.21745" lon="6.01902">
        <ele>241.6</ele>
      </trkpt>
      <trkpt lat="47.21742" lon="6.01878">
        <ele>242.4</ele>
      </trkpt>
      <trkpt lat="47.21732" lon="6.01848">
        <ele>246.0</ele>
      </trkpt>
      <trkpt lat="47.21721" lon="6.01812">
        <ele>249.8</ele>
      </trkpt>
      <trkpt lat="47.21712" lon="6.01765">
        <ele>252.8</ele>
      </trkpt>
      <trkpt lat="47.21704" lon="6.01673">
        <ele>255.4</ele>
      </trkpt>
      <trkpt lat="47.21695" lon="6.01592">
        <ele>256.7</ele>
      </trkpt>
      <trkpt lat="47.21688" lon="6.01463">
        <ele>254.2</ele>
      </trkpt>
      <trkpt lat="47.21679" lon="6.0137">
        <ele>251.2</ele>
      </trkpt>
      <trkpt lat="47.2167" lon="6.01278">
        <ele>246.4</ele>
      </trkpt>
      <trkpt lat="47.21664" lon="6.01184">
        <ele>243.7</ele>
      </trkpt>
      <trkpt lat="47.21662" lon="6.011">
        <ele>241.5</ele>
      </trkpt>
      <trkpt lat="47.21657" lon="6.01024">
        <ele>240.2</ele>
      </trkpt>
      <trkpt lat="47.21651" lon="6.00949">
        <ele>239.9</ele>
      </trkpt>
      <trkpt lat="47.21652" lon="6.00924">
        <ele>239.6</ele>
      </trkpt>
      <trkpt lat="47.21649" lon="6.00857">
        <ele>237.0</ele>
      </trkpt>
      <trkpt lat="47.21646" lon="6.00829">
        <ele>235.9</ele>
      </trkpt>
      <trkpt lat="47.21644" lon="6.00767">
        <ele>235.1</ele>
      </trkpt>
      <trkpt lat="47.2164" lon="6.00704">
        <ele>234.8</ele>
      </trkpt>
      <trkpt lat="47.21631" lon="6.00635">
        <ele>234.3</ele>
      </trkpt>
      <trkpt lat="47.21623" lon="6.00567">
        <ele>233.4</ele>
      </trkpt>
      <trkpt lat="47.2161" lon="6.00492">
        <ele>233.2</ele>
      </trkpt>
      <trkpt lat="47.21596" lon="6.00422">
        <ele>234.1</ele>
      </trkpt>
      <trkpt lat="47.21586" lon="6.00389">
        <ele>234.1</ele>
      </trkpt>
      <trkpt lat="47.21577" lon="6.00366">
        <ele>234.1</ele>
      </trkpt>
      <trkpt lat="47.21567" lon="6.00347">
        <ele>234.2</ele>
      </trkpt>
      <trkpt lat="47.21537" lon="6.00301">
        <ele>234.3</ele>
      </trkpt>
      <trkpt lat="47.21496" lon="6.00244">
        <ele>233.2</ele>
      </trkpt>
      <trkpt lat="47.21456" lon="6.00191">
        <ele>234.9</ele>
      </trkpt>
      <trkpt lat="47.21417" lon="6.00138">
        <ele>235.7</ele>
      </trkpt>
      <trkpt lat="47.21364" lon="6.00079">
        <ele>234.4</ele>
      </trkpt>
      <trkpt lat="47.21318" lon="6.00032">
        <ele>233.3</ele>
      </trkpt>
      <trkpt lat="47.21272" lon="5.99987">
        <ele>233.5</ele>
      </trkpt>
      <trkpt lat="47.21218" lon="5.99931">
        <ele>231.0</ele>
      </trkpt>
      <trkpt lat="47.21163" lon="5.99875">
        <ele>231.2</ele>
      </trkpt>
      <trkpt lat="47.21124" lon="5.99838">
        <ele>232.6</ele>
      </trkpt>
      <trkpt lat="47.21085" lon="5.998">
        <ele>233.6</ele>
      </trkpt>
      <trkpt lat="47.21039" lon="5.99758">
        <ele>232.6</ele>
      </trkpt>
      <trkpt lat="47.20997" lon="5.99717">
        <ele>230.9</ele>
      </trkpt>
      <trkpt lat="47.20981" lon="5.99699">
        <ele>231.2</ele>
      </trkpt>
      <trkpt lat="47.20974" lon="5.99691">
        <ele>231.4</ele>
      </trkpt>
      <trkpt lat="47.20943" lon="5.99653">
        <ele>232.7</ele>
      </trkpt>
      <trkpt lat="47.20924" lon="5.99631">
        <ele>233.3</ele>
      </trkpt>
      <trkpt lat="47.20899" lon="5.99609">
        <ele>233.2</ele>
      </trkpt>
      <trkpt lat="47.20882" lon="5.99599">
        <ele>233.2</ele>
      </trkpt>
      <trkpt lat="47.20815" lon="5.99569">
        <ele>233.6</ele>
      </trkpt>
      <trkpt lat="47.20798" lon="5.99561">
        <ele>233.4</ele>
      </trkpt>
      <trkpt lat="47.2078" lon="5.9955">
        <ele>233.2</ele>
      </trkpt>
      <trkpt lat="47.20749" lon="5.99535">
        <ele>233.0</ele>
      </trkpt>
      <trkpt lat="47.20712" lon="5.99523">
        <ele>233.8</ele>
      </trkpt>
      <trkpt lat="47.20675" lon="5.99509">
        <ele>234.7</ele>
      </trkpt>
      <trkpt lat="47.20672" lon="5.99512">
        <ele>234.7</ele>
      </trkpt>
      <trkpt lat="47.20671" lon="5.99527">
        <ele>234.6</ele>
      </trkpt>
      <trkpt lat="47.20666" lon="5.9955">
        <ele>234.4</ele>
      </trkpt>
      <trkpt lat="47.20657" lon="5.99583">
        <ele>234.1</ele>
      </trkpt>
      <trkpt lat="47.20623" lon="5.99559">
        <ele>235.1</ele>
      </trkpt>
      <trkpt lat="47.20558" lon="5.99534">
        <ele>236.3</ele>
      </trkpt>
      <trkpt lat="47.20494" lon="5.99508">
        <ele>234.8</ele>
      </trkpt>
      <trkpt lat="47.20474" lon="5.99499">
        <ele>234.1</ele>
      </trkpt>
      <trkpt lat="47.20452" lon="5.99486">
        <ele>233.4</ele>
      </trkpt>
      <trkpt lat="47.20446" lon="5.99481">
        <ele>233.2</ele>
      </trkpt>
      <trkpt lat="47.20436" lon="5.99476">
        <ele>232.9</ele>
      </trkpt>
      <trkpt lat="47.20413" lon="5.99469">
        <ele>232.5</ele>
      </trkpt>
      <trkpt lat="47.20343" lon="5.99444">
        <ele>235.7</ele>
      </trkpt>
      <trkpt lat="47.20277" lon="5.99413">
        <ele>235.0</ele>
      </trkpt>
      <trkpt lat="47.20233" lon="5.99386">
        <ele>235.9</ele>
      </trkpt>
      <trkpt lat="47.20185" lon="5.99346">
        <ele>238.7</ele>
      </trkpt>
      <trkpt lat="47.20144" lon="5.99307">
        <ele>243.9</ele>
      </trkpt>
      <trkpt lat="47.20125" lon="5.99296">
        <ele>246.6</ele>
      </trkpt>
      <trkpt lat="47.20111" lon="5.99273">
        <ele>246.1</ele>
      </trkpt>
      <trkpt lat="47.20099" lon="5.9926">
        <ele>245.5</ele>
      </trkpt>
      <trkpt lat="47.20064" lon="5.992">
        <ele>249.3</ele>
      </trkpt>
      <trkpt lat="47.20042" lon="5.99155">
        <ele>249.7</ele>
      </trkpt>
      <trkpt lat="47.20031" lon="5.99123">
        <ele>247.3</ele>
      </trkpt>
      <trkpt lat="47.20029" lon="5.99111">
        <ele>245.6</ele>
      </trkpt>
      <trkpt lat="47.2003" lon="5.99098">
        <ele>243.1</ele>
      </trkpt>
      <trkpt lat="47.20031" lon="5.99066">
        <ele>239.0</ele>
      </trkpt>
      <trkpt lat="47.20028" lon="5.99052">
        <ele>238.1</ele>
      </trkpt>
      <trkpt lat="47.2" lon="5.98988">
        <ele>234.6</ele>
      </trkpt>
      <trkpt lat="47.19969" lon="5.98908">
        <ele>237.3</ele>
      </trkpt>
      <trkpt lat="47.19962" lon="5.98879">
        <ele>236.2</ele>
      </trkpt>
      <trkpt lat="47.19924" lon="5.98783">
        <ele>233.3</ele>
      </trkpt>
      <trkpt lat="47.19887" lon="5.98687">
        <ele>237.7</ele>
      </trkpt>
      <trkpt lat="47.1985" lon="5.98591">
        <ele>238.6</ele>
      </trkpt>
      <trkpt lat="47.1984" lon="5.98564">
        <ele>238.0</ele>
      </trkpt>
      <trkpt lat="47.19833" lon="5.98547">
        <ele>238.0</ele>
      </trkpt>
      <trkpt lat="47.19819" lon="5.98506">
        <ele>243.1</ele>
      </trkpt>
      <trkpt lat="47.19804" lon="5.98444">
        <ele>250.5</ele>
      </trkpt>
      <trkpt lat="47.19803" lon="5.98385">
        <ele>250.0</ele>
      </trkpt>
      <trkpt lat="47.19806" lon="5.98355">
        <ele>247.5</ele>
      </trkpt>
      <trkpt lat="47.19812" lon="5.98321">
        <ele>246.0</ele>
      </trkpt>
      <trkpt lat="47.19823" lon="5.98282">
        <ele>248.2</ele>
      </trkpt>
      <trkpt lat="47.19823" lon="5.98268">
        <ele>250.5</ele>
      </trkpt>
      <trkpt lat="47.19829" lon="5.98261">
        <ele>250.1</ele>
      </trkpt>
      <trkpt lat="47.19844" lon="5.98232">
        <ele>252.1</ele>
      </trkpt>
      <trkpt lat="47.19852" lon="5.98212">
        <ele>253.5</ele>
      </trkpt>
      <trkpt lat="47.19859" lon="5.98187">
        <ele>255.3</ele>
      </trkpt>
      <trkpt lat="47.19861" lon="5.9817">
        <ele>256.7</ele>
      </trkpt>
      <trkpt lat="47.19864" lon="5.9813">
        <ele>258.2</ele>
      </trkpt>
      <trkpt lat="47.19871" lon="5.98093">
        <ele>257.4</ele>
      </trkpt>
      <trkpt lat="47.19884" lon="5.98013">
        <ele>250.6</ele>
      </trkpt>
      <trkpt lat="47.1989" lon="5.97911">
        <ele>244.9</ele>
      </trkpt>
      <trkpt lat="47.19895" lon="5.97809">
        <ele>245.5</ele>
      </trkpt>
      <trkpt lat="47.199" lon="5.97678">
        <ele>247.7</ele>
      </trkpt>
      <trkpt lat="47.19906" lon="5.97546">
        <ele>244.9</ele>
      </trkpt>
      <trkpt lat="47.19911" lon="5.97415">
        <ele>242.6</ele>
      </trkpt>
      <trkpt lat="47.19917" lon="5.97317">
        <ele>241.0</ele>
      </trkpt>
      <trkpt lat="47.19922" lon="5.97218">
        <ele>241.2</ele>
      </trkpt>
      <trkpt lat="47.19928" lon="5.97119">
        <ele>239.1</ele>
      </trkpt>
      <trkpt lat="47.19929" lon="5.97024">
        <ele>236.0</ele>
      </trkpt>
      <trkpt lat="47.1993" lon="5.96929">
        <ele>234.2</ele>
      </trkpt>
      <trkpt lat="47.19927" lon="5.96874">
        <ele>234.4</ele>
      </trkpt>
      <trkpt lat="47.19919" lon="5.96837">
        <ele>234.9</ele>
      </trkpt>
      <trkpt lat="47.19903" lon="5.96771">
        <ele>235.3</ele>
      </trkpt>
      <trkpt lat="47.19897" lon="5.96726">
        <ele>235.6</ele>
      </trkpt>
      <trkpt lat="47.19897" lon="5.96677">
        <ele>235.9</ele>
      </trkpt>
      <trkpt lat="47.19898" lon="5.96642">
        <ele>236.9</ele>
      </trkpt>
      <trkpt lat="47.19905" lon="5.966">
        <ele>237.9</ele>
      </trkpt>
      <trkpt lat="47.19905" lon="5.9648">
        <ele>240.2</ele>
      </trkpt>
      <trkpt lat="47.19903" lon="5.9646">
        <ele>240.5</ele>
      </trkpt>
      <trkpt lat="47.19899" lon="5.96439">
        <ele>241.2</ele>
      </trkpt>
      <trkpt lat="47.19899" lon="5.96398">
        <ele>240.6</ele>
      </trkpt>
      <trkpt lat="47.19901" lon="5.96314">
        <ele>237.4</ele>
      </trkpt>
      <trkpt lat="47.19904" lon="5.9623">
        <ele>234.6</ele>
      </trkpt>
      <trkpt lat="47.19902" lon="5.96168">
        <ele>232.7</ele>
      </trkpt>
      <trkpt lat="47.19897" lon="5.96132">
        <ele>232.9</ele>
      </trkpt>
      <trkpt lat="47.19891" lon="5.96107">
        <ele>233.0</ele>
      </trkpt>
      <trkpt lat="47.19885" lon="5.96094">
        <ele>233.2</ele>
      </trkpt>
      <trkpt lat="47.19853" lon="5.96035">
        <ele>234.1</ele>
      </trkpt>
      <trkpt lat="47.19822" lon="5.95977">
        <ele>233.3</ele>
      </trkpt>
      <trkpt lat="47.1981" lon="5.95963">
        <ele>233.0</ele>
      </trkpt>
      <trkpt lat="47.19792" lon="5.95951">
        <ele>232.6</ele>
      </trkpt>
      <trkpt lat="47.19776" lon="5.95945">
        <ele>232.4</ele>
      </trkpt>
      <trkpt lat="47.1975" lon="5.95941">
        <ele>232.3</ele>
      </trkpt>
      <trkpt lat="47.19683" lon="5.95937">
        <ele>232.8</ele>
      </trkpt>
      <trkpt lat="47.19615" lon="5.95933">
        <ele>234.6</ele>
      </trkpt>
      <trkpt lat="47.19548" lon="5.95929">
        <ele>236.2</ele>
      </trkpt>
      <trkpt lat="47.1948" lon="5.95925">
        <ele>236.4</ele>
      </trkpt>
      <trkpt lat="47.19455" lon="5.95929">
        <ele>236.0</ele>
      </trkpt>
      <trkpt lat="47.19437" lon="5.95934">
        <ele>235.9</ele>
      </trkpt>
      <trkpt lat="47.19414" lon="5.95947">
        <ele>236.1</ele>
      </trkpt>
      <trkpt lat="47.19391" lon="5.95963">
        <ele>236.1</ele>
      </trkpt>
      <trkpt lat="47.19374" lon="5.95981">
        <ele>235.6</ele>
      </trkpt>
      <trkpt lat="47.19361" lon="5.95999">
        <ele>234.7</ele>
      </trkpt>
      <trkpt lat="47.19308" lon="5.96082">
        <ele>234.3</ele>
      </trkpt>
      <trkpt lat="47.19254" lon="5.96166">
        <ele>233.2</ele>
      </trkpt>
      <trkpt lat="47.19207" lon="5.96242">
        <ele>233.4</ele>
      </trkpt>
      <trkpt lat="47.19159" lon="5.96319">
        <ele>235.3</ele>
      </trkpt>
      <trkpt lat="47.19135" lon="5.96353">
        <ele>237.0</ele>
      </trkpt>
      <trkpt lat="47.19105" lon="5.96386">
        <ele>239.1</ele>
      </trkpt>
      <trkpt lat="47.19072" lon="5.96414">
        <ele>240.3</ele>
      </trkpt>
      <trkpt lat="47.19036" lon="5.9643">
        <ele>242.3</ele>
      </trkpt>
      <trkpt lat="47.19006" lon="5.96437">
        <ele>243.1</ele>
      </trkpt>
      <trkpt lat="47.18979" lon="5.9644">
        <ele>245.5</ele>
      </trkpt>
      <trkpt lat="47.18926" lon="5.96435">
        <ele>248.7</ele>
      </trkpt>
      <trkpt lat="47.18882" lon="5.96428">
        <ele>253.3</ele>
      </trkpt>
      <trkpt lat="47.18849" lon="5.9642">
        <ele>255.6</ele>
      </trkpt>
      <trkpt lat="47.18822" lon="5.9641">
        <ele>259.1</ele>
      </trkpt>
      <trkpt lat="47.18796" lon="5.96397">
        <ele>263.3</ele>
      </trkpt>
      <trkpt lat="47.18758" lon="5.96372">
        <ele>263.0</ele>
      </trkpt>
      <trkpt lat="47.18697" lon="5.96328">
        <ele>260.3</ele>
      </trkpt>
      <trkpt lat="47.18656" lon="5.96286">
        <ele>259.3</ele>
      </trkpt>
      <trkpt lat="47.18606" lon="5.96215">
        <ele>259.8</ele>
      </trkpt>
      <trkpt lat="47.18553" lon="5.96123">
        <ele>254.8</ele>
      </trkpt>
      <trkpt lat="47.18501" lon="5.96031">
        <ele>250.0</ele>
      </trkpt>
      <trkpt lat="47.18448" lon="5.95939">
        <ele>257.0</ele>
      </trkpt>
      <trkpt lat="47.18396" lon="5.95847">
        <ele>250.9</ele>
      </trkpt>
      <trkpt lat="47.18344" lon="5.95755">
        <ele>242.3</ele>
      </trkpt>
      <trkpt lat="47.18291" lon="5.95663">
        <ele>238.8</ele>
      </trkpt>
      <trkpt lat="47.18269" lon="5.95623">
        <ele>237.6</ele>
      </trkpt>
      <trkpt lat="47.18255" lon="5.95581">
        <ele>233.9</ele>
      </trkpt>
      <trkpt lat="47.18227" lon="5.9547">
        <ele>233.7</ele>
      </trkpt>
      <trkpt lat="47.182" lon="5.95359">
        <ele>233.3</ele>
      </trkpt>
      <trkpt lat="47.18172" lon="5.95248">
        <ele>232.2</ele>
      </trkpt>
      <trkpt lat="47.18145" lon="5.95137">
        <ele>233.7</ele>
      </trkpt>
      <trkpt lat="47.18118" lon="5.95027">
        <ele>233.0</ele>
      </trkpt>
      <trkpt lat="47.18098" lon="5.94942">
        <ele>231.9</ele>
      </trkpt>
      <trkpt lat="47.18077" lon="5.94858">
        <ele>231.3</ele>
      </trkpt>
      <trkpt lat="47.18057" lon="5.94773">
        <ele>229.8</ele>
      </trkpt>
      <trkpt lat="47.18037" lon="5.94705">
        <ele>229.4</ele>
      </trkpt>
      <trkpt lat="47.18024" lon="5.94675">
        <ele>229.3</ele>
      </trkpt>
      <trkpt lat="47.18001" lon="5.94641">
        <ele>228.4</ele>
      </trkpt>
      <trkpt lat="47.17961" lon="5.94594">
        <ele>227.8</ele>
      </trkpt>
      <trkpt lat="47.17935" lon="5.9456">
        <ele>228.9</ele>
      </trkpt>
      <trkpt lat="47.17879" lon="5.94477">
        <ele>230.8</ele>
      </trkpt>
      <trkpt lat="47.17855" lon="5.9445">
        <ele>230.5</ele>
      </trkpt>
      <trkpt lat="47.17816" lon="5.94414">
        <ele>228.8</ele>
      </trkpt>
      <trkpt lat="47.17807" lon="5.94405">
        <ele>228.6</ele>
      </trkpt>
      <trkpt lat="47.17762" lon="5.94366">
        <ele>226.7</ele>
      </trkpt>
      <trkpt lat="47.17722" lon="5.94342">
        <ele>226.1</ele>
      </trkpt>
      <trkpt lat="47.1768" lon="5.94312">
        <ele>226.8</ele>
      </trkpt>
      <trkpt lat="47.17638" lon="5.94283">
        <ele>230.6</ele>
      </trkpt>
      <trkpt lat="47.17599" lon="5.94255">
        <ele>232.4</ele>
      </trkpt>
      <trkpt lat="47.17545" lon="5.94205">
        <ele>243.6</ele>
      </trkpt>
      <trkpt lat="47.17519" lon="5.94166">
        <ele>245.8</ele>
      </trkpt>
      <trkpt lat="47.17491" lon="5.9411">
        <ele>246.7</ele>
      </trkpt>
      <trkpt lat="47.17463" lon="5.94054">
        <ele>252.2</ele>
      </trkpt>
      <trkpt lat="47.17445" lon="5.93995">
        <ele>250.4</ele>
      </trkpt>
      <trkpt lat="47.17423" lon="5.93916">
        <ele>244.5</ele>
      </trkpt>
      <trkpt lat="47.17402" lon="5.93837">
        <ele>248.0</ele>
      </trkpt>
      <trkpt lat="47.17387" lon="5.93763">
        <ele>244.7</ele>
      </trkpt>
      <trkpt lat="47.17371" lon="5.93688">
        <ele>238.7</ele>
      </trkpt>
      <trkpt lat="47.17328" lon="5.93574">
        <ele>234.1</ele>
      </trkpt>
      <trkpt lat="47.17285" lon="5.9346">
        <ele>242.1</ele>
      </trkpt>
      <trkpt lat="47.17261" lon="5.93398">
        <ele>236.6</ele>
      </trkpt>
      <trkpt lat="47.17247" lon="5.9336">
        <ele>235.2</ele>
      </trkpt>
      <trkpt lat="47.17231" lon="5.9331">
        <ele>236.6</ele>
      </trkpt>
      <trkpt lat="47.17201" lon="5.93206">
        <ele>232.8</ele>
      </trkpt>
      <trkpt lat="47.1718" lon="5.93129">
        <ele>229.7</ele>
      </trkpt>
      <trkpt lat="47.17159" lon="5.93052">
        <ele>229.3</ele>
      </trkpt>
      <trkpt lat="47.17142" lon="5.92958">
        <ele>227.8</ele>
      </trkpt>
      <trkpt lat="47.17126" lon="5.92864">
        <ele>227.3</ele>
      </trkpt>
      <trkpt lat="47.17115" lon="5.92771">
        <ele>227.3</ele>
      </trkpt>
      <trkpt lat="47.17104" lon="5.92678">
        <ele>227.9</ele>
      </trkpt>
      <trkpt lat="47.17093" lon="5.92585">
        <ele>226.1</ele>
      </trkpt>
      <trkpt lat="47.17092" lon="5.9257">
        <ele>226.3</ele>
      </trkpt>
      <trkpt lat="47.17085" lon="5.92482">
        <ele>227.0</ele>
      </trkpt>
      <trkpt lat="47.17078" lon="5.92394">
        <ele>227.6</ele>
      </trkpt>
      <trkpt lat="47.17071" lon="5.92306">
        <ele>228.5</ele>
      </trkpt>
      <trkpt lat="47.17067" lon="5.92209">
        <ele>227.9</ele>
      </trkpt>
      <trkpt lat="47.17063" lon="5.92113">
        <ele>228.2</ele>
      </trkpt>
      <trkpt lat="47.17059" lon="5.92016">
        <ele>226.7</ele>
      </trkpt>
      <trkpt lat="47.1706" lon="5.91923">
        <ele>226.3</ele>
      </trkpt>
      <trkpt lat="47.17062" lon="5.9183">
        <ele>227.3</ele>
      </trkpt>
      <trkpt lat="47.1706" lon="5.91774">
        <ele>227.3</ele>
      </trkpt>
      <trkpt lat="47.17043" lon="5.91696">
        <ele>226.8</ele>
      </trkpt>
      <trkpt lat="47.17025" lon="5.91619">
        <ele>226.1</ele>
      </trkpt>
      <trkpt lat="47.17005" lon="5.91546">
        <ele>225.9</ele>
      </trkpt>
      <trkpt lat="47.16987" lon="5.91494">
        <ele>227.3</ele>
      </trkpt>
      <trkpt lat="47.16987" lon="5.91491">
        <ele>227.4</ele>
      </trkpt>
      <trkpt lat="47.16988" lon="5.91483">
        <ele>227.6</ele>
      </trkpt>
      <trkpt lat="47.1699" lon="5.9148">
        <ele>227.6</ele>
      </trkpt>
      <trkpt lat="47.16995" lon="5.91477">
        <ele>227.6</ele>
      </trkpt>
      <trkpt lat="47.17011" lon="5.91468">
        <ele>227.5</ele>
      </trkpt>
      <trkpt lat="47.17015" lon="5.91464">
        <ele>227.4</ele>
      </trkpt>
      <trkpt lat="47.17017" lon="5.91458">
        <ele>227.4</ele>
      </trkpt>
      <trkpt lat="47.17019" lon="5.91451">
        <ele>227.4</ele>
      </trkpt>
      <trkpt lat="47.17018" lon="5.91444">
        <ele>227.5</ele>
      </trkpt>
      <trkpt lat="47.17016" lon="5.91437">
        <ele>227.7</ele>
      </trkpt>
      <trkpt lat="47.16997" lon="5.91401">
        <ele>229.3</ele>
      </trkpt>
      <trkpt lat="47.16991" lon="5.91381">
        <ele>229.8</ele>
      </trkpt>
      <trkpt lat="47.16985" lon="5.91351">
        <ele>230.8</ele>
      </trkpt>
      <trkpt lat="47.16984" lon="5.91333">
        <ele>231.2</ele>
      </trkpt>
      <trkpt lat="47.16984" lon="5.91312">
        <ele>231.7</ele>
      </trkpt>
      <trkpt lat="47.16987" lon="5.91277">
        <ele>231.9</ele>
      </trkpt>
      <trkpt lat="47.16992" lon="5.91248">
        <ele>231.2</ele>
      </trkpt>
      <trkpt lat="47.17008" lon="5.91177">
        <ele>234.4</ele>
      </trkpt>
      <trkpt lat="47.17034" lon="5.91082">
        <ele>240.2</ele>
      </trkpt>
      <trkpt lat="47.17062" lon="5.90989">
        <ele>243.6</ele>
      </trkpt>
      <trkpt lat="47.17087" lon="5.90917">
        <ele>239.5</ele>
      </trkpt>
      <trkpt lat="47.1711" lon="5.90859">
        <ele>240.9</ele>
      </trkpt>
      <trkpt lat="47.17114" lon="5.9085">
        <ele>240.5</ele>
      </trkpt>
      <trkpt lat="47.17123" lon="5.90839">
        <ele>239.2</ele>
      </trkpt>
      <trkpt lat="47.17136" lon="5.90825">
        <ele>237.1</ele>
      </trkpt>
      <trkpt lat="47.17143" lon="5.90809">
        <ele>237.1</ele>
      </trkpt>
      <trkpt lat="47.17173" lon="5.90703">
        <ele>242.9</ele>
      </trkpt>
      <trkpt lat="47.17189" lon="5.90664">
        <ele>243.9</ele>
      </trkpt>
      <trkpt lat="47.17245" lon="5.90581">
        <ele>244.4</ele>
      </trkpt>
      <trkpt lat="47.1726" lon="5.90564">
        <ele>245.5</ele>
      </trkpt>
      <trkpt lat="47.17261" lon="5.90559">
        <ele>245.9</ele>
      </trkpt>
      <trkpt lat="47.1726" lon="5.90553">
        <ele>246.4</ele>
      </trkpt>
      <trkpt lat="47.17235" lon="5.90492">
        <ele>247.9</ele>
      </trkpt>
      <trkpt lat="47.17232" lon="5.90489">
        <ele>247.5</ele>
      </trkpt>
      <trkpt lat="47.17229" lon="5.90487">
        <ele>247.0</ele>
      </trkpt>
      <trkpt lat="47.17218" lon="5.90482">
        <ele>245.4</ele>
      </trkpt>
      <trkpt lat="47.17207" lon="5.90482">
        <ele>244.0</ele>
      </trkpt>
      <trkpt lat="47.17191" lon="5.90487">
        <ele>242.5</ele>
      </trkpt>
      <trkpt lat="47.17184" lon="5.90485">
        <ele>241.5</ele>
      </trkpt>
      <trkpt lat="47.17175" lon="5.90487">
        <ele>240.7</ele>
      </trkpt>
      <trkpt lat="47.17152" lon="5.90499">
        <ele>238.9</ele>
      </trkpt>
      <trkpt lat="47.17103" lon="5.90536">
        <ele>237.7</ele>
      </trkpt>
      <trkpt lat="47.17055" lon="5.90574">
        <ele>239.6</ele>
      </trkpt>
      <trkpt lat="47.17033" lon="5.90586">
        <ele>239.7</ele>
      </trkpt>
      <trkpt lat="47.17008" lon="5.90593">
        <ele>239.0</ele>
      </trkpt>
      <trkpt lat="47.16993" lon="5.90591">
        <ele>239.1</ele>
      </trkpt>
      <trkpt lat="47.16979" lon="5.90587">
        <ele>240.4</ele>
      </trkpt>
      <trkpt lat="47.1697" lon="5.9058">
        <ele>240.0</ele>
      </trkpt>
      <trkpt lat="47.16959" lon="5.90557">
        <ele>237.7</ele>
      </trkpt>
      <trkpt lat="47.16895" lon="5.90471">
        <ele>229.6</ele>
      </trkpt>
      <trkpt lat="47.1683" lon="5.90385">
        <ele>227.3</ele>
      </trkpt>
      <trkpt lat="47.16766" lon="5.90299">
        <ele>225.1</ele>
      </trkpt>
      <trkpt lat="47.16764" lon="5.90301">
        <ele>225.1</ele>
      </trkpt>
      <trkpt lat="47.16754" lon="5.90317">
        <ele>225.0</ele>
      </trkpt>
      <trkpt lat="47.16751" lon="5.90319">
        <ele>225.0</ele>
      </trkpt>
      <trkpt lat="47.16718" lon="5.9032">
        <ele>225.3</ele>
      </trkpt>
      <trkpt lat="47.16641" lon="5.90336">
        <ele>229.6</ele>
      </trkpt>
      <trkpt lat="47.16621" lon="5.90336">
        <ele>232.3</ele>
      </trkpt>
      <trkpt lat="47.16591" lon="5.90326">
        <ele>234.4</ele>
      </trkpt>
      <trkpt lat="47.1656" lon="5.9032">
        <ele>243.6</ele>
      </trkpt>
      <trkpt lat="47.16554" lon="5.90317">
        <ele>245.3</ele>
      </trkpt>
      <trkpt lat="47.16527" lon="5.90294">
        <ele>250.9</ele>
      </trkpt>
      <trkpt lat="47.16524" lon="5.90296">
        <ele>252.2</ele>
      </trkpt>
      <trkpt lat="47.16477" lon="5.90235">
        <ele>255.1</ele>
      </trkpt>
      <trkpt lat="47.16432" lon="5.90155">
        <ele>253.7</ele>
      </trkpt>
      <trkpt lat="47.16388" lon="5.90069">
        <ele>251.6</ele>
      </trkpt>
      <trkpt lat="47.16355" lon="5.89987">
        <ele>253.3</ele>
      </trkpt>
      <trkpt lat="47.16322" lon="5.89892">
        <ele>252.5</ele>
      </trkpt>
      <trkpt lat="47.16299" lon="5.89811">
        <ele>255.0</ele>
      </trkpt>
      <trkpt lat="47.16292" lon="5.8976">
        <ele>252.0</ele>
      </trkpt>
      <trkpt lat="47.16282" lon="5.89717">
        <ele>251.0</ele>
      </trkpt>
      <trkpt lat="47.16265" lon="5.89656">
        <ele>249.5</ele>
      </trkpt>
      <trkpt lat="47.16247" lon="5.89595">
        <ele>246.6</ele>
      </trkpt>
      <trkpt lat="47.16232" lon="5.89499">
        <ele>244.7</ele>
      </trkpt>
      <trkpt lat="47.16217" lon="5.89404">
        <ele>248.7</ele>
      </trkpt>
      <trkpt lat="47.1621" lon="5.89366">
        <ele>249.5</ele>
      </trkpt>
      <trkpt lat="47.16196" lon="5.89298">
        <ele>248.8</ele>
      </trkpt>
      <trkpt lat="47.16164" lon="5.8919">
        <ele>241.6</ele>
      </trkpt>
      <trkpt lat="47.16145" lon="5.89144">
        <ele>240.1</ele>
      </trkpt>
      <trkpt lat="47.16122" lon="5.89099">
        <ele>239.3</ele>
      </trkpt>
      <trkpt lat="47.16128" lon="5.89091">
        <ele>236.2</ele>
      </trkpt>
      <trkpt lat="47.1613" lon="5.89078">
        <ele>233.3</ele>
      </trkpt>
      <trkpt lat="47.16139" lon="5.89025">
        <ele>226.4</ele>
      </trkpt>
      <trkpt lat="47.16138" lon="5.89017">
        <ele>225.9</ele>
      </trkpt>
      <trkpt lat="47.16132" lon="5.89006">
        <ele>225.3</ele>
      </trkpt>
      <trkpt lat="47.16086" lon="5.88925">
        <ele>225.2</ele>
      </trkpt>
      <trkpt lat="47.1607" lon="5.88902">
        <ele>225.8</ele>
      </trkpt>
      <trkpt lat="47.16046" lon="5.88878">
        <ele>226.6</ele>
      </trkpt>
      <trkpt lat="47.16002" lon="5.88828">
        <ele>227.1</ele>
      </trkpt>
      <trkpt lat="47.15958" lon="5.88778">
        <ele>229.3</ele>
      </trkpt>
      <trkpt lat="47.15985" lon="5.88731">
        <ele>229.3</ele>
      </trkpt>
      <trkpt lat="47.16064" lon="5.88686">
        <ele>227.8</ele>
      </trkpt>
      <trkpt lat="47.16108" lon="5.88661">
        <ele>225.8</ele>
      </trkpt>
      <trkpt lat="47.16153" lon="5.88636">
        <ele>223.9</ele>
      </trkpt>
      <trkpt lat="47.16195" lon="5.88613">
        <ele>223.9</ele>
      </trkpt>
      <trkpt lat="47.16238" lon="5.8859">
        <ele>224.7</ele>
      </trkpt>
      <trkpt lat="47.16253" lon="5.88591">
        <ele>225.3</ele>
      </trkpt>
      <trkpt lat="47.16284" lon="5.88574">
        <ele>231.0</ele>
      </trkpt>
      <trkpt lat="47.16288" lon="5.88573">
        <ele>231.9</ele>
      </trkpt>
      <trkpt lat="47.16301" lon="5.88573">
        <ele>234.1</ele>
      </trkpt>
      <trkpt lat="47.16304" lon="5.88571">
        <ele>234.8</ele>
      </trkpt>
      <trkpt lat="47.16306" lon="5.88569">
        <ele>235.4</ele>
      </trkpt>
      <trkpt lat="47.16308" lon="5.88565">
        <ele>236.0</ele>
      </trkpt>
      <trkpt lat="47.16309" lon="5.88558">
        <ele>236.5</ele>
      </trkpt>
      <trkpt lat="47.1631" lon="5.88547">
        <ele>237.6</ele>
      </trkpt>
      <trkpt lat="47.16307" lon="5.88532">
        <ele>237.9</ele>
      </trkpt>
      <trkpt lat="47.16294" lon="5.88496">
        <ele>237.1</ele>
      </trkpt>
      <trkpt lat="47.16268" lon="5.8844">
        <ele>234.4</ele>
      </trkpt>
      <trkpt lat="47.16235" lon="5.8839">
        <ele>234.9</ele>
      </trkpt>
      <trkpt lat="47.16192" lon="5.88345">
        <ele>234.0</ele>
      </trkpt>
      <trkpt lat="47.16143" lon="5.88297">
        <ele>236.2</ele>
      </trkpt>
      <trkpt lat="47.16114" lon="5.88278">
        <ele>236.3</ele>
      </trkpt>
      <trkpt lat="47.16087" lon="5.88263">
        <ele>233.2</ele>
      </trkpt>
      <trkpt lat="47.16043" lon="5.88246">
        <ele>231.5</ele>
      </trkpt>
      <trkpt lat="47.1599" lon="5.88235">
        <ele>232.0</ele>
      </trkpt>
      <trkpt lat="47.15957" lon="5.88234">
        <ele>232.7</ele>
      </trkpt>
      <trkpt lat="47.15943" lon="5.88235">
        <ele>232.3</ele>
      </trkpt>
      <trkpt lat="47.15906" lon="5.88241">
        <ele>232.1</ele>
      </trkpt>
      <trkpt lat="47.15855" lon="5.88256">
        <ele>236.8</ele>
      </trkpt>
      <trkpt lat="47.158" lon="5.8828">
        <ele>243.0</ele>
      </trkpt>
      <trkpt lat="47.15745" lon="5.88303">
        <ele>244.1</ele>
      </trkpt>
      <trkpt lat="47.15685" lon="5.88334">
        <ele>238.0</ele>
      </trkpt>
      <trkpt lat="47.15671" lon="5.88339">
        <ele>239.3</ele>
      </trkpt>
      <trkpt lat="47.15618" lon="5.88351">
        <ele>236.0</ele>
      </trkpt>
      <trkpt lat="47.15566" lon="5.8835">
        <ele>234.3</ele>
      </trkpt>
      <trkpt lat="47.15482" lon="5.88355">
        <ele>229.0</ele>
      </trkpt>
      <trkpt lat="47.1544" lon="5.8835">
        <ele>227.3</ele>
      </trkpt>
      <trkpt lat="47.15392" lon="5.88347">
        <ele>225.8</ele>
      </trkpt>
      <trkpt lat="47.15344" lon="5.88344">
        <ele>225.2</ele>
      </trkpt>
      <trkpt lat="47.15302" lon="5.88337">
        <ele>225.4</ele>
      </trkpt>
      <trkpt lat="47.15236" lon="5.88339">
        <ele>226.3</ele>
      </trkpt>
      <trkpt lat="47.15195" lon="5.88337">
        <ele>227.2</ele>
      </trkpt>
      <trkpt lat="47.15108" lon="5.88331">
        <ele>227.3</ele>
      </trkpt>
      <trkpt lat="47.15055" lon="5.88329">
        <ele>226.3</ele>
      </trkpt>
      <trkpt lat="47.15026" lon="5.88329">
        <ele>225.6</ele>
      </trkpt>
      <trkpt lat="47.14972" lon="5.88326">
        <ele>224.7</ele>
      </trkpt>
      <trkpt lat="47.14917" lon="5.88322">
        <ele>224.3</ele>
      </trkpt>
      <trkpt lat="47.14841" lon="5.8832">
        <ele>225.2</ele>
      </trkpt>
      <trkpt lat="47.1482" lon="5.88314">
        <ele>224.9</ele>
      </trkpt>
      <trkpt lat="47.14804" lon="5.88306">
        <ele>224.3</ele>
      </trkpt>
      <trkpt lat="47.14762" lon="5.88278">
        <ele>222.6</ele>
      </trkpt>
      <trkpt lat="47.14707" lon="5.88223">
        <ele>222.8</ele>
      </trkpt>
      <trkpt lat="47.14645" lon="5.88165">
        <ele>223.8</ele>
      </trkpt>
      <trkpt lat="47.14584" lon="5.88108">
        <ele>223.0</ele>
      </trkpt>
      <trkpt lat="47.14522" lon="5.8805">
        <ele>223.8</ele>
      </trkpt>
      <trkpt lat="47.14499" lon="5.88026">
        <ele>224.3</ele>
      </trkpt>
      <trkpt lat="47.14486" lon="5.88008">
        <ele>224.3</ele>
      </trkpt>
      <trkpt lat="47.14461" lon="5.8796">
        <ele>224.4</ele>
      </trkpt>
      <trkpt lat="47.14436" lon="5.87901">
        <ele>223.3</ele>
      </trkpt>
      <trkpt lat="47.14411" lon="5.87843">
        <ele>221.9</ele>
      </trkpt>
      <trkpt lat="47.14371" lon="5.87746">
        <ele>222.4</ele>
      </trkpt>
      <trkpt lat="47.1433" lon="5.87648">
        <ele>223.1</ele>
      </trkpt>
      <trkpt lat="47.1429" lon="5.87551">
        <ele>223.0</ele>
      </trkpt>
      <trkpt lat="47.1425" lon="5.87453">
        <ele>223.1</ele>
      </trkpt>
      <trkpt lat="47.14209" lon="5.87356">
        <ele>227.2</ele>
      </trkpt>
      <trkpt lat="47.14206" lon="5.8735">
        <ele>227.4</ele>
      </trkpt>
      <trkpt lat="47.14196" lon="5.87338">
        <ele>227.4</ele>
      </trkpt>
      <trkpt lat="47.14188" lon="5.87325">
        <ele>227.3</ele>
      </trkpt>
      <trkpt lat="47.14185" lon="5.87316">
        <ele>227.3</ele>
      </trkpt>
      <trkpt lat="47.14181" lon="5.8729">
        <ele>227.4</ele>
      </trkpt>
      <trkpt lat="47.14177" lon="5.87278">
        <ele>226.9</ele>
      </trkpt>
      <trkpt lat="47.1417" lon="5.87259">
        <ele>225.7</ele>
      </trkpt>
      <trkpt lat="47.14137" lon="5.87163">
        <ele>227.3</ele>
      </trkpt>
      <trkpt lat="47.14104" lon="5.87068">
        <ele>228.6</ele>
      </trkpt>
      <trkpt lat="47.14082" lon="5.87018">
        <ele>229.2</ele>
      </trkpt>
      <trkpt lat="47.14078" lon="5.8701">
        <ele>229.6</ele>
      </trkpt>
      <trkpt lat="47.14044" lon="5.86917">
        <ele>233.3</ele>
      </trkpt>
      <trkpt lat="47.14021" lon="5.86851">
        <ele>232.0</ele>
      </trkpt>
      <trkpt lat="47.14014" lon="5.86826">
        <ele>231.4</ele>
      </trkpt>
      <trkpt lat="47.13997" lon="5.86733">
        <ele>228.5</ele>
      </trkpt>
      <trkpt lat="47.13965" lon="5.86612">
        <ele>224.1</ele>
      </trkpt>
      <trkpt lat="47.13943" lon="5.86522">
        <ele>221.4</ele>
      </trkpt>
      <trkpt lat="47.13921" lon="5.86431">
        <ele>221.1</ele>
      </trkpt>
      <trkpt lat="47.13899" lon="5.86341">
        <ele>221.7</ele>
      </trkpt>
      <trkpt lat="47.13893" lon="5.86303">
        <ele>221.6</ele>
      </trkpt>
      <trkpt lat="47.1389" lon="5.86255">
        <ele>221.3</ele>
      </trkpt>
      <trkpt lat="47.13899" lon="5.86152">
        <ele>221.5</ele>
      </trkpt>
      <trkpt lat="47.13908" lon="5.86049">
        <ele>221.5</ele>
      </trkpt>
      <trkpt lat="47.13918" lon="5.85946">
        <ele>221.6</ele>
      </trkpt>
      <trkpt lat="47.13919" lon="5.85897">
        <ele>221.9</ele>
      </trkpt>
      <trkpt lat="47.13929" lon="5.85855">
        <ele>221.8</ele>
      </trkpt>
      <trkpt lat="47.13931" lon="5.8584">
        <ele>221.8</ele>
      </trkpt>
      <trkpt lat="47.13938" lon="5.85757">
        <ele>221.1</ele>
      </trkpt>
      <trkpt lat="47.13949" lon="5.85637">
        <ele>220.9</ele>
      </trkpt>
      <trkpt lat="47.1396" lon="5.85516">
        <ele>219.7</ele>
      </trkpt>
      <trkpt lat="47.13971" lon="5.85396">
        <ele>219.9</ele>
      </trkpt>
      <trkpt lat="47.13981" lon="5.85276">
        <ele>220.9</ele>
      </trkpt>
      <trkpt lat="47.13979" lon="5.85275">
        <ele>220.9</ele>
      </trkpt>
      <trkpt lat="47.13959" lon="5.85265">
        <ele>220.9</ele>
      </trkpt>
      <trkpt lat="47.13953" lon="5.85263">
        <ele>220.9</ele>
      </trkpt>
      <trkpt lat="47.13966" lon="5.85211">
        <ele>220.3</ele>
      </trkpt>
      <trkpt lat="47.13982" lon="5.85167">
        <ele>219.2</ele>
      </trkpt>
      <trkpt lat="47.13986" lon="5.85159">
        <ele>219.2</ele>
      </trkpt>
      <trkpt lat="47.14027" lon="5.85098">
        <ele>219.6</ele>
      </trkpt>
      <trkpt lat="47.14038" lon="5.85082">
        <ele>219.5</ele>
      </trkpt>
      <trkpt lat="47.14047" lon="5.85075">
        <ele>219.4</ele>
      </trkpt>
      <trkpt lat="47.14099" lon="5.85045">
        <ele>218.8</ele>
      </trkpt>
      <trkpt lat="47.14126" lon="5.85037">
        <ele>219.2</ele>
      </trkpt>
      <trkpt lat="47.14169" lon="5.85041">
        <ele>219.9</ele>
      </trkpt>
      <trkpt lat="47.14211" lon="5.85056">
        <ele>218.9</ele>
      </trkpt>
      <trkpt lat="47.1429" lon="5.85093">
        <ele>218.8</ele>
      </trkpt>
      <trkpt lat="47.14368" lon="5.85131">
        <ele>220.0</ele>
      </trkpt>
      <trkpt lat="47.14447" lon="5.85168">
        <ele>219.6</ele>
      </trkpt>
      <trkpt lat="47.14526" lon="5.85206">
        <ele>219.2</ele>
      </trkpt>
      <trkpt lat="47.14608" lon="5.85245">
        <ele>218.9</ele>
      </trkpt>
      <trkpt lat="47.1469" lon="5.85284">
        <ele>219.2</ele>
      </trkpt>
      <trkpt lat="47.14772" lon="5.85323">
        <ele>219.5</ele>
      </trkpt>
      <trkpt lat="47.14853" lon="5.85362">
        <ele>222.5</ele>
      </trkpt>
      <trkpt lat="47.14935" lon="5.85401">
        <ele>224.0</ele>
      </trkpt>
      <trkpt lat="47.15017" lon="5.85441">
        <ele>225.5</ele>
      </trkpt>
      <trkpt lat="47.15041" lon="5.85455">
        <ele>226.5</ele>
      </trkpt>
      <trkpt lat="47.15116" lon="5.8549">
        <ele>226.3</ele>
      </trkpt>
      <trkpt lat="47.15192" lon="5.85525">
        <ele>228.3</ele>
      </trkpt>
      <trkpt lat="47.15267" lon="5.85561">
        <ele>229.4</ele>
      </trkpt>
      <trkpt lat="47.15314" lon="5.85579">
        <ele>227.5</ele>
      </trkpt>
      <trkpt lat="47.15341" lon="5.85589">
        <ele>226.9</ele>
      </trkpt>
      <trkpt lat="47.15397" lon="5.85599">
        <ele>224.9</ele>
      </trkpt>
      <trkpt lat="47.15453" lon="5.85609">
        <ele>224.8</ele>
      </trkpt>
      <trkpt lat="47.15473" lon="5.85609">
        <ele>224.4</ele>
      </trkpt>
      <trkpt lat="47.15506" lon="5.85614">
        <ele>224.5</ele>
      </trkpt>
      <trkpt lat="47.15557" lon="5.85606">
        <ele>221.0</ele>
      </trkpt>
      <trkpt lat="47.15565" lon="5.85607">
        <ele>220.7</ele>
      </trkpt>
      <trkpt lat="47.15572" lon="5.85612">
        <ele>220.7</ele>
      </trkpt>
      <trkpt lat="47.15576" lon="5.85625">
        <ele>221.0</ele>
      </trkpt>
      <trkpt lat="47.15577" lon="5.85633">
        <ele>221.3</ele>
      </trkpt>
      <trkpt lat="47.15577" lon="5.85647">
        <ele>221.9</ele>
      </trkpt>
      <trkpt lat="47.15576" lon="5.85661">
        <ele>222.7</ele>
      </trkpt>
      <trkpt lat="47.15586" lon="5.85671">
        <ele>222.2</ele>
      </trkpt>
      <trkpt lat="47.15593" lon="5.85674">
        <ele>222.1</ele>
      </trkpt>
      <trkpt lat="47.15599" lon="5.85675">
        <ele>221.9</ele>
      </trkpt>
      <trkpt lat="47.15603" lon="5.85674">
        <ele>221.7</ele>
      </trkpt>
      <trkpt lat="47.15609" lon="5.8567">
        <ele>221.3</ele>
      </trkpt>
      <trkpt lat="47.15621" lon="5.85657">
        <ele>220.4</ele>
      </trkpt>
      <trkpt lat="47.15667" lon="5.85646">
        <ele>218.8</ele>
      </trkpt>
      <trkpt lat="47.15714" lon="5.85635">
        <ele>219.1</ele>
      </trkpt>
      <trkpt lat="47.15763" lon="5.85614">
        <ele>219.5</ele>
      </trkpt>
      <trkpt lat="47.15813" lon="5.85586">
        <ele>219.2</ele>
      </trkpt>
      <trkpt lat="47.15876" lon="5.85536">
        <ele>217.9</ele>
      </trkpt>
      <trkpt lat="47.15938" lon="5.85487">
        <ele>217.6</ele>
      </trkpt>
      <trkpt lat="47.15983" lon="5.85453">
        <ele>217.3</ele>
      </trkpt>
      <trkpt lat="47.16053" lon="5.85397">
        <ele>218.9</ele>
      </trkpt>
      <trkpt lat="47.16122" lon="5.85341">
        <ele>219.0</ele>
      </trkpt>
      <trkpt lat="47.16192" lon="5.85285">
        <ele>218.1</ele>
      </trkpt>
      <trkpt lat="47.16261" lon="5.85229">
        <ele>217.5</ele>
      </trkpt>
      <trkpt lat="47.16287" lon="5.85206">
        <ele>216.6</ele>
      </trkpt>
      <trkpt lat="47.16324" lon="5.85168">
        <ele>215.2</ele>
      </trkpt>
      <trkpt lat="47.1639" lon="5.85089">
        <ele>216.7</ele>
      </trkpt>
      <trkpt lat="47.16434" lon="5.85021">
        <ele>217.2</ele>
      </trkpt>
      <trkpt lat="47.16468" lon="5.84961">
        <ele>217.5</ele>
      </trkpt>
      <trkpt lat="47.16494" lon="5.84908">
        <ele>217.2</ele>
      </trkpt>
      <trkpt lat="47.1651" lon="5.84869">
        <ele>217.5</ele>
      </trkpt>
      <trkpt lat="47.1655" lon="5.84766">
        <ele>217.6</ele>
      </trkpt>
      <trkpt lat="47.16562" lon="5.84721">
        <ele>218.0</ele>
      </trkpt>
      <trkpt lat="47.16587" lon="5.84613">
        <ele>218.9</ele>
      </trkpt>
      <trkpt lat="47.16591" lon="5.84581">
        <ele>218.9</ele>
      </trkpt>
      <trkpt lat="47.16615" lon="5.84465">
        <ele>217.7</ele>
      </trkpt>
      <trkpt lat="47.16622" lon="5.84412">
        <ele>217.5</ele>
      </trkpt>
      <trkpt lat="47.16639" lon="5.84321">
        <ele>217.5</ele>
      </trkpt>
      <trkpt lat="47.16657" lon="5.84199">
        <ele>217.6</ele>
      </trkpt>
      <trkpt lat="47.1667" lon="5.84154">
        <ele>217.3</ele>
      </trkpt>
      <trkpt lat="47.16688" lon="5.84057">
        <ele>218.8</ele>
      </trkpt>
      <trkpt lat="47.16705" lon="5.83959">
        <ele>218.4</ele>
      </trkpt>
      <trkpt lat="47.16721" lon="5.83857">
        <ele>217.4</ele>
      </trkpt>
      <trkpt lat="47.1673" lon="5.83798">
        <ele>218.5</ele>
      </trkpt>
      <trkpt lat="47.16736" lon="5.83732">
        <ele>220.2</ele>
      </trkpt>
      <trkpt lat="47.16739" lon="5.8367">
        <ele>220.6</ele>
      </trkpt>
      <trkpt lat="47.1674" lon="5.83614">
        <ele>221.3</ele>
      </trkpt>
      <trkpt lat="47.16737" lon="5.83492">
        <ele>220.5</ele>
      </trkpt>
      <trkpt lat="47.16725" lon="5.83362">
        <ele>219.2</ele>
      </trkpt>
      <trkpt lat="47.16714" lon="5.83294">
        <ele>217.3</ele>
      </trkpt>
      <trkpt lat="47.16703" lon="5.83225">
        <ele>216.4</ele>
      </trkpt>
      <trkpt lat="47.16667" lon="5.83112">
        <ele>217.0</ele>
      </trkpt>
      <trkpt lat="47.16632" lon="5.82999">
        <ele>218.8</ele>
      </trkpt>
      <trkpt lat="47.16629" lon="5.8299">
        <ele>218.8</ele>
      </trkpt>
      <trkpt lat="47.16624" lon="5.82981">
        <ele>218.7</ele>
      </trkpt>
      <trkpt lat="47.1662" lon="5.8297">
        <ele>218.7</ele>
      </trkpt>
      <trkpt lat="47.16622" lon="5.82951">
        <ele>219.0</ele>
      </trkpt>
      <trkpt lat="47.16618" lon="5.8291">
        <ele>219.0</ele>
      </trkpt>
      <trkpt lat="47.16616" lon="5.8287">
        <ele>217.6</ele>
      </trkpt>
      <trkpt lat="47.16611" lon="5.82829">
        <ele>216.6</ele>
      </trkpt>
      <trkpt lat="47.16608" lon="5.82782">
        <ele>216.4</ele>
      </trkpt>
      <trkpt lat="47.16614" lon="5.82745">
        <ele>215.9</ele>
      </trkpt>
      <trkpt lat="47.16611" lon="5.82642">
        <ele>216.4</ele>
      </trkpt>
      <trkpt lat="47.16608" lon="5.82539">
        <ele>218.0</ele>
      </trkpt>
      <trkpt lat="47.16611" lon="5.82502">
        <ele>218.0</ele>
      </trkpt>
      <trkpt lat="47.16618" lon="5.82472">
        <ele>218.6</ele>
      </trkpt>
      <trkpt lat="47.16639" lon="5.82411">
        <ele>218.7</ele>
      </trkpt>
      <trkpt lat="47.16676" lon="5.82322">
        <ele>216.6</ele>
      </trkpt>
      <trkpt lat="47.16714" lon="5.82232">
        <ele>215.5</ele>
      </trkpt>
      <trkpt lat="47.16742" lon="5.82147">
        <ele>215.8</ele>
      </trkpt>
      <trkpt lat="47.16769" lon="5.82062">
        <ele>215.7</ele>
      </trkpt>
      <trkpt lat="47.16788" lon="5.81972">
        <ele>215.5</ele>
      </trkpt>
      <trkpt lat="47.16802" lon="5.81852">
        <ele>214.2</ele>
      </trkpt>
      <trkpt lat="47.16808" lon="5.8177">
        <ele>214.2</ele>
      </trkpt>
      <trkpt lat="47.16809" lon="5.81696">
        <ele>215.4</ele>
      </trkpt>
      <trkpt lat="47.1681" lon="5.81676">
        <ele>215.8</ele>
      </trkpt>
      <trkpt lat="47.16808" lon="5.81662">
        <ele>216.0</ele>
      </trkpt>
      <trkpt lat="47.16806" lon="5.81583">
        <ele>215.4</ele>
      </trkpt>
      <trkpt lat="47.16803" lon="5.81503">
        <ele>217.3</ele>
      </trkpt>
      <trkpt lat="47.16804" lon="5.81462">
        <ele>216.6</ele>
      </trkpt>
      <trkpt lat="47.16809" lon="5.81413">
        <ele>215.6</ele>
      </trkpt>
      <trkpt lat="47.16815" lon="5.81383">
        <ele>215.5</ele>
      </trkpt>
      <trkpt lat="47.16824" lon="5.81351">
        <ele>215.3</ele>
      </trkpt>
      <trkpt lat="47.16837" lon="5.81323">
        <ele>215.4</ele>
      </trkpt>
      <trkpt lat="47.16884" lon="5.81269">
        <ele>216.0</ele>
      </trkpt>
      <trkpt lat="47.16925" lon="5.81234">
        <ele>215.0</ele>
      </trkpt>
      <trkpt lat="47.16939" lon="5.81215">
        <ele>214.9</ele>
      </trkpt>
      <trkpt lat="47.16953" lon="5.81187">
        <ele>214.7</ele>
      </trkpt>
      <trkpt lat="47.16965" lon="5.81166">
        <ele>214.5</ele>
      </trkpt>
      <trkpt lat="47.17006" lon="5.81104">
        <ele>215.5</ele>
      </trkpt>
      <trkpt lat="47.17046" lon="5.81042">
        <ele>216.9</ele>
      </trkpt>
      <trkpt lat="47.17065" lon="5.81003">
        <ele>217.6</ele>
      </trkpt>
      <trkpt lat="47.17095" lon="5.80957">
        <ele>217.6</ele>
      </trkpt>
      <trkpt lat="47.17118" lon="5.80912">
        <ele>217.2</ele>
      </trkpt>
      <trkpt lat="47.17153" lon="5.80836">
        <ele>215.8</ele>
      </trkpt>
      <trkpt lat="47.17188" lon="5.80761">
        <ele>216.6</ele>
      </trkpt>
      <trkpt lat="47.1721" lon="5.807">
        <ele>216.2</ele>
      </trkpt>
      <trkpt lat="47.17215" lon="5.80686">
        <ele>216.1</ele>
      </trkpt>
      <trkpt lat="47.17216" lon="5.80685">
        <ele>216.1</ele>
      </trkpt>
      <trkpt lat="47.17224" lon="5.80659">
        <ele>215.9</ele>
      </trkpt>
      <trkpt lat="47.17252" lon="5.80561">
        <ele>214.7</ele>
      </trkpt>
      <trkpt lat="47.17279" lon="5.80462">
        <ele>213.7</ele>
      </trkpt>
      <trkpt lat="47.17292" lon="5.80378">
        <ele>213.7</ele>
      </trkpt>
      <trkpt lat="47.17298" lon="5.8033">
        <ele>214.2</ele>
      </trkpt>
      <trkpt lat="47.17296" lon="5.80295">
        <ele>214.1</ele>
      </trkpt>
      <trkpt lat="47.17309" lon="5.8018">
        <ele>214.7</ele>
      </trkpt>
      <trkpt lat="47.17322" lon="5.80065">
        <ele>215.8</ele>
      </trkpt>
      <trkpt lat="47.17335" lon="5.7995">
        <ele>214.8</ele>
      </trkpt>
      <trkpt lat="47.17346" lon="5.79867">
        <ele>214.5</ele>
      </trkpt>
      <trkpt lat="47.17354" lon="5.79824">
        <ele>214.8</ele>
      </trkpt>
      <trkpt lat="47.17369" lon="5.79748">
        <ele>213.9</ele>
      </trkpt>
      <trkpt lat="47.17385" lon="5.79675">
        <ele>215.7</ele>
      </trkpt>
      <trkpt lat="47.174" lon="5.79602">
        <ele>215.8</ele>
      </trkpt>
      <trkpt lat="47.17406" lon="5.79563">
        <ele>215.5</ele>
      </trkpt>
      <trkpt lat="47.17413" lon="5.79515">
        <ele>215.1</ele>
      </trkpt>
      <trkpt lat="47.17421" lon="5.79497">
        <ele>215.1</ele>
      </trkpt>
      <trkpt lat="47.17437" lon="5.79463">
        <ele>215.6</ele>
      </trkpt>
      <trkpt lat="47.17457" lon="5.79425">
        <ele>215.9</ele>
      </trkpt>
      <trkpt lat="47.17469" lon="5.79403">
        <ele>215.9</ele>
      </trkpt>
      <trkpt lat="47.17475" lon="5.79393">
        <ele>215.8</ele>
      </trkpt>
      <trkpt lat="47.17481" lon="5.79388">
        <ele>215.7</ele>
      </trkpt>
      <trkpt lat="47.1751" lon="5.79341">
        <ele>215.9</ele>
      </trkpt>
      <trkpt lat="47.17507" lon="5.79331">
        <ele>215.7</ele>
      </trkpt>
      <trkpt lat="47.17507" lon="5.79323">
        <ele>215.7</ele>
      </trkpt>
      <trkpt lat="47.17504" lon="5.79314">
        <ele>215.6</ele>
      </trkpt>
      <trkpt lat="47.1749" lon="5.79287">
        <ele>215.5</ele>
      </trkpt>
      <trkpt lat="47.17449" lon="5.7922">
        <ele>215.7</ele>
      </trkpt>
      <trkpt lat="47.17432" lon="5.79204">
        <ele>215.4</ele>
      </trkpt>
      <trkpt lat="47.17422" lon="5.79192">
        <ele>215.2</ele>
      </trkpt>
      <trkpt lat="47.17412" lon="5.79176">
        <ele>214.9</ele>
      </trkpt>
      <trkpt lat="47.17402" lon="5.79156">
        <ele>214.7</ele>
      </trkpt>
      <trkpt lat="47.17396" lon="5.79139">
        <ele>214.8</ele>
      </trkpt>
      <trkpt lat="47.1739" lon="5.79094">
        <ele>215.0</ele>
      </trkpt>
      <trkpt lat="47.17382" lon="5.79016">
        <ele>215.1</ele>
      </trkpt>
      <trkpt lat="47.17379" lon="5.79">
        <ele>215.1</ele>
      </trkpt>
      <trkpt lat="47.17365" lon="5.78933">
        <ele>215.1</ele>
      </trkpt>
      <trkpt lat="47.17352" lon="5.78867">
        <ele>215.7</ele>
      </trkpt>
      <trkpt lat="47.17332" lon="5.788">
        <ele>215.0</ele>
      </trkpt>
      <trkpt lat="47.17307" lon="5.78732">
        <ele>215.3</ele>
      </trkpt>
      <trkpt lat="47.17271" lon="5.78645">
        <ele>217.0</ele>
      </trkpt>
      <trkpt lat="47.17238" lon="5.78588">
        <ele>215.9</ele>
      </trkpt>
      <trkpt lat="47.17217" lon="5.78557">
        <ele>215.9</ele>
      </trkpt>
      <trkpt lat="47.17201" lon="5.78537">
        <ele>215.5</ele>
      </trkpt>
      <trkpt lat="47.17185" lon="5.78519">
        <ele>215.0</ele>
      </trkpt>
      <trkpt lat="47.17168" lon="5.78505">
        <ele>214.1</ele>
      </trkpt>
      <trkpt lat="47.17127" lon="5.78475">
        <ele>214.3</ele>
      </trkpt>
      <trkpt lat="47.1706" lon="5.78422">
        <ele>214.7</ele>
      </trkpt>
      <trkpt lat="47.1701" lon="5.78384">
        <ele>214.1</ele>
      </trkpt>
      <trkpt lat="47.16989" lon="5.78373">
        <ele>213.9</ele>
      </trkpt>
      <trkpt lat="47.16945" lon="5.78355">
        <ele>213.5</ele>
      </trkpt>
      <trkpt lat="47.16902" lon="5.78337">
        <ele>213.6</ele>
      </trkpt>
      <trkpt lat="47.16832" lon="5.78289">
        <ele>214.9</ele>
      </trkpt>
      <trkpt lat="47.16784" lon="5.78249">
        <ele>215.2</ele>
      </trkpt>
      <trkpt lat="47.16724" lon="5.78192">
        <ele>214.2</ele>
      </trkpt>
      <trkpt lat="47.16662" lon="5.78137">
        <ele>214.0</ele>
      </trkpt>
      <trkpt lat="47.16601" lon="5.78082">
        <ele>214.0</ele>
      </trkpt>
      <trkpt lat="47.16539" lon="5.78026">
        <ele>214.7</ele>
      </trkpt>
      <trkpt lat="47.16489" lon="5.77968">
        <ele>214.7</ele>
      </trkpt>
      <trkpt lat="47.16438" lon="5.77909">
        <ele>214.5</ele>
      </trkpt>
      <trkpt lat="47.16387" lon="5.77851">
        <ele>213.1</ele>
      </trkpt>
      <trkpt lat="47.16345" lon="5.77771">
        <ele>214.5</ele>
      </trkpt>
      <trkpt lat="47.16303" lon="5.77691">
        <ele>214.7</ele>
      </trkpt>
      <trkpt lat="47.16268" lon="5.77581">
        <ele>215.3</ele>
      </trkpt>
      <trkpt lat="47.16233" lon="5.77471">
        <ele>214.8</ele>
      </trkpt>
      <trkpt lat="47.16197" lon="5.77361">
        <ele>214.5</ele>
      </trkpt>
      <trkpt lat="47.16162" lon="5.77251">
        <ele>215.0</ele>
      </trkpt>
      <trkpt lat="47.16138" lon="5.77147">
        <ele>214.6</ele>
      </trkpt>
      <trkpt lat="47.16115" lon="5.77043">
        <ele>215.0</ele>
      </trkpt>
      <trkpt lat="47.16092" lon="5.76939">
        <ele>213.6</ele>
      </trkpt>
      <trkpt lat="47.16084" lon="5.7691">
        <ele>213.2</ele>
      </trkpt>
      <trkpt lat="47.16072" lon="5.76889">
        <ele>213.9</ele>
      </trkpt>
      <trkpt lat="47.16035" lon="5.76841">
        <ele>214.7</ele>
      </trkpt>
      <trkpt lat="47.15997" lon="5.76793">
        <ele>214.9</ele>
      </trkpt>
      <trkpt lat="47.15964" lon="5.76682">
        <ele>214.6</ele>
      </trkpt>
      <trkpt lat="47.15931" lon="5.76571">
        <ele>213.9</ele>
      </trkpt>
      <trkpt lat="47.15898" lon="5.7646">
        <ele>215.5</ele>
      </trkpt>
      <trkpt lat="47.15865" lon="5.7635">
        <ele>215.3</ele>
      </trkpt>
      <trkpt lat="47.15832" lon="5.76239">
        <ele>217.9</ele>
      </trkpt>
      <trkpt lat="47.15799" lon="5.76128">
        <ele>217.6</ele>
      </trkpt>
      <trkpt lat="47.15766" lon="5.76017">
        <ele>216.7</ele>
      </trkpt>
      <trkpt lat="47.15733" lon="5.75903">
        <ele>215.2</ele>
      </trkpt>
      <trkpt lat="47.157" lon="5.75789">
        <ele>214.0</ele>
      </trkpt>
      <trkpt lat="47.15666" lon="5.75675">
        <ele>214.1</ele>
      </trkpt>
      <trkpt lat="47.15633" lon="5.75561">
        <ele>213.7</ele>
      </trkpt>
      <trkpt lat="47.15599" lon="5.75447">
        <ele>214.0</ele>
      </trkpt>
      <trkpt lat="47.15566" lon="5.75333">
        <ele>213.2</ele>
      </trkpt>
      <trkpt lat="47.15532" lon="5.75219">
        <ele>213.8</ele>
      </trkpt>
      <trkpt lat="47.15499" lon="5.75105">
        <ele>213.3</ele>
      </trkpt>
      <trkpt lat="47.15465" lon="5.74991">
        <ele>213.7</ele>
      </trkpt>
      <trkpt lat="47.15432" lon="5.74877">
        <ele>215.3</ele>
      </trkpt>
      <trkpt lat="47.15399" lon="5.74763">
        <ele>215.6</ele>
      </trkpt>
      <trkpt lat="47.1539" lon="5.74717">
        <ele>216.1</ele>
      </trkpt>
      <trkpt lat="47.15374" lon="5.74679">
        <ele>215.9</ele>
      </trkpt>
      <trkpt lat="47.15342" lon="5.74573">
        <ele>215.5</ele>
      </trkpt>
      <trkpt lat="47.15311" lon="5.74466">
        <ele>214.1</ele>
      </trkpt>
      <trkpt lat="47.1528" lon="5.7436">
        <ele>215.1</ele>
      </trkpt>
      <trkpt lat="47.15248" lon="5.74253">
        <ele>215.8</ele>
      </trkpt>
      <trkpt lat="47.15217" lon="5.74147">
        <ele>217.2</ele>
      </trkpt>
      <trkpt lat="47.15186" lon="5.7404">
        <ele>215.9</ele>
      </trkpt>
      <trkpt lat="47.15176" lon="5.74024">
        <ele>215.0</ele>
      </trkpt>
      <trkpt lat="47.15166" lon="5.73987">
        <ele>214.3</ele>
      </trkpt>
      <trkpt lat="47.15156" lon="5.7392">
        <ele>215.6</ele>
      </trkpt>
      <trkpt lat="47.15156" lon="5.73892">
        <ele>216.4</ele>
      </trkpt>
      <trkpt lat="47.15162" lon="5.73791">
        <ele>219.1</ele>
      </trkpt>
      <trkpt lat="47.15163" lon="5.7375">
        <ele>219.6</ele>
      </trkpt>
      <trkpt lat="47.15154" lon="5.73701">
        <ele>221.0</ele>
      </trkpt>
      <trkpt lat="47.15125" lon="5.73604">
        <ele>220.5</ele>
      </trkpt>
      <trkpt lat="47.15095" lon="5.73508">
        <ele>221.1</ele>
      </trkpt>
      <trkpt lat="47.15065" lon="5.73413">
        <ele>218.4</ele>
      </trkpt>
      <trkpt lat="47.15036" lon="5.73318">
        <ele>218.4</ele>
      </trkpt>
      <trkpt lat="47.15" lon="5.73212">
        <ele>218.3</ele>
      </trkpt>
      <trkpt lat="47.14977" lon="5.73153">
        <ele>218.4</ele>
      </trkpt>
      <trkpt lat="47.1496" lon="5.73118">
        <ele>217.3</ele>
      </trkpt>
      <trkpt lat="47.14914" lon="5.73042">
        <ele>216.3</ele>
      </trkpt>
      <trkpt lat="47.14868" lon="5.72966">
        <ele>215.3</ele>
      </trkpt>
      <trkpt lat="47.1484" lon="5.72884">
        <ele>218.8</ele>
      </trkpt>
      <trkpt lat="47.1483" lon="5.72828">
        <ele>222.9</ele>
      </trkpt>
      <trkpt lat="47.14823" lon="5.72764">
        <ele>225.7</ele>
      </trkpt>
      <trkpt lat="47.14821" lon="5.72646">
        <ele>222.1</ele>
      </trkpt>
      <trkpt lat="47.14832" lon="5.72587">
        <ele>218.2</ele>
      </trkpt>
      <trkpt lat="47.14827" lon="5.72533">
        <ele>215.4</ele>
      </trkpt>
      <trkpt lat="47.14832" lon="5.72429">
        <ele>214.0</ele>
      </trkpt>
      <trkpt lat="47.14813" lon="5.72422">
        <ele>214.0</ele>
      </trkpt>
      <trkpt lat="47.14762" lon="5.72398">
        <ele>213.8</ele>
      </trkpt>
      <trkpt lat="47.14753" lon="5.7239">
        <ele>213.7</ele>
      </trkpt>
      <trkpt lat="47.14746" lon="5.7238">
        <ele>213.6</ele>
      </trkpt>
      <trkpt lat="47.1479" lon="5.72328">
        <ele>213.9</ele>
      </trkpt>
      <trkpt lat="47.14826" lon="5.72294">
        <ele>214.3</ele>
      </trkpt>
      <trkpt lat="47.14856" lon="5.72271">
        <ele>214.9</ele>
      </trkpt>
      <trkpt lat="47.14871" lon="5.72258">
        <ele>215.3</ele>
      </trkpt>
      <trkpt lat="47.14885" lon="5.72244">
        <ele>215.7</ele>
      </trkpt>
      <trkpt lat="47.14914" lon="5.7221">
        <ele>215.9</ele>
      </trkpt>
      <trkpt lat="47.14934" lon="5.7218">
        <ele>216.7</ele>
      </trkpt>
      <trkpt lat="47.14946" lon="5.72159">
        <ele>217.2</ele>
      </trkpt>
      <trkpt lat="47.14956" lon="5.72138">
        <ele>217.4</ele>
      </trkpt>
      <trkpt lat="47.14967" lon="5.72111">
        <ele>217.6</ele>
      </trkpt>
      <trkpt lat="47.14961" lon="5.721">
        <ele>216.7</ele>
      </trkpt>
      <trkpt lat="47.14958" lon="5.7209">
        <ele>216.2</ele>
      </trkpt>
      <trkpt lat="47.14958" lon="5.72081">
        <ele>215.9</ele>
      </trkpt>
      <trkpt lat="47.14959" lon="5.72068">
        <ele>215.4</ele>
      </trkpt>
      <trkpt lat="47.14969" lon="5.7198">
        <ele>213.2</ele>
      </trkpt>
      <trkpt lat="47.14977" lon="5.71932">
        <ele>213.8</ele>
      </trkpt>
      <trkpt lat="47.14983" lon="5.71911">
        <ele>214.3</ele>
      </trkpt>
      <trkpt lat="47.14986" lon="5.71902">
        <ele>214.5</ele>
      </trkpt>
      <trkpt lat="47.14991" lon="5.71895">
        <ele>214.8</ele>
      </trkpt>
      <trkpt lat="47.14996" lon="5.7189">
        <ele>215.1</ele>
      </trkpt>
      <trkpt lat="47.15012" lon="5.7188">
        <ele>216.5</ele>
      </trkpt>
      <trkpt lat="47.15017" lon="5.71874">
        <ele>217.0</ele>
      </trkpt>
      <trkpt lat="47.15021" lon="5.71866">
        <ele>217.4</ele>
      </trkpt>
      <trkpt lat="47.15023" lon="5.71857">
        <ele>217.6</ele>
      </trkpt>
      <trkpt lat="47.15024" lon="5.71848">
        <ele>217.7</ele>
      </trkpt>
      <trkpt lat="47.15024" lon="5.71838">
        <ele>217.8</ele>
      </trkpt>
      <trkpt lat="47.15023" lon="5.71821">
        <ele>217.3</ele>
      </trkpt>
      <trkpt lat="47.15021" lon="5.71808">
        <ele>216.8</ele>
      </trkpt>
      <trkpt lat="47.15015" lon="5.71787">
        <ele>215.7</ele>
      </trkpt>
      <trkpt lat="47.15011" lon="5.71762">
        <ele>214.6</ele>
      </trkpt>
      <trkpt lat="47.1501" lon="5.71689">
        <ele>215.0</ele>
      </trkpt>
      <trkpt lat="47.15013" lon="5.71626">
        <ele>215.6</ele>
      </trkpt>
      <trkpt lat="47.15019" lon="5.7153">
        <ele>216.6</ele>
      </trkpt>
      <trkpt lat="47.15024" lon="5.71435">
        <ele>218.0</ele>
      </trkpt>
      <trkpt lat="47.15031" lon="5.71351">
        <ele>218.3</ele>
      </trkpt>
      <trkpt lat="47.1503" lon="5.7134">
        <ele>218.1</ele>
      </trkpt>
      <trkpt lat="47.15044" lon="5.71299">
        <ele>218.4</ele>
      </trkpt>
      <trkpt lat="47.15051" lon="5.71272">
        <ele>218.0</ele>
      </trkpt>
      <trkpt lat="47.15061" lon="5.71216">
        <ele>217.4</ele>
      </trkpt>
      <trkpt lat="47.15077" lon="5.71107">
        <ele>216.1</ele>
      </trkpt>
      <trkpt lat="47.15093" lon="5.70998">
        <ele>214.6</ele>
      </trkpt>
      <trkpt lat="47.15094" lon="5.70989">
        <ele>214.9</ele>
      </trkpt>
      <trkpt lat="47.15103" lon="5.70918">
        <ele>217.4</ele>
      </trkpt>
      <trkpt lat="47.15105" lon="5.7089">
        <ele>219.0</ele>
      </trkpt>
      <trkpt lat="47.15105" lon="5.70875">
        <ele>219.7</ele>
      </trkpt>
      <trkpt lat="47.15104" lon="5.70861">
        <ele>220.3</ele>
      </trkpt>
      <trkpt lat="47.1509" lon="5.70779">
        <ele>220.0</ele>
      </trkpt>
      <trkpt lat="47.15076" lon="5.70698">
        <ele>219.0</ele>
      </trkpt>
      <trkpt lat="47.15071" lon="5.70662">
        <ele>218.7</ele>
      </trkpt>
      <trkpt lat="47.15068" lon="5.70633">
        <ele>218.3</ele>
      </trkpt>
      <trkpt lat="47.15064" lon="5.7056">
        <ele>217.0</ele>
      </trkpt>
      <trkpt lat="47.15059" lon="5.70457">
        <ele>215.4</ele>
      </trkpt>
      <trkpt lat="47.15054" lon="5.70353">
        <ele>217.5</ele>
      </trkpt>
      <trkpt lat="47.1505" lon="5.70294">
        <ele>216.9</ele>
      </trkpt>
      <trkpt lat="47.15049" lon="5.70288">
        <ele>216.8</ele>
      </trkpt>
      <trkpt lat="47.15042" lon="5.70267">
        <ele>215.7</ele>
      </trkpt>
      <trkpt lat="47.15053" lon="5.70261">
        <ele>216.6</ele>
      </trkpt>
      <trkpt lat="47.15059" lon="5.70259">
        <ele>217.1</ele>
      </trkpt>
      <trkpt lat="47.15058" lon="5.70254">
        <ele>217.0</ele>
      </trkpt>
      <trkpt lat="47.15059" lon="5.70246">
        <ele>216.8</ele>
      </trkpt>
      <trkpt lat="47.1506" lon="5.70237">
        <ele>216.5</ele>
      </trkpt>
      <trkpt lat="47.15063" lon="5.70229">
        <ele>216.4</ele>
      </trkpt>
      <trkpt lat="47.15061" lon="5.70223">
        <ele>216.1</ele>
      </trkpt>
      <trkpt lat="47.15071" lon="5.70202">
        <ele>215.9</ele>
      </trkpt>
      <trkpt lat="47.1508" lon="5.70179">
        <ele>215.4</ele>
      </trkpt>
      <trkpt lat="47.15088" lon="5.70163">
        <ele>215.7</ele>
      </trkpt>
      <trkpt lat="47.15094" lon="5.70154">
        <ele>216.3</ele>
      </trkpt>
      <trkpt lat="47.15111" lon="5.70128">
        <ele>218.3</ele>
      </trkpt>
      <trkpt lat="47.15119" lon="5.70114">
        <ele>219.0</ele>
      </trkpt>
      <trkpt lat="47.15124" lon="5.70098">
        <ele>219.3</ele>
      </trkpt>
      <trkpt lat="47.15128" lon="5.70082">
        <ele>219.3</ele>
      </trkpt>
      <trkpt lat="47.1513" lon="5.70065">
        <ele>219.3</ele>
      </trkpt>
      <trkpt lat="47.15136" lon="5.69976">
        <ele>217.9</ele>
      </trkpt>
      <trkpt lat="47.15135" lon="5.69951">
        <ele>217.4</ele>
      </trkpt>
      <trkpt lat="47.15131" lon="5.69909">
        <ele>217.0</ele>
      </trkpt>
      <trkpt lat="47.15114" lon="5.6982">
        <ele>218.5</ele>
      </trkpt>
      <trkpt lat="47.15112" lon="5.69801">
        <ele>219.2</ele>
      </trkpt>
      <trkpt lat="47.15111" lon="5.69767">
        <ele>220.4</ele>
      </trkpt>
      <trkpt lat="47.15115" lon="5.69698">
        <ele>222.3</ele>
      </trkpt>
      <trkpt lat="47.15118" lon="5.69629">
        <ele>223.7</ele>
      </trkpt>
      <trkpt lat="47.15129" lon="5.69515">
        <ele>224.1</ele>
      </trkpt>
      <trkpt lat="47.15133" lon="5.69496">
        <ele>224.2</ele>
      </trkpt>
      <trkpt lat="47.15138" lon="5.69479">
        <ele>225.2</ele>
      </trkpt>
      <trkpt lat="47.15144" lon="5.69465">
        <ele>226.1</ele>
      </trkpt>
      <trkpt lat="47.15152" lon="5.69451">
        <ele>227.1</ele>
      </trkpt>
      <trkpt lat="47.15172" lon="5.6943">
        <ele>229.1</ele>
      </trkpt>
      <trkpt lat="47.15207" lon="5.69391">
        <ele>232.0</ele>
      </trkpt>
      <trkpt lat="47.15235" lon="5.69354">
        <ele>235.0</ele>
      </trkpt>
      <trkpt lat="47.15243" lon="5.69342">
        <ele>236.2</ele>
      </trkpt>
      <trkpt lat="47.15246" lon="5.69333">
        <ele>236.9</ele>
      </trkpt>
      <trkpt lat="47.15248" lon="5.69323">
        <ele>237.2</ele>
      </trkpt>
      <trkpt lat="47.15248" lon="5.69313">
        <ele>237.4</ele>
      </trkpt>
      <trkpt lat="47.15247" lon="5.69298">
        <ele>237.8</ele>
      </trkpt>
      <trkpt lat="47.15237" lon="5.69253">
        <ele>238.6</ele>
      </trkpt>
      <trkpt lat="47.15227" lon="5.6919">
        <ele>238.8</ele>
      </trkpt>
      <trkpt lat="47.15225" lon="5.69169">
        <ele>239.0</ele>
      </trkpt>
      <trkpt lat="47.15224" lon="5.69114">
        <ele>240.5</ele>
      </trkpt>
      <trkpt lat="47.15221" lon="5.69088">
        <ele>241.2</ele>
      </trkpt>
      <trkpt lat="47.15217" lon="5.6906">
        <ele>241.3</ele>
      </trkpt>
      <trkpt lat="47.15213" lon="5.69041">
        <ele>241.3</ele>
      </trkpt>
      <trkpt lat="47.15202" lon="5.69003">
        <ele>241.8</ele>
      </trkpt>
      <trkpt lat="47.15195" lon="5.68984">
        <ele>242.3</ele>
      </trkpt>
      <trkpt lat="47.15183" lon="5.68957">
        <ele>243.0</ele>
      </trkpt>
      <trkpt lat="47.15168" lon="5.68932">
        <ele>243.9</ele>
      </trkpt>
      <trkpt lat="47.15164" lon="5.68925">
        <ele>243.9</ele>
      </trkpt>
      <trkpt lat="47.15109" lon="5.68836">
        <ele>243.7</ele>
      </trkpt>
      <trkpt lat="47.15067" lon="5.68769">
        <ele>241.8</ele>
      </trkpt>
      <trkpt lat="47.15025" lon="5.68701">
        <ele>241.5</ele>
      </trkpt>
      <trkpt lat="47.14989" lon="5.68628">
        <ele>242.6</ele>
      </trkpt>
      <trkpt lat="47.14967" lon="5.68567">
        <ele>244.7</ele>
      </trkpt>
      <trkpt lat="47.14944" lon="5.68519">
        <ele>247.1</ele>
      </trkpt>
      <trkpt lat="47.14933" lon="5.68503">
        <ele>248.1</ele>
      </trkpt>
      <trkpt lat="47.14915" lon="5.68478">
        <ele>248.7</ele>
      </trkpt>
      <trkpt lat="47.14885" lon="5.68447">
        <ele>247.8</ele>
      </trkpt>
      <trkpt lat="47.14851" lon="5.68413">
        <ele>248.0</ele>
      </trkpt>
      <trkpt lat="47.14819" lon="5.68389">
        <ele>246.6</ele>
      </trkpt>
      <trkpt lat="47.14777" lon="5.68344">
        <ele>244.1</ele>
      </trkpt>
      <trkpt lat="47.14753" lon="5.68314">
        <ele>243.1</ele>
      </trkpt>
      <trkpt lat="47.14797" lon="5.68245">
        <ele>244.1</ele>
      </trkpt>
      <trkpt lat="47.14845" lon="5.68184">
        <ele>244.6</ele>
      </trkpt>
      <trkpt lat="47.14853" lon="5.68171">
        <ele>244.7</ele>
      </trkpt>
      <trkpt lat="47.14858" lon="5.68157">
        <ele>244.8</ele>
      </trkpt>
      <trkpt lat="47.14866" lon="5.6812">
        <ele>244.6</ele>
      </trkpt>
      <trkpt lat="47.14875" lon="5.68061">
        <ele>244.6</ele>
      </trkpt>
      <trkpt lat="47.14889" lon="5.67954">
        <ele>245.3</ele>
      </trkpt>
      <trkpt lat="47.14891" lon="5.67947">
        <ele>245.3</ele>
      </trkpt>
      <trkpt lat="47.14893" lon="5.67941">
        <ele>245.4</ele>
      </trkpt>
      <trkpt lat="47.14896" lon="5.67938">
        <ele>245.4</ele>
      </trkpt>
      <trkpt lat="47.14902" lon="5.67933">
        <ele>245.6</ele>
      </trkpt>
      <trkpt lat="47.14909" lon="5.67932">
        <ele>245.9</ele>
      </trkpt>
      <trkpt lat="47.14967" lon="5.6793">
        <ele>246.1</ele>
      </trkpt>
      <trkpt lat="47.14967" lon="5.67903">
        <ele>245.9</ele>
      </trkpt>
      <trkpt lat="47.14959" lon="5.67807">
        <ele>245.2</ele>
      </trkpt>
      <trkpt lat="47.14951" lon="5.67712">
        <ele>244.8</ele>
      </trkpt>
      <trkpt lat="47.14943" lon="5.67616">
        <ele>244.7</ele>
      </trkpt>
      <trkpt lat="47.14933" lon="5.67506">
        <ele>244.8</ele>
      </trkpt>
      <trkpt lat="47.14923" lon="5.67396">
        <ele>245.5</ele>
      </trkpt>
      <trkpt lat="47.14914" lon="5.67287">
        <ele>245.3</ele>
      </trkpt>
      <trkpt lat="47.14904" lon="5.67177">
        <ele>243.7</ele>
      </trkpt>
      <trkpt lat="47.14894" lon="5.6708">
        <ele>244.9</ele>
      </trkpt>
      <trkpt lat="47.14884" lon="5.66983">
        <ele>243.8</ele>
      </trkpt>
      <trkpt lat="47.14874" lon="5.66886">
        <ele>243.7</ele>
      </trkpt>
      <trkpt lat="47.14862" lon="5.66777">
        <ele>243.2</ele>
      </trkpt>
      <trkpt lat="47.1485" lon="5.66669">
        <ele>243.2</ele>
      </trkpt>
      <trkpt lat="47.14842" lon="5.66598">
        <ele>243.1</ele>
      </trkpt>
      <trkpt lat="47.14833" lon="5.66527">
        <ele>242.3</ele>
      </trkpt>
      <trkpt lat="47.14819" lon="5.66479">
        <ele>240.9</ele>
      </trkpt>
      <trkpt lat="47.14792" lon="5.66397">
        <ele>239.5</ele>
      </trkpt>
      <trkpt lat="47.14776" lon="5.66337">
        <ele>237.7</ele>
      </trkpt>
      <trkpt lat="47.14765" lon="5.66281">
        <ele>234.8</ele>
      </trkpt>
      <trkpt lat="47.14759" lon="5.6624">
        <ele>232.9</ele>
      </trkpt>
      <trkpt lat="47.14757" lon="5.66223">
        <ele>232.2</ele>
      </trkpt>
      <trkpt lat="47.14757" lon="5.66196">
        <ele>231.3</ele>
      </trkpt>
      <trkpt lat="47.14739" lon="5.66214">
        <ele>231.0</ele>
      </trkpt>
      <trkpt lat="47.14728" lon="5.66222">
        <ele>230.6</ele>
      </trkpt>
      <trkpt lat="47.14715" lon="5.66221">
        <ele>229.7</ele>
      </trkpt>
      <trkpt lat="47.14711" lon="5.66221">
        <ele>229.5</ele>
      </trkpt>
      <trkpt lat="47.14671" lon="5.662">
        <ele>226.6</ele>
      </trkpt>
      <trkpt lat="47.14661" lon="5.66196">
        <ele>225.9</ele>
      </trkpt>
      <trkpt lat="47.14648" lon="5.66194">
        <ele>224.7</ele>
      </trkpt>
      <trkpt lat="47.14638" lon="5.66188">
        <ele>223.8</ele>
      </trkpt>
      <trkpt lat="47.14638" lon="5.66178">
        <ele>223.7</ele>
      </trkpt>
      <trkpt lat="47.14649" lon="5.66097">
        <ele>223.6</ele>
      </trkpt>
      <trkpt lat="47.1465" lon="5.66081">
        <ele>223.5</ele>
      </trkpt>
      <trkpt lat="47.14647" lon="5.66057">
        <ele>222.3</ele>
      </trkpt>
      <trkpt lat="47.14652" lon="5.65986">
        <ele>220.3</ele>
      </trkpt>
      <trkpt lat="47.14665" lon="5.65911">
        <ele>219.8</ele>
      </trkpt>
      <trkpt lat="47.14651" lon="5.65913">
        <ele>218.8</ele>
      </trkpt>
      <trkpt lat="47.14608" lon="5.65915">
        <ele>215.7</ele>
      </trkpt>
      <trkpt lat="47.14583" lon="5.65913">
        <ele>213.9</ele>
      </trkpt>
      <trkpt lat="47.14569" lon="5.65909">
        <ele>213.2</ele>
      </trkpt>
      <trkpt lat="47.1456" lon="5.65907">
        <ele>212.8</ele>
      </trkpt>
      <trkpt lat="47.14566" lon="5.65819">
        <ele>211.7</ele>
      </trkpt>
      <trkpt lat="47.14573" lon="5.65768">
        <ele>210.2</ele>
      </trkpt>
      <trkpt lat="47.14584" lon="5.65741">
        <ele>209.9</ele>
      </trkpt>
      <trkpt lat="47.14587" lon="5.65727">
        <ele>210.0</ele>
      </trkpt>
      <trkpt lat="47.14599" lon="5.65619">
        <ele>209.8</ele>
      </trkpt>
      <trkpt lat="47.14608" lon="5.65537">
        <ele>209.7</ele>
      </trkpt>
      <trkpt lat="47.14604" lon="5.65512">
        <ele>209.1</ele>
      </trkpt>
      <trkpt lat="47.14612" lon="5.65445">
        <ele>209.1</ele>
      </trkpt>
      <trkpt lat="47.1462" lon="5.65379">
        <ele>209.3</ele>
      </trkpt>
      <trkpt lat="47.14626" lon="5.65348">
        <ele>209.5</ele>
      </trkpt>
      <trkpt lat="47.14634" lon="5.65316">
        <ele>209.5</ele>
      </trkpt>
      <trkpt lat="47.14643" lon="5.65293">
        <ele>209.3</ele>
      </trkpt>
      <trkpt lat="47.1466" lon="5.65263">
        <ele>209.1</ele>
      </trkpt>
      <trkpt lat="47.14676" lon="5.6523">
        <ele>210.1</ele>
      </trkpt>
      <trkpt lat="47.14682" lon="5.65208">
        <ele>210.9</ele>
      </trkpt>
      <trkpt lat="47.14686" lon="5.65185">
        <ele>211.4</ele>
      </trkpt>
      <trkpt lat="47.14688" lon="5.65077">
        <ele>211.1</ele>
      </trkpt>
      <trkpt lat="47.1469" lon="5.6497">
        <ele>211.7</ele>
      </trkpt>
      <trkpt lat="47.14689" lon="5.64921">
        <ele>211.5</ele>
      </trkpt>
      <trkpt lat="47.14688" lon="5.64887">
        <ele>211.1</ele>
      </trkpt>
      <trkpt lat="47.14681" lon="5.64799">
        <ele>210.3</ele>
      </trkpt>
      <trkpt lat="47.14673" lon="5.64711">
        <ele>210.5</ele>
      </trkpt>
      <trkpt lat="47.14666" lon="5.64624">
        <ele>210.5</ele>
      </trkpt>
      <trkpt lat="47.14661" lon="5.64576">
        <ele>210.8</ele>
      </trkpt>
      <trkpt lat="47.14645" lon="5.6446">
        <ele>210.9</ele>
      </trkpt>
      <trkpt lat="47.14627" lon="5.64357">
        <ele>211.3</ele>
      </trkpt>
      <trkpt lat="47.14609" lon="5.64254">
        <ele>211.8</ele>
      </trkpt>
      <trkpt lat="47.14595" lon="5.64198">
        <ele>211.6</ele>
      </trkpt>
      <trkpt lat="47.14596" lon="5.6417">
        <ele>212.0</ele>
      </trkpt>
      <trkpt lat="47.14576" lon="5.64048">
        <ele>210.8</ele>
      </trkpt>
      <trkpt lat="47.14556" lon="5.63926">
        <ele>209.7</ele>
      </trkpt>
      <trkpt lat="47.14536" lon="5.63805">
        <ele>210.2</ele>
      </trkpt>
      <trkpt lat="47.14516" lon="5.63683">
        <ele>208.6</ele>
      </trkpt>
      <trkpt lat="47.14496" lon="5.63562">
        <ele>207.3</ele>
      </trkpt>
      <trkpt lat="47.14476" lon="5.6344">
        <ele>207.8</ele>
      </trkpt>
      <trkpt lat="47.14457" lon="5.63318">
        <ele>206.9</ele>
      </trkpt>
      <trkpt lat="47.14437" lon="5.63197">
        <ele>206.1</ele>
      </trkpt>
      <trkpt lat="47.14417" lon="5.63075">
        <ele>206.0</ele>
      </trkpt>
      <trkpt lat="47.14397" lon="5.62954">
        <ele>206.1</ele>
      </trkpt>
      <trkpt lat="47.14377" lon="5.62832">
        <ele>206.5</ele>
      </trkpt>
      <trkpt lat="47.1437" lon="5.62802">
        <ele>206.6</ele>
      </trkpt>
      <trkpt lat="47.14366" lon="5.6279">
        <ele>206.6</ele>
      </trkpt>
      <trkpt lat="47.14359" lon="5.62742">
        <ele>206.8</ele>
      </trkpt>
      <trkpt lat="47.14361" lon="5.62737">
        <ele>206.8</ele>
      </trkpt>
      <trkpt lat="47.14363" lon="5.62731">
        <ele>206.8</ele>
      </trkpt>
      <trkpt lat="47.14387" lon="5.62723">
        <ele>206.8</ele>
      </trkpt>
      <trkpt lat="47.14386" lon="5.62717">
        <ele>206.9</ele>
      </trkpt>
      <trkpt lat="47.14383" lon="5.62702">
        <ele>207.1</ele>
      </trkpt>
      <trkpt lat="47.14363" lon="5.62581">
        <ele>206.4</ele>
      </trkpt>
      <trkpt lat="47.14343" lon="5.62461">
        <ele>207.4</ele>
      </trkpt>
      <trkpt lat="47.14323" lon="5.6234">
        <ele>206.3</ele>
      </trkpt>
      <trkpt lat="47.14303" lon="5.62219">
        <ele>205.8</ele>
      </trkpt>
      <trkpt lat="47.14283" lon="5.62099">
        <ele>204.8</ele>
      </trkpt>
      <trkpt lat="47.14263" lon="5.61978">
        <ele>206.0</ele>
      </trkpt>
      <trkpt lat="47.14243" lon="5.61858">
        <ele>205.3</ele>
      </trkpt>
      <trkpt lat="47.14223" lon="5.61737">
        <ele>205.0</ele>
      </trkpt>
      <trkpt lat="47.14203" lon="5.61616">
        <ele>205.6</ele>
      </trkpt>
      <trkpt lat="47.14184" lon="5.61496">
        <ele>206.2</ele>
      </trkpt>
      <trkpt lat="47.14164" lon="5.61375">
        <ele>206.4</ele>
      </trkpt>
      <trkpt lat="47.14144" lon="5.61254">
        <ele>206.4</ele>
      </trkpt>
      <trkpt lat="47.14124" lon="5.61134">
        <ele>208.4</ele>
      </trkpt>
      <trkpt lat="47.14107" lon="5.6103">
        <ele>209.4</ele>
      </trkpt>
      <trkpt lat="47.1409" lon="5.60926">
        <ele>208.8</ele>
      </trkpt>
      <trkpt lat="47.14073" lon="5.60822">
        <ele>207.5</ele>
      </trkpt>
      <trkpt lat="47.14055" lon="5.60723">
        <ele>207.4</ele>
      </trkpt>
      <trkpt lat="47.14038" lon="5.60625">
        <ele>209.6</ele>
      </trkpt>
      <trkpt lat="47.14028" lon="5.6058">
        <ele>210.5</ele>
      </trkpt>
      <trkpt lat="47.14027" lon="5.60554">
        <ele>211.2</ele>
      </trkpt>
      <trkpt lat="47.14023" lon="5.60527">
        <ele>211.5</ele>
      </trkpt>
      <trkpt lat="47.14018" lon="5.605">
        <ele>211.6</ele>
      </trkpt>
      <trkpt lat="47.14017" lon="5.60484">
        <ele>212.2</ele>
      </trkpt>
      <trkpt lat="47.14015" lon="5.60421">
        <ele>214.7</ele>
      </trkpt>
      <trkpt lat="47.1401" lon="5.60401">
        <ele>214.7</ele>
      </trkpt>
      <trkpt lat="47.13992" lon="5.60337">
        <ele>215.6</ele>
      </trkpt>
      <trkpt lat="47.13974" lon="5.60273">
        <ele>215.9</ele>
      </trkpt>
      <trkpt lat="47.13952" lon="5.60201">
        <ele>215.2</ele>
      </trkpt>
      <trkpt lat="47.13931" lon="5.60129">
        <ele>214.0</ele>
      </trkpt>
      <trkpt lat="47.13904" lon="5.60046">
        <ele>214.5</ele>
      </trkpt>
      <trkpt lat="47.13858" lon="5.59934">
        <ele>217.0</ele>
      </trkpt>
      <trkpt lat="47.13842" lon="5.59897">
        <ele>215.9</ele>
      </trkpt>
      <trkpt lat="47.13807" lon="5.59823">
        <ele>212.6</ele>
      </trkpt>
      <trkpt lat="47.13792" lon="5.59794">
        <ele>212.9</ele>
      </trkpt>
      <trkpt lat="47.13756" lon="5.59734">
        <ele>212.7</ele>
      </trkpt>
      <trkpt lat="47.13735" lon="5.597">
        <ele>211.6</ele>
      </trkpt>
      <trkpt lat="47.13692" lon="5.59627">
        <ele>211.4</ele>
      </trkpt>
      <trkpt lat="47.13656" lon="5.59562">
        <ele>211.7</ele>
      </trkpt>
      <trkpt lat="47.1362" lon="5.59497">
        <ele>211.6</ele>
      </trkpt>
      <trkpt lat="47.13592" lon="5.59448">
        <ele>209.6</ele>
      </trkpt>
      <trkpt lat="47.13581" lon="5.59424">
        <ele>208.8</ele>
      </trkpt>
      <trkpt lat="47.13574" lon="5.594">
        <ele>209.3</ele>
      </trkpt>
      <trkpt lat="47.13553" lon="5.59321">
        <ele>211.2</ele>
      </trkpt>
      <trkpt lat="47.13545" lon="5.59325">
        <ele>210.2</ele>
      </trkpt>
      <trkpt lat="47.13504" lon="5.5923">
        <ele>211.2</ele>
      </trkpt>
      <trkpt lat="47.13464" lon="5.59135">
        <ele>211.8</ele>
      </trkpt>
      <trkpt lat="47.13424" lon="5.59039">
        <ele>210.9</ele>
      </trkpt>
      <trkpt lat="47.13383" lon="5.58944">
        <ele>210.1</ele>
      </trkpt>
      <trkpt lat="47.13343" lon="5.58849">
        <ele>206.4</ele>
      </trkpt>
      <trkpt lat="47.13334" lon="5.58822">
        <ele>205.4</ele>
      </trkpt>
      <trkpt lat="47.1333" lon="5.58801">
        <ele>205.8</ele>
      </trkpt>
      <trkpt lat="47.13326" lon="5.58763">
        <ele>206.6</ele>
      </trkpt>
      <trkpt lat="47.13326" lon="5.58749">
        <ele>206.9</ele>
      </trkpt>
      <trkpt lat="47.13327" lon="5.58732">
        <ele>207.1</ele>
      </trkpt>
      <trkpt lat="47.13341" lon="5.58622">
        <ele>208.5</ele>
      </trkpt>
      <trkpt lat="47.13355" lon="5.58512">
        <ele>208.0</ele>
      </trkpt>
      <trkpt lat="47.1337" lon="5.58403">
        <ele>207.5</ele>
      </trkpt>
      <trkpt lat="47.13384" lon="5.58293">
        <ele>206.6</ele>
      </trkpt>
      <trkpt lat="47.13398" lon="5.58183">
        <ele>206.6</ele>
      </trkpt>
      <trkpt lat="47.13401" lon="5.58159">
        <ele>206.6</ele>
      </trkpt>
      <trkpt lat="47.13403" lon="5.58121">
        <ele>206.8</ele>
      </trkpt>
      <trkpt lat="47.13411" lon="5.58068">
        <ele>207.1</ele>
      </trkpt>
      <trkpt lat="47.13416" lon="5.58037">
        <ele>207.5</ele>
      </trkpt>
      <trkpt lat="47.13421" lon="5.57987">
        <ele>208.6</ele>
      </trkpt>
      <trkpt lat="47.13424" lon="5.57944">
        <ele>209.5</ele>
      </trkpt>
      <trkpt lat="47.13426" lon="5.57875">
        <ele>211.3</ele>
      </trkpt>
      <trkpt lat="47.13426" lon="5.57848">
        <ele>212.0</ele>
      </trkpt>
      <trkpt lat="47.13423" lon="5.57823">
        <ele>212.8</ele>
      </trkpt>
      <trkpt lat="47.13419" lon="5.57802">
        <ele>213.6</ele>
      </trkpt>
      <trkpt lat="47.13408" lon="5.57765">
        <ele>215.0</ele>
      </trkpt>
      <trkpt lat="47.13396" lon="5.57732">
        <ele>216.3</ele>
      </trkpt>
      <trkpt lat="47.13382" lon="5.57702">
        <ele>217.5</ele>
      </trkpt>
      <trkpt lat="47.13373" lon="5.57688">
        <ele>217.7</ele>
      </trkpt>
      <trkpt lat="47.1335" lon="5.57659">
        <ele>217.6</ele>
      </trkpt>
      <trkpt lat="47.13308" lon="5.57616">
        <ele>217.7</ele>
      </trkpt>
      <trkpt lat="47.13291" lon="5.57596">
        <ele>217.1</ele>
      </trkpt>
      <trkpt lat="47.13279" lon="5.57579">
        <ele>216.9</ele>
      </trkpt>
      <trkpt lat="47.13219" lon="5.57482">
        <ele>216.3</ele>
      </trkpt>
      <trkpt lat="47.13197" lon="5.57439">
        <ele>215.5</ele>
      </trkpt>
      <trkpt lat="47.13188" lon="5.57418">
        <ele>214.7</ele>
      </trkpt>
      <trkpt lat="47.13179" lon="5.57397">
        <ele>213.8</ele>
      </trkpt>
      <trkpt lat="47.13151" lon="5.57316">
        <ele>215.4</ele>
      </trkpt>
      <trkpt lat="47.13127" lon="5.57251">
        <ele>219.2</ele>
      </trkpt>
      <trkpt lat="47.13112" lon="5.57217">
        <ele>220.1</ele>
      </trkpt>
      <trkpt lat="47.1309" lon="5.57172">
        <ele>217.7</ele>
      </trkpt>
      <trkpt lat="47.13083" lon="5.57159">
        <ele>217.2</ele>
      </trkpt>
      <trkpt lat="47.13068" lon="5.57136">
        <ele>218.6</ele>
      </trkpt>
      <trkpt lat="47.13051" lon="5.57116">
        <ele>218.2</ele>
      </trkpt>
      <trkpt lat="47.13043" lon="5.57108">
        <ele>217.3</ele>
      </trkpt>
      <trkpt lat="47.13035" lon="5.57098">
        <ele>216.5</ele>
      </trkpt>
      <trkpt lat="47.1303" lon="5.57091">
        <ele>216.1</ele>
      </trkpt>
      <trkpt lat="47.13025" lon="5.57081">
        <ele>215.6</ele>
      </trkpt>
      <trkpt lat="47.12997" lon="5.57007">
        <ele>213.2</ele>
      </trkpt>
      <trkpt lat="47.12988" lon="5.56988">
        <ele>213.8</ele>
      </trkpt>
      <trkpt lat="47.12956" lon="5.56929">
        <ele>213.0</ele>
      </trkpt>
      <trkpt lat="47.12925" lon="5.5687">
        <ele>210.5</ele>
      </trkpt>
      <trkpt lat="47.12897" lon="5.56821">
        <ele>210.8</ele>
      </trkpt>
      <trkpt lat="47.12873" lon="5.56784">
        <ele>213.3</ele>
      </trkpt>
      <trkpt lat="47.12852" lon="5.56755">
        <ele>212.1</ele>
      </trkpt>
      <trkpt lat="47.12811" lon="5.56706">
        <ele>213.0</ele>
      </trkpt>
      <trkpt lat="47.12791" lon="5.56678">
        <ele>213.7</ele>
      </trkpt>
      <trkpt lat="47.12776" lon="5.56649">
        <ele>215.2</ele>
      </trkpt>
      <trkpt lat="47.12753" lon="5.566">
        <ele>218.1</ele>
      </trkpt>
      <trkpt lat="47.12744" lon="5.56584">
        <ele>219.2</ele>
      </trkpt>
      <trkpt lat="47.12731" lon="5.56565">
        <ele>221.2</ele>
      </trkpt>
      <trkpt lat="47.12692" lon="5.56517">
        <ele>222.4</ele>
      </trkpt>
      <trkpt lat="47.12665" lon="5.56487">
        <ele>220.2</ele>
      </trkpt>
      <trkpt lat="47.12639" lon="5.56465">
        <ele>219.3</ele>
      </trkpt>
      <trkpt lat="47.12604" lon="5.5644">
        <ele>217.5</ele>
      </trkpt>
      <trkpt lat="47.12577" lon="5.56417">
        <ele>216.0</ele>
      </trkpt>
      <trkpt lat="47.12565" lon="5.56405">
        <ele>214.6</ele>
      </trkpt>
      <trkpt lat="47.12526" lon="5.56359">
        <ele>210.8</ele>
      </trkpt>
      <trkpt lat="47.12512" lon="5.56346">
        <ele>209.2</ele>
      </trkpt>
      <trkpt lat="47.12491" lon="5.5633">
        <ele>207.9</ele>
      </trkpt>
      <trkpt lat="47.12473" lon="5.56315">
        <ele>208.1</ele>
      </trkpt>
      <trkpt lat="47.12465" lon="5.5631">
        <ele>208.0</ele>
      </trkpt>
      <trkpt lat="47.12461" lon="5.56309">
        <ele>207.8</ele>
      </trkpt>
      <trkpt lat="47.12378" lon="5.5626">
        <ele>205.5</ele>
      </trkpt>
      <trkpt lat="47.12361" lon="5.56244">
        <ele>205.4</ele>
      </trkpt>
      <trkpt lat="47.12344" lon="5.56222">
        <ele>205.2</ele>
      </trkpt>
      <trkpt lat="47.12282" lon="5.56135">
        <ele>204.5</ele>
      </trkpt>
      <trkpt lat="47.12219" lon="5.56047">
        <ele>204.3</ele>
      </trkpt>
      <trkpt lat="47.12157" lon="5.55959">
        <ele>204.9</ele>
      </trkpt>
      <trkpt lat="47.12095" lon="5.55872">
        <ele>203.1</ele>
      </trkpt>
      <trkpt lat="47.12032" lon="5.55784">
        <ele>202.8</ele>
      </trkpt>
      <trkpt lat="47.1197" lon="5.55697">
        <ele>202.1</ele>
      </trkpt>
      <trkpt lat="47.11908" lon="5.55609">
        <ele>201.4</ele>
      </trkpt>
      <trkpt lat="47.11845" lon="5.55521">
        <ele>202.6</ele>
      </trkpt>
      <trkpt lat="47.11783" lon="5.55434">
        <ele>202.1</ele>
      </trkpt>
      <trkpt lat="47.11721" lon="5.55346">
        <ele>201.9</ele>
      </trkpt>
      <trkpt lat="47.11658" lon="5.55259">
        <ele>202.9</ele>
      </trkpt>
      <trkpt lat="47.11596" lon="5.55171">
        <ele>202.9</ele>
      </trkpt>
      <trkpt lat="47.1154" lon="5.55093">
        <ele>202.9</ele>
      </trkpt>
      <trkpt lat="47.11485" lon="5.55014">
        <ele>201.8</ele>
      </trkpt>
      <trkpt lat="47.11429" lon="5.54936">
        <ele>201.2</ele>
      </trkpt>
      <trkpt lat="47.11374" lon="5.54858">
        <ele>201.0</ele>
      </trkpt>
      <trkpt lat="47.11354" lon="5.54835">
        <ele>201.0</ele>
      </trkpt>
      <trkpt lat="47.11331" lon="5.54813">
        <ele>200.8</ele>
      </trkpt>
      <trkpt lat="47.11317" lon="5.54804">
        <ele>200.8</ele>
      </trkpt>
      <trkpt lat="47.11235" lon="5.54771">
        <ele>202.2</ele>
      </trkpt>
      <trkpt lat="47.11152" lon="5.54738">
        <ele>205.9</ele>
      </trkpt>
      <trkpt lat="47.1107" lon="5.54706">
        <ele>208.7</ele>
      </trkpt>
      <trkpt lat="47.10987" lon="5.54673">
        <ele>210.0</ele>
      </trkpt>
      <trkpt lat="47.10905" lon="5.5464">
        <ele>205.1</ele>
      </trkpt>
      <trkpt lat="47.10822" lon="5.54607">
        <ele>204.5</ele>
      </trkpt>
      <trkpt lat="47.10739" lon="5.54574">
        <ele>204.3</ele>
      </trkpt>
      <trkpt lat="47.10657" lon="5.54541">
        <ele>202.8</ele>
      </trkpt>
      <trkpt lat="47.10574" lon="5.54508">
        <ele>202.1</ele>
      </trkpt>
      <trkpt lat="47.10492" lon="5.54475">
        <ele>203.7</ele>
      </trkpt>
      <trkpt lat="47.10409" lon="5.54442">
        <ele>202.9</ele>
      </trkpt>
      <trkpt lat="47.10327" lon="5.54409">
        <ele>202.1</ele>
      </trkpt>
      <trkpt lat="47.10244" lon="5.54377">
        <ele>202.6</ele>
      </trkpt>
      <trkpt lat="47.10162" lon="5.54344">
        <ele>203.9</ele>
      </trkpt>
      <trkpt lat="47.10079" lon="5.54311">
        <ele>204.4</ele>
      </trkpt>
      <trkpt lat="47.10002" lon="5.54252">
        <ele>204.0</ele>
      </trkpt>
      <trkpt lat="47.09932" lon="5.54182">
        <ele>204.3</ele>
      </trkpt>
      <trkpt lat="47.09884" lon="5.54113">
        <ele>204.6</ele>
      </trkpt>
      <trkpt lat="47.09846" lon="5.54036">
        <ele>203.9</ele>
      </trkpt>
      <trkpt lat="47.09817" lon="5.53968">
        <ele>202.7</ele>
      </trkpt>
      <trkpt lat="47.09806" lon="5.53938">
        <ele>202.6</ele>
      </trkpt>
      <trkpt lat="47.098" lon="5.53919">
        <ele>202.6</ele>
      </trkpt>
      <trkpt lat="47.09774" lon="5.53828">
        <ele>203.8</ele>
      </trkpt>
      <trkpt lat="47.09765" lon="5.53803">
        <ele>203.3</ele>
      </trkpt>
      <trkpt lat="47.09759" lon="5.53773">
        <ele>202.8</ele>
      </trkpt>
      <trkpt lat="47.09762" lon="5.53761">
        <ele>202.8</ele>
      </trkpt>
      <trkpt lat="47.09761" lon="5.53754">
        <ele>202.7</ele>
      </trkpt>
      <trkpt lat="47.09742" lon="5.53651">
        <ele>201.9</ele>
      </trkpt>
      <trkpt lat="47.09722" lon="5.53549">
        <ele>201.3</ele>
      </trkpt>
      <trkpt lat="47.09702" lon="5.53446">
        <ele>201.5</ele>
      </trkpt>
      <trkpt lat="47.09677" lon="5.53327">
        <ele>202.4</ele>
      </trkpt>
      <trkpt lat="47.09652" lon="5.53208">
        <ele>202.6</ele>
      </trkpt>
      <trkpt lat="47.09649" lon="5.53197">
        <ele>202.7</ele>
      </trkpt>
      <trkpt lat="47.0964" lon="5.53181">
        <ele>202.7</ele>
      </trkpt>
      <trkpt lat="47.09635" lon="5.53164">
        <ele>202.6</ele>
      </trkpt>
      <trkpt lat="47.09635" lon="5.53158">
        <ele>202.6</ele>
      </trkpt>
      <trkpt lat="47.09637" lon="5.53141">
        <ele>202.5</ele>
      </trkpt>
      <trkpt lat="47.09636" lon="5.53126">
        <ele>202.4</ele>
      </trkpt>
      <trkpt lat="47.09615" lon="5.53025">
        <ele>201.9</ele>
      </trkpt>
      <trkpt lat="47.09594" lon="5.52925">
        <ele>202.1</ele>
      </trkpt>
      <trkpt lat="47.09574" lon="5.52825">
        <ele>201.0</ele>
      </trkpt>
      <trkpt lat="47.09553" lon="5.52724">
        <ele>201.6</ele>
      </trkpt>
      <trkpt lat="47.09546" lon="5.5268">
        <ele>202.4</ele>
      </trkpt>
      <trkpt lat="47.09543" lon="5.52681">
        <ele>202.3</ele>
      </trkpt>
      <trkpt lat="47.09527" lon="5.52688">
        <ele>201.7</ele>
      </trkpt>
      <trkpt lat="47.09524" lon="5.5269">
        <ele>201.6</ele>
      </trkpt>
      <trkpt lat="47.09512" lon="5.52644">
        <ele>201.1</ele>
      </trkpt>
      <trkpt lat="47.09495" lon="5.52556">
        <ele>199.7</ele>
      </trkpt>
      <trkpt lat="47.09478" lon="5.52468">
        <ele>199.3</ele>
      </trkpt>
      <trkpt lat="47.0945" lon="5.52346">
        <ele>199.7</ele>
      </trkpt>
      <trkpt lat="47.09425" lon="5.52223">
        <ele>200.2</ele>
      </trkpt>
      <trkpt lat="47.094" lon="5.521">
        <ele>199.6</ele>
      </trkpt>
      <trkpt lat="47.09376" lon="5.51977">
        <ele>200.1</ele>
      </trkpt>
      <trkpt lat="47.09351" lon="5.51854">
        <ele>201.4</ele>
      </trkpt>
      <trkpt lat="47.09332" lon="5.51756">
        <ele>201.0</ele>
      </trkpt>
      <trkpt lat="47.09312" lon="5.51658">
        <ele>200.1</ele>
      </trkpt>
      <trkpt lat="47.09293" lon="5.5156">
        <ele>200.5</ele>
      </trkpt>
      <trkpt lat="47.09282" lon="5.51462">
        <ele>201.4</ele>
      </trkpt>
      <trkpt lat="47.09279" lon="5.51395">
        <ele>203.7</ele>
      </trkpt>
      <trkpt lat="47.09277" lon="5.51329">
        <ele>207.1</ele>
      </trkpt>
      <trkpt lat="47.09284" lon="5.51205">
        <ele>206.7</ele>
      </trkpt>
      <trkpt lat="47.0929" lon="5.51081">
        <ele>206.0</ele>
      </trkpt>
      <trkpt lat="47.09297" lon="5.50957">
        <ele>206.1</ele>
      </trkpt>
      <trkpt lat="47.09301" lon="5.50899">
        <ele>205.7</ele>
      </trkpt>
      <trkpt lat="47.0931" lon="5.50863">
        <ele>206.5</ele>
      </trkpt>
      <trkpt lat="47.09311" lon="5.50846">
        <ele>206.9</ele>
      </trkpt>
      <trkpt lat="47.09305" lon="5.50823">
        <ele>206.8</ele>
      </trkpt>
      <trkpt lat="47.0931" lon="5.50708">
        <ele>205.4</ele>
      </trkpt>
      <trkpt lat="47.09316" lon="5.50593">
        <ele>207.4</ele>
      </trkpt>
      <trkpt lat="47.09321" lon="5.50479">
        <ele>208.2</ele>
      </trkpt>
      <trkpt lat="47.09318" lon="5.50459">
        <ele>208.0</ele>
      </trkpt>
      <trkpt lat="47.0931" lon="5.50445">
        <ele>207.4</ele>
      </trkpt>
      <trkpt lat="47.09291" lon="5.50436">
        <ele>206.0</ele>
      </trkpt>
      <trkpt lat="47.09304" lon="5.50387">
        <ele>205.9</ele>
      </trkpt>
      <trkpt lat="47.09313" lon="5.50335">
        <ele>204.9</ele>
      </trkpt>
      <trkpt lat="47.09316" lon="5.50325">
        <ele>204.9</ele>
      </trkpt>
      <trkpt lat="47.09321" lon="5.50311">
        <ele>205.1</ele>
      </trkpt>
      <trkpt lat="47.09325" lon="5.50306">
        <ele>205.2</ele>
      </trkpt>
      <trkpt lat="47.09332" lon="5.503">
        <ele>205.5</ele>
      </trkpt>
      <trkpt lat="47.09338" lon="5.50298">
        <ele>205.5</ele>
      </trkpt>
      <trkpt lat="47.09354" lon="5.503">
        <ele>205.2</ele>
      </trkpt>
      <trkpt lat="47.09358" lon="5.503">
        <ele>205.2</ele>
      </trkpt>
      <trkpt lat="47.09365" lon="5.50176">
        <ele>205.0</ele>
      </trkpt>
      <trkpt lat="47.09371" lon="5.50052">
        <ele>205.2</ele>
      </trkpt>
      <trkpt lat="47.09372" lon="5.50045">
        <ele>205.4</ele>
      </trkpt>
      <trkpt lat="47.09372" lon="5.50029">
        <ele>205.9</ele>
      </trkpt>
      <trkpt lat="47.09375" lon="5.49964">
        <ele>208.5</ele>
      </trkpt>
      <trkpt lat="47.09375" lon="5.49951">
        <ele>209.1</ele>
      </trkpt>
      <trkpt lat="47.09379" lon="5.4995">
        <ele>209.7</ele>
      </trkpt>
      <trkpt lat="47.09377" lon="5.49938">
        <ele>209.9</ele>
      </trkpt>
      <trkpt lat="47.09374" lon="5.49927">
        <ele>209.9</ele>
      </trkpt>
      <trkpt lat="47.09363" lon="5.49895">
        <ele>208.9</ele>
      </trkpt>
      <trkpt lat="47.09361" lon="5.49892">
        <ele>208.6</ele>
      </trkpt>
      <trkpt lat="47.09365" lon="5.49882">
        <ele>209.4</ele>
      </trkpt>
      <trkpt lat="47.09387" lon="5.49794">
        <ele>214.7</ele>
      </trkpt>
      <trkpt lat="47.0941" lon="5.49715">
        <ele>220.6</ele>
      </trkpt>
      <trkpt lat="47.09416" lon="5.49703">
        <ele>221.8</ele>
      </trkpt>
      <trkpt lat="47.09424" lon="5.49688">
        <ele>222.9</ele>
      </trkpt>
    </trkseg>
  </trk>
</gpx>
