<?xml version="1.0" encoding="UTF-8"?>
<gpx xmlns:gpxdata="http://www.cluetrust.com/XML/GPXDATA/1/0" xmlns:xsi="http://www.w3.org/2001/XMLSchema-instance" xmlns="http://www.topografix.com/GPX/1/1" version="1.1" creator="http://ridewithgps.com/" xsi:schemaLocation="http://www.topografix.com/GPX/1/1 http://www.topografix.com/GPX/1/1/gpx.xsd http://www.cluetrust.com/XML/GPXDATA/1/0 http://www.cluetrust.com/Schemas/gpxdata10.xsd">
  <metadata>
    <name>Jour 15 - Chagny @ Tournus</name>
    <link href="https://ridewithgps.com/routes/56273151">
      <text>Jour 15 - Chagny @ Tournus</text>
    </link>
    <time>2026-07-22T15:15:31Z</time>
  </metadata>
  <trk>
    <name>Jour 15 - Chagny @ Tournus</name>
    <trkseg>
      <trkpt lat="46.90862" lon="4.74871">
        <ele>209.8</ele>
      </trkpt>
      <trkpt lat="46.90861" lon="4.7486">
        <ele>209.8</ele>
      </trkpt>
      <trkpt lat="46.90861" lon="4.74853">
        <ele>209.7</ele>
      </trkpt>
      <trkpt lat="46.90864" lon="4.74834">
        <ele>209.5</ele>
      </trkpt>
      <trkpt lat="46.90877" lon="4.74775">
        <ele>208.9</ele>
      </trkpt>
      <trkpt lat="46.90885" lon="4.74751">
        <ele>208.5</ele>
      </trkpt>
      <trkpt lat="46.90866" lon="4.7473">
        <ele>210.0</ele>
      </trkpt>
      <trkpt lat="46.90836" lon="4.74693">
        <ele>212.9</ele>
      </trkpt>
      <trkpt lat="46.90829" lon="4.74687">
        <ele>213.6</ele>
      </trkpt>
      <trkpt lat="46.90825" lon="4.74686">
        <ele>214.0</ele>
      </trkpt>
      <trkpt lat="46.90821" lon="4.74687">
        <ele>214.3</ele>
      </trkpt>
      <trkpt lat="46.90816" lon="4.7469">
        <ele>214.5</ele>
      </trkpt>
      <trkpt lat="46.9075" lon="4.74766">
        <ele>216.2</ele>
      </trkpt>
      <trkpt lat="46.90741" lon="4.74773">
        <ele>216.2</ele>
      </trkpt>
      <trkpt lat="46.90734" lon="4.74776">
        <ele>216.2</ele>
      </trkpt>
      <trkpt lat="46.90722" lon="4.74776">
        <ele>216.7</ele>
      </trkpt>
      <trkpt lat="46.90717" lon="4.74774">
        <ele>216.9</ele>
      </trkpt>
      <trkpt lat="46.90712" lon="4.7477">
        <ele>217.3</ele>
      </trkpt>
      <trkpt lat="46.90709" lon="4.74765">
        <ele>217.7</ele>
      </trkpt>
      <trkpt lat="46.90695" lon="4.74701">
        <ele>219.8</ele>
      </trkpt>
      <trkpt lat="46.90686" lon="4.74663">
        <ele>220.2</ele>
      </trkpt>
      <trkpt lat="46.90678" lon="4.74647">
        <ele>220.2</ele>
      </trkpt>
      <trkpt lat="46.90678" lon="4.74647">
        <ele>223.1</ele>
      </trkpt>
      <trkpt lat="46.90676" lon="4.74642">
        <ele>223.1</ele>
      </trkpt>
      <trkpt lat="46.90663" lon="4.74621">
        <ele>222.9</ele>
      </trkpt>
      <trkpt lat="46.90662" lon="4.74619">
        <ele>222.9</ele>
      </trkpt>
      <trkpt lat="46.9066" lon="4.74614">
        <ele>222.8</ele>
      </trkpt>
      <trkpt lat="46.90658" lon="4.74611">
        <ele>222.8</ele>
      </trkpt>
      <trkpt lat="46.90635" lon="4.74589">
        <ele>222.5</ele>
      </trkpt>
      <trkpt lat="46.90625" lon="4.74577">
        <ele>222.2</ele>
      </trkpt>
      <trkpt lat="46.90617" lon="4.74566">
        <ele>222.0</ele>
      </trkpt>
      <trkpt lat="46.90615" lon="4.74573">
        <ele>221.3</ele>
      </trkpt>
      <trkpt lat="46.90616" lon="4.74579">
        <ele>221.6</ele>
      </trkpt>
      <trkpt lat="46.90623" lon="4.74593">
        <ele>221.8</ele>
      </trkpt>
      <trkpt lat="46.90639" lon="4.74609">
        <ele>221.8</ele>
      </trkpt>
      <trkpt lat="46.90643" lon="4.74616">
        <ele>222.1</ele>
      </trkpt>
      <trkpt lat="46.90645" lon="4.74622">
        <ele>222.5</ele>
      </trkpt>
      <trkpt lat="46.90646" lon="4.74632">
        <ele>222.4</ele>
      </trkpt>
      <trkpt lat="46.90645" lon="4.74639">
        <ele>221.7</ele>
      </trkpt>
      <trkpt lat="46.90642" lon="4.74647">
        <ele>221.5</ele>
      </trkpt>
      <trkpt lat="46.90556" lon="4.74766">
        <ele>220.6</ele>
      </trkpt>
      <trkpt lat="46.90472" lon="4.74885">
        <ele>220.7</ele>
      </trkpt>
      <trkpt lat="46.90451" lon="4.74912">
        <ele>220.9</ele>
      </trkpt>
      <trkpt lat="46.90427" lon="4.7493">
        <ele>221.6</ele>
      </trkpt>
      <trkpt lat="46.90347" lon="4.74969">
        <ele>221.7</ele>
      </trkpt>
      <trkpt lat="46.90325" lon="4.74995">
        <ele>222.4</ele>
      </trkpt>
      <trkpt lat="46.90314" lon="4.75015">
        <ele>222.4</ele>
      </trkpt>
      <trkpt lat="46.90306" lon="4.75041">
        <ele>221.8</ele>
      </trkpt>
      <trkpt lat="46.90302" lon="4.75081">
        <ele>222.3</ele>
      </trkpt>
      <trkpt lat="46.90299" lon="4.75102">
        <ele>222.6</ele>
      </trkpt>
      <trkpt lat="46.90284" lon="4.75189">
        <ele>223.8</ele>
      </trkpt>
      <trkpt lat="46.90282" lon="4.75204">
        <ele>224.1</ele>
      </trkpt>
      <trkpt lat="46.9028" lon="4.75211">
        <ele>224.2</ele>
      </trkpt>
      <trkpt lat="46.90278" lon="4.75227">
        <ele>224.4</ele>
      </trkpt>
      <trkpt lat="46.9027" lon="4.75235">
        <ele>224.6</ele>
      </trkpt>
      <trkpt lat="46.90262" lon="4.75236">
        <ele>224.7</ele>
      </trkpt>
      <trkpt lat="46.90257" lon="4.75239">
        <ele>225.2</ele>
      </trkpt>
      <trkpt lat="46.90251" lon="4.75246">
        <ele>224.9</ele>
      </trkpt>
      <trkpt lat="46.90246" lon="4.75254">
        <ele>224.1</ele>
      </trkpt>
      <trkpt lat="46.90239" lon="4.75268">
        <ele>224.5</ele>
      </trkpt>
      <trkpt lat="46.90237" lon="4.7528">
        <ele>224.3</ele>
      </trkpt>
      <trkpt lat="46.90232" lon="4.75294">
        <ele>224.1</ele>
      </trkpt>
      <trkpt lat="46.90226" lon="4.75304">
        <ele>224.7</ele>
      </trkpt>
      <trkpt lat="46.90219" lon="4.75312">
        <ele>225.1</ele>
      </trkpt>
      <trkpt lat="46.90217" lon="4.75312">
        <ele>224.2</ele>
      </trkpt>
      <trkpt lat="46.90215" lon="4.75323">
        <ele>225.7</ele>
      </trkpt>
      <trkpt lat="46.90212" lon="4.7533">
        <ele>226.2</ele>
      </trkpt>
      <trkpt lat="46.90207" lon="4.75336">
        <ele>226.3</ele>
      </trkpt>
      <trkpt lat="46.90186" lon="4.75342">
        <ele>225.9</ele>
      </trkpt>
      <trkpt lat="46.89166" lon="4.75677">
        <ele>226.0</ele>
      </trkpt>
      <trkpt lat="46.89149" lon="4.75684">
        <ele>225.5</ele>
      </trkpt>
      <trkpt lat="46.89132" lon="4.75694">
        <ele>224.9</ele>
      </trkpt>
      <trkpt lat="46.89114" lon="4.75714">
        <ele>225.6</ele>
      </trkpt>
      <trkpt lat="46.89103" lon="4.75733">
        <ele>227.0</ele>
      </trkpt>
      <trkpt lat="46.89082" lon="4.7578">
        <ele>226.9</ele>
      </trkpt>
      <trkpt lat="46.89029" lon="4.75909">
        <ele>226.0</ele>
      </trkpt>
      <trkpt lat="46.89008" lon="4.75961">
        <ele>225.1</ele>
      </trkpt>
      <trkpt lat="46.8898" lon="4.76027">
        <ele>223.8</ele>
      </trkpt>
      <trkpt lat="46.8897" lon="4.76055">
        <ele>222.1</ele>
      </trkpt>
      <trkpt lat="46.88955" lon="4.76087">
        <ele>221.1</ele>
      </trkpt>
      <trkpt lat="46.88947" lon="4.76105">
        <ele>219.6</ele>
      </trkpt>
      <trkpt lat="46.88934" lon="4.76137">
        <ele>219.4</ele>
      </trkpt>
      <trkpt lat="46.88909" lon="4.76195">
        <ele>218.7</ele>
      </trkpt>
      <trkpt lat="46.88877" lon="4.76272">
        <ele>218.1</ele>
      </trkpt>
      <trkpt lat="46.88857" lon="4.76321">
        <ele>217.8</ele>
      </trkpt>
      <trkpt lat="46.88833" lon="4.76379">
        <ele>217.8</ele>
      </trkpt>
      <trkpt lat="46.88822" lon="4.76398">
        <ele>217.9</ele>
      </trkpt>
      <trkpt lat="46.88812" lon="4.76413">
        <ele>217.5</ele>
      </trkpt>
      <trkpt lat="46.88795" lon="4.76425">
        <ele>217.4</ele>
      </trkpt>
      <trkpt lat="46.88761" lon="4.76442">
        <ele>217.4</ele>
      </trkpt>
      <trkpt lat="46.88707" lon="4.76466">
        <ele>216.8</ele>
      </trkpt>
      <trkpt lat="46.88665" lon="4.76485">
        <ele>215.8</ele>
      </trkpt>
      <trkpt lat="46.88643" lon="4.76492">
        <ele>214.8</ele>
      </trkpt>
      <trkpt lat="46.8858" lon="4.76501">
        <ele>213.8</ele>
      </trkpt>
      <trkpt lat="46.88554" lon="4.76503">
        <ele>213.3</ele>
      </trkpt>
      <trkpt lat="46.88512" lon="4.76497">
        <ele>213.1</ele>
      </trkpt>
      <trkpt lat="46.88487" lon="4.76494">
        <ele>213.2</ele>
      </trkpt>
      <trkpt lat="46.88463" lon="4.76488">
        <ele>212.7</ele>
      </trkpt>
      <trkpt lat="46.88352" lon="4.76456">
        <ele>213.0</ele>
      </trkpt>
      <trkpt lat="46.88317" lon="4.76452">
        <ele>212.2</ele>
      </trkpt>
      <trkpt lat="46.8829" lon="4.76453">
        <ele>211.6</ele>
      </trkpt>
      <trkpt lat="46.88266" lon="4.76463">
        <ele>211.1</ele>
      </trkpt>
      <trkpt lat="46.88245" lon="4.76477">
        <ele>211.4</ele>
      </trkpt>
      <trkpt lat="46.88228" lon="4.76497">
        <ele>211.3</ele>
      </trkpt>
      <trkpt lat="46.88216" lon="4.76517">
        <ele>211.5</ele>
      </trkpt>
      <trkpt lat="46.88206" lon="4.76539">
        <ele>211.8</ele>
      </trkpt>
      <trkpt lat="46.88199" lon="4.76558">
        <ele>212.1</ele>
      </trkpt>
      <trkpt lat="46.88193" lon="4.76574">
        <ele>212.6</ele>
      </trkpt>
      <trkpt lat="46.88192" lon="4.76576">
        <ele>212.9</ele>
      </trkpt>
      <trkpt lat="46.88176" lon="4.76611">
        <ele>213.5</ele>
      </trkpt>
      <trkpt lat="46.88175" lon="4.76614">
        <ele>213.2</ele>
      </trkpt>
      <trkpt lat="46.88173" lon="4.76618">
        <ele>212.7</ele>
      </trkpt>
      <trkpt lat="46.88154" lon="4.76657">
        <ele>211.9</ele>
      </trkpt>
      <trkpt lat="46.88138" lon="4.76692">
        <ele>210.9</ele>
      </trkpt>
      <trkpt lat="46.88108" lon="4.76757">
        <ele>209.6</ele>
      </trkpt>
      <trkpt lat="46.88098" lon="4.76776">
        <ele>209.0</ele>
      </trkpt>
      <trkpt lat="46.88088" lon="4.76793">
        <ele>208.5</ele>
      </trkpt>
      <trkpt lat="46.88069" lon="4.76815">
        <ele>208.1</ele>
      </trkpt>
      <trkpt lat="46.87963" lon="4.76896">
        <ele>207.8</ele>
      </trkpt>
      <trkpt lat="46.87938" lon="4.76922">
        <ele>207.7</ele>
      </trkpt>
      <trkpt lat="46.87924" lon="4.76945">
        <ele>207.2</ele>
      </trkpt>
      <trkpt lat="46.87895" lon="4.77013">
        <ele>206.4</ele>
      </trkpt>
      <trkpt lat="46.8786" lon="4.77074">
        <ele>205.5</ele>
      </trkpt>
      <trkpt lat="46.87811" lon="4.77172">
        <ele>205.2</ele>
      </trkpt>
      <trkpt lat="46.87791" lon="4.77202">
        <ele>205.2</ele>
      </trkpt>
      <trkpt lat="46.87766" lon="4.7723">
        <ele>204.8</ele>
      </trkpt>
      <trkpt lat="46.87717" lon="4.77274">
        <ele>204.3</ele>
      </trkpt>
      <trkpt lat="46.87662" lon="4.77316">
        <ele>203.8</ele>
      </trkpt>
      <trkpt lat="46.87642" lon="4.77333">
        <ele>203.2</ele>
      </trkpt>
      <trkpt lat="46.87634" lon="4.77344">
        <ele>201.7</ele>
      </trkpt>
      <trkpt lat="46.87628" lon="4.77354">
        <ele>201.4</ele>
      </trkpt>
      <trkpt lat="46.8762" lon="4.77375">
        <ele>201.1</ele>
      </trkpt>
      <trkpt lat="46.87617" lon="4.77392">
        <ele>200.8</ele>
      </trkpt>
      <trkpt lat="46.87612" lon="4.77425">
        <ele>200.0</ele>
      </trkpt>
      <trkpt lat="46.87589" lon="4.77567">
        <ele>199.7</ele>
      </trkpt>
      <trkpt lat="46.87576" lon="4.77651">
        <ele>199.4</ele>
      </trkpt>
      <trkpt lat="46.8757" lon="4.77668">
        <ele>199.4</ele>
      </trkpt>
      <trkpt lat="46.87563" lon="4.77683">
        <ele>199.3</ele>
      </trkpt>
      <trkpt lat="46.87549" lon="4.77704">
        <ele>199.1</ele>
      </trkpt>
      <trkpt lat="46.87499" lon="4.77758">
        <ele>199.1</ele>
      </trkpt>
      <trkpt lat="46.87444" lon="4.77811">
        <ele>198.9</ele>
      </trkpt>
      <trkpt lat="46.87385" lon="4.77865">
        <ele>198.5</ele>
      </trkpt>
      <trkpt lat="46.87349" lon="4.77896">
        <ele>198.4</ele>
      </trkpt>
      <trkpt lat="46.87332" lon="4.7791">
        <ele>198.6</ele>
      </trkpt>
      <trkpt lat="46.87309" lon="4.77925">
        <ele>198.2</ele>
      </trkpt>
      <trkpt lat="46.87271" lon="4.77947">
        <ele>197.7</ele>
      </trkpt>
      <trkpt lat="46.87233" lon="4.77968">
        <ele>197.5</ele>
      </trkpt>
      <trkpt lat="46.87216" lon="4.7798">
        <ele>197.3</ele>
      </trkpt>
      <trkpt lat="46.87204" lon="4.77993">
        <ele>197.2</ele>
      </trkpt>
      <trkpt lat="46.87195" lon="4.78005">
        <ele>197.5</ele>
      </trkpt>
      <trkpt lat="46.87188" lon="4.78024">
        <ele>197.4</ele>
      </trkpt>
      <trkpt lat="46.87181" lon="4.78054">
        <ele>198.1</ele>
      </trkpt>
      <trkpt lat="46.87163" lon="4.7815">
        <ele>198.3</ele>
      </trkpt>
      <trkpt lat="46.87153" lon="4.78203">
        <ele>198.2</ele>
      </trkpt>
      <trkpt lat="46.87142" lon="4.7825">
        <ele>197.9</ele>
      </trkpt>
      <trkpt lat="46.87135" lon="4.78275">
        <ele>198.4</ele>
      </trkpt>
      <trkpt lat="46.87123" lon="4.78307">
        <ele>197.5</ele>
      </trkpt>
      <trkpt lat="46.87099" lon="4.78368">
        <ele>197.1</ele>
      </trkpt>
      <trkpt lat="46.87089" lon="4.784">
        <ele>196.5</ele>
      </trkpt>
      <trkpt lat="46.8708" lon="4.7843">
        <ele>196.1</ele>
      </trkpt>
      <trkpt lat="46.87062" lon="4.78515">
        <ele>195.3</ele>
      </trkpt>
      <trkpt lat="46.87051" lon="4.78564">
        <ele>195.1</ele>
      </trkpt>
      <trkpt lat="46.87046" lon="4.78584">
        <ele>195.0</ele>
      </trkpt>
      <trkpt lat="46.8704" lon="4.78598">
        <ele>195.2</ele>
      </trkpt>
      <trkpt lat="46.87035" lon="4.78607">
        <ele>195.6</ele>
      </trkpt>
      <trkpt lat="46.87026" lon="4.78618">
        <ele>195.6</ele>
      </trkpt>
      <trkpt lat="46.87017" lon="4.78624">
        <ele>195.4</ele>
      </trkpt>
      <trkpt lat="46.87005" lon="4.78633">
        <ele>195.2</ele>
      </trkpt>
      <trkpt lat="46.86993" lon="4.78639">
        <ele>195.0</ele>
      </trkpt>
      <trkpt lat="46.86928" lon="4.78665">
        <ele>195.2</ele>
      </trkpt>
      <trkpt lat="46.86916" lon="4.78674">
        <ele>195.9</ele>
      </trkpt>
      <trkpt lat="46.86896" lon="4.78698">
        <ele>196.2</ele>
      </trkpt>
      <trkpt lat="46.86844" lon="4.78778">
        <ele>196.5</ele>
      </trkpt>
      <trkpt lat="46.86785" lon="4.78875">
        <ele>196.5</ele>
      </trkpt>
      <trkpt lat="46.86776" lon="4.78892">
        <ele>196.4</ele>
      </trkpt>
      <trkpt lat="46.8677" lon="4.78907">
        <ele>196.7</ele>
      </trkpt>
      <trkpt lat="46.86767" lon="4.78923">
        <ele>197.7</ele>
      </trkpt>
      <trkpt lat="46.86757" lon="4.78991">
        <ele>198.9</ele>
      </trkpt>
      <trkpt lat="46.86753" lon="4.79006">
        <ele>199.7</ele>
      </trkpt>
      <trkpt lat="46.8675" lon="4.79017">
        <ele>200.2</ele>
      </trkpt>
      <trkpt lat="46.86744" lon="4.79029">
        <ele>199.2</ele>
      </trkpt>
      <trkpt lat="46.86731" lon="4.7905">
        <ele>197.7</ele>
      </trkpt>
      <trkpt lat="46.86667" lon="4.79136">
        <ele>196.0</ele>
      </trkpt>
      <trkpt lat="46.86649" lon="4.79155">
        <ele>195.2</ele>
      </trkpt>
      <trkpt lat="46.86636" lon="4.79167">
        <ele>194.2</ele>
      </trkpt>
      <trkpt lat="46.8661" lon="4.79182">
        <ele>194.0</ele>
      </trkpt>
      <trkpt lat="46.86596" lon="4.79188">
        <ele>193.7</ele>
      </trkpt>
      <trkpt lat="46.86559" lon="4.79199">
        <ele>193.7</ele>
      </trkpt>
      <trkpt lat="46.8651" lon="4.79212">
        <ele>193.0</ele>
      </trkpt>
      <trkpt lat="46.86461" lon="4.79228">
        <ele>192.9</ele>
      </trkpt>
      <trkpt lat="46.86441" lon="4.7924">
        <ele>192.7</ele>
      </trkpt>
      <trkpt lat="46.86419" lon="4.7926">
        <ele>193.0</ele>
      </trkpt>
      <trkpt lat="46.86129" lon="4.79545">
        <ele>194.1</ele>
      </trkpt>
      <trkpt lat="46.86104" lon="4.79564">
        <ele>195.5</ele>
      </trkpt>
      <trkpt lat="46.86059" lon="4.79594">
        <ele>195.2</ele>
      </trkpt>
      <trkpt lat="46.86004" lon="4.79628">
        <ele>195.7</ele>
      </trkpt>
      <trkpt lat="46.85944" lon="4.79667">
        <ele>195.7</ele>
      </trkpt>
      <trkpt lat="46.85903" lon="4.79691">
        <ele>194.7</ele>
      </trkpt>
      <trkpt lat="46.85874" lon="4.79705">
        <ele>193.4</ele>
      </trkpt>
      <trkpt lat="46.85862" lon="4.79712">
        <ele>193.7</ele>
      </trkpt>
      <trkpt lat="46.85859" lon="4.79721">
        <ele>193.5</ele>
      </trkpt>
      <trkpt lat="46.85855" lon="4.79736">
        <ele>193.0</ele>
      </trkpt>
      <trkpt lat="46.85848" lon="4.79739">
        <ele>192.6</ele>
      </trkpt>
      <trkpt lat="46.85833" lon="4.79736">
        <ele>193.0</ele>
      </trkpt>
      <trkpt lat="46.8582" lon="4.79744">
        <ele>193.5</ele>
      </trkpt>
      <trkpt lat="46.85815" lon="4.7975">
        <ele>193.1</ele>
      </trkpt>
      <trkpt lat="46.85801" lon="4.79764">
        <ele>193.2</ele>
      </trkpt>
      <trkpt lat="46.85765" lon="4.79793">
        <ele>193.4</ele>
      </trkpt>
      <trkpt lat="46.85727" lon="4.79819">
        <ele>193.2</ele>
      </trkpt>
      <trkpt lat="46.85691" lon="4.79842">
        <ele>192.3</ele>
      </trkpt>
      <trkpt lat="46.85655" lon="4.79863">
        <ele>194.5</ele>
      </trkpt>
      <trkpt lat="46.85602" lon="4.79891">
        <ele>194.6</ele>
      </trkpt>
      <trkpt lat="46.85539" lon="4.79927">
        <ele>195.7</ele>
      </trkpt>
      <trkpt lat="46.85473" lon="4.79963">
        <ele>195.2</ele>
      </trkpt>
      <trkpt lat="46.85451" lon="4.79974">
        <ele>195.0</ele>
      </trkpt>
      <trkpt lat="46.85438" lon="4.79986">
        <ele>192.4</ele>
      </trkpt>
      <trkpt lat="46.85398" lon="4.80031">
        <ele>192.4</ele>
      </trkpt>
      <trkpt lat="46.8538" lon="4.80051">
        <ele>190.8</ele>
      </trkpt>
      <trkpt lat="46.85366" lon="4.80061">
        <ele>190.9</ele>
      </trkpt>
      <trkpt lat="46.85347" lon="4.80068">
        <ele>190.7</ele>
      </trkpt>
      <trkpt lat="46.85326" lon="4.8007">
        <ele>190.7</ele>
      </trkpt>
      <trkpt lat="46.85279" lon="4.80057">
        <ele>190.4</ele>
      </trkpt>
      <trkpt lat="46.85238" lon="4.80048">
        <ele>190.4</ele>
      </trkpt>
      <trkpt lat="46.85205" lon="4.80051">
        <ele>190.3</ele>
      </trkpt>
      <trkpt lat="46.85151" lon="4.80068">
        <ele>190.2</ele>
      </trkpt>
      <trkpt lat="46.85123" lon="4.80078">
        <ele>190.0</ele>
      </trkpt>
      <trkpt lat="46.85099" lon="4.80095">
        <ele>190.2</ele>
      </trkpt>
      <trkpt lat="46.84994" lon="4.80182">
        <ele>190.1</ele>
      </trkpt>
      <trkpt lat="46.84919" lon="4.80245">
        <ele>189.6</ele>
      </trkpt>
      <trkpt lat="46.84906" lon="4.80261">
        <ele>189.7</ele>
      </trkpt>
      <trkpt lat="46.84894" lon="4.80283">
        <ele>189.8</ele>
      </trkpt>
      <trkpt lat="46.84889" lon="4.80292">
        <ele>189.5</ele>
      </trkpt>
      <trkpt lat="46.84874" lon="4.80343">
        <ele>189.5</ele>
      </trkpt>
      <trkpt lat="46.84779" lon="4.80661">
        <ele>189.6</ele>
      </trkpt>
      <trkpt lat="46.84767" lon="4.80708">
        <ele>189.1</ele>
      </trkpt>
      <trkpt lat="46.84766" lon="4.80711">
        <ele>188.7</ele>
      </trkpt>
      <trkpt lat="46.84743" lon="4.80794">
        <ele>188.5</ele>
      </trkpt>
      <trkpt lat="46.8474" lon="4.80856">
        <ele>188.2</ele>
      </trkpt>
      <trkpt lat="46.84739" lon="4.80899">
        <ele>188.2</ele>
      </trkpt>
      <trkpt lat="46.8474" lon="4.80919">
        <ele>188.1</ele>
      </trkpt>
      <trkpt lat="46.8474" lon="4.80941">
        <ele>187.9</ele>
      </trkpt>
      <trkpt lat="46.84738" lon="4.80957">
        <ele>188.1</ele>
      </trkpt>
      <trkpt lat="46.84737" lon="4.8099">
        <ele>188.1</ele>
      </trkpt>
      <trkpt lat="46.84734" lon="4.8101">
        <ele>188.4</ele>
      </trkpt>
      <trkpt lat="46.8473" lon="4.81028">
        <ele>188.8</ele>
      </trkpt>
      <trkpt lat="46.84719" lon="4.81062">
        <ele>189.1</ele>
      </trkpt>
      <trkpt lat="46.84715" lon="4.81078">
        <ele>189.4</ele>
      </trkpt>
      <trkpt lat="46.84713" lon="4.81094">
        <ele>189.9</ele>
      </trkpt>
      <trkpt lat="46.84712" lon="4.81112">
        <ele>189.8</ele>
      </trkpt>
      <trkpt lat="46.84716" lon="4.81136">
        <ele>189.4</ele>
      </trkpt>
      <trkpt lat="46.84718" lon="4.81144">
        <ele>189.0</ele>
      </trkpt>
      <trkpt lat="46.84762" lon="4.81389">
        <ele>188.7</ele>
      </trkpt>
      <trkpt lat="46.84765" lon="4.81413">
        <ele>188.4</ele>
      </trkpt>
      <trkpt lat="46.84765" lon="4.8143">
        <ele>187.5</ele>
      </trkpt>
      <trkpt lat="46.84763" lon="4.81456">
        <ele>187.2</ele>
      </trkpt>
      <trkpt lat="46.8476" lon="4.8148">
        <ele>186.8</ele>
      </trkpt>
      <trkpt lat="46.84718" lon="4.81706">
        <ele>186.1</ele>
      </trkpt>
      <trkpt lat="46.84716" lon="4.81728">
        <ele>185.4</ele>
      </trkpt>
      <trkpt lat="46.84714" lon="4.81755">
        <ele>185.4</ele>
      </trkpt>
      <trkpt lat="46.84715" lon="4.8178">
        <ele>186.1</ele>
      </trkpt>
      <trkpt lat="46.84724" lon="4.81879">
        <ele>186.4</ele>
      </trkpt>
      <trkpt lat="46.84722" lon="4.8192">
        <ele>186.6</ele>
      </trkpt>
      <trkpt lat="46.84716" lon="4.81951">
        <ele>187.5</ele>
      </trkpt>
      <trkpt lat="46.8469" lon="4.82032">
        <ele>188.0</ele>
      </trkpt>
      <trkpt lat="46.84679" lon="4.82054">
        <ele>188.1</ele>
      </trkpt>
      <trkpt lat="46.84631" lon="4.82135">
        <ele>188.6</ele>
      </trkpt>
      <trkpt lat="46.84615" lon="4.82178">
        <ele>189.1</ele>
      </trkpt>
      <trkpt lat="46.84597" lon="4.82243">
        <ele>188.2</ele>
      </trkpt>
      <trkpt lat="46.84588" lon="4.82265">
        <ele>187.7</ele>
      </trkpt>
      <trkpt lat="46.84575" lon="4.82284">
        <ele>187.2</ele>
      </trkpt>
      <trkpt lat="46.8456" lon="4.82301">
        <ele>186.4</ele>
      </trkpt>
      <trkpt lat="46.8454" lon="4.82312">
        <ele>185.5</ele>
      </trkpt>
      <trkpt lat="46.8453" lon="4.82315">
        <ele>185.2</ele>
      </trkpt>
      <trkpt lat="46.84514" lon="4.82318">
        <ele>184.9</ele>
      </trkpt>
      <trkpt lat="46.84498" lon="4.82314">
        <ele>184.5</ele>
      </trkpt>
      <trkpt lat="46.84444" lon="4.82298">
        <ele>184.3</ele>
      </trkpt>
      <trkpt lat="46.84433" lon="4.82297">
        <ele>184.4</ele>
      </trkpt>
      <trkpt lat="46.84421" lon="4.82298">
        <ele>184.4</ele>
      </trkpt>
      <trkpt lat="46.84409" lon="4.823">
        <ele>184.6</ele>
      </trkpt>
      <trkpt lat="46.8439" lon="4.82313">
        <ele>184.7</ele>
      </trkpt>
      <trkpt lat="46.84311" lon="4.82386">
        <ele>184.9</ele>
      </trkpt>
      <trkpt lat="46.84296" lon="4.82402">
        <ele>185.0</ele>
      </trkpt>
      <trkpt lat="46.84286" lon="4.82414">
        <ele>185.2</ele>
      </trkpt>
      <trkpt lat="46.84262" lon="4.82458">
        <ele>185.4</ele>
      </trkpt>
      <trkpt lat="46.8425" lon="4.8248">
        <ele>185.8</ele>
      </trkpt>
      <trkpt lat="46.8424" lon="4.82488">
        <ele>186.3</ele>
      </trkpt>
      <trkpt lat="46.84233" lon="4.82497">
        <ele>186.8</ele>
      </trkpt>
      <trkpt lat="46.84228" lon="4.82507">
        <ele>187.2</ele>
      </trkpt>
      <trkpt lat="46.84221" lon="4.82517">
        <ele>187.3</ele>
      </trkpt>
      <trkpt lat="46.84213" lon="4.82523">
        <ele>186.6</ele>
      </trkpt>
      <trkpt lat="46.84185" lon="4.82543">
        <ele>185.8</ele>
      </trkpt>
      <trkpt lat="46.8417" lon="4.82553">
        <ele>184.9</ele>
      </trkpt>
      <trkpt lat="46.84147" lon="4.82564">
        <ele>184.2</ele>
      </trkpt>
      <trkpt lat="46.8414" lon="4.82567">
        <ele>183.6</ele>
      </trkpt>
      <trkpt lat="46.84116" lon="4.82582">
        <ele>183.5</ele>
      </trkpt>
      <trkpt lat="46.84105" lon="4.8259">
        <ele>183.3</ele>
      </trkpt>
      <trkpt lat="46.84095" lon="4.82599">
        <ele>183.3</ele>
      </trkpt>
      <trkpt lat="46.84084" lon="4.82615">
        <ele>183.3</ele>
      </trkpt>
      <trkpt lat="46.84078" lon="4.82625">
        <ele>183.3</ele>
      </trkpt>
      <trkpt lat="46.84054" lon="4.82685">
        <ele>183.5</ele>
      </trkpt>
      <trkpt lat="46.84039" lon="4.8272">
        <ele>183.7</ele>
      </trkpt>
      <trkpt lat="46.84024" lon="4.82741">
        <ele>183.6</ele>
      </trkpt>
      <trkpt lat="46.84004" lon="4.8276">
        <ele>183.7</ele>
      </trkpt>
      <trkpt lat="46.83987" lon="4.82772">
        <ele>183.7</ele>
      </trkpt>
      <trkpt lat="46.83968" lon="4.82783">
        <ele>183.5</ele>
      </trkpt>
      <trkpt lat="46.83946" lon="4.82789">
        <ele>183.2</ele>
      </trkpt>
      <trkpt lat="46.83922" lon="4.82794">
        <ele>183.2</ele>
      </trkpt>
      <trkpt lat="46.83908" lon="4.82799">
        <ele>182.9</ele>
      </trkpt>
      <trkpt lat="46.83895" lon="4.82807">
        <ele>182.6</ele>
      </trkpt>
      <trkpt lat="46.83874" lon="4.82829">
        <ele>182.4</ele>
      </trkpt>
      <trkpt lat="46.83859" lon="4.82851">
        <ele>182.2</ele>
      </trkpt>
      <trkpt lat="46.83846" lon="4.82875">
        <ele>182.2</ele>
      </trkpt>
      <trkpt lat="46.83832" lon="4.82899">
        <ele>182.1</ele>
      </trkpt>
      <trkpt lat="46.83816" lon="4.82922">
        <ele>182.2</ele>
      </trkpt>
      <trkpt lat="46.83797" lon="4.82944">
        <ele>182.1</ele>
      </trkpt>
      <trkpt lat="46.83763" lon="4.82969">
        <ele>182.6</ele>
      </trkpt>
      <trkpt lat="46.83733" lon="4.82986">
        <ele>182.8</ele>
      </trkpt>
      <trkpt lat="46.83691" lon="4.82997">
        <ele>183.0</ele>
      </trkpt>
      <trkpt lat="46.83621" lon="4.83005">
        <ele>183.2</ele>
      </trkpt>
      <trkpt lat="46.83611" lon="4.83009">
        <ele>183.6</ele>
      </trkpt>
      <trkpt lat="46.83605" lon="4.83014">
        <ele>183.3</ele>
      </trkpt>
      <trkpt lat="46.83598" lon="4.8302">
        <ele>183.9</ele>
      </trkpt>
      <trkpt lat="46.83581" lon="4.83039">
        <ele>183.5</ele>
      </trkpt>
      <trkpt lat="46.83566" lon="4.83065">
        <ele>183.7</ele>
      </trkpt>
      <trkpt lat="46.83548" lon="4.83099">
        <ele>183.8</ele>
      </trkpt>
      <trkpt lat="46.83533" lon="4.83137">
        <ele>184.5</ele>
      </trkpt>
      <trkpt lat="46.83525" lon="4.83163">
        <ele>184.4</ele>
      </trkpt>
      <trkpt lat="46.83522" lon="4.83186">
        <ele>186.3</ele>
      </trkpt>
      <trkpt lat="46.83517" lon="4.83209">
        <ele>186.3</ele>
      </trkpt>
      <trkpt lat="46.83507" lon="4.83237">
        <ele>186.3</ele>
      </trkpt>
      <trkpt lat="46.83502" lon="4.83243">
        <ele>186.4</ele>
      </trkpt>
      <trkpt lat="46.83496" lon="4.83257">
        <ele>186.5</ele>
      </trkpt>
      <trkpt lat="46.83488" lon="4.83281">
        <ele>184.9</ele>
      </trkpt>
      <trkpt lat="46.83473" lon="4.8333">
        <ele>184.7</ele>
      </trkpt>
      <trkpt lat="46.83459" lon="4.83378">
        <ele>184.4</ele>
      </trkpt>
      <trkpt lat="46.83445" lon="4.83426">
        <ele>183.5</ele>
      </trkpt>
      <trkpt lat="46.83432" lon="4.83468">
        <ele>182.9</ele>
      </trkpt>
      <trkpt lat="46.834" lon="4.83548">
        <ele>182.5</ele>
      </trkpt>
      <trkpt lat="46.83394" lon="4.8358">
        <ele>182.3</ele>
      </trkpt>
      <trkpt lat="46.8339" lon="4.83616">
        <ele>181.6</ele>
      </trkpt>
      <trkpt lat="46.83389" lon="4.83711">
        <ele>181.1</ele>
      </trkpt>
      <trkpt lat="46.83385" lon="4.83744">
        <ele>180.6</ele>
      </trkpt>
      <trkpt lat="46.83368" lon="4.83834">
        <ele>180.4</ele>
      </trkpt>
      <trkpt lat="46.83367" lon="4.83839">
        <ele>180.1</ele>
      </trkpt>
      <trkpt lat="46.83364" lon="4.83851">
        <ele>180.0</ele>
      </trkpt>
      <trkpt lat="46.83357" lon="4.83888">
        <ele>180.2</ele>
      </trkpt>
      <trkpt lat="46.83351" lon="4.83926">
        <ele>180.5</ele>
      </trkpt>
      <trkpt lat="46.83342" lon="4.84011">
        <ele>180.6</ele>
      </trkpt>
      <trkpt lat="46.83342" lon="4.84092">
        <ele>180.7</ele>
      </trkpt>
      <trkpt lat="46.83345" lon="4.84131">
        <ele>180.8</ele>
      </trkpt>
      <trkpt lat="46.83349" lon="4.84171">
        <ele>180.5</ele>
      </trkpt>
      <trkpt lat="46.8335" lon="4.84192">
        <ele>180.2</ele>
      </trkpt>
      <trkpt lat="46.8335" lon="4.84214">
        <ele>179.9</ele>
      </trkpt>
      <trkpt lat="46.83348" lon="4.84235">
        <ele>180.0</ele>
      </trkpt>
      <trkpt lat="46.83341" lon="4.84269">
        <ele>179.9</ele>
      </trkpt>
      <trkpt lat="46.83323" lon="4.84356">
        <ele>179.9</ele>
      </trkpt>
      <trkpt lat="46.83315" lon="4.84404">
        <ele>179.8</ele>
      </trkpt>
      <trkpt lat="46.83305" lon="4.84474">
        <ele>180.3</ele>
      </trkpt>
      <trkpt lat="46.83298" lon="4.84548">
        <ele>180.1</ele>
      </trkpt>
      <trkpt lat="46.83295" lon="4.84584">
        <ele>180.1</ele>
      </trkpt>
      <trkpt lat="46.83291" lon="4.84617">
        <ele>180.2</ele>
      </trkpt>
      <trkpt lat="46.8328" lon="4.84651">
        <ele>180.5</ele>
      </trkpt>
      <trkpt lat="46.83264" lon="4.8469">
        <ele>179.7</ele>
      </trkpt>
      <trkpt lat="46.83249" lon="4.84717">
        <ele>179.9</ele>
      </trkpt>
      <trkpt lat="46.83233" lon="4.8474">
        <ele>180.3</ele>
      </trkpt>
      <trkpt lat="46.83149" lon="4.8481">
        <ele>180.3</ele>
      </trkpt>
      <trkpt lat="46.8305" lon="4.84885">
        <ele>180.4</ele>
      </trkpt>
      <trkpt lat="46.82955" lon="4.84955">
        <ele>180.8</ele>
      </trkpt>
      <trkpt lat="46.82913" lon="4.84983">
        <ele>180.8</ele>
      </trkpt>
      <trkpt lat="46.82899" lon="4.84992">
        <ele>180.5</ele>
      </trkpt>
      <trkpt lat="46.82871" lon="4.85006">
        <ele>180.8</ele>
      </trkpt>
      <trkpt lat="46.82809" lon="4.85023">
        <ele>180.8</ele>
      </trkpt>
      <trkpt lat="46.8279" lon="4.85027">
        <ele>180.9</ele>
      </trkpt>
      <trkpt lat="46.82687" lon="4.85053">
        <ele>181.1</ele>
      </trkpt>
      <trkpt lat="46.82671" lon="4.85056">
        <ele>181.5</ele>
      </trkpt>
      <trkpt lat="46.82651" lon="4.85054">
        <ele>182.1</ele>
      </trkpt>
      <trkpt lat="46.82639" lon="4.85048">
        <ele>182.0</ele>
      </trkpt>
      <trkpt lat="46.82627" lon="4.8504">
        <ele>182.2</ele>
      </trkpt>
      <trkpt lat="46.82615" lon="4.85032">
        <ele>182.3</ele>
      </trkpt>
      <trkpt lat="46.82604" lon="4.85021">
        <ele>182.3</ele>
      </trkpt>
      <trkpt lat="46.82586" lon="4.85007">
        <ele>181.5</ele>
      </trkpt>
      <trkpt lat="46.82573" lon="4.84999">
        <ele>181.5</ele>
      </trkpt>
      <trkpt lat="46.82563" lon="4.84993">
        <ele>181.5</ele>
      </trkpt>
      <trkpt lat="46.82541" lon="4.84981">
        <ele>181.6</ele>
      </trkpt>
      <trkpt lat="46.82529" lon="4.84972">
        <ele>181.3</ele>
      </trkpt>
      <trkpt lat="46.82522" lon="4.84961">
        <ele>181.5</ele>
      </trkpt>
      <trkpt lat="46.82515" lon="4.84945">
        <ele>181.8</ele>
      </trkpt>
      <trkpt lat="46.82512" lon="4.84931">
        <ele>182.0</ele>
      </trkpt>
      <trkpt lat="46.82509" lon="4.84882">
        <ele>181.9</ele>
      </trkpt>
      <trkpt lat="46.82506" lon="4.84861">
        <ele>181.7</ele>
      </trkpt>
      <trkpt lat="46.82502" lon="4.84838">
        <ele>182.1</ele>
      </trkpt>
      <trkpt lat="46.82479" lon="4.84715">
        <ele>181.8</ele>
      </trkpt>
      <trkpt lat="46.82472" lon="4.84681">
        <ele>181.9</ele>
      </trkpt>
      <trkpt lat="46.82466" lon="4.84669">
        <ele>181.7</ele>
      </trkpt>
      <trkpt lat="46.8246" lon="4.84658">
        <ele>181.9</ele>
      </trkpt>
      <trkpt lat="46.8245" lon="4.8465">
        <ele>181.9</ele>
      </trkpt>
      <trkpt lat="46.8244" lon="4.84644">
        <ele>181.7</ele>
      </trkpt>
      <trkpt lat="46.82431" lon="4.84643">
        <ele>181.1</ele>
      </trkpt>
      <trkpt lat="46.82421" lon="4.84643">
        <ele>181.0</ele>
      </trkpt>
      <trkpt lat="46.82297" lon="4.84653">
        <ele>181.2</ele>
      </trkpt>
      <trkpt lat="46.82269" lon="4.84652">
        <ele>181.2</ele>
      </trkpt>
      <trkpt lat="46.82185" lon="4.84643">
        <ele>181.7</ele>
      </trkpt>
      <trkpt lat="46.82173" lon="4.84639">
        <ele>181.6</ele>
      </trkpt>
      <trkpt lat="46.8216" lon="4.84636">
        <ele>181.6</ele>
      </trkpt>
      <trkpt lat="46.82149" lon="4.8463">
        <ele>181.0</ele>
      </trkpt>
      <trkpt lat="46.8214" lon="4.84619">
        <ele>180.3</ele>
      </trkpt>
      <trkpt lat="46.82137" lon="4.84613">
        <ele>179.6</ele>
      </trkpt>
      <trkpt lat="46.82134" lon="4.84605">
        <ele>179.5</ele>
      </trkpt>
      <trkpt lat="46.82131" lon="4.84596">
        <ele>179.5</ele>
      </trkpt>
      <trkpt lat="46.82129" lon="4.84584">
        <ele>179.7</ele>
      </trkpt>
      <trkpt lat="46.82129" lon="4.8457">
        <ele>180.0</ele>
      </trkpt>
      <trkpt lat="46.8213" lon="4.84556">
        <ele>180.6</ele>
      </trkpt>
      <trkpt lat="46.82135" lon="4.84532">
        <ele>181.8</ele>
      </trkpt>
      <trkpt lat="46.82138" lon="4.8452">
        <ele>182.5</ele>
      </trkpt>
      <trkpt lat="46.82141" lon="4.84506">
        <ele>183.9</ele>
      </trkpt>
      <trkpt lat="46.82142" lon="4.84485">
        <ele>184.7</ele>
      </trkpt>
      <trkpt lat="46.82141" lon="4.84461">
        <ele>186.0</ele>
      </trkpt>
      <trkpt lat="46.82137" lon="4.84437">
        <ele>185.2</ele>
      </trkpt>
      <trkpt lat="46.82132" lon="4.84418">
        <ele>184.8</ele>
      </trkpt>
      <trkpt lat="46.82122" lon="4.84378">
        <ele>183.8</ele>
      </trkpt>
      <trkpt lat="46.82117" lon="4.84363">
        <ele>183.1</ele>
      </trkpt>
      <trkpt lat="46.8211" lon="4.84352">
        <ele>181.7</ele>
      </trkpt>
      <trkpt lat="46.821" lon="4.84339">
        <ele>182.1</ele>
      </trkpt>
      <trkpt lat="46.82089" lon="4.84328">
        <ele>182.5</ele>
      </trkpt>
      <trkpt lat="46.82078" lon="4.84322">
        <ele>182.0</ele>
      </trkpt>
      <trkpt lat="46.82017" lon="4.84303">
        <ele>182.1</ele>
      </trkpt>
      <trkpt lat="46.81956" lon="4.84285">
        <ele>182.1</ele>
      </trkpt>
      <trkpt lat="46.81934" lon="4.84275">
        <ele>182.2</ele>
      </trkpt>
      <trkpt lat="46.81913" lon="4.84266">
        <ele>181.7</ele>
      </trkpt>
      <trkpt lat="46.81883" lon="4.84249">
        <ele>182.6</ele>
      </trkpt>
      <trkpt lat="46.81867" lon="4.84236">
        <ele>182.4</ele>
      </trkpt>
      <trkpt lat="46.81853" lon="4.84222">
        <ele>182.3</ele>
      </trkpt>
      <trkpt lat="46.8184" lon="4.84206">
        <ele>181.7</ele>
      </trkpt>
      <trkpt lat="46.81829" lon="4.84189">
        <ele>182.1</ele>
      </trkpt>
      <trkpt lat="46.81821" lon="4.84174">
        <ele>181.6</ele>
      </trkpt>
      <trkpt lat="46.8179" lon="4.84111">
        <ele>181.8</ele>
      </trkpt>
      <trkpt lat="46.81774" lon="4.84078">
        <ele>181.7</ele>
      </trkpt>
      <trkpt lat="46.81769" lon="4.84067">
        <ele>181.9</ele>
      </trkpt>
      <trkpt lat="46.81763" lon="4.84056">
        <ele>181.9</ele>
      </trkpt>
      <trkpt lat="46.81755" lon="4.84045">
        <ele>182.0</ele>
      </trkpt>
      <trkpt lat="46.81746" lon="4.84034">
        <ele>182.1</ele>
      </trkpt>
      <trkpt lat="46.81735" lon="4.84023">
        <ele>182.2</ele>
      </trkpt>
      <trkpt lat="46.81728" lon="4.84016">
        <ele>182.8</ele>
      </trkpt>
      <trkpt lat="46.81726" lon="4.84014">
        <ele>183.0</ele>
      </trkpt>
      <trkpt lat="46.81714" lon="4.84005">
        <ele>183.5</ele>
      </trkpt>
      <trkpt lat="46.81703" lon="4.83998">
        <ele>184.0</ele>
      </trkpt>
      <trkpt lat="46.81693" lon="4.83991">
        <ele>184.5</ele>
      </trkpt>
      <trkpt lat="46.81687" lon="4.83986">
        <ele>184.7</ele>
      </trkpt>
      <trkpt lat="46.81686" lon="4.83984">
        <ele>184.9</ele>
      </trkpt>
      <trkpt lat="46.81684" lon="4.83982">
        <ele>184.1</ele>
      </trkpt>
      <trkpt lat="46.81681" lon="4.83976">
        <ele>183.5</ele>
      </trkpt>
      <trkpt lat="46.8168" lon="4.83972">
        <ele>183.2</ele>
      </trkpt>
      <trkpt lat="46.81674" lon="4.83976">
        <ele>183.2</ele>
      </trkpt>
      <trkpt lat="46.81667" lon="4.83982">
        <ele>183.8</ele>
      </trkpt>
      <trkpt lat="46.81662" lon="4.83986">
        <ele>185.3</ele>
      </trkpt>
      <trkpt lat="46.81643" lon="4.84001">
        <ele>186.6</ele>
      </trkpt>
      <trkpt lat="46.81642" lon="4.84002">
        <ele>187.5</ele>
      </trkpt>
      <trkpt lat="46.81643" lon="4.84005">
        <ele>188.2</ele>
      </trkpt>
      <trkpt lat="46.81645" lon="4.84011">
        <ele>188.2</ele>
      </trkpt>
      <trkpt lat="46.81646" lon="4.84016">
        <ele>188.2</ele>
      </trkpt>
      <trkpt lat="46.81649" lon="4.84019">
        <ele>188.1</ele>
      </trkpt>
      <trkpt lat="46.81653" lon="4.8402">
        <ele>188.1</ele>
      </trkpt>
      <trkpt lat="46.81662" lon="4.84023">
        <ele>187.8</ele>
      </trkpt>
      <trkpt lat="46.8167" lon="4.84026">
        <ele>187.2</ele>
      </trkpt>
      <trkpt lat="46.81682" lon="4.8403">
        <ele>186.7</ele>
      </trkpt>
      <trkpt lat="46.81696" lon="4.84036">
        <ele>186.1</ele>
      </trkpt>
      <trkpt lat="46.81706" lon="4.84042">
        <ele>185.6</ele>
      </trkpt>
      <trkpt lat="46.81713" lon="4.84046">
        <ele>185.3</ele>
      </trkpt>
      <trkpt lat="46.8172" lon="4.84051">
        <ele>185.2</ele>
      </trkpt>
      <trkpt lat="46.81725" lon="4.84055">
        <ele>185.2</ele>
      </trkpt>
      <trkpt lat="46.81731" lon="4.84062">
        <ele>185.1</ele>
      </trkpt>
      <trkpt lat="46.81735" lon="4.84068">
        <ele>184.9</ele>
      </trkpt>
      <trkpt lat="46.81738" lon="4.84074">
        <ele>184.7</ele>
      </trkpt>
      <trkpt lat="46.81741" lon="4.8408">
        <ele>184.5</ele>
      </trkpt>
      <trkpt lat="46.81745" lon="4.84091">
        <ele>184.3</ele>
      </trkpt>
      <trkpt lat="46.81747" lon="4.84098">
        <ele>184.2</ele>
      </trkpt>
      <trkpt lat="46.81748" lon="4.84104">
        <ele>184.4</ele>
      </trkpt>
      <trkpt lat="46.81748" lon="4.84109">
        <ele>184.5</ele>
      </trkpt>
      <trkpt lat="46.81748" lon="4.84114">
        <ele>184.7</ele>
      </trkpt>
      <trkpt lat="46.81747" lon="4.84118">
        <ele>184.9</ele>
      </trkpt>
      <trkpt lat="46.81747" lon="4.84121">
        <ele>185.1</ele>
      </trkpt>
      <trkpt lat="46.81746" lon="4.84124">
        <ele>185.3</ele>
      </trkpt>
      <trkpt lat="46.81744" lon="4.84123">
        <ele>185.5</ele>
      </trkpt>
      <trkpt lat="46.81742" lon="4.84124">
        <ele>185.7</ele>
      </trkpt>
      <trkpt lat="46.8174" lon="4.84126">
        <ele>185.9</ele>
      </trkpt>
      <trkpt lat="46.81738" lon="4.84129">
        <ele>186.1</ele>
      </trkpt>
      <trkpt lat="46.81738" lon="4.84132">
        <ele>186.2</ele>
      </trkpt>
      <trkpt lat="46.81738" lon="4.84135">
        <ele>186.3</ele>
      </trkpt>
      <trkpt lat="46.81739" lon="4.84138">
        <ele>186.3</ele>
      </trkpt>
      <trkpt lat="46.8174" lon="4.8414">
        <ele>186.3</ele>
      </trkpt>
      <trkpt lat="46.81741" lon="4.84142">
        <ele>186.2</ele>
      </trkpt>
      <trkpt lat="46.81743" lon="4.84143">
        <ele>186.1</ele>
      </trkpt>
      <trkpt lat="46.81745" lon="4.84143">
        <ele>185.9</ele>
      </trkpt>
      <trkpt lat="46.81747" lon="4.84142">
        <ele>185.8</ele>
      </trkpt>
      <trkpt lat="46.81749" lon="4.8414">
        <ele>185.6</ele>
      </trkpt>
      <trkpt lat="46.8175" lon="4.84138">
        <ele>185.4</ele>
      </trkpt>
      <trkpt lat="46.81751" lon="4.84135">
        <ele>185.2</ele>
      </trkpt>
      <trkpt lat="46.81753" lon="4.84137">
        <ele>185.1</ele>
      </trkpt>
      <trkpt lat="46.81757" lon="4.84142">
        <ele>185.1</ele>
      </trkpt>
      <trkpt lat="46.81762" lon="4.84148">
        <ele>185.3</ele>
      </trkpt>
      <trkpt lat="46.81769" lon="4.84159">
        <ele>185.4</ele>
      </trkpt>
      <trkpt lat="46.81806" lon="4.84213">
        <ele>185.5</ele>
      </trkpt>
      <trkpt lat="46.81828" lon="4.84246">
        <ele>185.8</ele>
      </trkpt>
      <trkpt lat="46.81831" lon="4.84252">
        <ele>185.9</ele>
      </trkpt>
      <trkpt lat="46.81834" lon="4.84258">
        <ele>186.0</ele>
      </trkpt>
      <trkpt lat="46.81838" lon="4.84265">
        <ele>186.3</ele>
      </trkpt>
      <trkpt lat="46.8184" lon="4.84273">
        <ele>186.3</ele>
      </trkpt>
      <trkpt lat="46.81841" lon="4.84281">
        <ele>186.4</ele>
      </trkpt>
      <trkpt lat="46.81842" lon="4.8429">
        <ele>186.4</ele>
      </trkpt>
      <trkpt lat="46.81841" lon="4.84298">
        <ele>186.5</ele>
      </trkpt>
      <trkpt lat="46.81841" lon="4.84302">
        <ele>186.6</ele>
      </trkpt>
      <trkpt lat="46.81839" lon="4.84317">
        <ele>187.1</ele>
      </trkpt>
      <trkpt lat="46.81836" lon="4.84328">
        <ele>187.5</ele>
      </trkpt>
      <trkpt lat="46.81818" lon="4.84386">
        <ele>187.8</ele>
      </trkpt>
      <trkpt lat="46.81817" lon="4.84392">
        <ele>188.1</ele>
      </trkpt>
      <trkpt lat="46.81813" lon="4.84406">
        <ele>188.1</ele>
      </trkpt>
      <trkpt lat="46.81812" lon="4.84409">
        <ele>188.0</ele>
      </trkpt>
      <trkpt lat="46.81808" lon="4.84425">
        <ele>187.7</ele>
      </trkpt>
      <trkpt lat="46.81804" lon="4.8444">
        <ele>187.4</ele>
      </trkpt>
      <trkpt lat="46.81802" lon="4.84454">
        <ele>187.1</ele>
      </trkpt>
      <trkpt lat="46.818" lon="4.84465">
        <ele>187.0</ele>
      </trkpt>
      <trkpt lat="46.818" lon="4.84476">
        <ele>186.9</ele>
      </trkpt>
      <trkpt lat="46.81801" lon="4.84486">
        <ele>187.0</ele>
      </trkpt>
      <trkpt lat="46.81801" lon="4.84491">
        <ele>187.0</ele>
      </trkpt>
      <trkpt lat="46.81799" lon="4.84492">
        <ele>187.2</ele>
      </trkpt>
      <trkpt lat="46.81796" lon="4.84495">
        <ele>187.4</ele>
      </trkpt>
      <trkpt lat="46.81794" lon="4.84499">
        <ele>187.6</ele>
      </trkpt>
      <trkpt lat="46.81794" lon="4.84504">
        <ele>187.7</ele>
      </trkpt>
      <trkpt lat="46.81794" lon="4.84509">
        <ele>187.7</ele>
      </trkpt>
      <trkpt lat="46.81795" lon="4.84512">
        <ele>187.6</ele>
      </trkpt>
      <trkpt lat="46.81786" lon="4.84521">
        <ele>187.4</ele>
      </trkpt>
      <trkpt lat="46.81776" lon="4.84528">
        <ele>187.1</ele>
      </trkpt>
      <trkpt lat="46.81727" lon="4.84556">
        <ele>187.1</ele>
      </trkpt>
      <trkpt lat="46.817" lon="4.84572">
        <ele>187.2</ele>
      </trkpt>
      <trkpt lat="46.81644" lon="4.84604">
        <ele>187.5</ele>
      </trkpt>
      <trkpt lat="46.81608" lon="4.84626">
        <ele>187.6</ele>
      </trkpt>
      <trkpt lat="46.8148" lon="4.847">
        <ele>187.8</ele>
      </trkpt>
      <trkpt lat="46.81468" lon="4.84708">
        <ele>187.8</ele>
      </trkpt>
      <trkpt lat="46.81457" lon="4.84714">
        <ele>188.1</ele>
      </trkpt>
      <trkpt lat="46.81441" lon="4.84723">
        <ele>188.1</ele>
      </trkpt>
      <trkpt lat="46.81425" lon="4.84732">
        <ele>188.1</ele>
      </trkpt>
      <trkpt lat="46.81414" lon="4.84739">
        <ele>188.2</ele>
      </trkpt>
      <trkpt lat="46.81398" lon="4.84748">
        <ele>188.1</ele>
      </trkpt>
      <trkpt lat="46.81358" lon="4.84771">
        <ele>187.9</ele>
      </trkpt>
      <trkpt lat="46.81354" lon="4.84774">
        <ele>188.0</ele>
      </trkpt>
      <trkpt lat="46.8133" lon="4.84791">
        <ele>188.1</ele>
      </trkpt>
      <trkpt lat="46.81306" lon="4.84812">
        <ele>188.3</ele>
      </trkpt>
      <trkpt lat="46.81272" lon="4.8485">
        <ele>188.5</ele>
      </trkpt>
      <trkpt lat="46.81245" lon="4.84887">
        <ele>188.6</ele>
      </trkpt>
      <trkpt lat="46.81218" lon="4.84934">
        <ele>188.8</ele>
      </trkpt>
      <trkpt lat="46.81204" lon="4.84963">
        <ele>188.9</ele>
      </trkpt>
      <trkpt lat="46.81194" lon="4.84985">
        <ele>188.8</ele>
      </trkpt>
      <trkpt lat="46.81159" lon="4.85065">
        <ele>188.9</ele>
      </trkpt>
      <trkpt lat="46.81154" lon="4.85077">
        <ele>188.8</ele>
      </trkpt>
      <trkpt lat="46.81141" lon="4.85106">
        <ele>188.7</ele>
      </trkpt>
      <trkpt lat="46.81124" lon="4.85146">
        <ele>188.9</ele>
      </trkpt>
      <trkpt lat="46.81084" lon="4.85238">
        <ele>189.1</ele>
      </trkpt>
      <trkpt lat="46.81079" lon="4.8525">
        <ele>189.2</ele>
      </trkpt>
      <trkpt lat="46.81073" lon="4.85261">
        <ele>189.2</ele>
      </trkpt>
      <trkpt lat="46.81071" lon="4.85265">
        <ele>189.0</ele>
      </trkpt>
      <trkpt lat="46.81061" lon="4.85284">
        <ele>188.7</ele>
      </trkpt>
      <trkpt lat="46.81051" lon="4.85299">
        <ele>188.3</ele>
      </trkpt>
      <trkpt lat="46.81046" lon="4.85308">
        <ele>188.1</ele>
      </trkpt>
      <trkpt lat="46.81039" lon="4.85304">
        <ele>188.0</ele>
      </trkpt>
      <trkpt lat="46.81032" lon="4.85301">
        <ele>188.1</ele>
      </trkpt>
      <trkpt lat="46.81025" lon="4.85302">
        <ele>188.3</ele>
      </trkpt>
      <trkpt lat="46.81019" lon="4.85306">
        <ele>188.5</ele>
      </trkpt>
      <trkpt lat="46.81014" lon="4.85311">
        <ele>188.8</ele>
      </trkpt>
      <trkpt lat="46.8101" lon="4.85318">
        <ele>189.0</ele>
      </trkpt>
      <trkpt lat="46.81007" lon="4.85326">
        <ele>189.5</ele>
      </trkpt>
      <trkpt lat="46.81006" lon="4.85335">
        <ele>190.3</ele>
      </trkpt>
      <trkpt lat="46.81006" lon="4.85344">
        <ele>191.4</ele>
      </trkpt>
      <trkpt lat="46.81008" lon="4.85353">
        <ele>192.4</ele>
      </trkpt>
      <trkpt lat="46.81011" lon="4.8536">
        <ele>192.3</ele>
      </trkpt>
      <trkpt lat="46.81004" lon="4.85368">
        <ele>192.6</ele>
      </trkpt>
      <trkpt lat="46.80962" lon="4.85414">
        <ele>191.7</ele>
      </trkpt>
      <trkpt lat="46.80926" lon="4.85457">
        <ele>190.6</ele>
      </trkpt>
      <trkpt lat="46.80883" lon="4.85504">
        <ele>189.6</ele>
      </trkpt>
      <trkpt lat="46.80876" lon="4.85512">
        <ele>189.8</ele>
      </trkpt>
      <trkpt lat="46.8085" lon="4.85547">
        <ele>189.1</ele>
      </trkpt>
      <trkpt lat="46.80838" lon="4.85564">
        <ele>189.3</ele>
      </trkpt>
      <trkpt lat="46.80814" lon="4.85608">
        <ele>189.5</ele>
      </trkpt>
      <trkpt lat="46.80802" lon="4.85634">
        <ele>189.3</ele>
      </trkpt>
      <trkpt lat="46.808" lon="4.85639">
        <ele>189.2</ele>
      </trkpt>
      <trkpt lat="46.80791" lon="4.85662">
        <ele>189.1</ele>
      </trkpt>
      <trkpt lat="46.80769" lon="4.85726">
        <ele>188.8</ele>
      </trkpt>
      <trkpt lat="46.80738" lon="4.85825">
        <ele>188.5</ele>
      </trkpt>
      <trkpt lat="46.8068" lon="4.86019">
        <ele>188.0</ele>
      </trkpt>
      <trkpt lat="46.80666" lon="4.86067">
        <ele>187.6</ele>
      </trkpt>
      <trkpt lat="46.80658" lon="4.86094">
        <ele>187.3</ele>
      </trkpt>
      <trkpt lat="46.80654" lon="4.86105">
        <ele>186.8</ele>
      </trkpt>
      <trkpt lat="46.80643" lon="4.86124">
        <ele>186.5</ele>
      </trkpt>
      <trkpt lat="46.80638" lon="4.86129">
        <ele>186.1</ele>
      </trkpt>
      <trkpt lat="46.80633" lon="4.86134">
        <ele>186.1</ele>
      </trkpt>
      <trkpt lat="46.80627" lon="4.86139">
        <ele>186.0</ele>
      </trkpt>
      <trkpt lat="46.80622" lon="4.86139">
        <ele>186.1</ele>
      </trkpt>
      <trkpt lat="46.80617" lon="4.8614">
        <ele>186.2</ele>
      </trkpt>
      <trkpt lat="46.80612" lon="4.86143">
        <ele>186.2</ele>
      </trkpt>
      <trkpt lat="46.80609" lon="4.86147">
        <ele>185.8</ele>
      </trkpt>
      <trkpt lat="46.80606" lon="4.86152">
        <ele>185.5</ele>
      </trkpt>
      <trkpt lat="46.80604" lon="4.86158">
        <ele>184.9</ele>
      </trkpt>
      <trkpt lat="46.80603" lon="4.86164">
        <ele>184.3</ele>
      </trkpt>
      <trkpt lat="46.80603" lon="4.86171">
        <ele>183.9</ele>
      </trkpt>
      <trkpt lat="46.80604" lon="4.86178">
        <ele>183.5</ele>
      </trkpt>
      <trkpt lat="46.80606" lon="4.86185">
        <ele>183.2</ele>
      </trkpt>
      <trkpt lat="46.80609" lon="4.8619">
        <ele>183.3</ele>
      </trkpt>
      <trkpt lat="46.80612" lon="4.86194">
        <ele>183.4</ele>
      </trkpt>
      <trkpt lat="46.80617" lon="4.86197">
        <ele>183.4</ele>
      </trkpt>
      <trkpt lat="46.80621" lon="4.86199">
        <ele>183.4</ele>
      </trkpt>
      <trkpt lat="46.80626" lon="4.86204">
        <ele>183.7</ele>
      </trkpt>
      <trkpt lat="46.80629" lon="4.86209">
        <ele>183.9</ele>
      </trkpt>
      <trkpt lat="46.80631" lon="4.86213">
        <ele>184.0</ele>
      </trkpt>
      <trkpt lat="46.80633" lon="4.8622">
        <ele>184.3</ele>
      </trkpt>
      <trkpt lat="46.80634" lon="4.8623">
        <ele>184.7</ele>
      </trkpt>
      <trkpt lat="46.80629" lon="4.86244">
        <ele>184.7</ele>
      </trkpt>
      <trkpt lat="46.80626" lon="4.86249">
        <ele>184.8</ele>
      </trkpt>
      <trkpt lat="46.80622" lon="4.86256">
        <ele>184.6</ele>
      </trkpt>
      <trkpt lat="46.80618" lon="4.86264">
        <ele>184.2</ele>
      </trkpt>
      <trkpt lat="46.80578" lon="4.86336">
        <ele>183.8</ele>
      </trkpt>
      <trkpt lat="46.80569" lon="4.86353">
        <ele>183.5</ele>
      </trkpt>
      <trkpt lat="46.80563" lon="4.86363">
        <ele>182.3</ele>
      </trkpt>
      <trkpt lat="46.80498" lon="4.86483">
        <ele>181.4</ele>
      </trkpt>
      <trkpt lat="46.80442" lon="4.86585">
        <ele>180.9</ele>
      </trkpt>
      <trkpt lat="46.8043" lon="4.86607">
        <ele>180.1</ele>
      </trkpt>
      <trkpt lat="46.80395" lon="4.86672">
        <ele>178.8</ele>
      </trkpt>
      <trkpt lat="46.8032" lon="4.86807">
        <ele>178.3</ele>
      </trkpt>
      <trkpt lat="46.80223" lon="4.86988">
        <ele>178.0</ele>
      </trkpt>
      <trkpt lat="46.80139" lon="4.87142">
        <ele>177.7</ele>
      </trkpt>
      <trkpt lat="46.8013" lon="4.87157">
        <ele>177.6</ele>
      </trkpt>
      <trkpt lat="46.80123" lon="4.8717">
        <ele>177.6</ele>
      </trkpt>
      <trkpt lat="46.80084" lon="4.87242">
        <ele>177.6</ele>
      </trkpt>
      <trkpt lat="46.79952" lon="4.87483">
        <ele>177.6</ele>
      </trkpt>
      <trkpt lat="46.79903" lon="4.87574">
        <ele>177.3</ele>
      </trkpt>
      <trkpt lat="46.79893" lon="4.87593">
        <ele>177.3</ele>
      </trkpt>
      <trkpt lat="46.79885" lon="4.87605">
        <ele>177.8</ele>
      </trkpt>
      <trkpt lat="46.79878" lon="4.87616">
        <ele>178.0</ele>
      </trkpt>
      <trkpt lat="46.79868" lon="4.87629">
        <ele>178.1</ele>
      </trkpt>
      <trkpt lat="46.7986" lon="4.87637">
        <ele>178.2</ele>
      </trkpt>
      <trkpt lat="46.79852" lon="4.87646">
        <ele>178.2</ele>
      </trkpt>
      <trkpt lat="46.79844" lon="4.87653">
        <ele>177.8</ele>
      </trkpt>
      <trkpt lat="46.79835" lon="4.8766">
        <ele>177.7</ele>
      </trkpt>
      <trkpt lat="46.79822" lon="4.8767">
        <ele>177.8</ele>
      </trkpt>
      <trkpt lat="46.79809" lon="4.87676">
        <ele>177.6</ele>
      </trkpt>
      <trkpt lat="46.79795" lon="4.87682">
        <ele>177.6</ele>
      </trkpt>
      <trkpt lat="46.79787" lon="4.87685">
        <ele>177.7</ele>
      </trkpt>
      <trkpt lat="46.79772" lon="4.87689">
        <ele>177.9</ele>
      </trkpt>
      <trkpt lat="46.7973" lon="4.87697">
        <ele>177.7</ele>
      </trkpt>
      <trkpt lat="46.79648" lon="4.87712">
        <ele>177.9</ele>
      </trkpt>
      <trkpt lat="46.79573" lon="4.87726">
        <ele>177.8</ele>
      </trkpt>
      <trkpt lat="46.7947" lon="4.87746">
        <ele>178.0</ele>
      </trkpt>
      <trkpt lat="46.79408" lon="4.87758">
        <ele>178.1</ele>
      </trkpt>
      <trkpt lat="46.79342" lon="4.8777">
        <ele>178.2</ele>
      </trkpt>
      <trkpt lat="46.79324" lon="4.87772">
        <ele>178.0</ele>
      </trkpt>
      <trkpt lat="46.7923" lon="4.87792">
        <ele>177.9</ele>
      </trkpt>
      <trkpt lat="46.79219" lon="4.87794">
        <ele>177.6</ele>
      </trkpt>
      <trkpt lat="46.79218" lon="4.87788">
        <ele>177.2</ele>
      </trkpt>
      <trkpt lat="46.79218" lon="4.87775">
        <ele>177.2</ele>
      </trkpt>
      <trkpt lat="46.79208" lon="4.8766">
        <ele>177.2</ele>
      </trkpt>
      <trkpt lat="46.79206" lon="4.8765">
        <ele>177.4</ele>
      </trkpt>
      <trkpt lat="46.79204" lon="4.87636">
        <ele>177.5</ele>
      </trkpt>
      <trkpt lat="46.792" lon="4.87622">
        <ele>177.4</ele>
      </trkpt>
      <trkpt lat="46.79195" lon="4.87609">
        <ele>177.4</ele>
      </trkpt>
      <trkpt lat="46.79187" lon="4.8759">
        <ele>177.5</ele>
      </trkpt>
      <trkpt lat="46.79148" lon="4.87504">
        <ele>177.5</ele>
      </trkpt>
      <trkpt lat="46.78888" lon="4.86926">
        <ele>177.6</ele>
      </trkpt>
      <trkpt lat="46.78879" lon="4.86906">
        <ele>177.7</ele>
      </trkpt>
      <trkpt lat="46.78869" lon="4.86888">
        <ele>177.8</ele>
      </trkpt>
      <trkpt lat="46.78864" lon="4.8688">
        <ele>177.7</ele>
      </trkpt>
      <trkpt lat="46.78856" lon="4.86869">
        <ele>178.4</ele>
      </trkpt>
      <trkpt lat="46.78842" lon="4.86852">
        <ele>179.3</ele>
      </trkpt>
      <trkpt lat="46.78816" lon="4.86823">
        <ele>179.5</ele>
      </trkpt>
      <trkpt lat="46.78767" lon="4.86763">
        <ele>179.8</ele>
      </trkpt>
      <trkpt lat="46.78751" lon="4.86744">
        <ele>179.6</ele>
      </trkpt>
      <trkpt lat="46.78723" lon="4.86714">
        <ele>178.7</ele>
      </trkpt>
      <trkpt lat="46.78719" lon="4.86707">
        <ele>177.7</ele>
      </trkpt>
      <trkpt lat="46.78724" lon="4.86699">
        <ele>177.4</ele>
      </trkpt>
      <trkpt lat="46.78725" lon="4.86696">
        <ele>177.0</ele>
      </trkpt>
      <trkpt lat="46.78725" lon="4.8669">
        <ele>177.0</ele>
      </trkpt>
      <trkpt lat="46.78724" lon="4.86686">
        <ele>177.1</ele>
      </trkpt>
      <trkpt lat="46.78722" lon="4.86687">
        <ele>177.1</ele>
      </trkpt>
      <trkpt lat="46.78717" lon="4.86688">
        <ele>177.1</ele>
      </trkpt>
      <trkpt lat="46.78713" lon="4.86688">
        <ele>177.1</ele>
      </trkpt>
      <trkpt lat="46.78709" lon="4.86686">
        <ele>177.0</ele>
      </trkpt>
      <trkpt lat="46.78706" lon="4.86682">
        <ele>177.0</ele>
      </trkpt>
      <trkpt lat="46.78702" lon="4.86671">
        <ele>176.9</ele>
      </trkpt>
      <trkpt lat="46.78691" lon="4.86649">
        <ele>176.9</ele>
      </trkpt>
      <trkpt lat="46.78688" lon="4.86641">
        <ele>176.9</ele>
      </trkpt>
      <trkpt lat="46.78683" lon="4.86647">
        <ele>176.9</ele>
      </trkpt>
      <trkpt lat="46.78669" lon="4.86663">
        <ele>177.0</ele>
      </trkpt>
      <trkpt lat="46.78649" lon="4.86684">
        <ele>177.2</ele>
      </trkpt>
      <trkpt lat="46.78628" lon="4.86701">
        <ele>177.7</ele>
      </trkpt>
      <trkpt lat="46.78626" lon="4.86704">
        <ele>177.9</ele>
      </trkpt>
      <trkpt lat="46.78624" lon="4.86708">
        <ele>178.1</ele>
      </trkpt>
      <trkpt lat="46.78624" lon="4.86712">
        <ele>178.2</ele>
      </trkpt>
      <trkpt lat="46.78623" lon="4.86716">
        <ele>178.6</ele>
      </trkpt>
      <trkpt lat="46.78621" lon="4.86718">
        <ele>179.2</ele>
      </trkpt>
      <trkpt lat="46.78601" lon="4.86738">
        <ele>179.7</ele>
      </trkpt>
      <trkpt lat="46.78592" lon="4.86751">
        <ele>180.0</ele>
      </trkpt>
      <trkpt lat="46.78582" lon="4.86764">
        <ele>179.8</ele>
      </trkpt>
      <trkpt lat="46.78572" lon="4.86779">
        <ele>179.1</ele>
      </trkpt>
      <trkpt lat="46.78558" lon="4.86815">
        <ele>179.0</ele>
      </trkpt>
      <trkpt lat="46.78551" lon="4.86828">
        <ele>178.9</ele>
      </trkpt>
      <trkpt lat="46.78331" lon="4.87163">
        <ele>177.8</ele>
      </trkpt>
      <trkpt lat="46.78317" lon="4.87177">
        <ele>177.7</ele>
      </trkpt>
      <trkpt lat="46.78292" lon="4.87212">
        <ele>177.6</ele>
      </trkpt>
      <trkpt lat="46.783" lon="4.8719">
        <ele>177.7</ele>
      </trkpt>
      <trkpt lat="46.7832" lon="4.87149">
        <ele>177.9</ele>
      </trkpt>
      <trkpt lat="46.78323" lon="4.87137">
        <ele>177.8</ele>
      </trkpt>
      <trkpt lat="46.7832" lon="4.87141">
        <ele>177.3</ele>
      </trkpt>
      <trkpt lat="46.78307" lon="4.87161">
        <ele>176.5</ele>
      </trkpt>
      <trkpt lat="46.78285" lon="4.87197">
        <ele>175.9</ele>
      </trkpt>
      <trkpt lat="46.78277" lon="4.87213">
        <ele>175.3</ele>
      </trkpt>
      <trkpt lat="46.78269" lon="4.87235">
        <ele>174.9</ele>
      </trkpt>
      <trkpt lat="46.78254" lon="4.87261">
        <ele>175.0</ele>
      </trkpt>
      <trkpt lat="46.78178" lon="4.87376">
        <ele>175.0</ele>
      </trkpt>
      <trkpt lat="46.7809" lon="4.87507">
        <ele>174.7</ele>
      </trkpt>
      <trkpt lat="46.78028" lon="4.87583">
        <ele>174.4</ele>
      </trkpt>
      <trkpt lat="46.77957" lon="4.87641">
        <ele>174.6</ele>
      </trkpt>
      <trkpt lat="46.77901" lon="4.8767">
        <ele>174.6</ele>
      </trkpt>
      <trkpt lat="46.77861" lon="4.87684">
        <ele>175.2</ele>
      </trkpt>
      <trkpt lat="46.7783" lon="4.87694">
        <ele>175.8</ele>
      </trkpt>
      <trkpt lat="46.77796" lon="4.877">
        <ele>176.4</ele>
      </trkpt>
      <trkpt lat="46.77787" lon="4.877">
        <ele>177.0</ele>
      </trkpt>
      <trkpt lat="46.77777" lon="4.87697">
        <ele>177.5</ele>
      </trkpt>
      <trkpt lat="46.77772" lon="4.87691">
        <ele>177.6</ele>
      </trkpt>
      <trkpt lat="46.77768" lon="4.87684">
        <ele>177.4</ele>
      </trkpt>
      <trkpt lat="46.77765" lon="4.87678">
        <ele>177.2</ele>
      </trkpt>
      <trkpt lat="46.77763" lon="4.87673">
        <ele>177.0</ele>
      </trkpt>
      <trkpt lat="46.7776" lon="4.8767">
        <ele>176.9</ele>
      </trkpt>
      <trkpt lat="46.77734" lon="4.87663">
        <ele>175.9</ele>
      </trkpt>
      <trkpt lat="46.77728" lon="4.87661">
        <ele>175.6</ele>
      </trkpt>
      <trkpt lat="46.77726" lon="4.87657">
        <ele>175.5</ele>
      </trkpt>
      <trkpt lat="46.77725" lon="4.87651">
        <ele>175.4</ele>
      </trkpt>
      <trkpt lat="46.7773" lon="4.87604">
        <ele>174.1</ele>
      </trkpt>
      <trkpt lat="46.77731" lon="4.87594">
        <ele>173.9</ele>
      </trkpt>
      <trkpt lat="46.77729" lon="4.87589">
        <ele>173.7</ele>
      </trkpt>
      <trkpt lat="46.77726" lon="4.87587">
        <ele>173.6</ele>
      </trkpt>
      <trkpt lat="46.77721" lon="4.87584">
        <ele>173.5</ele>
      </trkpt>
      <trkpt lat="46.77719" lon="4.87581">
        <ele>173.5</ele>
      </trkpt>
      <trkpt lat="46.77718" lon="4.87578">
        <ele>173.6</ele>
      </trkpt>
      <trkpt lat="46.77715" lon="4.87577">
        <ele>173.5</ele>
      </trkpt>
      <trkpt lat="46.77713" lon="4.87578">
        <ele>174.0</ele>
      </trkpt>
      <trkpt lat="46.77666" lon="4.87607">
        <ele>174.5</ele>
      </trkpt>
      <trkpt lat="46.77615" lon="4.87638">
        <ele>175.1</ele>
      </trkpt>
      <trkpt lat="46.77611" lon="4.87639">
        <ele>175.9</ele>
      </trkpt>
      <trkpt lat="46.77606" lon="4.87637">
        <ele>176.7</ele>
      </trkpt>
      <trkpt lat="46.77603" lon="4.87639">
        <ele>176.9</ele>
      </trkpt>
      <trkpt lat="46.77601" lon="4.87641">
        <ele>176.6</ele>
      </trkpt>
      <trkpt lat="46.776" lon="4.87645">
        <ele>176.1</ele>
      </trkpt>
      <trkpt lat="46.77593" lon="4.87685">
        <ele>175.5</ele>
      </trkpt>
      <trkpt lat="46.77587" lon="4.87708">
        <ele>175.3</ele>
      </trkpt>
      <trkpt lat="46.77579" lon="4.87732">
        <ele>175.1</ele>
      </trkpt>
      <trkpt lat="46.7756" lon="4.87787">
        <ele>175.2</ele>
      </trkpt>
      <trkpt lat="46.7755" lon="4.87791">
        <ele>175.5</ele>
      </trkpt>
      <trkpt lat="46.77535" lon="4.87796">
        <ele>175.7</ele>
      </trkpt>
      <trkpt lat="46.77519" lon="4.87807">
        <ele>175.5</ele>
      </trkpt>
      <trkpt lat="46.77509" lon="4.87818">
        <ele>175.1</ele>
      </trkpt>
      <trkpt lat="46.77502" lon="4.87833">
        <ele>174.8</ele>
      </trkpt>
      <trkpt lat="46.77498" lon="4.87839">
        <ele>174.4</ele>
      </trkpt>
      <trkpt lat="46.7749" lon="4.87846">
        <ele>174.2</ele>
      </trkpt>
      <trkpt lat="46.77485" lon="4.8785">
        <ele>174.1</ele>
      </trkpt>
      <trkpt lat="46.77482" lon="4.87847">
        <ele>173.8</ele>
      </trkpt>
      <trkpt lat="46.77478" lon="4.87845">
        <ele>173.8</ele>
      </trkpt>
      <trkpt lat="46.77473" lon="4.87839">
        <ele>173.7</ele>
      </trkpt>
      <trkpt lat="46.77457" lon="4.87835">
        <ele>173.7</ele>
      </trkpt>
      <trkpt lat="46.77296" lon="4.87789">
        <ele>173.6</ele>
      </trkpt>
      <trkpt lat="46.77272" lon="4.87781">
        <ele>174.0</ele>
      </trkpt>
      <trkpt lat="46.77267" lon="4.87784">
        <ele>174.1</ele>
      </trkpt>
      <trkpt lat="46.77255" lon="4.87812">
        <ele>174.5</ele>
      </trkpt>
      <trkpt lat="46.77241" lon="4.87853">
        <ele>174.4</ele>
      </trkpt>
      <trkpt lat="46.77214" lon="4.8795">
        <ele>174.3</ele>
      </trkpt>
      <trkpt lat="46.77207" lon="4.88005">
        <ele>174.1</ele>
      </trkpt>
      <trkpt lat="46.77211" lon="4.88041">
        <ele>174.1</ele>
      </trkpt>
      <trkpt lat="46.77212" lon="4.88053">
        <ele>174.0</ele>
      </trkpt>
      <trkpt lat="46.77218" lon="4.88129">
        <ele>174.3</ele>
      </trkpt>
      <trkpt lat="46.77218" lon="4.88134">
        <ele>174.7</ele>
      </trkpt>
      <trkpt lat="46.77221" lon="4.88147">
        <ele>175.0</ele>
      </trkpt>
      <trkpt lat="46.77225" lon="4.88189">
        <ele>175.3</ele>
      </trkpt>
      <trkpt lat="46.77225" lon="4.88202">
        <ele>175.2</ele>
      </trkpt>
      <trkpt lat="46.77226" lon="4.88217">
        <ele>175.3</ele>
      </trkpt>
      <trkpt lat="46.77225" lon="4.88245">
        <ele>175.9</ele>
      </trkpt>
      <trkpt lat="46.77221" lon="4.88292">
        <ele>176.3</ele>
      </trkpt>
      <trkpt lat="46.77211" lon="4.88396">
        <ele>176.9</ele>
      </trkpt>
      <trkpt lat="46.772" lon="4.88474">
        <ele>177.6</ele>
      </trkpt>
      <trkpt lat="46.77194" lon="4.88559">
        <ele>178.2</ele>
      </trkpt>
      <trkpt lat="46.77192" lon="4.88574">
        <ele>178.3</ele>
      </trkpt>
      <trkpt lat="46.77192" lon="4.88583">
        <ele>178.6</ele>
      </trkpt>
      <trkpt lat="46.7719" lon="4.88603">
        <ele>178.7</ele>
      </trkpt>
      <trkpt lat="46.77192" lon="4.88617">
        <ele>178.7</ele>
      </trkpt>
      <trkpt lat="46.77196" lon="4.88626">
        <ele>178.9</ele>
      </trkpt>
      <trkpt lat="46.77206" lon="4.88635">
        <ele>178.7</ele>
      </trkpt>
      <trkpt lat="46.77227" lon="4.88647">
        <ele>178.7</ele>
      </trkpt>
      <trkpt lat="46.77237" lon="4.88653">
        <ele>178.7</ele>
      </trkpt>
      <trkpt lat="46.77247" lon="4.88659">
        <ele>178.7</ele>
      </trkpt>
      <trkpt lat="46.77253" lon="4.88661">
        <ele>178.6</ele>
      </trkpt>
      <trkpt lat="46.77288" lon="4.88676">
        <ele>178.6</ele>
      </trkpt>
      <trkpt lat="46.77293" lon="4.88678">
        <ele>178.6</ele>
      </trkpt>
      <trkpt lat="46.77298" lon="4.8868">
        <ele>178.5</ele>
      </trkpt>
      <trkpt lat="46.77323" lon="4.88688">
        <ele>178.4</ele>
      </trkpt>
      <trkpt lat="46.77333" lon="4.88691">
        <ele>178.4</ele>
      </trkpt>
      <trkpt lat="46.77347" lon="4.88695">
        <ele>178.4</ele>
      </trkpt>
      <trkpt lat="46.77351" lon="4.88698">
        <ele>178.4</ele>
      </trkpt>
      <trkpt lat="46.77348" lon="4.88708">
        <ele>178.4</ele>
      </trkpt>
      <trkpt lat="46.77348" lon="4.88717">
        <ele>178.4</ele>
      </trkpt>
      <trkpt lat="46.77348" lon="4.88728">
        <ele>178.9</ele>
      </trkpt>
      <trkpt lat="46.77349" lon="4.88742">
        <ele>179.5</ele>
      </trkpt>
      <trkpt lat="46.77349" lon="4.88946">
        <ele>180.0</ele>
      </trkpt>
      <trkpt lat="46.77349" lon="4.88973">
        <ele>180.5</ele>
      </trkpt>
      <trkpt lat="46.77348" lon="4.88994">
        <ele>181.1</ele>
      </trkpt>
      <trkpt lat="46.77344" lon="4.89036">
        <ele>181.3</ele>
      </trkpt>
      <trkpt lat="46.77337" lon="4.89092">
        <ele>181.4</ele>
      </trkpt>
      <trkpt lat="46.77306" lon="4.89232">
        <ele>181.5</ele>
      </trkpt>
      <trkpt lat="46.77304" lon="4.89241">
        <ele>181.6</ele>
      </trkpt>
      <trkpt lat="46.77303" lon="4.89249">
        <ele>181.7</ele>
      </trkpt>
      <trkpt lat="46.77301" lon="4.89259">
        <ele>181.8</ele>
      </trkpt>
      <trkpt lat="46.77299" lon="4.89268">
        <ele>181.8</ele>
      </trkpt>
      <trkpt lat="46.77296" lon="4.89285">
        <ele>181.8</ele>
      </trkpt>
      <trkpt lat="46.77293" lon="4.89299">
        <ele>181.7</ele>
      </trkpt>
      <trkpt lat="46.77286" lon="4.893">
        <ele>181.6</ele>
      </trkpt>
      <trkpt lat="46.7728" lon="4.89301">
        <ele>181.6</ele>
      </trkpt>
      <trkpt lat="46.77254" lon="4.89306">
        <ele>181.6</ele>
      </trkpt>
      <trkpt lat="46.77244" lon="4.89308">
        <ele>181.7</ele>
      </trkpt>
      <trkpt lat="46.7724" lon="4.89309">
        <ele>181.6</ele>
      </trkpt>
      <trkpt lat="46.77219" lon="4.89313">
        <ele>181.6</ele>
      </trkpt>
      <trkpt lat="46.77207" lon="4.89316">
        <ele>181.6</ele>
      </trkpt>
      <trkpt lat="46.77182" lon="4.89322">
        <ele>181.5</ele>
      </trkpt>
      <trkpt lat="46.77159" lon="4.89327">
        <ele>182.1</ele>
      </trkpt>
      <trkpt lat="46.77133" lon="4.89333">
        <ele>183.2</ele>
      </trkpt>
      <trkpt lat="46.77107" lon="4.8934">
        <ele>183.4</ele>
      </trkpt>
      <trkpt lat="46.771" lon="4.89341">
        <ele>183.7</ele>
      </trkpt>
      <trkpt lat="46.77086" lon="4.89344">
        <ele>184.0</ele>
      </trkpt>
      <trkpt lat="46.77068" lon="4.89349">
        <ele>183.3</ele>
      </trkpt>
      <trkpt lat="46.77066" lon="4.89349">
        <ele>182.5</ele>
      </trkpt>
      <trkpt lat="46.77029" lon="4.89358">
        <ele>182.3</ele>
      </trkpt>
      <trkpt lat="46.77027" lon="4.89365">
        <ele>182.0</ele>
      </trkpt>
      <trkpt lat="46.77026" lon="4.89369">
        <ele>181.7</ele>
      </trkpt>
      <trkpt lat="46.77024" lon="4.89378">
        <ele>181.6</ele>
      </trkpt>
      <trkpt lat="46.76978" lon="4.89497">
        <ele>182.1</ele>
      </trkpt>
      <trkpt lat="46.7696" lon="4.89538">
        <ele>182.4</ele>
      </trkpt>
      <trkpt lat="46.76933" lon="4.89586">
        <ele>182.7</ele>
      </trkpt>
      <trkpt lat="46.7693" lon="4.89592">
        <ele>183.1</ele>
      </trkpt>
      <trkpt lat="46.76912" lon="4.89575">
        <ele>183.6</ele>
      </trkpt>
      <trkpt lat="46.76909" lon="4.89575">
        <ele>182.8</ele>
      </trkpt>
      <trkpt lat="46.76903" lon="4.89579">
        <ele>182.0</ele>
      </trkpt>
      <trkpt lat="46.76878" lon="4.89628">
        <ele>181.0</ele>
      </trkpt>
      <trkpt lat="46.76861" lon="4.8966">
        <ele>180.0</ele>
      </trkpt>
      <trkpt lat="46.76853" lon="4.8966">
        <ele>179.0</ele>
      </trkpt>
      <trkpt lat="46.76827" lon="4.89706">
        <ele>178.9</ele>
      </trkpt>
      <trkpt lat="46.76775" lon="4.89795">
        <ele>178.8</ele>
      </trkpt>
      <trkpt lat="46.76745" lon="4.89846">
        <ele>178.7</ele>
      </trkpt>
      <trkpt lat="46.76732" lon="4.8987">
        <ele>178.6</ele>
      </trkpt>
      <trkpt lat="46.76726" lon="4.89879">
        <ele>178.6</ele>
      </trkpt>
      <trkpt lat="46.7672" lon="4.89888">
        <ele>178.5</ele>
      </trkpt>
      <trkpt lat="46.76718" lon="4.89891">
        <ele>178.4</ele>
      </trkpt>
      <trkpt lat="46.76716" lon="4.89893">
        <ele>178.4</ele>
      </trkpt>
      <trkpt lat="46.76714" lon="4.89896">
        <ele>178.2</ele>
      </trkpt>
      <trkpt lat="46.76695" lon="4.89918">
        <ele>177.9</ele>
      </trkpt>
      <trkpt lat="46.76675" lon="4.89941">
        <ele>177.7</ele>
      </trkpt>
      <trkpt lat="46.76654" lon="4.89964">
        <ele>177.9</ele>
      </trkpt>
      <trkpt lat="46.76632" lon="4.89986">
        <ele>178.0</ele>
      </trkpt>
      <trkpt lat="46.76611" lon="4.90005">
        <ele>177.7</ele>
      </trkpt>
      <trkpt lat="46.76593" lon="4.90022">
        <ele>178.2</ele>
      </trkpt>
      <trkpt lat="46.76572" lon="4.90037">
        <ele>178.8</ele>
      </trkpt>
      <trkpt lat="46.76551" lon="4.90051">
        <ele>179.8</ele>
      </trkpt>
      <trkpt lat="46.76532" lon="4.90062">
        <ele>181.9</ele>
      </trkpt>
      <trkpt lat="46.76487" lon="4.90087">
        <ele>184.8</ele>
      </trkpt>
      <trkpt lat="46.76462" lon="4.90099">
        <ele>186.3</ele>
      </trkpt>
      <trkpt lat="46.76436" lon="4.90108">
        <ele>186.4</ele>
      </trkpt>
      <trkpt lat="46.76416" lon="4.90115">
        <ele>187.1</ele>
      </trkpt>
      <trkpt lat="46.764" lon="4.9012">
        <ele>185.2</ele>
      </trkpt>
      <trkpt lat="46.76379" lon="4.90124">
        <ele>183.0</ele>
      </trkpt>
      <trkpt lat="46.76343" lon="4.9013">
        <ele>182.8</ele>
      </trkpt>
      <trkpt lat="46.76318" lon="4.90133">
        <ele>182.9</ele>
      </trkpt>
      <trkpt lat="46.76292" lon="4.90134">
        <ele>181.5</ele>
      </trkpt>
      <trkpt lat="46.76271" lon="4.90133">
        <ele>182.1</ele>
      </trkpt>
      <trkpt lat="46.76248" lon="4.90131">
        <ele>181.7</ele>
      </trkpt>
      <trkpt lat="46.76152" lon="4.90122">
        <ele>180.3</ele>
      </trkpt>
      <trkpt lat="46.75929" lon="4.90098">
        <ele>179.9</ele>
      </trkpt>
      <trkpt lat="46.75894" lon="4.90095">
        <ele>179.6</ele>
      </trkpt>
      <trkpt lat="46.75879" lon="4.90093">
        <ele>178.8</ele>
      </trkpt>
      <trkpt lat="46.75829" lon="4.90087">
        <ele>179.6</ele>
      </trkpt>
      <trkpt lat="46.75768" lon="4.90082">
        <ele>180.0</ele>
      </trkpt>
      <trkpt lat="46.75687" lon="4.90082">
        <ele>180.7</ele>
      </trkpt>
      <trkpt lat="46.75606" lon="4.90096">
        <ele>181.1</ele>
      </trkpt>
      <trkpt lat="46.75597" lon="4.90098">
        <ele>182.1</ele>
      </trkpt>
      <trkpt lat="46.75574" lon="4.90105">
        <ele>182.5</ele>
      </trkpt>
      <trkpt lat="46.75514" lon="4.90126">
        <ele>183.1</ele>
      </trkpt>
      <trkpt lat="46.75507" lon="4.90124">
        <ele>183.3</ele>
      </trkpt>
      <trkpt lat="46.75502" lon="4.90121">
        <ele>183.7</ele>
      </trkpt>
      <trkpt lat="46.75485" lon="4.90105">
        <ele>183.6</ele>
      </trkpt>
      <trkpt lat="46.75482" lon="4.901">
        <ele>184.2</ele>
      </trkpt>
      <trkpt lat="46.75485" lon="4.90122">
        <ele>184.8</ele>
      </trkpt>
      <trkpt lat="46.75487" lon="4.90137">
        <ele>185.1</ele>
      </trkpt>
      <trkpt lat="46.75489" lon="4.90144">
        <ele>185.3</ele>
      </trkpt>
      <trkpt lat="46.75458" lon="4.90161">
        <ele>185.4</ele>
      </trkpt>
      <trkpt lat="46.75401" lon="4.90189">
        <ele>184.9</ele>
      </trkpt>
      <trkpt lat="46.75328" lon="4.90224">
        <ele>184.4</ele>
      </trkpt>
      <trkpt lat="46.75292" lon="4.90243">
        <ele>184.3</ele>
      </trkpt>
      <trkpt lat="46.75287" lon="4.90247">
        <ele>184.2</ele>
      </trkpt>
      <trkpt lat="46.75283" lon="4.90252">
        <ele>184.2</ele>
      </trkpt>
      <trkpt lat="46.75277" lon="4.90259">
        <ele>184.5</ele>
      </trkpt>
      <trkpt lat="46.7527" lon="4.90265">
        <ele>184.4</ele>
      </trkpt>
      <trkpt lat="46.75265" lon="4.90268">
        <ele>184.3</ele>
      </trkpt>
      <trkpt lat="46.75187" lon="4.90308">
        <ele>184.3</ele>
      </trkpt>
      <trkpt lat="46.75183" lon="4.90309">
        <ele>184.7</ele>
      </trkpt>
      <trkpt lat="46.7518" lon="4.9031">
        <ele>184.8</ele>
      </trkpt>
      <trkpt lat="46.75176" lon="4.90308">
        <ele>184.8</ele>
      </trkpt>
      <trkpt lat="46.75171" lon="4.90308">
        <ele>184.9</ele>
      </trkpt>
      <trkpt lat="46.75167" lon="4.9031">
        <ele>185.3</ele>
      </trkpt>
      <trkpt lat="46.7516" lon="4.90315">
        <ele>185.3</ele>
      </trkpt>
      <trkpt lat="46.75104" lon="4.90365">
        <ele>185.2</ele>
      </trkpt>
      <trkpt lat="46.75099" lon="4.9037">
        <ele>185.4</ele>
      </trkpt>
      <trkpt lat="46.75095" lon="4.90373">
        <ele>185.6</ele>
      </trkpt>
      <trkpt lat="46.75094" lon="4.90374">
        <ele>185.6</ele>
      </trkpt>
      <trkpt lat="46.7509" lon="4.90378">
        <ele>185.6</ele>
      </trkpt>
      <trkpt lat="46.75087" lon="4.9038">
        <ele>185.8</ele>
      </trkpt>
      <trkpt lat="46.75081" lon="4.90381">
        <ele>186.0</ele>
      </trkpt>
      <trkpt lat="46.75076" lon="4.90381">
        <ele>186.3</ele>
      </trkpt>
      <trkpt lat="46.7507" lon="4.90382">
        <ele>186.6</ele>
      </trkpt>
      <trkpt lat="46.75033" lon="4.90428">
        <ele>186.8</ele>
      </trkpt>
      <trkpt lat="46.75019" lon="4.90442">
        <ele>186.9</ele>
      </trkpt>
      <trkpt lat="46.75017" lon="4.90446">
        <ele>187.1</ele>
      </trkpt>
      <trkpt lat="46.75015" lon="4.9045">
        <ele>187.2</ele>
      </trkpt>
      <trkpt lat="46.7497" lon="4.90509">
        <ele>187.6</ele>
      </trkpt>
      <trkpt lat="46.74965" lon="4.90514">
        <ele>188.0</ele>
      </trkpt>
      <trkpt lat="46.74965" lon="4.90518">
        <ele>188.3</ele>
      </trkpt>
      <trkpt lat="46.74964" lon="4.90523">
        <ele>188.5</ele>
      </trkpt>
      <trkpt lat="46.74963" lon="4.90527">
        <ele>188.5</ele>
      </trkpt>
      <trkpt lat="46.74961" lon="4.90532">
        <ele>188.3</ele>
      </trkpt>
      <trkpt lat="46.74954" lon="4.90545">
        <ele>188.1</ele>
      </trkpt>
      <trkpt lat="46.7495" lon="4.90552">
        <ele>188.1</ele>
      </trkpt>
      <trkpt lat="46.74925" lon="4.90595">
        <ele>188.2</ele>
      </trkpt>
      <trkpt lat="46.74915" lon="4.90617">
        <ele>188.6</ele>
      </trkpt>
      <trkpt lat="46.74899" lon="4.90651">
        <ele>189.0</ele>
      </trkpt>
      <trkpt lat="46.74881" lon="4.90693">
        <ele>189.3</ele>
      </trkpt>
      <trkpt lat="46.74875" lon="4.90707">
        <ele>189.4</ele>
      </trkpt>
      <trkpt lat="46.74872" lon="4.90717">
        <ele>189.7</ele>
      </trkpt>
      <trkpt lat="46.74869" lon="4.90726">
        <ele>189.9</ele>
      </trkpt>
      <trkpt lat="46.74864" lon="4.90739">
        <ele>190.2</ele>
      </trkpt>
      <trkpt lat="46.74824" lon="4.90835">
        <ele>190.7</ele>
      </trkpt>
      <trkpt lat="46.74816" lon="4.90854">
        <ele>191.2</ele>
      </trkpt>
      <trkpt lat="46.74803" lon="4.90885">
        <ele>191.5</ele>
      </trkpt>
      <trkpt lat="46.74791" lon="4.90912">
        <ele>192.4</ele>
      </trkpt>
      <trkpt lat="46.74768" lon="4.90969">
        <ele>193.0</ele>
      </trkpt>
      <trkpt lat="46.74741" lon="4.91036">
        <ele>193.6</ele>
      </trkpt>
      <trkpt lat="46.74718" lon="4.91088">
        <ele>194.3</ele>
      </trkpt>
      <trkpt lat="46.74677" lon="4.91185">
        <ele>194.9</ele>
      </trkpt>
      <trkpt lat="46.74672" lon="4.91195">
        <ele>194.7</ele>
      </trkpt>
      <trkpt lat="46.74666" lon="4.91205">
        <ele>194.8</ele>
      </trkpt>
      <trkpt lat="46.74657" lon="4.91218">
        <ele>194.8</ele>
      </trkpt>
      <trkpt lat="46.74603" lon="4.91347">
        <ele>194.7</ele>
      </trkpt>
      <trkpt lat="46.74596" lon="4.91364">
        <ele>194.8</ele>
      </trkpt>
      <trkpt lat="46.74594" lon="4.91368">
        <ele>194.9</ele>
      </trkpt>
      <trkpt lat="46.74592" lon="4.91375">
        <ele>194.9</ele>
      </trkpt>
      <trkpt lat="46.74589" lon="4.91383">
        <ele>194.8</ele>
      </trkpt>
      <trkpt lat="46.74562" lon="4.91446">
        <ele>194.8</ele>
      </trkpt>
      <trkpt lat="46.74536" lon="4.91508">
        <ele>194.7</ele>
      </trkpt>
      <trkpt lat="46.74527" lon="4.91529">
        <ele>196.2</ele>
      </trkpt>
      <trkpt lat="46.74388" lon="4.91863">
        <ele>196.0</ele>
      </trkpt>
      <trkpt lat="46.74195" lon="4.92327">
        <ele>195.9</ele>
      </trkpt>
      <trkpt lat="46.73965" lon="4.92879">
        <ele>195.7</ele>
      </trkpt>
      <trkpt lat="46.73964" lon="4.92883">
        <ele>195.3</ele>
      </trkpt>
      <trkpt lat="46.73962" lon="4.92887">
        <ele>193.3</ele>
      </trkpt>
      <trkpt lat="46.73939" lon="4.92943">
        <ele>193.0</ele>
      </trkpt>
      <trkpt lat="46.73916" lon="4.92997">
        <ele>193.5</ele>
      </trkpt>
      <trkpt lat="46.739" lon="4.93033">
        <ele>195.6</ele>
      </trkpt>
      <trkpt lat="46.73736" lon="4.93432">
        <ele>196.6</ele>
      </trkpt>
      <trkpt lat="46.73593" lon="4.93778">
        <ele>197.4</ele>
      </trkpt>
      <trkpt lat="46.73556" lon="4.93869">
        <ele>198.2</ele>
      </trkpt>
      <trkpt lat="46.73287" lon="4.9451">
        <ele>198.1</ele>
      </trkpt>
      <trkpt lat="46.73281" lon="4.94521">
        <ele>196.5</ele>
      </trkpt>
      <trkpt lat="46.73274" lon="4.94539">
        <ele>196.2</ele>
      </trkpt>
      <trkpt lat="46.73271" lon="4.94547">
        <ele>196.2</ele>
      </trkpt>
      <trkpt lat="46.73262" lon="4.94568">
        <ele>196.5</ele>
      </trkpt>
      <trkpt lat="46.7325" lon="4.94596">
        <ele>196.8</ele>
      </trkpt>
      <trkpt lat="46.73235" lon="4.94632">
        <ele>196.5</ele>
      </trkpt>
      <trkpt lat="46.73167" lon="4.94795">
        <ele>195.6</ele>
      </trkpt>
      <trkpt lat="46.73058" lon="4.95056">
        <ele>194.4</ele>
      </trkpt>
      <trkpt lat="46.72784" lon="4.95711">
        <ele>192.9</ele>
      </trkpt>
      <trkpt lat="46.72774" lon="4.95737">
        <ele>191.5</ele>
      </trkpt>
      <trkpt lat="46.72764" lon="4.95761">
        <ele>190.7</ele>
      </trkpt>
      <trkpt lat="46.72753" lon="4.95788">
        <ele>190.5</ele>
      </trkpt>
      <trkpt lat="46.72746" lon="4.95801">
        <ele>190.5</ele>
      </trkpt>
      <trkpt lat="46.72741" lon="4.95809">
        <ele>190.6</ele>
      </trkpt>
      <trkpt lat="46.72736" lon="4.95817">
        <ele>190.7</ele>
      </trkpt>
      <trkpt lat="46.72731" lon="4.95821">
        <ele>190.8</ele>
      </trkpt>
      <trkpt lat="46.72727" lon="4.95828">
        <ele>190.9</ele>
      </trkpt>
      <trkpt lat="46.72721" lon="4.9581">
        <ele>191.0</ele>
      </trkpt>
      <trkpt lat="46.72714" lon="4.95795">
        <ele>191.1</ele>
      </trkpt>
      <trkpt lat="46.72704" lon="4.95774">
        <ele>191.2</ele>
      </trkpt>
      <trkpt lat="46.72688" lon="4.95742">
        <ele>191.6</ele>
      </trkpt>
      <trkpt lat="46.72682" lon="4.95732">
        <ele>191.9</ele>
      </trkpt>
      <trkpt lat="46.72621" lon="4.95611">
        <ele>192.5</ele>
      </trkpt>
      <trkpt lat="46.72587" lon="4.95543">
        <ele>192.9</ele>
      </trkpt>
      <trkpt lat="46.72563" lon="4.95499">
        <ele>193.2</ele>
      </trkpt>
      <trkpt lat="46.7255" lon="4.95475">
        <ele>193.4</ele>
      </trkpt>
      <trkpt lat="46.72537" lon="4.95454">
        <ele>193.6</ele>
      </trkpt>
      <trkpt lat="46.7252" lon="4.95428">
        <ele>193.9</ele>
      </trkpt>
      <trkpt lat="46.72498" lon="4.95394">
        <ele>194.2</ele>
      </trkpt>
      <trkpt lat="46.7244" lon="4.95309">
        <ele>194.6</ele>
      </trkpt>
      <trkpt lat="46.72425" lon="4.95282">
        <ele>194.9</ele>
      </trkpt>
      <trkpt lat="46.72418" lon="4.95268">
        <ele>195.1</ele>
      </trkpt>
      <trkpt lat="46.72415" lon="4.95261">
        <ele>195.1</ele>
      </trkpt>
      <trkpt lat="46.72413" lon="4.95255">
        <ele>195.2</ele>
      </trkpt>
      <trkpt lat="46.72383" lon="4.95273">
        <ele>195.2</ele>
      </trkpt>
      <trkpt lat="46.72348" lon="4.95295">
        <ele>195.2</ele>
      </trkpt>
      <trkpt lat="46.7233" lon="4.95307">
        <ele>195.3</ele>
      </trkpt>
      <trkpt lat="46.72323" lon="4.95312">
        <ele>195.1</ele>
      </trkpt>
      <trkpt lat="46.72312" lon="4.95318">
        <ele>194.9</ele>
      </trkpt>
      <trkpt lat="46.72295" lon="4.95326">
        <ele>194.9</ele>
      </trkpt>
      <trkpt lat="46.72276" lon="4.95336">
        <ele>194.9</ele>
      </trkpt>
      <trkpt lat="46.7226" lon="4.95343">
        <ele>194.5</ele>
      </trkpt>
      <trkpt lat="46.72251" lon="4.95347">
        <ele>194.3</ele>
      </trkpt>
      <trkpt lat="46.72234" lon="4.95351">
        <ele>194.2</ele>
      </trkpt>
      <trkpt lat="46.72218" lon="4.95354">
        <ele>194.0</ele>
      </trkpt>
      <trkpt lat="46.72191" lon="4.95357">
        <ele>193.7</ele>
      </trkpt>
      <trkpt lat="46.72186" lon="4.95357">
        <ele>193.9</ele>
      </trkpt>
      <trkpt lat="46.7216" lon="4.95359">
        <ele>194.2</ele>
      </trkpt>
      <trkpt lat="46.72152" lon="4.9536">
        <ele>194.3</ele>
      </trkpt>
      <trkpt lat="46.72147" lon="4.9536">
        <ele>194.3</ele>
      </trkpt>
      <trkpt lat="46.72142" lon="4.95359">
        <ele>194.2</ele>
      </trkpt>
      <trkpt lat="46.72135" lon="4.95356">
        <ele>193.9</ele>
      </trkpt>
      <trkpt lat="46.72124" lon="4.9535">
        <ele>193.8</ele>
      </trkpt>
      <trkpt lat="46.72115" lon="4.95345">
        <ele>193.1</ele>
      </trkpt>
      <trkpt lat="46.72112" lon="4.95337">
        <ele>192.7</ele>
      </trkpt>
      <trkpt lat="46.72105" lon="4.95273">
        <ele>192.1</ele>
      </trkpt>
      <trkpt lat="46.72102" lon="4.95245">
        <ele>191.0</ele>
      </trkpt>
      <trkpt lat="46.721" lon="4.95237">
        <ele>189.9</ele>
      </trkpt>
      <trkpt lat="46.72097" lon="4.95231">
        <ele>189.4</ele>
      </trkpt>
      <trkpt lat="46.72092" lon="4.95225">
        <ele>188.8</ele>
      </trkpt>
      <trkpt lat="46.72087" lon="4.95224">
        <ele>188.4</ele>
      </trkpt>
      <trkpt lat="46.72079" lon="4.95222">
        <ele>188.4</ele>
      </trkpt>
      <trkpt lat="46.7206" lon="4.95221">
        <ele>188.1</ele>
      </trkpt>
      <trkpt lat="46.72044" lon="4.9522">
        <ele>187.6</ele>
      </trkpt>
      <trkpt lat="46.72027" lon="4.95221">
        <ele>187.1</ele>
      </trkpt>
      <trkpt lat="46.72009" lon="4.95222">
        <ele>186.7</ele>
      </trkpt>
      <trkpt lat="46.71988" lon="4.95223">
        <ele>186.1</ele>
      </trkpt>
      <trkpt lat="46.7198" lon="4.95223">
        <ele>185.9</ele>
      </trkpt>
      <trkpt lat="46.71972" lon="4.95223">
        <ele>185.5</ele>
      </trkpt>
      <trkpt lat="46.71962" lon="4.9522">
        <ele>185.2</ele>
      </trkpt>
      <trkpt lat="46.7195" lon="4.95214">
        <ele>184.4</ele>
      </trkpt>
      <trkpt lat="46.7194" lon="4.95207">
        <ele>183.6</ele>
      </trkpt>
      <trkpt lat="46.7193" lon="4.95197">
        <ele>182.8</ele>
      </trkpt>
      <trkpt lat="46.71923" lon="4.95187">
        <ele>182.3</ele>
      </trkpt>
      <trkpt lat="46.71918" lon="4.95179">
        <ele>181.6</ele>
      </trkpt>
      <trkpt lat="46.71913" lon="4.95169">
        <ele>181.5</ele>
      </trkpt>
      <trkpt lat="46.71908" lon="4.95153">
        <ele>181.3</ele>
      </trkpt>
      <trkpt lat="46.71902" lon="4.95133">
        <ele>181.2</ele>
      </trkpt>
      <trkpt lat="46.71893" lon="4.95088">
        <ele>181.1</ele>
      </trkpt>
      <trkpt lat="46.71881" lon="4.95039">
        <ele>180.8</ele>
      </trkpt>
      <trkpt lat="46.71879" lon="4.95035">
        <ele>180.8</ele>
      </trkpt>
      <trkpt lat="46.71877" lon="4.95031">
        <ele>180.7</ele>
      </trkpt>
      <trkpt lat="46.71875" lon="4.95038">
        <ele>180.5</ele>
      </trkpt>
      <trkpt lat="46.71872" lon="4.95043">
        <ele>180.2</ele>
      </trkpt>
      <trkpt lat="46.71869" lon="4.95047">
        <ele>179.4</ele>
      </trkpt>
      <trkpt lat="46.71863" lon="4.95037">
        <ele>178.2</ele>
      </trkpt>
      <trkpt lat="46.71832" lon="4.9499">
        <ele>177.2</ele>
      </trkpt>
      <trkpt lat="46.71769" lon="4.94893">
        <ele>176.3</ele>
      </trkpt>
      <trkpt lat="46.71763" lon="4.94882">
        <ele>175.3</ele>
      </trkpt>
      <trkpt lat="46.71705" lon="4.94784">
        <ele>175.2</ele>
      </trkpt>
      <trkpt lat="46.71681" lon="4.94738">
        <ele>175.3</ele>
      </trkpt>
      <trkpt lat="46.7164" lon="4.94609">
        <ele>175.8</ele>
      </trkpt>
      <trkpt lat="46.71633" lon="4.94588">
        <ele>175.9</ele>
      </trkpt>
      <trkpt lat="46.7158" lon="4.9442">
        <ele>175.8</ele>
      </trkpt>
      <trkpt lat="46.71557" lon="4.94346">
        <ele>175.9</ele>
      </trkpt>
      <trkpt lat="46.71527" lon="4.94258">
        <ele>175.4</ele>
      </trkpt>
      <trkpt lat="46.71503" lon="4.94185">
        <ele>174.7</ele>
      </trkpt>
      <trkpt lat="46.71375" lon="4.93788">
        <ele>174.6</ele>
      </trkpt>
      <trkpt lat="46.71366" lon="4.93762">
        <ele>174.6</ele>
      </trkpt>
      <trkpt lat="46.71331" lon="4.9365">
        <ele>174.5</ele>
      </trkpt>
      <trkpt lat="46.7129" lon="4.93523">
        <ele>174.5</ele>
      </trkpt>
      <trkpt lat="46.71261" lon="4.93436">
        <ele>174.9</ele>
      </trkpt>
      <trkpt lat="46.71248" lon="4.93393">
        <ele>175.6</ele>
      </trkpt>
      <trkpt lat="46.7124" lon="4.93372">
        <ele>176.0</ele>
      </trkpt>
      <trkpt lat="46.71233" lon="4.93357">
        <ele>176.3</ele>
      </trkpt>
      <trkpt lat="46.71226" lon="4.93345">
        <ele>176.5</ele>
      </trkpt>
      <trkpt lat="46.71215" lon="4.93329">
        <ele>176.6</ele>
      </trkpt>
      <trkpt lat="46.71182" lon="4.93285">
        <ele>176.4</ele>
      </trkpt>
      <trkpt lat="46.71039" lon="4.93097">
        <ele>175.3</ele>
      </trkpt>
      <trkpt lat="46.71025" lon="4.9308">
        <ele>175.2</ele>
      </trkpt>
      <trkpt lat="46.70993" lon="4.93035">
        <ele>175.0</ele>
      </trkpt>
      <trkpt lat="46.70942" lon="4.92955">
        <ele>174.8</ele>
      </trkpt>
      <trkpt lat="46.7095" lon="4.92951">
        <ele>175.1</ele>
      </trkpt>
      <trkpt lat="46.70954" lon="4.92949">
        <ele>175.1</ele>
      </trkpt>
      <trkpt lat="46.70957" lon="4.92951">
        <ele>175.3</ele>
      </trkpt>
      <trkpt lat="46.7096" lon="4.92955">
        <ele>175.4</ele>
      </trkpt>
      <trkpt lat="46.70969" lon="4.92975">
        <ele>175.5</ele>
      </trkpt>
      <trkpt lat="46.70978" lon="4.92992">
        <ele>175.9</ele>
      </trkpt>
      <trkpt lat="46.70996" lon="4.93017">
        <ele>176.2</ele>
      </trkpt>
      <trkpt lat="46.71021" lon="4.93049">
        <ele>176.6</ele>
      </trkpt>
      <trkpt lat="46.7103" lon="4.93057">
        <ele>175.8</ele>
      </trkpt>
      <trkpt lat="46.71033" lon="4.93061">
        <ele>175.1</ele>
      </trkpt>
      <trkpt lat="46.71043" lon="4.93071">
        <ele>174.4</ele>
      </trkpt>
      <trkpt lat="46.71052" lon="4.93083">
        <ele>173.5</ele>
      </trkpt>
      <trkpt lat="46.71055" lon="4.93088">
        <ele>172.5</ele>
      </trkpt>
      <trkpt lat="46.71052" lon="4.93097">
        <ele>172.5</ele>
      </trkpt>
      <trkpt lat="46.71047" lon="4.93107">
        <ele>172.2</ele>
      </trkpt>
      <trkpt lat="46.71042" lon="4.93113">
        <ele>171.9</ele>
      </trkpt>
      <trkpt lat="46.71034" lon="4.93116">
        <ele>171.7</ele>
      </trkpt>
      <trkpt lat="46.71028" lon="4.93119">
        <ele>171.9</ele>
      </trkpt>
      <trkpt lat="46.71018" lon="4.93129">
        <ele>172.5</ele>
      </trkpt>
      <trkpt lat="46.71005" lon="4.93141">
        <ele>172.4</ele>
      </trkpt>
      <trkpt lat="46.70999" lon="4.93145">
        <ele>172.8</ele>
      </trkpt>
      <trkpt lat="46.70988" lon="4.93156">
        <ele>173.0</ele>
      </trkpt>
      <trkpt lat="46.70979" lon="4.93167">
        <ele>172.8</ele>
      </trkpt>
      <trkpt lat="46.70969" lon="4.93181">
        <ele>172.8</ele>
      </trkpt>
      <trkpt lat="46.70941" lon="4.93211">
        <ele>173.5</ele>
      </trkpt>
      <trkpt lat="46.70917" lon="4.93235">
        <ele>173.4</ele>
      </trkpt>
      <trkpt lat="46.70902" lon="4.93249">
        <ele>173.6</ele>
      </trkpt>
      <trkpt lat="46.70885" lon="4.9326">
        <ele>173.9</ele>
      </trkpt>
      <trkpt lat="46.70844" lon="4.93287">
        <ele>174.0</ele>
      </trkpt>
      <trkpt lat="46.70819" lon="4.93303">
        <ele>173.9</ele>
      </trkpt>
      <trkpt lat="46.70806" lon="4.9331">
        <ele>173.7</ele>
      </trkpt>
      <trkpt lat="46.70791" lon="4.93317">
        <ele>173.6</ele>
      </trkpt>
      <trkpt lat="46.70771" lon="4.93332">
        <ele>173.3</ele>
      </trkpt>
      <trkpt lat="46.70759" lon="4.93342">
        <ele>172.8</ele>
      </trkpt>
      <trkpt lat="46.70753" lon="4.93346">
        <ele>172.6</ele>
      </trkpt>
      <trkpt lat="46.70748" lon="4.93348">
        <ele>172.5</ele>
      </trkpt>
      <trkpt lat="46.70726" lon="4.93354">
        <ele>172.0</ele>
      </trkpt>
      <trkpt lat="46.70714" lon="4.93358">
        <ele>172.2</ele>
      </trkpt>
      <trkpt lat="46.70697" lon="4.93364">
        <ele>172.4</ele>
      </trkpt>
      <trkpt lat="46.70638" lon="4.93388">
        <ele>172.7</ele>
      </trkpt>
      <trkpt lat="46.70631" lon="4.9339">
        <ele>173.3</ele>
      </trkpt>
      <trkpt lat="46.7062" lon="4.93391">
        <ele>173.9</ele>
      </trkpt>
      <trkpt lat="46.70607" lon="4.93392">
        <ele>173.6</ele>
      </trkpt>
      <trkpt lat="46.70594" lon="4.93395">
        <ele>173.3</ele>
      </trkpt>
      <trkpt lat="46.70579" lon="4.93404">
        <ele>173.0</ele>
      </trkpt>
      <trkpt lat="46.70549" lon="4.93415">
        <ele>172.7</ele>
      </trkpt>
      <trkpt lat="46.70504" lon="4.93432">
        <ele>172.3</ele>
      </trkpt>
      <trkpt lat="46.70479" lon="4.9344">
        <ele>172.3</ele>
      </trkpt>
      <trkpt lat="46.70456" lon="4.93446">
        <ele>172.6</ele>
      </trkpt>
      <trkpt lat="46.70423" lon="4.93452">
        <ele>172.5</ele>
      </trkpt>
      <trkpt lat="46.70394" lon="4.93456">
        <ele>172.7</ele>
      </trkpt>
      <trkpt lat="46.70384" lon="4.93458">
        <ele>173.0</ele>
      </trkpt>
      <trkpt lat="46.70372" lon="4.9346">
        <ele>173.2</ele>
      </trkpt>
      <trkpt lat="46.70362" lon="4.93463">
        <ele>173.3</ele>
      </trkpt>
      <trkpt lat="46.70354" lon="4.9347">
        <ele>173.3</ele>
      </trkpt>
      <trkpt lat="46.70344" lon="4.93478">
        <ele>173.2</ele>
      </trkpt>
      <trkpt lat="46.70328" lon="4.93491">
        <ele>172.9</ele>
      </trkpt>
      <trkpt lat="46.70315" lon="4.93499">
        <ele>172.7</ele>
      </trkpt>
      <trkpt lat="46.70303" lon="4.93505">
        <ele>172.6</ele>
      </trkpt>
      <trkpt lat="46.70278" lon="4.93512">
        <ele>172.4</ele>
      </trkpt>
      <trkpt lat="46.70255" lon="4.9352">
        <ele>171.9</ele>
      </trkpt>
      <trkpt lat="46.7023" lon="4.93532">
        <ele>172.2</ele>
      </trkpt>
      <trkpt lat="46.70215" lon="4.93539">
        <ele>172.3</ele>
      </trkpt>
      <trkpt lat="46.70205" lon="4.93548">
        <ele>172.4</ele>
      </trkpt>
      <trkpt lat="46.70195" lon="4.93552">
        <ele>172.7</ele>
      </trkpt>
      <trkpt lat="46.70179" lon="4.93562">
        <ele>172.8</ele>
      </trkpt>
      <trkpt lat="46.7015" lon="4.93577">
        <ele>172.4</ele>
      </trkpt>
      <trkpt lat="46.70134" lon="4.93586">
        <ele>173.0</ele>
      </trkpt>
      <trkpt lat="46.70125" lon="4.93594">
        <ele>172.5</ele>
      </trkpt>
      <trkpt lat="46.70113" lon="4.93607">
        <ele>172.2</ele>
      </trkpt>
      <trkpt lat="46.70109" lon="4.93612">
        <ele>172.1</ele>
      </trkpt>
      <trkpt lat="46.70105" lon="4.93619">
        <ele>172.8</ele>
      </trkpt>
      <trkpt lat="46.70101" lon="4.93628">
        <ele>172.2</ele>
      </trkpt>
      <trkpt lat="46.70094" lon="4.93644">
        <ele>172.2</ele>
      </trkpt>
      <trkpt lat="46.70091" lon="4.9365">
        <ele>172.2</ele>
      </trkpt>
      <trkpt lat="46.70087" lon="4.93654">
        <ele>172.1</ele>
      </trkpt>
      <trkpt lat="46.7008" lon="4.93657">
        <ele>171.5</ele>
      </trkpt>
      <trkpt lat="46.70073" lon="4.93658">
        <ele>171.0</ele>
      </trkpt>
      <trkpt lat="46.70067" lon="4.93657">
        <ele>171.2</ele>
      </trkpt>
      <trkpt lat="46.7005" lon="4.93654">
        <ele>172.0</ele>
      </trkpt>
      <trkpt lat="46.70041" lon="4.93654">
        <ele>172.0</ele>
      </trkpt>
      <trkpt lat="46.70011" lon="4.9366">
        <ele>172.3</ele>
      </trkpt>
      <trkpt lat="46.69987" lon="4.93666">
        <ele>172.3</ele>
      </trkpt>
      <trkpt lat="46.69975" lon="4.93671">
        <ele>172.3</ele>
      </trkpt>
      <trkpt lat="46.69962" lon="4.93678">
        <ele>172.4</ele>
      </trkpt>
      <trkpt lat="46.69947" lon="4.93686">
        <ele>172.4</ele>
      </trkpt>
      <trkpt lat="46.69921" lon="4.937">
        <ele>172.5</ele>
      </trkpt>
      <trkpt lat="46.69914" lon="4.93702">
        <ele>172.6</ele>
      </trkpt>
      <trkpt lat="46.69908" lon="4.93706">
        <ele>172.6</ele>
      </trkpt>
      <trkpt lat="46.69883" lon="4.93729">
        <ele>172.7</ele>
      </trkpt>
      <trkpt lat="46.69841" lon="4.93778">
        <ele>173.0</ele>
      </trkpt>
      <trkpt lat="46.69799" lon="4.93819">
        <ele>173.4</ele>
      </trkpt>
      <trkpt lat="46.69578" lon="4.94018">
        <ele>173.3</ele>
      </trkpt>
      <trkpt lat="46.69535" lon="4.94056">
        <ele>173.3</ele>
      </trkpt>
      <trkpt lat="46.6952" lon="4.9407">
        <ele>172.6</ele>
      </trkpt>
      <trkpt lat="46.69511" lon="4.94077">
        <ele>172.3</ele>
      </trkpt>
      <trkpt lat="46.6949" lon="4.9409">
        <ele>172.0</ele>
      </trkpt>
      <trkpt lat="46.69449" lon="4.94114">
        <ele>171.8</ele>
      </trkpt>
      <trkpt lat="46.69422" lon="4.94127">
        <ele>171.5</ele>
      </trkpt>
      <trkpt lat="46.69395" lon="4.94136">
        <ele>171.6</ele>
      </trkpt>
      <trkpt lat="46.69336" lon="4.94156">
        <ele>171.6</ele>
      </trkpt>
      <trkpt lat="46.69329" lon="4.94156">
        <ele>171.9</ele>
      </trkpt>
      <trkpt lat="46.69324" lon="4.94157">
        <ele>171.9</ele>
      </trkpt>
      <trkpt lat="46.69316" lon="4.9416">
        <ele>171.9</ele>
      </trkpt>
      <trkpt lat="46.69309" lon="4.94162">
        <ele>172.1</ele>
      </trkpt>
      <trkpt lat="46.69302" lon="4.94167">
        <ele>172.0</ele>
      </trkpt>
      <trkpt lat="46.69287" lon="4.94173">
        <ele>171.7</ele>
      </trkpt>
      <trkpt lat="46.69264" lon="4.94181">
        <ele>171.5</ele>
      </trkpt>
      <trkpt lat="46.69241" lon="4.94186">
        <ele>171.3</ele>
      </trkpt>
      <trkpt lat="46.69187" lon="4.94202">
        <ele>171.0</ele>
      </trkpt>
      <trkpt lat="46.69174" lon="4.94205">
        <ele>171.1</ele>
      </trkpt>
      <trkpt lat="46.69153" lon="4.94208">
        <ele>171.1</ele>
      </trkpt>
      <trkpt lat="46.69075" lon="4.94215">
        <ele>171.5</ele>
      </trkpt>
      <trkpt lat="46.69024" lon="4.94222">
        <ele>171.8</ele>
      </trkpt>
      <trkpt lat="46.68955" lon="4.94227">
        <ele>172.1</ele>
      </trkpt>
      <trkpt lat="46.68923" lon="4.94231">
        <ele>172.2</ele>
      </trkpt>
      <trkpt lat="46.6891" lon="4.94233">
        <ele>172.1</ele>
      </trkpt>
      <trkpt lat="46.68893" lon="4.94236">
        <ele>171.8</ele>
      </trkpt>
      <trkpt lat="46.68874" lon="4.94239">
        <ele>171.5</ele>
      </trkpt>
      <trkpt lat="46.68863" lon="4.94241">
        <ele>171.3</ele>
      </trkpt>
      <trkpt lat="46.68833" lon="4.94246">
        <ele>171.4</ele>
      </trkpt>
      <trkpt lat="46.68774" lon="4.94255">
        <ele>171.6</ele>
      </trkpt>
      <trkpt lat="46.68757" lon="4.94257">
        <ele>171.6</ele>
      </trkpt>
      <trkpt lat="46.68749" lon="4.94259">
        <ele>171.8</ele>
      </trkpt>
      <trkpt lat="46.68739" lon="4.94259">
        <ele>171.7</ele>
      </trkpt>
      <trkpt lat="46.68723" lon="4.94259">
        <ele>171.5</ele>
      </trkpt>
      <trkpt lat="46.68715" lon="4.94259">
        <ele>171.5</ele>
      </trkpt>
      <trkpt lat="46.68682" lon="4.94263">
        <ele>171.4</ele>
      </trkpt>
      <trkpt lat="46.68672" lon="4.94266">
        <ele>171.3</ele>
      </trkpt>
      <trkpt lat="46.68656" lon="4.9427">
        <ele>171.5</ele>
      </trkpt>
      <trkpt lat="46.68619" lon="4.94281">
        <ele>171.5</ele>
      </trkpt>
      <trkpt lat="46.68586" lon="4.9429">
        <ele>171.6</ele>
      </trkpt>
      <trkpt lat="46.68571" lon="4.94291">
        <ele>171.8</ele>
      </trkpt>
      <trkpt lat="46.68562" lon="4.94293">
        <ele>171.9</ele>
      </trkpt>
      <trkpt lat="46.68553" lon="4.94297">
        <ele>171.8</ele>
      </trkpt>
      <trkpt lat="46.68545" lon="4.94301">
        <ele>172.0</ele>
      </trkpt>
      <trkpt lat="46.68462" lon="4.94322">
        <ele>171.8</ele>
      </trkpt>
      <trkpt lat="46.68452" lon="4.94324">
        <ele>172.1</ele>
      </trkpt>
      <trkpt lat="46.6844" lon="4.94326">
        <ele>172.5</ele>
      </trkpt>
      <trkpt lat="46.6843" lon="4.94326">
        <ele>172.5</ele>
      </trkpt>
      <trkpt lat="46.68427" lon="4.94327">
        <ele>172.4</ele>
      </trkpt>
      <trkpt lat="46.68418" lon="4.94329">
        <ele>172.6</ele>
      </trkpt>
      <trkpt lat="46.68406" lon="4.94332">
        <ele>172.1</ele>
      </trkpt>
      <trkpt lat="46.68372" lon="4.94337">
        <ele>171.7</ele>
      </trkpt>
      <trkpt lat="46.68353" lon="4.9434">
        <ele>171.7</ele>
      </trkpt>
      <trkpt lat="46.68349" lon="4.94341">
        <ele>171.9</ele>
      </trkpt>
      <trkpt lat="46.68346" lon="4.94342">
        <ele>171.7</ele>
      </trkpt>
      <trkpt lat="46.6834" lon="4.94346">
        <ele>171.6</ele>
      </trkpt>
      <trkpt lat="46.68334" lon="4.94348">
        <ele>172.0</ele>
      </trkpt>
      <trkpt lat="46.68322" lon="4.94351">
        <ele>172.0</ele>
      </trkpt>
      <trkpt lat="46.68234" lon="4.94379">
        <ele>171.8</ele>
      </trkpt>
      <trkpt lat="46.68192" lon="4.94393">
        <ele>172.2</ele>
      </trkpt>
      <trkpt lat="46.68186" lon="4.94396">
        <ele>172.7</ele>
      </trkpt>
      <trkpt lat="46.68175" lon="4.94402">
        <ele>172.7</ele>
      </trkpt>
      <trkpt lat="46.68167" lon="4.94405">
        <ele>172.6</ele>
      </trkpt>
      <trkpt lat="46.6812" lon="4.94418">
        <ele>172.4</ele>
      </trkpt>
      <trkpt lat="46.68082" lon="4.94431">
        <ele>172.4</ele>
      </trkpt>
      <trkpt lat="46.68039" lon="4.94449">
        <ele>172.1</ele>
      </trkpt>
      <trkpt lat="46.67973" lon="4.94479">
        <ele>171.6</ele>
      </trkpt>
      <trkpt lat="46.67951" lon="4.9449">
        <ele>171.5</ele>
      </trkpt>
      <trkpt lat="46.67931" lon="4.945">
        <ele>171.8</ele>
      </trkpt>
      <trkpt lat="46.67914" lon="4.94508">
        <ele>171.3</ele>
      </trkpt>
      <trkpt lat="46.67892" lon="4.9452">
        <ele>171.0</ele>
      </trkpt>
      <trkpt lat="46.67878" lon="4.94529">
        <ele>171.0</ele>
      </trkpt>
      <trkpt lat="46.67866" lon="4.94536">
        <ele>171.0</ele>
      </trkpt>
      <trkpt lat="46.67849" lon="4.94544">
        <ele>171.1</ele>
      </trkpt>
      <trkpt lat="46.67829" lon="4.94552">
        <ele>171.3</ele>
      </trkpt>
      <trkpt lat="46.67755" lon="4.94581">
        <ele>171.5</ele>
      </trkpt>
      <trkpt lat="46.6772" lon="4.94597">
        <ele>171.7</ele>
      </trkpt>
      <trkpt lat="46.67691" lon="4.94604">
        <ele>172.1</ele>
      </trkpt>
      <trkpt lat="46.67665" lon="4.94609">
        <ele>171.9</ele>
      </trkpt>
      <trkpt lat="46.67557" lon="4.9464">
        <ele>171.9</ele>
      </trkpt>
      <trkpt lat="46.67436" lon="4.94674">
        <ele>171.7</ele>
      </trkpt>
      <trkpt lat="46.67416" lon="4.9468">
        <ele>171.6</ele>
      </trkpt>
      <trkpt lat="46.67406" lon="4.94684">
        <ele>171.6</ele>
      </trkpt>
      <trkpt lat="46.67383" lon="4.9469">
        <ele>171.4</ele>
      </trkpt>
      <trkpt lat="46.67347" lon="4.94695">
        <ele>171.6</ele>
      </trkpt>
      <trkpt lat="46.67331" lon="4.94699">
        <ele>171.7</ele>
      </trkpt>
      <trkpt lat="46.67317" lon="4.94706">
        <ele>171.9</ele>
      </trkpt>
      <trkpt lat="46.67306" lon="4.94711">
        <ele>171.9</ele>
      </trkpt>
      <trkpt lat="46.67283" lon="4.94717">
        <ele>172.6</ele>
      </trkpt>
      <trkpt lat="46.67259" lon="4.94724">
        <ele>172.4</ele>
      </trkpt>
      <trkpt lat="46.67236" lon="4.94726">
        <ele>172.8</ele>
      </trkpt>
      <trkpt lat="46.67219" lon="4.94728">
        <ele>173.1</ele>
      </trkpt>
      <trkpt lat="46.67196" lon="4.94731">
        <ele>173.2</ele>
      </trkpt>
      <trkpt lat="46.67174" lon="4.94735">
        <ele>173.2</ele>
      </trkpt>
      <trkpt lat="46.67161" lon="4.94736">
        <ele>173.4</ele>
      </trkpt>
      <trkpt lat="46.67152" lon="4.94736">
        <ele>173.3</ele>
      </trkpt>
      <trkpt lat="46.6714" lon="4.94736">
        <ele>173.2</ele>
      </trkpt>
      <trkpt lat="46.67132" lon="4.94737">
        <ele>172.7</ele>
      </trkpt>
      <trkpt lat="46.67089" lon="4.94748">
        <ele>172.5</ele>
      </trkpt>
      <trkpt lat="46.66903" lon="4.94771">
        <ele>172.0</ele>
      </trkpt>
      <trkpt lat="46.66856" lon="4.94781">
        <ele>171.5</ele>
      </trkpt>
      <trkpt lat="46.66839" lon="4.94786">
        <ele>170.9</ele>
      </trkpt>
      <trkpt lat="46.66831" lon="4.94792">
        <ele>170.9</ele>
      </trkpt>
      <trkpt lat="46.66824" lon="4.94796">
        <ele>170.5</ele>
      </trkpt>
      <trkpt lat="46.66813" lon="4.94799">
        <ele>170.5</ele>
      </trkpt>
      <trkpt lat="46.66801" lon="4.94799">
        <ele>170.5</ele>
      </trkpt>
      <trkpt lat="46.66794" lon="4.94796">
        <ele>170.5</ele>
      </trkpt>
      <trkpt lat="46.66779" lon="4.94792">
        <ele>170.8</ele>
      </trkpt>
      <trkpt lat="46.66763" lon="4.94789">
        <ele>171.1</ele>
      </trkpt>
      <trkpt lat="46.66365" lon="4.94835">
        <ele>171.6</ele>
      </trkpt>
      <trkpt lat="46.66358" lon="4.94836">
        <ele>172.5</ele>
      </trkpt>
      <trkpt lat="46.66342" lon="4.9484">
        <ele>173.4</ele>
      </trkpt>
      <trkpt lat="46.66177" lon="4.94939">
        <ele>173.1</ele>
      </trkpt>
      <trkpt lat="46.65984" lon="4.95059">
        <ele>173.4</ele>
      </trkpt>
      <trkpt lat="46.65855" lon="4.9513">
        <ele>173.5</ele>
      </trkpt>
      <trkpt lat="46.65829" lon="4.95147">
        <ele>173.0</ele>
      </trkpt>
      <trkpt lat="46.65814" lon="4.95158">
        <ele>172.3</ele>
      </trkpt>
      <trkpt lat="46.65809" lon="4.9516">
        <ele>172.4</ele>
      </trkpt>
      <trkpt lat="46.65805" lon="4.95161">
        <ele>172.0</ele>
      </trkpt>
      <trkpt lat="46.65802" lon="4.95165">
        <ele>171.8</ele>
      </trkpt>
      <trkpt lat="46.65796" lon="4.95169">
        <ele>172.0</ele>
      </trkpt>
      <trkpt lat="46.65784" lon="4.95175">
        <ele>171.9</ele>
      </trkpt>
      <trkpt lat="46.65762" lon="4.95186">
        <ele>172.1</ele>
      </trkpt>
      <trkpt lat="46.65746" lon="4.95192">
        <ele>172.1</ele>
      </trkpt>
      <trkpt lat="46.65729" lon="4.95197">
        <ele>171.7</ele>
      </trkpt>
      <trkpt lat="46.65713" lon="4.95202">
        <ele>171.9</ele>
      </trkpt>
      <trkpt lat="46.65685" lon="4.95215">
        <ele>172.3</ele>
      </trkpt>
      <trkpt lat="46.65673" lon="4.95218">
        <ele>173.0</ele>
      </trkpt>
      <trkpt lat="46.65665" lon="4.9522">
        <ele>174.0</ele>
      </trkpt>
      <trkpt lat="46.65648" lon="4.95224">
        <ele>174.8</ele>
      </trkpt>
      <trkpt lat="46.65615" lon="4.95235">
        <ele>174.4</ele>
      </trkpt>
      <trkpt lat="46.65594" lon="4.95241">
        <ele>174.2</ele>
      </trkpt>
      <trkpt lat="46.65575" lon="4.95245">
        <ele>174.0</ele>
      </trkpt>
      <trkpt lat="46.65517" lon="4.95251">
        <ele>173.7</ele>
      </trkpt>
      <trkpt lat="46.65479" lon="4.95255">
        <ele>173.7</ele>
      </trkpt>
      <trkpt lat="46.65465" lon="4.95257">
        <ele>174.3</ele>
      </trkpt>
      <trkpt lat="46.65457" lon="4.95259">
        <ele>174.7</ele>
      </trkpt>
      <trkpt lat="46.65449" lon="4.95262">
        <ele>174.6</ele>
      </trkpt>
      <trkpt lat="46.65441" lon="4.95263">
        <ele>174.6</ele>
      </trkpt>
      <trkpt lat="46.65421" lon="4.95264">
        <ele>174.3</ele>
      </trkpt>
      <trkpt lat="46.65405" lon="4.95265">
        <ele>174.1</ele>
      </trkpt>
      <trkpt lat="46.65394" lon="4.95267">
        <ele>174.1</ele>
      </trkpt>
      <trkpt lat="46.65378" lon="4.95271">
        <ele>173.9</ele>
      </trkpt>
      <trkpt lat="46.65367" lon="4.95273">
        <ele>173.3</ele>
      </trkpt>
      <trkpt lat="46.65356" lon="4.95274">
        <ele>173.2</ele>
      </trkpt>
      <trkpt lat="46.65322" lon="4.95277">
        <ele>172.7</ele>
      </trkpt>
      <trkpt lat="46.65284" lon="4.95279">
        <ele>173.4</ele>
      </trkpt>
      <trkpt lat="46.65267" lon="4.9528">
        <ele>173.1</ele>
      </trkpt>
      <trkpt lat="46.65236" lon="4.95282">
        <ele>172.9</ele>
      </trkpt>
      <trkpt lat="46.65213" lon="4.95283">
        <ele>172.3</ele>
      </trkpt>
      <trkpt lat="46.65202" lon="4.95285">
        <ele>172.2</ele>
      </trkpt>
      <trkpt lat="46.65193" lon="4.95287">
        <ele>170.7</ele>
      </trkpt>
      <trkpt lat="46.65185" lon="4.95291">
        <ele>170.5</ele>
      </trkpt>
      <trkpt lat="46.65174" lon="4.95293">
        <ele>170.9</ele>
      </trkpt>
      <trkpt lat="46.65166" lon="4.95294">
        <ele>171.1</ele>
      </trkpt>
      <trkpt lat="46.65162" lon="4.95294">
        <ele>171.3</ele>
      </trkpt>
      <trkpt lat="46.65153" lon="4.95295">
        <ele>171.6</ele>
      </trkpt>
      <trkpt lat="46.65145" lon="4.95295">
        <ele>171.9</ele>
      </trkpt>
      <trkpt lat="46.65133" lon="4.95297">
        <ele>172.4</ele>
      </trkpt>
      <trkpt lat="46.65116" lon="4.95301">
        <ele>172.8</ele>
      </trkpt>
      <trkpt lat="46.65092" lon="4.95311">
        <ele>173.7</ele>
      </trkpt>
      <trkpt lat="46.6507" lon="4.95318">
        <ele>174.4</ele>
      </trkpt>
      <trkpt lat="46.65053" lon="4.95321">
        <ele>174.6</ele>
      </trkpt>
      <trkpt lat="46.65048" lon="4.95321">
        <ele>174.7</ele>
      </trkpt>
      <trkpt lat="46.65044" lon="4.95322">
        <ele>175.4</ele>
      </trkpt>
      <trkpt lat="46.65036" lon="4.95323">
        <ele>175.2</ele>
      </trkpt>
      <trkpt lat="46.65027" lon="4.95325">
        <ele>175.1</ele>
      </trkpt>
      <trkpt lat="46.65012" lon="4.95327">
        <ele>175.0</ele>
      </trkpt>
      <trkpt lat="46.64981" lon="4.9533">
        <ele>174.2</ele>
      </trkpt>
      <trkpt lat="46.64948" lon="4.95332">
        <ele>173.4</ele>
      </trkpt>
      <trkpt lat="46.64914" lon="4.95335">
        <ele>173.8</ele>
      </trkpt>
      <trkpt lat="46.64886" lon="4.95337">
        <ele>173.6</ele>
      </trkpt>
      <trkpt lat="46.64818" lon="4.95343">
        <ele>173.6</ele>
      </trkpt>
      <trkpt lat="46.64778" lon="4.95348">
        <ele>173.7</ele>
      </trkpt>
      <trkpt lat="46.64755" lon="4.9535">
        <ele>174.0</ele>
      </trkpt>
      <trkpt lat="46.64728" lon="4.95352">
        <ele>173.1</ele>
      </trkpt>
      <trkpt lat="46.64708" lon="4.95355">
        <ele>172.8</ele>
      </trkpt>
      <trkpt lat="46.6469" lon="4.95358">
        <ele>172.7</ele>
      </trkpt>
      <trkpt lat="46.64662" lon="4.95363">
        <ele>173.0</ele>
      </trkpt>
      <trkpt lat="46.64637" lon="4.95366">
        <ele>172.7</ele>
      </trkpt>
      <trkpt lat="46.64621" lon="4.95367">
        <ele>173.2</ele>
      </trkpt>
      <trkpt lat="46.64608" lon="4.95367">
        <ele>173.4</ele>
      </trkpt>
      <trkpt lat="46.64596" lon="4.95366">
        <ele>173.1</ele>
      </trkpt>
      <trkpt lat="46.64588" lon="4.95365">
        <ele>172.7</ele>
      </trkpt>
      <trkpt lat="46.64579" lon="4.95361">
        <ele>172.4</ele>
      </trkpt>
      <trkpt lat="46.64536" lon="4.95345">
        <ele>171.9</ele>
      </trkpt>
      <trkpt lat="46.64515" lon="4.95337">
        <ele>171.9</ele>
      </trkpt>
      <trkpt lat="46.64509" lon="4.95335">
        <ele>172.1</ele>
      </trkpt>
      <trkpt lat="46.64467" lon="4.95322">
        <ele>172.1</ele>
      </trkpt>
      <trkpt lat="46.64364" lon="4.95315">
        <ele>172.6</ele>
      </trkpt>
      <trkpt lat="46.64269" lon="4.95317">
        <ele>172.3</ele>
      </trkpt>
      <trkpt lat="46.6423" lon="4.95327">
        <ele>171.9</ele>
      </trkpt>
      <trkpt lat="46.64072" lon="4.9534">
        <ele>172.1</ele>
      </trkpt>
      <trkpt lat="46.64043" lon="4.95349">
        <ele>172.0</ele>
      </trkpt>
      <trkpt lat="46.64008" lon="4.95367">
        <ele>171.5</ele>
      </trkpt>
      <trkpt lat="46.63983" lon="4.95381">
        <ele>171.5</ele>
      </trkpt>
      <trkpt lat="46.639" lon="4.95414">
        <ele>171.4</ele>
      </trkpt>
      <trkpt lat="46.63874" lon="4.95424">
        <ele>170.8</ele>
      </trkpt>
      <trkpt lat="46.63831" lon="4.95432">
        <ele>170.5</ele>
      </trkpt>
      <trkpt lat="46.63803" lon="4.95433">
        <ele>170.5</ele>
      </trkpt>
      <trkpt lat="46.63749" lon="4.95438">
        <ele>170.5</ele>
      </trkpt>
      <trkpt lat="46.63725" lon="4.95436">
        <ele>170.5</ele>
      </trkpt>
      <trkpt lat="46.63687" lon="4.95433">
        <ele>170.5</ele>
      </trkpt>
      <trkpt lat="46.63652" lon="4.95423">
        <ele>170.5</ele>
      </trkpt>
      <trkpt lat="46.63632" lon="4.95413">
        <ele>170.5</ele>
      </trkpt>
      <trkpt lat="46.6362" lon="4.95413">
        <ele>170.5</ele>
      </trkpt>
      <trkpt lat="46.63583" lon="4.9543">
        <ele>170.5</ele>
      </trkpt>
      <trkpt lat="46.63498" lon="4.95428">
        <ele>170.5</ele>
      </trkpt>
      <trkpt lat="46.63424" lon="4.95424">
        <ele>170.5</ele>
      </trkpt>
      <trkpt lat="46.63376" lon="4.95427">
        <ele>170.5</ele>
      </trkpt>
      <trkpt lat="46.63298" lon="4.95423">
        <ele>170.5</ele>
      </trkpt>
      <trkpt lat="46.63241" lon="4.95413">
        <ele>170.6</ele>
      </trkpt>
      <trkpt lat="46.63147" lon="4.95377">
        <ele>170.7</ele>
      </trkpt>
      <trkpt lat="46.63079" lon="4.95345">
        <ele>171.3</ele>
      </trkpt>
      <trkpt lat="46.63047" lon="4.95327">
        <ele>172.0</ele>
      </trkpt>
      <trkpt lat="46.62943" lon="4.95279">
        <ele>172.5</ele>
      </trkpt>
      <trkpt lat="46.62918" lon="4.95272">
        <ele>172.5</ele>
      </trkpt>
      <trkpt lat="46.62865" lon="4.95243">
        <ele>173.2</ele>
      </trkpt>
      <trkpt lat="46.62827" lon="4.95219">
        <ele>173.1</ele>
      </trkpt>
      <trkpt lat="46.62784" lon="4.95185">
        <ele>172.4</ele>
      </trkpt>
      <trkpt lat="46.62702" lon="4.95106">
        <ele>172.1</ele>
      </trkpt>
      <trkpt lat="46.62671" lon="4.95074">
        <ele>172.0</ele>
      </trkpt>
      <trkpt lat="46.62654" lon="4.95054">
        <ele>171.3</ele>
      </trkpt>
      <trkpt lat="46.62592" lon="4.94964">
        <ele>171.2</ele>
      </trkpt>
      <trkpt lat="46.62549" lon="4.94902">
        <ele>171.6</ele>
      </trkpt>
      <trkpt lat="46.62529" lon="4.94864">
        <ele>171.7</ele>
      </trkpt>
      <trkpt lat="46.62493" lon="4.94796">
        <ele>172.0</ele>
      </trkpt>
      <trkpt lat="46.62479" lon="4.94771">
        <ele>172.3</ele>
      </trkpt>
      <trkpt lat="46.62416" lon="4.94684">
        <ele>172.4</ele>
      </trkpt>
      <trkpt lat="46.62359" lon="4.94598">
        <ele>172.2</ele>
      </trkpt>
      <trkpt lat="46.62329" lon="4.9456">
        <ele>172.2</ele>
      </trkpt>
      <trkpt lat="46.62303" lon="4.94535">
        <ele>173.0</ele>
      </trkpt>
      <trkpt lat="46.62252" lon="4.94488">
        <ele>173.5</ele>
      </trkpt>
      <trkpt lat="46.6218" lon="4.94425">
        <ele>174.0</ele>
      </trkpt>
      <trkpt lat="46.62142" lon="4.94392">
        <ele>174.4</ele>
      </trkpt>
      <trkpt lat="46.6211" lon="4.94364">
        <ele>174.1</ele>
      </trkpt>
      <trkpt lat="46.62004" lon="4.94316">
        <ele>173.1</ele>
      </trkpt>
      <trkpt lat="46.61903" lon="4.94276">
        <ele>172.4</ele>
      </trkpt>
      <trkpt lat="46.61796" lon="4.94239">
        <ele>172.0</ele>
      </trkpt>
      <trkpt lat="46.6166" lon="4.94196">
        <ele>171.5</ele>
      </trkpt>
      <trkpt lat="46.61585" lon="4.94183">
        <ele>172.0</ele>
      </trkpt>
      <trkpt lat="46.61469" lon="4.94157">
        <ele>172.0</ele>
      </trkpt>
      <trkpt lat="46.61458" lon="4.94158">
        <ele>171.8</ele>
      </trkpt>
      <trkpt lat="46.61433" lon="4.94152">
        <ele>171.5</ele>
      </trkpt>
      <trkpt lat="46.61409" lon="4.94146">
        <ele>171.4</ele>
      </trkpt>
      <trkpt lat="46.61354" lon="4.94135">
        <ele>171.4</ele>
      </trkpt>
      <trkpt lat="46.61343" lon="4.94129">
        <ele>171.9</ele>
      </trkpt>
      <trkpt lat="46.61305" lon="4.94107">
        <ele>171.9</ele>
      </trkpt>
      <trkpt lat="46.61255" lon="4.94079">
        <ele>172.0</ele>
      </trkpt>
      <trkpt lat="46.61157" lon="4.94006">
        <ele>171.8</ele>
      </trkpt>
      <trkpt lat="46.6102" lon="4.93891">
        <ele>171.7</ele>
      </trkpt>
      <trkpt lat="46.60985" lon="4.93877">
        <ele>171.5</ele>
      </trkpt>
      <trkpt lat="46.60952" lon="4.9384">
        <ele>171.7</ele>
      </trkpt>
      <trkpt lat="46.60779" lon="4.93684">
        <ele>171.8</ele>
      </trkpt>
      <trkpt lat="46.60748" lon="4.93641">
        <ele>172.1</ele>
      </trkpt>
      <trkpt lat="46.60595" lon="4.93474">
        <ele>172.0</ele>
      </trkpt>
      <trkpt lat="46.60445" lon="4.93318">
        <ele>171.9</ele>
      </trkpt>
      <trkpt lat="46.60424" lon="4.93292">
        <ele>171.8</ele>
      </trkpt>
      <trkpt lat="46.60393" lon="4.93253">
        <ele>171.9</ele>
      </trkpt>
      <trkpt lat="46.60345" lon="4.93203">
        <ele>172.3</ele>
      </trkpt>
      <trkpt lat="46.60289" lon="4.93144">
        <ele>172.4</ele>
      </trkpt>
      <trkpt lat="46.6027" lon="4.93126">
        <ele>172.4</ele>
      </trkpt>
      <trkpt lat="46.60223" lon="4.93078">
        <ele>172.5</ele>
      </trkpt>
      <trkpt lat="46.6006" lon="4.92953">
        <ele>172.7</ele>
      </trkpt>
      <trkpt lat="46.60044" lon="4.92942">
        <ele>172.6</ele>
      </trkpt>
      <trkpt lat="46.5993" lon="4.9284">
        <ele>171.9</ele>
      </trkpt>
      <trkpt lat="46.5992" lon="4.92834">
        <ele>171.9</ele>
      </trkpt>
      <trkpt lat="46.59899" lon="4.92837">
        <ele>171.8</ele>
      </trkpt>
      <trkpt lat="46.59875" lon="4.92834">
        <ele>171.6</ele>
      </trkpt>
      <trkpt lat="46.59841" lon="4.92823">
        <ele>171.2</ele>
      </trkpt>
      <trkpt lat="46.59806" lon="4.92808">
        <ele>171.0</ele>
      </trkpt>
      <trkpt lat="46.59776" lon="4.92786">
        <ele>171.3</ele>
      </trkpt>
      <trkpt lat="46.59696" lon="4.92729">
        <ele>171.4</ele>
      </trkpt>
      <trkpt lat="46.59596" lon="4.92673">
        <ele>171.4</ele>
      </trkpt>
      <trkpt lat="46.59577" lon="4.92659">
        <ele>171.5</ele>
      </trkpt>
      <trkpt lat="46.59556" lon="4.92641">
        <ele>171.1</ele>
      </trkpt>
      <trkpt lat="46.59492" lon="4.92572">
        <ele>170.9</ele>
      </trkpt>
      <trkpt lat="46.59459" lon="4.92536">
        <ele>170.8</ele>
      </trkpt>
      <trkpt lat="46.59435" lon="4.92505">
        <ele>170.7</ele>
      </trkpt>
      <trkpt lat="46.59416" lon="4.92478">
        <ele>170.6</ele>
      </trkpt>
      <trkpt lat="46.59402" lon="4.92462">
        <ele>170.8</ele>
      </trkpt>
      <trkpt lat="46.59376" lon="4.92439">
        <ele>170.8</ele>
      </trkpt>
      <trkpt lat="46.59362" lon="4.92426">
        <ele>170.9</ele>
      </trkpt>
      <trkpt lat="46.59348" lon="4.92405">
        <ele>170.9</ele>
      </trkpt>
      <trkpt lat="46.5932" lon="4.92379">
        <ele>170.9</ele>
      </trkpt>
      <trkpt lat="46.59263" lon="4.92321">
        <ele>170.7</ele>
      </trkpt>
      <trkpt lat="46.5924" lon="4.92296">
        <ele>170.7</ele>
      </trkpt>
      <trkpt lat="46.59115" lon="4.92146">
        <ele>170.6</ele>
      </trkpt>
      <trkpt lat="46.59097" lon="4.92121">
        <ele>170.6</ele>
      </trkpt>
      <trkpt lat="46.59053" lon="4.92064">
        <ele>170.7</ele>
      </trkpt>
      <trkpt lat="46.5902" lon="4.92008">
        <ele>170.8</ele>
      </trkpt>
      <trkpt lat="46.58979" lon="4.91928">
        <ele>170.9</ele>
      </trkpt>
      <trkpt lat="46.58954" lon="4.91889">
        <ele>170.9</ele>
      </trkpt>
      <trkpt lat="46.58937" lon="4.91867">
        <ele>171.1</ele>
      </trkpt>
      <trkpt lat="46.58851" lon="4.91782">
        <ele>171.0</ele>
      </trkpt>
      <trkpt lat="46.58814" lon="4.91743">
        <ele>170.9</ele>
      </trkpt>
      <trkpt lat="46.58789" lon="4.91715">
        <ele>170.8</ele>
      </trkpt>
      <trkpt lat="46.5872" lon="4.91641">
        <ele>170.9</ele>
      </trkpt>
      <trkpt lat="46.58688" lon="4.91607">
        <ele>170.9</ele>
      </trkpt>
      <trkpt lat="46.58663" lon="4.91582">
        <ele>171.4</ele>
      </trkpt>
      <trkpt lat="46.58637" lon="4.91561">
        <ele>171.4</ele>
      </trkpt>
      <trkpt lat="46.58614" lon="4.91543">
        <ele>171.7</ele>
      </trkpt>
      <trkpt lat="46.58599" lon="4.91533">
        <ele>171.7</ele>
      </trkpt>
      <trkpt lat="46.58583" lon="4.91523">
        <ele>171.5</ele>
      </trkpt>
      <trkpt lat="46.58572" lon="4.91517">
        <ele>171.1</ele>
      </trkpt>
      <trkpt lat="46.58552" lon="4.91505">
        <ele>171.0</ele>
      </trkpt>
      <trkpt lat="46.58545" lon="4.91499">
        <ele>170.7</ele>
      </trkpt>
      <trkpt lat="46.58535" lon="4.91491">
        <ele>170.6</ele>
      </trkpt>
      <trkpt lat="46.58525" lon="4.91481">
        <ele>171.1</ele>
      </trkpt>
      <trkpt lat="46.58517" lon="4.91472">
        <ele>171.5</ele>
      </trkpt>
      <trkpt lat="46.58513" lon="4.91473">
        <ele>171.9</ele>
      </trkpt>
      <trkpt lat="46.58509" lon="4.91472">
        <ele>172.1</ele>
      </trkpt>
      <trkpt lat="46.58504" lon="4.9147">
        <ele>172.1</ele>
      </trkpt>
      <trkpt lat="46.58457" lon="4.91441">
        <ele>171.7</ele>
      </trkpt>
      <trkpt lat="46.58432" lon="4.91424">
        <ele>171.2</ele>
      </trkpt>
      <trkpt lat="46.58411" lon="4.91409">
        <ele>170.9</ele>
      </trkpt>
      <trkpt lat="46.58395" lon="4.91398">
        <ele>170.9</ele>
      </trkpt>
      <trkpt lat="46.58377" lon="4.91384">
        <ele>171.0</ele>
      </trkpt>
      <trkpt lat="46.58346" lon="4.91362">
        <ele>171.0</ele>
      </trkpt>
      <trkpt lat="46.58312" lon="4.91339">
        <ele>171.2</ele>
      </trkpt>
      <trkpt lat="46.58275" lon="4.91316">
        <ele>171.3</ele>
      </trkpt>
      <trkpt lat="46.58221" lon="4.91285">
        <ele>171.2</ele>
      </trkpt>
      <trkpt lat="46.58168" lon="4.91256">
        <ele>171.3</ele>
      </trkpt>
      <trkpt lat="46.58135" lon="4.91237">
        <ele>171.3</ele>
      </trkpt>
      <trkpt lat="46.58115" lon="4.91228">
        <ele>171.3</ele>
      </trkpt>
      <trkpt lat="46.581" lon="4.91222">
        <ele>171.3</ele>
      </trkpt>
      <trkpt lat="46.58083" lon="4.91216">
        <ele>171.4</ele>
      </trkpt>
      <trkpt lat="46.58051" lon="4.91207">
        <ele>171.5</ele>
      </trkpt>
      <trkpt lat="46.58023" lon="4.91201">
        <ele>171.7</ele>
      </trkpt>
      <trkpt lat="46.58012" lon="4.91199">
        <ele>171.9</ele>
      </trkpt>
      <trkpt lat="46.58" lon="4.91198">
        <ele>171.9</ele>
      </trkpt>
      <trkpt lat="46.57985" lon="4.91197">
        <ele>172.1</ele>
      </trkpt>
      <trkpt lat="46.5797" lon="4.91197">
        <ele>171.7</ele>
      </trkpt>
      <trkpt lat="46.57928" lon="4.912">
        <ele>171.8</ele>
      </trkpt>
      <trkpt lat="46.57907" lon="4.91201">
        <ele>171.5</ele>
      </trkpt>
      <trkpt lat="46.57897" lon="4.91201">
        <ele>171.7</ele>
      </trkpt>
      <trkpt lat="46.57886" lon="4.91201">
        <ele>171.5</ele>
      </trkpt>
      <trkpt lat="46.57874" lon="4.91199">
        <ele>171.7</ele>
      </trkpt>
      <trkpt lat="46.57853" lon="4.91196">
        <ele>171.7</ele>
      </trkpt>
      <trkpt lat="46.57836" lon="4.91193">
        <ele>171.7</ele>
      </trkpt>
      <trkpt lat="46.57815" lon="4.91191">
        <ele>171.2</ele>
      </trkpt>
      <trkpt lat="46.5777" lon="4.91189">
        <ele>171.3</ele>
      </trkpt>
      <trkpt lat="46.57724" lon="4.91187">
        <ele>171.4</ele>
      </trkpt>
      <trkpt lat="46.57689" lon="4.91185">
        <ele>171.2</ele>
      </trkpt>
      <trkpt lat="46.57661" lon="4.91182">
        <ele>171.6</ele>
      </trkpt>
      <trkpt lat="46.57631" lon="4.91181">
        <ele>172.0</ele>
      </trkpt>
      <trkpt lat="46.57618" lon="4.91182">
        <ele>172.3</ele>
      </trkpt>
      <trkpt lat="46.57606" lon="4.91184">
        <ele>172.1</ele>
      </trkpt>
      <trkpt lat="46.57594" lon="4.91187">
        <ele>172.0</ele>
      </trkpt>
      <trkpt lat="46.57555" lon="4.91199">
        <ele>171.9</ele>
      </trkpt>
      <trkpt lat="46.57543" lon="4.91202">
        <ele>171.6</ele>
      </trkpt>
      <trkpt lat="46.57534" lon="4.91205">
        <ele>171.4</ele>
      </trkpt>
      <trkpt lat="46.57492" lon="4.9121">
        <ele>171.4</ele>
      </trkpt>
      <trkpt lat="46.57468" lon="4.91216">
        <ele>171.4</ele>
      </trkpt>
      <trkpt lat="46.57445" lon="4.9122">
        <ele>171.1</ele>
      </trkpt>
      <trkpt lat="46.57392" lon="4.91229">
        <ele>171.5</ele>
      </trkpt>
      <trkpt lat="46.5735" lon="4.91236">
        <ele>171.5</ele>
      </trkpt>
      <trkpt lat="46.57338" lon="4.91238">
        <ele>171.3</ele>
      </trkpt>
      <trkpt lat="46.57307" lon="4.91241">
        <ele>171.2</ele>
      </trkpt>
      <trkpt lat="46.57293" lon="4.91242">
        <ele>171.2</ele>
      </trkpt>
      <trkpt lat="46.57282" lon="4.91243">
        <ele>170.7</ele>
      </trkpt>
      <trkpt lat="46.57269" lon="4.91242">
        <ele>170.5</ele>
      </trkpt>
      <trkpt lat="46.57247" lon="4.91239">
        <ele>170.5</ele>
      </trkpt>
      <trkpt lat="46.57226" lon="4.91237">
        <ele>170.5</ele>
      </trkpt>
      <trkpt lat="46.5721" lon="4.91236">
        <ele>170.5</ele>
      </trkpt>
      <trkpt lat="46.57194" lon="4.91235">
        <ele>170.5</ele>
      </trkpt>
      <trkpt lat="46.57177" lon="4.91234">
        <ele>170.8</ele>
      </trkpt>
      <trkpt lat="46.57158" lon="4.91231">
        <ele>171.1</ele>
      </trkpt>
      <trkpt lat="46.57113" lon="4.9122">
        <ele>171.6</ele>
      </trkpt>
      <trkpt lat="46.57084" lon="4.91213">
        <ele>171.8</ele>
      </trkpt>
      <trkpt lat="46.57039" lon="4.91201">
        <ele>171.8</ele>
      </trkpt>
      <trkpt lat="46.57026" lon="4.91197">
        <ele>171.7</ele>
      </trkpt>
      <trkpt lat="46.57015" lon="4.91194">
        <ele>172.8</ele>
      </trkpt>
      <trkpt lat="46.56989" lon="4.91185">
        <ele>173.2</ele>
      </trkpt>
      <trkpt lat="46.56979" lon="4.91182">
        <ele>173.2</ele>
      </trkpt>
      <trkpt lat="46.56954" lon="4.91173">
        <ele>173.8</ele>
      </trkpt>
      <trkpt lat="46.56935" lon="4.91166">
        <ele>173.8</ele>
      </trkpt>
      <trkpt lat="46.5693" lon="4.91164">
        <ele>172.7</ele>
      </trkpt>
      <trkpt lat="46.56914" lon="4.91159">
        <ele>172.0</ele>
      </trkpt>
      <trkpt lat="46.56896" lon="4.91153">
        <ele>172.0</ele>
      </trkpt>
      <trkpt lat="46.56854" lon="4.91141">
        <ele>171.9</ele>
      </trkpt>
      <trkpt lat="46.56801" lon="4.91126">
        <ele>171.8</ele>
      </trkpt>
      <trkpt lat="46.5678" lon="4.91122">
        <ele>172.2</ele>
      </trkpt>
      <trkpt lat="46.56771" lon="4.9112">
        <ele>172.9</ele>
      </trkpt>
      <trkpt lat="46.5676" lon="4.91118">
        <ele>173.0</ele>
      </trkpt>
      <trkpt lat="46.56735" lon="4.91116">
        <ele>173.3</ele>
      </trkpt>
      <trkpt lat="46.56719" lon="4.91115">
        <ele>173.6</ele>
      </trkpt>
      <trkpt lat="46.56704" lon="4.91114">
        <ele>173.4</ele>
      </trkpt>
      <trkpt lat="46.56698" lon="4.91113">
        <ele>172.9</ele>
      </trkpt>
      <trkpt lat="46.56695" lon="4.9111">
        <ele>173.5</ele>
      </trkpt>
      <trkpt lat="46.56692" lon="4.91107">
        <ele>173.7</ele>
      </trkpt>
      <trkpt lat="46.5669" lon="4.91102">
        <ele>174.0</ele>
      </trkpt>
      <trkpt lat="46.56687" lon="4.91092">
        <ele>175.0</ele>
      </trkpt>
      <trkpt lat="46.56685" lon="4.91087">
        <ele>174.8</ele>
      </trkpt>
      <trkpt lat="46.5667" lon="4.91097">
        <ele>174.8</ele>
      </trkpt>
      <trkpt lat="46.56659" lon="4.91103">
        <ele>174.5</ele>
      </trkpt>
      <trkpt lat="46.56649" lon="4.91107">
        <ele>173.8</ele>
      </trkpt>
      <trkpt lat="46.5664" lon="4.9111">
        <ele>172.8</ele>
      </trkpt>
      <trkpt lat="46.56629" lon="4.91112">
        <ele>172.7</ele>
      </trkpt>
      <trkpt lat="46.56611" lon="4.91114">
        <ele>172.9</ele>
      </trkpt>
      <trkpt lat="46.566" lon="4.91117">
        <ele>172.8</ele>
      </trkpt>
      <trkpt lat="46.56589" lon="4.9112">
        <ele>174.4</ele>
      </trkpt>
      <trkpt lat="46.56576" lon="4.91126">
        <ele>175.2</ele>
      </trkpt>
      <trkpt lat="46.56564" lon="4.91131">
        <ele>175.9</ele>
      </trkpt>
      <trkpt lat="46.56553" lon="4.91136">
        <ele>175.5</ele>
      </trkpt>
      <trkpt lat="46.565" lon="4.91164">
        <ele>176.8</ele>
      </trkpt>
      <trkpt lat="46.56495" lon="4.91166">
        <ele>175.6</ele>
      </trkpt>
      <trkpt lat="46.56479" lon="4.91174">
        <ele>174.7</ele>
      </trkpt>
      <trkpt lat="46.56441" lon="4.9119">
        <ele>176.5</ele>
      </trkpt>
      <trkpt lat="46.56437" lon="4.91192">
        <ele>178.1</ele>
      </trkpt>
      <trkpt lat="46.564009" lon="4.9121">
        <ele>177.0</ele>
      </trkpt>
      <trkpt lat="46.56399" lon="4.91211">
        <ele>178.1</ele>
      </trkpt>
      <trkpt lat="46.56367" lon="4.91106">
        <ele>185.1</ele>
      </trkpt>
    </trkseg>
  </trk>
</gpx>
