<?xml version="1.0" encoding="UTF-8"?>
<gpx xmlns:gpxdata="http://www.cluetrust.com/XML/GPXDATA/1/0" xmlns:xsi="http://www.w3.org/2001/XMLSchema-instance" xmlns="http://www.topografix.com/GPX/1/1" version="1.1" creator="http://ridewithgps.com/" xsi:schemaLocation="http://www.topografix.com/GPX/1/1 http://www.topografix.com/GPX/1/1/gpx.xsd http://www.cluetrust.com/XML/GPXDATA/1/0 http://www.cluetrust.com/Schemas/gpxdata10.xsd">
  <metadata>
    <name>Jour 18 - Givors @ Tain l'Hermitage</name>
    <link href="https://ridewithgps.com/routes/56790082">
      <text>Jour 18 - Givors @ Tain l'Hermitage</text>
    </link>
    <time>2026-08-22T07:02:03Z</time>
  </metadata>
  <trk>
    <name>Jour 18 - Givors @ Tain l'Hermitage</name>
    <trkseg>
      <trkpt lat="45.58548" lon="4.77508">
        <ele>157.1</ele>
      </trkpt>
      <trkpt lat="45.58496" lon="4.77565">
        <ele>155.2</ele>
      </trkpt>
      <trkpt lat="45.58491" lon="4.77558">
        <ele>155.8</ele>
      </trkpt>
      <trkpt lat="45.58455" lon="4.77604">
        <ele>156.4</ele>
      </trkpt>
      <trkpt lat="45.58412" lon="4.77648">
        <ele>155.3</ele>
      </trkpt>
      <trkpt lat="45.58399" lon="4.77657">
        <ele>154.5</ele>
      </trkpt>
      <trkpt lat="45.58324" lon="4.77688">
        <ele>153.4</ele>
      </trkpt>
      <trkpt lat="45.58306" lon="4.77695">
        <ele>154.1</ele>
      </trkpt>
      <trkpt lat="45.5828" lon="4.77711">
        <ele>154.5</ele>
      </trkpt>
      <trkpt lat="45.58251" lon="4.77729">
        <ele>154.2</ele>
      </trkpt>
      <trkpt lat="45.58224" lon="4.77752">
        <ele>155.2</ele>
      </trkpt>
      <trkpt lat="45.58168" lon="4.77793">
        <ele>156.9</ele>
      </trkpt>
      <trkpt lat="45.58102" lon="4.77837">
        <ele>157.8</ele>
      </trkpt>
      <trkpt lat="45.58079" lon="4.77859">
        <ele>159.6</ele>
      </trkpt>
      <trkpt lat="45.5807" lon="4.7787">
        <ele>162.2</ele>
      </trkpt>
      <trkpt lat="45.5808" lon="4.77883">
        <ele>158.2</ele>
      </trkpt>
      <trkpt lat="45.58076" lon="4.77878">
        <ele>159.6</ele>
      </trkpt>
      <trkpt lat="45.58094" lon="4.77856">
        <ele>157.6</ele>
      </trkpt>
      <trkpt lat="45.58105" lon="4.77847">
        <ele>157.3</ele>
      </trkpt>
      <trkpt lat="45.58102" lon="4.77837">
        <ele>157.8</ele>
      </trkpt>
      <trkpt lat="45.58123" lon="4.77756">
        <ele>161.2</ele>
      </trkpt>
      <trkpt lat="45.5806" lon="4.77731">
        <ele>177.3</ele>
      </trkpt>
      <trkpt lat="45.58057" lon="4.77749">
        <ele>177.8</ele>
      </trkpt>
      <trkpt lat="45.58048" lon="4.77759">
        <ele>181.4</ele>
      </trkpt>
      <trkpt lat="45.58042" lon="4.77771">
        <ele>183.3</ele>
      </trkpt>
      <trkpt lat="45.58021" lon="4.77822">
        <ele>186.1</ele>
      </trkpt>
      <trkpt lat="45.58017" lon="4.77826">
        <ele>187.1</ele>
      </trkpt>
      <trkpt lat="45.58014" lon="4.77827">
        <ele>188.5</ele>
      </trkpt>
      <trkpt lat="45.58012" lon="4.77826">
        <ele>189.6</ele>
      </trkpt>
      <trkpt lat="45.5801" lon="4.77823">
        <ele>190.8</ele>
      </trkpt>
      <trkpt lat="45.58009" lon="4.77818">
        <ele>192.1</ele>
      </trkpt>
      <trkpt lat="45.58011" lon="4.77805">
        <ele>193.6</ele>
      </trkpt>
      <trkpt lat="45.58025" lon="4.77751">
        <ele>195.0</ele>
      </trkpt>
      <trkpt lat="45.58029" lon="4.77739">
        <ele>194.3</ele>
      </trkpt>
      <trkpt lat="45.58028" lon="4.77736">
        <ele>194.9</ele>
      </trkpt>
      <trkpt lat="45.58026" lon="4.77733">
        <ele>196.6</ele>
      </trkpt>
      <trkpt lat="45.58022" lon="4.77735">
        <ele>198.5</ele>
      </trkpt>
      <trkpt lat="45.58018" lon="4.7774">
        <ele>200.2</ele>
      </trkpt>
      <trkpt lat="45.57984" lon="4.77793">
        <ele>208.4</ele>
      </trkpt>
      <trkpt lat="45.57965" lon="4.77862">
        <ele>205.7</ele>
      </trkpt>
      <trkpt lat="45.57948" lon="4.77897">
        <ele>208.4</ele>
      </trkpt>
      <trkpt lat="45.57912" lon="4.77949">
        <ele>216.2</ele>
      </trkpt>
      <trkpt lat="45.57875" lon="4.78001">
        <ele>216.7</ele>
      </trkpt>
      <trkpt lat="45.5787" lon="4.78006">
        <ele>217.8</ele>
      </trkpt>
      <trkpt lat="45.57865" lon="4.7801">
        <ele>219.0</ele>
      </trkpt>
      <trkpt lat="45.5786" lon="4.78011">
        <ele>220.7</ele>
      </trkpt>
      <trkpt lat="45.57843" lon="4.78009">
        <ele>226.8</ele>
      </trkpt>
      <trkpt lat="45.57817" lon="4.77999">
        <ele>233.8</ele>
      </trkpt>
      <trkpt lat="45.57759" lon="4.77968">
        <ele>245.3</ele>
      </trkpt>
      <trkpt lat="45.5775" lon="4.77967">
        <ele>246.3</ele>
      </trkpt>
      <trkpt lat="45.57741" lon="4.77968">
        <ele>246.9</ele>
      </trkpt>
      <trkpt lat="45.57721" lon="4.77972">
        <ele>247.9</ele>
      </trkpt>
      <trkpt lat="45.57702" lon="4.77974">
        <ele>249.2</ele>
      </trkpt>
      <trkpt lat="45.57686" lon="4.77972">
        <ele>250.4</ele>
      </trkpt>
      <trkpt lat="45.57656" lon="4.77959">
        <ele>252.7</ele>
      </trkpt>
      <trkpt lat="45.5763" lon="4.77947">
        <ele>254.6</ele>
      </trkpt>
      <trkpt lat="45.5758" lon="4.77928">
        <ele>258.2</ele>
      </trkpt>
      <trkpt lat="45.57575" lon="4.77957">
        <ele>258.5</ele>
      </trkpt>
      <trkpt lat="45.57571" lon="4.77973">
        <ele>258.9</ele>
      </trkpt>
      <trkpt lat="45.57564" lon="4.77997">
        <ele>259.6</ele>
      </trkpt>
      <trkpt lat="45.57555" lon="4.78014">
        <ele>260.2</ele>
      </trkpt>
      <trkpt lat="45.57547" lon="4.78029">
        <ele>261.0</ele>
      </trkpt>
      <trkpt lat="45.57518" lon="4.78071">
        <ele>263.7</ele>
      </trkpt>
      <trkpt lat="45.57483" lon="4.7812">
        <ele>265.1</ele>
      </trkpt>
      <trkpt lat="45.57471" lon="4.78133">
        <ele>265.8</ele>
      </trkpt>
      <trkpt lat="45.57425" lon="4.78166">
        <ele>269.7</ele>
      </trkpt>
      <trkpt lat="45.57379" lon="4.782">
        <ele>271.7</ele>
      </trkpt>
      <trkpt lat="45.57346" lon="4.78227">
        <ele>273.9</ele>
      </trkpt>
      <trkpt lat="45.573" lon="4.78268">
        <ele>277.7</ele>
      </trkpt>
      <trkpt lat="45.57288" lon="4.78277">
        <ele>278.7</ele>
      </trkpt>
      <trkpt lat="45.57255" lon="4.78299">
        <ele>281.3</ele>
      </trkpt>
      <trkpt lat="45.57217" lon="4.78317">
        <ele>283.9</ele>
      </trkpt>
      <trkpt lat="45.5715" lon="4.78341">
        <ele>287.8</ele>
      </trkpt>
      <trkpt lat="45.57139" lon="4.78344">
        <ele>288.0</ele>
      </trkpt>
      <trkpt lat="45.5711" lon="4.78346">
        <ele>289.8</ele>
      </trkpt>
      <trkpt lat="45.57082" lon="4.78342">
        <ele>292.2</ele>
      </trkpt>
      <trkpt lat="45.57069" lon="4.78343">
        <ele>293.0</ele>
      </trkpt>
      <trkpt lat="45.57062" lon="4.78346">
        <ele>293.3</ele>
      </trkpt>
      <trkpt lat="45.57055" lon="4.7835">
        <ele>293.3</ele>
      </trkpt>
      <trkpt lat="45.57035" lon="4.78369">
        <ele>293.2</ele>
      </trkpt>
      <trkpt lat="45.57025" lon="4.78374">
        <ele>293.5</ele>
      </trkpt>
      <trkpt lat="45.57012" lon="4.78377">
        <ele>294.4</ele>
      </trkpt>
      <trkpt lat="45.56966" lon="4.78375">
        <ele>296.9</ele>
      </trkpt>
      <trkpt lat="45.5692" lon="4.78374">
        <ele>299.0</ele>
      </trkpt>
      <trkpt lat="45.56899" lon="4.78369">
        <ele>300.3</ele>
      </trkpt>
      <trkpt lat="45.56882" lon="4.7836">
        <ele>301.7</ele>
      </trkpt>
      <trkpt lat="45.56869" lon="4.78347">
        <ele>303.0</ele>
      </trkpt>
      <trkpt lat="45.56861" lon="4.78334">
        <ele>304.0</ele>
      </trkpt>
      <trkpt lat="45.56854" lon="4.78318">
        <ele>305.2</ele>
      </trkpt>
      <trkpt lat="45.56849" lon="4.78296">
        <ele>306.7</ele>
      </trkpt>
      <trkpt lat="45.56847" lon="4.78274">
        <ele>308.1</ele>
      </trkpt>
      <trkpt lat="45.56849" lon="4.78253">
        <ele>309.3</ele>
      </trkpt>
      <trkpt lat="45.56856" lon="4.78229">
        <ele>310.0</ele>
      </trkpt>
      <trkpt lat="45.56884" lon="4.78141">
        <ele>312.5</ele>
      </trkpt>
      <trkpt lat="45.56912" lon="4.78053">
        <ele>314.8</ele>
      </trkpt>
      <trkpt lat="45.56916" lon="4.78028">
        <ele>315.3</ele>
      </trkpt>
      <trkpt lat="45.56917" lon="4.78016">
        <ele>315.6</ele>
      </trkpt>
      <trkpt lat="45.56915" lon="4.77996">
        <ele>316.2</ele>
      </trkpt>
      <trkpt lat="45.56909" lon="4.77975">
        <ele>317.1</ele>
      </trkpt>
      <trkpt lat="45.56903" lon="4.77962">
        <ele>317.6</ele>
      </trkpt>
      <trkpt lat="45.56887" lon="4.77933">
        <ele>318.8</ele>
      </trkpt>
      <trkpt lat="45.56858" lon="4.77886">
        <ele>321.5</ele>
      </trkpt>
      <trkpt lat="45.56852" lon="4.77876">
        <ele>322.3</ele>
      </trkpt>
      <trkpt lat="45.56842" lon="4.77863">
        <ele>323.5</ele>
      </trkpt>
      <trkpt lat="45.56833" lon="4.77854">
        <ele>324.5</ele>
      </trkpt>
      <trkpt lat="45.56825" lon="4.77847">
        <ele>325.1</ele>
      </trkpt>
      <trkpt lat="45.56788" lon="4.7782">
        <ele>326.9</ele>
      </trkpt>
      <trkpt lat="45.56748" lon="4.77789">
        <ele>329.7</ele>
      </trkpt>
      <trkpt lat="45.56691" lon="4.77729">
        <ele>332.4</ele>
      </trkpt>
      <trkpt lat="45.56678" lon="4.77717">
        <ele>332.5</ele>
      </trkpt>
      <trkpt lat="45.56635" lon="4.77683">
        <ele>333.4</ele>
      </trkpt>
      <trkpt lat="45.56616" lon="4.77665">
        <ele>334.1</ele>
      </trkpt>
      <trkpt lat="45.56595" lon="4.77639">
        <ele>335.1</ele>
      </trkpt>
      <trkpt lat="45.5657" lon="4.77598">
        <ele>337.0</ele>
      </trkpt>
      <trkpt lat="45.56559" lon="4.77581">
        <ele>338.1</ele>
      </trkpt>
      <trkpt lat="45.56547" lon="4.7757">
        <ele>339.0</ele>
      </trkpt>
      <trkpt lat="45.56538" lon="4.77563">
        <ele>339.7</ele>
      </trkpt>
      <trkpt lat="45.5652" lon="4.77558">
        <ele>340.4</ele>
      </trkpt>
      <trkpt lat="45.56506" lon="4.77557">
        <ele>340.8</ele>
      </trkpt>
      <trkpt lat="45.56467" lon="4.77559">
        <ele>342.3</ele>
      </trkpt>
      <trkpt lat="45.56447" lon="4.77557">
        <ele>343.3</ele>
      </trkpt>
      <trkpt lat="45.56361" lon="4.7753">
        <ele>347.4</ele>
      </trkpt>
      <trkpt lat="45.56335" lon="4.77519">
        <ele>348.3</ele>
      </trkpt>
      <trkpt lat="45.5633" lon="4.77516">
        <ele>348.3</ele>
      </trkpt>
      <trkpt lat="45.56323" lon="4.7751">
        <ele>348.2</ele>
      </trkpt>
      <trkpt lat="45.56317" lon="4.77503">
        <ele>348.1</ele>
      </trkpt>
      <trkpt lat="45.56311" lon="4.77494">
        <ele>348.2</ele>
      </trkpt>
      <trkpt lat="45.56303" lon="4.77472">
        <ele>348.9</ele>
      </trkpt>
      <trkpt lat="45.56299" lon="4.77453">
        <ele>349.6</ele>
      </trkpt>
      <trkpt lat="45.56285" lon="4.77336">
        <ele>353.0</ele>
      </trkpt>
      <trkpt lat="45.56278" lon="4.77309">
        <ele>353.0</ele>
      </trkpt>
      <trkpt lat="45.56269" lon="4.77285">
        <ele>352.7</ele>
      </trkpt>
      <trkpt lat="45.5626" lon="4.77271">
        <ele>352.4</ele>
      </trkpt>
      <trkpt lat="45.56245" lon="4.77252">
        <ele>351.9</ele>
      </trkpt>
      <trkpt lat="45.56236" lon="4.77243">
        <ele>351.9</ele>
      </trkpt>
      <trkpt lat="45.56224" lon="4.77234">
        <ele>351.9</ele>
      </trkpt>
      <trkpt lat="45.56214" lon="4.77227">
        <ele>351.8</ele>
      </trkpt>
      <trkpt lat="45.56198" lon="4.7722">
        <ele>351.6</ele>
      </trkpt>
      <trkpt lat="45.56184" lon="4.77216">
        <ele>351.3</ele>
      </trkpt>
      <trkpt lat="45.56126" lon="4.77207">
        <ele>351.5</ele>
      </trkpt>
      <trkpt lat="45.56067" lon="4.77198">
        <ele>352.4</ele>
      </trkpt>
      <trkpt lat="45.56043" lon="4.77191">
        <ele>353.0</ele>
      </trkpt>
      <trkpt lat="45.56034" lon="4.77187">
        <ele>353.2</ele>
      </trkpt>
      <trkpt lat="45.56023" lon="4.7718">
        <ele>353.5</ele>
      </trkpt>
      <trkpt lat="45.56014" lon="4.77173">
        <ele>353.7</ele>
      </trkpt>
      <trkpt lat="45.56004" lon="4.77162">
        <ele>354.0</ele>
      </trkpt>
      <trkpt lat="45.55985" lon="4.7714">
        <ele>355.0</ele>
      </trkpt>
      <trkpt lat="45.55978" lon="4.7713">
        <ele>355.4</ele>
      </trkpt>
      <trkpt lat="45.55967" lon="4.77112">
        <ele>356.1</ele>
      </trkpt>
      <trkpt lat="45.55954" lon="4.77085">
        <ele>357.1</ele>
      </trkpt>
      <trkpt lat="45.55943" lon="4.77054">
        <ele>359.0</ele>
      </trkpt>
      <trkpt lat="45.55939" lon="4.77031">
        <ele>360.4</ele>
      </trkpt>
      <trkpt lat="45.55935" lon="4.76973">
        <ele>362.3</ele>
      </trkpt>
      <trkpt lat="45.5593" lon="4.76938">
        <ele>362.4</ele>
      </trkpt>
      <trkpt lat="45.55927" lon="4.76922">
        <ele>362.5</ele>
      </trkpt>
      <trkpt lat="45.5592" lon="4.76899">
        <ele>362.6</ele>
      </trkpt>
      <trkpt lat="45.55914" lon="4.76884">
        <ele>362.8</ele>
      </trkpt>
      <trkpt lat="45.55909" lon="4.76874">
        <ele>362.9</ele>
      </trkpt>
      <trkpt lat="45.55892" lon="4.76848">
        <ele>363.7</ele>
      </trkpt>
      <trkpt lat="45.55875" lon="4.76826">
        <ele>364.4</ele>
      </trkpt>
      <trkpt lat="45.55843" lon="4.76791">
        <ele>365.4</ele>
      </trkpt>
      <trkpt lat="45.55788" lon="4.76743">
        <ele>366.4</ele>
      </trkpt>
      <trkpt lat="45.55733" lon="4.76695">
        <ele>365.5</ele>
      </trkpt>
      <trkpt lat="45.55718" lon="4.76678">
        <ele>365.3</ele>
      </trkpt>
      <trkpt lat="45.55712" lon="4.76669">
        <ele>365.4</ele>
      </trkpt>
      <trkpt lat="45.55683" lon="4.76614">
        <ele>366.8</ele>
      </trkpt>
      <trkpt lat="45.55665" lon="4.76575">
        <ele>368.4</ele>
      </trkpt>
      <trkpt lat="45.55659" lon="4.76562">
        <ele>369.2</ele>
      </trkpt>
      <trkpt lat="45.55648" lon="4.76529">
        <ele>371.1</ele>
      </trkpt>
      <trkpt lat="45.55623" lon="4.7644">
        <ele>376.7</ele>
      </trkpt>
      <trkpt lat="45.55618" lon="4.76425">
        <ele>377.6</ele>
      </trkpt>
      <trkpt lat="45.55611" lon="4.76407">
        <ele>378.1</ele>
      </trkpt>
      <trkpt lat="45.55598" lon="4.76378">
        <ele>378.1</ele>
      </trkpt>
      <trkpt lat="45.5558" lon="4.76338">
        <ele>378.0</ele>
      </trkpt>
      <trkpt lat="45.55548" lon="4.76272">
        <ele>377.1</ele>
      </trkpt>
      <trkpt lat="45.55514" lon="4.76205">
        <ele>376.2</ele>
      </trkpt>
      <trkpt lat="45.55479" lon="4.76137">
        <ele>375.0</ele>
      </trkpt>
      <trkpt lat="45.55464" lon="4.7611">
        <ele>374.7</ele>
      </trkpt>
      <trkpt lat="45.55432" lon="4.76068">
        <ele>375.2</ele>
      </trkpt>
      <trkpt lat="45.55416" lon="4.76045">
        <ele>375.6</ele>
      </trkpt>
      <trkpt lat="45.55389" lon="4.76">
        <ele>377.0</ele>
      </trkpt>
      <trkpt lat="45.55382" lon="4.75991">
        <ele>378.0</ele>
      </trkpt>
      <trkpt lat="45.55376" lon="4.75984">
        <ele>378.9</ele>
      </trkpt>
      <trkpt lat="45.55369" lon="4.7598">
        <ele>379.7</ele>
      </trkpt>
      <trkpt lat="45.55363" lon="4.75977">
        <ele>380.4</ele>
      </trkpt>
      <trkpt lat="45.55352" lon="4.75976">
        <ele>381.4</ele>
      </trkpt>
      <trkpt lat="45.55346" lon="4.75976">
        <ele>381.9</ele>
      </trkpt>
      <trkpt lat="45.55309" lon="4.75986">
        <ele>382.5</ele>
      </trkpt>
      <trkpt lat="45.55299" lon="4.75988">
        <ele>382.5</ele>
      </trkpt>
      <trkpt lat="45.55288" lon="4.75988">
        <ele>382.5</ele>
      </trkpt>
      <trkpt lat="45.55276" lon="4.75987">
        <ele>382.7</ele>
      </trkpt>
      <trkpt lat="45.55262" lon="4.75985">
        <ele>383.1</ele>
      </trkpt>
      <trkpt lat="45.55241" lon="4.75976">
        <ele>384.0</ele>
      </trkpt>
      <trkpt lat="45.55228" lon="4.75967">
        <ele>384.9</ele>
      </trkpt>
      <trkpt lat="45.55215" lon="4.75952">
        <ele>386.3</ele>
      </trkpt>
      <trkpt lat="45.55201" lon="4.75932">
        <ele>388.6</ele>
      </trkpt>
      <trkpt lat="45.55192" lon="4.75917">
        <ele>390.4</ele>
      </trkpt>
      <trkpt lat="45.55165" lon="4.75879">
        <ele>394.6</ele>
      </trkpt>
      <trkpt lat="45.55143" lon="4.75856">
        <ele>396.1</ele>
      </trkpt>
      <trkpt lat="45.55103" lon="4.75824">
        <ele>397.3</ele>
      </trkpt>
      <trkpt lat="45.55095" lon="4.75816">
        <ele>397.5</ele>
      </trkpt>
      <trkpt lat="45.55089" lon="4.75807">
        <ele>397.8</ele>
      </trkpt>
      <trkpt lat="45.55085" lon="4.758">
        <ele>398.1</ele>
      </trkpt>
      <trkpt lat="45.55076" lon="4.7578">
        <ele>398.0</ele>
      </trkpt>
      <trkpt lat="45.55062" lon="4.75741">
        <ele>397.6</ele>
      </trkpt>
      <trkpt lat="45.55056" lon="4.7571">
        <ele>398.1</ele>
      </trkpt>
      <trkpt lat="45.55055" lon="4.75676">
        <ele>399.4</ele>
      </trkpt>
      <trkpt lat="45.55051" lon="4.75642">
        <ele>401.2</ele>
      </trkpt>
      <trkpt lat="45.55045" lon="4.75611">
        <ele>403.0</ele>
      </trkpt>
      <trkpt lat="45.55035" lon="4.75575">
        <ele>404.6</ele>
      </trkpt>
      <trkpt lat="45.55032" lon="4.75561">
        <ele>404.8</ele>
      </trkpt>
      <trkpt lat="45.55031" lon="4.7555">
        <ele>405.1</ele>
      </trkpt>
      <trkpt lat="45.5503" lon="4.75524">
        <ele>406.2</ele>
      </trkpt>
      <trkpt lat="45.55032" lon="4.75508">
        <ele>407.1</ele>
      </trkpt>
      <trkpt lat="45.55039" lon="4.75473">
        <ele>409.2</ele>
      </trkpt>
      <trkpt lat="45.5504" lon="4.75461">
        <ele>409.8</ele>
      </trkpt>
      <trkpt lat="45.5504" lon="4.7544">
        <ele>410.6</ele>
      </trkpt>
      <trkpt lat="45.55036" lon="4.75418">
        <ele>411.4</ele>
      </trkpt>
      <trkpt lat="45.55031" lon="4.75402">
        <ele>411.8</ele>
      </trkpt>
      <trkpt lat="45.55025" lon="4.75388">
        <ele>412.3</ele>
      </trkpt>
      <trkpt lat="45.55018" lon="4.75376">
        <ele>412.9</ele>
      </trkpt>
      <trkpt lat="45.55009" lon="4.75364">
        <ele>413.8</ele>
      </trkpt>
      <trkpt lat="45.54983" lon="4.75341">
        <ele>416.5</ele>
      </trkpt>
      <trkpt lat="45.54974" lon="4.75335">
        <ele>417.7</ele>
      </trkpt>
      <trkpt lat="45.54966" lon="4.75331">
        <ele>418.5</ele>
      </trkpt>
      <trkpt lat="45.54946" lon="4.75325">
        <ele>420.3</ele>
      </trkpt>
      <trkpt lat="45.54927" lon="4.75323">
        <ele>422.0</ele>
      </trkpt>
      <trkpt lat="45.54861" lon="4.75321">
        <ele>425.7</ele>
      </trkpt>
      <trkpt lat="45.54835" lon="4.75319">
        <ele>427.2</ele>
      </trkpt>
      <trkpt lat="45.54808" lon="4.75315">
        <ele>425.5</ele>
      </trkpt>
      <trkpt lat="45.5479" lon="4.7531">
        <ele>424.8</ele>
      </trkpt>
      <trkpt lat="45.54774" lon="4.753">
        <ele>425.0</ele>
      </trkpt>
      <trkpt lat="45.54763" lon="4.75292">
        <ele>425.6</ele>
      </trkpt>
      <trkpt lat="45.54724" lon="4.75256">
        <ele>425.9</ele>
      </trkpt>
      <trkpt lat="45.54709" lon="4.75239">
        <ele>425.1</ele>
      </trkpt>
      <trkpt lat="45.54699" lon="4.75221">
        <ele>425.0</ele>
      </trkpt>
      <trkpt lat="45.54694" lon="4.75212">
        <ele>425.3</ele>
      </trkpt>
      <trkpt lat="45.5469" lon="4.752">
        <ele>425.9</ele>
      </trkpt>
      <trkpt lat="45.54687" lon="4.75186">
        <ele>427.0</ele>
      </trkpt>
      <trkpt lat="45.54681" lon="4.75152">
        <ele>429.9</ele>
      </trkpt>
      <trkpt lat="45.54673" lon="4.75129">
        <ele>430.9</ele>
      </trkpt>
      <trkpt lat="45.54661" lon="4.75107">
        <ele>431.7</ele>
      </trkpt>
      <trkpt lat="45.54649" lon="4.75095">
        <ele>432.0</ele>
      </trkpt>
      <trkpt lat="45.54634" lon="4.75087">
        <ele>431.8</ele>
      </trkpt>
      <trkpt lat="45.54612" lon="4.75077">
        <ele>431.1</ele>
      </trkpt>
      <trkpt lat="45.54597" lon="4.7507">
        <ele>430.7</ele>
      </trkpt>
      <trkpt lat="45.54582" lon="4.75058">
        <ele>430.5</ele>
      </trkpt>
      <trkpt lat="45.54568" lon="4.75042">
        <ele>429.4</ele>
      </trkpt>
      <trkpt lat="45.54555" lon="4.75022">
        <ele>428.8</ele>
      </trkpt>
      <trkpt lat="45.54545" lon="4.74997">
        <ele>429.1</ele>
      </trkpt>
      <trkpt lat="45.54536" lon="4.74964">
        <ele>430.9</ele>
      </trkpt>
      <trkpt lat="45.54522" lon="4.74927">
        <ele>431.9</ele>
      </trkpt>
      <trkpt lat="45.54519" lon="4.74917">
        <ele>432.3</ele>
      </trkpt>
      <trkpt lat="45.54517" lon="4.74906">
        <ele>431.7</ele>
      </trkpt>
      <trkpt lat="45.54515" lon="4.74893">
        <ele>431.3</ele>
      </trkpt>
      <trkpt lat="45.54514" lon="4.74867">
        <ele>430.9</ele>
      </trkpt>
      <trkpt lat="45.54515" lon="4.74854">
        <ele>431.0</ele>
      </trkpt>
      <trkpt lat="45.54517" lon="4.74838">
        <ele>431.6</ele>
      </trkpt>
      <trkpt lat="45.54521" lon="4.74822">
        <ele>432.3</ele>
      </trkpt>
      <trkpt lat="45.54539" lon="4.74774">
        <ele>435.7</ele>
      </trkpt>
      <trkpt lat="45.54541" lon="4.74764">
        <ele>436.1</ele>
      </trkpt>
      <trkpt lat="45.54543" lon="4.7475">
        <ele>436.3</ele>
      </trkpt>
      <trkpt lat="45.54543" lon="4.74738">
        <ele>437.4</ele>
      </trkpt>
      <trkpt lat="45.5454" lon="4.74712">
        <ele>438.5</ele>
      </trkpt>
      <trkpt lat="45.54537" lon="4.74702">
        <ele>438.6</ele>
      </trkpt>
      <trkpt lat="45.54529" lon="4.74684">
        <ele>437.9</ele>
      </trkpt>
      <trkpt lat="45.54517" lon="4.74668">
        <ele>436.1</ele>
      </trkpt>
      <trkpt lat="45.54509" lon="4.74662">
        <ele>435.1</ele>
      </trkpt>
      <trkpt lat="45.54498" lon="4.74656">
        <ele>434.0</ele>
      </trkpt>
      <trkpt lat="45.54485" lon="4.74653">
        <ele>434.0</ele>
      </trkpt>
      <trkpt lat="45.54476" lon="4.74653">
        <ele>433.6</ele>
      </trkpt>
      <trkpt lat="45.54467" lon="4.74655">
        <ele>432.9</ele>
      </trkpt>
      <trkpt lat="45.54445" lon="4.74662">
        <ele>430.7</ele>
      </trkpt>
      <trkpt lat="45.54429" lon="4.74661">
        <ele>430.3</ele>
      </trkpt>
      <trkpt lat="45.54419" lon="4.74658">
        <ele>430.2</ele>
      </trkpt>
      <trkpt lat="45.54391" lon="4.74645">
        <ele>429.6</ele>
      </trkpt>
      <trkpt lat="45.54369" lon="4.74632">
        <ele>429.3</ele>
      </trkpt>
      <trkpt lat="45.54357" lon="4.74622">
        <ele>429.5</ele>
      </trkpt>
      <trkpt lat="45.54351" lon="4.74616">
        <ele>429.7</ele>
      </trkpt>
      <trkpt lat="45.54345" lon="4.74607">
        <ele>430.2</ele>
      </trkpt>
      <trkpt lat="45.5434" lon="4.74599">
        <ele>430.8</ele>
      </trkpt>
      <trkpt lat="45.54322" lon="4.74559">
        <ele>432.9</ele>
      </trkpt>
      <trkpt lat="45.54316" lon="4.74549">
        <ele>433.3</ele>
      </trkpt>
      <trkpt lat="45.54309" lon="4.74539">
        <ele>433.6</ele>
      </trkpt>
      <trkpt lat="45.54299" lon="4.74528">
        <ele>433.9</ele>
      </trkpt>
      <trkpt lat="45.54243" lon="4.74472">
        <ele>433.7</ele>
      </trkpt>
      <trkpt lat="45.54212" lon="4.74446">
        <ele>432.8</ele>
      </trkpt>
      <trkpt lat="45.54169" lon="4.74417">
        <ele>432.1</ele>
      </trkpt>
      <trkpt lat="45.54144" lon="4.744">
        <ele>430.4</ele>
      </trkpt>
      <trkpt lat="45.54119" lon="4.74386">
        <ele>428.8</ele>
      </trkpt>
      <trkpt lat="45.54102" lon="4.74378">
        <ele>427.6</ele>
      </trkpt>
      <trkpt lat="45.54018" lon="4.74358">
        <ele>424.7</ele>
      </trkpt>
      <trkpt lat="45.53935" lon="4.74338">
        <ele>423.1</ele>
      </trkpt>
      <trkpt lat="45.53909" lon="4.74335">
        <ele>422.8</ele>
      </trkpt>
      <trkpt lat="45.53878" lon="4.74335">
        <ele>422.4</ele>
      </trkpt>
      <trkpt lat="45.53846" lon="4.74337">
        <ele>421.9</ele>
      </trkpt>
      <trkpt lat="45.53787" lon="4.74348">
        <ele>422.8</ele>
      </trkpt>
      <trkpt lat="45.53732" lon="4.74372">
        <ele>425.3</ele>
      </trkpt>
      <trkpt lat="45.53677" lon="4.74398">
        <ele>429.2</ele>
      </trkpt>
      <trkpt lat="45.53654" lon="4.7441">
        <ele>431.1</ele>
      </trkpt>
      <trkpt lat="45.53629" lon="4.74424">
        <ele>431.9</ele>
      </trkpt>
      <trkpt lat="45.53555" lon="4.74472">
        <ele>436.8</ele>
      </trkpt>
      <trkpt lat="45.53524" lon="4.74489">
        <ele>439.0</ele>
      </trkpt>
      <trkpt lat="45.53514" lon="4.74493">
        <ele>439.5</ele>
      </trkpt>
      <trkpt lat="45.53508" lon="4.74494">
        <ele>439.7</ele>
      </trkpt>
      <trkpt lat="45.53502" lon="4.74493">
        <ele>440.0</ele>
      </trkpt>
      <trkpt lat="45.53493" lon="4.74489">
        <ele>441.6</ele>
      </trkpt>
      <trkpt lat="45.53484" lon="4.74478">
        <ele>444.0</ele>
      </trkpt>
      <trkpt lat="45.53479" lon="4.74468">
        <ele>445.3</ele>
      </trkpt>
      <trkpt lat="45.53476" lon="4.74457">
        <ele>446.4</ele>
      </trkpt>
      <trkpt lat="45.53476" lon="4.74446">
        <ele>446.8</ele>
      </trkpt>
      <trkpt lat="45.53477" lon="4.74435">
        <ele>446.7</ele>
      </trkpt>
      <trkpt lat="45.5348" lon="4.74425">
        <ele>446.4</ele>
      </trkpt>
      <trkpt lat="45.53484" lon="4.74414">
        <ele>445.6</ele>
      </trkpt>
      <trkpt lat="45.53498" lon="4.74386">
        <ele>442.6</ele>
      </trkpt>
      <trkpt lat="45.535" lon="4.74359">
        <ele>443.1</ele>
      </trkpt>
      <trkpt lat="45.53498" lon="4.74334">
        <ele>444.3</ele>
      </trkpt>
      <trkpt lat="45.53495" lon="4.74321">
        <ele>443.9</ele>
      </trkpt>
      <trkpt lat="45.53484" lon="4.74299">
        <ele>443.6</ele>
      </trkpt>
      <trkpt lat="45.53474" lon="4.74284">
        <ele>443.6</ele>
      </trkpt>
      <trkpt lat="45.53466" lon="4.74273">
        <ele>443.7</ele>
      </trkpt>
      <trkpt lat="45.53456" lon="4.74262">
        <ele>443.9</ele>
      </trkpt>
      <trkpt lat="45.53449" lon="4.74256">
        <ele>444.1</ele>
      </trkpt>
      <trkpt lat="45.53433" lon="4.74245">
        <ele>444.8</ele>
      </trkpt>
      <trkpt lat="45.53402" lon="4.74228">
        <ele>445.9</ele>
      </trkpt>
      <trkpt lat="45.53384" lon="4.74222">
        <ele>446.3</ele>
      </trkpt>
      <trkpt lat="45.53364" lon="4.74217">
        <ele>446.9</ele>
      </trkpt>
      <trkpt lat="45.5335" lon="4.74219">
        <ele>447.9</ele>
      </trkpt>
      <trkpt lat="45.53336" lon="4.74224">
        <ele>449.5</ele>
      </trkpt>
      <trkpt lat="45.53321" lon="4.74236">
        <ele>450.4</ele>
      </trkpt>
      <trkpt lat="45.53288" lon="4.74271">
        <ele>453.5</ele>
      </trkpt>
      <trkpt lat="45.53238" lon="4.74325">
        <ele>459.8</ele>
      </trkpt>
      <trkpt lat="45.53222" lon="4.74341">
        <ele>461.2</ele>
      </trkpt>
      <trkpt lat="45.53212" lon="4.74346">
        <ele>461.4</ele>
      </trkpt>
      <trkpt lat="45.53203" lon="4.7435">
        <ele>461.4</ele>
      </trkpt>
      <trkpt lat="45.53192" lon="4.74353">
        <ele>461.2</ele>
      </trkpt>
      <trkpt lat="45.53182" lon="4.74354">
        <ele>460.7</ele>
      </trkpt>
      <trkpt lat="45.53172" lon="4.74353">
        <ele>459.9</ele>
      </trkpt>
      <trkpt lat="45.53161" lon="4.74351">
        <ele>459.8</ele>
      </trkpt>
      <trkpt lat="45.53141" lon="4.74342">
        <ele>460.6</ele>
      </trkpt>
      <trkpt lat="45.53118" lon="4.74321">
        <ele>460.4</ele>
      </trkpt>
      <trkpt lat="45.53106" lon="4.74312">
        <ele>460.6</ele>
      </trkpt>
      <trkpt lat="45.53084" lon="4.74297">
        <ele>461.2</ele>
      </trkpt>
      <trkpt lat="45.53078" lon="4.74292">
        <ele>461.7</ele>
      </trkpt>
      <trkpt lat="45.53066" lon="4.74279">
        <ele>462.2</ele>
      </trkpt>
      <trkpt lat="45.53061" lon="4.7427">
        <ele>462.2</ele>
      </trkpt>
      <trkpt lat="45.53048" lon="4.74246">
        <ele>461.2</ele>
      </trkpt>
      <trkpt lat="45.53039" lon="4.74232">
        <ele>461.0</ele>
      </trkpt>
      <trkpt lat="45.53032" lon="4.74223">
        <ele>461.0</ele>
      </trkpt>
      <trkpt lat="45.53022" lon="4.74215">
        <ele>461.3</ele>
      </trkpt>
      <trkpt lat="45.53013" lon="4.7421">
        <ele>461.7</ele>
      </trkpt>
      <trkpt lat="45.53004" lon="4.74206">
        <ele>462.4</ele>
      </trkpt>
      <trkpt lat="45.52958" lon="4.7419">
        <ele>468.7</ele>
      </trkpt>
      <trkpt lat="45.52951" lon="4.74187">
        <ele>469.7</ele>
      </trkpt>
      <trkpt lat="45.52939" lon="4.74178">
        <ele>471.0</ele>
      </trkpt>
      <trkpt lat="45.52928" lon="4.74164">
        <ele>471.2</ele>
      </trkpt>
      <trkpt lat="45.52904" lon="4.74119">
        <ele>469.3</ele>
      </trkpt>
      <trkpt lat="45.52886" lon="4.74096">
        <ele>468.2</ele>
      </trkpt>
      <trkpt lat="45.52877" lon="4.74087">
        <ele>467.9</ele>
      </trkpt>
      <trkpt lat="45.52864" lon="4.74081">
        <ele>468.4</ele>
      </trkpt>
      <trkpt lat="45.52851" lon="4.74079">
        <ele>469.7</ele>
      </trkpt>
      <trkpt lat="45.52844" lon="4.7408">
        <ele>470.5</ele>
      </trkpt>
      <trkpt lat="45.52831" lon="4.74084">
        <ele>472.0</ele>
      </trkpt>
      <trkpt lat="45.52815" lon="4.74093">
        <ele>472.8</ele>
      </trkpt>
      <trkpt lat="45.52797" lon="4.74106">
        <ele>474.6</ele>
      </trkpt>
      <trkpt lat="45.52745" lon="4.74156">
        <ele>483.4</ele>
      </trkpt>
      <trkpt lat="45.52717" lon="4.7418">
        <ele>485.9</ele>
      </trkpt>
      <trkpt lat="45.527" lon="4.74191">
        <ele>487.1</ele>
      </trkpt>
      <trkpt lat="45.52681" lon="4.74202">
        <ele>488.4</ele>
      </trkpt>
      <trkpt lat="45.52653" lon="4.74214">
        <ele>490.4</ele>
      </trkpt>
      <trkpt lat="45.52641" lon="4.74218">
        <ele>491.3</ele>
      </trkpt>
      <trkpt lat="45.5262" lon="4.7422">
        <ele>491.7</ele>
      </trkpt>
      <trkpt lat="45.52556" lon="4.74214">
        <ele>490.3</ele>
      </trkpt>
      <trkpt lat="45.52467" lon="4.74208">
        <ele>487.6</ele>
      </trkpt>
      <trkpt lat="45.52457" lon="4.74209">
        <ele>487.4</ele>
      </trkpt>
      <trkpt lat="45.5244" lon="4.74217">
        <ele>488.1</ele>
      </trkpt>
      <trkpt lat="45.52395" lon="4.74248">
        <ele>491.6</ele>
      </trkpt>
      <trkpt lat="45.52374" lon="4.74266">
        <ele>493.3</ele>
      </trkpt>
      <trkpt lat="45.52347" lon="4.74293">
        <ele>495.9</ele>
      </trkpt>
      <trkpt lat="45.52326" lon="4.74318">
        <ele>499.0</ele>
      </trkpt>
      <trkpt lat="45.52304" lon="4.74339">
        <ele>501.6</ele>
      </trkpt>
      <trkpt lat="45.52283" lon="4.74351">
        <ele>501.8</ele>
      </trkpt>
      <trkpt lat="45.52271" lon="4.74354">
        <ele>501.3</ele>
      </trkpt>
      <trkpt lat="45.52265" lon="4.74354">
        <ele>500.9</ele>
      </trkpt>
      <trkpt lat="45.52199" lon="4.7435">
        <ele>499.2</ele>
      </trkpt>
      <trkpt lat="45.5214" lon="4.74346">
        <ele>497.7</ele>
      </trkpt>
      <trkpt lat="45.52092" lon="4.74338">
        <ele>496.6</ele>
      </trkpt>
      <trkpt lat="45.52013" lon="4.7433">
        <ele>493.4</ele>
      </trkpt>
      <trkpt lat="45.5198" lon="4.7433">
        <ele>492.6</ele>
      </trkpt>
      <trkpt lat="45.51964" lon="4.74333">
        <ele>492.0</ele>
      </trkpt>
      <trkpt lat="45.51928" lon="4.74347">
        <ele>488.8</ele>
      </trkpt>
      <trkpt lat="45.51917" lon="4.74348">
        <ele>488.5</ele>
      </trkpt>
      <trkpt lat="45.51875" lon="4.74339">
        <ele>491.8</ele>
      </trkpt>
      <trkpt lat="45.51868" lon="4.74341">
        <ele>491.5</ele>
      </trkpt>
      <trkpt lat="45.51858" lon="4.74348">
        <ele>490.2</ele>
      </trkpt>
      <trkpt lat="45.51846" lon="4.7437">
        <ele>486.0</ele>
      </trkpt>
      <trkpt lat="45.51835" lon="4.744">
        <ele>480.2</ele>
      </trkpt>
      <trkpt lat="45.51825" lon="4.74417">
        <ele>477.6</ele>
      </trkpt>
      <trkpt lat="45.51816" lon="4.74426">
        <ele>476.7</ele>
      </trkpt>
      <trkpt lat="45.51806" lon="4.7443">
        <ele>476.8</ele>
      </trkpt>
      <trkpt lat="45.51792" lon="4.74432">
        <ele>477.7</ele>
      </trkpt>
      <trkpt lat="45.51769" lon="4.74431">
        <ele>480.0</ele>
      </trkpt>
      <trkpt lat="45.51763" lon="4.74432">
        <ele>480.3</ele>
      </trkpt>
      <trkpt lat="45.51752" lon="4.74436">
        <ele>480.5</ele>
      </trkpt>
      <trkpt lat="45.51747" lon="4.7444">
        <ele>480.2</ele>
      </trkpt>
      <trkpt lat="45.5174" lon="4.7445">
        <ele>479.1</ele>
      </trkpt>
      <trkpt lat="45.51733" lon="4.74461">
        <ele>477.7</ele>
      </trkpt>
      <trkpt lat="45.51713" lon="4.74501">
        <ele>472.4</ele>
      </trkpt>
      <trkpt lat="45.51708" lon="4.7451">
        <ele>471.6</ele>
      </trkpt>
      <trkpt lat="45.51703" lon="4.74515">
        <ele>471.1</ele>
      </trkpt>
      <trkpt lat="45.51695" lon="4.74522">
        <ele>470.7</ele>
      </trkpt>
      <trkpt lat="45.51689" lon="4.74525">
        <ele>470.7</ele>
      </trkpt>
      <trkpt lat="45.51673" lon="4.7453">
        <ele>471.3</ele>
      </trkpt>
      <trkpt lat="45.51657" lon="4.7453">
        <ele>471.3</ele>
      </trkpt>
      <trkpt lat="45.5163" lon="4.74527">
        <ele>470.6</ele>
      </trkpt>
      <trkpt lat="45.51617" lon="4.74529">
        <ele>469.8</ele>
      </trkpt>
      <trkpt lat="45.516" lon="4.74533">
        <ele>468.5</ele>
      </trkpt>
      <trkpt lat="45.51581" lon="4.74537">
        <ele>467.0</ele>
      </trkpt>
      <trkpt lat="45.51543" lon="4.74537">
        <ele>463.4</ele>
      </trkpt>
      <trkpt lat="45.51534" lon="4.74536">
        <ele>462.6</ele>
      </trkpt>
      <trkpt lat="45.51517" lon="4.74529">
        <ele>461.3</ele>
      </trkpt>
      <trkpt lat="45.51504" lon="4.74522">
        <ele>460.4</ele>
      </trkpt>
      <trkpt lat="45.51495" lon="4.74514">
        <ele>459.6</ele>
      </trkpt>
      <trkpt lat="45.51487" lon="4.74504">
        <ele>458.8</ele>
      </trkpt>
      <trkpt lat="45.5148" lon="4.74489">
        <ele>457.7</ele>
      </trkpt>
      <trkpt lat="45.51477" lon="4.7448">
        <ele>457.0</ele>
      </trkpt>
      <trkpt lat="45.51474" lon="4.7447">
        <ele>456.5</ele>
      </trkpt>
      <trkpt lat="45.51475" lon="4.74448">
        <ele>456.3</ele>
      </trkpt>
      <trkpt lat="45.51485" lon="4.74416">
        <ele>458.2</ele>
      </trkpt>
      <trkpt lat="45.51486" lon="4.74409">
        <ele>459.1</ele>
      </trkpt>
      <trkpt lat="45.51486" lon="4.74403">
        <ele>459.6</ele>
      </trkpt>
      <trkpt lat="45.51484" lon="4.74394">
        <ele>459.8</ele>
      </trkpt>
      <trkpt lat="45.51481" lon="4.74387">
        <ele>459.5</ele>
      </trkpt>
      <trkpt lat="45.51478" lon="4.74383">
        <ele>459.0</ele>
      </trkpt>
      <trkpt lat="45.51461" lon="4.74367">
        <ele>455.3</ele>
      </trkpt>
      <trkpt lat="45.51453" lon="4.74357">
        <ele>453.3</ele>
      </trkpt>
      <trkpt lat="45.51449" lon="4.74352">
        <ele>452.5</ele>
      </trkpt>
      <trkpt lat="45.51447" lon="4.74346">
        <ele>452.2</ele>
      </trkpt>
      <trkpt lat="45.51446" lon="4.74338">
        <ele>452.2</ele>
      </trkpt>
      <trkpt lat="45.51442" lon="4.74295">
        <ele>455.5</ele>
      </trkpt>
      <trkpt lat="45.51438" lon="4.74279">
        <ele>456.3</ele>
      </trkpt>
      <trkpt lat="45.51435" lon="4.74272">
        <ele>456.4</ele>
      </trkpt>
      <trkpt lat="45.51431" lon="4.74267">
        <ele>455.9</ele>
      </trkpt>
      <trkpt lat="45.51427" lon="4.74265">
        <ele>455.4</ele>
      </trkpt>
      <trkpt lat="45.51422" lon="4.74264">
        <ele>454.4</ele>
      </trkpt>
      <trkpt lat="45.51414" lon="4.74265">
        <ele>452.6</ele>
      </trkpt>
      <trkpt lat="45.51409" lon="4.74268">
        <ele>451.6</ele>
      </trkpt>
      <trkpt lat="45.51403" lon="4.74273">
        <ele>450.1</ele>
      </trkpt>
      <trkpt lat="45.51386" lon="4.74295">
        <ele>445.6</ele>
      </trkpt>
      <trkpt lat="45.51367" lon="4.74313">
        <ele>441.7</ele>
      </trkpt>
      <trkpt lat="45.51353" lon="4.74322">
        <ele>439.7</ele>
      </trkpt>
      <trkpt lat="45.51345" lon="4.74325">
        <ele>438.7</ele>
      </trkpt>
      <trkpt lat="45.51327" lon="4.74329">
        <ele>436.9</ele>
      </trkpt>
      <trkpt lat="45.51285" lon="4.74332">
        <ele>433.0</ele>
      </trkpt>
      <trkpt lat="45.51263" lon="4.74332">
        <ele>431.1</ele>
      </trkpt>
      <trkpt lat="45.51222" lon="4.74327">
        <ele>427.9</ele>
      </trkpt>
      <trkpt lat="45.51205" lon="4.74329">
        <ele>426.7</ele>
      </trkpt>
      <trkpt lat="45.5119" lon="4.74333">
        <ele>425.6</ele>
      </trkpt>
      <trkpt lat="45.51156" lon="4.74344">
        <ele>422.7</ele>
      </trkpt>
      <trkpt lat="45.51142" lon="4.74351">
        <ele>421.4</ele>
      </trkpt>
      <trkpt lat="45.51125" lon="4.74353">
        <ele>420.0</ele>
      </trkpt>
      <trkpt lat="45.51065" lon="4.74356">
        <ele>415.6</ele>
      </trkpt>
      <trkpt lat="45.50981" lon="4.74362">
        <ele>409.9</ele>
      </trkpt>
      <trkpt lat="45.50959" lon="4.7436">
        <ele>408.4</ele>
      </trkpt>
      <trkpt lat="45.50926" lon="4.74352">
        <ele>406.3</ele>
      </trkpt>
      <trkpt lat="45.50905" lon="4.74345">
        <ele>405.0</ele>
      </trkpt>
      <trkpt lat="45.5089" lon="4.74343">
        <ele>404.2</ele>
      </trkpt>
      <trkpt lat="45.50868" lon="4.74345">
        <ele>402.8</ele>
      </trkpt>
      <trkpt lat="45.5084" lon="4.74353">
        <ele>400.9</ele>
      </trkpt>
      <trkpt lat="45.50812" lon="4.74368">
        <ele>399.2</ele>
      </trkpt>
      <trkpt lat="45.50773" lon="4.74398">
        <ele>397.5</ele>
      </trkpt>
      <trkpt lat="45.50733" lon="4.7444">
        <ele>394.6</ele>
      </trkpt>
      <trkpt lat="45.50715" lon="4.74456">
        <ele>393.1</ele>
      </trkpt>
      <trkpt lat="45.507" lon="4.74469">
        <ele>392.1</ele>
      </trkpt>
      <trkpt lat="45.5068" lon="4.7448">
        <ele>391.4</ele>
      </trkpt>
      <trkpt lat="45.50638" lon="4.74499">
        <ele>390.6</ele>
      </trkpt>
      <trkpt lat="45.50618" lon="4.7451">
        <ele>390.3</ele>
      </trkpt>
      <trkpt lat="45.50582" lon="4.74534">
        <ele>390.0</ele>
      </trkpt>
      <trkpt lat="45.50561" lon="4.7455">
        <ele>390.0</ele>
      </trkpt>
      <trkpt lat="45.50544" lon="4.74567">
        <ele>390.0</ele>
      </trkpt>
      <trkpt lat="45.50538" lon="4.74574">
        <ele>390.0</ele>
      </trkpt>
      <trkpt lat="45.5053" lon="4.74586">
        <ele>389.9</ele>
      </trkpt>
      <trkpt lat="45.50521" lon="4.74604">
        <ele>389.3</ele>
      </trkpt>
      <trkpt lat="45.5051" lon="4.74639">
        <ele>388.1</ele>
      </trkpt>
      <trkpt lat="45.50496" lon="4.74668">
        <ele>386.7</ele>
      </trkpt>
      <trkpt lat="45.5049" lon="4.74678">
        <ele>386.0</ele>
      </trkpt>
      <trkpt lat="45.50478" lon="4.7469">
        <ele>385.0</ele>
      </trkpt>
      <trkpt lat="45.5043" lon="4.74724">
        <ele>382.5</ele>
      </trkpt>
      <trkpt lat="45.50421" lon="4.74733">
        <ele>382.1</ele>
      </trkpt>
      <trkpt lat="45.50391" lon="4.74766">
        <ele>379.3</ele>
      </trkpt>
      <trkpt lat="45.50382" lon="4.74772">
        <ele>378.7</ele>
      </trkpt>
      <trkpt lat="45.50374" lon="4.74781">
        <ele>378.2</ele>
      </trkpt>
      <trkpt lat="45.50369" lon="4.7479">
        <ele>378.0</ele>
      </trkpt>
      <trkpt lat="45.50327" lon="4.74874">
        <ele>378.1</ele>
      </trkpt>
      <trkpt lat="45.50291" lon="4.74942">
        <ele>375.3</ele>
      </trkpt>
      <trkpt lat="45.50255" lon="4.7501">
        <ele>372.8</ele>
      </trkpt>
      <trkpt lat="45.50227" lon="4.75066">
        <ele>367.4</ele>
      </trkpt>
      <trkpt lat="45.50199" lon="4.75122">
        <ele>363.6</ele>
      </trkpt>
      <trkpt lat="45.50196" lon="4.75129">
        <ele>363.2</ele>
      </trkpt>
      <trkpt lat="45.50187" lon="4.75139">
        <ele>362.2</ele>
      </trkpt>
      <trkpt lat="45.50158" lon="4.75155">
        <ele>358.9</ele>
      </trkpt>
      <trkpt lat="45.50144" lon="4.75161">
        <ele>357.5</ele>
      </trkpt>
      <trkpt lat="45.5013" lon="4.75164">
        <ele>355.9</ele>
      </trkpt>
      <trkpt lat="45.50099" lon="4.75167">
        <ele>352.7</ele>
      </trkpt>
      <trkpt lat="45.50044" lon="4.75171">
        <ele>348.0</ele>
      </trkpt>
      <trkpt lat="45.50027" lon="4.75176">
        <ele>347.0</ele>
      </trkpt>
      <trkpt lat="45.50005" lon="4.75189">
        <ele>346.3</ele>
      </trkpt>
      <trkpt lat="45.49986" lon="4.75206">
        <ele>344.3</ele>
      </trkpt>
      <trkpt lat="45.49976" lon="4.75218">
        <ele>343.2</ele>
      </trkpt>
      <trkpt lat="45.49969" lon="4.75228">
        <ele>342.5</ele>
      </trkpt>
      <trkpt lat="45.49957" lon="4.75255">
        <ele>341.7</ele>
      </trkpt>
      <trkpt lat="45.49952" lon="4.7527">
        <ele>340.5</ele>
      </trkpt>
      <trkpt lat="45.49948" lon="4.75284">
        <ele>339.7</ele>
      </trkpt>
      <trkpt lat="45.49945" lon="4.75296">
        <ele>339.2</ele>
      </trkpt>
      <trkpt lat="45.49944" lon="4.75307">
        <ele>338.9</ele>
      </trkpt>
      <trkpt lat="45.49944" lon="4.75317">
        <ele>338.9</ele>
      </trkpt>
      <trkpt lat="45.49945" lon="4.75327">
        <ele>339.1</ele>
      </trkpt>
      <trkpt lat="45.49947" lon="4.75339">
        <ele>338.9</ele>
      </trkpt>
      <trkpt lat="45.49952" lon="4.75352">
        <ele>338.3</ele>
      </trkpt>
      <trkpt lat="45.49962" lon="4.75372">
        <ele>337.6</ele>
      </trkpt>
      <trkpt lat="45.49981" lon="4.75398">
        <ele>337.1</ele>
      </trkpt>
      <trkpt lat="45.50002" lon="4.7542">
        <ele>336.9</ele>
      </trkpt>
      <trkpt lat="45.50015" lon="4.75428">
        <ele>337.2</ele>
      </trkpt>
      <trkpt lat="45.50031" lon="4.75435">
        <ele>337.8</ele>
      </trkpt>
      <trkpt lat="45.50033" lon="4.75438">
        <ele>337.5</ele>
      </trkpt>
      <trkpt lat="45.50034" lon="4.75444">
        <ele>336.7</ele>
      </trkpt>
      <trkpt lat="45.50034" lon="4.75448">
        <ele>336.0</ele>
      </trkpt>
      <trkpt lat="45.50032" lon="4.75452">
        <ele>335.2</ele>
      </trkpt>
      <trkpt lat="45.5003" lon="4.75454">
        <ele>334.7</ele>
      </trkpt>
      <trkpt lat="45.50025" lon="4.75456">
        <ele>334.0</ele>
      </trkpt>
      <trkpt lat="45.5002" lon="4.75454">
        <ele>333.9</ele>
      </trkpt>
      <trkpt lat="45.49997" lon="4.75439">
        <ele>334.1</ele>
      </trkpt>
      <trkpt lat="45.49978" lon="4.75429">
        <ele>333.3</ele>
      </trkpt>
      <trkpt lat="45.49968" lon="4.75424">
        <ele>332.6</ele>
      </trkpt>
      <trkpt lat="45.49948" lon="4.75417">
        <ele>330.7</ele>
      </trkpt>
      <trkpt lat="45.49886" lon="4.75407">
        <ele>324.2</ele>
      </trkpt>
      <trkpt lat="45.49823" lon="4.75397">
        <ele>317.6</ele>
      </trkpt>
      <trkpt lat="45.498" lon="4.75392">
        <ele>315.8</ele>
      </trkpt>
      <trkpt lat="45.49778" lon="4.75385">
        <ele>314.0</ele>
      </trkpt>
      <trkpt lat="45.4976" lon="4.75376">
        <ele>312.4</ele>
      </trkpt>
      <trkpt lat="45.49729" lon="4.75363">
        <ele>311.6</ele>
      </trkpt>
      <trkpt lat="45.49722" lon="4.75361">
        <ele>311.7</ele>
      </trkpt>
      <trkpt lat="45.49712" lon="4.7536">
        <ele>311.8</ele>
      </trkpt>
      <trkpt lat="45.4968" lon="4.75362">
        <ele>312.2</ele>
      </trkpt>
      <trkpt lat="45.49669" lon="4.75361">
        <ele>312.3</ele>
      </trkpt>
      <trkpt lat="45.49661" lon="4.75355">
        <ele>312.6</ele>
      </trkpt>
      <trkpt lat="45.49657" lon="4.75348">
        <ele>312.9</ele>
      </trkpt>
      <trkpt lat="45.49646" lon="4.75316">
        <ele>316.2</ele>
      </trkpt>
      <trkpt lat="45.49584" lon="4.75349">
        <ele>314.5</ele>
      </trkpt>
      <trkpt lat="45.49522" lon="4.75382">
        <ele>314.8</ele>
      </trkpt>
      <trkpt lat="45.49499" lon="4.75389">
        <ele>314.7</ele>
      </trkpt>
      <trkpt lat="45.49479" lon="4.75393">
        <ele>315.5</ele>
      </trkpt>
      <trkpt lat="45.49439" lon="4.75399">
        <ele>317.3</ele>
      </trkpt>
      <trkpt lat="45.49399" lon="4.75402">
        <ele>319.8</ele>
      </trkpt>
      <trkpt lat="45.49379" lon="4.75406">
        <ele>320.9</ele>
      </trkpt>
      <trkpt lat="45.49369" lon="4.75411">
        <ele>321.0</ele>
      </trkpt>
      <trkpt lat="45.49318" lon="4.75449">
        <ele>318.2</ele>
      </trkpt>
      <trkpt lat="45.49301" lon="4.75461">
        <ele>316.8</ele>
      </trkpt>
      <trkpt lat="45.4926" lon="4.75478">
        <ele>316.1</ele>
      </trkpt>
      <trkpt lat="45.49246" lon="4.75487">
        <ele>316.3</ele>
      </trkpt>
      <trkpt lat="45.49231" lon="4.75499">
        <ele>317.4</ele>
      </trkpt>
      <trkpt lat="45.49226" lon="4.75504">
        <ele>317.7</ele>
      </trkpt>
      <trkpt lat="45.49214" lon="4.75522">
        <ele>317.7</ele>
      </trkpt>
      <trkpt lat="45.49202" lon="4.75545">
        <ele>317.0</ele>
      </trkpt>
      <trkpt lat="45.49194" lon="4.75557">
        <ele>316.5</ele>
      </trkpt>
      <trkpt lat="45.49187" lon="4.75564">
        <ele>316.5</ele>
      </trkpt>
      <trkpt lat="45.49177" lon="4.7557">
        <ele>316.8</ele>
      </trkpt>
      <trkpt lat="45.49141" lon="4.75578">
        <ele>319.5</ele>
      </trkpt>
      <trkpt lat="45.49128" lon="4.75583">
        <ele>320.2</ele>
      </trkpt>
      <trkpt lat="45.49117" lon="4.7559">
        <ele>320.8</ele>
      </trkpt>
      <trkpt lat="45.49107" lon="4.75599">
        <ele>321.1</ele>
      </trkpt>
      <trkpt lat="45.49099" lon="4.75611">
        <ele>321.0</ele>
      </trkpt>
      <trkpt lat="45.49079" lon="4.75652">
        <ele>319.9</ele>
      </trkpt>
      <trkpt lat="45.4907" lon="4.75664">
        <ele>320.2</ele>
      </trkpt>
      <trkpt lat="45.4906" lon="4.75673">
        <ele>320.9</ele>
      </trkpt>
      <trkpt lat="45.4905" lon="4.7568">
        <ele>321.6</ele>
      </trkpt>
      <trkpt lat="45.49019" lon="4.75698">
        <ele>323.2</ele>
      </trkpt>
      <trkpt lat="45.48963" lon="4.75727">
        <ele>326.9</ele>
      </trkpt>
      <trkpt lat="45.48907" lon="4.75757">
        <ele>330.2</ele>
      </trkpt>
      <trkpt lat="45.48898" lon="4.75759">
        <ele>329.3</ele>
      </trkpt>
      <trkpt lat="45.48884" lon="4.75758">
        <ele>328.4</ele>
      </trkpt>
      <trkpt lat="45.48878" lon="4.75757">
        <ele>328.2</ele>
      </trkpt>
      <trkpt lat="45.48866" lon="4.75751">
        <ele>328.2</ele>
      </trkpt>
      <trkpt lat="45.48848" lon="4.75736">
        <ele>328.1</ele>
      </trkpt>
      <trkpt lat="45.4884" lon="4.75726">
        <ele>328.3</ele>
      </trkpt>
      <trkpt lat="45.48833" lon="4.75714">
        <ele>328.6</ele>
      </trkpt>
      <trkpt lat="45.48827" lon="4.75697">
        <ele>329.8</ele>
      </trkpt>
      <trkpt lat="45.4881" lon="4.75636">
        <ele>333.0</ele>
      </trkpt>
      <trkpt lat="45.48801" lon="4.75614">
        <ele>333.7</ele>
      </trkpt>
      <trkpt lat="45.48793" lon="4.75601">
        <ele>333.8</ele>
      </trkpt>
      <trkpt lat="45.48785" lon="4.75593">
        <ele>333.7</ele>
      </trkpt>
      <trkpt lat="45.48778" lon="4.7559">
        <ele>333.4</ele>
      </trkpt>
      <trkpt lat="45.4877" lon="4.75591">
        <ele>332.9</ele>
      </trkpt>
      <trkpt lat="45.48763" lon="4.75594">
        <ele>332.5</ele>
      </trkpt>
      <trkpt lat="45.48756" lon="4.756">
        <ele>331.9</ele>
      </trkpt>
      <trkpt lat="45.4875" lon="4.75611">
        <ele>331.4</ele>
      </trkpt>
      <trkpt lat="45.48745" lon="4.75624">
        <ele>331.7</ele>
      </trkpt>
      <trkpt lat="45.48742" lon="4.75644">
        <ele>331.7</ele>
      </trkpt>
      <trkpt lat="45.48738" lon="4.75713">
        <ele>331.0</ele>
      </trkpt>
      <trkpt lat="45.48735" lon="4.75741">
        <ele>330.8</ele>
      </trkpt>
      <trkpt lat="45.48732" lon="4.75763">
        <ele>330.4</ele>
      </trkpt>
      <trkpt lat="45.48727" lon="4.75779">
        <ele>330.2</ele>
      </trkpt>
      <trkpt lat="45.48719" lon="4.75796">
        <ele>330.3</ele>
      </trkpt>
      <trkpt lat="45.48707" lon="4.75812">
        <ele>330.6</ele>
      </trkpt>
      <trkpt lat="45.48696" lon="4.75823">
        <ele>331.1</ele>
      </trkpt>
      <trkpt lat="45.48687" lon="4.7583">
        <ele>331.5</ele>
      </trkpt>
      <trkpt lat="45.48676" lon="4.75833">
        <ele>332.2</ele>
      </trkpt>
      <trkpt lat="45.48665" lon="4.75833">
        <ele>333.0</ele>
      </trkpt>
      <trkpt lat="45.48656" lon="4.7583">
        <ele>333.1</ele>
      </trkpt>
      <trkpt lat="45.48648" lon="4.75825">
        <ele>333.4</ele>
      </trkpt>
      <trkpt lat="45.48639" lon="4.75817">
        <ele>333.9</ele>
      </trkpt>
      <trkpt lat="45.48609" lon="4.75787">
        <ele>336.6</ele>
      </trkpt>
      <trkpt lat="45.48595" lon="4.75775">
        <ele>338.0</ele>
      </trkpt>
      <trkpt lat="45.48582" lon="4.75768">
        <ele>339.1</ele>
      </trkpt>
      <trkpt lat="45.48568" lon="4.75762">
        <ele>339.9</ele>
      </trkpt>
      <trkpt lat="45.48556" lon="4.7576">
        <ele>340.3</ele>
      </trkpt>
      <trkpt lat="45.48544" lon="4.75761">
        <ele>340.4</ele>
      </trkpt>
      <trkpt lat="45.48533" lon="4.75763">
        <ele>340.3</ele>
      </trkpt>
      <trkpt lat="45.48519" lon="4.7577">
        <ele>339.8</ele>
      </trkpt>
      <trkpt lat="45.4848" lon="4.75795">
        <ele>337.0</ele>
      </trkpt>
      <trkpt lat="45.48401" lon="4.75841">
        <ele>333.5</ele>
      </trkpt>
      <trkpt lat="45.48343" lon="4.75874">
        <ele>332.5</ele>
      </trkpt>
      <trkpt lat="45.48284" lon="4.75906">
        <ele>334.0</ele>
      </trkpt>
      <trkpt lat="45.48226" lon="4.75939">
        <ele>334.7</ele>
      </trkpt>
      <trkpt lat="45.4821" lon="4.75946">
        <ele>335.2</ele>
      </trkpt>
      <trkpt lat="45.48199" lon="4.75948">
        <ele>335.6</ele>
      </trkpt>
      <trkpt lat="45.48188" lon="4.75948">
        <ele>336.2</ele>
      </trkpt>
      <trkpt lat="45.48178" lon="4.75945">
        <ele>336.8</ele>
      </trkpt>
      <trkpt lat="45.48122" lon="4.75921">
        <ele>337.2</ele>
      </trkpt>
      <trkpt lat="45.48099" lon="4.75912">
        <ele>337.4</ele>
      </trkpt>
      <trkpt lat="45.48087" lon="4.75911">
        <ele>337.3</ele>
      </trkpt>
      <trkpt lat="45.48076" lon="4.75911">
        <ele>337.2</ele>
      </trkpt>
      <trkpt lat="45.48063" lon="4.75915">
        <ele>336.9</ele>
      </trkpt>
      <trkpt lat="45.48043" lon="4.75923">
        <ele>335.9</ele>
      </trkpt>
      <trkpt lat="45.47986" lon="4.75949">
        <ele>333.9</ele>
      </trkpt>
      <trkpt lat="45.47929" lon="4.75975">
        <ele>335.6</ele>
      </trkpt>
      <trkpt lat="45.4791" lon="4.75982">
        <ele>336.2</ele>
      </trkpt>
      <trkpt lat="45.47888" lon="4.75988">
        <ele>336.2</ele>
      </trkpt>
      <trkpt lat="45.47829" lon="4.75996">
        <ele>335.9</ele>
      </trkpt>
      <trkpt lat="45.4777" lon="4.76004">
        <ele>333.7</ele>
      </trkpt>
      <trkpt lat="45.47754" lon="4.76005">
        <ele>333.2</ele>
      </trkpt>
      <trkpt lat="45.47754" lon="4.76">
        <ele>333.1</ele>
      </trkpt>
      <trkpt lat="45.47752" lon="4.75996">
        <ele>333.1</ele>
      </trkpt>
      <trkpt lat="45.47749" lon="4.75992">
        <ele>333.0</ele>
      </trkpt>
      <trkpt lat="45.47746" lon="4.7599">
        <ele>332.8</ele>
      </trkpt>
      <trkpt lat="45.47743" lon="4.7599">
        <ele>332.6</ele>
      </trkpt>
      <trkpt lat="45.47737" lon="4.75992">
        <ele>332.2</ele>
      </trkpt>
      <trkpt lat="45.47734" lon="4.75996">
        <ele>332.0</ele>
      </trkpt>
      <trkpt lat="45.47732" lon="4.76001">
        <ele>331.9</ele>
      </trkpt>
      <trkpt lat="45.47731" lon="4.76006">
        <ele>331.9</ele>
      </trkpt>
      <trkpt lat="45.47732" lon="4.76011">
        <ele>332.0</ele>
      </trkpt>
      <trkpt lat="45.47734" lon="4.76015">
        <ele>332.1</ele>
      </trkpt>
      <trkpt lat="45.47727" lon="4.76025">
        <ele>331.8</ele>
      </trkpt>
      <trkpt lat="45.47695" lon="4.76077">
        <ele>330.9</ele>
      </trkpt>
      <trkpt lat="45.47664" lon="4.76129">
        <ele>330.4</ele>
      </trkpt>
      <trkpt lat="45.47649" lon="4.7615">
        <ele>329.8</ele>
      </trkpt>
      <trkpt lat="45.47621" lon="4.76182">
        <ele>329.1</ele>
      </trkpt>
      <trkpt lat="45.4759" lon="4.76213">
        <ele>328.9</ele>
      </trkpt>
      <trkpt lat="45.47569" lon="4.76229">
        <ele>328.5</ele>
      </trkpt>
      <trkpt lat="45.47508" lon="4.7627">
        <ele>328.4</ele>
      </trkpt>
      <trkpt lat="45.47448" lon="4.7631">
        <ele>326.4</ele>
      </trkpt>
      <trkpt lat="45.47424" lon="4.76325">
        <ele>326.4</ele>
      </trkpt>
      <trkpt lat="45.47413" lon="4.76331">
        <ele>326.3</ele>
      </trkpt>
      <trkpt lat="45.47382" lon="4.76343">
        <ele>323.7</ele>
      </trkpt>
      <trkpt lat="45.47307" lon="4.76366">
        <ele>318.0</ele>
      </trkpt>
      <trkpt lat="45.47279" lon="4.76377">
        <ele>316.8</ele>
      </trkpt>
      <trkpt lat="45.47263" lon="4.76387">
        <ele>316.6</ele>
      </trkpt>
      <trkpt lat="45.47189" lon="4.76441">
        <ele>313.5</ele>
      </trkpt>
      <trkpt lat="45.47148" lon="4.76474">
        <ele>311.1</ele>
      </trkpt>
      <trkpt lat="45.47119" lon="4.76499">
        <ele>309.7</ele>
      </trkpt>
      <trkpt lat="45.47111" lon="4.76506">
        <ele>309.0</ele>
      </trkpt>
      <trkpt lat="45.47105" lon="4.76516">
        <ele>308.2</ele>
      </trkpt>
      <trkpt lat="45.47098" lon="4.76537">
        <ele>307.3</ele>
      </trkpt>
      <trkpt lat="45.47089" lon="4.76608">
        <ele>305.1</ele>
      </trkpt>
      <trkpt lat="45.47085" lon="4.76627">
        <ele>304.2</ele>
      </trkpt>
      <trkpt lat="45.47079" lon="4.76655">
        <ele>302.3</ele>
      </trkpt>
      <trkpt lat="45.4707" lon="4.76679">
        <ele>300.2</ele>
      </trkpt>
      <trkpt lat="45.47064" lon="4.76689">
        <ele>299.2</ele>
      </trkpt>
      <trkpt lat="45.47052" lon="4.76705">
        <ele>297.1</ele>
      </trkpt>
      <trkpt lat="45.47023" lon="4.76741">
        <ele>293.0</ele>
      </trkpt>
      <trkpt lat="45.47014" lon="4.76753">
        <ele>291.8</ele>
      </trkpt>
      <trkpt lat="45.47011" lon="4.7676">
        <ele>290.8</ele>
      </trkpt>
      <trkpt lat="45.4701" lon="4.7677">
        <ele>289.9</ele>
      </trkpt>
      <trkpt lat="45.47011" lon="4.76782">
        <ele>289.1</ele>
      </trkpt>
      <trkpt lat="45.47013" lon="4.76791">
        <ele>288.6</ele>
      </trkpt>
      <trkpt lat="45.47022" lon="4.76807">
        <ele>288.3</ele>
      </trkpt>
      <trkpt lat="45.47031" lon="4.76815">
        <ele>288.6</ele>
      </trkpt>
      <trkpt lat="45.47073" lon="4.76843">
        <ele>288.6</ele>
      </trkpt>
      <trkpt lat="45.47096" lon="4.76865">
        <ele>285.5</ele>
      </trkpt>
      <trkpt lat="45.47062" lon="4.76868">
        <ele>281.6</ele>
      </trkpt>
      <trkpt lat="45.47031" lon="4.76873">
        <ele>277.9</ele>
      </trkpt>
      <trkpt lat="45.47022" lon="4.76872">
        <ele>277.3</ele>
      </trkpt>
      <trkpt lat="45.47014" lon="4.76867">
        <ele>277.5</ele>
      </trkpt>
      <trkpt lat="45.46984" lon="4.76834">
        <ele>280.3</ele>
      </trkpt>
      <trkpt lat="45.46972" lon="4.76822">
        <ele>278.2</ele>
      </trkpt>
      <trkpt lat="45.46963" lon="4.76812">
        <ele>276.6</ele>
      </trkpt>
      <trkpt lat="45.46958" lon="4.7681">
        <ele>275.5</ele>
      </trkpt>
      <trkpt lat="45.4695" lon="4.76809">
        <ele>273.5</ele>
      </trkpt>
      <trkpt lat="45.46937" lon="4.76811">
        <ele>270.3</ele>
      </trkpt>
      <trkpt lat="45.46918" lon="4.76815">
        <ele>265.5</ele>
      </trkpt>
      <trkpt lat="45.46866" lon="4.7684">
        <ele>253.7</ele>
      </trkpt>
      <trkpt lat="45.46857" lon="4.76832">
        <ele>252.7</ele>
      </trkpt>
      <trkpt lat="45.46851" lon="4.7682">
        <ele>250.4</ele>
      </trkpt>
      <trkpt lat="45.46835" lon="4.76797">
        <ele>244.5</ele>
      </trkpt>
      <trkpt lat="45.46827" lon="4.76789">
        <ele>241.1</ele>
      </trkpt>
      <trkpt lat="45.46822" lon="4.76782">
        <ele>238.6</ele>
      </trkpt>
      <trkpt lat="45.46821" lon="4.76777">
        <ele>237.9</ele>
      </trkpt>
      <trkpt lat="45.46823" lon="4.76756">
        <ele>236.3</ele>
      </trkpt>
      <trkpt lat="45.46829" lon="4.76739">
        <ele>236.5</ele>
      </trkpt>
      <trkpt lat="45.4683" lon="4.76732">
        <ele>236.3</ele>
      </trkpt>
      <trkpt lat="45.46831" lon="4.76724">
        <ele>235.7</ele>
      </trkpt>
      <trkpt lat="45.4683" lon="4.76696">
        <ele>232.8</ele>
      </trkpt>
      <trkpt lat="45.46837" lon="4.76676">
        <ele>233.1</ele>
      </trkpt>
      <trkpt lat="45.46839" lon="4.76666">
        <ele>232.6</ele>
      </trkpt>
      <trkpt lat="45.46837" lon="4.76658">
        <ele>232.4</ele>
      </trkpt>
      <trkpt lat="45.46835" lon="4.76653">
        <ele>231.9</ele>
      </trkpt>
      <trkpt lat="45.46832" lon="4.76651">
        <ele>231.2</ele>
      </trkpt>
      <trkpt lat="45.46827" lon="4.76649">
        <ele>230.0</ele>
      </trkpt>
      <trkpt lat="45.46796" lon="4.76654">
        <ele>222.3</ele>
      </trkpt>
      <trkpt lat="45.46786" lon="4.76651">
        <ele>219.8</ele>
      </trkpt>
      <trkpt lat="45.46767" lon="4.76661">
        <ele>215.0</ele>
      </trkpt>
      <trkpt lat="45.46715" lon="4.76678">
        <ele>207.3</ele>
      </trkpt>
      <trkpt lat="45.46698" lon="4.76691">
        <ele>204.1</ele>
      </trkpt>
      <trkpt lat="45.46686" lon="4.76704">
        <ele>200.6</ele>
      </trkpt>
      <trkpt lat="45.46675" lon="4.76711">
        <ele>197.4</ele>
      </trkpt>
      <trkpt lat="45.46662" lon="4.76723">
        <ele>193.5</ele>
      </trkpt>
      <trkpt lat="45.46654" lon="4.76741">
        <ele>189.7</ele>
      </trkpt>
      <trkpt lat="45.46631" lon="4.76762">
        <ele>185.3</ele>
      </trkpt>
      <trkpt lat="45.4662" lon="4.76775">
        <ele>182.7</ele>
      </trkpt>
      <trkpt lat="45.46613" lon="4.76792">
        <ele>179.5</ele>
      </trkpt>
      <trkpt lat="45.46614" lon="4.76802">
        <ele>178.3</ele>
      </trkpt>
      <trkpt lat="45.46608" lon="4.7681">
        <ele>176.1</ele>
      </trkpt>
      <trkpt lat="45.466" lon="4.76803">
        <ele>175.7</ele>
      </trkpt>
      <trkpt lat="45.46594" lon="4.768">
        <ele>175.3</ele>
      </trkpt>
      <trkpt lat="45.46582" lon="4.76796">
        <ele>174.1</ele>
      </trkpt>
      <trkpt lat="45.46515" lon="4.76783">
        <ele>168.6</ele>
      </trkpt>
      <trkpt lat="45.46502" lon="4.76776">
        <ele>168.1</ele>
      </trkpt>
      <trkpt lat="45.46488" lon="4.76765">
        <ele>167.9</ele>
      </trkpt>
      <trkpt lat="45.46465" lon="4.76744">
        <ele>167.1</ele>
      </trkpt>
      <trkpt lat="45.46449" lon="4.76733">
        <ele>165.5</ele>
      </trkpt>
      <trkpt lat="45.46439" lon="4.76727">
        <ele>164.3</ele>
      </trkpt>
      <trkpt lat="45.46422" lon="4.76722">
        <ele>161.9</ele>
      </trkpt>
      <trkpt lat="45.46406" lon="4.76721">
        <ele>160.5</ele>
      </trkpt>
      <trkpt lat="45.46402" lon="4.76722">
        <ele>160.2</ele>
      </trkpt>
      <trkpt lat="45.46397" lon="4.76727">
        <ele>159.7</ele>
      </trkpt>
      <trkpt lat="45.46391" lon="4.76738">
        <ele>158.7</ele>
      </trkpt>
      <trkpt lat="45.46353" lon="4.76818">
        <ele>153.7</ele>
      </trkpt>
      <trkpt lat="45.46349" lon="4.76832">
        <ele>153.0</ele>
      </trkpt>
      <trkpt lat="45.46349" lon="4.76843">
        <ele>152.7</ele>
      </trkpt>
      <trkpt lat="45.46351" lon="4.76851">
        <ele>152.5</ele>
      </trkpt>
      <trkpt lat="45.46352" lon="4.76857">
        <ele>152.4</ele>
      </trkpt>
      <trkpt lat="45.4635" lon="4.76866">
        <ele>152.1</ele>
      </trkpt>
      <trkpt lat="45.46308" lon="4.76954">
        <ele>149.8</ele>
      </trkpt>
      <trkpt lat="45.46247" lon="4.76891">
        <ele>150.0</ele>
      </trkpt>
      <trkpt lat="45.46183" lon="4.76817">
        <ele>151.9</ele>
      </trkpt>
      <trkpt lat="45.46161" lon="4.76783">
        <ele>153.0</ele>
      </trkpt>
      <trkpt lat="45.46132" lon="4.76713">
        <ele>152.0</ele>
      </trkpt>
      <trkpt lat="45.46104" lon="4.76642">
        <ele>150.7</ele>
      </trkpt>
      <trkpt lat="45.46081" lon="4.76583">
        <ele>150.0</ele>
      </trkpt>
      <trkpt lat="45.46058" lon="4.76523">
        <ele>150.4</ele>
      </trkpt>
      <trkpt lat="45.46053" lon="4.76505">
        <ele>150.6</ele>
      </trkpt>
      <trkpt lat="45.46017" lon="4.76419">
        <ele>150.0</ele>
      </trkpt>
      <trkpt lat="45.46004" lon="4.76393">
        <ele>150.0</ele>
      </trkpt>
      <trkpt lat="45.45974" lon="4.76319">
        <ele>149.3</ele>
      </trkpt>
      <trkpt lat="45.4594" lon="4.7624">
        <ele>149.0</ele>
      </trkpt>
      <trkpt lat="45.45902" lon="4.76172">
        <ele>148.5</ele>
      </trkpt>
      <trkpt lat="45.45896" lon="4.76155">
        <ele>148.0</ele>
      </trkpt>
      <trkpt lat="45.4589" lon="4.76127">
        <ele>147.2</ele>
      </trkpt>
      <trkpt lat="45.45884" lon="4.76104">
        <ele>146.6</ele>
      </trkpt>
      <trkpt lat="45.45877" lon="4.76084">
        <ele>146.1</ele>
      </trkpt>
      <trkpt lat="45.45862" lon="4.76048">
        <ele>146.0</ele>
      </trkpt>
      <trkpt lat="45.45854" lon="4.76029">
        <ele>146.0</ele>
      </trkpt>
      <trkpt lat="45.45832" lon="4.75978">
        <ele>146.0</ele>
      </trkpt>
      <trkpt lat="45.45825" lon="4.75982">
        <ele>145.9</ele>
      </trkpt>
      <trkpt lat="45.45768" lon="4.7599">
        <ele>145.2</ele>
      </trkpt>
      <trkpt lat="45.45763" lon="4.75989">
        <ele>145.2</ele>
      </trkpt>
      <trkpt lat="45.45758" lon="4.75986">
        <ele>145.1</ele>
      </trkpt>
      <trkpt lat="45.45754" lon="4.75981">
        <ele>145.1</ele>
      </trkpt>
      <trkpt lat="45.45734" lon="4.75953">
        <ele>144.4</ele>
      </trkpt>
      <trkpt lat="45.45732" lon="4.75947">
        <ele>144.3</ele>
      </trkpt>
      <trkpt lat="45.4573" lon="4.7594">
        <ele>144.3</ele>
      </trkpt>
      <trkpt lat="45.45714" lon="4.75945">
        <ele>143.7</ele>
      </trkpt>
      <trkpt lat="45.45697" lon="4.75853">
        <ele>144.6</ele>
      </trkpt>
      <trkpt lat="45.4568" lon="4.75761">
        <ele>145.9</ele>
      </trkpt>
      <trkpt lat="45.4564" lon="4.75657">
        <ele>145.4</ele>
      </trkpt>
      <trkpt lat="45.45629" lon="4.75628">
        <ele>144.7</ele>
      </trkpt>
      <trkpt lat="45.45613" lon="4.75583">
        <ele>143.8</ele>
      </trkpt>
      <trkpt lat="45.45589" lon="4.75529">
        <ele>146.1</ele>
      </trkpt>
      <trkpt lat="45.45572" lon="4.75504">
        <ele>146.9</ele>
      </trkpt>
      <trkpt lat="45.45555" lon="4.75483">
        <ele>146.4</ele>
      </trkpt>
      <trkpt lat="45.45537" lon="4.75465">
        <ele>145.7</ele>
      </trkpt>
      <trkpt lat="45.45531" lon="4.7546">
        <ele>145.5</ele>
      </trkpt>
      <trkpt lat="45.45518" lon="4.75452">
        <ele>144.9</ele>
      </trkpt>
      <trkpt lat="45.45501" lon="4.75438">
        <ele>144.3</ele>
      </trkpt>
      <trkpt lat="45.45483" lon="4.75431">
        <ele>144.0</ele>
      </trkpt>
      <trkpt lat="45.45458" lon="4.75425">
        <ele>143.3</ele>
      </trkpt>
      <trkpt lat="45.45429" lon="4.75419">
        <ele>142.4</ele>
      </trkpt>
      <trkpt lat="45.45407" lon="4.75417">
        <ele>142.3</ele>
      </trkpt>
      <trkpt lat="45.45399" lon="4.75417">
        <ele>142.6</ele>
      </trkpt>
      <trkpt lat="45.4537" lon="4.75415">
        <ele>143.8</ele>
      </trkpt>
      <trkpt lat="45.4536" lon="4.75413">
        <ele>144.3</ele>
      </trkpt>
      <trkpt lat="45.45333" lon="4.75412">
        <ele>145.4</ele>
      </trkpt>
      <trkpt lat="45.45305" lon="4.7541">
        <ele>146.1</ele>
      </trkpt>
      <trkpt lat="45.4528" lon="4.75405">
        <ele>147.2</ele>
      </trkpt>
      <trkpt lat="45.45197" lon="4.75397">
        <ele>149.7</ele>
      </trkpt>
      <trkpt lat="45.45115" lon="4.7539">
        <ele>141.2</ele>
      </trkpt>
      <trkpt lat="45.4504" lon="4.75379">
        <ele>142.2</ele>
      </trkpt>
      <trkpt lat="45.44966" lon="4.75372">
        <ele>145.4</ele>
      </trkpt>
      <trkpt lat="45.44895" lon="4.75369">
        <ele>142.3</ele>
      </trkpt>
      <trkpt lat="45.44843" lon="4.75371">
        <ele>135.7</ele>
      </trkpt>
      <trkpt lat="45.44791" lon="4.7538">
        <ele>137.1</ele>
      </trkpt>
      <trkpt lat="45.44753" lon="4.75389">
        <ele>140.9</ele>
      </trkpt>
      <trkpt lat="45.44716" lon="4.75401">
        <ele>141.8</ele>
      </trkpt>
      <trkpt lat="45.44672" lon="4.75418">
        <ele>142.8</ele>
      </trkpt>
      <trkpt lat="45.44628" lon="4.75436">
        <ele>143.5</ele>
      </trkpt>
      <trkpt lat="45.4457" lon="4.7546">
        <ele>142.8</ele>
      </trkpt>
      <trkpt lat="45.44513" lon="4.75484">
        <ele>141.0</ele>
      </trkpt>
      <trkpt lat="45.44481" lon="4.75495">
        <ele>141.6</ele>
      </trkpt>
      <trkpt lat="45.44425" lon="4.75493">
        <ele>145.2</ele>
      </trkpt>
      <trkpt lat="45.44399" lon="4.75496">
        <ele>145.9</ele>
      </trkpt>
      <trkpt lat="45.44387" lon="4.75501">
        <ele>145.9</ele>
      </trkpt>
      <trkpt lat="45.4437" lon="4.75514">
        <ele>145.0</ele>
      </trkpt>
      <trkpt lat="45.44343" lon="4.75539">
        <ele>143.2</ele>
      </trkpt>
      <trkpt lat="45.44326" lon="4.75551">
        <ele>142.7</ele>
      </trkpt>
      <trkpt lat="45.44319" lon="4.75555">
        <ele>142.7</ele>
      </trkpt>
      <trkpt lat="45.44277" lon="4.75569">
        <ele>144.4</ele>
      </trkpt>
      <trkpt lat="45.44268" lon="4.7557">
        <ele>144.9</ele>
      </trkpt>
      <trkpt lat="45.44239" lon="4.75562">
        <ele>146.3</ele>
      </trkpt>
      <trkpt lat="45.44233" lon="4.75559">
        <ele>146.4</ele>
      </trkpt>
      <trkpt lat="45.44212" lon="4.75541">
        <ele>146.7</ele>
      </trkpt>
      <trkpt lat="45.44202" lon="4.75534">
        <ele>146.7</ele>
      </trkpt>
      <trkpt lat="45.44193" lon="4.75531">
        <ele>146.8</ele>
      </trkpt>
      <trkpt lat="45.44165" lon="4.7553">
        <ele>147.1</ele>
      </trkpt>
      <trkpt lat="45.44157" lon="4.7553">
        <ele>147.1</ele>
      </trkpt>
      <trkpt lat="45.44149" lon="4.75532">
        <ele>147.2</ele>
      </trkpt>
      <trkpt lat="45.4414" lon="4.75536">
        <ele>147.3</ele>
      </trkpt>
      <trkpt lat="45.44133" lon="4.75543">
        <ele>147.6</ele>
      </trkpt>
      <trkpt lat="45.44122" lon="4.7556">
        <ele>148.2</ele>
      </trkpt>
      <trkpt lat="45.44103" lon="4.75606">
        <ele>147.6</ele>
      </trkpt>
      <trkpt lat="45.44091" lon="4.7563">
        <ele>146.5</ele>
      </trkpt>
      <trkpt lat="45.44077" lon="4.7565">
        <ele>145.7</ele>
      </trkpt>
      <trkpt lat="45.44068" lon="4.75657">
        <ele>145.4</ele>
      </trkpt>
      <trkpt lat="45.4406" lon="4.75662">
        <ele>145.1</ele>
      </trkpt>
      <trkpt lat="45.44039" lon="4.75669">
        <ele>144.9</ele>
      </trkpt>
      <trkpt lat="45.44019" lon="4.75677">
        <ele>144.3</ele>
      </trkpt>
      <trkpt lat="45.44011" lon="4.75678">
        <ele>144.2</ele>
      </trkpt>
      <trkpt lat="45.43963" lon="4.7567">
        <ele>146.0</ele>
      </trkpt>
      <trkpt lat="45.43939" lon="4.75663">
        <ele>147.1</ele>
      </trkpt>
      <trkpt lat="45.43895" lon="4.75643">
        <ele>146.9</ele>
      </trkpt>
      <trkpt lat="45.43878" lon="4.75641">
        <ele>146.9</ele>
      </trkpt>
      <trkpt lat="45.43858" lon="4.75641">
        <ele>147.0</ele>
      </trkpt>
      <trkpt lat="45.43824" lon="4.75642">
        <ele>147.0</ele>
      </trkpt>
      <trkpt lat="45.43816" lon="4.75644">
        <ele>147.1</ele>
      </trkpt>
      <trkpt lat="45.43807" lon="4.75648">
        <ele>147.2</ele>
      </trkpt>
      <trkpt lat="45.4377" lon="4.75667">
        <ele>148.0</ele>
      </trkpt>
      <trkpt lat="45.43754" lon="4.75678">
        <ele>148.0</ele>
      </trkpt>
      <trkpt lat="45.43743" lon="4.75689">
        <ele>147.8</ele>
      </trkpt>
      <trkpt lat="45.43721" lon="4.75723">
        <ele>147.4</ele>
      </trkpt>
      <trkpt lat="45.43714" lon="4.7573">
        <ele>147.4</ele>
      </trkpt>
      <trkpt lat="45.43696" lon="4.75742">
        <ele>147.2</ele>
      </trkpt>
      <trkpt lat="45.43677" lon="4.75751">
        <ele>147.1</ele>
      </trkpt>
      <trkpt lat="45.43653" lon="4.75756">
        <ele>146.3</ele>
      </trkpt>
      <trkpt lat="45.4363" lon="4.75758">
        <ele>145.8</ele>
      </trkpt>
      <trkpt lat="45.4361" lon="4.75757">
        <ele>145.7</ele>
      </trkpt>
      <trkpt lat="45.43578" lon="4.75752">
        <ele>145.6</ele>
      </trkpt>
      <trkpt lat="45.43546" lon="4.75745">
        <ele>144.7</ele>
      </trkpt>
      <trkpt lat="45.43481" lon="4.75721">
        <ele>142.8</ele>
      </trkpt>
      <trkpt lat="45.43455" lon="4.75707">
        <ele>142.5</ele>
      </trkpt>
      <trkpt lat="45.43434" lon="4.75686">
        <ele>143.0</ele>
      </trkpt>
      <trkpt lat="45.43398" lon="4.75633">
        <ele>144.2</ele>
      </trkpt>
      <trkpt lat="45.43389" lon="4.75623">
        <ele>144.3</ele>
      </trkpt>
      <trkpt lat="45.4338" lon="4.75615">
        <ele>144.4</ele>
      </trkpt>
      <trkpt lat="45.43334" lon="4.75589">
        <ele>145.0</ele>
      </trkpt>
      <trkpt lat="45.43261" lon="4.75541">
        <ele>145.0</ele>
      </trkpt>
      <trkpt lat="45.4323" lon="4.75516">
        <ele>144.3</ele>
      </trkpt>
      <trkpt lat="45.43203" lon="4.75491">
        <ele>144.5</ele>
      </trkpt>
      <trkpt lat="45.43164" lon="4.75447">
        <ele>144.2</ele>
      </trkpt>
      <trkpt lat="45.43125" lon="4.75403">
        <ele>142.1</ele>
      </trkpt>
      <trkpt lat="45.43107" lon="4.75371">
        <ele>143.1</ele>
      </trkpt>
      <trkpt lat="45.43096" lon="4.75348">
        <ele>144.6</ele>
      </trkpt>
      <trkpt lat="45.43041" lon="4.75254">
        <ele>145.9</ele>
      </trkpt>
      <trkpt lat="45.43014" lon="4.75211">
        <ele>144.7</ele>
      </trkpt>
      <trkpt lat="45.42961" lon="4.75133">
        <ele>141.3</ele>
      </trkpt>
      <trkpt lat="45.42914" lon="4.75069">
        <ele>142.7</ele>
      </trkpt>
      <trkpt lat="45.42851" lon="4.74993">
        <ele>142.9</ele>
      </trkpt>
      <trkpt lat="45.42789" lon="4.74917">
        <ele>145.0</ele>
      </trkpt>
      <trkpt lat="45.42726" lon="4.74841">
        <ele>142.0</ele>
      </trkpt>
      <trkpt lat="45.42663" lon="4.74765">
        <ele>142.9</ele>
      </trkpt>
      <trkpt lat="45.42601" lon="4.74689">
        <ele>144.7</ele>
      </trkpt>
      <trkpt lat="45.42538" lon="4.74613">
        <ele>143.7</ele>
      </trkpt>
      <trkpt lat="45.42475" lon="4.74537">
        <ele>143.5</ele>
      </trkpt>
      <trkpt lat="45.42413" lon="4.74461">
        <ele>142.9</ele>
      </trkpt>
      <trkpt lat="45.4235" lon="4.74385">
        <ele>140.7</ele>
      </trkpt>
      <trkpt lat="45.42288" lon="4.74309">
        <ele>141.2</ele>
      </trkpt>
      <trkpt lat="45.42254" lon="4.74271">
        <ele>142.0</ele>
      </trkpt>
      <trkpt lat="45.42195" lon="4.74221">
        <ele>141.9</ele>
      </trkpt>
      <trkpt lat="45.42136" lon="4.74172">
        <ele>145.8</ele>
      </trkpt>
      <trkpt lat="45.42066" lon="4.74133">
        <ele>145.8</ele>
      </trkpt>
      <trkpt lat="45.42014" lon="4.74108">
        <ele>142.4</ele>
      </trkpt>
      <trkpt lat="45.41962" lon="4.74083">
        <ele>141.2</ele>
      </trkpt>
      <trkpt lat="45.41907" lon="4.74064">
        <ele>140.0</ele>
      </trkpt>
      <trkpt lat="45.41851" lon="4.74045">
        <ele>141.2</ele>
      </trkpt>
      <trkpt lat="45.4179" lon="4.74032">
        <ele>141.7</ele>
      </trkpt>
      <trkpt lat="45.4173" lon="4.7402">
        <ele>142.6</ele>
      </trkpt>
      <trkpt lat="45.41683" lon="4.74015">
        <ele>143.7</ele>
      </trkpt>
      <trkpt lat="45.41635" lon="4.74011">
        <ele>143.3</ele>
      </trkpt>
      <trkpt lat="45.41625" lon="4.74006">
        <ele>143.1</ele>
      </trkpt>
      <trkpt lat="45.4162" lon="4.74006">
        <ele>143.1</ele>
      </trkpt>
      <trkpt lat="45.416" lon="4.74009">
        <ele>142.9</ele>
      </trkpt>
      <trkpt lat="45.41548" lon="4.74013">
        <ele>143.2</ele>
      </trkpt>
      <trkpt lat="45.41497" lon="4.74016">
        <ele>144.1</ele>
      </trkpt>
      <trkpt lat="45.41491" lon="4.74015">
        <ele>144.0</ele>
      </trkpt>
      <trkpt lat="45.41482" lon="4.74008">
        <ele>143.9</ele>
      </trkpt>
      <trkpt lat="45.41478" lon="4.74003">
        <ele>143.8</ele>
      </trkpt>
      <trkpt lat="45.41475" lon="4.73994">
        <ele>143.7</ele>
      </trkpt>
      <trkpt lat="45.41473" lon="4.73976">
        <ele>143.8</ele>
      </trkpt>
      <trkpt lat="45.41473" lon="4.73918">
        <ele>144.0</ele>
      </trkpt>
      <trkpt lat="45.41471" lon="4.73901">
        <ele>144.4</ele>
      </trkpt>
      <trkpt lat="45.41463" lon="4.73856">
        <ele>145.5</ele>
      </trkpt>
      <trkpt lat="45.41441" lon="4.7376">
        <ele>146.5</ele>
      </trkpt>
      <trkpt lat="45.41439" lon="4.73755">
        <ele>146.5</ele>
      </trkpt>
      <trkpt lat="45.41437" lon="4.73752">
        <ele>146.5</ele>
      </trkpt>
      <trkpt lat="45.41435" lon="4.7375">
        <ele>146.4</ele>
      </trkpt>
      <trkpt lat="45.41432" lon="4.73749">
        <ele>146.4</ele>
      </trkpt>
      <trkpt lat="45.41408" lon="4.73749">
        <ele>145.8</ele>
      </trkpt>
      <trkpt lat="45.41404" lon="4.7375">
        <ele>145.7</ele>
      </trkpt>
      <trkpt lat="45.41403" lon="4.73751">
        <ele>145.7</ele>
      </trkpt>
      <trkpt lat="45.41402" lon="4.73754">
        <ele>145.6</ele>
      </trkpt>
      <trkpt lat="45.41402" lon="4.73756">
        <ele>145.6</ele>
      </trkpt>
      <trkpt lat="45.4142" lon="4.73861">
        <ele>145.3</ele>
      </trkpt>
      <trkpt lat="45.41423" lon="4.73893">
        <ele>144.6</ele>
      </trkpt>
      <trkpt lat="45.41422" lon="4.7394">
        <ele>143.7</ele>
      </trkpt>
      <trkpt lat="45.41419" lon="4.73971">
        <ele>143.4</ele>
      </trkpt>
      <trkpt lat="45.41417" lon="4.73982">
        <ele>143.2</ele>
      </trkpt>
      <trkpt lat="45.41409" lon="4.7401">
        <ele>142.7</ele>
      </trkpt>
      <trkpt lat="45.41405" lon="4.74018">
        <ele>142.7</ele>
      </trkpt>
      <trkpt lat="45.41401" lon="4.74024">
        <ele>142.6</ele>
      </trkpt>
      <trkpt lat="45.41392" lon="4.74029">
        <ele>142.4</ele>
      </trkpt>
      <trkpt lat="45.41366" lon="4.74035">
        <ele>141.9</ele>
      </trkpt>
      <trkpt lat="45.41304" lon="4.74046">
        <ele>142.3</ele>
      </trkpt>
      <trkpt lat="45.41242" lon="4.74057">
        <ele>143.5</ele>
      </trkpt>
      <trkpt lat="45.41236" lon="4.74057">
        <ele>143.4</ele>
      </trkpt>
      <trkpt lat="45.41231" lon="4.74054">
        <ele>143.3</ele>
      </trkpt>
      <trkpt lat="45.41227" lon="4.74048">
        <ele>143.1</ele>
      </trkpt>
      <trkpt lat="45.41224" lon="4.74039">
        <ele>142.8</ele>
      </trkpt>
      <trkpt lat="45.41222" lon="4.74024">
        <ele>142.5</ele>
      </trkpt>
      <trkpt lat="45.41221" lon="4.74013">
        <ele>142.2</ele>
      </trkpt>
      <trkpt lat="45.4122" lon="4.74006">
        <ele>142.0</ele>
      </trkpt>
      <trkpt lat="45.41215" lon="4.73996">
        <ele>141.7</ele>
      </trkpt>
      <trkpt lat="45.4121" lon="4.73992">
        <ele>141.5</ele>
      </trkpt>
      <trkpt lat="45.41206" lon="4.73992">
        <ele>141.4</ele>
      </trkpt>
      <trkpt lat="45.41159" lon="4.74005">
        <ele>140.1</ele>
      </trkpt>
      <trkpt lat="45.41098" lon="4.74017">
        <ele>139.3</ele>
      </trkpt>
      <trkpt lat="45.41061" lon="4.74026">
        <ele>139.2</ele>
      </trkpt>
      <trkpt lat="45.41035" lon="4.74034">
        <ele>139.5</ele>
      </trkpt>
      <trkpt lat="45.4098" lon="4.74056">
        <ele>140.7</ele>
      </trkpt>
      <trkpt lat="45.40937" lon="4.74076">
        <ele>141.7</ele>
      </trkpt>
      <trkpt lat="45.40863" lon="4.74119">
        <ele>141.3</ele>
      </trkpt>
      <trkpt lat="45.40799" lon="4.7416">
        <ele>140.6</ele>
      </trkpt>
      <trkpt lat="45.40747" lon="4.74196">
        <ele>141.0</ele>
      </trkpt>
      <trkpt lat="45.40695" lon="4.74233">
        <ele>139.9</ele>
      </trkpt>
      <trkpt lat="45.40629" lon="4.74276">
        <ele>140.1</ele>
      </trkpt>
      <trkpt lat="45.40581" lon="4.74308">
        <ele>140.6</ele>
      </trkpt>
      <trkpt lat="45.40534" lon="4.74341">
        <ele>140.6</ele>
      </trkpt>
      <trkpt lat="45.4051" lon="4.7436">
        <ele>141.2</ele>
      </trkpt>
      <trkpt lat="45.40483" lon="4.74383">
        <ele>142.2</ele>
      </trkpt>
      <trkpt lat="45.40433" lon="4.7443">
        <ele>143.5</ele>
      </trkpt>
      <trkpt lat="45.40377" lon="4.74489">
        <ele>145.1</ele>
      </trkpt>
      <trkpt lat="45.40321" lon="4.74549">
        <ele>144.6</ele>
      </trkpt>
      <trkpt lat="45.4025" lon="4.74616">
        <ele>143.2</ele>
      </trkpt>
      <trkpt lat="45.40179" lon="4.74682">
        <ele>142.6</ele>
      </trkpt>
      <trkpt lat="45.40108" lon="4.74749">
        <ele>142.0</ele>
      </trkpt>
      <trkpt lat="45.40098" lon="4.74765">
        <ele>142.1</ele>
      </trkpt>
      <trkpt lat="45.40096" lon="4.74774">
        <ele>142.1</ele>
      </trkpt>
      <trkpt lat="45.40097" lon="4.74782">
        <ele>142.1</ele>
      </trkpt>
      <trkpt lat="45.40106" lon="4.74803">
        <ele>142.0</ele>
      </trkpt>
      <trkpt lat="45.40107" lon="4.74807">
        <ele>141.9</ele>
      </trkpt>
      <trkpt lat="45.40108" lon="4.74813">
        <ele>141.8</ele>
      </trkpt>
      <trkpt lat="45.40108" lon="4.74821">
        <ele>141.8</ele>
      </trkpt>
      <trkpt lat="45.40107" lon="4.74829">
        <ele>141.9</ele>
      </trkpt>
      <trkpt lat="45.40104" lon="4.74836">
        <ele>141.9</ele>
      </trkpt>
      <trkpt lat="45.40091" lon="4.74857">
        <ele>141.4</ele>
      </trkpt>
      <trkpt lat="45.40068" lon="4.74889">
        <ele>139.2</ele>
      </trkpt>
      <trkpt lat="45.39997" lon="4.74958">
        <ele>137.6</ele>
      </trkpt>
      <trkpt lat="45.39927" lon="4.75026">
        <ele>139.6</ele>
      </trkpt>
      <trkpt lat="45.39896" lon="4.75054">
        <ele>139.9</ele>
      </trkpt>
      <trkpt lat="45.39883" lon="4.75064">
        <ele>140.3</ele>
      </trkpt>
      <trkpt lat="45.39845" lon="4.75087">
        <ele>141.5</ele>
      </trkpt>
      <trkpt lat="45.39811" lon="4.75111">
        <ele>141.2</ele>
      </trkpt>
      <trkpt lat="45.39805" lon="4.75116">
        <ele>141.1</ele>
      </trkpt>
      <trkpt lat="45.39791" lon="4.75137">
        <ele>140.7</ele>
      </trkpt>
      <trkpt lat="45.39783" lon="4.75147">
        <ele>140.6</ele>
      </trkpt>
      <trkpt lat="45.39742" lon="4.75186">
        <ele>140.5</ele>
      </trkpt>
      <trkpt lat="45.39719" lon="4.75202">
        <ele>140.7</ele>
      </trkpt>
      <trkpt lat="45.39708" lon="4.75207">
        <ele>141.0</ele>
      </trkpt>
      <trkpt lat="45.39695" lon="4.7521">
        <ele>141.4</ele>
      </trkpt>
      <trkpt lat="45.39654" lon="4.75216">
        <ele>142.4</ele>
      </trkpt>
      <trkpt lat="45.39643" lon="4.7522">
        <ele>142.5</ele>
      </trkpt>
      <trkpt lat="45.39576" lon="4.75266">
        <ele>142.2</ele>
      </trkpt>
      <trkpt lat="45.39568" lon="4.75276">
        <ele>141.8</ele>
      </trkpt>
      <trkpt lat="45.39544" lon="4.75308">
        <ele>141.6</ele>
      </trkpt>
      <trkpt lat="45.39536" lon="4.75315">
        <ele>141.8</ele>
      </trkpt>
      <trkpt lat="45.39498" lon="4.75336">
        <ele>143.8</ele>
      </trkpt>
      <trkpt lat="45.39483" lon="4.75343">
        <ele>143.1</ele>
      </trkpt>
      <trkpt lat="45.39428" lon="4.75357">
        <ele>141.3</ele>
      </trkpt>
      <trkpt lat="45.3939" lon="4.75365">
        <ele>141.1</ele>
      </trkpt>
      <trkpt lat="45.39377" lon="4.75371">
        <ele>141.2</ele>
      </trkpt>
      <trkpt lat="45.39344" lon="4.75387">
        <ele>142.0</ele>
      </trkpt>
      <trkpt lat="45.39315" lon="4.75403">
        <ele>142.5</ele>
      </trkpt>
      <trkpt lat="45.39303" lon="4.75411">
        <ele>142.5</ele>
      </trkpt>
      <trkpt lat="45.39276" lon="4.75439">
        <ele>141.4</ele>
      </trkpt>
      <trkpt lat="45.39255" lon="4.75455">
        <ele>140.6</ele>
      </trkpt>
      <trkpt lat="45.39241" lon="4.75462">
        <ele>140.4</ele>
      </trkpt>
      <trkpt lat="45.39229" lon="4.75467">
        <ele>140.3</ele>
      </trkpt>
      <trkpt lat="45.39219" lon="4.75469">
        <ele>140.3</ele>
      </trkpt>
      <trkpt lat="45.39159" lon="4.75472">
        <ele>140.7</ele>
      </trkpt>
      <trkpt lat="45.3915" lon="4.75474">
        <ele>140.7</ele>
      </trkpt>
      <trkpt lat="45.39115" lon="4.75486">
        <ele>140.8</ele>
      </trkpt>
      <trkpt lat="45.39057" lon="4.75508">
        <ele>140.8</ele>
      </trkpt>
      <trkpt lat="45.3903" lon="4.75533">
        <ele>140.2</ele>
      </trkpt>
      <trkpt lat="45.39019" lon="4.75541">
        <ele>140.0</ele>
      </trkpt>
      <trkpt lat="45.3901" lon="4.75545">
        <ele>139.9</ele>
      </trkpt>
      <trkpt lat="45.39002" lon="4.75548">
        <ele>139.9</ele>
      </trkpt>
      <trkpt lat="45.38992" lon="4.75549">
        <ele>140.0</ele>
      </trkpt>
      <trkpt lat="45.38953" lon="4.75545">
        <ele>140.9</ele>
      </trkpt>
      <trkpt lat="45.3894" lon="4.75546">
        <ele>141.2</ele>
      </trkpt>
      <trkpt lat="45.3893" lon="4.75547">
        <ele>141.4</ele>
      </trkpt>
      <trkpt lat="45.3888" lon="4.75561">
        <ele>141.8</ele>
      </trkpt>
      <trkpt lat="45.38804" lon="4.7558">
        <ele>141.9</ele>
      </trkpt>
      <trkpt lat="45.38769" lon="4.75586">
        <ele>141.9</ele>
      </trkpt>
      <trkpt lat="45.38695" lon="4.75598">
        <ele>142.0</ele>
      </trkpt>
      <trkpt lat="45.3868" lon="4.75599">
        <ele>142.1</ele>
      </trkpt>
      <trkpt lat="45.3865" lon="4.75598">
        <ele>142.3</ele>
      </trkpt>
      <trkpt lat="45.38613" lon="4.75592">
        <ele>142.6</ele>
      </trkpt>
      <trkpt lat="45.38564" lon="4.75581">
        <ele>142.0</ele>
      </trkpt>
      <trkpt lat="45.3852" lon="4.75566">
        <ele>140.0</ele>
      </trkpt>
      <trkpt lat="45.38489" lon="4.75551">
        <ele>139.3</ele>
      </trkpt>
      <trkpt lat="45.38446" lon="4.75527">
        <ele>139.2</ele>
      </trkpt>
      <trkpt lat="45.38418" lon="4.75508">
        <ele>139.0</ele>
      </trkpt>
      <trkpt lat="45.38377" lon="4.75478">
        <ele>139.4</ele>
      </trkpt>
      <trkpt lat="45.38337" lon="4.75449">
        <ele>139.1</ele>
      </trkpt>
      <trkpt lat="45.38301" lon="4.75424">
        <ele>139.0</ele>
      </trkpt>
      <trkpt lat="45.38281" lon="4.75419">
        <ele>139.0</ele>
      </trkpt>
      <trkpt lat="45.38271" lon="4.75419">
        <ele>139.0</ele>
      </trkpt>
      <trkpt lat="45.38262" lon="4.75422">
        <ele>139.0</ele>
      </trkpt>
      <trkpt lat="45.38252" lon="4.75428">
        <ele>139.0</ele>
      </trkpt>
      <trkpt lat="45.38207" lon="4.75464">
        <ele>139.6</ele>
      </trkpt>
      <trkpt lat="45.38162" lon="4.75501">
        <ele>140.9</ele>
      </trkpt>
      <trkpt lat="45.38144" lon="4.75517">
        <ele>140.6</ele>
      </trkpt>
      <trkpt lat="45.38136" lon="4.75529">
        <ele>140.6</ele>
      </trkpt>
      <trkpt lat="45.38131" lon="4.75544">
        <ele>140.7</ele>
      </trkpt>
      <trkpt lat="45.3813" lon="4.75563">
        <ele>140.7</ele>
      </trkpt>
      <trkpt lat="45.38138" lon="4.75601">
        <ele>140.1</ele>
      </trkpt>
      <trkpt lat="45.38138" lon="4.75614">
        <ele>139.9</ele>
      </trkpt>
      <trkpt lat="45.38135" lon="4.75626">
        <ele>139.8</ele>
      </trkpt>
      <trkpt lat="45.3813" lon="4.75629">
        <ele>139.8</ele>
      </trkpt>
      <trkpt lat="45.38124" lon="4.75628">
        <ele>140.0</ele>
      </trkpt>
      <trkpt lat="45.38118" lon="4.75622">
        <ele>140.2</ele>
      </trkpt>
      <trkpt lat="45.38116" lon="4.75616">
        <ele>140.5</ele>
      </trkpt>
      <trkpt lat="45.38114" lon="4.7561">
        <ele>140.7</ele>
      </trkpt>
      <trkpt lat="45.38114" lon="4.75594">
        <ele>141.2</ele>
      </trkpt>
      <trkpt lat="45.38113" lon="4.7559">
        <ele>141.3</ele>
      </trkpt>
      <trkpt lat="45.38112" lon="4.75588">
        <ele>141.5</ele>
      </trkpt>
      <trkpt lat="45.38108" lon="4.75588">
        <ele>141.7</ele>
      </trkpt>
      <trkpt lat="45.38106" lon="4.7559">
        <ele>141.7</ele>
      </trkpt>
      <trkpt lat="45.38104" lon="4.75594">
        <ele>141.6</ele>
      </trkpt>
      <trkpt lat="45.38094" lon="4.75624">
        <ele>140.8</ele>
      </trkpt>
      <trkpt lat="45.38083" lon="4.75666">
        <ele>139.0</ele>
      </trkpt>
      <trkpt lat="45.38063" lon="4.75773">
        <ele>139.1</ele>
      </trkpt>
      <trkpt lat="45.38043" lon="4.7588">
        <ele>142.5</ele>
      </trkpt>
      <trkpt lat="45.38039" lon="4.75899">
        <ele>143.5</ele>
      </trkpt>
      <trkpt lat="45.3804" lon="4.7592">
        <ele>144.5</ele>
      </trkpt>
      <trkpt lat="45.38037" lon="4.75946">
        <ele>144.9</ele>
      </trkpt>
      <trkpt lat="45.38028" lon="4.75968">
        <ele>145.0</ele>
      </trkpt>
      <trkpt lat="45.38009" lon="4.75999">
        <ele>145.2</ele>
      </trkpt>
      <trkpt lat="45.37996" lon="4.76012">
        <ele>144.8</ele>
      </trkpt>
      <trkpt lat="45.37941" lon="4.76044">
        <ele>143.8</ele>
      </trkpt>
      <trkpt lat="45.37885" lon="4.76077">
        <ele>144.9</ele>
      </trkpt>
      <trkpt lat="45.3783" lon="4.7611">
        <ele>146.9</ele>
      </trkpt>
      <trkpt lat="45.37759" lon="4.76151">
        <ele>142.5</ele>
      </trkpt>
      <trkpt lat="45.37688" lon="4.76193">
        <ele>141.2</ele>
      </trkpt>
      <trkpt lat="45.37617" lon="4.76235">
        <ele>141.4</ele>
      </trkpt>
      <trkpt lat="45.37552" lon="4.76281">
        <ele>142.5</ele>
      </trkpt>
      <trkpt lat="45.37487" lon="4.76327">
        <ele>142.3</ele>
      </trkpt>
      <trkpt lat="45.37422" lon="4.76374">
        <ele>142.8</ele>
      </trkpt>
      <trkpt lat="45.37363" lon="4.7642">
        <ele>142.2</ele>
      </trkpt>
      <trkpt lat="45.37305" lon="4.76465">
        <ele>139.5</ele>
      </trkpt>
      <trkpt lat="45.37246" lon="4.76511">
        <ele>138.1</ele>
      </trkpt>
      <trkpt lat="45.37187" lon="4.76566">
        <ele>137.7</ele>
      </trkpt>
      <trkpt lat="45.37127" lon="4.7662">
        <ele>138.2</ele>
      </trkpt>
      <trkpt lat="45.37068" lon="4.76674">
        <ele>138.1</ele>
      </trkpt>
      <trkpt lat="45.37002" lon="4.76735">
        <ele>138.0</ele>
      </trkpt>
      <trkpt lat="45.36937" lon="4.76795">
        <ele>139.7</ele>
      </trkpt>
      <trkpt lat="45.36871" lon="4.76856">
        <ele>139.3</ele>
      </trkpt>
      <trkpt lat="45.36805" lon="4.76917">
        <ele>139.0</ele>
      </trkpt>
      <trkpt lat="45.3674" lon="4.76978">
        <ele>138.4</ele>
      </trkpt>
      <trkpt lat="45.36674" lon="4.77038">
        <ele>138.0</ele>
      </trkpt>
      <trkpt lat="45.36608" lon="4.77099">
        <ele>139.5</ele>
      </trkpt>
      <trkpt lat="45.36539" lon="4.77162">
        <ele>138.5</ele>
      </trkpt>
      <trkpt lat="45.36469" lon="4.77225">
        <ele>139.0</ele>
      </trkpt>
      <trkpt lat="45.364" lon="4.77288">
        <ele>139.0</ele>
      </trkpt>
      <trkpt lat="45.36333" lon="4.7735">
        <ele>137.2</ele>
      </trkpt>
      <trkpt lat="45.36265" lon="4.77413">
        <ele>138.8</ele>
      </trkpt>
      <trkpt lat="45.36223" lon="4.77452">
        <ele>138.6</ele>
      </trkpt>
      <trkpt lat="45.36179" lon="4.77492">
        <ele>138.8</ele>
      </trkpt>
      <trkpt lat="45.36131" lon="4.77527">
        <ele>139.5</ele>
      </trkpt>
      <trkpt lat="45.36079" lon="4.77574">
        <ele>137.9</ele>
      </trkpt>
      <trkpt lat="45.36027" lon="4.77622">
        <ele>137.8</ele>
      </trkpt>
      <trkpt lat="45.35974" lon="4.7767">
        <ele>138.6</ele>
      </trkpt>
      <trkpt lat="45.3592" lon="4.77719">
        <ele>139.3</ele>
      </trkpt>
      <trkpt lat="45.35867" lon="4.77767">
        <ele>139.2</ele>
      </trkpt>
      <trkpt lat="45.35796" lon="4.77832">
        <ele>138.6</ele>
      </trkpt>
      <trkpt lat="45.35726" lon="4.77897">
        <ele>137.4</ele>
      </trkpt>
      <trkpt lat="45.35664" lon="4.77947">
        <ele>137.1</ele>
      </trkpt>
      <trkpt lat="45.35602" lon="4.77998">
        <ele>138.2</ele>
      </trkpt>
      <trkpt lat="45.3555" lon="4.78031">
        <ele>138.4</ele>
      </trkpt>
      <trkpt lat="45.35499" lon="4.78064">
        <ele>137.8</ele>
      </trkpt>
      <trkpt lat="45.35452" lon="4.78089">
        <ele>137.6</ele>
      </trkpt>
      <trkpt lat="45.35404" lon="4.78113">
        <ele>137.4</ele>
      </trkpt>
      <trkpt lat="45.35334" lon="4.78141">
        <ele>135.7</ele>
      </trkpt>
      <trkpt lat="45.35326" lon="4.78148">
        <ele>135.9</ele>
      </trkpt>
      <trkpt lat="45.35319" lon="4.78158">
        <ele>136.2</ele>
      </trkpt>
      <trkpt lat="45.35314" lon="4.78167">
        <ele>136.5</ele>
      </trkpt>
      <trkpt lat="45.35304" lon="4.78194">
        <ele>137.5</ele>
      </trkpt>
      <trkpt lat="45.35301" lon="4.782">
        <ele>137.8</ele>
      </trkpt>
      <trkpt lat="45.35294" lon="4.78209">
        <ele>138.6</ele>
      </trkpt>
      <trkpt lat="45.35289" lon="4.78212">
        <ele>139.1</ele>
      </trkpt>
      <trkpt lat="45.35281" lon="4.78215">
        <ele>139.8</ele>
      </trkpt>
      <trkpt lat="45.35274" lon="4.78215">
        <ele>140.3</ele>
      </trkpt>
      <trkpt lat="45.35269" lon="4.78214">
        <ele>140.6</ele>
      </trkpt>
      <trkpt lat="45.35265" lon="4.78211">
        <ele>140.7</ele>
      </trkpt>
      <trkpt lat="45.35242" lon="4.78185">
        <ele>139.6</ele>
      </trkpt>
      <trkpt lat="45.35231" lon="4.78176">
        <ele>138.9</ele>
      </trkpt>
      <trkpt lat="45.3522" lon="4.78172">
        <ele>138.7</ele>
      </trkpt>
      <trkpt lat="45.35209" lon="4.78172">
        <ele>138.8</ele>
      </trkpt>
      <trkpt lat="45.35122" lon="4.78187">
        <ele>138.8</ele>
      </trkpt>
      <trkpt lat="45.35034" lon="4.78202">
        <ele>137.5</ele>
      </trkpt>
      <trkpt lat="45.34956" lon="4.78209">
        <ele>136.2</ele>
      </trkpt>
      <trkpt lat="45.34878" lon="4.78216">
        <ele>136.5</ele>
      </trkpt>
      <trkpt lat="45.348" lon="4.78223">
        <ele>137.7</ele>
      </trkpt>
      <trkpt lat="45.34715" lon="4.78239">
        <ele>137.9</ele>
      </trkpt>
      <trkpt lat="45.3463" lon="4.78255">
        <ele>138.1</ele>
      </trkpt>
      <trkpt lat="45.34545" lon="4.78272">
        <ele>137.9</ele>
      </trkpt>
      <trkpt lat="45.34459" lon="4.78286">
        <ele>136.9</ele>
      </trkpt>
      <trkpt lat="45.34373" lon="4.78299">
        <ele>136.6</ele>
      </trkpt>
      <trkpt lat="45.34287" lon="4.78313">
        <ele>137.2</ele>
      </trkpt>
      <trkpt lat="45.34217" lon="4.78325">
        <ele>137.9</ele>
      </trkpt>
      <trkpt lat="45.34148" lon="4.78337">
        <ele>139.1</ele>
      </trkpt>
      <trkpt lat="45.34084" lon="4.78346">
        <ele>142.4</ele>
      </trkpt>
      <trkpt lat="45.34073" lon="4.7835">
        <ele>142.7</ele>
      </trkpt>
      <trkpt lat="45.34065" lon="4.78357">
        <ele>143.0</ele>
      </trkpt>
      <trkpt lat="45.34059" lon="4.78369">
        <ele>143.5</ele>
      </trkpt>
      <trkpt lat="45.34052" lon="4.78393">
        <ele>144.3</ele>
      </trkpt>
      <trkpt lat="45.3405" lon="4.78417">
        <ele>145.0</ele>
      </trkpt>
      <trkpt lat="45.34046" lon="4.78437">
        <ele>142.8</ele>
      </trkpt>
      <trkpt lat="45.34034" lon="4.78446">
        <ele>141.9</ele>
      </trkpt>
      <trkpt lat="45.34005" lon="4.78449">
        <ele>141.5</ele>
      </trkpt>
      <trkpt lat="45.3399" lon="4.7844">
        <ele>141.9</ele>
      </trkpt>
      <trkpt lat="45.33984" lon="4.78421">
        <ele>143.1</ele>
      </trkpt>
      <trkpt lat="45.33976" lon="4.78372">
        <ele>142.3</ele>
      </trkpt>
      <trkpt lat="45.33971" lon="4.78365">
        <ele>141.9</ele>
      </trkpt>
      <trkpt lat="45.33963" lon="4.78365">
        <ele>141.3</ele>
      </trkpt>
      <trkpt lat="45.33879" lon="4.78379">
        <ele>137.6</ele>
      </trkpt>
      <trkpt lat="45.33795" lon="4.78393">
        <ele>137.5</ele>
      </trkpt>
      <trkpt lat="45.3371" lon="4.78407">
        <ele>137.6</ele>
      </trkpt>
      <trkpt lat="45.33626" lon="4.78421">
        <ele>137.1</ele>
      </trkpt>
      <trkpt lat="45.33542" lon="4.78436">
        <ele>137.4</ele>
      </trkpt>
      <trkpt lat="45.33458" lon="4.7845">
        <ele>137.2</ele>
      </trkpt>
      <trkpt lat="45.33374" lon="4.78464">
        <ele>137.4</ele>
      </trkpt>
      <trkpt lat="45.33289" lon="4.78478">
        <ele>139.0</ele>
      </trkpt>
      <trkpt lat="45.33205" lon="4.78492">
        <ele>137.9</ele>
      </trkpt>
      <trkpt lat="45.33121" lon="4.78506">
        <ele>137.2</ele>
      </trkpt>
      <trkpt lat="45.33037" lon="4.7852">
        <ele>137.7</ele>
      </trkpt>
      <trkpt lat="45.32992" lon="4.78527">
        <ele>138.2</ele>
      </trkpt>
      <trkpt lat="45.32965" lon="4.78529">
        <ele>138.2</ele>
      </trkpt>
      <trkpt lat="45.32956" lon="4.78515">
        <ele>137.9</ele>
      </trkpt>
      <trkpt lat="45.32927" lon="4.78455">
        <ele>137.9</ele>
      </trkpt>
      <trkpt lat="45.32898" lon="4.78395">
        <ele>137.8</ele>
      </trkpt>
      <trkpt lat="45.32885" lon="4.78375">
        <ele>137.6</ele>
      </trkpt>
      <trkpt lat="45.32881" lon="4.78353">
        <ele>137.2</ele>
      </trkpt>
      <trkpt lat="45.32852" lon="4.78258">
        <ele>136.3</ele>
      </trkpt>
      <trkpt lat="45.32823" lon="4.78163">
        <ele>137.0</ele>
      </trkpt>
      <trkpt lat="45.32811" lon="4.78163">
        <ele>137.0</ele>
      </trkpt>
      <trkpt lat="45.32742" lon="4.78191">
        <ele>137.4</ele>
      </trkpt>
      <trkpt lat="45.32674" lon="4.78218">
        <ele>138.3</ele>
      </trkpt>
      <trkpt lat="45.32657" lon="4.78223">
        <ele>138.5</ele>
      </trkpt>
      <trkpt lat="45.32648" lon="4.78224">
        <ele>138.6</ele>
      </trkpt>
      <trkpt lat="45.32637" lon="4.78223">
        <ele>138.8</ele>
      </trkpt>
      <trkpt lat="45.32626" lon="4.78218">
        <ele>139.0</ele>
      </trkpt>
      <trkpt lat="45.32608" lon="4.78198">
        <ele>139.2</ele>
      </trkpt>
      <trkpt lat="45.32591" lon="4.78183">
        <ele>139.2</ele>
      </trkpt>
      <trkpt lat="45.32576" lon="4.78174">
        <ele>139.0</ele>
      </trkpt>
      <trkpt lat="45.32561" lon="4.78168">
        <ele>138.7</ele>
      </trkpt>
      <trkpt lat="45.32549" lon="4.78164">
        <ele>138.6</ele>
      </trkpt>
      <trkpt lat="45.32537" lon="4.78164">
        <ele>138.4</ele>
      </trkpt>
      <trkpt lat="45.32498" lon="4.7817">
        <ele>138.0</ele>
      </trkpt>
      <trkpt lat="45.3248" lon="4.7817">
        <ele>138.0</ele>
      </trkpt>
      <trkpt lat="45.32467" lon="4.78167">
        <ele>138.0</ele>
      </trkpt>
      <trkpt lat="45.3246" lon="4.7816">
        <ele>138.0</ele>
      </trkpt>
      <trkpt lat="45.32447" lon="4.78136">
        <ele>138.2</ele>
      </trkpt>
      <trkpt lat="45.32442" lon="4.78125">
        <ele>138.3</ele>
      </trkpt>
      <trkpt lat="45.32444" lon="4.78124">
        <ele>138.3</ele>
      </trkpt>
      <trkpt lat="45.32446" lon="4.78116">
        <ele>138.4</ele>
      </trkpt>
      <trkpt lat="45.32435" lon="4.7807">
        <ele>138.7</ele>
      </trkpt>
      <trkpt lat="45.32433" lon="4.78064">
        <ele>138.8</ele>
      </trkpt>
      <trkpt lat="45.32431" lon="4.78062">
        <ele>138.8</ele>
      </trkpt>
      <trkpt lat="45.32427" lon="4.78061">
        <ele>138.8</ele>
      </trkpt>
      <trkpt lat="45.32425" lon="4.78063">
        <ele>138.9</ele>
      </trkpt>
      <trkpt lat="45.32423" lon="4.78068">
        <ele>138.9</ele>
      </trkpt>
      <trkpt lat="45.32423" lon="4.78073">
        <ele>138.9</ele>
      </trkpt>
      <trkpt lat="45.32428" lon="4.78094">
        <ele>138.8</ele>
      </trkpt>
      <trkpt lat="45.32427" lon="4.781">
        <ele>138.7</ele>
      </trkpt>
      <trkpt lat="45.32426" lon="4.78105">
        <ele>138.7</ele>
      </trkpt>
      <trkpt lat="45.32422" lon="4.78108">
        <ele>138.7</ele>
      </trkpt>
      <trkpt lat="45.32417" lon="4.78111">
        <ele>138.7</ele>
      </trkpt>
      <trkpt lat="45.32396" lon="4.781">
        <ele>138.9</ele>
      </trkpt>
      <trkpt lat="45.32362" lon="4.78085">
        <ele>139.0</ele>
      </trkpt>
      <trkpt lat="45.32336" lon="4.78074">
        <ele>138.9</ele>
      </trkpt>
      <trkpt lat="45.32308" lon="4.78069">
        <ele>138.9</ele>
      </trkpt>
      <trkpt lat="45.32231" lon="4.78046">
        <ele>138.6</ele>
      </trkpt>
      <trkpt lat="45.32206" lon="4.78033">
        <ele>137.9</ele>
      </trkpt>
      <trkpt lat="45.32171" lon="4.78013">
        <ele>137.1</ele>
      </trkpt>
      <trkpt lat="45.32127" lon="4.77995">
        <ele>137.0</ele>
      </trkpt>
      <trkpt lat="45.3206" lon="4.77963">
        <ele>137.2</ele>
      </trkpt>
      <trkpt lat="45.32006" lon="4.77949">
        <ele>137.4</ele>
      </trkpt>
      <trkpt lat="45.31961" lon="4.77942">
        <ele>136.7</ele>
      </trkpt>
      <trkpt lat="45.31917" lon="4.77934">
        <ele>136.0</ele>
      </trkpt>
      <trkpt lat="45.31856" lon="4.77919">
        <ele>136.0</ele>
      </trkpt>
      <trkpt lat="45.31826" lon="4.7791">
        <ele>136.1</ele>
      </trkpt>
      <trkpt lat="45.31807" lon="4.77902">
        <ele>136.3</ele>
      </trkpt>
      <trkpt lat="45.31752" lon="4.77877">
        <ele>137.0</ele>
      </trkpt>
      <trkpt lat="45.31747" lon="4.77874">
        <ele>137.0</ele>
      </trkpt>
      <trkpt lat="45.31724" lon="4.77852">
        <ele>137.0</ele>
      </trkpt>
      <trkpt lat="45.31697" lon="4.77829">
        <ele>137.1</ele>
      </trkpt>
      <trkpt lat="45.31665" lon="4.77811">
        <ele>137.2</ele>
      </trkpt>
      <trkpt lat="45.31635" lon="4.77798">
        <ele>136.7</ele>
      </trkpt>
      <trkpt lat="45.31598" lon="4.77791">
        <ele>135.9</ele>
      </trkpt>
      <trkpt lat="45.31543" lon="4.77788">
        <ele>135.8</ele>
      </trkpt>
      <trkpt lat="45.315" lon="4.77794">
        <ele>136.0</ele>
      </trkpt>
      <trkpt lat="45.31476" lon="4.778">
        <ele>136.3</ele>
      </trkpt>
      <trkpt lat="45.31462" lon="4.77805">
        <ele>136.5</ele>
      </trkpt>
      <trkpt lat="45.31422" lon="4.77811">
        <ele>136.9</ele>
      </trkpt>
      <trkpt lat="45.314" lon="4.77811">
        <ele>136.9</ele>
      </trkpt>
      <trkpt lat="45.31374" lon="4.77808">
        <ele>136.8</ele>
      </trkpt>
      <trkpt lat="45.31366" lon="4.77807">
        <ele>136.8</ele>
      </trkpt>
      <trkpt lat="45.31347" lon="4.77834">
        <ele>137.0</ele>
      </trkpt>
      <trkpt lat="45.31301" lon="4.77871">
        <ele>136.8</ele>
      </trkpt>
      <trkpt lat="45.31295" lon="4.77879">
        <ele>136.8</ele>
      </trkpt>
      <trkpt lat="45.31295" lon="4.77885">
        <ele>136.8</ele>
      </trkpt>
      <trkpt lat="45.31302" lon="4.77914">
        <ele>137.0</ele>
      </trkpt>
      <trkpt lat="45.31294" lon="4.77938">
        <ele>136.9</ele>
      </trkpt>
      <trkpt lat="45.31275" lon="4.77959">
        <ele>136.6</ele>
      </trkpt>
      <trkpt lat="45.31223" lon="4.78033">
        <ele>137.9</ele>
      </trkpt>
      <trkpt lat="45.31205" lon="4.78067">
        <ele>138.5</ele>
      </trkpt>
      <trkpt lat="45.31174" lon="4.7817">
        <ele>137.8</ele>
      </trkpt>
      <trkpt lat="45.31149" lon="4.78235">
        <ele>136.3</ele>
      </trkpt>
      <trkpt lat="45.31139" lon="4.78267">
        <ele>135.8</ele>
      </trkpt>
      <trkpt lat="45.31126" lon="4.78313">
        <ele>135.2</ele>
      </trkpt>
      <trkpt lat="45.31106" lon="4.78378">
        <ele>135.4</ele>
      </trkpt>
      <trkpt lat="45.311" lon="4.78407">
        <ele>135.7</ele>
      </trkpt>
      <trkpt lat="45.31099" lon="4.78418">
        <ele>135.8</ele>
      </trkpt>
      <trkpt lat="45.311" lon="4.78449">
        <ele>135.2</ele>
      </trkpt>
      <trkpt lat="45.31105" lon="4.78478">
        <ele>134.7</ele>
      </trkpt>
      <trkpt lat="45.31103" lon="4.78486">
        <ele>134.5</ele>
      </trkpt>
      <trkpt lat="45.31049" lon="4.78555">
        <ele>136.2</ele>
      </trkpt>
      <trkpt lat="45.31037" lon="4.7858">
        <ele>138.3</ele>
      </trkpt>
      <trkpt lat="45.31033" lon="4.7861">
        <ele>137.4</ele>
      </trkpt>
      <trkpt lat="45.31017" lon="4.78598">
        <ele>139.5</ele>
      </trkpt>
      <trkpt lat="45.31013" lon="4.78599">
        <ele>139.8</ele>
      </trkpt>
      <trkpt lat="45.31008" lon="4.78603">
        <ele>139.9</ele>
      </trkpt>
      <trkpt lat="45.30967" lon="4.78665">
        <ele>134.9</ele>
      </trkpt>
      <trkpt lat="45.30926" lon="4.78726">
        <ele>132.5</ele>
      </trkpt>
      <trkpt lat="45.3088" lon="4.78792">
        <ele>133.7</ele>
      </trkpt>
      <trkpt lat="45.3087" lon="4.78815">
        <ele>133.6</ele>
      </trkpt>
      <trkpt lat="45.30861" lon="4.78838">
        <ele>133.5</ele>
      </trkpt>
      <trkpt lat="45.30852" lon="4.78859">
        <ele>134.1</ele>
      </trkpt>
      <trkpt lat="45.30837" lon="4.78892">
        <ele>135.1</ele>
      </trkpt>
      <trkpt lat="45.30782" lon="4.78968">
        <ele>136.9</ele>
      </trkpt>
      <trkpt lat="45.30766" lon="4.79003">
        <ele>137.3</ele>
      </trkpt>
      <trkpt lat="45.30761" lon="4.79021">
        <ele>137.6</ele>
      </trkpt>
      <trkpt lat="45.30743" lon="4.79136">
        <ele>138.4</ele>
      </trkpt>
      <trkpt lat="45.30733" lon="4.79184">
        <ele>138.1</ele>
      </trkpt>
      <trkpt lat="45.30733" lon="4.79211">
        <ele>137.8</ele>
      </trkpt>
      <trkpt lat="45.30739" lon="4.79256">
        <ele>137.1</ele>
      </trkpt>
      <trkpt lat="45.30737" lon="4.79353">
        <ele>137.3</ele>
      </trkpt>
      <trkpt lat="45.30738" lon="4.79366">
        <ele>137.6</ele>
      </trkpt>
      <trkpt lat="45.30751" lon="4.79424">
        <ele>138.3</ele>
      </trkpt>
      <trkpt lat="45.30708" lon="4.79455">
        <ele>140.9</ele>
      </trkpt>
      <trkpt lat="45.30666" lon="4.79487">
        <ele>142.6</ele>
      </trkpt>
      <trkpt lat="45.30651" lon="4.79499">
        <ele>142.4</ele>
      </trkpt>
      <trkpt lat="45.30645" lon="4.79506">
        <ele>142.2</ele>
      </trkpt>
      <trkpt lat="45.30639" lon="4.79514">
        <ele>141.9</ele>
      </trkpt>
      <trkpt lat="45.30629" lon="4.79532">
        <ele>141.5</ele>
      </trkpt>
      <trkpt lat="45.30623" lon="4.79556">
        <ele>141.1</ele>
      </trkpt>
      <trkpt lat="45.30621" lon="4.79567">
        <ele>140.9</ele>
      </trkpt>
      <trkpt lat="45.30621" lon="4.79579">
        <ele>140.8</ele>
      </trkpt>
      <trkpt lat="45.30621" lon="4.79592">
        <ele>140.2</ele>
      </trkpt>
      <trkpt lat="45.30622" lon="4.79605">
        <ele>139.4</ele>
      </trkpt>
      <trkpt lat="45.30627" lon="4.79622">
        <ele>138.2</ele>
      </trkpt>
      <trkpt lat="45.30631" lon="4.79633">
        <ele>137.3</ele>
      </trkpt>
      <trkpt lat="45.30662" lon="4.79717">
        <ele>133.9</ele>
      </trkpt>
      <trkpt lat="45.30693" lon="4.79801">
        <ele>135.6</ele>
      </trkpt>
      <trkpt lat="45.30727" lon="4.79892">
        <ele>139.4</ele>
      </trkpt>
      <trkpt lat="45.30761" lon="4.79983">
        <ele>139.4</ele>
      </trkpt>
      <trkpt lat="45.30769" lon="4.80008">
        <ele>138.7</ele>
      </trkpt>
      <trkpt lat="45.30779" lon="4.80046">
        <ele>137.0</ele>
      </trkpt>
      <trkpt lat="45.30784" lon="4.80073">
        <ele>135.9</ele>
      </trkpt>
      <trkpt lat="45.30789" lon="4.80103">
        <ele>135.5</ele>
      </trkpt>
      <trkpt lat="45.30792" lon="4.80134">
        <ele>135.5</ele>
      </trkpt>
      <trkpt lat="45.30794" lon="4.80167">
        <ele>135.5</ele>
      </trkpt>
      <trkpt lat="45.3077" lon="4.80184">
        <ele>135.7</ele>
      </trkpt>
      <trkpt lat="45.30768" lon="4.80175">
        <ele>135.7</ele>
      </trkpt>
      <trkpt lat="45.30767" lon="4.80148">
        <ele>135.7</ele>
      </trkpt>
      <trkpt lat="45.30766" lon="4.80146">
        <ele>135.7</ele>
      </trkpt>
      <trkpt lat="45.30764" lon="4.80146">
        <ele>135.7</ele>
      </trkpt>
      <trkpt lat="45.30748" lon="4.80156">
        <ele>136.0</ele>
      </trkpt>
      <trkpt lat="45.30702" lon="4.80189">
        <ele>137.2</ele>
      </trkpt>
      <trkpt lat="45.30655" lon="4.80222">
        <ele>137.2</ele>
      </trkpt>
      <trkpt lat="45.30584" lon="4.80275">
        <ele>137.4</ele>
      </trkpt>
      <trkpt lat="45.30513" lon="4.80327">
        <ele>137.8</ele>
      </trkpt>
      <trkpt lat="45.30442" lon="4.8038">
        <ele>138.2</ele>
      </trkpt>
      <trkpt lat="45.30418" lon="4.80392">
        <ele>138.7</ele>
      </trkpt>
      <trkpt lat="45.30397" lon="4.80397">
        <ele>138.1</ele>
      </trkpt>
      <trkpt lat="45.30377" lon="4.80396">
        <ele>137.5</ele>
      </trkpt>
      <trkpt lat="45.30361" lon="4.8039">
        <ele>136.9</ele>
      </trkpt>
      <trkpt lat="45.30299" lon="4.80334">
        <ele>136.0</ele>
      </trkpt>
      <trkpt lat="45.30247" lon="4.80308">
        <ele>135.4</ele>
      </trkpt>
      <trkpt lat="45.30209" lon="4.80302">
        <ele>135.1</ele>
      </trkpt>
      <trkpt lat="45.30183" lon="4.80309">
        <ele>135.2</ele>
      </trkpt>
      <trkpt lat="45.30164" lon="4.80319">
        <ele>135.4</ele>
      </trkpt>
      <trkpt lat="45.30148" lon="4.80336">
        <ele>135.4</ele>
      </trkpt>
      <trkpt lat="45.30105" lon="4.80379">
        <ele>135.0</ele>
      </trkpt>
      <trkpt lat="45.30052" lon="4.80433">
        <ele>135.0</ele>
      </trkpt>
      <trkpt lat="45.29999" lon="4.80487">
        <ele>134.7</ele>
      </trkpt>
      <trkpt lat="45.29947" lon="4.80541">
        <ele>135.7</ele>
      </trkpt>
      <trkpt lat="45.29903" lon="4.80588">
        <ele>135.8</ele>
      </trkpt>
      <trkpt lat="45.29859" lon="4.80635">
        <ele>135.7</ele>
      </trkpt>
      <trkpt lat="45.29842" lon="4.80653">
        <ele>135.2</ele>
      </trkpt>
      <trkpt lat="45.29822" lon="4.80675">
        <ele>135.0</ele>
      </trkpt>
      <trkpt lat="45.2978" lon="4.80719">
        <ele>134.8</ele>
      </trkpt>
      <trkpt lat="45.29739" lon="4.80763">
        <ele>134.7</ele>
      </trkpt>
      <trkpt lat="45.2969" lon="4.80808">
        <ele>135.5</ele>
      </trkpt>
      <trkpt lat="45.29642" lon="4.80853">
        <ele>135.5</ele>
      </trkpt>
      <trkpt lat="45.29573" lon="4.809">
        <ele>135.7</ele>
      </trkpt>
      <trkpt lat="45.29504" lon="4.80947">
        <ele>133.4</ele>
      </trkpt>
      <trkpt lat="45.29462" lon="4.80969">
        <ele>133.5</ele>
      </trkpt>
      <trkpt lat="45.29419" lon="4.80991">
        <ele>133.0</ele>
      </trkpt>
      <trkpt lat="45.29342" lon="4.81022">
        <ele>134.7</ele>
      </trkpt>
      <trkpt lat="45.29326" lon="4.81035">
        <ele>135.1</ele>
      </trkpt>
      <trkpt lat="45.29313" lon="4.81043">
        <ele>135.2</ele>
      </trkpt>
      <trkpt lat="45.29281" lon="4.81054">
        <ele>134.9</ele>
      </trkpt>
      <trkpt lat="45.29248" lon="4.81064">
        <ele>134.5</ele>
      </trkpt>
      <trkpt lat="45.29219" lon="4.81077">
        <ele>134.2</ele>
      </trkpt>
      <trkpt lat="45.29196" lon="4.81085">
        <ele>133.8</ele>
      </trkpt>
      <trkpt lat="45.29154" lon="4.81092">
        <ele>133.2</ele>
      </trkpt>
      <trkpt lat="45.29076" lon="4.81101">
        <ele>132.9</ele>
      </trkpt>
      <trkpt lat="45.29019" lon="4.81109">
        <ele>133.8</ele>
      </trkpt>
      <trkpt lat="45.28954" lon="4.81113">
        <ele>134.5</ele>
      </trkpt>
      <trkpt lat="45.28889" lon="4.81117">
        <ele>135.0</ele>
      </trkpt>
      <trkpt lat="45.28825" lon="4.8112">
        <ele>135.2</ele>
      </trkpt>
      <trkpt lat="45.28771" lon="4.81115">
        <ele>134.6</ele>
      </trkpt>
      <trkpt lat="45.28696" lon="4.8112">
        <ele>134.2</ele>
      </trkpt>
      <trkpt lat="45.2862" lon="4.81124">
        <ele>135.6</ele>
      </trkpt>
      <trkpt lat="45.28604" lon="4.81122">
        <ele>136.0</ele>
      </trkpt>
      <trkpt lat="45.28582" lon="4.81112">
        <ele>135.8</ele>
      </trkpt>
      <trkpt lat="45.28506" lon="4.81109">
        <ele>135.8</ele>
      </trkpt>
      <trkpt lat="45.28474" lon="4.81105">
        <ele>135.2</ele>
      </trkpt>
      <trkpt lat="45.28415" lon="4.81102">
        <ele>134.7</ele>
      </trkpt>
      <trkpt lat="45.28405" lon="4.81107">
        <ele>135.2</ele>
      </trkpt>
      <trkpt lat="45.28394" lon="4.8111">
        <ele>135.4</ele>
      </trkpt>
      <trkpt lat="45.28334" lon="4.81115">
        <ele>135.3</ele>
      </trkpt>
      <trkpt lat="45.28302" lon="4.8112">
        <ele>135.7</ele>
      </trkpt>
      <trkpt lat="45.28268" lon="4.81124">
        <ele>135.9</ele>
      </trkpt>
      <trkpt lat="45.28209" lon="4.81136">
        <ele>136.8</ele>
      </trkpt>
      <trkpt lat="45.28176" lon="4.81137">
        <ele>136.9</ele>
      </trkpt>
      <trkpt lat="45.28108" lon="4.8115">
        <ele>137.8</ele>
      </trkpt>
      <trkpt lat="45.2808" lon="4.81153">
        <ele>137.9</ele>
      </trkpt>
      <trkpt lat="45.28045" lon="4.81161">
        <ele>137.8</ele>
      </trkpt>
      <trkpt lat="45.2801" lon="4.81164">
        <ele>137.1</ele>
      </trkpt>
      <trkpt lat="45.27994" lon="4.8117">
        <ele>137.1</ele>
      </trkpt>
      <trkpt lat="45.27971" lon="4.81172">
        <ele>136.9</ele>
      </trkpt>
      <trkpt lat="45.27946" lon="4.8118">
        <ele>137.1</ele>
      </trkpt>
      <trkpt lat="45.27936" lon="4.81185">
        <ele>137.3</ele>
      </trkpt>
      <trkpt lat="45.27916" lon="4.81185">
        <ele>137.1</ele>
      </trkpt>
      <trkpt lat="45.27869" lon="4.8118">
        <ele>136.4</ele>
      </trkpt>
      <trkpt lat="45.27799" lon="4.81181">
        <ele>136.3</ele>
      </trkpt>
      <trkpt lat="45.27755" lon="4.81175">
        <ele>136.2</ele>
      </trkpt>
      <trkpt lat="45.27746" lon="4.81175">
        <ele>136.3</ele>
      </trkpt>
      <trkpt lat="45.27724" lon="4.81183">
        <ele>136.4</ele>
      </trkpt>
      <trkpt lat="45.27695" lon="4.81178">
        <ele>135.9</ele>
      </trkpt>
      <trkpt lat="45.27659" lon="4.81178">
        <ele>135.5</ele>
      </trkpt>
      <trkpt lat="45.27607" lon="4.81177">
        <ele>134.4</ele>
      </trkpt>
      <trkpt lat="45.27556" lon="4.81176">
        <ele>134.4</ele>
      </trkpt>
      <trkpt lat="45.27537" lon="4.81179">
        <ele>135.0</ele>
      </trkpt>
      <trkpt lat="45.27518" lon="4.81173">
        <ele>135.0</ele>
      </trkpt>
      <trkpt lat="45.27484" lon="4.8117">
        <ele>135.4</ele>
      </trkpt>
      <trkpt lat="45.27476" lon="4.81172">
        <ele>135.6</ele>
      </trkpt>
      <trkpt lat="45.2745" lon="4.81173">
        <ele>136.0</ele>
      </trkpt>
      <trkpt lat="45.27409" lon="4.81171">
        <ele>136.2</ele>
      </trkpt>
      <trkpt lat="45.27362" lon="4.81174">
        <ele>135.8</ele>
      </trkpt>
      <trkpt lat="45.27309" lon="4.81179">
        <ele>135.8</ele>
      </trkpt>
      <trkpt lat="45.27256" lon="4.81184">
        <ele>136.1</ele>
      </trkpt>
      <trkpt lat="45.272" lon="4.81187">
        <ele>136.1</ele>
      </trkpt>
      <trkpt lat="45.2719" lon="4.81188">
        <ele>136.1</ele>
      </trkpt>
      <trkpt lat="45.27175" lon="4.81186">
        <ele>136.0</ele>
      </trkpt>
      <trkpt lat="45.27173" lon="4.81186">
        <ele>136.0</ele>
      </trkpt>
      <trkpt lat="45.27172" lon="4.81191">
        <ele>136.2</ele>
      </trkpt>
      <trkpt lat="45.27159" lon="4.81189">
        <ele>135.9</ele>
      </trkpt>
      <trkpt lat="45.27133" lon="4.81187">
        <ele>135.1</ele>
      </trkpt>
      <trkpt lat="45.27076" lon="4.81196">
        <ele>133.8</ele>
      </trkpt>
      <trkpt lat="45.27036" lon="4.81199">
        <ele>132.6</ele>
      </trkpt>
      <trkpt lat="45.27015" lon="4.81199">
        <ele>131.9</ele>
      </trkpt>
      <trkpt lat="45.27006" lon="4.81198">
        <ele>131.6</ele>
      </trkpt>
      <trkpt lat="45.26986" lon="4.81192">
        <ele>131.4</ele>
      </trkpt>
      <trkpt lat="45.26978" lon="4.81192">
        <ele>131.5</ele>
      </trkpt>
      <trkpt lat="45.26971" lon="4.81196">
        <ele>131.6</ele>
      </trkpt>
      <trkpt lat="45.26969" lon="4.812">
        <ele>131.6</ele>
      </trkpt>
      <trkpt lat="45.26955" lon="4.81197">
        <ele>131.7</ele>
      </trkpt>
      <trkpt lat="45.26927" lon="4.81196">
        <ele>131.9</ele>
      </trkpt>
      <trkpt lat="45.26884" lon="4.812">
        <ele>132.5</ele>
      </trkpt>
      <trkpt lat="45.26833" lon="4.81209">
        <ele>133.0</ele>
      </trkpt>
      <trkpt lat="45.26783" lon="4.81218">
        <ele>132.5</ele>
      </trkpt>
      <trkpt lat="45.26751" lon="4.81224">
        <ele>132.3</ele>
      </trkpt>
      <trkpt lat="45.2673" lon="4.81229">
        <ele>132.2</ele>
      </trkpt>
      <trkpt lat="45.26715" lon="4.81236">
        <ele>132.1</ele>
      </trkpt>
      <trkpt lat="45.26654" lon="4.81268">
        <ele>132.0</ele>
      </trkpt>
      <trkpt lat="45.26641" lon="4.81273">
        <ele>132.1</ele>
      </trkpt>
      <trkpt lat="45.26636" lon="4.81273">
        <ele>132.1</ele>
      </trkpt>
      <trkpt lat="45.26628" lon="4.81273">
        <ele>132.1</ele>
      </trkpt>
      <trkpt lat="45.2662" lon="4.81274">
        <ele>132.2</ele>
      </trkpt>
      <trkpt lat="45.26604" lon="4.81271">
        <ele>132.2</ele>
      </trkpt>
      <trkpt lat="45.26589" lon="4.81265">
        <ele>132.2</ele>
      </trkpt>
      <trkpt lat="45.26556" lon="4.81247">
        <ele>132.3</ele>
      </trkpt>
      <trkpt lat="45.26541" lon="4.81241">
        <ele>132.5</ele>
      </trkpt>
      <trkpt lat="45.26507" lon="4.81234">
        <ele>132.7</ele>
      </trkpt>
      <trkpt lat="45.26421" lon="4.81222">
        <ele>132.7</ele>
      </trkpt>
      <trkpt lat="45.26388" lon="4.81222">
        <ele>132.4</ele>
      </trkpt>
      <trkpt lat="45.26339" lon="4.81226">
        <ele>132.0</ele>
      </trkpt>
      <trkpt lat="45.26283" lon="4.81218">
        <ele>132.0</ele>
      </trkpt>
      <trkpt lat="45.26228" lon="4.8121">
        <ele>132.1</ele>
      </trkpt>
      <trkpt lat="45.2619" lon="4.81196">
        <ele>132.5</ele>
      </trkpt>
      <trkpt lat="45.26128" lon="4.8118">
        <ele>132.5</ele>
      </trkpt>
      <trkpt lat="45.26066" lon="4.81163">
        <ele>133.1</ele>
      </trkpt>
      <trkpt lat="45.26038" lon="4.81154">
        <ele>134.6</ele>
      </trkpt>
      <trkpt lat="45.25981" lon="4.81122">
        <ele>135.0</ele>
      </trkpt>
      <trkpt lat="45.25936" lon="4.81099">
        <ele>133.5</ele>
      </trkpt>
      <trkpt lat="45.25891" lon="4.81077">
        <ele>132.9</ele>
      </trkpt>
      <trkpt lat="45.25847" lon="4.81061">
        <ele>132.7</ele>
      </trkpt>
      <trkpt lat="45.25807" lon="4.81043">
        <ele>132.3</ele>
      </trkpt>
      <trkpt lat="45.25758" lon="4.81027">
        <ele>132.0</ele>
      </trkpt>
      <trkpt lat="45.25705" lon="4.80994">
        <ele>131.9</ele>
      </trkpt>
      <trkpt lat="45.25665" lon="4.80974">
        <ele>131.7</ele>
      </trkpt>
      <trkpt lat="45.25608" lon="4.80952">
        <ele>131.5</ele>
      </trkpt>
      <trkpt lat="45.25551" lon="4.8093">
        <ele>131.1</ele>
      </trkpt>
      <trkpt lat="45.25508" lon="4.80912">
        <ele>130.3</ele>
      </trkpt>
      <trkpt lat="45.25482" lon="4.80905">
        <ele>130.8</ele>
      </trkpt>
      <trkpt lat="45.25442" lon="4.80901">
        <ele>131.8</ele>
      </trkpt>
      <trkpt lat="45.25434" lon="4.809">
        <ele>132.0</ele>
      </trkpt>
      <trkpt lat="45.2542" lon="4.809">
        <ele>132.3</ele>
      </trkpt>
      <trkpt lat="45.2541" lon="4.80898">
        <ele>132.4</ele>
      </trkpt>
      <trkpt lat="45.25389" lon="4.8089">
        <ele>132.3</ele>
      </trkpt>
      <trkpt lat="45.25381" lon="4.80888">
        <ele>132.3</ele>
      </trkpt>
      <trkpt lat="45.25372" lon="4.8089">
        <ele>132.4</ele>
      </trkpt>
      <trkpt lat="45.25368" lon="4.80893">
        <ele>132.6</ele>
      </trkpt>
      <trkpt lat="45.25365" lon="4.809">
        <ele>132.9</ele>
      </trkpt>
      <trkpt lat="45.25357" lon="4.80919">
        <ele>133.8</ele>
      </trkpt>
      <trkpt lat="45.25349" lon="4.8093">
        <ele>134.5</ele>
      </trkpt>
      <trkpt lat="45.25331" lon="4.80945">
        <ele>135.8</ele>
      </trkpt>
      <trkpt lat="45.25317" lon="4.80952">
        <ele>136.5</ele>
      </trkpt>
      <trkpt lat="45.25274" lon="4.80964">
        <ele>137.7</ele>
      </trkpt>
      <trkpt lat="45.25255" lon="4.80965">
        <ele>138.1</ele>
      </trkpt>
      <trkpt lat="45.25228" lon="4.80967">
        <ele>137.9</ele>
      </trkpt>
      <trkpt lat="45.25221" lon="4.80971">
        <ele>137.8</ele>
      </trkpt>
      <trkpt lat="45.25216" lon="4.8098">
        <ele>137.9</ele>
      </trkpt>
      <trkpt lat="45.25214" lon="4.8099">
        <ele>138.0</ele>
      </trkpt>
      <trkpt lat="45.25212" lon="4.81038">
        <ele>138.8</ele>
      </trkpt>
      <trkpt lat="45.25206" lon="4.81055">
        <ele>138.9</ele>
      </trkpt>
      <trkpt lat="45.25195" lon="4.8107">
        <ele>138.8</ele>
      </trkpt>
      <trkpt lat="45.25165" lon="4.81097">
        <ele>137.6</ele>
      </trkpt>
      <trkpt lat="45.25153" lon="4.81112">
        <ele>137.2</ele>
      </trkpt>
      <trkpt lat="45.25124" lon="4.81086">
        <ele>137.0</ele>
      </trkpt>
      <trkpt lat="45.25076" lon="4.81047">
        <ele>136.0</ele>
      </trkpt>
      <trkpt lat="45.25029" lon="4.81012">
        <ele>136.6</ele>
      </trkpt>
      <trkpt lat="45.24982" lon="4.80977">
        <ele>136.8</ele>
      </trkpt>
      <trkpt lat="45.24966" lon="4.80957">
        <ele>136.8</ele>
      </trkpt>
      <trkpt lat="45.24918" lon="4.80925">
        <ele>136.9</ele>
      </trkpt>
      <trkpt lat="45.24871" lon="4.80893">
        <ele>136.3</ele>
      </trkpt>
      <trkpt lat="45.24824" lon="4.80859">
        <ele>136.0</ele>
      </trkpt>
      <trkpt lat="45.24777" lon="4.80825">
        <ele>136.0</ele>
      </trkpt>
      <trkpt lat="45.24711" lon="4.80775">
        <ele>135.8</ele>
      </trkpt>
      <trkpt lat="45.24645" lon="4.80725">
        <ele>136.5</ele>
      </trkpt>
      <trkpt lat="45.24579" lon="4.80676">
        <ele>137.1</ele>
      </trkpt>
      <trkpt lat="45.24557" lon="4.80662">
        <ele>137.3</ele>
      </trkpt>
      <trkpt lat="45.24469" lon="4.80635">
        <ele>138.5</ele>
      </trkpt>
      <trkpt lat="45.24382" lon="4.80609">
        <ele>138.8</ele>
      </trkpt>
      <trkpt lat="45.24295" lon="4.80583">
        <ele>137.0</ele>
      </trkpt>
      <trkpt lat="45.2422" lon="4.80557">
        <ele>136.9</ele>
      </trkpt>
      <trkpt lat="45.24213" lon="4.80556">
        <ele>136.9</ele>
      </trkpt>
      <trkpt lat="45.24149" lon="4.80551">
        <ele>136.7</ele>
      </trkpt>
      <trkpt lat="45.24093" lon="4.8055">
        <ele>137.0</ele>
      </trkpt>
      <trkpt lat="45.24037" lon="4.80549">
        <ele>135.9</ele>
      </trkpt>
      <trkpt lat="45.23985" lon="4.8055">
        <ele>134.7</ele>
      </trkpt>
      <trkpt lat="45.23975" lon="4.80553">
        <ele>134.5</ele>
      </trkpt>
      <trkpt lat="45.23968" lon="4.80559">
        <ele>134.3</ele>
      </trkpt>
      <trkpt lat="45.23954" lon="4.80575">
        <ele>133.9</ele>
      </trkpt>
      <trkpt lat="45.23913" lon="4.80627">
        <ele>132.4</ele>
      </trkpt>
      <trkpt lat="45.23904" lon="4.80635">
        <ele>132.0</ele>
      </trkpt>
      <trkpt lat="45.23885" lon="4.80646">
        <ele>131.4</ele>
      </trkpt>
      <trkpt lat="45.23874" lon="4.80652">
        <ele>131.1</ele>
      </trkpt>
      <trkpt lat="45.23853" lon="4.80659">
        <ele>130.5</ele>
      </trkpt>
      <trkpt lat="45.23849" lon="4.80648">
        <ele>130.4</ele>
      </trkpt>
      <trkpt lat="45.23839" lon="4.80637">
        <ele>130.2</ele>
      </trkpt>
      <trkpt lat="45.23794" lon="4.80593">
        <ele>130.5</ele>
      </trkpt>
      <trkpt lat="45.23749" lon="4.80548">
        <ele>131.0</ele>
      </trkpt>
      <trkpt lat="45.23702" lon="4.8052">
        <ele>131.0</ele>
      </trkpt>
      <trkpt lat="45.23617" lon="4.80491">
        <ele>131.4</ele>
      </trkpt>
      <trkpt lat="45.23543" lon="4.80474">
        <ele>131.1</ele>
      </trkpt>
      <trkpt lat="45.23469" lon="4.80457">
        <ele>130.0</ele>
      </trkpt>
      <trkpt lat="45.23395" lon="4.80439">
        <ele>129.9</ele>
      </trkpt>
      <trkpt lat="45.23322" lon="4.80422">
        <ele>130.4</ele>
      </trkpt>
      <trkpt lat="45.23291" lon="4.80424">
        <ele>131.5</ele>
      </trkpt>
      <trkpt lat="45.23262" lon="4.80436">
        <ele>132.7</ele>
      </trkpt>
      <trkpt lat="45.23193" lon="4.80433">
        <ele>132.9</ele>
      </trkpt>
      <trkpt lat="45.23124" lon="4.8043">
        <ele>131.9</ele>
      </trkpt>
      <trkpt lat="45.23081" lon="4.8042">
        <ele>131.1</ele>
      </trkpt>
      <trkpt lat="45.23064" lon="4.80426">
        <ele>131.3</ele>
      </trkpt>
      <trkpt lat="45.23024" lon="4.80409">
        <ele>131.5</ele>
      </trkpt>
      <trkpt lat="45.2297" lon="4.80407">
        <ele>131.6</ele>
      </trkpt>
      <trkpt lat="45.22916" lon="4.80404">
        <ele>131.5</ele>
      </trkpt>
      <trkpt lat="45.22833" lon="4.80413">
        <ele>130.9</ele>
      </trkpt>
      <trkpt lat="45.22745" lon="4.80441">
        <ele>132.2</ele>
      </trkpt>
      <trkpt lat="45.22672" lon="4.80469">
        <ele>129.8</ele>
      </trkpt>
      <trkpt lat="45.22599" lon="4.80498">
        <ele>130.0</ele>
      </trkpt>
      <trkpt lat="45.22546" lon="4.80531">
        <ele>129.1</ele>
      </trkpt>
      <trkpt lat="45.22472" lon="4.8057">
        <ele>127.7</ele>
      </trkpt>
      <trkpt lat="45.22398" lon="4.80609">
        <ele>127.9</ele>
      </trkpt>
      <trkpt lat="45.22324" lon="4.80649">
        <ele>129.3</ele>
      </trkpt>
      <trkpt lat="45.22267" lon="4.80676">
        <ele>127.7</ele>
      </trkpt>
      <trkpt lat="45.22211" lon="4.80702">
        <ele>127.7</ele>
      </trkpt>
      <trkpt lat="45.22141" lon="4.80734">
        <ele>127.8</ele>
      </trkpt>
      <trkpt lat="45.22092" lon="4.80758">
        <ele>127.2</ele>
      </trkpt>
      <trkpt lat="45.22042" lon="4.80783">
        <ele>127.2</ele>
      </trkpt>
      <trkpt lat="45.22018" lon="4.80788">
        <ele>127.1</ele>
      </trkpt>
      <trkpt lat="45.21951" lon="4.80812">
        <ele>127.9</ele>
      </trkpt>
      <trkpt lat="45.21933" lon="4.80816">
        <ele>128.3</ele>
      </trkpt>
      <trkpt lat="45.21911" lon="4.80829">
        <ele>129.1</ele>
      </trkpt>
      <trkpt lat="45.21898" lon="4.80845">
        <ele>129.6</ele>
      </trkpt>
      <trkpt lat="45.21893" lon="4.80846">
        <ele>129.8</ele>
      </trkpt>
      <trkpt lat="45.21883" lon="4.80844">
        <ele>130.2</ele>
      </trkpt>
      <trkpt lat="45.21863" lon="4.80843">
        <ele>131.0</ele>
      </trkpt>
      <trkpt lat="45.2178" lon="4.80863">
        <ele>131.5</ele>
      </trkpt>
      <trkpt lat="45.21698" lon="4.80883">
        <ele>131.0</ele>
      </trkpt>
      <trkpt lat="45.21648" lon="4.80894">
        <ele>131.2</ele>
      </trkpt>
      <trkpt lat="45.21599" lon="4.80904">
        <ele>131.4</ele>
      </trkpt>
      <trkpt lat="45.21564" lon="4.80914">
        <ele>131.6</ele>
      </trkpt>
      <trkpt lat="45.2154" lon="4.80918">
        <ele>131.6</ele>
      </trkpt>
      <trkpt lat="45.21502" lon="4.80923">
        <ele>131.5</ele>
      </trkpt>
      <trkpt lat="45.21452" lon="4.8094">
        <ele>132.0</ele>
      </trkpt>
      <trkpt lat="45.21393" lon="4.80955">
        <ele>130.9</ele>
      </trkpt>
      <trkpt lat="45.21351" lon="4.80968">
        <ele>129.6</ele>
      </trkpt>
      <trkpt lat="45.2131" lon="4.80978">
        <ele>129.2</ele>
      </trkpt>
      <trkpt lat="45.21258" lon="4.80988">
        <ele>129.6</ele>
      </trkpt>
      <trkpt lat="45.21216" lon="4.81003">
        <ele>129.3</ele>
      </trkpt>
      <trkpt lat="45.21158" lon="4.81026">
        <ele>129.2</ele>
      </trkpt>
      <trkpt lat="45.21077" lon="4.81066">
        <ele>131.4</ele>
      </trkpt>
      <trkpt lat="45.20995" lon="4.81106">
        <ele>127.8</ele>
      </trkpt>
      <trkpt lat="45.20949" lon="4.81133">
        <ele>128.8</ele>
      </trkpt>
      <trkpt lat="45.20902" lon="4.81161">
        <ele>130.0</ele>
      </trkpt>
      <trkpt lat="45.20848" lon="4.8122">
        <ele>129.5</ele>
      </trkpt>
      <trkpt lat="45.20785" lon="4.81257">
        <ele>128.1</ele>
      </trkpt>
      <trkpt lat="45.2072" lon="4.81282">
        <ele>128.2</ele>
      </trkpt>
      <trkpt lat="45.20639" lon="4.81328">
        <ele>129.2</ele>
      </trkpt>
      <trkpt lat="45.20613" lon="4.81351">
        <ele>129.9</ele>
      </trkpt>
      <trkpt lat="45.2057" lon="4.81358">
        <ele>129.9</ele>
      </trkpt>
      <trkpt lat="45.20562" lon="4.81385">
        <ele>130.2</ele>
      </trkpt>
      <trkpt lat="45.20503" lon="4.81389">
        <ele>129.1</ele>
      </trkpt>
      <trkpt lat="45.20443" lon="4.81393">
        <ele>129.6</ele>
      </trkpt>
      <trkpt lat="45.2039" lon="4.81392">
        <ele>129.6</ele>
      </trkpt>
      <trkpt lat="45.20336" lon="4.81392">
        <ele>129.1</ele>
      </trkpt>
      <trkpt lat="45.20312" lon="4.81384">
        <ele>129.4</ele>
      </trkpt>
      <trkpt lat="45.20285" lon="4.81371">
        <ele>129.8</ele>
      </trkpt>
      <trkpt lat="45.20256" lon="4.81348">
        <ele>130.2</ele>
      </trkpt>
      <trkpt lat="45.20233" lon="4.81339">
        <ele>130.4</ele>
      </trkpt>
      <trkpt lat="45.20217" lon="4.81328">
        <ele>130.2</ele>
      </trkpt>
      <trkpt lat="45.20183" lon="4.81297">
        <ele>129.2</ele>
      </trkpt>
      <trkpt lat="45.20162" lon="4.81269">
        <ele>128.8</ele>
      </trkpt>
      <trkpt lat="45.20125" lon="4.81215">
        <ele>134.2</ele>
      </trkpt>
      <trkpt lat="45.20101" lon="4.81185">
        <ele>136.6</ele>
      </trkpt>
      <trkpt lat="45.20063" lon="4.81111">
        <ele>133.7</ele>
      </trkpt>
      <trkpt lat="45.20021" lon="4.81024">
        <ele>130.0</ele>
      </trkpt>
      <trkpt lat="45.19994" lon="4.80975">
        <ele>127.9</ele>
      </trkpt>
      <trkpt lat="45.19964" lon="4.80929">
        <ele>130.8</ele>
      </trkpt>
      <trkpt lat="45.19933" lon="4.80889">
        <ele>131.3</ele>
      </trkpt>
      <trkpt lat="45.19904" lon="4.80861">
        <ele>130.6</ele>
      </trkpt>
      <trkpt lat="45.19891" lon="4.80844">
        <ele>130.1</ele>
      </trkpt>
      <trkpt lat="45.1987" lon="4.80814">
        <ele>130.0</ele>
      </trkpt>
      <trkpt lat="45.19851" lon="4.80799">
        <ele>130.3</ele>
      </trkpt>
      <trkpt lat="45.19803" lon="4.80785">
        <ele>130.6</ele>
      </trkpt>
      <trkpt lat="45.19766" lon="4.80785">
        <ele>131.3</ele>
      </trkpt>
      <trkpt lat="45.19742" lon="4.80782">
        <ele>131.0</ele>
      </trkpt>
      <trkpt lat="45.1972" lon="4.80772">
        <ele>129.5</ele>
      </trkpt>
      <trkpt lat="45.19652" lon="4.80766">
        <ele>128.5</ele>
      </trkpt>
      <trkpt lat="45.19623" lon="4.80763">
        <ele>128.7</ele>
      </trkpt>
      <trkpt lat="45.19608" lon="4.80763">
        <ele>128.8</ele>
      </trkpt>
      <trkpt lat="45.19576" lon="4.80763">
        <ele>129.1</ele>
      </trkpt>
      <trkpt lat="45.19506" lon="4.80767">
        <ele>129.0</ele>
      </trkpt>
      <trkpt lat="45.19481" lon="4.80755">
        <ele>129.2</ele>
      </trkpt>
      <trkpt lat="45.19473" lon="4.80755">
        <ele>129.3</ele>
      </trkpt>
      <trkpt lat="45.19428" lon="4.80764">
        <ele>130.0</ele>
      </trkpt>
      <trkpt lat="45.1938" lon="4.80781">
        <ele>129.2</ele>
      </trkpt>
      <trkpt lat="45.19329" lon="4.80802">
        <ele>128.2</ele>
      </trkpt>
      <trkpt lat="45.19257" lon="4.80852">
        <ele>128.5</ele>
      </trkpt>
      <trkpt lat="45.19185" lon="4.80902">
        <ele>130.1</ele>
      </trkpt>
      <trkpt lat="45.19113" lon="4.80951">
        <ele>129.8</ele>
      </trkpt>
      <trkpt lat="45.1904" lon="4.81001">
        <ele>131.0</ele>
      </trkpt>
      <trkpt lat="45.18968" lon="4.81051">
        <ele>129.6</ele>
      </trkpt>
      <trkpt lat="45.18896" lon="4.81101">
        <ele>129.4</ele>
      </trkpt>
      <trkpt lat="45.18854" lon="4.81126">
        <ele>128.9</ele>
      </trkpt>
      <trkpt lat="45.18813" lon="4.81152">
        <ele>128.9</ele>
      </trkpt>
      <trkpt lat="45.18754" lon="4.81183">
        <ele>128.3</ele>
      </trkpt>
      <trkpt lat="45.18696" lon="4.81215">
        <ele>130.5</ele>
      </trkpt>
      <trkpt lat="45.18675" lon="4.81227">
        <ele>131.4</ele>
      </trkpt>
      <trkpt lat="45.18671" lon="4.81234">
        <ele>131.9</ele>
      </trkpt>
      <trkpt lat="45.18671" lon="4.8124">
        <ele>132.3</ele>
      </trkpt>
      <trkpt lat="45.1862" lon="4.81264">
        <ele>130.6</ele>
      </trkpt>
      <trkpt lat="45.18574" lon="4.81288">
        <ele>130.6</ele>
      </trkpt>
      <trkpt lat="45.18529" lon="4.81312">
        <ele>132.4</ele>
      </trkpt>
      <trkpt lat="45.18449" lon="4.81362">
        <ele>131.9</ele>
      </trkpt>
      <trkpt lat="45.18458" lon="4.81384">
        <ele>134.1</ele>
      </trkpt>
      <trkpt lat="45.18457" lon="4.81388">
        <ele>134.4</ele>
      </trkpt>
      <trkpt lat="45.18445" lon="4.81381">
        <ele>133.2</ele>
      </trkpt>
      <trkpt lat="45.18445" lon="4.81376">
        <ele>132.8</ele>
      </trkpt>
      <trkpt lat="45.18443" lon="4.81372">
        <ele>132.3</ele>
      </trkpt>
      <trkpt lat="45.18441" lon="4.81368">
        <ele>131.9</ele>
      </trkpt>
      <trkpt lat="45.18439" lon="4.81362">
        <ele>131.3</ele>
      </trkpt>
      <trkpt lat="45.18435" lon="4.81347">
        <ele>129.7</ele>
      </trkpt>
      <trkpt lat="45.18421" lon="4.81276">
        <ele>127.1</ele>
      </trkpt>
      <trkpt lat="45.18408" lon="4.81205">
        <ele>127.0</ele>
      </trkpt>
      <trkpt lat="45.18393" lon="4.81126">
        <ele>127.8</ele>
      </trkpt>
      <trkpt lat="45.18378" lon="4.81048">
        <ele>130.7</ele>
      </trkpt>
      <trkpt lat="45.18372" lon="4.81012">
        <ele>131.8</ele>
      </trkpt>
      <trkpt lat="45.18367" lon="4.8098">
        <ele>131.7</ele>
      </trkpt>
      <trkpt lat="45.18366" lon="4.80944">
        <ele>130.9</ele>
      </trkpt>
      <trkpt lat="45.18365" lon="4.80929">
        <ele>130.5</ele>
      </trkpt>
      <trkpt lat="45.18367" lon="4.809">
        <ele>130.0</ele>
      </trkpt>
      <trkpt lat="45.18373" lon="4.80852">
        <ele>129.2</ele>
      </trkpt>
      <trkpt lat="45.18362" lon="4.80865">
        <ele>129.5</ele>
      </trkpt>
      <trkpt lat="45.18341" lon="4.80916">
        <ele>130.8</ele>
      </trkpt>
      <trkpt lat="45.18309" lon="4.80987">
        <ele>131.8</ele>
      </trkpt>
      <trkpt lat="45.18299" lon="4.8102">
        <ele>132.0</ele>
      </trkpt>
      <trkpt lat="45.18297" lon="4.81059">
        <ele>132.3</ele>
      </trkpt>
      <trkpt lat="45.18303" lon="4.81117">
        <ele>130.4</ele>
      </trkpt>
      <trkpt lat="45.18276" lon="4.8112">
        <ele>130.0</ele>
      </trkpt>
      <trkpt lat="45.18202" lon="4.8112">
        <ele>128.8</ele>
      </trkpt>
      <trkpt lat="45.1815" lon="4.81114">
        <ele>128.6</ele>
      </trkpt>
      <trkpt lat="45.18099" lon="4.81103">
        <ele>130.4</ele>
      </trkpt>
      <trkpt lat="45.18053" lon="4.81089">
        <ele>130.0</ele>
      </trkpt>
      <trkpt lat="45.17993" lon="4.81069">
        <ele>127.2</ele>
      </trkpt>
      <trkpt lat="45.1796" lon="4.81054">
        <ele>127.4</ele>
      </trkpt>
      <trkpt lat="45.1792" lon="4.81034">
        <ele>127.6</ele>
      </trkpt>
      <trkpt lat="45.17881" lon="4.81011">
        <ele>127.5</ele>
      </trkpt>
      <trkpt lat="45.17816" lon="4.80976">
        <ele>126.7</ele>
      </trkpt>
      <trkpt lat="45.17751" lon="4.80941">
        <ele>128.4</ele>
      </trkpt>
      <trkpt lat="45.17668" lon="4.80896">
        <ele>129.2</ele>
      </trkpt>
      <trkpt lat="45.17586" lon="4.80851">
        <ele>130.1</ele>
      </trkpt>
      <trkpt lat="45.17504" lon="4.80806">
        <ele>130.0</ele>
      </trkpt>
      <trkpt lat="45.17439" lon="4.80772">
        <ele>129.1</ele>
      </trkpt>
      <trkpt lat="45.17406" lon="4.80753">
        <ele>129.8</ele>
      </trkpt>
      <trkpt lat="45.17381" lon="4.80739">
        <ele>129.6</ele>
      </trkpt>
      <trkpt lat="45.17322" lon="4.8071">
        <ele>129.0</ele>
      </trkpt>
      <trkpt lat="45.17262" lon="4.80681">
        <ele>130.1</ele>
      </trkpt>
      <trkpt lat="45.1721" lon="4.8066">
        <ele>129.8</ele>
      </trkpt>
      <trkpt lat="45.17157" lon="4.80643">
        <ele>129.6</ele>
      </trkpt>
      <trkpt lat="45.17103" lon="4.80631">
        <ele>131.3</ele>
      </trkpt>
      <trkpt lat="45.17055" lon="4.80624">
        <ele>132.1</ele>
      </trkpt>
      <trkpt lat="45.17031" lon="4.80619">
        <ele>132.6</ele>
      </trkpt>
      <trkpt lat="45.16991" lon="4.80615">
        <ele>133.5</ele>
      </trkpt>
      <trkpt lat="45.16975" lon="4.80617">
        <ele>133.8</ele>
      </trkpt>
      <trkpt lat="45.16961" lon="4.80625">
        <ele>133.1</ele>
      </trkpt>
      <trkpt lat="45.16946" lon="4.80629">
        <ele>132.9</ele>
      </trkpt>
      <trkpt lat="45.16932" lon="4.80627">
        <ele>133.7</ele>
      </trkpt>
      <trkpt lat="45.16925" lon="4.80624">
        <ele>134.4</ele>
      </trkpt>
      <trkpt lat="45.16918" lon="4.80623">
        <ele>134.8</ele>
      </trkpt>
      <trkpt lat="45.16915" lon="4.80624">
        <ele>134.8</ele>
      </trkpt>
      <trkpt lat="45.16895" lon="4.80638">
        <ele>134.2</ele>
      </trkpt>
      <trkpt lat="45.16879" lon="4.80644">
        <ele>134.7</ele>
      </trkpt>
      <trkpt lat="45.16878" lon="4.80643">
        <ele>135.0</ele>
      </trkpt>
      <trkpt lat="45.16877" lon="4.80641">
        <ele>135.3</ele>
      </trkpt>
      <trkpt lat="45.16878" lon="4.80638">
        <ele>135.6</ele>
      </trkpt>
      <trkpt lat="45.16905" lon="4.80612">
        <ele>137.5</ele>
      </trkpt>
      <trkpt lat="45.16907" lon="4.8061">
        <ele>137.8</ele>
      </trkpt>
      <trkpt lat="45.16907" lon="4.80608">
        <ele>138.2</ele>
      </trkpt>
      <trkpt lat="45.16905" lon="4.80606">
        <ele>138.6</ele>
      </trkpt>
      <trkpt lat="45.16903" lon="4.80607">
        <ele>138.6</ele>
      </trkpt>
      <trkpt lat="45.16867" lon="4.80637">
        <ele>136.9</ele>
      </trkpt>
      <trkpt lat="45.16849" lon="4.80648">
        <ele>137.1</ele>
      </trkpt>
      <trkpt lat="45.16842" lon="4.80649">
        <ele>137.8</ele>
      </trkpt>
      <trkpt lat="45.16835" lon="4.80654">
        <ele>138.0</ele>
      </trkpt>
      <trkpt lat="45.16805" lon="4.80666">
        <ele>138.7</ele>
      </trkpt>
      <trkpt lat="45.16797" lon="4.80675">
        <ele>138.0</ele>
      </trkpt>
      <trkpt lat="45.16787" lon="4.8068">
        <ele>137.7</ele>
      </trkpt>
      <trkpt lat="45.16761" lon="4.80694">
        <ele>136.7</ele>
      </trkpt>
      <trkpt lat="45.16741" lon="4.80698">
        <ele>137.6</ele>
      </trkpt>
      <trkpt lat="45.16724" lon="4.80709">
        <ele>138.3</ele>
      </trkpt>
      <trkpt lat="45.16649" lon="4.80764">
        <ele>140.4</ele>
      </trkpt>
      <trkpt lat="45.16645" lon="4.80768">
        <ele>140.2</ele>
      </trkpt>
      <trkpt lat="45.16642" lon="4.80773">
        <ele>139.8</ele>
      </trkpt>
      <trkpt lat="45.16641" lon="4.80777">
        <ele>139.1</ele>
      </trkpt>
      <trkpt lat="45.16637" lon="4.80782">
        <ele>138.6</ele>
      </trkpt>
      <trkpt lat="45.16633" lon="4.80784">
        <ele>138.8</ele>
      </trkpt>
      <trkpt lat="45.16626" lon="4.80784">
        <ele>139.6</ele>
      </trkpt>
      <trkpt lat="45.16621" lon="4.80785">
        <ele>139.8</ele>
      </trkpt>
      <trkpt lat="45.16617" lon="4.80788">
        <ele>139.7</ele>
      </trkpt>
      <trkpt lat="45.16573" lon="4.8082">
        <ele>138.3</ele>
      </trkpt>
      <trkpt lat="45.16518" lon="4.80859">
        <ele>139.3</ele>
      </trkpt>
      <trkpt lat="45.16463" lon="4.80898">
        <ele>138.6</ele>
      </trkpt>
      <trkpt lat="45.16408" lon="4.80936">
        <ele>136.1</ele>
      </trkpt>
      <trkpt lat="45.16361" lon="4.80963">
        <ele>137.4</ele>
      </trkpt>
      <trkpt lat="45.16315" lon="4.80989">
        <ele>138.1</ele>
      </trkpt>
      <trkpt lat="45.16301" lon="4.80998">
        <ele>137.8</ele>
      </trkpt>
      <trkpt lat="45.16283" lon="4.81021">
        <ele>136.3</ele>
      </trkpt>
      <trkpt lat="45.1625" lon="4.81049">
        <ele>135.3</ele>
      </trkpt>
      <trkpt lat="45.16238" lon="4.81061">
        <ele>135.0</ele>
      </trkpt>
      <trkpt lat="45.16225" lon="4.81082">
        <ele>133.9</ele>
      </trkpt>
      <trkpt lat="45.16216" lon="4.81094">
        <ele>133.9</ele>
      </trkpt>
      <trkpt lat="45.16205" lon="4.81102">
        <ele>134.3</ele>
      </trkpt>
      <trkpt lat="45.16194" lon="4.81108">
        <ele>134.9</ele>
      </trkpt>
      <trkpt lat="45.16179" lon="4.81111">
        <ele>136.0</ele>
      </trkpt>
      <trkpt lat="45.16158" lon="4.81136">
        <ele>136.5</ele>
      </trkpt>
      <trkpt lat="45.16141" lon="4.81162">
        <ele>136.4</ele>
      </trkpt>
      <trkpt lat="45.16085" lon="4.81253">
        <ele>137.8</ele>
      </trkpt>
      <trkpt lat="45.16046" lon="4.81326">
        <ele>136.5</ele>
      </trkpt>
      <trkpt lat="45.16032" lon="4.81403">
        <ele>132.8</ele>
      </trkpt>
      <trkpt lat="45.16029" lon="4.81415">
        <ele>132.3</ele>
      </trkpt>
      <trkpt lat="45.15986" lon="4.81521">
        <ele>130.5</ele>
      </trkpt>
      <trkpt lat="45.15964" lon="4.81578">
        <ele>129.4</ele>
      </trkpt>
      <trkpt lat="45.15942" lon="4.81635">
        <ele>129.6</ele>
      </trkpt>
      <trkpt lat="45.15922" lon="4.81691">
        <ele>128.7</ele>
      </trkpt>
      <trkpt lat="45.15924" lon="4.81714">
        <ele>127.6</ele>
      </trkpt>
      <trkpt lat="45.15932" lon="4.81752">
        <ele>125.8</ele>
      </trkpt>
      <trkpt lat="45.15935" lon="4.8177">
        <ele>125.8</ele>
      </trkpt>
      <trkpt lat="45.15933" lon="4.81795">
        <ele>125.7</ele>
      </trkpt>
      <trkpt lat="45.15925" lon="4.81843">
        <ele>125.3</ele>
      </trkpt>
      <trkpt lat="45.15912" lon="4.81944">
        <ele>125.4</ele>
      </trkpt>
      <trkpt lat="45.15898" lon="4.82045">
        <ele>127.1</ele>
      </trkpt>
      <trkpt lat="45.15876" lon="4.82148">
        <ele>127.7</ele>
      </trkpt>
      <trkpt lat="45.15849" lon="4.82241">
        <ele>129.9</ele>
      </trkpt>
      <trkpt lat="45.15811" lon="4.82336">
        <ele>129.0</ele>
      </trkpt>
      <trkpt lat="45.1579" lon="4.82377">
        <ele>128.5</ele>
      </trkpt>
      <trkpt lat="45.15743" lon="4.8243">
        <ele>127.4</ele>
      </trkpt>
      <trkpt lat="45.15718" lon="4.82454">
        <ele>127.8</ele>
      </trkpt>
      <trkpt lat="45.15691" lon="4.82474">
        <ele>127.4</ele>
      </trkpt>
      <trkpt lat="45.1564" lon="4.82498">
        <ele>126.4</ele>
      </trkpt>
      <trkpt lat="45.15593" lon="4.82507">
        <ele>126.9</ele>
      </trkpt>
      <trkpt lat="45.15565" lon="4.82511">
        <ele>126.8</ele>
      </trkpt>
      <trkpt lat="45.15538" lon="4.8251">
        <ele>126.5</ele>
      </trkpt>
      <trkpt lat="45.15483" lon="4.82506">
        <ele>126.1</ele>
      </trkpt>
      <trkpt lat="45.15441" lon="4.82495">
        <ele>126.2</ele>
      </trkpt>
      <trkpt lat="45.15397" lon="4.82477">
        <ele>126.9</ele>
      </trkpt>
      <trkpt lat="45.1535" lon="4.82453">
        <ele>127.8</ele>
      </trkpt>
      <trkpt lat="45.15292" lon="4.82406">
        <ele>127.0</ele>
      </trkpt>
      <trkpt lat="45.15234" lon="4.82359">
        <ele>125.9</ele>
      </trkpt>
      <trkpt lat="45.15176" lon="4.82311">
        <ele>123.9</ele>
      </trkpt>
      <trkpt lat="45.15163" lon="4.82297">
        <ele>123.7</ele>
      </trkpt>
      <trkpt lat="45.15129" lon="4.82271">
        <ele>123.9</ele>
      </trkpt>
      <trkpt lat="45.15091" lon="4.82239">
        <ele>123.8</ele>
      </trkpt>
      <trkpt lat="45.15038" lon="4.82197">
        <ele>123.0</ele>
      </trkpt>
      <trkpt lat="45.14987" lon="4.82148">
        <ele>122.8</ele>
      </trkpt>
      <trkpt lat="45.14941" lon="4.82111">
        <ele>123.6</ele>
      </trkpt>
      <trkpt lat="45.14901" lon="4.82075">
        <ele>123.7</ele>
      </trkpt>
      <trkpt lat="45.14861" lon="4.8204">
        <ele>125.0</ele>
      </trkpt>
      <trkpt lat="45.14815" lon="4.81994">
        <ele>125.4</ele>
      </trkpt>
      <trkpt lat="45.14769" lon="4.81949">
        <ele>126.4</ele>
      </trkpt>
      <trkpt lat="45.14701" lon="4.81879">
        <ele>127.8</ele>
      </trkpt>
      <trkpt lat="45.14632" lon="4.81809">
        <ele>128.9</ele>
      </trkpt>
      <trkpt lat="45.14592" lon="4.81769">
        <ele>127.4</ele>
      </trkpt>
      <trkpt lat="45.14551" lon="4.81729">
        <ele>127.1</ele>
      </trkpt>
      <trkpt lat="45.14509" lon="4.81685">
        <ele>126.4</ele>
      </trkpt>
      <trkpt lat="45.14467" lon="4.8164">
        <ele>126.8</ele>
      </trkpt>
      <trkpt lat="45.1441" lon="4.81585">
        <ele>127.1</ele>
      </trkpt>
      <trkpt lat="45.14375" lon="4.81551">
        <ele>126.5</ele>
      </trkpt>
      <trkpt lat="45.14347" lon="4.81521">
        <ele>125.7</ele>
      </trkpt>
      <trkpt lat="45.14311" lon="4.81485">
        <ele>125.5</ele>
      </trkpt>
      <trkpt lat="45.14272" lon="4.81442">
        <ele>124.6</ele>
      </trkpt>
      <trkpt lat="45.14232" lon="4.81399">
        <ele>123.7</ele>
      </trkpt>
      <trkpt lat="45.14197" lon="4.81359">
        <ele>123.8</ele>
      </trkpt>
      <trkpt lat="45.14189" lon="4.81346">
        <ele>123.6</ele>
      </trkpt>
      <trkpt lat="45.14182" lon="4.81317">
        <ele>123.0</ele>
      </trkpt>
      <trkpt lat="45.14171" lon="4.81303">
        <ele>122.7</ele>
      </trkpt>
      <trkpt lat="45.14146" lon="4.81278">
        <ele>123.7</ele>
      </trkpt>
      <trkpt lat="45.14137" lon="4.81254">
        <ele>123.9</ele>
      </trkpt>
      <trkpt lat="45.14129" lon="4.81256">
        <ele>124.3</ele>
      </trkpt>
      <trkpt lat="45.14123" lon="4.81256">
        <ele>124.7</ele>
      </trkpt>
      <trkpt lat="45.14116" lon="4.81251">
        <ele>125.1</ele>
      </trkpt>
      <trkpt lat="45.141" lon="4.81235">
        <ele>126.6</ele>
      </trkpt>
      <trkpt lat="45.1405" lon="4.8117">
        <ele>128.0</ele>
      </trkpt>
      <trkpt lat="45.14" lon="4.81104">
        <ele>127.3</ele>
      </trkpt>
      <trkpt lat="45.13937" lon="4.81014">
        <ele>129.0</ele>
      </trkpt>
      <trkpt lat="45.13886" lon="4.80932">
        <ele>129.0</ele>
      </trkpt>
      <trkpt lat="45.13869" lon="4.80902">
        <ele>128.0</ele>
      </trkpt>
      <trkpt lat="45.13864" lon="4.80883">
        <ele>127.4</ele>
      </trkpt>
      <trkpt lat="45.13864" lon="4.80868">
        <ele>127.3</ele>
      </trkpt>
      <trkpt lat="45.1387" lon="4.80845">
        <ele>127.3</ele>
      </trkpt>
      <trkpt lat="45.13864" lon="4.80842">
        <ele>126.9</ele>
      </trkpt>
      <trkpt lat="45.13853" lon="4.8083">
        <ele>126.2</ele>
      </trkpt>
      <trkpt lat="45.13833" lon="4.80784">
        <ele>125.6</ele>
      </trkpt>
      <trkpt lat="45.13831" lon="4.8076">
        <ele>125.9</ele>
      </trkpt>
      <trkpt lat="45.13825" lon="4.80736">
        <ele>126.0</ele>
      </trkpt>
      <trkpt lat="45.13808" lon="4.80704">
        <ele>125.8</ele>
      </trkpt>
      <trkpt lat="45.13796" lon="4.80682">
        <ele>125.6</ele>
      </trkpt>
      <trkpt lat="45.13783" lon="4.80665">
        <ele>125.4</ele>
      </trkpt>
      <trkpt lat="45.13771" lon="4.80648">
        <ele>125.2</ele>
      </trkpt>
      <trkpt lat="45.13764" lon="4.80641">
        <ele>125.1</ele>
      </trkpt>
      <trkpt lat="45.13758" lon="4.80638">
        <ele>124.9</ele>
      </trkpt>
      <trkpt lat="45.13732" lon="4.8059">
        <ele>123.9</ele>
      </trkpt>
      <trkpt lat="45.137" lon="4.80527">
        <ele>124.3</ele>
      </trkpt>
      <trkpt lat="45.13681" lon="4.80497">
        <ele>124.5</ele>
      </trkpt>
      <trkpt lat="45.13659" lon="4.80468">
        <ele>124.7</ele>
      </trkpt>
      <trkpt lat="45.13622" lon="4.8043">
        <ele>125.1</ele>
      </trkpt>
      <trkpt lat="45.13592" lon="4.80407">
        <ele>126.2</ele>
      </trkpt>
      <trkpt lat="45.13532" lon="4.80364">
        <ele>126.9</ele>
      </trkpt>
      <trkpt lat="45.13516" lon="4.80348">
        <ele>126.7</ele>
      </trkpt>
      <trkpt lat="45.1349" lon="4.80309">
        <ele>128.9</ele>
      </trkpt>
      <trkpt lat="45.13476" lon="4.80301">
        <ele>129.1</ele>
      </trkpt>
      <trkpt lat="45.13456" lon="4.80294">
        <ele>128.7</ele>
      </trkpt>
      <trkpt lat="45.13441" lon="4.80296">
        <ele>127.7</ele>
      </trkpt>
      <trkpt lat="45.13424" lon="4.80296">
        <ele>126.8</ele>
      </trkpt>
      <trkpt lat="45.13387" lon="4.80272">
        <ele>125.8</ele>
      </trkpt>
      <trkpt lat="45.13366" lon="4.80267">
        <ele>125.1</ele>
      </trkpt>
      <trkpt lat="45.13328" lon="4.80269">
        <ele>124.1</ele>
      </trkpt>
      <trkpt lat="45.13289" lon="4.80259">
        <ele>124.5</ele>
      </trkpt>
      <trkpt lat="45.13269" lon="4.80255">
        <ele>124.7</ele>
      </trkpt>
      <trkpt lat="45.13247" lon="4.80254">
        <ele>124.9</ele>
      </trkpt>
      <trkpt lat="45.13201" lon="4.80244">
        <ele>125.8</ele>
      </trkpt>
      <trkpt lat="45.13186" lon="4.80243">
        <ele>125.9</ele>
      </trkpt>
      <trkpt lat="45.13157" lon="4.80249">
        <ele>124.5</ele>
      </trkpt>
      <trkpt lat="45.1314" lon="4.8025">
        <ele>124.8</ele>
      </trkpt>
      <trkpt lat="45.13077" lon="4.80241">
        <ele>128.0</ele>
      </trkpt>
      <trkpt lat="45.13015" lon="4.8023">
        <ele>126.8</ele>
      </trkpt>
      <trkpt lat="45.12952" lon="4.80219">
        <ele>126.0</ele>
      </trkpt>
      <trkpt lat="45.1289" lon="4.80208">
        <ele>125.8</ele>
      </trkpt>
      <trkpt lat="45.12809" lon="4.80177">
        <ele>127.8</ele>
      </trkpt>
      <trkpt lat="45.12788" lon="4.80177">
        <ele>127.7</ele>
      </trkpt>
      <trkpt lat="45.12768" lon="4.80171">
        <ele>127.9</ele>
      </trkpt>
      <trkpt lat="45.12744" lon="4.80167">
        <ele>127.8</ele>
      </trkpt>
      <trkpt lat="45.12709" lon="4.80171">
        <ele>126.8</ele>
      </trkpt>
      <trkpt lat="45.12656" lon="4.80161">
        <ele>126.8</ele>
      </trkpt>
      <trkpt lat="45.12621" lon="4.80152">
        <ele>127.0</ele>
      </trkpt>
      <trkpt lat="45.1257" lon="4.80142">
        <ele>126.1</ele>
      </trkpt>
      <trkpt lat="45.12507" lon="4.8013">
        <ele>125.8</ele>
      </trkpt>
      <trkpt lat="45.12453" lon="4.80117">
        <ele>126.1</ele>
      </trkpt>
      <trkpt lat="45.12431" lon="4.80111">
        <ele>126.2</ele>
      </trkpt>
      <trkpt lat="45.12424" lon="4.80107">
        <ele>126.3</ele>
      </trkpt>
      <trkpt lat="45.12413" lon="4.80103">
        <ele>126.2</ele>
      </trkpt>
      <trkpt lat="45.12385" lon="4.80104">
        <ele>125.9</ele>
      </trkpt>
      <trkpt lat="45.12362" lon="4.80099">
        <ele>125.8</ele>
      </trkpt>
      <trkpt lat="45.12329" lon="4.80094">
        <ele>125.6</ele>
      </trkpt>
      <trkpt lat="45.12303" lon="4.80094">
        <ele>125.7</ele>
      </trkpt>
      <trkpt lat="45.12229" lon="4.80106">
        <ele>125.7</ele>
      </trkpt>
      <trkpt lat="45.12193" lon="4.8012">
        <ele>125.8</ele>
      </trkpt>
      <trkpt lat="45.12153" lon="4.80148">
        <ele>125.2</ele>
      </trkpt>
      <trkpt lat="45.12128" lon="4.80155">
        <ele>124.5</ele>
      </trkpt>
      <trkpt lat="45.12112" lon="4.80161">
        <ele>123.9</ele>
      </trkpt>
      <trkpt lat="45.12096" lon="4.80174">
        <ele>123.2</ele>
      </trkpt>
      <trkpt lat="45.12082" lon="4.80178">
        <ele>122.9</ele>
      </trkpt>
      <trkpt lat="45.12056" lon="4.80293">
        <ele>122.1</ele>
      </trkpt>
      <trkpt lat="45.1205" lon="4.80341">
        <ele>121.8</ele>
      </trkpt>
      <trkpt lat="45.12047" lon="4.80357">
        <ele>122.0</ele>
      </trkpt>
      <trkpt lat="45.12036" lon="4.80385">
        <ele>122.4</ele>
      </trkpt>
      <trkpt lat="45.11997" lon="4.80438">
        <ele>122.7</ele>
      </trkpt>
      <trkpt lat="45.11973" lon="4.80477">
        <ele>122.2</ele>
      </trkpt>
      <trkpt lat="45.11908" lon="4.80552">
        <ele>119.7</ele>
      </trkpt>
      <trkpt lat="45.11862" lon="4.80594">
        <ele>120.3</ele>
      </trkpt>
      <trkpt lat="45.11816" lon="4.80636">
        <ele>122.3</ele>
      </trkpt>
      <trkpt lat="45.11745" lon="4.80685">
        <ele>123.0</ele>
      </trkpt>
      <trkpt lat="45.11674" lon="4.80734">
        <ele>123.2</ele>
      </trkpt>
      <trkpt lat="45.11632" lon="4.80767">
        <ele>122.9</ele>
      </trkpt>
      <trkpt lat="45.1159" lon="4.808">
        <ele>124.0</ele>
      </trkpt>
      <trkpt lat="45.11558" lon="4.80833">
        <ele>124.4</ele>
      </trkpt>
      <trkpt lat="45.11522" lon="4.80865">
        <ele>123.7</ele>
      </trkpt>
      <trkpt lat="45.1145" lon="4.80927">
        <ele>123.6</ele>
      </trkpt>
      <trkpt lat="45.11379" lon="4.80988">
        <ele>124.4</ele>
      </trkpt>
      <trkpt lat="45.11349" lon="4.81033">
        <ele>123.4</ele>
      </trkpt>
      <trkpt lat="45.11338" lon="4.81042">
        <ele>123.1</ele>
      </trkpt>
      <trkpt lat="45.11327" lon="4.81046">
        <ele>123.0</ele>
      </trkpt>
      <trkpt lat="45.11287" lon="4.81065">
        <ele>122.9</ele>
      </trkpt>
      <trkpt lat="45.11248" lon="4.81088">
        <ele>123.1</ele>
      </trkpt>
      <trkpt lat="45.11223" lon="4.81112">
        <ele>123.2</ele>
      </trkpt>
      <trkpt lat="45.112" lon="4.81142">
        <ele>122.6</ele>
      </trkpt>
      <trkpt lat="45.11182" lon="4.81177">
        <ele>121.6</ele>
      </trkpt>
      <trkpt lat="45.11174" lon="4.81198">
        <ele>121.5</ele>
      </trkpt>
      <trkpt lat="45.1116" lon="4.81221">
        <ele>121.6</ele>
      </trkpt>
      <trkpt lat="45.11148" lon="4.81227">
        <ele>121.5</ele>
      </trkpt>
      <trkpt lat="45.11095" lon="4.81237">
        <ele>121.0</ele>
      </trkpt>
      <trkpt lat="45.11042" lon="4.81248">
        <ele>121.0</ele>
      </trkpt>
      <trkpt lat="45.11022" lon="4.81257">
        <ele>121.1</ele>
      </trkpt>
      <trkpt lat="45.11003" lon="4.81272">
        <ele>121.3</ele>
      </trkpt>
      <trkpt lat="45.10962" lon="4.81309">
        <ele>120.9</ele>
      </trkpt>
      <trkpt lat="45.10957" lon="4.81315">
        <ele>120.9</ele>
      </trkpt>
      <trkpt lat="45.10934" lon="4.8135">
        <ele>120.7</ele>
      </trkpt>
      <trkpt lat="45.10897" lon="4.81434">
        <ele>121.0</ele>
      </trkpt>
      <trkpt lat="45.10858" lon="4.81508">
        <ele>121.7</ele>
      </trkpt>
      <trkpt lat="45.10818" lon="4.81583">
        <ele>122.0</ele>
      </trkpt>
      <trkpt lat="45.10784" lon="4.81652">
        <ele>121.3</ele>
      </trkpt>
      <trkpt lat="45.10746" lon="4.81704">
        <ele>122.9</ele>
      </trkpt>
      <trkpt lat="45.10701" lon="4.81747">
        <ele>122.8</ele>
      </trkpt>
      <trkpt lat="45.10657" lon="4.8179">
        <ele>121.0</ele>
      </trkpt>
      <trkpt lat="45.10621" lon="4.81828">
        <ele>121.1</ele>
      </trkpt>
      <trkpt lat="45.10585" lon="4.81866">
        <ele>122.0</ele>
      </trkpt>
      <trkpt lat="45.10551" lon="4.81912">
        <ele>122.0</ele>
      </trkpt>
      <trkpt lat="45.10486" lon="4.8197">
        <ele>122.6</ele>
      </trkpt>
      <trkpt lat="45.10421" lon="4.82029">
        <ele>123.0</ele>
      </trkpt>
      <trkpt lat="45.10374" lon="4.82084">
        <ele>122.0</ele>
      </trkpt>
      <trkpt lat="45.10327" lon="4.8214">
        <ele>123.0</ele>
      </trkpt>
      <trkpt lat="45.10309" lon="4.82155">
        <ele>123.6</ele>
      </trkpt>
      <trkpt lat="45.10286" lon="4.82159">
        <ele>123.7</ele>
      </trkpt>
      <trkpt lat="45.10259" lon="4.82154">
        <ele>123.5</ele>
      </trkpt>
      <trkpt lat="45.10216" lon="4.82153">
        <ele>122.8</ele>
      </trkpt>
      <trkpt lat="45.10212" lon="4.82153">
        <ele>122.7</ele>
      </trkpt>
      <trkpt lat="45.10201" lon="4.82156">
        <ele>122.6</ele>
      </trkpt>
      <trkpt lat="45.10187" lon="4.82164">
        <ele>122.4</ele>
      </trkpt>
      <trkpt lat="45.10183" lon="4.8217">
        <ele>122.5</ele>
      </trkpt>
      <trkpt lat="45.10144" lon="4.82213">
        <ele>122.5</ele>
      </trkpt>
      <trkpt lat="45.10122" lon="4.8223">
        <ele>122.2</ele>
      </trkpt>
      <trkpt lat="45.10079" lon="4.82247">
        <ele>120.9</ele>
      </trkpt>
      <trkpt lat="45.1004" lon="4.82246">
        <ele>120.5</ele>
      </trkpt>
      <trkpt lat="45.10002" lon="4.82237">
        <ele>120.2</ele>
      </trkpt>
      <trkpt lat="45.0997" lon="4.82225">
        <ele>120.2</ele>
      </trkpt>
      <trkpt lat="45.09951" lon="4.82221">
        <ele>120.1</ele>
      </trkpt>
      <trkpt lat="45.0989" lon="4.82223">
        <ele>119.9</ele>
      </trkpt>
      <trkpt lat="45.09828" lon="4.82225">
        <ele>119.8</ele>
      </trkpt>
      <trkpt lat="45.09774" lon="4.82233">
        <ele>120.6</ele>
      </trkpt>
      <trkpt lat="45.0972" lon="4.82241">
        <ele>121.3</ele>
      </trkpt>
      <trkpt lat="45.09633" lon="4.82267">
        <ele>121.9</ele>
      </trkpt>
      <trkpt lat="45.09602" lon="4.8228">
        <ele>121.9</ele>
      </trkpt>
      <trkpt lat="45.09576" lon="4.82296">
        <ele>122.0</ele>
      </trkpt>
      <trkpt lat="45.09488" lon="4.82309">
        <ele>121.5</ele>
      </trkpt>
      <trkpt lat="45.09412" lon="4.8233">
        <ele>122.0</ele>
      </trkpt>
      <trkpt lat="45.09338" lon="4.8233">
        <ele>121.1</ele>
      </trkpt>
      <trkpt lat="45.0927" lon="4.82332">
        <ele>121.0</ele>
      </trkpt>
      <trkpt lat="45.09203" lon="4.82334">
        <ele>119.9</ele>
      </trkpt>
      <trkpt lat="45.09135" lon="4.82336">
        <ele>119.0</ele>
      </trkpt>
      <trkpt lat="45.09085" lon="4.82343">
        <ele>119.0</ele>
      </trkpt>
      <trkpt lat="45.09036" lon="4.8235">
        <ele>119.6</ele>
      </trkpt>
      <trkpt lat="45.08982" lon="4.82354">
        <ele>120.1</ele>
      </trkpt>
      <trkpt lat="45.08929" lon="4.82358">
        <ele>120.3</ele>
      </trkpt>
      <trkpt lat="45.08876" lon="4.8235">
        <ele>120.2</ele>
      </trkpt>
      <trkpt lat="45.08824" lon="4.82343">
        <ele>119.8</ele>
      </trkpt>
      <trkpt lat="45.08756" lon="4.82344">
        <ele>118.9</ele>
      </trkpt>
      <trkpt lat="45.08713" lon="4.8235">
        <ele>119.6</ele>
      </trkpt>
      <trkpt lat="45.08653" lon="4.82367">
        <ele>120.0</ele>
      </trkpt>
      <trkpt lat="45.08592" lon="4.82384">
        <ele>118.9</ele>
      </trkpt>
      <trkpt lat="45.08542" lon="4.82392">
        <ele>119.3</ele>
      </trkpt>
      <trkpt lat="45.08491" lon="4.82399">
        <ele>119.8</ele>
      </trkpt>
      <trkpt lat="45.08459" lon="4.82396">
        <ele>119.0</ele>
      </trkpt>
      <trkpt lat="45.08381" lon="4.82375">
        <ele>117.8</ele>
      </trkpt>
      <trkpt lat="45.08307" lon="4.82357">
        <ele>118.3</ele>
      </trkpt>
      <trkpt lat="45.08234" lon="4.82339">
        <ele>120.1</ele>
      </trkpt>
      <trkpt lat="45.08187" lon="4.82326">
        <ele>120.6</ele>
      </trkpt>
      <trkpt lat="45.08139" lon="4.82312">
        <ele>120.1</ele>
      </trkpt>
      <trkpt lat="45.08061" lon="4.82279">
        <ele>119.5</ele>
      </trkpt>
      <trkpt lat="45.07982" lon="4.82247">
        <ele>119.8</ele>
      </trkpt>
      <trkpt lat="45.07922" lon="4.82227">
        <ele>118.8</ele>
      </trkpt>
      <trkpt lat="45.0789" lon="4.82221">
        <ele>119.0</ele>
      </trkpt>
      <trkpt lat="45.07849" lon="4.82219">
        <ele>119.4</ele>
      </trkpt>
      <trkpt lat="45.0781" lon="4.82219">
        <ele>119.6</ele>
      </trkpt>
      <trkpt lat="45.0778" lon="4.8222">
        <ele>119.5</ele>
      </trkpt>
      <trkpt lat="45.07735" lon="4.82219">
        <ele>119.4</ele>
      </trkpt>
      <trkpt lat="45.07722" lon="4.82214">
        <ele>119.5</ele>
      </trkpt>
      <trkpt lat="45.07723" lon="4.8221">
        <ele>119.5</ele>
      </trkpt>
      <trkpt lat="45.07723" lon="4.82206">
        <ele>119.5</ele>
      </trkpt>
      <trkpt lat="45.07722" lon="4.82202">
        <ele>119.5</ele>
      </trkpt>
      <trkpt lat="45.07719" lon="4.82199">
        <ele>119.5</ele>
      </trkpt>
      <trkpt lat="45.07715" lon="4.82198">
        <ele>119.5</ele>
      </trkpt>
      <trkpt lat="45.07712" lon="4.82199">
        <ele>119.5</ele>
      </trkpt>
      <trkpt lat="45.0771" lon="4.82202">
        <ele>119.5</ele>
      </trkpt>
      <trkpt lat="45.07709" lon="4.82207">
        <ele>119.5</ele>
      </trkpt>
      <trkpt lat="45.0771" lon="4.8221">
        <ele>119.5</ele>
      </trkpt>
      <trkpt lat="45.07711" lon="4.82213">
        <ele>119.5</ele>
      </trkpt>
      <trkpt lat="45.07691" lon="4.82228">
        <ele>119.6</ele>
      </trkpt>
      <trkpt lat="45.07683" lon="4.82238">
        <ele>119.7</ele>
      </trkpt>
      <trkpt lat="45.07678" lon="4.82212">
        <ele>119.5</ele>
      </trkpt>
      <trkpt lat="45.07658" lon="4.82134">
        <ele>118.9</ele>
      </trkpt>
      <trkpt lat="45.07638" lon="4.82057">
        <ele>119.2</ele>
      </trkpt>
      <trkpt lat="45.07616" lon="4.81973">
        <ele>119.5</ele>
      </trkpt>
      <trkpt lat="45.07594" lon="4.8189">
        <ele>119.5</ele>
      </trkpt>
      <trkpt lat="45.07572" lon="4.81807">
        <ele>120.0</ele>
      </trkpt>
      <trkpt lat="45.07553" lon="4.81738">
        <ele>120.5</ele>
      </trkpt>
      <trkpt lat="45.07533" lon="4.81668">
        <ele>121.0</ele>
      </trkpt>
      <trkpt lat="45.07532" lon="4.81666">
        <ele>121.0</ele>
      </trkpt>
      <trkpt lat="45.07527" lon="4.81651">
        <ele>121.3</ele>
      </trkpt>
      <trkpt lat="45.07524" lon="4.81652">
        <ele>121.2</ele>
      </trkpt>
      <trkpt lat="45.07472" lon="4.81689">
        <ele>121.2</ele>
      </trkpt>
      <trkpt lat="45.0742" lon="4.81727">
        <ele>122.4</ele>
      </trkpt>
      <trkpt lat="45.07398" lon="4.81748">
        <ele>122.7</ele>
      </trkpt>
      <trkpt lat="45.07387" lon="4.81762">
        <ele>122.5</ele>
      </trkpt>
      <trkpt lat="45.07381" lon="4.8177">
        <ele>122.4</ele>
      </trkpt>
      <trkpt lat="45.07369" lon="4.81799">
        <ele>122.2</ele>
      </trkpt>
      <trkpt lat="45.07356" lon="4.8184">
        <ele>122.1</ele>
      </trkpt>
      <trkpt lat="45.07341" lon="4.81895">
        <ele>123.3</ele>
      </trkpt>
      <trkpt lat="45.07325" lon="4.81951">
        <ele>124.2</ele>
      </trkpt>
      <trkpt lat="45.07303" lon="4.82022">
        <ele>123.9</ele>
      </trkpt>
      <trkpt lat="45.07281" lon="4.82093">
        <ele>124.3</ele>
      </trkpt>
      <trkpt lat="45.0726" lon="4.82168">
        <ele>124.8</ele>
      </trkpt>
      <trkpt lat="45.07259" lon="4.82174">
        <ele>124.8</ele>
      </trkpt>
      <trkpt lat="45.0726" lon="4.82184">
        <ele>124.7</ele>
      </trkpt>
      <trkpt lat="45.07263" lon="4.82195">
        <ele>124.6</ele>
      </trkpt>
      <trkpt lat="45.0727" lon="4.82202">
        <ele>124.4</ele>
      </trkpt>
      <trkpt lat="45.07265" lon="4.82216">
        <ele>124.5</ele>
      </trkpt>
      <trkpt lat="45.07267" lon="4.82221">
        <ele>124.5</ele>
      </trkpt>
      <trkpt lat="45.07275" lon="4.82238">
        <ele>124.2</ele>
      </trkpt>
      <trkpt lat="45.07283" lon="4.82264">
        <ele>123.8</ele>
      </trkpt>
      <trkpt lat="45.07287" lon="4.82281">
        <ele>123.8</ele>
      </trkpt>
      <trkpt lat="45.07291" lon="4.82312">
        <ele>123.9</ele>
      </trkpt>
      <trkpt lat="45.07291" lon="4.82356">
        <ele>124.1</ele>
      </trkpt>
      <trkpt lat="45.07288" lon="4.82393">
        <ele>124.3</ele>
      </trkpt>
      <trkpt lat="45.07281" lon="4.82452">
        <ele>123.0</ele>
      </trkpt>
      <trkpt lat="45.07272" lon="4.82496">
        <ele>121.8</ele>
      </trkpt>
      <trkpt lat="45.07247" lon="4.82582">
        <ele>121.1</ele>
      </trkpt>
      <trkpt lat="45.07227" lon="4.82637">
        <ele>121.7</ele>
      </trkpt>
      <trkpt lat="45.07203" lon="4.82689">
        <ele>122.2</ele>
      </trkpt>
      <trkpt lat="45.07203" lon="4.82694">
        <ele>122.1</ele>
      </trkpt>
      <trkpt lat="45.07185" lon="4.82727">
        <ele>122.3</ele>
      </trkpt>
      <trkpt lat="45.07158" lon="4.82766">
        <ele>122.9</ele>
      </trkpt>
      <trkpt lat="45.07129" lon="4.82803">
        <ele>122.8</ele>
      </trkpt>
      <trkpt lat="45.07119" lon="4.82815">
        <ele>122.9</ele>
      </trkpt>
      <trkpt lat="45.07078" lon="4.82854">
        <ele>122.6</ele>
      </trkpt>
      <trkpt lat="45.07065" lon="4.82869">
        <ele>122.3</ele>
      </trkpt>
      <trkpt lat="45.07066" lon="4.82879">
        <ele>122.0</ele>
      </trkpt>
      <trkpt lat="45.07084" lon="4.82909">
        <ele>121.2</ele>
      </trkpt>
      <trkpt lat="45.07086" lon="4.82917">
        <ele>120.9</ele>
      </trkpt>
      <trkpt lat="45.07086" lon="4.82925">
        <ele>120.9</ele>
      </trkpt>
      <trkpt lat="45.07085" lon="4.82929">
        <ele>120.9</ele>
      </trkpt>
      <trkpt lat="45.07053" lon="4.82966">
        <ele>120.6</ele>
      </trkpt>
      <trkpt lat="45.07006" lon="4.83025">
        <ele>119.1</ele>
      </trkpt>
      <trkpt lat="45.06959" lon="4.83085">
        <ele>120.4</ele>
      </trkpt>
      <trkpt lat="45.06943" lon="4.83114">
        <ele>120.3</ele>
      </trkpt>
      <trkpt lat="45.06911" lon="4.83182">
        <ele>120.9</ele>
      </trkpt>
      <trkpt lat="45.06888" lon="4.83225">
        <ele>123.3</ele>
      </trkpt>
      <trkpt lat="45.06881" lon="4.83243">
        <ele>123.7</ele>
      </trkpt>
      <trkpt lat="45.06871" lon="4.83278">
        <ele>123.3</ele>
      </trkpt>
      <trkpt lat="45.06854" lon="4.83325">
        <ele>123.3</ele>
      </trkpt>
      <trkpt lat="45.06837" lon="4.8336">
        <ele>123.5</ele>
      </trkpt>
      <trkpt lat="45.06792" lon="4.83441">
        <ele>123.6</ele>
      </trkpt>
      <trkpt lat="45.06787" lon="4.83453">
        <ele>123.6</ele>
      </trkpt>
      <trkpt lat="45.06786" lon="4.83463">
        <ele>123.4</ele>
      </trkpt>
      <trkpt lat="45.0678" lon="4.8347">
        <ele>123.7</ele>
      </trkpt>
      <trkpt lat="45.06775" lon="4.83479">
        <ele>124.0</ele>
      </trkpt>
      <trkpt lat="45.06733" lon="4.83573">
        <ele>119.4</ele>
      </trkpt>
      <trkpt lat="45.06691" lon="4.83667">
        <ele>121.2</ele>
      </trkpt>
      <trkpt lat="45.06649" lon="4.83762">
        <ele>117.9</ele>
      </trkpt>
      <trkpt lat="45.06608" lon="4.83866">
        <ele>118.6</ele>
      </trkpt>
      <trkpt lat="45.06567" lon="4.83971">
        <ele>117.1</ele>
      </trkpt>
      <trkpt lat="45.06564" lon="4.83982">
        <ele>117.2</ele>
      </trkpt>
      <trkpt lat="45.06565" lon="4.83993">
        <ele>117.1</ele>
      </trkpt>
      <trkpt lat="45.06568" lon="4.84002">
        <ele>116.9</ele>
      </trkpt>
      <trkpt lat="45.06571" lon="4.84006">
        <ele>116.8</ele>
      </trkpt>
      <trkpt lat="45.06569" lon="4.84012">
        <ele>116.8</ele>
      </trkpt>
      <trkpt lat="45.06629" lon="4.84049">
        <ele>116.0</ele>
      </trkpt>
      <trkpt lat="45.06689" lon="4.84085">
        <ele>116.0</ele>
      </trkpt>
      <trkpt lat="45.06755" lon="4.84126">
        <ele>116.4</ele>
      </trkpt>
      <trkpt lat="45.0682" lon="4.84167">
        <ele>122.7</ele>
      </trkpt>
      <trkpt lat="45.06876" lon="4.84199">
        <ele>122.1</ele>
      </trkpt>
      <trkpt lat="45.06886" lon="4.84211">
        <ele>121.6</ele>
      </trkpt>
      <trkpt lat="45.06898" lon="4.84219">
        <ele>121.1</ele>
      </trkpt>
      <trkpt lat="45.06902" lon="4.84219">
        <ele>120.9</ele>
      </trkpt>
      <trkpt lat="45.06905" lon="4.84218">
        <ele>120.8</ele>
      </trkpt>
      <trkpt lat="45.06905" lon="4.84224">
        <ele>120.7</ele>
      </trkpt>
    </trkseg>
  </trk>
</gpx>
