<?xml version="1.0" encoding="UTF-8"?>
<gpx xmlns:gpxdata="http://www.cluetrust.com/XML/GPXDATA/1/0" xmlns:xsi="http://www.w3.org/2001/XMLSchema-instance" xmlns="http://www.topografix.com/GPX/1/1" version="1.1" creator="http://ridewithgps.com/" xsi:schemaLocation="http://www.topografix.com/GPX/1/1 http://www.topografix.com/GPX/1/1/gpx.xsd http://www.cluetrust.com/XML/GPXDATA/1/0 http://www.cluetrust.com/Schemas/gpxdata10.xsd">
  <metadata>
    <name>Jour 11 - Dole @ Marsannay-la-Côte</name>
    <link href="https://ridewithgps.com/routes/57098017">
      <text>Jour 11 - Dole @ Marsannay-la-Côte</text>
    </link>
    <time>2026-09-10T12:37:52Z</time>
  </metadata>
  <trk>
    <name>Jour 11 - Dole @ Marsannay-la-Côte</name>
    <trkseg>
      <trkpt lat="47.09511" lon="5.49711">
        <ele>224.6</ele>
      </trkpt>
      <trkpt lat="47.09512" lon="5.4971">
        <ele>224.6</ele>
      </trkpt>
      <trkpt lat="47.0951" lon="5.4971">
        <ele>224.6</ele>
      </trkpt>
      <trkpt lat="47.09507" lon="5.49711">
        <ele>224.5</ele>
      </trkpt>
      <trkpt lat="47.09486" lon="5.49706">
        <ele>224.1</ele>
      </trkpt>
      <trkpt lat="47.09486" lon="5.49705">
        <ele>224.1</ele>
      </trkpt>
      <trkpt lat="47.09485" lon="5.49703">
        <ele>224.2</ele>
      </trkpt>
      <trkpt lat="47.09484" lon="5.497">
        <ele>224.2</ele>
      </trkpt>
      <trkpt lat="47.09497" lon="5.49685">
        <ele>225.3</ele>
      </trkpt>
      <trkpt lat="47.095" lon="5.49674">
        <ele>225.8</ele>
      </trkpt>
      <trkpt lat="47.09501" lon="5.49669">
        <ele>225.9</ele>
      </trkpt>
      <trkpt lat="47.095" lon="5.49663">
        <ele>226.0</ele>
      </trkpt>
      <trkpt lat="47.09497" lon="5.49655">
        <ele>225.8</ele>
      </trkpt>
      <trkpt lat="47.0949" lon="5.49642">
        <ele>225.5</ele>
      </trkpt>
      <trkpt lat="47.09484" lon="5.49636">
        <ele>225.4</ele>
      </trkpt>
      <trkpt lat="47.09478" lon="5.49633">
        <ele>225.3</ele>
      </trkpt>
      <trkpt lat="47.0947" lon="5.49636">
        <ele>225.2</ele>
      </trkpt>
      <trkpt lat="47.09467" lon="5.49639">
        <ele>225.1</ele>
      </trkpt>
      <trkpt lat="47.09447" lon="5.49668">
        <ele>224.7</ele>
      </trkpt>
      <trkpt lat="47.09439" lon="5.49673">
        <ele>224.2</ele>
      </trkpt>
      <trkpt lat="47.0943" lon="5.49677">
        <ele>223.8</ele>
      </trkpt>
      <trkpt lat="47.09422" lon="5.49693">
        <ele>222.6</ele>
      </trkpt>
      <trkpt lat="47.09416" lon="5.49703">
        <ele>221.8</ele>
      </trkpt>
      <trkpt lat="47.0941" lon="5.49715">
        <ele>220.6</ele>
      </trkpt>
      <trkpt lat="47.09387" lon="5.49794">
        <ele>214.7</ele>
      </trkpt>
      <trkpt lat="47.09365" lon="5.49882">
        <ele>209.4</ele>
      </trkpt>
      <trkpt lat="47.09361" lon="5.49892">
        <ele>208.6</ele>
      </trkpt>
      <trkpt lat="47.09363" lon="5.49895">
        <ele>208.9</ele>
      </trkpt>
      <trkpt lat="47.09374" lon="5.49927">
        <ele>209.9</ele>
      </trkpt>
      <trkpt lat="47.09377" lon="5.49938">
        <ele>209.9</ele>
      </trkpt>
      <trkpt lat="47.09379" lon="5.4995">
        <ele>209.7</ele>
      </trkpt>
      <trkpt lat="47.09375" lon="5.49951">
        <ele>209.1</ele>
      </trkpt>
      <trkpt lat="47.09373" lon="5.49939">
        <ele>209.3</ele>
      </trkpt>
      <trkpt lat="47.09362" lon="5.49909">
        <ele>208.6</ele>
      </trkpt>
      <trkpt lat="47.0936" lon="5.49908">
        <ele>208.3</ele>
      </trkpt>
      <trkpt lat="47.09358" lon="5.49909">
        <ele>207.9</ele>
      </trkpt>
      <trkpt lat="47.09354" lon="5.49911">
        <ele>207.4</ele>
      </trkpt>
      <trkpt lat="47.09353" lon="5.49913">
        <ele>207.1</ele>
      </trkpt>
      <trkpt lat="47.09335" lon="5.49934">
        <ele>203.8</ele>
      </trkpt>
      <trkpt lat="47.09332" lon="5.49938">
        <ele>203.5</ele>
      </trkpt>
      <trkpt lat="47.0933" lon="5.49942">
        <ele>203.5</ele>
      </trkpt>
      <trkpt lat="47.09329" lon="5.49948">
        <ele>203.3</ele>
      </trkpt>
      <trkpt lat="47.09329" lon="5.49958">
        <ele>203.1</ele>
      </trkpt>
      <trkpt lat="47.09332" lon="5.49972">
        <ele>202.7</ele>
      </trkpt>
      <trkpt lat="47.09333" lon="5.49979">
        <ele>202.5</ele>
      </trkpt>
      <trkpt lat="47.0933" lon="5.49995">
        <ele>202.2</ele>
      </trkpt>
      <trkpt lat="47.09333" lon="5.49995">
        <ele>202.1</ele>
      </trkpt>
      <trkpt lat="47.09338" lon="5.49981">
        <ele>203.0</ele>
      </trkpt>
      <trkpt lat="47.0934" lon="5.49964">
        <ele>203.7</ele>
      </trkpt>
      <trkpt lat="47.09341" lon="5.49942">
        <ele>204.6</ele>
      </trkpt>
      <trkpt lat="47.09339" lon="5.49934">
        <ele>204.5</ele>
      </trkpt>
      <trkpt lat="47.09331" lon="5.49919">
        <ele>204.0</ele>
      </trkpt>
      <trkpt lat="47.09326" lon="5.49913">
        <ele>204.3</ele>
      </trkpt>
      <trkpt lat="47.0932" lon="5.49912">
        <ele>204.4</ele>
      </trkpt>
      <trkpt lat="47.09316" lon="5.49913">
        <ele>204.5</ele>
      </trkpt>
      <trkpt lat="47.09297" lon="5.49876">
        <ele>205.0</ele>
      </trkpt>
      <trkpt lat="47.09289" lon="5.49862">
        <ele>205.0</ele>
      </trkpt>
      <trkpt lat="47.09278" lon="5.49844">
        <ele>204.7</ele>
      </trkpt>
      <trkpt lat="47.09208" lon="5.49783">
        <ele>202.4</ele>
      </trkpt>
      <trkpt lat="47.09138" lon="5.49722">
        <ele>201.4</ele>
      </trkpt>
      <trkpt lat="47.09068" lon="5.49661">
        <ele>201.2</ele>
      </trkpt>
      <trkpt lat="47.0905" lon="5.49649">
        <ele>201.3</ele>
      </trkpt>
      <trkpt lat="47.09002" lon="5.4962">
        <ele>200.5</ele>
      </trkpt>
      <trkpt lat="47.08955" lon="5.4959">
        <ele>200.1</ele>
      </trkpt>
      <trkpt lat="47.0895" lon="5.49584">
        <ele>200.0</ele>
      </trkpt>
      <trkpt lat="47.08939" lon="5.49565">
        <ele>200.3</ele>
      </trkpt>
      <trkpt lat="47.08916" lon="5.49521">
        <ele>200.7</ele>
      </trkpt>
      <trkpt lat="47.08914" lon="5.49513">
        <ele>200.8</ele>
      </trkpt>
      <trkpt lat="47.08911" lon="5.49492">
        <ele>200.9</ele>
      </trkpt>
      <trkpt lat="47.08905" lon="5.49431">
        <ele>200.8</ele>
      </trkpt>
      <trkpt lat="47.089" lon="5.4941">
        <ele>200.8</ele>
      </trkpt>
      <trkpt lat="47.08881" lon="5.49351">
        <ele>201.1</ele>
      </trkpt>
      <trkpt lat="47.08861" lon="5.49283">
        <ele>202.0</ele>
      </trkpt>
      <trkpt lat="47.0886" lon="5.49276">
        <ele>202.0</ele>
      </trkpt>
      <trkpt lat="47.08861" lon="5.49274">
        <ele>202.0</ele>
      </trkpt>
      <trkpt lat="47.08863" lon="5.49273">
        <ele>202.0</ele>
      </trkpt>
      <trkpt lat="47.0887" lon="5.49268">
        <ele>201.9</ele>
      </trkpt>
      <trkpt lat="47.08875" lon="5.49264">
        <ele>201.9</ele>
      </trkpt>
      <trkpt lat="47.08877" lon="5.49261">
        <ele>201.9</ele>
      </trkpt>
      <trkpt lat="47.08877" lon="5.49254">
        <ele>202.0</ele>
      </trkpt>
      <trkpt lat="47.08874" lon="5.49244">
        <ele>202.7</ele>
      </trkpt>
      <trkpt lat="47.08859" lon="5.49214">
        <ele>205.3</ele>
      </trkpt>
      <trkpt lat="47.08846" lon="5.49187">
        <ele>207.1</ele>
      </trkpt>
      <trkpt lat="47.08845" lon="5.49185">
        <ele>207.2</ele>
      </trkpt>
      <trkpt lat="47.08844" lon="5.49183">
        <ele>207.3</ele>
      </trkpt>
      <trkpt lat="47.08787" lon="5.49148">
        <ele>207.9</ele>
      </trkpt>
      <trkpt lat="47.08769" lon="5.49131">
        <ele>208.3</ele>
      </trkpt>
      <trkpt lat="47.08756" lon="5.49116">
        <ele>208.5</ele>
      </trkpt>
      <trkpt lat="47.08741" lon="5.49097">
        <ele>208.1</ele>
      </trkpt>
      <trkpt lat="47.08735" lon="5.49086">
        <ele>207.9</ele>
      </trkpt>
      <trkpt lat="47.08725" lon="5.49058">
        <ele>208.2</ele>
      </trkpt>
      <trkpt lat="47.08714" lon="5.4903">
        <ele>208.2</ele>
      </trkpt>
      <trkpt lat="47.08678" lon="5.48947">
        <ele>205.5</ele>
      </trkpt>
      <trkpt lat="47.08642" lon="5.48864">
        <ele>208.6</ele>
      </trkpt>
      <trkpt lat="47.08606" lon="5.48782">
        <ele>208.9</ele>
      </trkpt>
      <trkpt lat="47.08578" lon="5.4872">
        <ele>206.2</ele>
      </trkpt>
      <trkpt lat="47.08565" lon="5.48695">
        <ele>205.9</ele>
      </trkpt>
      <trkpt lat="47.08555" lon="5.48676">
        <ele>205.6</ele>
      </trkpt>
      <trkpt lat="47.0852" lon="5.48624">
        <ele>205.9</ele>
      </trkpt>
      <trkpt lat="47.0856" lon="5.48586">
        <ele>210.5</ele>
      </trkpt>
      <trkpt lat="47.0857" lon="5.4858">
        <ele>211.4</ele>
      </trkpt>
      <trkpt lat="47.08603" lon="5.48569">
        <ele>213.7</ele>
      </trkpt>
      <trkpt lat="47.08623" lon="5.48559">
        <ele>214.9</ele>
      </trkpt>
      <trkpt lat="47.08634" lon="5.4855">
        <ele>215.4</ele>
      </trkpt>
      <trkpt lat="47.08638" lon="5.48544">
        <ele>215.6</ele>
      </trkpt>
      <trkpt lat="47.08642" lon="5.48534">
        <ele>215.8</ele>
      </trkpt>
      <trkpt lat="47.08658" lon="5.48474">
        <ele>216.1</ele>
      </trkpt>
      <trkpt lat="47.0867" lon="5.48429">
        <ele>216.1</ele>
      </trkpt>
      <trkpt lat="47.08673" lon="5.48422">
        <ele>216.2</ele>
      </trkpt>
      <trkpt lat="47.08627" lon="5.48349">
        <ele>218.6</ele>
      </trkpt>
      <trkpt lat="47.08581" lon="5.48277">
        <ele>219.7</ele>
      </trkpt>
      <trkpt lat="47.08542" lon="5.48217">
        <ele>220.7</ele>
      </trkpt>
      <trkpt lat="47.08504" lon="5.48158">
        <ele>222.1</ele>
      </trkpt>
      <trkpt lat="47.08468" lon="5.481">
        <ele>223.1</ele>
      </trkpt>
      <trkpt lat="47.08422" lon="5.48029">
        <ele>225.7</ele>
      </trkpt>
      <trkpt lat="47.08376" lon="5.47957">
        <ele>229.8</ele>
      </trkpt>
      <trkpt lat="47.08321" lon="5.47872">
        <ele>234.9</ele>
      </trkpt>
      <trkpt lat="47.08266" lon="5.47786">
        <ele>235.9</ele>
      </trkpt>
      <trkpt lat="47.0825" lon="5.47759">
        <ele>236.4</ele>
      </trkpt>
      <trkpt lat="47.0823" lon="5.47731">
        <ele>236.1</ele>
      </trkpt>
      <trkpt lat="47.0821" lon="5.47704">
        <ele>235.8</ele>
      </trkpt>
      <trkpt lat="47.08208" lon="5.47696">
        <ele>235.9</ele>
      </trkpt>
      <trkpt lat="47.08187" lon="5.4767">
        <ele>235.8</ele>
      </trkpt>
      <trkpt lat="47.08175" lon="5.47655">
        <ele>235.7</ele>
      </trkpt>
      <trkpt lat="47.08169" lon="5.47646">
        <ele>235.6</ele>
      </trkpt>
      <trkpt lat="47.08161" lon="5.47624">
        <ele>235.8</ele>
      </trkpt>
      <trkpt lat="47.08161" lon="5.47614">
        <ele>236.0</ele>
      </trkpt>
      <trkpt lat="47.0816" lon="5.47604">
        <ele>236.2</ele>
      </trkpt>
      <trkpt lat="47.08156" lon="5.47591">
        <ele>236.4</ele>
      </trkpt>
      <trkpt lat="47.08156" lon="5.4758">
        <ele>236.7</ele>
      </trkpt>
      <trkpt lat="47.08157" lon="5.47569">
        <ele>237.3</ele>
      </trkpt>
      <trkpt lat="47.0816" lon="5.4757">
        <ele>237.4</ele>
      </trkpt>
      <trkpt lat="47.08162" lon="5.4756">
        <ele>237.9</ele>
      </trkpt>
      <trkpt lat="47.08177" lon="5.47502">
        <ele>241.3</ele>
      </trkpt>
      <trkpt lat="47.08186" lon="5.47472">
        <ele>242.5</ele>
      </trkpt>
      <trkpt lat="47.08195" lon="5.47431">
        <ele>244.2</ele>
      </trkpt>
      <trkpt lat="47.08198" lon="5.47407">
        <ele>245.6</ele>
      </trkpt>
      <trkpt lat="47.08199" lon="5.47392">
        <ele>246.9</ele>
      </trkpt>
      <trkpt lat="47.08199" lon="5.47363">
        <ele>249.0</ele>
      </trkpt>
      <trkpt lat="47.08198" lon="5.47346">
        <ele>250.3</ele>
      </trkpt>
      <trkpt lat="47.08191" lon="5.47246">
        <ele>251.9</ele>
      </trkpt>
      <trkpt lat="47.08184" lon="5.47146">
        <ele>247.7</ele>
      </trkpt>
      <trkpt lat="47.08178" lon="5.47046">
        <ele>248.5</ele>
      </trkpt>
      <trkpt lat="47.08178" lon="5.47026">
        <ele>248.7</ele>
      </trkpt>
      <trkpt lat="47.08181" lon="5.47011">
        <ele>248.9</ele>
      </trkpt>
      <trkpt lat="47.08186" lon="5.47005">
        <ele>248.9</ele>
      </trkpt>
      <trkpt lat="47.08182" lon="5.46995">
        <ele>248.8</ele>
      </trkpt>
      <trkpt lat="47.08174" lon="5.46991">
        <ele>248.7</ele>
      </trkpt>
      <trkpt lat="47.08171" lon="5.46961">
        <ele>247.6</ele>
      </trkpt>
      <trkpt lat="47.0818" lon="5.46946">
        <ele>247.1</ele>
      </trkpt>
      <trkpt lat="47.08181" lon="5.46938">
        <ele>246.8</ele>
      </trkpt>
      <trkpt lat="47.08187" lon="5.46871">
        <ele>244.6</ele>
      </trkpt>
      <trkpt lat="47.08192" lon="5.46803">
        <ele>242.8</ele>
      </trkpt>
      <trkpt lat="47.08192" lon="5.46783">
        <ele>242.2</ele>
      </trkpt>
      <trkpt lat="47.08189" lon="5.46749">
        <ele>241.2</ele>
      </trkpt>
      <trkpt lat="47.08185" lon="5.46728">
        <ele>240.3</ele>
      </trkpt>
      <trkpt lat="47.08179" lon="5.46705">
        <ele>239.1</ele>
      </trkpt>
      <trkpt lat="47.08173" lon="5.46691">
        <ele>238.3</ele>
      </trkpt>
      <trkpt lat="47.08154" lon="5.46651">
        <ele>236.9</ele>
      </trkpt>
      <trkpt lat="47.08126" lon="5.46597">
        <ele>236.3</ele>
      </trkpt>
      <trkpt lat="47.08085" lon="5.4652">
        <ele>234.7</ele>
      </trkpt>
      <trkpt lat="47.08044" lon="5.46443">
        <ele>234.5</ele>
      </trkpt>
      <trkpt lat="47.08032" lon="5.46414">
        <ele>234.3</ele>
      </trkpt>
      <trkpt lat="47.08031" lon="5.46404">
        <ele>234.0</ele>
      </trkpt>
      <trkpt lat="47.08021" lon="5.4637">
        <ele>233.4</ele>
      </trkpt>
      <trkpt lat="47.08019" lon="5.46358">
        <ele>233.0</ele>
      </trkpt>
      <trkpt lat="47.08019" lon="5.46338">
        <ele>232.3</ele>
      </trkpt>
      <trkpt lat="47.08022" lon="5.46329">
        <ele>231.9</ele>
      </trkpt>
      <trkpt lat="47.08022" lon="5.46324">
        <ele>231.7</ele>
      </trkpt>
      <trkpt lat="47.08021" lon="5.46317">
        <ele>231.7</ele>
      </trkpt>
      <trkpt lat="47.08022" lon="5.46298">
        <ele>231.2</ele>
      </trkpt>
      <trkpt lat="47.08033" lon="5.46262">
        <ele>230.1</ele>
      </trkpt>
      <trkpt lat="47.08043" lon="5.46224">
        <ele>228.8</ele>
      </trkpt>
      <trkpt lat="47.08052" lon="5.46179">
        <ele>227.4</ele>
      </trkpt>
      <trkpt lat="47.08056" lon="5.46148">
        <ele>226.3</ele>
      </trkpt>
      <trkpt lat="47.08074" lon="5.4605">
        <ele>222.1</ele>
      </trkpt>
      <trkpt lat="47.08092" lon="5.45953">
        <ele>219.2</ele>
      </trkpt>
      <trkpt lat="47.08093" lon="5.45946">
        <ele>219.1</ele>
      </trkpt>
      <trkpt lat="47.08096" lon="5.45939">
        <ele>218.9</ele>
      </trkpt>
      <trkpt lat="47.08102" lon="5.45914">
        <ele>218.5</ele>
      </trkpt>
      <trkpt lat="47.08104" lon="5.45897">
        <ele>218.0</ele>
      </trkpt>
      <trkpt lat="47.08104" lon="5.45885">
        <ele>217.7</ele>
      </trkpt>
      <trkpt lat="47.081" lon="5.45862">
        <ele>217.3</ele>
      </trkpt>
      <trkpt lat="47.08093" lon="5.45849">
        <ele>217.1</ele>
      </trkpt>
      <trkpt lat="47.08087" lon="5.45838">
        <ele>217.0</ele>
      </trkpt>
      <trkpt lat="47.08061" lon="5.45803">
        <ele>216.3</ele>
      </trkpt>
      <trkpt lat="47.08056" lon="5.45798">
        <ele>216.2</ele>
      </trkpt>
      <trkpt lat="47.08044" lon="5.4578">
        <ele>215.8</ele>
      </trkpt>
      <trkpt lat="47.08036" lon="5.45769">
        <ele>215.7</ele>
      </trkpt>
      <trkpt lat="47.08022" lon="5.45747">
        <ele>215.4</ele>
      </trkpt>
      <trkpt lat="47.07975" lon="5.4567">
        <ele>212.7</ele>
      </trkpt>
      <trkpt lat="47.07929" lon="5.45593">
        <ele>211.8</ele>
      </trkpt>
      <trkpt lat="47.07926" lon="5.45582">
        <ele>211.6</ele>
      </trkpt>
      <trkpt lat="47.07924" lon="5.45571">
        <ele>211.3</ele>
      </trkpt>
      <trkpt lat="47.07924" lon="5.45559">
        <ele>210.9</ele>
      </trkpt>
      <trkpt lat="47.07929" lon="5.45505">
        <ele>209.0</ele>
      </trkpt>
      <trkpt lat="47.07928" lon="5.45491">
        <ele>208.8</ele>
      </trkpt>
      <trkpt lat="47.07926" lon="5.4548">
        <ele>208.6</ele>
      </trkpt>
      <trkpt lat="47.07929" lon="5.45477">
        <ele>208.6</ele>
      </trkpt>
      <trkpt lat="47.07931" lon="5.45473">
        <ele>208.5</ele>
      </trkpt>
      <trkpt lat="47.07931" lon="5.45467">
        <ele>208.4</ele>
      </trkpt>
      <trkpt lat="47.07929" lon="5.45462">
        <ele>208.4</ele>
      </trkpt>
      <trkpt lat="47.07927" lon="5.4546">
        <ele>208.4</ele>
      </trkpt>
      <trkpt lat="47.07944" lon="5.45414">
        <ele>207.7</ele>
      </trkpt>
      <trkpt lat="47.07949" lon="5.45403">
        <ele>207.6</ele>
      </trkpt>
      <trkpt lat="47.07957" lon="5.4539">
        <ele>207.5</ele>
      </trkpt>
      <trkpt lat="47.07968" lon="5.45375">
        <ele>207.5</ele>
      </trkpt>
      <trkpt lat="47.0799" lon="5.45346">
        <ele>207.8</ele>
      </trkpt>
      <trkpt lat="47.0802" lon="5.45313">
        <ele>209.0</ele>
      </trkpt>
      <trkpt lat="47.08035" lon="5.45299">
        <ele>209.7</ele>
      </trkpt>
      <trkpt lat="47.08039" lon="5.45291">
        <ele>209.9</ele>
      </trkpt>
      <trkpt lat="47.08042" lon="5.45283">
        <ele>210.1</ele>
      </trkpt>
      <trkpt lat="47.08043" lon="5.45271">
        <ele>210.3</ele>
      </trkpt>
      <trkpt lat="47.0804" lon="5.45259">
        <ele>210.3</ele>
      </trkpt>
      <trkpt lat="47.08036" lon="5.45249">
        <ele>210.3</ele>
      </trkpt>
      <trkpt lat="47.08" lon="5.45176">
        <ele>208.1</ele>
      </trkpt>
      <trkpt lat="47.07964" lon="5.45103">
        <ele>209.1</ele>
      </trkpt>
      <trkpt lat="47.07922" lon="5.45018">
        <ele>209.3</ele>
      </trkpt>
      <trkpt lat="47.0788" lon="5.44934">
        <ele>208.0</ele>
      </trkpt>
      <trkpt lat="47.07837" lon="5.4485">
        <ele>208.6</ele>
      </trkpt>
      <trkpt lat="47.07829" lon="5.44831">
        <ele>208.9</ele>
      </trkpt>
      <trkpt lat="47.07825" lon="5.44819">
        <ele>209.0</ele>
      </trkpt>
      <trkpt lat="47.07821" lon="5.44801">
        <ele>209.0</ele>
      </trkpt>
      <trkpt lat="47.07819" lon="5.44784">
        <ele>209.1</ele>
      </trkpt>
      <trkpt lat="47.07817" lon="5.44754">
        <ele>209.4</ele>
      </trkpt>
      <trkpt lat="47.07817" lon="5.44722">
        <ele>209.1</ele>
      </trkpt>
      <trkpt lat="47.07819" lon="5.44663">
        <ele>208.4</ele>
      </trkpt>
      <trkpt lat="47.07822" lon="5.44624">
        <ele>208.1</ele>
      </trkpt>
      <trkpt lat="47.07836" lon="5.44519">
        <ele>208.8</ele>
      </trkpt>
      <trkpt lat="47.07851" lon="5.44414">
        <ele>212.5</ele>
      </trkpt>
      <trkpt lat="47.07854" lon="5.44388">
        <ele>213.4</ele>
      </trkpt>
      <trkpt lat="47.07854" lon="5.44375">
        <ele>213.8</ele>
      </trkpt>
      <trkpt lat="47.07852" lon="5.44348">
        <ele>214.5</ele>
      </trkpt>
      <trkpt lat="47.07846" lon="5.44288">
        <ele>215.5</ele>
      </trkpt>
      <trkpt lat="47.07836" lon="5.44177">
        <ele>217.7</ele>
      </trkpt>
      <trkpt lat="47.07826" lon="5.44066">
        <ele>219.2</ele>
      </trkpt>
      <trkpt lat="47.07817" lon="5.4398">
        <ele>220.1</ele>
      </trkpt>
      <trkpt lat="47.07809" lon="5.43925">
        <ele>219.8</ele>
      </trkpt>
      <trkpt lat="47.07801" lon="5.43881">
        <ele>220.7</ele>
      </trkpt>
      <trkpt lat="47.07781" lon="5.43783">
        <ele>222.5</ele>
      </trkpt>
      <trkpt lat="47.07761" lon="5.43684">
        <ele>222.5</ele>
      </trkpt>
      <trkpt lat="47.07743" lon="5.43593">
        <ele>223.1</ele>
      </trkpt>
      <trkpt lat="47.07725" lon="5.43501">
        <ele>225.9</ele>
      </trkpt>
      <trkpt lat="47.07715" lon="5.43435">
        <ele>228.3</ele>
      </trkpt>
      <trkpt lat="47.0771" lon="5.43392">
        <ele>229.7</ele>
      </trkpt>
      <trkpt lat="47.07706" lon="5.4334">
        <ele>231.3</ele>
      </trkpt>
      <trkpt lat="47.07702" lon="5.43291">
        <ele>231.5</ele>
      </trkpt>
      <trkpt lat="47.07696" lon="5.43166">
        <ele>232.0</ele>
      </trkpt>
      <trkpt lat="47.07689" lon="5.43041">
        <ele>235.1</ele>
      </trkpt>
      <trkpt lat="47.07684" lon="5.42921">
        <ele>239.0</ele>
      </trkpt>
      <trkpt lat="47.07679" lon="5.42801">
        <ele>239.3</ele>
      </trkpt>
      <trkpt lat="47.07672" lon="5.42689">
        <ele>237.9</ele>
      </trkpt>
      <trkpt lat="47.07666" lon="5.42578">
        <ele>239.1</ele>
      </trkpt>
      <trkpt lat="47.07659" lon="5.42466">
        <ele>240.7</ele>
      </trkpt>
      <trkpt lat="47.07653" lon="5.42425">
        <ele>240.4</ele>
      </trkpt>
      <trkpt lat="47.07644" lon="5.42386">
        <ele>238.5</ele>
      </trkpt>
      <trkpt lat="47.07632" lon="5.42342">
        <ele>236.1</ele>
      </trkpt>
      <trkpt lat="47.0762" lon="5.42306">
        <ele>234.4</ele>
      </trkpt>
      <trkpt lat="47.07606" lon="5.42268">
        <ele>232.8</ele>
      </trkpt>
      <trkpt lat="47.0756" lon="5.42166">
        <ele>231.0</ele>
      </trkpt>
      <trkpt lat="47.07514" lon="5.42064">
        <ele>228.2</ele>
      </trkpt>
      <trkpt lat="47.07503" lon="5.42033">
        <ele>227.2</ele>
      </trkpt>
      <trkpt lat="47.07498" lon="5.42018">
        <ele>226.6</ele>
      </trkpt>
      <trkpt lat="47.07493" lon="5.41998">
        <ele>225.9</ele>
      </trkpt>
      <trkpt lat="47.07487" lon="5.41977">
        <ele>224.7</ele>
      </trkpt>
      <trkpt lat="47.07483" lon="5.4195">
        <ele>223.1</ele>
      </trkpt>
      <trkpt lat="47.0748" lon="5.41933">
        <ele>222.1</ele>
      </trkpt>
      <trkpt lat="47.07478" lon="5.41902">
        <ele>221.0</ele>
      </trkpt>
      <trkpt lat="47.07477" lon="5.41857">
        <ele>220.4</ele>
      </trkpt>
      <trkpt lat="47.07479" lon="5.4182">
        <ele>219.9</ele>
      </trkpt>
      <trkpt lat="47.07484" lon="5.41778">
        <ele>219.7</ele>
      </trkpt>
      <trkpt lat="47.0749" lon="5.41737">
        <ele>219.6</ele>
      </trkpt>
      <trkpt lat="47.07495" lon="5.41715">
        <ele>219.5</ele>
      </trkpt>
      <trkpt lat="47.075" lon="5.41702">
        <ele>219.4</ele>
      </trkpt>
      <trkpt lat="47.07531" lon="5.41645">
        <ele>218.7</ele>
      </trkpt>
      <trkpt lat="47.07551" lon="5.41599">
        <ele>218.9</ele>
      </trkpt>
      <trkpt lat="47.07537" lon="5.41561">
        <ele>217.9</ele>
      </trkpt>
      <trkpt lat="47.07532" lon="5.4151">
        <ele>215.5</ele>
      </trkpt>
      <trkpt lat="47.07528" lon="5.41487">
        <ele>214.4</ele>
      </trkpt>
      <trkpt lat="47.07523" lon="5.41462">
        <ele>213.3</ele>
      </trkpt>
      <trkpt lat="47.07506" lon="5.41421">
        <ele>211.3</ele>
      </trkpt>
      <trkpt lat="47.07496" lon="5.41404">
        <ele>210.9</ele>
      </trkpt>
      <trkpt lat="47.07483" lon="5.41393">
        <ele>210.9</ele>
      </trkpt>
      <trkpt lat="47.07473" lon="5.4139">
        <ele>211.0</ele>
      </trkpt>
      <trkpt lat="47.0746" lon="5.41389">
        <ele>211.1</ele>
      </trkpt>
      <trkpt lat="47.0747" lon="5.41327">
        <ele>210.1</ele>
      </trkpt>
      <trkpt lat="47.07476" lon="5.41308">
        <ele>209.4</ele>
      </trkpt>
      <trkpt lat="47.07464" lon="5.41288">
        <ele>208.8</ele>
      </trkpt>
      <trkpt lat="47.07468" lon="5.41286">
        <ele>208.7</ele>
      </trkpt>
      <trkpt lat="47.07484" lon="5.41269">
        <ele>207.9</ele>
      </trkpt>
      <trkpt lat="47.07514" lon="5.41239">
        <ele>206.8</ele>
      </trkpt>
      <trkpt lat="47.0753" lon="5.41226">
        <ele>206.4</ele>
      </trkpt>
      <trkpt lat="47.07529" lon="5.41222">
        <ele>206.3</ele>
      </trkpt>
      <trkpt lat="47.07547" lon="5.41163">
        <ele>204.2</ele>
      </trkpt>
      <trkpt lat="47.07553" lon="5.41155">
        <ele>203.7</ele>
      </trkpt>
      <trkpt lat="47.07541" lon="5.41131">
        <ele>203.2</ele>
      </trkpt>
      <trkpt lat="47.0753" lon="5.41116">
        <ele>202.9</ele>
      </trkpt>
      <trkpt lat="47.07489" lon="5.41076">
        <ele>201.9</ele>
      </trkpt>
      <trkpt lat="47.07452" lon="5.41037">
        <ele>201.5</ele>
      </trkpt>
      <trkpt lat="47.07449" lon="5.41033">
        <ele>201.4</ele>
      </trkpt>
      <trkpt lat="47.07448" lon="5.41023">
        <ele>201.2</ele>
      </trkpt>
      <trkpt lat="47.07449" lon="5.41015">
        <ele>201.0</ele>
      </trkpt>
      <trkpt lat="47.07458" lon="5.40969">
        <ele>200.3</ele>
      </trkpt>
      <trkpt lat="47.0746" lon="5.40961">
        <ele>200.3</ele>
      </trkpt>
      <trkpt lat="47.07463" lon="5.40948">
        <ele>200.3</ele>
      </trkpt>
      <trkpt lat="47.07472" lon="5.40926">
        <ele>200.6</ele>
      </trkpt>
      <trkpt lat="47.07502" lon="5.40872">
        <ele>202.1</ele>
      </trkpt>
      <trkpt lat="47.07532" lon="5.40817">
        <ele>202.4</ele>
      </trkpt>
      <trkpt lat="47.07537" lon="5.40804">
        <ele>202.2</ele>
      </trkpt>
      <trkpt lat="47.07543" lon="5.40775">
        <ele>201.6</ele>
      </trkpt>
      <trkpt lat="47.07551" lon="5.40702">
        <ele>200.7</ele>
      </trkpt>
      <trkpt lat="47.07564" lon="5.40602">
        <ele>201.1</ele>
      </trkpt>
      <trkpt lat="47.07577" lon="5.40502">
        <ele>201.8</ele>
      </trkpt>
      <trkpt lat="47.07585" lon="5.40504">
        <ele>202.1</ele>
      </trkpt>
      <trkpt lat="47.07586" lon="5.40493">
        <ele>202.3</ele>
      </trkpt>
      <trkpt lat="47.076" lon="5.40376">
        <ele>206.1</ele>
      </trkpt>
      <trkpt lat="47.07615" lon="5.40259">
        <ele>209.2</ele>
      </trkpt>
      <trkpt lat="47.07629" lon="5.40142">
        <ele>210.3</ele>
      </trkpt>
      <trkpt lat="47.07645" lon="5.40017">
        <ele>210.4</ele>
      </trkpt>
      <trkpt lat="47.07661" lon="5.39891">
        <ele>208.7</ele>
      </trkpt>
      <trkpt lat="47.07677" lon="5.39766">
        <ele>205.4</ele>
      </trkpt>
      <trkpt lat="47.07693" lon="5.39641">
        <ele>202.3</ele>
      </trkpt>
      <trkpt lat="47.07709" lon="5.39515">
        <ele>200.3</ele>
      </trkpt>
      <trkpt lat="47.07724" lon="5.3939">
        <ele>198.5</ele>
      </trkpt>
      <trkpt lat="47.0774" lon="5.39265">
        <ele>196.9</ele>
      </trkpt>
      <trkpt lat="47.07756" lon="5.39139">
        <ele>196.4</ele>
      </trkpt>
      <trkpt lat="47.07756" lon="5.39121">
        <ele>196.4</ele>
      </trkpt>
      <trkpt lat="47.07756" lon="5.39112">
        <ele>196.4</ele>
      </trkpt>
      <trkpt lat="47.07742" lon="5.39075">
        <ele>195.4</ele>
      </trkpt>
      <trkpt lat="47.07701" lon="5.38975">
        <ele>192.2</ele>
      </trkpt>
      <trkpt lat="47.07659" lon="5.38875">
        <ele>190.3</ele>
      </trkpt>
      <trkpt lat="47.07618" lon="5.38774">
        <ele>189.1</ele>
      </trkpt>
      <trkpt lat="47.07612" lon="5.38744">
        <ele>189.0</ele>
      </trkpt>
      <trkpt lat="47.07602" lon="5.38676">
        <ele>188.3</ele>
      </trkpt>
      <trkpt lat="47.07592" lon="5.38609">
        <ele>188.1</ele>
      </trkpt>
      <trkpt lat="47.07578" lon="5.38499">
        <ele>189.0</ele>
      </trkpt>
      <trkpt lat="47.07565" lon="5.38389">
        <ele>190.8</ele>
      </trkpt>
      <trkpt lat="47.0755" lon="5.38272">
        <ele>193.0</ele>
      </trkpt>
      <trkpt lat="47.07535" lon="5.38156">
        <ele>194.7</ele>
      </trkpt>
      <trkpt lat="47.0752" lon="5.38039">
        <ele>192.3</ele>
      </trkpt>
      <trkpt lat="47.07512" lon="5.37923">
        <ele>190.1</ele>
      </trkpt>
      <trkpt lat="47.07504" lon="5.37807">
        <ele>190.2</ele>
      </trkpt>
      <trkpt lat="47.07493" lon="5.37723">
        <ele>190.6</ele>
      </trkpt>
      <trkpt lat="47.07482" lon="5.37638">
        <ele>190.7</ele>
      </trkpt>
      <trkpt lat="47.07476" lon="5.37576">
        <ele>191.9</ele>
      </trkpt>
      <trkpt lat="47.07465" lon="5.37475">
        <ele>191.9</ele>
      </trkpt>
      <trkpt lat="47.07459" lon="5.37431">
        <ele>192.7</ele>
      </trkpt>
      <trkpt lat="47.0745" lon="5.37391">
        <ele>193.6</ele>
      </trkpt>
      <trkpt lat="47.07433" lon="5.37332">
        <ele>194.4</ele>
      </trkpt>
      <trkpt lat="47.07414" lon="5.37273">
        <ele>194.6</ele>
      </trkpt>
      <trkpt lat="47.07382" lon="5.37216">
        <ele>195.0</ele>
      </trkpt>
      <trkpt lat="47.0735" lon="5.3716">
        <ele>195.5</ele>
      </trkpt>
      <trkpt lat="47.07333" lon="5.37138">
        <ele>195.3</ele>
      </trkpt>
      <trkpt lat="47.07315" lon="5.37118">
        <ele>194.3</ele>
      </trkpt>
      <trkpt lat="47.073" lon="5.37105">
        <ele>193.4</ele>
      </trkpt>
      <trkpt lat="47.07255" lon="5.37081">
        <ele>190.4</ele>
      </trkpt>
      <trkpt lat="47.07244" lon="5.3708">
        <ele>189.9</ele>
      </trkpt>
      <trkpt lat="47.07242" lon="5.37079">
        <ele>189.9</ele>
      </trkpt>
      <trkpt lat="47.07234" lon="5.37073">
        <ele>189.8</ele>
      </trkpt>
      <trkpt lat="47.07231" lon="5.37071">
        <ele>189.7</ele>
      </trkpt>
      <trkpt lat="47.07228" lon="5.37066">
        <ele>189.7</ele>
      </trkpt>
      <trkpt lat="47.07215" lon="5.37058">
        <ele>189.4</ele>
      </trkpt>
      <trkpt lat="47.07215" lon="5.37062">
        <ele>189.5</ele>
      </trkpt>
      <trkpt lat="47.07172" lon="5.37032">
        <ele>188.5</ele>
      </trkpt>
      <trkpt lat="47.0713" lon="5.37001">
        <ele>188.0</ele>
      </trkpt>
      <trkpt lat="47.07141" lon="5.36972">
        <ele>187.7</ele>
      </trkpt>
      <trkpt lat="47.07175" lon="5.36872">
        <ele>186.6</ele>
      </trkpt>
      <trkpt lat="47.07208" lon="5.36771">
        <ele>187.4</ele>
      </trkpt>
      <trkpt lat="47.07242" lon="5.36671">
        <ele>189.6</ele>
      </trkpt>
      <trkpt lat="47.07276" lon="5.36571">
        <ele>190.9</ele>
      </trkpt>
      <trkpt lat="47.0731" lon="5.3647">
        <ele>192.7</ele>
      </trkpt>
      <trkpt lat="47.07325" lon="5.36439">
        <ele>192.6</ele>
      </trkpt>
      <trkpt lat="47.07348" lon="5.36411">
        <ele>192.5</ele>
      </trkpt>
      <trkpt lat="47.07424" lon="5.36366">
        <ele>192.0</ele>
      </trkpt>
      <trkpt lat="47.07499" lon="5.3632">
        <ele>193.7</ele>
      </trkpt>
      <trkpt lat="47.07574" lon="5.36275">
        <ele>192.1</ele>
      </trkpt>
      <trkpt lat="47.07631" lon="5.36238">
        <ele>192.7</ele>
      </trkpt>
      <trkpt lat="47.07688" lon="5.36201">
        <ele>190.8</ele>
      </trkpt>
      <trkpt lat="47.07768" lon="5.36153">
        <ele>188.7</ele>
      </trkpt>
      <trkpt lat="47.07848" lon="5.36105">
        <ele>189.7</ele>
      </trkpt>
      <trkpt lat="47.07895" lon="5.36075">
        <ele>191.0</ele>
      </trkpt>
      <trkpt lat="47.07942" lon="5.36046">
        <ele>191.3</ele>
      </trkpt>
      <trkpt lat="47.07988" lon="5.36018">
        <ele>190.2</ele>
      </trkpt>
      <trkpt lat="47.08055" lon="5.35978">
        <ele>190.2</ele>
      </trkpt>
      <trkpt lat="47.08121" lon="5.35938">
        <ele>190.2</ele>
      </trkpt>
      <trkpt lat="47.08188" lon="5.35897">
        <ele>188.3</ele>
      </trkpt>
      <trkpt lat="47.08255" lon="5.35857">
        <ele>186.4</ele>
      </trkpt>
      <trkpt lat="47.08322" lon="5.35817">
        <ele>186.1</ele>
      </trkpt>
      <trkpt lat="47.08334" lon="5.35808">
        <ele>186.0</ele>
      </trkpt>
      <trkpt lat="47.08344" lon="5.35798">
        <ele>185.9</ele>
      </trkpt>
      <trkpt lat="47.08351" lon="5.35789">
        <ele>185.9</ele>
      </trkpt>
      <trkpt lat="47.08358" lon="5.35778">
        <ele>185.9</ele>
      </trkpt>
      <trkpt lat="47.08366" lon="5.35761">
        <ele>185.9</ele>
      </trkpt>
      <trkpt lat="47.08371" lon="5.35746">
        <ele>186.0</ele>
      </trkpt>
      <trkpt lat="47.08395" lon="5.35621">
        <ele>186.6</ele>
      </trkpt>
      <trkpt lat="47.08395" lon="5.35611">
        <ele>186.6</ele>
      </trkpt>
      <trkpt lat="47.084" lon="5.35579">
        <ele>186.8</ele>
      </trkpt>
      <trkpt lat="47.08422" lon="5.35454">
        <ele>187.4</ele>
      </trkpt>
      <trkpt lat="47.08444" lon="5.3533">
        <ele>187.0</ele>
      </trkpt>
      <trkpt lat="47.08466" lon="5.35206">
        <ele>187.4</ele>
      </trkpt>
      <trkpt lat="47.08488" lon="5.35081">
        <ele>188.7</ele>
      </trkpt>
      <trkpt lat="47.0851" lon="5.34957">
        <ele>189.7</ele>
      </trkpt>
      <trkpt lat="47.08532" lon="5.34833">
        <ele>187.9</ele>
      </trkpt>
      <trkpt lat="47.08553" lon="5.34708">
        <ele>186.5</ele>
      </trkpt>
      <trkpt lat="47.0856" lon="5.34676">
        <ele>186.1</ele>
      </trkpt>
      <trkpt lat="47.08582" lon="5.34549">
        <ele>186.6</ele>
      </trkpt>
      <trkpt lat="47.08604" lon="5.34423">
        <ele>185.8</ele>
      </trkpt>
      <trkpt lat="47.08614" lon="5.34363">
        <ele>186.8</ele>
      </trkpt>
      <trkpt lat="47.0862" lon="5.34341">
        <ele>187.2</ele>
      </trkpt>
      <trkpt lat="47.08621" lon="5.3433">
        <ele>187.4</ele>
      </trkpt>
      <trkpt lat="47.08621" lon="5.34298">
        <ele>188.0</ele>
      </trkpt>
      <trkpt lat="47.08622" lon="5.34288">
        <ele>188.2</ele>
      </trkpt>
      <trkpt lat="47.08624" lon="5.34279">
        <ele>188.5</ele>
      </trkpt>
      <trkpt lat="47.0863" lon="5.34263">
        <ele>189.0</ele>
      </trkpt>
      <trkpt lat="47.08635" lon="5.34246">
        <ele>189.5</ele>
      </trkpt>
      <trkpt lat="47.08651" lon="5.34152">
        <ele>189.5</ele>
      </trkpt>
      <trkpt lat="47.08667" lon="5.34058">
        <ele>189.0</ele>
      </trkpt>
      <trkpt lat="47.08679" lon="5.33975">
        <ele>189.0</ele>
      </trkpt>
      <trkpt lat="47.08692" lon="5.33892">
        <ele>188.3</ele>
      </trkpt>
      <trkpt lat="47.08698" lon="5.33856">
        <ele>187.9</ele>
      </trkpt>
      <trkpt lat="47.08704" lon="5.33825">
        <ele>187.7</ele>
      </trkpt>
      <trkpt lat="47.08713" lon="5.33782">
        <ele>188.1</ele>
      </trkpt>
      <trkpt lat="47.08722" lon="5.33753">
        <ele>188.3</ele>
      </trkpt>
      <trkpt lat="47.08726" lon="5.33744">
        <ele>188.2</ele>
      </trkpt>
      <trkpt lat="47.08759" lon="5.33667">
        <ele>188.0</ele>
      </trkpt>
      <trkpt lat="47.08793" lon="5.3359">
        <ele>188.1</ele>
      </trkpt>
      <trkpt lat="47.08804" lon="5.3356">
        <ele>188.8</ele>
      </trkpt>
      <trkpt lat="47.08811" lon="5.33531">
        <ele>189.5</ele>
      </trkpt>
      <trkpt lat="47.08815" lon="5.335">
        <ele>190.1</ele>
      </trkpt>
      <trkpt lat="47.08818" lon="5.33458">
        <ele>190.4</ele>
      </trkpt>
      <trkpt lat="47.08822" lon="5.33378">
        <ele>190.6</ele>
      </trkpt>
      <trkpt lat="47.08825" lon="5.33298">
        <ele>190.3</ele>
      </trkpt>
      <trkpt lat="47.08828" lon="5.33257">
        <ele>190.0</ele>
      </trkpt>
      <trkpt lat="47.0883" lon="5.3319">
        <ele>189.9</ele>
      </trkpt>
      <trkpt lat="47.08834" lon="5.33088">
        <ele>188.2</ele>
      </trkpt>
      <trkpt lat="47.08839" lon="5.32986">
        <ele>187.4</ele>
      </trkpt>
      <trkpt lat="47.08841" lon="5.32961">
        <ele>187.8</ele>
      </trkpt>
      <trkpt lat="47.08845" lon="5.32937">
        <ele>188.2</ele>
      </trkpt>
      <trkpt lat="47.08851" lon="5.32914">
        <ele>188.6</ele>
      </trkpt>
      <trkpt lat="47.08859" lon="5.32894">
        <ele>188.7</ele>
      </trkpt>
      <trkpt lat="47.08867" lon="5.32876">
        <ele>188.8</ele>
      </trkpt>
      <trkpt lat="47.08874" lon="5.32865">
        <ele>188.8</ele>
      </trkpt>
      <trkpt lat="47.0888" lon="5.32855">
        <ele>188.9</ele>
      </trkpt>
      <trkpt lat="47.08891" lon="5.32844">
        <ele>188.9</ele>
      </trkpt>
      <trkpt lat="47.08908" lon="5.32828">
        <ele>188.6</ele>
      </trkpt>
      <trkpt lat="47.0894" lon="5.3281">
        <ele>188.0</ele>
      </trkpt>
      <trkpt lat="47.08963" lon="5.32802">
        <ele>187.9</ele>
      </trkpt>
      <trkpt lat="47.0898" lon="5.32792">
        <ele>187.7</ele>
      </trkpt>
      <trkpt lat="47.09027" lon="5.32759">
        <ele>186.6</ele>
      </trkpt>
      <trkpt lat="47.09096" lon="5.3271">
        <ele>186.3</ele>
      </trkpt>
      <trkpt lat="47.09108" lon="5.327">
        <ele>186.3</ele>
      </trkpt>
      <trkpt lat="47.09118" lon="5.32688">
        <ele>186.4</ele>
      </trkpt>
      <trkpt lat="47.09141" lon="5.32652">
        <ele>186.6</ele>
      </trkpt>
      <trkpt lat="47.09155" lon="5.32633">
        <ele>186.4</ele>
      </trkpt>
      <trkpt lat="47.09197" lon="5.32586">
        <ele>185.8</ele>
      </trkpt>
      <trkpt lat="47.09213" lon="5.32573">
        <ele>185.9</ele>
      </trkpt>
      <trkpt lat="47.09259" lon="5.32542">
        <ele>186.1</ele>
      </trkpt>
      <trkpt lat="47.09296" lon="5.3252">
        <ele>185.7</ele>
      </trkpt>
      <trkpt lat="47.09307" lon="5.32516">
        <ele>185.6</ele>
      </trkpt>
      <trkpt lat="47.09323" lon="5.32514">
        <ele>185.6</ele>
      </trkpt>
      <trkpt lat="47.09344" lon="5.32514">
        <ele>185.6</ele>
      </trkpt>
      <trkpt lat="47.09382" lon="5.32516">
        <ele>185.7</ele>
      </trkpt>
      <trkpt lat="47.09457" lon="5.32523">
        <ele>186.3</ele>
      </trkpt>
      <trkpt lat="47.09513" lon="5.3253">
        <ele>187.4</ele>
      </trkpt>
      <trkpt lat="47.09571" lon="5.3254">
        <ele>189.1</ele>
      </trkpt>
      <trkpt lat="47.09628" lon="5.3255">
        <ele>189.8</ele>
      </trkpt>
      <trkpt lat="47.09643" lon="5.32547">
        <ele>189.8</ele>
      </trkpt>
      <trkpt lat="47.09662" lon="5.32532">
        <ele>190.2</ele>
      </trkpt>
      <trkpt lat="47.09673" lon="5.32513">
        <ele>190.8</ele>
      </trkpt>
      <trkpt lat="47.09678" lon="5.32501">
        <ele>191.2</ele>
      </trkpt>
      <trkpt lat="47.09683" lon="5.32476">
        <ele>191.7</ele>
      </trkpt>
      <trkpt lat="47.09684" lon="5.32463">
        <ele>191.9</ele>
      </trkpt>
      <trkpt lat="47.09675" lon="5.32402">
        <ele>191.6</ele>
      </trkpt>
      <trkpt lat="47.09675" lon="5.32384">
        <ele>191.3</ele>
      </trkpt>
      <trkpt lat="47.09675" lon="5.32371">
        <ele>191.2</ele>
      </trkpt>
      <trkpt lat="47.09676" lon="5.32358">
        <ele>191.3</ele>
      </trkpt>
      <trkpt lat="47.09681" lon="5.32332">
        <ele>191.5</ele>
      </trkpt>
      <trkpt lat="47.09694" lon="5.32287">
        <ele>189.9</ele>
      </trkpt>
      <trkpt lat="47.09721" lon="5.32197">
        <ele>189.8</ele>
      </trkpt>
      <trkpt lat="47.09733" lon="5.32163">
        <ele>190.6</ele>
      </trkpt>
      <trkpt lat="47.09748" lon="5.32131">
        <ele>191.0</ele>
      </trkpt>
      <trkpt lat="47.0976" lon="5.32108">
        <ele>190.6</ele>
      </trkpt>
      <trkpt lat="47.0978" lon="5.32073">
        <ele>189.5</ele>
      </trkpt>
      <trkpt lat="47.09796" lon="5.32051">
        <ele>189.2</ele>
      </trkpt>
      <trkpt lat="47.09812" lon="5.32031">
        <ele>189.3</ele>
      </trkpt>
      <trkpt lat="47.09825" lon="5.32019">
        <ele>189.9</ele>
      </trkpt>
      <trkpt lat="47.09839" lon="5.3201">
        <ele>190.0</ele>
      </trkpt>
      <trkpt lat="47.09847" lon="5.32006">
        <ele>189.7</ele>
      </trkpt>
      <trkpt lat="47.09892" lon="5.32">
        <ele>187.9</ele>
      </trkpt>
      <trkpt lat="47.09937" lon="5.31994">
        <ele>186.7</ele>
      </trkpt>
      <trkpt lat="47.09948" lon="5.31989">
        <ele>186.5</ele>
      </trkpt>
      <trkpt lat="47.09957" lon="5.31981">
        <ele>186.3</ele>
      </trkpt>
      <trkpt lat="47.09977" lon="5.31953">
        <ele>185.7</ele>
      </trkpt>
      <trkpt lat="47.09982" lon="5.31938">
        <ele>185.5</ele>
      </trkpt>
      <trkpt lat="47.10003" lon="5.31894">
        <ele>184.6</ele>
      </trkpt>
      <trkpt lat="47.10024" lon="5.31862">
        <ele>183.8</ele>
      </trkpt>
      <trkpt lat="47.10077" lon="5.31772">
        <ele>184.2</ele>
      </trkpt>
      <trkpt lat="47.10082" lon="5.31756">
        <ele>184.8</ele>
      </trkpt>
      <trkpt lat="47.10089" lon="5.31747">
        <ele>184.9</ele>
      </trkpt>
      <trkpt lat="47.10095" lon="5.31742">
        <ele>184.7</ele>
      </trkpt>
      <trkpt lat="47.10115" lon="5.31706">
        <ele>184.2</ele>
      </trkpt>
      <trkpt lat="47.10125" lon="5.31693">
        <ele>184.2</ele>
      </trkpt>
      <trkpt lat="47.10131" lon="5.31687">
        <ele>184.2</ele>
      </trkpt>
      <trkpt lat="47.10161" lon="5.31667">
        <ele>184.9</ele>
      </trkpt>
      <trkpt lat="47.10175" lon="5.3166">
        <ele>184.8</ele>
      </trkpt>
      <trkpt lat="47.10191" lon="5.31659">
        <ele>184.6</ele>
      </trkpt>
      <trkpt lat="47.10239" lon="5.31664">
        <ele>184.1</ele>
      </trkpt>
      <trkpt lat="47.10271" lon="5.31662">
        <ele>183.3</ele>
      </trkpt>
      <trkpt lat="47.1032" lon="5.31652">
        <ele>181.8</ele>
      </trkpt>
      <trkpt lat="47.10392" lon="5.31631">
        <ele>182.1</ele>
      </trkpt>
      <trkpt lat="47.10463" lon="5.3161">
        <ele>182.1</ele>
      </trkpt>
      <trkpt lat="47.10498" lon="5.31598">
        <ele>181.7</ele>
      </trkpt>
      <trkpt lat="47.10517" lon="5.31596">
        <ele>181.7</ele>
      </trkpt>
      <trkpt lat="47.10599" lon="5.31577">
        <ele>181.9</ele>
      </trkpt>
      <trkpt lat="47.10644" lon="5.31556">
        <ele>181.7</ele>
      </trkpt>
      <trkpt lat="47.10699" lon="5.31514">
        <ele>180.0</ele>
      </trkpt>
      <trkpt lat="47.10712" lon="5.315">
        <ele>179.4</ele>
      </trkpt>
      <trkpt lat="47.10733" lon="5.31469">
        <ele>178.6</ele>
      </trkpt>
      <trkpt lat="47.10753" lon="5.31428">
        <ele>178.0</ele>
      </trkpt>
      <trkpt lat="47.10763" lon="5.31391">
        <ele>178.5</ele>
      </trkpt>
      <trkpt lat="47.10785" lon="5.31348">
        <ele>179.2</ele>
      </trkpt>
      <trkpt lat="47.10785" lon="5.31345">
        <ele>179.3</ele>
      </trkpt>
      <trkpt lat="47.10784" lon="5.31342">
        <ele>179.3</ele>
      </trkpt>
      <trkpt lat="47.10781" lon="5.31338">
        <ele>179.3</ele>
      </trkpt>
      <trkpt lat="47.10775" lon="5.31332">
        <ele>179.3</ele>
      </trkpt>
      <trkpt lat="47.10754" lon="5.3131">
        <ele>179.3</ele>
      </trkpt>
      <trkpt lat="47.10747" lon="5.31297">
        <ele>179.4</ele>
      </trkpt>
      <trkpt lat="47.10747" lon="5.31292">
        <ele>179.5</ele>
      </trkpt>
      <trkpt lat="47.10756" lon="5.31265">
        <ele>179.8</ele>
      </trkpt>
      <trkpt lat="47.10764" lon="5.31227">
        <ele>179.8</ele>
      </trkpt>
      <trkpt lat="47.10761" lon="5.3119">
        <ele>179.5</ele>
      </trkpt>
      <trkpt lat="47.10755" lon="5.31156">
        <ele>178.8</ele>
      </trkpt>
      <trkpt lat="47.10741" lon="5.31085">
        <ele>176.4</ele>
      </trkpt>
      <trkpt lat="47.10727" lon="5.31014">
        <ele>176.4</ele>
      </trkpt>
      <trkpt lat="47.10723" lon="5.30988">
        <ele>176.5</ele>
      </trkpt>
      <trkpt lat="47.10715" lon="5.30903">
        <ele>178.1</ele>
      </trkpt>
      <trkpt lat="47.10713" lon="5.30892">
        <ele>178.4</ele>
      </trkpt>
      <trkpt lat="47.10698" lon="5.30812">
        <ele>179.2</ele>
      </trkpt>
      <trkpt lat="47.10683" lon="5.30733">
        <ele>178.9</ele>
      </trkpt>
      <trkpt lat="47.10674" lon="5.30672">
        <ele>177.4</ele>
      </trkpt>
      <trkpt lat="47.10669" lon="5.30648">
        <ele>176.6</ele>
      </trkpt>
      <trkpt lat="47.10663" lon="5.30625">
        <ele>176.0</ele>
      </trkpt>
      <trkpt lat="47.10649" lon="5.3058">
        <ele>175.6</ele>
      </trkpt>
      <trkpt lat="47.10625" lon="5.30519">
        <ele>178.3</ele>
      </trkpt>
      <trkpt lat="47.106" lon="5.30462">
        <ele>178.6</ele>
      </trkpt>
      <trkpt lat="47.10549" lon="5.30354">
        <ele>176.8</ele>
      </trkpt>
      <trkpt lat="47.10533" lon="5.30329">
        <ele>176.7</ele>
      </trkpt>
      <trkpt lat="47.10513" lon="5.30302">
        <ele>176.3</ele>
      </trkpt>
      <trkpt lat="47.105" lon="5.30286">
        <ele>175.7</ele>
      </trkpt>
      <trkpt lat="47.10426" lon="5.30223">
        <ele>175.8</ele>
      </trkpt>
      <trkpt lat="47.10375" lon="5.30175">
        <ele>176.6</ele>
      </trkpt>
      <trkpt lat="47.10308" lon="5.30091">
        <ele>177.3</ele>
      </trkpt>
      <trkpt lat="47.10274" lon="5.30049">
        <ele>178.2</ele>
      </trkpt>
      <trkpt lat="47.10224" lon="5.29969">
        <ele>180.0</ele>
      </trkpt>
      <trkpt lat="47.10193" lon="5.29897">
        <ele>182.1</ele>
      </trkpt>
      <trkpt lat="47.10162" lon="5.29807">
        <ele>184.5</ele>
      </trkpt>
      <trkpt lat="47.10153" lon="5.29768">
        <ele>185.3</ele>
      </trkpt>
      <trkpt lat="47.10144" lon="5.29717">
        <ele>184.9</ele>
      </trkpt>
      <trkpt lat="47.10142" lon="5.29632">
        <ele>182.9</ele>
      </trkpt>
      <trkpt lat="47.10145" lon="5.29547">
        <ele>180.0</ele>
      </trkpt>
      <trkpt lat="47.10144" lon="5.29531">
        <ele>179.1</ele>
      </trkpt>
      <trkpt lat="47.10141" lon="5.29511">
        <ele>178.1</ele>
      </trkpt>
      <trkpt lat="47.1014" lon="5.29475">
        <ele>176.9</ele>
      </trkpt>
      <trkpt lat="47.10145" lon="5.29388">
        <ele>175.8</ele>
      </trkpt>
      <trkpt lat="47.10149" lon="5.293">
        <ele>177.2</ele>
      </trkpt>
      <trkpt lat="47.10156" lon="5.29214">
        <ele>177.1</ele>
      </trkpt>
      <trkpt lat="47.10164" lon="5.29125">
        <ele>176.5</ele>
      </trkpt>
      <trkpt lat="47.10176" lon="5.29014">
        <ele>176.9</ele>
      </trkpt>
      <trkpt lat="47.10191" lon="5.28902">
        <ele>176.7</ele>
      </trkpt>
      <trkpt lat="47.10206" lon="5.2879">
        <ele>176.5</ele>
      </trkpt>
      <trkpt lat="47.10221" lon="5.28678">
        <ele>177.0</ele>
      </trkpt>
      <trkpt lat="47.10223" lon="5.28655">
        <ele>176.8</ele>
      </trkpt>
      <trkpt lat="47.10224" lon="5.28632">
        <ele>176.4</ele>
      </trkpt>
      <trkpt lat="47.10222" lon="5.28576">
        <ele>175.9</ele>
      </trkpt>
      <trkpt lat="47.10218" lon="5.28512">
        <ele>178.1</ele>
      </trkpt>
      <trkpt lat="47.10211" lon="5.28412">
        <ele>179.2</ele>
      </trkpt>
      <trkpt lat="47.10209" lon="5.28391">
        <ele>179.2</ele>
      </trkpt>
      <trkpt lat="47.102" lon="5.28324">
        <ele>179.0</ele>
      </trkpt>
      <trkpt lat="47.10191" lon="5.28257">
        <ele>177.8</ele>
      </trkpt>
      <trkpt lat="47.10179" lon="5.28181">
        <ele>179.1</ele>
      </trkpt>
      <trkpt lat="47.10168" lon="5.28105">
        <ele>179.0</ele>
      </trkpt>
      <trkpt lat="47.10155" lon="5.28009">
        <ele>178.2</ele>
      </trkpt>
      <trkpt lat="47.10141" lon="5.27912">
        <ele>177.8</ele>
      </trkpt>
      <trkpt lat="47.10128" lon="5.27815">
        <ele>175.7</ele>
      </trkpt>
      <trkpt lat="47.10123" lon="5.27789">
        <ele>176.3</ele>
      </trkpt>
      <trkpt lat="47.101" lon="5.27712">
        <ele>177.0</ele>
      </trkpt>
      <trkpt lat="47.10092" lon="5.27673">
        <ele>177.0</ele>
      </trkpt>
      <trkpt lat="47.10086" lon="5.27642">
        <ele>176.4</ele>
      </trkpt>
      <trkpt lat="47.10076" lon="5.27567">
        <ele>175.4</ele>
      </trkpt>
      <trkpt lat="47.1007" lon="5.27463">
        <ele>176.8</ele>
      </trkpt>
      <trkpt lat="47.10068" lon="5.27441">
        <ele>177.0</ele>
      </trkpt>
      <trkpt lat="47.10063" lon="5.27403">
        <ele>177.6</ele>
      </trkpt>
      <trkpt lat="47.10053" lon="5.27326">
        <ele>179.5</ele>
      </trkpt>
      <trkpt lat="47.10025" lon="5.27211">
        <ele>180.0</ele>
      </trkpt>
      <trkpt lat="47.1002" lon="5.27159">
        <ele>179.3</ele>
      </trkpt>
      <trkpt lat="47.10014" lon="5.27129">
        <ele>179.3</ele>
      </trkpt>
      <trkpt lat="47.09993" lon="5.2705">
        <ele>179.4</ele>
      </trkpt>
      <trkpt lat="47.09972" lon="5.2697">
        <ele>179.5</ele>
      </trkpt>
      <trkpt lat="47.09956" lon="5.26894">
        <ele>179.0</ele>
      </trkpt>
      <trkpt lat="47.09938" lon="5.26784">
        <ele>179.0</ele>
      </trkpt>
      <trkpt lat="47.09938" lon="5.26772">
        <ele>179.0</ele>
      </trkpt>
      <trkpt lat="47.09936" lon="5.26736">
        <ele>179.2</ele>
      </trkpt>
      <trkpt lat="47.09935" lon="5.26664">
        <ele>180.9</ele>
      </trkpt>
      <trkpt lat="47.09937" lon="5.26636">
        <ele>180.8</ele>
      </trkpt>
      <trkpt lat="47.09942" lon="5.26592">
        <ele>180.7</ele>
      </trkpt>
      <trkpt lat="47.09954" lon="5.26535">
        <ele>180.1</ele>
      </trkpt>
      <trkpt lat="47.09966" lon="5.26456">
        <ele>179.3</ele>
      </trkpt>
      <trkpt lat="47.09967" lon="5.26344">
        <ele>179.5</ele>
      </trkpt>
      <trkpt lat="47.09969" lon="5.263">
        <ele>178.8</ele>
      </trkpt>
      <trkpt lat="47.09974" lon="5.263">
        <ele>178.6</ele>
      </trkpt>
      <trkpt lat="47.10049" lon="5.26308">
        <ele>177.8</ele>
      </trkpt>
      <trkpt lat="47.10124" lon="5.26316">
        <ele>180.3</ele>
      </trkpt>
      <trkpt lat="47.10129" lon="5.26316">
        <ele>180.6</ele>
      </trkpt>
      <trkpt lat="47.1016" lon="5.26317">
        <ele>181.9</ele>
      </trkpt>
      <trkpt lat="47.10158" lon="5.26274">
        <ele>182.2</ele>
      </trkpt>
      <trkpt lat="47.10149" lon="5.26212">
        <ele>181.3</ele>
      </trkpt>
      <trkpt lat="47.1014" lon="5.26136">
        <ele>180.3</ele>
      </trkpt>
      <trkpt lat="47.10138" lon="5.26112">
        <ele>180.4</ele>
      </trkpt>
      <trkpt lat="47.1014" lon="5.26104">
        <ele>180.6</ele>
      </trkpt>
      <trkpt lat="47.10153" lon="5.26087">
        <ele>181.3</ele>
      </trkpt>
      <trkpt lat="47.10141" lon="5.2608">
        <ele>180.9</ele>
      </trkpt>
      <trkpt lat="47.10148" lon="5.26068">
        <ele>181.5</ele>
      </trkpt>
      <trkpt lat="47.10162" lon="5.26045">
        <ele>182.7</ele>
      </trkpt>
      <trkpt lat="47.10173" lon="5.26028">
        <ele>183.3</ele>
      </trkpt>
      <trkpt lat="47.10188" lon="5.2601">
        <ele>183.4</ele>
      </trkpt>
      <trkpt lat="47.10212" lon="5.25992">
        <ele>182.9</ele>
      </trkpt>
      <trkpt lat="47.1022" lon="5.2598">
        <ele>182.6</ele>
      </trkpt>
      <trkpt lat="47.1024" lon="5.25944">
        <ele>181.7</ele>
      </trkpt>
      <trkpt lat="47.10251" lon="5.25927">
        <ele>181.1</ele>
      </trkpt>
      <trkpt lat="47.10255" lon="5.2592">
        <ele>180.9</ele>
      </trkpt>
      <trkpt lat="47.10259" lon="5.25911">
        <ele>180.7</ele>
      </trkpt>
      <trkpt lat="47.1026" lon="5.25903">
        <ele>180.5</ele>
      </trkpt>
      <trkpt lat="47.1026" lon="5.25894">
        <ele>180.3</ele>
      </trkpt>
      <trkpt lat="47.10258" lon="5.25884">
        <ele>180.1</ele>
      </trkpt>
      <trkpt lat="47.10254" lon="5.25876">
        <ele>180.0</ele>
      </trkpt>
      <trkpt lat="47.10249" lon="5.25864">
        <ele>179.8</ele>
      </trkpt>
      <trkpt lat="47.10237" lon="5.25836">
        <ele>179.4</ele>
      </trkpt>
      <trkpt lat="47.10245" lon="5.25823">
        <ele>179.5</ele>
      </trkpt>
      <trkpt lat="47.10277" lon="5.25785">
        <ele>180.7</ele>
      </trkpt>
      <trkpt lat="47.10347" lon="5.25716">
        <ele>180.9</ele>
      </trkpt>
      <trkpt lat="47.10375" lon="5.25689">
        <ele>180.6</ele>
      </trkpt>
      <trkpt lat="47.10405" lon="5.25648">
        <ele>180.3</ele>
      </trkpt>
      <trkpt lat="47.10459" lon="5.25588">
        <ele>180.9</ele>
      </trkpt>
      <trkpt lat="47.10472" lon="5.25588">
        <ele>180.9</ele>
      </trkpt>
      <trkpt lat="47.10515" lon="5.25548">
        <ele>180.8</ele>
      </trkpt>
      <trkpt lat="47.10549" lon="5.25516">
        <ele>180.8</ele>
      </trkpt>
      <trkpt lat="47.10557" lon="5.25509">
        <ele>180.8</ele>
      </trkpt>
      <trkpt lat="47.10586" lon="5.25455">
        <ele>181.0</ele>
      </trkpt>
      <trkpt lat="47.1059" lon="5.25468">
        <ele>181.0</ele>
      </trkpt>
      <trkpt lat="47.106" lon="5.25499">
        <ele>181.0</ele>
      </trkpt>
      <trkpt lat="47.10603" lon="5.25505">
        <ele>181.0</ele>
      </trkpt>
      <trkpt lat="47.10613" lon="5.25525">
        <ele>181.2</ele>
      </trkpt>
      <trkpt lat="47.10617" lon="5.25536">
        <ele>181.3</ele>
      </trkpt>
      <trkpt lat="47.10618" lon="5.25527">
        <ele>181.2</ele>
      </trkpt>
      <trkpt lat="47.10623" lon="5.25521">
        <ele>181.1</ele>
      </trkpt>
      <trkpt lat="47.10657" lon="5.25485">
        <ele>180.8</ele>
      </trkpt>
      <trkpt lat="47.10724" lon="5.25415">
        <ele>178.7</ele>
      </trkpt>
      <trkpt lat="47.10766" lon="5.25366">
        <ele>179.5</ele>
      </trkpt>
      <trkpt lat="47.10836" lon="5.25292">
        <ele>180.0</ele>
      </trkpt>
      <trkpt lat="47.10906" lon="5.25218">
        <ele>179.0</ele>
      </trkpt>
      <trkpt lat="47.10976" lon="5.25143">
        <ele>179.3</ele>
      </trkpt>
      <trkpt lat="47.11046" lon="5.25069">
        <ele>179.9</ele>
      </trkpt>
      <trkpt lat="47.11116" lon="5.24995">
        <ele>180.9</ele>
      </trkpt>
      <trkpt lat="47.11186" lon="5.24921">
        <ele>180.2</ele>
      </trkpt>
      <trkpt lat="47.11256" lon="5.24846">
        <ele>179.6</ele>
      </trkpt>
      <trkpt lat="47.11326" lon="5.24772">
        <ele>179.1</ele>
      </trkpt>
      <trkpt lat="47.11396" lon="5.24698">
        <ele>179.0</ele>
      </trkpt>
      <trkpt lat="47.11457" lon="5.24632">
        <ele>180.0</ele>
      </trkpt>
      <trkpt lat="47.11519" lon="5.24567">
        <ele>180.1</ele>
      </trkpt>
      <trkpt lat="47.1158" lon="5.24501">
        <ele>181.9</ele>
      </trkpt>
      <trkpt lat="47.11598" lon="5.24478">
        <ele>181.2</ele>
      </trkpt>
      <trkpt lat="47.11643" lon="5.24433">
        <ele>179.5</ele>
      </trkpt>
      <trkpt lat="47.11687" lon="5.24389">
        <ele>179.4</ele>
      </trkpt>
      <trkpt lat="47.11737" lon="5.24342">
        <ele>179.9</ele>
      </trkpt>
      <trkpt lat="47.11782" lon="5.24286">
        <ele>181.0</ele>
      </trkpt>
      <trkpt lat="47.11833" lon="5.24232">
        <ele>182.6</ele>
      </trkpt>
      <trkpt lat="47.11885" lon="5.24178">
        <ele>182.9</ele>
      </trkpt>
      <trkpt lat="47.11936" lon="5.24124">
        <ele>182.7</ele>
      </trkpt>
      <trkpt lat="47.11961" lon="5.24094">
        <ele>182.1</ele>
      </trkpt>
      <trkpt lat="47.11967" lon="5.24087">
        <ele>182.0</ele>
      </trkpt>
      <trkpt lat="47.11979" lon="5.24079">
        <ele>181.9</ele>
      </trkpt>
      <trkpt lat="47.12007" lon="5.24051">
        <ele>181.7</ele>
      </trkpt>
      <trkpt lat="47.12016" lon="5.24039">
        <ele>181.7</ele>
      </trkpt>
      <trkpt lat="47.12088" lon="5.23963">
        <ele>183.0</ele>
      </trkpt>
      <trkpt lat="47.12159" lon="5.23888">
        <ele>182.6</ele>
      </trkpt>
      <trkpt lat="47.1223" lon="5.23813">
        <ele>181.3</ele>
      </trkpt>
      <trkpt lat="47.123" lon="5.23738">
        <ele>181.5</ele>
      </trkpt>
      <trkpt lat="47.12371" lon="5.23662">
        <ele>182.5</ele>
      </trkpt>
      <trkpt lat="47.12442" lon="5.23587">
        <ele>182.1</ele>
      </trkpt>
      <trkpt lat="47.12512" lon="5.23512">
        <ele>180.9</ele>
      </trkpt>
      <trkpt lat="47.12583" lon="5.23437">
        <ele>182.5</ele>
      </trkpt>
      <trkpt lat="47.12654" lon="5.23361">
        <ele>183.6</ele>
      </trkpt>
      <trkpt lat="47.12724" lon="5.23287">
        <ele>183.1</ele>
      </trkpt>
      <trkpt lat="47.12794" lon="5.23213">
        <ele>183.8</ele>
      </trkpt>
      <trkpt lat="47.12865" lon="5.23139">
        <ele>184.8</ele>
      </trkpt>
      <trkpt lat="47.12935" lon="5.23065">
        <ele>183.9</ele>
      </trkpt>
      <trkpt lat="47.13005" lon="5.2299">
        <ele>182.9</ele>
      </trkpt>
      <trkpt lat="47.13076" lon="5.22916">
        <ele>181.2</ele>
      </trkpt>
      <trkpt lat="47.13087" lon="5.22899">
        <ele>181.2</ele>
      </trkpt>
      <trkpt lat="47.13153" lon="5.2283">
        <ele>182.0</ele>
      </trkpt>
      <trkpt lat="47.13218" lon="5.22761">
        <ele>183.4</ele>
      </trkpt>
      <trkpt lat="47.13284" lon="5.22693">
        <ele>183.9</ele>
      </trkpt>
      <trkpt lat="47.13334" lon="5.2264">
        <ele>184.0</ele>
      </trkpt>
      <trkpt lat="47.134" lon="5.22569">
        <ele>184.1</ele>
      </trkpt>
      <trkpt lat="47.13467" lon="5.22498">
        <ele>185.6</ele>
      </trkpt>
      <trkpt lat="47.13534" lon="5.22427">
        <ele>185.9</ele>
      </trkpt>
      <trkpt lat="47.13556" lon="5.22412">
        <ele>186.0</ele>
      </trkpt>
      <trkpt lat="47.13568" lon="5.22408">
        <ele>186.0</ele>
      </trkpt>
      <trkpt lat="47.13579" lon="5.22401">
        <ele>186.0</ele>
      </trkpt>
      <trkpt lat="47.13598" lon="5.22377">
        <ele>185.7</ele>
      </trkpt>
      <trkpt lat="47.13637" lon="5.2232">
        <ele>185.5</ele>
      </trkpt>
      <trkpt lat="47.13678" lon="5.22275">
        <ele>185.9</ele>
      </trkpt>
      <trkpt lat="47.13737" lon="5.22212">
        <ele>184.6</ele>
      </trkpt>
      <trkpt lat="47.13798" lon="5.22147">
        <ele>185.1</ele>
      </trkpt>
      <trkpt lat="47.13859" lon="5.22082">
        <ele>186.3</ele>
      </trkpt>
      <trkpt lat="47.13921" lon="5.22017">
        <ele>186.9</ele>
      </trkpt>
      <trkpt lat="47.13982" lon="5.21952">
        <ele>186.5</ele>
      </trkpt>
      <trkpt lat="47.14043" lon="5.21887">
        <ele>187.7</ele>
      </trkpt>
      <trkpt lat="47.14111" lon="5.21816">
        <ele>187.9</ele>
      </trkpt>
      <trkpt lat="47.14178" lon="5.21745">
        <ele>187.2</ele>
      </trkpt>
      <trkpt lat="47.14246" lon="5.21674">
        <ele>187.2</ele>
      </trkpt>
      <trkpt lat="47.14314" lon="5.21603">
        <ele>186.2</ele>
      </trkpt>
      <trkpt lat="47.14326" lon="5.21587">
        <ele>186.1</ele>
      </trkpt>
      <trkpt lat="47.14369" lon="5.21544">
        <ele>186.9</ele>
      </trkpt>
      <trkpt lat="47.14407" lon="5.21503">
        <ele>187.9</ele>
      </trkpt>
      <trkpt lat="47.14426" lon="5.21484">
        <ele>187.7</ele>
      </trkpt>
      <trkpt lat="47.14436" lon="5.21471">
        <ele>187.4</ele>
      </trkpt>
      <trkpt lat="47.14506" lon="5.21398">
        <ele>186.1</ele>
      </trkpt>
      <trkpt lat="47.14575" lon="5.21324">
        <ele>187.1</ele>
      </trkpt>
      <trkpt lat="47.14644" lon="5.2125">
        <ele>187.5</ele>
      </trkpt>
      <trkpt lat="47.14713" lon="5.21177">
        <ele>188.7</ele>
      </trkpt>
      <trkpt lat="47.14783" lon="5.21103">
        <ele>188.9</ele>
      </trkpt>
      <trkpt lat="47.14852" lon="5.2103">
        <ele>189.3</ele>
      </trkpt>
      <trkpt lat="47.14921" lon="5.20956">
        <ele>188.6</ele>
      </trkpt>
      <trkpt lat="47.14991" lon="5.20882">
        <ele>190.3</ele>
      </trkpt>
      <trkpt lat="47.1506" lon="5.20809">
        <ele>188.3</ele>
      </trkpt>
      <trkpt lat="47.15129" lon="5.20735">
        <ele>187.7</ele>
      </trkpt>
      <trkpt lat="47.15198" lon="5.20662">
        <ele>186.6</ele>
      </trkpt>
      <trkpt lat="47.15241" lon="5.20617">
        <ele>187.0</ele>
      </trkpt>
      <trkpt lat="47.15281" lon="5.2058">
        <ele>188.0</ele>
      </trkpt>
      <trkpt lat="47.1529" lon="5.20567">
        <ele>187.9</ele>
      </trkpt>
      <trkpt lat="47.15306" lon="5.20547">
        <ele>187.7</ele>
      </trkpt>
      <trkpt lat="47.15325" lon="5.20526">
        <ele>187.4</ele>
      </trkpt>
      <trkpt lat="47.15389" lon="5.20459">
        <ele>187.7</ele>
      </trkpt>
      <trkpt lat="47.15452" lon="5.20392">
        <ele>188.5</ele>
      </trkpt>
      <trkpt lat="47.15515" lon="5.20325">
        <ele>188.5</ele>
      </trkpt>
      <trkpt lat="47.15578" lon="5.20259">
        <ele>187.9</ele>
      </trkpt>
      <trkpt lat="47.15638" lon="5.20195">
        <ele>188.4</ele>
      </trkpt>
      <trkpt lat="47.15697" lon="5.20132">
        <ele>188.8</ele>
      </trkpt>
      <trkpt lat="47.15757" lon="5.20068">
        <ele>189.7</ele>
      </trkpt>
      <trkpt lat="47.15818" lon="5.20005">
        <ele>188.9</ele>
      </trkpt>
      <trkpt lat="47.15879" lon="5.19942">
        <ele>188.9</ele>
      </trkpt>
      <trkpt lat="47.1594" lon="5.19879">
        <ele>187.9</ele>
      </trkpt>
      <trkpt lat="47.16008" lon="5.19806">
        <ele>186.4</ele>
      </trkpt>
      <trkpt lat="47.16077" lon="5.19733">
        <ele>186.3</ele>
      </trkpt>
      <trkpt lat="47.16145" lon="5.1966">
        <ele>188.5</ele>
      </trkpt>
      <trkpt lat="47.16213" lon="5.19588">
        <ele>191.2</ele>
      </trkpt>
      <trkpt lat="47.16282" lon="5.19515">
        <ele>191.9</ele>
      </trkpt>
      <trkpt lat="47.1635" lon="5.19442">
        <ele>191.2</ele>
      </trkpt>
      <trkpt lat="47.16419" lon="5.1937">
        <ele>190.0</ele>
      </trkpt>
      <trkpt lat="47.16487" lon="5.19297">
        <ele>188.6</ele>
      </trkpt>
      <trkpt lat="47.16556" lon="5.19224">
        <ele>188.4</ele>
      </trkpt>
      <trkpt lat="47.16624" lon="5.19152">
        <ele>188.9</ele>
      </trkpt>
      <trkpt lat="47.16693" lon="5.19079">
        <ele>189.7</ele>
      </trkpt>
      <trkpt lat="47.16722" lon="5.19046">
        <ele>189.9</ele>
      </trkpt>
      <trkpt lat="47.16743" lon="5.19026">
        <ele>190.3</ele>
      </trkpt>
      <trkpt lat="47.16777" lon="5.18991">
        <ele>190.4</ele>
      </trkpt>
      <trkpt lat="47.16843" lon="5.18919">
        <ele>190.7</ele>
      </trkpt>
      <trkpt lat="47.1691" lon="5.18847">
        <ele>190.7</ele>
      </trkpt>
      <trkpt lat="47.16977" lon="5.18776">
        <ele>190.8</ele>
      </trkpt>
      <trkpt lat="47.17043" lon="5.18704">
        <ele>190.5</ele>
      </trkpt>
      <trkpt lat="47.1711" lon="5.18633">
        <ele>190.5</ele>
      </trkpt>
      <trkpt lat="47.17177" lon="5.18562">
        <ele>190.2</ele>
      </trkpt>
      <trkpt lat="47.17244" lon="5.1849">
        <ele>191.1</ele>
      </trkpt>
      <trkpt lat="47.17311" lon="5.18419">
        <ele>192.0</ele>
      </trkpt>
      <trkpt lat="47.17378" lon="5.18347">
        <ele>191.4</ele>
      </trkpt>
      <trkpt lat="47.17445" lon="5.18276">
        <ele>191.3</ele>
      </trkpt>
      <trkpt lat="47.17512" lon="5.18205">
        <ele>190.5</ele>
      </trkpt>
      <trkpt lat="47.17579" lon="5.18133">
        <ele>192.1</ele>
      </trkpt>
      <trkpt lat="47.1763" lon="5.18079">
        <ele>193.9</ele>
      </trkpt>
      <trkpt lat="47.17681" lon="5.18025">
        <ele>193.0</ele>
      </trkpt>
      <trkpt lat="47.17747" lon="5.17954">
        <ele>195.6</ele>
      </trkpt>
      <trkpt lat="47.17813" lon="5.17883">
        <ele>194.5</ele>
      </trkpt>
      <trkpt lat="47.17879" lon="5.17813">
        <ele>193.0</ele>
      </trkpt>
      <trkpt lat="47.17946" lon="5.17742">
        <ele>192.3</ele>
      </trkpt>
      <trkpt lat="47.18012" lon="5.17671">
        <ele>191.8</ele>
      </trkpt>
      <trkpt lat="47.18079" lon="5.17601">
        <ele>191.8</ele>
      </trkpt>
      <trkpt lat="47.18145" lon="5.1753">
        <ele>191.7</ele>
      </trkpt>
      <trkpt lat="47.18212" lon="5.17459">
        <ele>192.4</ele>
      </trkpt>
      <trkpt lat="47.18279" lon="5.17388">
        <ele>192.5</ele>
      </trkpt>
      <trkpt lat="47.18345" lon="5.17317">
        <ele>192.6</ele>
      </trkpt>
      <trkpt lat="47.18412" lon="5.17247">
        <ele>192.1</ele>
      </trkpt>
      <trkpt lat="47.18478" lon="5.17176">
        <ele>193.5</ele>
      </trkpt>
      <trkpt lat="47.18545" lon="5.17105">
        <ele>194.1</ele>
      </trkpt>
      <trkpt lat="47.18605" lon="5.17041">
        <ele>193.6</ele>
      </trkpt>
      <trkpt lat="47.18665" lon="5.16977">
        <ele>193.0</ele>
      </trkpt>
      <trkpt lat="47.18725" lon="5.16913">
        <ele>192.3</ele>
      </trkpt>
      <trkpt lat="47.18785" lon="5.16849">
        <ele>193.3</ele>
      </trkpt>
      <trkpt lat="47.18845" lon="5.16785">
        <ele>193.4</ele>
      </trkpt>
      <trkpt lat="47.18917" lon="5.16708">
        <ele>193.0</ele>
      </trkpt>
      <trkpt lat="47.18989" lon="5.16632">
        <ele>193.4</ele>
      </trkpt>
      <trkpt lat="47.19061" lon="5.16555">
        <ele>193.4</ele>
      </trkpt>
      <trkpt lat="47.19133" lon="5.16478">
        <ele>194.5</ele>
      </trkpt>
      <trkpt lat="47.19204" lon="5.16401">
        <ele>194.7</ele>
      </trkpt>
      <trkpt lat="47.19276" lon="5.16325">
        <ele>194.0</ele>
      </trkpt>
      <trkpt lat="47.19348" lon="5.16248">
        <ele>194.6</ele>
      </trkpt>
      <trkpt lat="47.1942" lon="5.16171">
        <ele>193.9</ele>
      </trkpt>
      <trkpt lat="47.19492" lon="5.16094">
        <ele>193.9</ele>
      </trkpt>
      <trkpt lat="47.19564" lon="5.16018">
        <ele>194.8</ele>
      </trkpt>
      <trkpt lat="47.19636" lon="5.15941">
        <ele>195.4</ele>
      </trkpt>
      <trkpt lat="47.19708" lon="5.15864">
        <ele>195.8</ele>
      </trkpt>
      <trkpt lat="47.19779" lon="5.15787">
        <ele>195.1</ele>
      </trkpt>
      <trkpt lat="47.19851" lon="5.15711">
        <ele>195.6</ele>
      </trkpt>
      <trkpt lat="47.19923" lon="5.15634">
        <ele>195.6</ele>
      </trkpt>
      <trkpt lat="47.19995" lon="5.15557">
        <ele>195.6</ele>
      </trkpt>
      <trkpt lat="47.20067" lon="5.1548">
        <ele>196.4</ele>
      </trkpt>
      <trkpt lat="47.20126" lon="5.15429">
        <ele>196.7</ele>
      </trkpt>
      <trkpt lat="47.20144" lon="5.1541">
        <ele>196.7</ele>
      </trkpt>
      <trkpt lat="47.20158" lon="5.15391">
        <ele>196.9</ele>
      </trkpt>
      <trkpt lat="47.2017" lon="5.15383">
        <ele>197.0</ele>
      </trkpt>
      <trkpt lat="47.20186" lon="5.15376">
        <ele>197.0</ele>
      </trkpt>
      <trkpt lat="47.20229" lon="5.1533">
        <ele>197.7</ele>
      </trkpt>
      <trkpt lat="47.20234" lon="5.15312">
        <ele>197.6</ele>
      </trkpt>
      <trkpt lat="47.20244" lon="5.15293">
        <ele>197.4</ele>
      </trkpt>
      <trkpt lat="47.2027" lon="5.15268">
        <ele>196.7</ele>
      </trkpt>
      <trkpt lat="47.20324" lon="5.1521">
        <ele>196.1</ele>
      </trkpt>
      <trkpt lat="47.20392" lon="5.15137">
        <ele>197.1</ele>
      </trkpt>
      <trkpt lat="47.2046" lon="5.15065">
        <ele>197.0</ele>
      </trkpt>
      <trkpt lat="47.20528" lon="5.14992">
        <ele>197.7</ele>
      </trkpt>
      <trkpt lat="47.20595" lon="5.14919">
        <ele>198.9</ele>
      </trkpt>
      <trkpt lat="47.20653" lon="5.14858">
        <ele>199.0</ele>
      </trkpt>
      <trkpt lat="47.20712" lon="5.14797">
        <ele>198.2</ele>
      </trkpt>
      <trkpt lat="47.2077" lon="5.14735">
        <ele>198.6</ele>
      </trkpt>
      <trkpt lat="47.20842" lon="5.1466">
        <ele>198.9</ele>
      </trkpt>
      <trkpt lat="47.20914" lon="5.14584">
        <ele>199.0</ele>
      </trkpt>
      <trkpt lat="47.20984" lon="5.14509">
        <ele>199.3</ele>
      </trkpt>
      <trkpt lat="47.21053" lon="5.14434">
        <ele>200.0</ele>
      </trkpt>
      <trkpt lat="47.21122" lon="5.14359">
        <ele>199.7</ele>
      </trkpt>
      <trkpt lat="47.21166" lon="5.14313">
        <ele>200.2</ele>
      </trkpt>
      <trkpt lat="47.21209" lon="5.14267">
        <ele>201.4</ele>
      </trkpt>
      <trkpt lat="47.21246" lon="5.14228">
        <ele>201.7</ele>
      </trkpt>
      <trkpt lat="47.21282" lon="5.14189">
        <ele>201.7</ele>
      </trkpt>
      <trkpt lat="47.21325" lon="5.14137">
        <ele>202.5</ele>
      </trkpt>
      <trkpt lat="47.21368" lon="5.14086">
        <ele>201.2</ele>
      </trkpt>
      <trkpt lat="47.21433" lon="5.14004">
        <ele>202.7</ele>
      </trkpt>
      <trkpt lat="47.21476" lon="5.13951">
        <ele>201.8</ele>
      </trkpt>
      <trkpt lat="47.21519" lon="5.13898">
        <ele>201.5</ele>
      </trkpt>
      <trkpt lat="47.2156" lon="5.13849">
        <ele>201.5</ele>
      </trkpt>
      <trkpt lat="47.21598" lon="5.13802">
        <ele>202.5</ele>
      </trkpt>
      <trkpt lat="47.21636" lon="5.13755">
        <ele>203.0</ele>
      </trkpt>
      <trkpt lat="47.21642" lon="5.13746">
        <ele>203.0</ele>
      </trkpt>
      <trkpt lat="47.21645" lon="5.13741">
        <ele>203.0</ele>
      </trkpt>
      <trkpt lat="47.21687" lon="5.13687">
        <ele>202.5</ele>
      </trkpt>
      <trkpt lat="47.2173" lon="5.13633">
        <ele>201.9</ele>
      </trkpt>
      <trkpt lat="47.21798" lon="5.13549">
        <ele>202.2</ele>
      </trkpt>
      <trkpt lat="47.21866" lon="5.13465">
        <ele>203.0</ele>
      </trkpt>
      <trkpt lat="47.21934" lon="5.1338">
        <ele>202.8</ele>
      </trkpt>
      <trkpt lat="47.22002" lon="5.13296">
        <ele>203.4</ele>
      </trkpt>
      <trkpt lat="47.22059" lon="5.13224">
        <ele>203.2</ele>
      </trkpt>
      <trkpt lat="47.22117" lon="5.13152">
        <ele>202.7</ele>
      </trkpt>
      <trkpt lat="47.22174" lon="5.1308">
        <ele>203.8</ele>
      </trkpt>
      <trkpt lat="47.2223" lon="5.13011">
        <ele>203.3</ele>
      </trkpt>
      <trkpt lat="47.22285" lon="5.12942">
        <ele>203.0</ele>
      </trkpt>
      <trkpt lat="47.2234" lon="5.12874">
        <ele>203.5</ele>
      </trkpt>
      <trkpt lat="47.22396" lon="5.12805">
        <ele>204.4</ele>
      </trkpt>
      <trkpt lat="47.22425" lon="5.12775">
        <ele>204.6</ele>
      </trkpt>
      <trkpt lat="47.22437" lon="5.1275">
        <ele>205.0</ele>
      </trkpt>
      <trkpt lat="47.22505" lon="5.12667">
        <ele>205.8</ele>
      </trkpt>
      <trkpt lat="47.22572" lon="5.12585">
        <ele>205.8</ele>
      </trkpt>
      <trkpt lat="47.2264" lon="5.12502">
        <ele>207.0</ele>
      </trkpt>
      <trkpt lat="47.22707" lon="5.12419">
        <ele>205.0</ele>
      </trkpt>
      <trkpt lat="47.22775" lon="5.12336">
        <ele>203.7</ele>
      </trkpt>
      <trkpt lat="47.22842" lon="5.12252">
        <ele>202.9</ele>
      </trkpt>
      <trkpt lat="47.22909" lon="5.12168">
        <ele>204.9</ele>
      </trkpt>
      <trkpt lat="47.22976" lon="5.12084">
        <ele>205.8</ele>
      </trkpt>
      <trkpt lat="47.23044" lon="5.12">
        <ele>205.4</ele>
      </trkpt>
      <trkpt lat="47.23111" lon="5.11916">
        <ele>207.7</ele>
      </trkpt>
      <trkpt lat="47.23178" lon="5.11833">
        <ele>208.5</ele>
      </trkpt>
      <trkpt lat="47.23245" lon="5.11749">
        <ele>207.2</ele>
      </trkpt>
      <trkpt lat="47.23312" lon="5.11665">
        <ele>205.3</ele>
      </trkpt>
      <trkpt lat="47.2338" lon="5.11581">
        <ele>205.4</ele>
      </trkpt>
      <trkpt lat="47.23447" lon="5.11497">
        <ele>206.1</ele>
      </trkpt>
      <trkpt lat="47.23505" lon="5.11423">
        <ele>207.1</ele>
      </trkpt>
      <trkpt lat="47.23564" lon="5.1135">
        <ele>207.8</ele>
      </trkpt>
      <trkpt lat="47.23623" lon="5.11277">
        <ele>207.7</ele>
      </trkpt>
      <trkpt lat="47.23682" lon="5.11203">
        <ele>207.0</ele>
      </trkpt>
      <trkpt lat="47.2374" lon="5.1113">
        <ele>207.3</ele>
      </trkpt>
      <trkpt lat="47.23799" lon="5.11056">
        <ele>207.1</ele>
      </trkpt>
      <trkpt lat="47.23864" lon="5.10975">
        <ele>206.3</ele>
      </trkpt>
      <trkpt lat="47.23924" lon="5.10901">
        <ele>205.4</ele>
      </trkpt>
      <trkpt lat="47.23985" lon="5.10826">
        <ele>207.1</ele>
      </trkpt>
      <trkpt lat="47.24045" lon="5.10751">
        <ele>208.4</ele>
      </trkpt>
      <trkpt lat="47.24106" lon="5.10677">
        <ele>210.5</ele>
      </trkpt>
      <trkpt lat="47.24166" lon="5.10602">
        <ele>210.8</ele>
      </trkpt>
      <trkpt lat="47.24227" lon="5.10528">
        <ele>209.4</ele>
      </trkpt>
      <trkpt lat="47.24234" lon="5.10523">
        <ele>209.2</ele>
      </trkpt>
      <trkpt lat="47.24239" lon="5.10512">
        <ele>209.2</ele>
      </trkpt>
      <trkpt lat="47.24276" lon="5.10466">
        <ele>208.9</ele>
      </trkpt>
      <trkpt lat="47.24312" lon="5.1042">
        <ele>209.7</ele>
      </trkpt>
      <trkpt lat="47.24375" lon="5.10342">
        <ele>210.4</ele>
      </trkpt>
      <trkpt lat="47.24437" lon="5.10265">
        <ele>209.1</ele>
      </trkpt>
      <trkpt lat="47.245" lon="5.10187">
        <ele>209.8</ele>
      </trkpt>
      <trkpt lat="47.24562" lon="5.10109">
        <ele>212.0</ele>
      </trkpt>
      <trkpt lat="47.24625" lon="5.10031">
        <ele>210.7</ele>
      </trkpt>
      <trkpt lat="47.24687" lon="5.09953">
        <ele>210.0</ele>
      </trkpt>
      <trkpt lat="47.2475" lon="5.09875">
        <ele>211.0</ele>
      </trkpt>
      <trkpt lat="47.24812" lon="5.09797">
        <ele>211.6</ele>
      </trkpt>
      <trkpt lat="47.24854" lon="5.09745">
        <ele>210.8</ele>
      </trkpt>
      <trkpt lat="47.24895" lon="5.09693">
        <ele>210.9</ele>
      </trkpt>
      <trkpt lat="47.24946" lon="5.09628">
        <ele>211.8</ele>
      </trkpt>
      <trkpt lat="47.24997" lon="5.09562">
        <ele>213.0</ele>
      </trkpt>
      <trkpt lat="47.25056" lon="5.09495">
        <ele>211.7</ele>
      </trkpt>
      <trkpt lat="47.25121" lon="5.09413">
        <ele>212.4</ele>
      </trkpt>
      <trkpt lat="47.25187" lon="5.09331">
        <ele>212.0</ele>
      </trkpt>
      <trkpt lat="47.25255" lon="5.09245">
        <ele>212.9</ele>
      </trkpt>
      <trkpt lat="47.25323" lon="5.0916">
        <ele>212.2</ele>
      </trkpt>
      <trkpt lat="47.25391" lon="5.09074">
        <ele>213.3</ele>
      </trkpt>
      <trkpt lat="47.2546" lon="5.08989">
        <ele>214.5</ele>
      </trkpt>
      <trkpt lat="47.25458" lon="5.08986">
        <ele>214.4</ele>
      </trkpt>
      <trkpt lat="47.25447" lon="5.08965">
        <ele>214.1</ele>
      </trkpt>
      <trkpt lat="47.25444" lon="5.08962">
        <ele>214.0</ele>
      </trkpt>
      <trkpt lat="47.25407" lon="5.08921">
        <ele>213.2</ele>
      </trkpt>
      <trkpt lat="47.25397" lon="5.08907">
        <ele>213.3</ele>
      </trkpt>
      <trkpt lat="47.25391" lon="5.08892">
        <ele>213.4</ele>
      </trkpt>
      <trkpt lat="47.25386" lon="5.08868">
        <ele>213.5</ele>
      </trkpt>
      <trkpt lat="47.25385" lon="5.0886">
        <ele>213.5</ele>
      </trkpt>
      <trkpt lat="47.25384" lon="5.08848">
        <ele>213.6</ele>
      </trkpt>
      <trkpt lat="47.25385" lon="5.08813">
        <ele>214.3</ele>
      </trkpt>
      <trkpt lat="47.25388" lon="5.08776">
        <ele>215.7</ele>
      </trkpt>
      <trkpt lat="47.25394" lon="5.08737">
        <ele>217.0</ele>
      </trkpt>
      <trkpt lat="47.2541" lon="5.08685">
        <ele>217.7</ele>
      </trkpt>
      <trkpt lat="47.25417" lon="5.0866">
        <ele>218.0</ele>
      </trkpt>
      <trkpt lat="47.2543" lon="5.08616">
        <ele>218.2</ele>
      </trkpt>
      <trkpt lat="47.25448" lon="5.08533">
        <ele>217.4</ele>
      </trkpt>
      <trkpt lat="47.25456" lon="5.08499">
        <ele>217.0</ele>
      </trkpt>
      <trkpt lat="47.25459" lon="5.08493">
        <ele>216.8</ele>
      </trkpt>
      <trkpt lat="47.25456" lon="5.08485">
        <ele>216.5</ele>
      </trkpt>
      <trkpt lat="47.25455" lon="5.08477">
        <ele>216.3</ele>
      </trkpt>
      <trkpt lat="47.25457" lon="5.08468">
        <ele>216.0</ele>
      </trkpt>
      <trkpt lat="47.2549" lon="5.08384">
        <ele>214.5</ele>
      </trkpt>
      <trkpt lat="47.25523" lon="5.08299">
        <ele>213.9</ele>
      </trkpt>
      <trkpt lat="47.25552" lon="5.08231">
        <ele>213.4</ele>
      </trkpt>
      <trkpt lat="47.25566" lon="5.08195">
        <ele>213.2</ele>
      </trkpt>
      <trkpt lat="47.25591" lon="5.08136">
        <ele>213.8</ele>
      </trkpt>
      <trkpt lat="47.25616" lon="5.08078">
        <ele>215.0</ele>
      </trkpt>
      <trkpt lat="47.25651" lon="5.08002">
        <ele>214.8</ele>
      </trkpt>
      <trkpt lat="47.25687" lon="5.07926">
        <ele>215.5</ele>
      </trkpt>
      <trkpt lat="47.25722" lon="5.07851">
        <ele>216.6</ele>
      </trkpt>
      <trkpt lat="47.25744" lon="5.078">
        <ele>216.6</ele>
      </trkpt>
      <trkpt lat="47.25795" lon="5.07693">
        <ele>216.7</ele>
      </trkpt>
      <trkpt lat="47.25739" lon="5.07674">
        <ele>216.7</ele>
      </trkpt>
      <trkpt lat="47.25687" lon="5.07617">
        <ele>215.5</ele>
      </trkpt>
      <trkpt lat="47.25703" lon="5.07586">
        <ele>215.9</ele>
      </trkpt>
      <trkpt lat="47.25754" lon="5.07484">
        <ele>216.8</ele>
      </trkpt>
      <trkpt lat="47.25694" lon="5.07426">
        <ele>216.0</ele>
      </trkpt>
      <trkpt lat="47.25685" lon="5.07413">
        <ele>216.0</ele>
      </trkpt>
      <trkpt lat="47.25675" lon="5.07403">
        <ele>216.1</ele>
      </trkpt>
      <trkpt lat="47.25657" lon="5.07381">
        <ele>216.6</ele>
      </trkpt>
      <trkpt lat="47.25641" lon="5.07372">
        <ele>216.8</ele>
      </trkpt>
      <trkpt lat="47.25599" lon="5.0733">
        <ele>216.9</ele>
      </trkpt>
      <trkpt lat="47.25557" lon="5.07289">
        <ele>215.6</ele>
      </trkpt>
      <trkpt lat="47.25516" lon="5.07249">
        <ele>215.0</ele>
      </trkpt>
      <trkpt lat="47.255" lon="5.07233">
        <ele>215.2</ele>
      </trkpt>
      <trkpt lat="47.25496" lon="5.07227">
        <ele>215.3</ele>
      </trkpt>
      <trkpt lat="47.25494" lon="5.0722">
        <ele>215.4</ele>
      </trkpt>
      <trkpt lat="47.25492" lon="5.07212">
        <ele>215.5</ele>
      </trkpt>
      <trkpt lat="47.25492" lon="5.07204">
        <ele>215.6</ele>
      </trkpt>
      <trkpt lat="47.25493" lon="5.07195">
        <ele>215.7</ele>
      </trkpt>
      <trkpt lat="47.25498" lon="5.07179">
        <ele>215.9</ele>
      </trkpt>
      <trkpt lat="47.25537" lon="5.07066">
        <ele>214.3</ele>
      </trkpt>
      <trkpt lat="47.25576" lon="5.06959">
        <ele>214.0</ele>
      </trkpt>
      <trkpt lat="47.25614" lon="5.06851">
        <ele>215.2</ele>
      </trkpt>
      <trkpt lat="47.25653" lon="5.06744">
        <ele>216.0</ele>
      </trkpt>
      <trkpt lat="47.25691" lon="5.06636">
        <ele>216.0</ele>
      </trkpt>
      <trkpt lat="47.2573" lon="5.06529">
        <ele>215.8</ele>
      </trkpt>
      <trkpt lat="47.25768" lon="5.06422">
        <ele>217.5</ele>
      </trkpt>
      <trkpt lat="47.25807" lon="5.06314">
        <ele>216.2</ele>
      </trkpt>
      <trkpt lat="47.25812" lon="5.06297">
        <ele>216.4</ele>
      </trkpt>
      <trkpt lat="47.25816" lon="5.06279">
        <ele>216.7</ele>
      </trkpt>
      <trkpt lat="47.25819" lon="5.06264">
        <ele>216.8</ele>
      </trkpt>
      <trkpt lat="47.25819" lon="5.0625">
        <ele>217.0</ele>
      </trkpt>
      <trkpt lat="47.25817" lon="5.06223">
        <ele>217.3</ele>
      </trkpt>
      <trkpt lat="47.25811" lon="5.06205">
        <ele>217.5</ele>
      </trkpt>
      <trkpt lat="47.25794" lon="5.06179">
        <ele>217.9</ele>
      </trkpt>
      <trkpt lat="47.25765" lon="5.06142">
        <ele>218.0</ele>
      </trkpt>
      <trkpt lat="47.25755" lon="5.06127">
        <ele>218.0</ele>
      </trkpt>
      <trkpt lat="47.25747" lon="5.06109">
        <ele>218.0</ele>
      </trkpt>
      <trkpt lat="47.25741" lon="5.06083">
        <ele>218.0</ele>
      </trkpt>
      <trkpt lat="47.25736" lon="5.06057">
        <ele>217.9</ele>
      </trkpt>
      <trkpt lat="47.25743" lon="5.0598">
        <ele>217.9</ele>
      </trkpt>
      <trkpt lat="47.25756" lon="5.05911">
        <ele>218.1</ele>
      </trkpt>
      <trkpt lat="47.25776" lon="5.05827">
        <ele>218.0</ele>
      </trkpt>
      <trkpt lat="47.25796" lon="5.05743">
        <ele>218.1</ele>
      </trkpt>
      <trkpt lat="47.25814" lon="5.05675">
        <ele>219.1</ele>
      </trkpt>
      <trkpt lat="47.25838" lon="5.05579">
        <ele>221.1</ele>
      </trkpt>
      <trkpt lat="47.25864" lon="5.05493">
        <ele>223.5</ele>
      </trkpt>
      <trkpt lat="47.25889" lon="5.05407">
        <ele>226.1</ele>
      </trkpt>
      <trkpt lat="47.25915" lon="5.05321">
        <ele>229.5</ele>
      </trkpt>
      <trkpt lat="47.25923" lon="5.05287">
        <ele>230.5</ele>
      </trkpt>
      <trkpt lat="47.25926" lon="5.05267">
        <ele>231.2</ele>
      </trkpt>
      <trkpt lat="47.25927" lon="5.0525">
        <ele>231.7</ele>
      </trkpt>
      <trkpt lat="47.25927" lon="5.05202">
        <ele>233.5</ele>
      </trkpt>
      <trkpt lat="47.25929" lon="5.05184">
        <ele>234.2</ele>
      </trkpt>
      <trkpt lat="47.25931" lon="5.05175">
        <ele>234.5</ele>
      </trkpt>
      <trkpt lat="47.25955" lon="5.05095">
        <ele>234.1</ele>
      </trkpt>
      <trkpt lat="47.2598" lon="5.05016">
        <ele>235.0</ele>
      </trkpt>
      <trkpt lat="47.25983" lon="5.05002">
        <ele>235.4</ele>
      </trkpt>
      <trkpt lat="47.25985" lon="5.0499">
        <ele>235.6</ele>
      </trkpt>
      <trkpt lat="47.25985" lon="5.04971">
        <ele>235.8</ele>
      </trkpt>
      <trkpt lat="47.25984" lon="5.04958">
        <ele>235.9</ele>
      </trkpt>
      <trkpt lat="47.25971" lon="5.04891">
        <ele>236.2</ele>
      </trkpt>
      <trkpt lat="47.25958" lon="5.04824">
        <ele>236.4</ele>
      </trkpt>
      <trkpt lat="47.25952" lon="5.04813">
        <ele>236.1</ele>
      </trkpt>
      <trkpt lat="47.25951" lon="5.04808">
        <ele>236.1</ele>
      </trkpt>
      <trkpt lat="47.25954" lon="5.04802">
        <ele>236.0</ele>
      </trkpt>
      <trkpt lat="47.25954" lon="5.04794">
        <ele>235.9</ele>
      </trkpt>
      <trkpt lat="47.25952" lon="5.04787">
        <ele>235.8</ele>
      </trkpt>
      <trkpt lat="47.25948" lon="5.04782">
        <ele>235.6</ele>
      </trkpt>
      <trkpt lat="47.25943" lon="5.04781">
        <ele>235.5</ele>
      </trkpt>
      <trkpt lat="47.2594" lon="5.04782">
        <ele>235.4</ele>
      </trkpt>
      <trkpt lat="47.25937" lon="5.04785">
        <ele>235.4</ele>
      </trkpt>
      <trkpt lat="47.25935" lon="5.04789">
        <ele>235.4</ele>
      </trkpt>
      <trkpt lat="47.25933" lon="5.04794">
        <ele>235.4</ele>
      </trkpt>
      <trkpt lat="47.25933" lon="5.04799">
        <ele>235.5</ele>
      </trkpt>
      <trkpt lat="47.25934" lon="5.04803">
        <ele>235.6</ele>
      </trkpt>
      <trkpt lat="47.25922" lon="5.04814">
        <ele>235.6</ele>
      </trkpt>
      <trkpt lat="47.25891" lon="5.0485">
        <ele>235.0</ele>
      </trkpt>
      <trkpt lat="47.2588" lon="5.04861">
        <ele>234.4</ele>
      </trkpt>
      <trkpt lat="47.25874" lon="5.04866">
        <ele>234.2</ele>
      </trkpt>
      <trkpt lat="47.25856" lon="5.04875">
        <ele>233.6</ele>
      </trkpt>
      <trkpt lat="47.25849" lon="5.04877">
        <ele>233.3</ele>
      </trkpt>
      <trkpt lat="47.25835" lon="5.04878">
        <ele>233.0</ele>
      </trkpt>
      <trkpt lat="47.25823" lon="5.04876">
        <ele>232.4</ele>
      </trkpt>
      <trkpt lat="47.25812" lon="5.04873">
        <ele>231.9</ele>
      </trkpt>
      <trkpt lat="47.25798" lon="5.04866">
        <ele>231.2</ele>
      </trkpt>
      <trkpt lat="47.25795" lon="5.04863">
        <ele>231.0</ele>
      </trkpt>
      <trkpt lat="47.25782" lon="5.0485">
        <ele>230.3</ele>
      </trkpt>
      <trkpt lat="47.2577" lon="5.04834">
        <ele>229.4</ele>
      </trkpt>
      <trkpt lat="47.25764" lon="5.04822">
        <ele>229.1</ele>
      </trkpt>
      <trkpt lat="47.25758" lon="5.0481">
        <ele>228.8</ele>
      </trkpt>
      <trkpt lat="47.25744" lon="5.04773">
        <ele>228.5</ele>
      </trkpt>
      <trkpt lat="47.2573" lon="5.0474">
        <ele>228.5</ele>
      </trkpt>
      <trkpt lat="47.25719" lon="5.04722">
        <ele>228.6</ele>
      </trkpt>
      <trkpt lat="47.25714" lon="5.04715">
        <ele>228.7</ele>
      </trkpt>
      <trkpt lat="47.25697" lon="5.04697">
        <ele>228.9</ele>
      </trkpt>
      <trkpt lat="47.2566" lon="5.04668">
        <ele>229.8</ele>
      </trkpt>
      <trkpt lat="47.2559" lon="5.04616">
        <ele>231.5</ele>
      </trkpt>
      <trkpt lat="47.25583" lon="5.046">
        <ele>232.2</ele>
      </trkpt>
      <trkpt lat="47.25574" lon="5.04574">
        <ele>232.9</ele>
      </trkpt>
      <trkpt lat="47.25569" lon="5.04571">
        <ele>232.8</ele>
      </trkpt>
      <trkpt lat="47.25573" lon="5.04567">
        <ele>233.0</ele>
      </trkpt>
      <trkpt lat="47.25576" lon="5.04562">
        <ele>233.1</ele>
      </trkpt>
      <trkpt lat="47.25601" lon="5.04489">
        <ele>234.5</ele>
      </trkpt>
      <trkpt lat="47.25615" lon="5.04453">
        <ele>235.1</ele>
      </trkpt>
      <trkpt lat="47.2563" lon="5.04409">
        <ele>235.5</ele>
      </trkpt>
      <trkpt lat="47.25667" lon="5.04294">
        <ele>236.0</ele>
      </trkpt>
      <trkpt lat="47.25682" lon="5.0424">
        <ele>235.9</ele>
      </trkpt>
      <trkpt lat="47.25689" lon="5.04209">
        <ele>235.5</ele>
      </trkpt>
      <trkpt lat="47.2571" lon="5.04108">
        <ele>235.0</ele>
      </trkpt>
      <trkpt lat="47.25732" lon="5.04006">
        <ele>235.7</ele>
      </trkpt>
      <trkpt lat="47.25753" lon="5.03905">
        <ele>235.0</ele>
      </trkpt>
      <trkpt lat="47.25765" lon="5.03858">
        <ele>235.2</ele>
      </trkpt>
      <trkpt lat="47.25775" lon="5.03825">
        <ele>235.2</ele>
      </trkpt>
      <trkpt lat="47.25783" lon="5.03802">
        <ele>235.0</ele>
      </trkpt>
      <trkpt lat="47.258" lon="5.03759">
        <ele>234.7</ele>
      </trkpt>
      <trkpt lat="47.25846" lon="5.03658">
        <ele>235.2</ele>
      </trkpt>
      <trkpt lat="47.25856" lon="5.03633">
        <ele>235.6</ele>
      </trkpt>
      <trkpt lat="47.25864" lon="5.03607">
        <ele>235.8</ele>
      </trkpt>
      <trkpt lat="47.25882" lon="5.03546">
        <ele>235.8</ele>
      </trkpt>
      <trkpt lat="47.25897" lon="5.03513">
        <ele>235.8</ele>
      </trkpt>
      <trkpt lat="47.25904" lon="5.03503">
        <ele>235.9</ele>
      </trkpt>
      <trkpt lat="47.25911" lon="5.03502">
        <ele>235.9</ele>
      </trkpt>
      <trkpt lat="47.25916" lon="5.03499">
        <ele>236.0</ele>
      </trkpt>
      <trkpt lat="47.25921" lon="5.03494">
        <ele>236.1</ele>
      </trkpt>
      <trkpt lat="47.25924" lon="5.03488">
        <ele>236.3</ele>
      </trkpt>
      <trkpt lat="47.25926" lon="5.0348">
        <ele>236.3</ele>
      </trkpt>
      <trkpt lat="47.25927" lon="5.03471">
        <ele>236.4</ele>
      </trkpt>
      <trkpt lat="47.25927" lon="5.03462">
        <ele>236.4</ele>
      </trkpt>
      <trkpt lat="47.25925" lon="5.03456">
        <ele>236.5</ele>
      </trkpt>
      <trkpt lat="47.25923" lon="5.03451">
        <ele>236.5</ele>
      </trkpt>
      <trkpt lat="47.25919" lon="5.03445">
        <ele>236.6</ele>
      </trkpt>
      <trkpt lat="47.25914" lon="5.03441">
        <ele>236.7</ele>
      </trkpt>
      <trkpt lat="47.25911" lon="5.03434">
        <ele>236.7</ele>
      </trkpt>
      <trkpt lat="47.25909" lon="5.03426">
        <ele>236.7</ele>
      </trkpt>
      <trkpt lat="47.25905" lon="5.03398">
        <ele>236.6</ele>
      </trkpt>
      <trkpt lat="47.25906" lon="5.03381">
        <ele>236.4</ele>
      </trkpt>
      <trkpt lat="47.25912" lon="5.03316">
        <ele>236.2</ele>
      </trkpt>
      <trkpt lat="47.25915" lon="5.03279">
        <ele>236.7</ele>
      </trkpt>
      <trkpt lat="47.2592" lon="5.03254">
        <ele>236.9</ele>
      </trkpt>
      <trkpt lat="47.25929" lon="5.03235">
        <ele>236.9</ele>
      </trkpt>
      <trkpt lat="47.25932" lon="5.0323">
        <ele>236.8</ele>
      </trkpt>
      <trkpt lat="47.25937" lon="5.03225">
        <ele>236.8</ele>
      </trkpt>
      <trkpt lat="47.25942" lon="5.03221">
        <ele>236.7</ele>
      </trkpt>
      <trkpt lat="47.2595" lon="5.0322">
        <ele>236.6</ele>
      </trkpt>
      <trkpt lat="47.25955" lon="5.03218">
        <ele>236.5</ele>
      </trkpt>
      <trkpt lat="47.25959" lon="5.03213">
        <ele>236.5</ele>
      </trkpt>
      <trkpt lat="47.25962" lon="5.03208">
        <ele>236.5</ele>
      </trkpt>
      <trkpt lat="47.25965" lon="5.032">
        <ele>236.4</ele>
      </trkpt>
      <trkpt lat="47.25966" lon="5.0319">
        <ele>236.4</ele>
      </trkpt>
      <trkpt lat="47.25966" lon="5.03181">
        <ele>236.4</ele>
      </trkpt>
      <trkpt lat="47.25964" lon="5.03174">
        <ele>236.4</ele>
      </trkpt>
      <trkpt lat="47.25961" lon="5.03168">
        <ele>236.5</ele>
      </trkpt>
      <trkpt lat="47.25958" lon="5.03163">
        <ele>236.5</ele>
      </trkpt>
      <trkpt lat="47.25955" lon="5.03146">
        <ele>236.7</ele>
      </trkpt>
      <trkpt lat="47.25955" lon="5.03104">
        <ele>236.9</ele>
      </trkpt>
      <trkpt lat="47.25966" lon="5.0303">
        <ele>236.6</ele>
      </trkpt>
      <trkpt lat="47.25976" lon="5.02975">
        <ele>236.6</ele>
      </trkpt>
      <trkpt lat="47.25997" lon="5.02857">
        <ele>237.7</ele>
      </trkpt>
      <trkpt lat="47.26019" lon="5.02738">
        <ele>238.2</ele>
      </trkpt>
      <trkpt lat="47.2604" lon="5.0262">
        <ele>237.7</ele>
      </trkpt>
      <trkpt lat="47.26045" lon="5.02597">
        <ele>237.6</ele>
      </trkpt>
      <trkpt lat="47.26055" lon="5.02565">
        <ele>237.7</ele>
      </trkpt>
      <trkpt lat="47.26092" lon="5.02469">
        <ele>238.2</ele>
      </trkpt>
      <trkpt lat="47.26108" lon="5.02437">
        <ele>238.4</ele>
      </trkpt>
      <trkpt lat="47.26115" lon="5.02424">
        <ele>238.4</ele>
      </trkpt>
      <trkpt lat="47.26122" lon="5.02416">
        <ele>238.5</ele>
      </trkpt>
      <trkpt lat="47.26128" lon="5.02411">
        <ele>238.5</ele>
      </trkpt>
      <trkpt lat="47.26135" lon="5.02408">
        <ele>238.6</ele>
      </trkpt>
      <trkpt lat="47.26141" lon="5.02402">
        <ele>238.7</ele>
      </trkpt>
      <trkpt lat="47.26146" lon="5.02393">
        <ele>238.7</ele>
      </trkpt>
      <trkpt lat="47.26148" lon="5.02383">
        <ele>238.8</ele>
      </trkpt>
      <trkpt lat="47.26148" lon="5.02353">
        <ele>238.8</ele>
      </trkpt>
      <trkpt lat="47.26149" lon="5.02341">
        <ele>238.8</ele>
      </trkpt>
      <trkpt lat="47.26156" lon="5.02325">
        <ele>238.9</ele>
      </trkpt>
      <trkpt lat="47.26159" lon="5.02315">
        <ele>238.9</ele>
      </trkpt>
      <trkpt lat="47.26179" lon="5.0229">
        <ele>239.3</ele>
      </trkpt>
      <trkpt lat="47.26196" lon="5.02274">
        <ele>239.8</ele>
      </trkpt>
      <trkpt lat="47.2624" lon="5.02239">
        <ele>241.8</ele>
      </trkpt>
      <trkpt lat="47.26258" lon="5.02221">
        <ele>242.3</ele>
      </trkpt>
      <trkpt lat="47.26273" lon="5.02203">
        <ele>242.4</ele>
      </trkpt>
      <trkpt lat="47.26291" lon="5.02175">
        <ele>242.5</ele>
      </trkpt>
      <trkpt lat="47.26297" lon="5.02162">
        <ele>242.4</ele>
      </trkpt>
      <trkpt lat="47.26307" lon="5.0214">
        <ele>242.2</ele>
      </trkpt>
      <trkpt lat="47.2631" lon="5.02129">
        <ele>242.2</ele>
      </trkpt>
      <trkpt lat="47.26321" lon="5.02091">
        <ele>242.0</ele>
      </trkpt>
      <trkpt lat="47.26327" lon="5.02066">
        <ele>242.0</ele>
      </trkpt>
      <trkpt lat="47.26333" lon="5.02044">
        <ele>242.0</ele>
      </trkpt>
      <trkpt lat="47.26335" lon="5.02031">
        <ele>242.0</ele>
      </trkpt>
      <trkpt lat="47.26336" lon="5.02012">
        <ele>242.0</ele>
      </trkpt>
      <trkpt lat="47.26336" lon="5.01892">
        <ele>244.3</ele>
      </trkpt>
      <trkpt lat="47.26339" lon="5.01832">
        <ele>244.9</ele>
      </trkpt>
      <trkpt lat="47.26344" lon="5.01798">
        <ele>244.5</ele>
      </trkpt>
      <trkpt lat="47.26356" lon="5.01736">
        <ele>244.0</ele>
      </trkpt>
      <trkpt lat="47.26364" lon="5.01705">
        <ele>244.0</ele>
      </trkpt>
      <trkpt lat="47.2637" lon="5.01685">
        <ele>244.0</ele>
      </trkpt>
      <trkpt lat="47.26409" lon="5.0157">
        <ele>245.1</ele>
      </trkpt>
      <trkpt lat="47.26448" lon="5.01454">
        <ele>246.4</ele>
      </trkpt>
      <trkpt lat="47.26487" lon="5.01338">
        <ele>247.6</ele>
      </trkpt>
      <trkpt lat="47.26513" lon="5.01262">
        <ele>248.9</ele>
      </trkpt>
      <trkpt lat="47.26539" lon="5.01186">
        <ele>250.1</ele>
      </trkpt>
      <trkpt lat="47.26569" lon="5.01093">
        <ele>252.4</ele>
      </trkpt>
      <trkpt lat="47.26572" lon="5.01084">
        <ele>252.6</ele>
      </trkpt>
      <trkpt lat="47.26573" lon="5.01072">
        <ele>252.7</ele>
      </trkpt>
      <trkpt lat="47.26573" lon="5.01063">
        <ele>252.7</ele>
      </trkpt>
      <trkpt lat="47.26571" lon="5.01052">
        <ele>252.7</ele>
      </trkpt>
      <trkpt lat="47.26568" lon="5.01041">
        <ele>252.6</ele>
      </trkpt>
      <trkpt lat="47.26527" lon="5.00951">
        <ele>253.3</ele>
      </trkpt>
      <trkpt lat="47.26483" lon="5.00878">
        <ele>253.6</ele>
      </trkpt>
      <trkpt lat="47.26478" lon="5.0087">
        <ele>253.5</ele>
      </trkpt>
      <trkpt lat="47.26477" lon="5.00859">
        <ele>253.4</ele>
      </trkpt>
      <trkpt lat="47.26477" lon="5.00848">
        <ele>253.5</ele>
      </trkpt>
      <trkpt lat="47.26489" lon="5.00812">
        <ele>253.5</ele>
      </trkpt>
      <trkpt lat="47.26496" lon="5.00793">
        <ele>253.4</ele>
      </trkpt>
      <trkpt lat="47.26501" lon="5.00783">
        <ele>253.4</ele>
      </trkpt>
      <trkpt lat="47.26507" lon="5.00773">
        <ele>253.5</ele>
      </trkpt>
      <trkpt lat="47.26518" lon="5.00767">
        <ele>253.7</ele>
      </trkpt>
      <trkpt lat="47.26534" lon="5.00754">
        <ele>253.9</ele>
      </trkpt>
      <trkpt lat="47.26541" lon="5.00746">
        <ele>254.0</ele>
      </trkpt>
      <trkpt lat="47.26573" lon="5.00699">
        <ele>254.8</ele>
      </trkpt>
      <trkpt lat="47.26606" lon="5.00652">
        <ele>254.6</ele>
      </trkpt>
      <trkpt lat="47.26615" lon="5.00634">
        <ele>254.4</ele>
      </trkpt>
      <trkpt lat="47.26634" lon="5.00588">
        <ele>254.0</ele>
      </trkpt>
      <trkpt lat="47.26645" lon="5.00567">
        <ele>254.1</ele>
      </trkpt>
      <trkpt lat="47.26669" lon="5.00505">
        <ele>255.0</ele>
      </trkpt>
      <trkpt lat="47.26678" lon="5.00487">
        <ele>255.0</ele>
      </trkpt>
      <trkpt lat="47.26702" lon="5.00447">
        <ele>254.8</ele>
      </trkpt>
      <trkpt lat="47.26716" lon="5.0042">
        <ele>254.6</ele>
      </trkpt>
      <trkpt lat="47.26722" lon="5.00413">
        <ele>254.7</ele>
      </trkpt>
      <trkpt lat="47.26733" lon="5.0039">
        <ele>255.0</ele>
      </trkpt>
      <trkpt lat="47.26763" lon="5.0033">
        <ele>256.3</ele>
      </trkpt>
      <trkpt lat="47.2678" lon="5.00295">
        <ele>256.7</ele>
      </trkpt>
      <trkpt lat="47.26783" lon="5.00287">
        <ele>256.8</ele>
      </trkpt>
      <trkpt lat="47.26788" lon="5.00278">
        <ele>256.9</ele>
      </trkpt>
      <trkpt lat="47.26793" lon="5.00265">
        <ele>257.0</ele>
      </trkpt>
      <trkpt lat="47.26794" lon="5.00258">
        <ele>257.1</ele>
      </trkpt>
      <trkpt lat="47.2682" lon="5.00187">
        <ele>257.0</ele>
      </trkpt>
      <trkpt lat="47.26846" lon="5.00117">
        <ele>257.3</ele>
      </trkpt>
      <trkpt lat="47.26851" lon="5.00094">
        <ele>257.4</ele>
      </trkpt>
      <trkpt lat="47.26855" lon="5.00068">
        <ele>257.7</ele>
      </trkpt>
      <trkpt lat="47.26859" lon="5.00039">
        <ele>258.0</ele>
      </trkpt>
      <trkpt lat="47.26858" lon="4.99996">
        <ele>258.0</ele>
      </trkpt>
      <trkpt lat="47.26871" lon="4.99932">
        <ele>256.0</ele>
      </trkpt>
      <trkpt lat="47.26885" lon="4.99868">
        <ele>258.5</ele>
      </trkpt>
      <trkpt lat="47.26892" lon="4.99846">
        <ele>259.0</ele>
      </trkpt>
      <trkpt lat="47.26928" lon="4.99736">
        <ele>260.3</ele>
      </trkpt>
      <trkpt lat="47.26964" lon="4.9966">
        <ele>261.5</ele>
      </trkpt>
      <trkpt lat="47.26996" lon="4.99603">
        <ele>262.5</ele>
      </trkpt>
      <trkpt lat="47.27028" lon="4.99547">
        <ele>263.1</ele>
      </trkpt>
      <trkpt lat="47.27049" lon="4.99463">
        <ele>263.6</ele>
      </trkpt>
      <trkpt lat="47.2707" lon="4.99379">
        <ele>264.8</ele>
      </trkpt>
      <trkpt lat="47.27083" lon="4.99315">
        <ele>265.2</ele>
      </trkpt>
      <trkpt lat="47.27095" lon="4.9925">
        <ele>266.1</ele>
      </trkpt>
      <trkpt lat="47.27101" lon="4.99215">
        <ele>267.5</ele>
      </trkpt>
      <trkpt lat="47.27115" lon="4.99118">
        <ele>270.7</ele>
      </trkpt>
      <trkpt lat="47.27115" lon="4.99104">
        <ele>271.1</ele>
      </trkpt>
      <trkpt lat="47.27107" lon="4.99104">
        <ele>271.1</ele>
      </trkpt>
      <trkpt lat="47.27082" lon="4.99103">
        <ele>271.3</ele>
      </trkpt>
      <trkpt lat="47.2705" lon="4.99093">
        <ele>270.9</ele>
      </trkpt>
      <trkpt lat="47.27039" lon="4.99089">
        <ele>270.8</ele>
      </trkpt>
      <trkpt lat="47.27046" lon="4.99048">
        <ele>272.3</ele>
      </trkpt>
      <trkpt lat="47.27061" lon="4.98958">
        <ele>275.0</ele>
      </trkpt>
    </trkseg>
  </trk>
</gpx>
