<?xml version="1.0" encoding="UTF-8"?>
<gpx xmlns:gpxdata="http://www.cluetrust.com/XML/GPXDATA/1/0" xmlns:xsi="http://www.w3.org/2001/XMLSchema-instance" xmlns="http://www.topografix.com/GPX/1/1" version="1.1" creator="http://ridewithgps.com/" xsi:schemaLocation="http://www.topografix.com/GPX/1/1 http://www.topografix.com/GPX/1/1/gpx.xsd http://www.cluetrust.com/XML/GPXDATA/1/0 http://www.cluetrust.com/Schemas/gpxdata10.xsd">
  <metadata>
    <name>Jour 24 - Avignon @ Gallician</name>
    <link href="https://ridewithgps.com/routes/57250683">
      <text>Jour 24 - Avignon @ Gallician</text>
    </link>
    <time>2026-09-21T00:21:43Z</time>
  </metadata>
  <trk>
    <name>Jour 24 - Avignon @ Gallician</name>
    <trkseg>
      <trkpt lat="43.94715" lon="4.81223">
        <ele>24.4</ele>
      </trkpt>
      <trkpt lat="43.9475" lon="4.81223">
        <ele>25.0</ele>
      </trkpt>
      <trkpt lat="43.94764" lon="4.81158">
        <ele>27.3</ele>
      </trkpt>
      <trkpt lat="43.94767" lon="4.81158">
        <ele>27.3</ele>
      </trkpt>
      <trkpt lat="43.94789" lon="4.81053">
        <ele>28.5</ele>
      </trkpt>
      <trkpt lat="43.94802" lon="4.81">
        <ele>28.4</ele>
      </trkpt>
      <trkpt lat="43.94798" lon="4.80999">
        <ele>28.5</ele>
      </trkpt>
      <trkpt lat="43.94808" lon="4.80955">
        <ele>29.6</ele>
      </trkpt>
      <trkpt lat="43.9482" lon="4.80883">
        <ele>31.5</ele>
      </trkpt>
      <trkpt lat="43.94824" lon="4.80852">
        <ele>32.3</ele>
      </trkpt>
      <trkpt lat="43.94826" lon="4.80819">
        <ele>32.9</ele>
      </trkpt>
      <trkpt lat="43.94828" lon="4.80782">
        <ele>33.4</ele>
      </trkpt>
      <trkpt lat="43.94828" lon="4.80762">
        <ele>33.6</ele>
      </trkpt>
      <trkpt lat="43.94814" lon="4.80754">
        <ele>33.0</ele>
      </trkpt>
      <trkpt lat="43.94826" lon="4.80702">
        <ele>33.1</ele>
      </trkpt>
      <trkpt lat="43.94832" lon="4.8069">
        <ele>33.2</ele>
      </trkpt>
      <trkpt lat="43.94836" lon="4.8068">
        <ele>33.1</ele>
      </trkpt>
      <trkpt lat="43.9484" lon="4.80655">
        <ele>32.6</ele>
      </trkpt>
      <trkpt lat="43.94843" lon="4.80648">
        <ele>32.4</ele>
      </trkpt>
      <trkpt lat="43.94856" lon="4.80635">
        <ele>31.8</ele>
      </trkpt>
      <trkpt lat="43.94862" lon="4.80627">
        <ele>31.5</ele>
      </trkpt>
      <trkpt lat="43.94869" lon="4.8062">
        <ele>31.3</ele>
      </trkpt>
      <trkpt lat="43.9487" lon="4.80592">
        <ele>30.7</ele>
      </trkpt>
      <trkpt lat="43.9487" lon="4.80572">
        <ele>30.4</ele>
      </trkpt>
      <trkpt lat="43.94876" lon="4.80495">
        <ele>29.4</ele>
      </trkpt>
      <trkpt lat="43.94883" lon="4.80419">
        <ele>27.2</ele>
      </trkpt>
      <trkpt lat="43.94892" lon="4.80352">
        <ele>25.3</ele>
      </trkpt>
      <trkpt lat="43.94911" lon="4.80264">
        <ele>24.1</ele>
      </trkpt>
      <trkpt lat="43.94913" lon="4.80249">
        <ele>23.9</ele>
      </trkpt>
      <trkpt lat="43.94913" lon="4.80239">
        <ele>23.7</ele>
      </trkpt>
      <trkpt lat="43.94917" lon="4.80227">
        <ele>23.5</ele>
      </trkpt>
      <trkpt lat="43.94919" lon="4.80217">
        <ele>23.2</ele>
      </trkpt>
      <trkpt lat="43.94922" lon="4.80204">
        <ele>22.9</ele>
      </trkpt>
      <trkpt lat="43.94923" lon="4.80201">
        <ele>22.8</ele>
      </trkpt>
      <trkpt lat="43.94925" lon="4.80195">
        <ele>22.7</ele>
      </trkpt>
      <trkpt lat="43.94927" lon="4.80192">
        <ele>22.7</ele>
      </trkpt>
      <trkpt lat="43.94928" lon="4.8019">
        <ele>22.6</ele>
      </trkpt>
      <trkpt lat="43.9493" lon="4.80187">
        <ele>22.5</ele>
      </trkpt>
      <trkpt lat="43.94936" lon="4.80193">
        <ele>22.7</ele>
      </trkpt>
      <trkpt lat="43.94944" lon="4.8019">
        <ele>22.7</ele>
      </trkpt>
      <trkpt lat="43.94957" lon="4.80183">
        <ele>22.5</ele>
      </trkpt>
      <trkpt lat="43.94958" lon="4.80175">
        <ele>22.3</ele>
      </trkpt>
      <trkpt lat="43.94961" lon="4.80177">
        <ele>22.3</ele>
      </trkpt>
      <trkpt lat="43.9499" lon="4.80199">
        <ele>23.1</ele>
      </trkpt>
      <trkpt lat="43.94992" lon="4.80204">
        <ele>23.3</ele>
      </trkpt>
      <trkpt lat="43.94996" lon="4.80209">
        <ele>23.5</ele>
      </trkpt>
      <trkpt lat="43.95019" lon="4.8022">
        <ele>23.2</ele>
      </trkpt>
      <trkpt lat="43.95024" lon="4.8022">
        <ele>23.0</ele>
      </trkpt>
      <trkpt lat="43.95033" lon="4.80211">
        <ele>22.4</ele>
      </trkpt>
      <trkpt lat="43.95037" lon="4.80204">
        <ele>22.1</ele>
      </trkpt>
      <trkpt lat="43.95039" lon="4.80197">
        <ele>21.8</ele>
      </trkpt>
      <trkpt lat="43.95063" lon="4.80209">
        <ele>21.2</ele>
      </trkpt>
      <trkpt lat="43.95073" lon="4.8021">
        <ele>20.9</ele>
      </trkpt>
      <trkpt lat="43.95078" lon="4.80208">
        <ele>20.7</ele>
      </trkpt>
      <trkpt lat="43.95082" lon="4.80203">
        <ele>20.5</ele>
      </trkpt>
      <trkpt lat="43.95086" lon="4.80194">
        <ele>20.2</ele>
      </trkpt>
      <trkpt lat="43.95113" lon="4.80101">
        <ele>17.4</ele>
      </trkpt>
      <trkpt lat="43.95139" lon="4.80008">
        <ele>17.0</ele>
      </trkpt>
      <trkpt lat="43.95166" lon="4.79916">
        <ele>18.0</ele>
      </trkpt>
      <trkpt lat="43.95193" lon="4.79823">
        <ele>22.8</ele>
      </trkpt>
      <trkpt lat="43.95196" lon="4.79813">
        <ele>22.7</ele>
      </trkpt>
      <trkpt lat="43.95203" lon="4.79817">
        <ele>23.0</ele>
      </trkpt>
      <trkpt lat="43.95237" lon="4.79709">
        <ele>22.3</ele>
      </trkpt>
      <trkpt lat="43.95242" lon="4.79701">
        <ele>22.3</ele>
      </trkpt>
      <trkpt lat="43.95246" lon="4.79697">
        <ele>22.3</ele>
      </trkpt>
      <trkpt lat="43.95249" lon="4.79697">
        <ele>22.3</ele>
      </trkpt>
      <trkpt lat="43.95252" lon="4.7969">
        <ele>22.2</ele>
      </trkpt>
      <trkpt lat="43.95252" lon="4.7969">
        <ele>22.2</ele>
      </trkpt>
      <trkpt lat="43.95256" lon="4.79675">
        <ele>22.0</ele>
      </trkpt>
      <trkpt lat="43.95263" lon="4.79651">
        <ele>21.6</ele>
      </trkpt>
      <trkpt lat="43.95265" lon="4.79645">
        <ele>21.5</ele>
      </trkpt>
      <trkpt lat="43.95264" lon="4.79642">
        <ele>21.5</ele>
      </trkpt>
      <trkpt lat="43.95263" lon="4.79637">
        <ele>21.4</ele>
      </trkpt>
      <trkpt lat="43.95264" lon="4.79624">
        <ele>21.3</ele>
      </trkpt>
      <trkpt lat="43.95269" lon="4.79602">
        <ele>21.1</ele>
      </trkpt>
      <trkpt lat="43.95279" lon="4.79569">
        <ele>21.2</ele>
      </trkpt>
      <trkpt lat="43.953" lon="4.79511">
        <ele>21.7</ele>
      </trkpt>
      <trkpt lat="43.95321" lon="4.79454">
        <ele>19.8</ele>
      </trkpt>
      <trkpt lat="43.95351" lon="4.79376">
        <ele>18.0</ele>
      </trkpt>
      <trkpt lat="43.95381" lon="4.79298">
        <ele>18.0</ele>
      </trkpt>
      <trkpt lat="43.95411" lon="4.79219">
        <ele>20.1</ele>
      </trkpt>
      <trkpt lat="43.95417" lon="4.79208">
        <ele>21.0</ele>
      </trkpt>
      <trkpt lat="43.95422" lon="4.79204">
        <ele>21.6</ele>
      </trkpt>
      <trkpt lat="43.95427" lon="4.79203">
        <ele>21.9</ele>
      </trkpt>
      <trkpt lat="43.95437" lon="4.79199">
        <ele>22.7</ele>
      </trkpt>
      <trkpt lat="43.95444" lon="4.79195">
        <ele>23.4</ele>
      </trkpt>
      <trkpt lat="43.95447" lon="4.79196">
        <ele>23.5</ele>
      </trkpt>
      <trkpt lat="43.9545" lon="4.79199">
        <ele>23.4</ele>
      </trkpt>
      <trkpt lat="43.9545" lon="4.79202">
        <ele>23.2</ele>
      </trkpt>
      <trkpt lat="43.95449" lon="4.79206">
        <ele>22.9</ele>
      </trkpt>
      <trkpt lat="43.95436" lon="4.79234">
        <ele>20.3</ele>
      </trkpt>
      <trkpt lat="43.95436" lon="4.79234">
        <ele>20.3</ele>
      </trkpt>
      <trkpt lat="43.95432" lon="4.79242">
        <ele>19.5</ele>
      </trkpt>
      <trkpt lat="43.95429" lon="4.79241">
        <ele>19.4</ele>
      </trkpt>
      <trkpt lat="43.95413" lon="4.79225">
        <ele>19.7</ele>
      </trkpt>
      <trkpt lat="43.95401" lon="4.79212">
        <ele>20.2</ele>
      </trkpt>
      <trkpt lat="43.9538" lon="4.7918">
        <ele>20.8</ele>
      </trkpt>
      <trkpt lat="43.95378" lon="4.79175">
        <ele>20.9</ele>
      </trkpt>
      <trkpt lat="43.95377" lon="4.79164">
        <ele>21.4</ele>
      </trkpt>
      <trkpt lat="43.95378" lon="4.7916">
        <ele>21.9</ele>
      </trkpt>
      <trkpt lat="43.9538" lon="4.79157">
        <ele>22.3</ele>
      </trkpt>
      <trkpt lat="43.95382" lon="4.79154">
        <ele>22.8</ele>
      </trkpt>
      <trkpt lat="43.95385" lon="4.79152">
        <ele>23.2</ele>
      </trkpt>
      <trkpt lat="43.95394" lon="4.79153">
        <ele>23.6</ele>
      </trkpt>
      <trkpt lat="43.954" lon="4.79156">
        <ele>23.8</ele>
      </trkpt>
      <trkpt lat="43.95405" lon="4.79161">
        <ele>23.7</ele>
      </trkpt>
      <trkpt lat="43.95406" lon="4.79159">
        <ele>23.9</ele>
      </trkpt>
      <trkpt lat="43.95408" lon="4.79154">
        <ele>24.5</ele>
      </trkpt>
      <trkpt lat="43.9541" lon="4.79149">
        <ele>25.1</ele>
      </trkpt>
      <trkpt lat="43.95405" lon="4.79139">
        <ele>25.6</ele>
      </trkpt>
      <trkpt lat="43.95402" lon="4.79131">
        <ele>26.2</ele>
      </trkpt>
      <trkpt lat="43.95404" lon="4.79123">
        <ele>27.0</ele>
      </trkpt>
      <trkpt lat="43.95402" lon="4.79121">
        <ele>27.1</ele>
      </trkpt>
      <trkpt lat="43.954" lon="4.79116">
        <ele>27.4</ele>
      </trkpt>
      <trkpt lat="43.95401" lon="4.79111">
        <ele>27.9</ele>
      </trkpt>
      <trkpt lat="43.95403" lon="4.79103">
        <ele>28.7</ele>
      </trkpt>
      <trkpt lat="43.95382" lon="4.79094">
        <ele>28.7</ele>
      </trkpt>
      <trkpt lat="43.95325" lon="4.79073">
        <ele>29.7</ele>
      </trkpt>
      <trkpt lat="43.95268" lon="4.79052">
        <ele>32.3</ele>
      </trkpt>
      <trkpt lat="43.95262" lon="4.7905">
        <ele>32.5</ele>
      </trkpt>
      <trkpt lat="43.95255" lon="4.7905">
        <ele>32.3</ele>
      </trkpt>
      <trkpt lat="43.95243" lon="4.79052">
        <ele>31.4</ele>
      </trkpt>
      <trkpt lat="43.95231" lon="4.79051">
        <ele>30.7</ele>
      </trkpt>
      <trkpt lat="43.95226" lon="4.79049">
        <ele>30.7</ele>
      </trkpt>
      <trkpt lat="43.952" lon="4.79029">
        <ele>33.2</ele>
      </trkpt>
      <trkpt lat="43.95184" lon="4.79026">
        <ele>33.2</ele>
      </trkpt>
      <trkpt lat="43.95162" lon="4.79015">
        <ele>34.7</ele>
      </trkpt>
      <trkpt lat="43.95108" lon="4.78984">
        <ele>32.2</ele>
      </trkpt>
      <trkpt lat="43.95087" lon="4.7897">
        <ele>30.6</ele>
      </trkpt>
      <trkpt lat="43.95071" lon="4.78958">
        <ele>29.5</ele>
      </trkpt>
      <trkpt lat="43.95061" lon="4.78944">
        <ele>29.2</ele>
      </trkpt>
      <trkpt lat="43.95055" lon="4.78934">
        <ele>29.1</ele>
      </trkpt>
      <trkpt lat="43.95037" lon="4.78854">
        <ele>28.0</ele>
      </trkpt>
      <trkpt lat="43.95027" lon="4.78808">
        <ele>27.0</ele>
      </trkpt>
      <trkpt lat="43.95023" lon="4.78792">
        <ele>26.6</ele>
      </trkpt>
      <trkpt lat="43.9501" lon="4.78725">
        <ele>25.4</ele>
      </trkpt>
      <trkpt lat="43.95009" lon="4.78697">
        <ele>25.6</ele>
      </trkpt>
      <trkpt lat="43.95007" lon="4.78692">
        <ele>25.4</ele>
      </trkpt>
      <trkpt lat="43.95008" lon="4.7869">
        <ele>25.5</ele>
      </trkpt>
      <trkpt lat="43.95009" lon="4.78686">
        <ele>25.7</ele>
      </trkpt>
      <trkpt lat="43.95009" lon="4.78682">
        <ele>25.7</ele>
      </trkpt>
      <trkpt lat="43.95007" lon="4.78681">
        <ele>25.5</ele>
      </trkpt>
      <trkpt lat="43.95012" lon="4.7866">
        <ele>26.1</ele>
      </trkpt>
      <trkpt lat="43.95017" lon="4.78606">
        <ele>26.4</ele>
      </trkpt>
      <trkpt lat="43.95026" lon="4.78546">
        <ele>27.6</ele>
      </trkpt>
      <trkpt lat="43.95024" lon="4.78531">
        <ele>27.4</ele>
      </trkpt>
      <trkpt lat="43.95007" lon="4.7847">
        <ele>26.0</ele>
      </trkpt>
      <trkpt lat="43.94983" lon="4.78412">
        <ele>24.9</ele>
      </trkpt>
      <trkpt lat="43.94978" lon="4.78388">
        <ele>24.1</ele>
      </trkpt>
      <trkpt lat="43.94978" lon="4.78372">
        <ele>23.8</ele>
      </trkpt>
      <trkpt lat="43.94979" lon="4.78368">
        <ele>23.7</ele>
      </trkpt>
      <trkpt lat="43.9498" lon="4.78365">
        <ele>23.7</ele>
      </trkpt>
      <trkpt lat="43.94985" lon="4.7836">
        <ele>23.9</ele>
      </trkpt>
      <trkpt lat="43.94993" lon="4.78355">
        <ele>24.2</ele>
      </trkpt>
      <trkpt lat="43.94997" lon="4.78352">
        <ele>24.3</ele>
      </trkpt>
      <trkpt lat="43.95001" lon="4.78341">
        <ele>24.2</ele>
      </trkpt>
      <trkpt lat="43.94999" lon="4.78321">
        <ele>23.8</ele>
      </trkpt>
      <trkpt lat="43.9499" lon="4.78282">
        <ele>23.0</ele>
      </trkpt>
      <trkpt lat="43.94981" lon="4.78236">
        <ele>22.7</ele>
      </trkpt>
      <trkpt lat="43.94981" lon="4.78236">
        <ele>22.7</ele>
      </trkpt>
      <trkpt lat="43.9498" lon="4.78228">
        <ele>22.8</ele>
      </trkpt>
      <trkpt lat="43.9498" lon="4.78224">
        <ele>22.9</ele>
      </trkpt>
      <trkpt lat="43.9498" lon="4.78224">
        <ele>22.9</ele>
      </trkpt>
      <trkpt lat="43.94962" lon="4.78128">
        <ele>23.4</ele>
      </trkpt>
      <trkpt lat="43.94943" lon="4.78072">
        <ele>23.1</ele>
      </trkpt>
      <trkpt lat="43.94917" lon="4.78006">
        <ele>24.8</ele>
      </trkpt>
      <trkpt lat="43.94912" lon="4.77989">
        <ele>25.5</ele>
      </trkpt>
      <trkpt lat="43.94903" lon="4.77977">
        <ele>25.8</ele>
      </trkpt>
      <trkpt lat="43.94871" lon="4.77915">
        <ele>26.8</ele>
      </trkpt>
      <trkpt lat="43.94857" lon="4.77881">
        <ele>27.5</ele>
      </trkpt>
      <trkpt lat="43.9485" lon="4.77851">
        <ele>28.0</ele>
      </trkpt>
      <trkpt lat="43.94849" lon="4.77784">
        <ele>29.3</ele>
      </trkpt>
      <trkpt lat="43.94848" lon="4.77717">
        <ele>27.5</ele>
      </trkpt>
      <trkpt lat="43.9485" lon="4.77698">
        <ele>26.8</ele>
      </trkpt>
      <trkpt lat="43.94854" lon="4.77683">
        <ele>26.6</ele>
      </trkpt>
      <trkpt lat="43.9487" lon="4.77652">
        <ele>27.2</ele>
      </trkpt>
      <trkpt lat="43.94877" lon="4.77628">
        <ele>26.8</ele>
      </trkpt>
      <trkpt lat="43.94879" lon="4.77614">
        <ele>26.1</ele>
      </trkpt>
      <trkpt lat="43.94882" lon="4.77571">
        <ele>24.3</ele>
      </trkpt>
      <trkpt lat="43.94886" lon="4.77517">
        <ele>24.2</ele>
      </trkpt>
      <trkpt lat="43.94889" lon="4.77489">
        <ele>24.3</ele>
      </trkpt>
      <trkpt lat="43.94899" lon="4.7741">
        <ele>24.6</ele>
      </trkpt>
      <trkpt lat="43.94906" lon="4.77377">
        <ele>24.8</ele>
      </trkpt>
      <trkpt lat="43.94907" lon="4.77374">
        <ele>24.8</ele>
      </trkpt>
      <trkpt lat="43.94929" lon="4.77279">
        <ele>24.8</ele>
      </trkpt>
      <trkpt lat="43.94948" lon="4.77202">
        <ele>26.7</ele>
      </trkpt>
      <trkpt lat="43.94968" lon="4.77125">
        <ele>27.7</ele>
      </trkpt>
      <trkpt lat="43.94972" lon="4.77105">
        <ele>27.3</ele>
      </trkpt>
      <trkpt lat="43.94973" lon="4.77097">
        <ele>27.0</ele>
      </trkpt>
      <trkpt lat="43.94972" lon="4.77067">
        <ele>25.6</ele>
      </trkpt>
      <trkpt lat="43.94984" lon="4.7706">
        <ele>26.3</ele>
      </trkpt>
      <trkpt lat="43.94991" lon="4.77052">
        <ele>26.4</ele>
      </trkpt>
      <trkpt lat="43.94999" lon="4.77037">
        <ele>26.2</ele>
      </trkpt>
      <trkpt lat="43.9502" lon="4.76994">
        <ele>30.3</ele>
      </trkpt>
      <trkpt lat="43.9504" lon="4.7694">
        <ele>30.4</ele>
      </trkpt>
      <trkpt lat="43.95056" lon="4.76869">
        <ele>26.0</ele>
      </trkpt>
      <trkpt lat="43.95065" lon="4.76842">
        <ele>24.3</ele>
      </trkpt>
      <trkpt lat="43.95083" lon="4.76806">
        <ele>23.7</ele>
      </trkpt>
      <trkpt lat="43.95119" lon="4.76746">
        <ele>27.4</ele>
      </trkpt>
      <trkpt lat="43.95141" lon="4.76702">
        <ele>31.2</ele>
      </trkpt>
      <trkpt lat="43.95172" lon="4.76595">
        <ele>35.3</ele>
      </trkpt>
      <trkpt lat="43.95178" lon="4.76556">
        <ele>36.1</ele>
      </trkpt>
      <trkpt lat="43.95189" lon="4.76531">
        <ele>38.4</ele>
      </trkpt>
      <trkpt lat="43.95198" lon="4.76478">
        <ele>38.9</ele>
      </trkpt>
      <trkpt lat="43.95197" lon="4.76462">
        <ele>38.5</ele>
      </trkpt>
      <trkpt lat="43.95194" lon="4.76441">
        <ele>37.5</ele>
      </trkpt>
      <trkpt lat="43.95188" lon="4.76415">
        <ele>35.9</ele>
      </trkpt>
      <trkpt lat="43.95177" lon="4.76379">
        <ele>34.4</ele>
      </trkpt>
      <trkpt lat="43.9517" lon="4.76359">
        <ele>33.2</ele>
      </trkpt>
      <trkpt lat="43.95139" lon="4.76279">
        <ele>32.9</ele>
      </trkpt>
      <trkpt lat="43.9513" lon="4.76235">
        <ele>32.5</ele>
      </trkpt>
      <trkpt lat="43.95117" lon="4.76165">
        <ele>29.5</ele>
      </trkpt>
      <trkpt lat="43.95114" lon="4.76144">
        <ele>29.1</ele>
      </trkpt>
      <trkpt lat="43.95106" lon="4.76083">
        <ele>28.0</ele>
      </trkpt>
      <trkpt lat="43.951" lon="4.76042">
        <ele>27.2</ele>
      </trkpt>
      <trkpt lat="43.95096" lon="4.7599">
        <ele>27.0</ele>
      </trkpt>
      <trkpt lat="43.95093" lon="4.75972">
        <ele>26.1</ele>
      </trkpt>
      <trkpt lat="43.95079" lon="4.75941">
        <ele>23.7</ele>
      </trkpt>
      <trkpt lat="43.95063" lon="4.75893">
        <ele>24.4</ele>
      </trkpt>
      <trkpt lat="43.95038" lon="4.75841">
        <ele>24.8</ele>
      </trkpt>
      <trkpt lat="43.95014" lon="4.75788">
        <ele>29.8</ele>
      </trkpt>
      <trkpt lat="43.95007" lon="4.75782">
        <ele>29.6</ele>
      </trkpt>
      <trkpt lat="43.94998" lon="4.75781">
        <ele>28.6</ele>
      </trkpt>
      <trkpt lat="43.94971" lon="4.75792">
        <ele>27.8</ele>
      </trkpt>
      <trkpt lat="43.94917" lon="4.7581">
        <ele>24.4</ele>
      </trkpt>
      <trkpt lat="43.94872" lon="4.75822">
        <ele>23.4</ele>
      </trkpt>
      <trkpt lat="43.94842" lon="4.75841">
        <ele>21.1</ele>
      </trkpt>
      <trkpt lat="43.94827" lon="4.75843">
        <ele>21.1</ele>
      </trkpt>
      <trkpt lat="43.94812" lon="4.7584">
        <ele>20.8</ele>
      </trkpt>
      <trkpt lat="43.94789" lon="4.75831">
        <ele>21.0</ele>
      </trkpt>
      <trkpt lat="43.94769" lon="4.75817">
        <ele>23.2</ele>
      </trkpt>
      <trkpt lat="43.9472" lon="4.75763">
        <ele>26.9</ele>
      </trkpt>
      <trkpt lat="43.94685" lon="4.75713">
        <ele>27.0</ele>
      </trkpt>
      <trkpt lat="43.94676" lon="4.75703">
        <ele>26.5</ele>
      </trkpt>
      <trkpt lat="43.94645" lon="4.75673">
        <ele>26.1</ele>
      </trkpt>
      <trkpt lat="43.94623" lon="4.75655">
        <ele>26.2</ele>
      </trkpt>
      <trkpt lat="43.94587" lon="4.75642">
        <ele>23.3</ele>
      </trkpt>
      <trkpt lat="43.94562" lon="4.75635">
        <ele>23.5</ele>
      </trkpt>
      <trkpt lat="43.94551" lon="4.75634">
        <ele>23.4</ele>
      </trkpt>
      <trkpt lat="43.94539" lon="4.75636">
        <ele>22.7</ele>
      </trkpt>
      <trkpt lat="43.94531" lon="4.75638">
        <ele>22.2</ele>
      </trkpt>
      <trkpt lat="43.94522" lon="4.75638">
        <ele>22.0</ele>
      </trkpt>
      <trkpt lat="43.94486" lon="4.75614">
        <ele>23.5</ele>
      </trkpt>
      <trkpt lat="43.94459" lon="4.75599">
        <ele>23.2</ele>
      </trkpt>
      <trkpt lat="43.94412" lon="4.75578">
        <ele>21.7</ele>
      </trkpt>
      <trkpt lat="43.944" lon="4.75575">
        <ele>21.7</ele>
      </trkpt>
      <trkpt lat="43.94389" lon="4.75579">
        <ele>20.8</ele>
      </trkpt>
      <trkpt lat="43.94374" lon="4.7559">
        <ele>19.7</ele>
      </trkpt>
      <trkpt lat="43.9436" lon="4.75595">
        <ele>19.2</ele>
      </trkpt>
      <trkpt lat="43.94344" lon="4.75592">
        <ele>18.9</ele>
      </trkpt>
      <trkpt lat="43.94321" lon="4.75584">
        <ele>18.7</ele>
      </trkpt>
      <trkpt lat="43.9431" lon="4.75575">
        <ele>18.5</ele>
      </trkpt>
      <trkpt lat="43.94305" lon="4.75563">
        <ele>18.3</ele>
      </trkpt>
      <trkpt lat="43.943" lon="4.75547">
        <ele>18.1</ele>
      </trkpt>
      <trkpt lat="43.94297" lon="4.75495">
        <ele>18.2</ele>
      </trkpt>
      <trkpt lat="43.94295" lon="4.75484">
        <ele>19.0</ele>
      </trkpt>
      <trkpt lat="43.94293" lon="4.75476">
        <ele>19.5</ele>
      </trkpt>
      <trkpt lat="43.94283" lon="4.75453">
        <ele>20.1</ele>
      </trkpt>
      <trkpt lat="43.94269" lon="4.75429">
        <ele>19.6</ele>
      </trkpt>
      <trkpt lat="43.94264" lon="4.75423">
        <ele>19.1</ele>
      </trkpt>
      <trkpt lat="43.9425" lon="4.75407">
        <ele>19.0</ele>
      </trkpt>
      <trkpt lat="43.94191" lon="4.75367">
        <ele>19.8</ele>
      </trkpt>
      <trkpt lat="43.94133" lon="4.75327">
        <ele>18.8</ele>
      </trkpt>
      <trkpt lat="43.94121" lon="4.75321">
        <ele>19.6</ele>
      </trkpt>
      <trkpt lat="43.94112" lon="4.75317">
        <ele>19.9</ele>
      </trkpt>
      <trkpt lat="43.94078" lon="4.75308">
        <ele>19.4</ele>
      </trkpt>
      <trkpt lat="43.94012" lon="4.753">
        <ele>19.2</ele>
      </trkpt>
      <trkpt lat="43.93945" lon="4.75291">
        <ele>21.2</ele>
      </trkpt>
      <trkpt lat="43.93879" lon="4.75283">
        <ele>26.6</ele>
      </trkpt>
      <trkpt lat="43.93839" lon="4.75297">
        <ele>27.6</ele>
      </trkpt>
      <trkpt lat="43.93825" lon="4.75293">
        <ele>30.4</ele>
      </trkpt>
      <trkpt lat="43.93812" lon="4.75275">
        <ele>35.4</ele>
      </trkpt>
      <trkpt lat="43.93803" lon="4.75256">
        <ele>39.0</ele>
      </trkpt>
      <trkpt lat="43.93793" lon="4.75237">
        <ele>40.5</ele>
      </trkpt>
      <trkpt lat="43.93787" lon="4.75229">
        <ele>40.5</ele>
      </trkpt>
      <trkpt lat="43.9378" lon="4.75225">
        <ele>40.5</ele>
      </trkpt>
      <trkpt lat="43.93776" lon="4.75225">
        <ele>40.6</ele>
      </trkpt>
      <trkpt lat="43.93772" lon="4.75228">
        <ele>41.0</ele>
      </trkpt>
      <trkpt lat="43.93745" lon="4.75249">
        <ele>44.6</ele>
      </trkpt>
      <trkpt lat="43.93713" lon="4.75276">
        <ele>38.7</ele>
      </trkpt>
      <trkpt lat="43.93687" lon="4.75297">
        <ele>36.8</ele>
      </trkpt>
      <trkpt lat="43.93685" lon="4.7529">
        <ele>35.5</ele>
      </trkpt>
      <trkpt lat="43.93677" lon="4.75296">
        <ele>35.3</ele>
      </trkpt>
      <trkpt lat="43.93677" lon="4.75296">
        <ele>35.3</ele>
      </trkpt>
      <trkpt lat="43.93672" lon="4.75297">
        <ele>34.8</ele>
      </trkpt>
      <trkpt lat="43.93667" lon="4.75296">
        <ele>33.9</ele>
      </trkpt>
      <trkpt lat="43.93656" lon="4.75267">
        <ele>27.1</ele>
      </trkpt>
      <trkpt lat="43.93634" lon="4.75202">
        <ele>21.2</ele>
      </trkpt>
      <trkpt lat="43.936" lon="4.7511">
        <ele>19.5</ele>
      </trkpt>
      <trkpt lat="43.93589" lon="4.75072">
        <ele>19.5</ele>
      </trkpt>
      <trkpt lat="43.93556" lon="4.74991">
        <ele>19.8</ele>
      </trkpt>
      <trkpt lat="43.93521" lon="4.74914">
        <ele>18.6</ele>
      </trkpt>
      <trkpt lat="43.93506" lon="4.74882">
        <ele>18.5</ele>
      </trkpt>
      <trkpt lat="43.93501" lon="4.74872">
        <ele>18.6</ele>
      </trkpt>
      <trkpt lat="43.93469" lon="4.7481">
        <ele>19.3</ele>
      </trkpt>
      <trkpt lat="43.93436" lon="4.74748">
        <ele>18.9</ele>
      </trkpt>
      <trkpt lat="43.93402" lon="4.74689">
        <ele>17.4</ele>
      </trkpt>
      <trkpt lat="43.93375" lon="4.74646">
        <ele>18.0</ele>
      </trkpt>
      <trkpt lat="43.93337" lon="4.74585">
        <ele>19.1</ele>
      </trkpt>
      <trkpt lat="43.9328" lon="4.74502">
        <ele>20.5</ele>
      </trkpt>
      <trkpt lat="43.93259" lon="4.74474">
        <ele>22.4</ele>
      </trkpt>
      <trkpt lat="43.93251" lon="4.74466">
        <ele>23.0</ele>
      </trkpt>
      <trkpt lat="43.93251" lon="4.74466">
        <ele>23.0</ele>
      </trkpt>
      <trkpt lat="43.93243" lon="4.74461">
        <ele>23.3</ele>
      </trkpt>
      <trkpt lat="43.93243" lon="4.74461">
        <ele>23.3</ele>
      </trkpt>
      <trkpt lat="43.93229" lon="4.74455">
        <ele>23.5</ele>
      </trkpt>
      <trkpt lat="43.93211" lon="4.74449">
        <ele>23.2</ele>
      </trkpt>
      <trkpt lat="43.93193" lon="4.74444">
        <ele>22.6</ele>
      </trkpt>
      <trkpt lat="43.93181" lon="4.74427">
        <ele>22.8</ele>
      </trkpt>
      <trkpt lat="43.93166" lon="4.74406">
        <ele>24.0</ele>
      </trkpt>
      <trkpt lat="43.93152" lon="4.74389">
        <ele>26.0</ele>
      </trkpt>
      <trkpt lat="43.93134" lon="4.74374">
        <ele>26.4</ele>
      </trkpt>
      <trkpt lat="43.93111" lon="4.7436">
        <ele>25.2</ele>
      </trkpt>
      <trkpt lat="43.93083" lon="4.74338">
        <ele>22.7</ele>
      </trkpt>
      <trkpt lat="43.93065" lon="4.74326">
        <ele>22.8</ele>
      </trkpt>
      <trkpt lat="43.93054" lon="4.74314">
        <ele>23.9</ele>
      </trkpt>
      <trkpt lat="43.9301" lon="4.74265">
        <ele>24.4</ele>
      </trkpt>
      <trkpt lat="43.92966" lon="4.74215">
        <ele>26.9</ele>
      </trkpt>
      <trkpt lat="43.92926" lon="4.74169">
        <ele>25.1</ele>
      </trkpt>
      <trkpt lat="43.92885" lon="4.74124">
        <ele>25.1</ele>
      </trkpt>
      <trkpt lat="43.9285" lon="4.74085">
        <ele>23.7</ele>
      </trkpt>
      <trkpt lat="43.92814" lon="4.74046">
        <ele>22.0</ele>
      </trkpt>
      <trkpt lat="43.92803" lon="4.7402">
        <ele>22.7</ele>
      </trkpt>
      <trkpt lat="43.92759" lon="4.73942">
        <ele>20.7</ele>
      </trkpt>
      <trkpt lat="43.92745" lon="4.73919">
        <ele>19.8</ele>
      </trkpt>
      <trkpt lat="43.92734" lon="4.73899">
        <ele>19.9</ele>
      </trkpt>
      <trkpt lat="43.92729" lon="4.73888">
        <ele>20.0</ele>
      </trkpt>
      <trkpt lat="43.92723" lon="4.7388">
        <ele>19.9</ele>
      </trkpt>
      <trkpt lat="43.9272" lon="4.73866">
        <ele>20.1</ele>
      </trkpt>
      <trkpt lat="43.92717" lon="4.73849">
        <ele>20.3</ele>
      </trkpt>
      <trkpt lat="43.92717" lon="4.73842">
        <ele>20.4</ele>
      </trkpt>
      <trkpt lat="43.92714" lon="4.73834">
        <ele>20.4</ele>
      </trkpt>
      <trkpt lat="43.92708" lon="4.73827">
        <ele>21.1</ele>
      </trkpt>
      <trkpt lat="43.92699" lon="4.73814">
        <ele>22.4</ele>
      </trkpt>
      <trkpt lat="43.92661" lon="4.73768">
        <ele>22.1</ele>
      </trkpt>
      <trkpt lat="43.9265" lon="4.73753">
        <ele>22.4</ele>
      </trkpt>
      <trkpt lat="43.92638" lon="4.7374">
        <ele>22.3</ele>
      </trkpt>
      <trkpt lat="43.92602" lon="4.73698">
        <ele>20.3</ele>
      </trkpt>
      <trkpt lat="43.92549" lon="4.73634">
        <ele>20.0</ele>
      </trkpt>
      <trkpt lat="43.92496" lon="4.7357">
        <ele>19.4</ele>
      </trkpt>
      <trkpt lat="43.92444" lon="4.73506">
        <ele>17.9</ele>
      </trkpt>
      <trkpt lat="43.92397" lon="4.73438">
        <ele>21.4</ele>
      </trkpt>
      <trkpt lat="43.92365" lon="4.73398">
        <ele>23.4</ele>
      </trkpt>
      <trkpt lat="43.9232" lon="4.73343">
        <ele>25.2</ele>
      </trkpt>
      <trkpt lat="43.92275" lon="4.73288">
        <ele>22.0</ele>
      </trkpt>
      <trkpt lat="43.92255" lon="4.73265">
        <ele>21.0</ele>
      </trkpt>
      <trkpt lat="43.92211" lon="4.73217">
        <ele>19.4</ele>
      </trkpt>
      <trkpt lat="43.92167" lon="4.7317">
        <ele>16.1</ele>
      </trkpt>
      <trkpt lat="43.92125" lon="4.7313">
        <ele>18.1</ele>
      </trkpt>
      <trkpt lat="43.92094" lon="4.73102">
        <ele>18.8</ele>
      </trkpt>
      <trkpt lat="43.92066" lon="4.73078">
        <ele>18.6</ele>
      </trkpt>
      <trkpt lat="43.92008" lon="4.7303">
        <ele>17.8</ele>
      </trkpt>
      <trkpt lat="43.91973" lon="4.73004">
        <ele>17.0</ele>
      </trkpt>
      <trkpt lat="43.91921" lon="4.72967">
        <ele>15.1</ele>
      </trkpt>
      <trkpt lat="43.91852" lon="4.7292">
        <ele>14.3</ele>
      </trkpt>
      <trkpt lat="43.91783" lon="4.72874">
        <ele>15.2</ele>
      </trkpt>
      <trkpt lat="43.91717" lon="4.72837">
        <ele>16.6</ele>
      </trkpt>
      <trkpt lat="43.91661" lon="4.72802">
        <ele>15.9</ele>
      </trkpt>
      <trkpt lat="43.91616" lon="4.72773">
        <ele>14.5</ele>
      </trkpt>
      <trkpt lat="43.91566" lon="4.72739">
        <ele>13.5</ele>
      </trkpt>
      <trkpt lat="43.91515" lon="4.72705">
        <ele>14.1</ele>
      </trkpt>
      <trkpt lat="43.91457" lon="4.72663">
        <ele>15.1</ele>
      </trkpt>
      <trkpt lat="43.91383" lon="4.72615">
        <ele>15.5</ele>
      </trkpt>
      <trkpt lat="43.91342" lon="4.72585">
        <ele>14.2</ele>
      </trkpt>
      <trkpt lat="43.91289" lon="4.7255">
        <ele>15.2</ele>
      </trkpt>
      <trkpt lat="43.91237" lon="4.72515">
        <ele>15.4</ele>
      </trkpt>
      <trkpt lat="43.91171" lon="4.72463">
        <ele>15.9</ele>
      </trkpt>
      <trkpt lat="43.91122" lon="4.72422">
        <ele>15.5</ele>
      </trkpt>
      <trkpt lat="43.91078" lon="4.72378">
        <ele>15.0</ele>
      </trkpt>
      <trkpt lat="43.91052" lon="4.72348">
        <ele>15.1</ele>
      </trkpt>
      <trkpt lat="43.91015" lon="4.72308">
        <ele>14.8</ele>
      </trkpt>
      <trkpt lat="43.90979" lon="4.72267">
        <ele>14.3</ele>
      </trkpt>
      <trkpt lat="43.90962" lon="4.72244">
        <ele>14.1</ele>
      </trkpt>
      <trkpt lat="43.90922" lon="4.72179">
        <ele>14.9</ele>
      </trkpt>
      <trkpt lat="43.90882" lon="4.72113">
        <ele>15.5</ele>
      </trkpt>
      <trkpt lat="43.90842" lon="4.72043">
        <ele>15.5</ele>
      </trkpt>
      <trkpt lat="43.90803" lon="4.71972">
        <ele>16.2</ele>
      </trkpt>
      <trkpt lat="43.90778" lon="4.7192">
        <ele>16.6</ele>
      </trkpt>
      <trkpt lat="43.90752" lon="4.71869">
        <ele>16.6</ele>
      </trkpt>
      <trkpt lat="43.90718" lon="4.7178">
        <ele>16.8</ele>
      </trkpt>
      <trkpt lat="43.90685" lon="4.71685">
        <ele>16.7</ele>
      </trkpt>
      <trkpt lat="43.90672" lon="4.71648">
        <ele>17.2</ele>
      </trkpt>
      <trkpt lat="43.90655" lon="4.71599">
        <ele>17.6</ele>
      </trkpt>
      <trkpt lat="43.90627" lon="4.71518">
        <ele>17.8</ele>
      </trkpt>
      <trkpt lat="43.90598" lon="4.71437">
        <ele>16.9</ele>
      </trkpt>
      <trkpt lat="43.90566" lon="4.71344">
        <ele>16.9</ele>
      </trkpt>
      <trkpt lat="43.90535" lon="4.7125">
        <ele>15.8</ele>
      </trkpt>
      <trkpt lat="43.90508" lon="4.71178">
        <ele>20.0</ele>
      </trkpt>
      <trkpt lat="43.90481" lon="4.71106">
        <ele>22.9</ele>
      </trkpt>
      <trkpt lat="43.90455" lon="4.71028">
        <ele>18.6</ele>
      </trkpt>
      <trkpt lat="43.90428" lon="4.7095">
        <ele>16.7</ele>
      </trkpt>
      <trkpt lat="43.90389" lon="4.70838">
        <ele>15.7</ele>
      </trkpt>
      <trkpt lat="43.9035" lon="4.70727">
        <ele>17.2</ele>
      </trkpt>
      <trkpt lat="43.90334" lon="4.70682">
        <ele>17.6</ele>
      </trkpt>
      <trkpt lat="43.90316" lon="4.70638">
        <ele>18.1</ele>
      </trkpt>
      <trkpt lat="43.90287" lon="4.70561">
        <ele>17.0</ele>
      </trkpt>
      <trkpt lat="43.90262" lon="4.70491">
        <ele>16.2</ele>
      </trkpt>
      <trkpt lat="43.90238" lon="4.70422">
        <ele>17.0</ele>
      </trkpt>
      <trkpt lat="43.90213" lon="4.70361">
        <ele>16.0</ele>
      </trkpt>
      <trkpt lat="43.90188" lon="4.703">
        <ele>16.0</ele>
      </trkpt>
      <trkpt lat="43.90172" lon="4.70262">
        <ele>16.1</ele>
      </trkpt>
      <trkpt lat="43.90146" lon="4.70206">
        <ele>16.4</ele>
      </trkpt>
      <trkpt lat="43.90141" lon="4.70191">
        <ele>16.4</ele>
      </trkpt>
      <trkpt lat="43.90138" lon="4.70177">
        <ele>16.3</ele>
      </trkpt>
      <trkpt lat="43.9014" lon="4.70142">
        <ele>17.7</ele>
      </trkpt>
      <trkpt lat="43.90144" lon="4.70126">
        <ele>18.7</ele>
      </trkpt>
      <trkpt lat="43.90145" lon="4.70109">
        <ele>19.7</ele>
      </trkpt>
      <trkpt lat="43.90143" lon="4.70095">
        <ele>20.4</ele>
      </trkpt>
      <trkpt lat="43.9014" lon="4.70085">
        <ele>20.7</ele>
      </trkpt>
      <trkpt lat="43.90131" lon="4.70069">
        <ele>20.3</ele>
      </trkpt>
      <trkpt lat="43.9013" lon="4.70058">
        <ele>20.4</ele>
      </trkpt>
      <trkpt lat="43.9013" lon="4.70058">
        <ele>20.4</ele>
      </trkpt>
      <trkpt lat="43.9013" lon="4.70043">
        <ele>20.6</ele>
      </trkpt>
      <trkpt lat="43.90115" lon="4.7002">
        <ele>19.9</ele>
      </trkpt>
      <trkpt lat="43.90119" lon="4.70016">
        <ele>20.3</ele>
      </trkpt>
      <trkpt lat="43.90123" lon="4.70009">
        <ele>20.7</ele>
      </trkpt>
      <trkpt lat="43.90126" lon="4.70005">
        <ele>21.0</ele>
      </trkpt>
      <trkpt lat="43.90113" lon="4.69982">
        <ele>20.5</ele>
      </trkpt>
      <trkpt lat="43.9011" lon="4.69974">
        <ele>20.4</ele>
      </trkpt>
      <trkpt lat="43.90108" lon="4.69966">
        <ele>20.5</ele>
      </trkpt>
      <trkpt lat="43.90108" lon="4.69956">
        <ele>20.7</ele>
      </trkpt>
      <trkpt lat="43.90109" lon="4.69953">
        <ele>20.8</ele>
      </trkpt>
      <trkpt lat="43.90114" lon="4.69949">
        <ele>21.2</ele>
      </trkpt>
      <trkpt lat="43.90114" lon="4.69944">
        <ele>21.3</ele>
      </trkpt>
      <trkpt lat="43.90114" lon="4.69938">
        <ele>21.4</ele>
      </trkpt>
      <trkpt lat="43.90113" lon="4.69932">
        <ele>21.5</ele>
      </trkpt>
      <trkpt lat="43.9011" lon="4.69929">
        <ele>21.4</ele>
      </trkpt>
      <trkpt lat="43.90105" lon="4.69926">
        <ele>21.1</ele>
      </trkpt>
      <trkpt lat="43.90094" lon="4.69914">
        <ele>20.7</ele>
      </trkpt>
      <trkpt lat="43.90091" lon="4.69907">
        <ele>20.7</ele>
      </trkpt>
      <trkpt lat="43.9009" lon="4.69901">
        <ele>20.8</ele>
      </trkpt>
      <trkpt lat="43.9009" lon="4.69901">
        <ele>20.8</ele>
      </trkpt>
      <trkpt lat="43.90084" lon="4.69887">
        <ele>20.8</ele>
      </trkpt>
      <trkpt lat="43.90079" lon="4.69879">
        <ele>20.6</ele>
      </trkpt>
      <trkpt lat="43.90073" lon="4.6987">
        <ele>20.4</ele>
      </trkpt>
      <trkpt lat="43.90066" lon="4.69863">
        <ele>20.2</ele>
      </trkpt>
      <trkpt lat="43.90052" lon="4.69853">
        <ele>19.6</ele>
      </trkpt>
      <trkpt lat="43.90032" lon="4.69842">
        <ele>18.6</ele>
      </trkpt>
      <trkpt lat="43.90026" lon="4.69832">
        <ele>18.6</ele>
      </trkpt>
      <trkpt lat="43.90023" lon="4.6982">
        <ele>18.4</ele>
      </trkpt>
      <trkpt lat="43.9001" lon="4.69787">
        <ele>18.0</ele>
      </trkpt>
      <trkpt lat="43.90003" lon="4.69775">
        <ele>17.8</ele>
      </trkpt>
      <trkpt lat="43.89995" lon="4.69763">
        <ele>17.6</ele>
      </trkpt>
      <trkpt lat="43.89966" lon="4.69731">
        <ele>16.7</ele>
      </trkpt>
      <trkpt lat="43.89955" lon="4.69714">
        <ele>16.5</ele>
      </trkpt>
      <trkpt lat="43.89951" lon="4.69705">
        <ele>16.5</ele>
      </trkpt>
      <trkpt lat="43.89947" lon="4.6969">
        <ele>16.6</ele>
      </trkpt>
      <trkpt lat="43.89941" lon="4.69679">
        <ele>16.6</ele>
      </trkpt>
      <trkpt lat="43.89936" lon="4.6967">
        <ele>16.6</ele>
      </trkpt>
      <trkpt lat="43.89936" lon="4.6967">
        <ele>16.6</ele>
      </trkpt>
      <trkpt lat="43.89931" lon="4.69658">
        <ele>16.8</ele>
      </trkpt>
      <trkpt lat="43.89938" lon="4.6965">
        <ele>17.4</ele>
      </trkpt>
      <trkpt lat="43.8995" lon="4.69637">
        <ele>18.3</ele>
      </trkpt>
      <trkpt lat="43.89957" lon="4.69625">
        <ele>19.0</ele>
      </trkpt>
      <trkpt lat="43.89947" lon="4.69616">
        <ele>18.9</ele>
      </trkpt>
      <trkpt lat="43.8992" lon="4.69573">
        <ele>19.5</ele>
      </trkpt>
      <trkpt lat="43.89902" lon="4.69537">
        <ele>19.9</ele>
      </trkpt>
      <trkpt lat="43.89875" lon="4.69476">
        <ele>19.6</ele>
      </trkpt>
      <trkpt lat="43.89848" lon="4.69416">
        <ele>18.1</ele>
      </trkpt>
      <trkpt lat="43.89806" lon="4.6933">
        <ele>18.0</ele>
      </trkpt>
      <trkpt lat="43.89786" lon="4.69276">
        <ele>17.7</ele>
      </trkpt>
      <trkpt lat="43.89749" lon="4.69185">
        <ele>16.2</ele>
      </trkpt>
      <trkpt lat="43.89711" lon="4.69108">
        <ele>16.3</ele>
      </trkpt>
      <trkpt lat="43.89669" lon="4.69003">
        <ele>15.1</ele>
      </trkpt>
      <trkpt lat="43.89661" lon="4.69008">
        <ele>15.1</ele>
      </trkpt>
      <trkpt lat="43.89644" lon="4.69021">
        <ele>15.2</ele>
      </trkpt>
      <trkpt lat="43.89633" lon="4.69031">
        <ele>15.3</ele>
      </trkpt>
      <trkpt lat="43.89617" lon="4.69032">
        <ele>15.4</ele>
      </trkpt>
      <trkpt lat="43.89615" lon="4.69031">
        <ele>15.4</ele>
      </trkpt>
      <trkpt lat="43.89611" lon="4.69032">
        <ele>15.4</ele>
      </trkpt>
      <trkpt lat="43.89606" lon="4.69037">
        <ele>15.4</ele>
      </trkpt>
      <trkpt lat="43.89605" lon="4.6904">
        <ele>15.4</ele>
      </trkpt>
      <trkpt lat="43.89605" lon="4.69042">
        <ele>15.4</ele>
      </trkpt>
      <trkpt lat="43.89599" lon="4.69044">
        <ele>15.4</ele>
      </trkpt>
      <trkpt lat="43.89594" lon="4.69048">
        <ele>15.4</ele>
      </trkpt>
      <trkpt lat="43.89592" lon="4.69051">
        <ele>15.3</ele>
      </trkpt>
      <trkpt lat="43.89562" lon="4.6908">
        <ele>15.0</ele>
      </trkpt>
      <trkpt lat="43.89523" lon="4.6912">
        <ele>15.0</ele>
      </trkpt>
      <trkpt lat="43.89514" lon="4.69126">
        <ele>15.0</ele>
      </trkpt>
      <trkpt lat="43.89509" lon="4.69128">
        <ele>15.0</ele>
      </trkpt>
      <trkpt lat="43.89503" lon="4.69125">
        <ele>15.0</ele>
      </trkpt>
      <trkpt lat="43.89493" lon="4.69118">
        <ele>14.9</ele>
      </trkpt>
      <trkpt lat="43.89482" lon="4.69107">
        <ele>14.8</ele>
      </trkpt>
      <trkpt lat="43.89429" lon="4.69053">
        <ele>14.1</ele>
      </trkpt>
      <trkpt lat="43.89377" lon="4.69003">
        <ele>14.0</ele>
      </trkpt>
      <trkpt lat="43.89312" lon="4.68949">
        <ele>15.0</ele>
      </trkpt>
      <trkpt lat="43.89269" lon="4.68913">
        <ele>15.7</ele>
      </trkpt>
      <trkpt lat="43.89226" lon="4.68877">
        <ele>15.2</ele>
      </trkpt>
      <trkpt lat="43.89185" lon="4.68845">
        <ele>15.0</ele>
      </trkpt>
      <trkpt lat="43.89144" lon="4.68813">
        <ele>15.0</ele>
      </trkpt>
      <trkpt lat="43.89079" lon="4.68765">
        <ele>15.2</ele>
      </trkpt>
      <trkpt lat="43.89045" lon="4.6874">
        <ele>15.2</ele>
      </trkpt>
      <trkpt lat="43.88976" lon="4.68687">
        <ele>14.6</ele>
      </trkpt>
      <trkpt lat="43.89011" lon="4.68606">
        <ele>14.5</ele>
      </trkpt>
      <trkpt lat="43.89045" lon="4.68525">
        <ele>14.2</ele>
      </trkpt>
      <trkpt lat="43.89067" lon="4.68471">
        <ele>14.2</ele>
      </trkpt>
      <trkpt lat="43.8909" lon="4.68417">
        <ele>15.0</ele>
      </trkpt>
      <trkpt lat="43.89065" lon="4.684">
        <ele>15.6</ele>
      </trkpt>
      <trkpt lat="43.89053" lon="4.68392">
        <ele>15.8</ele>
      </trkpt>
      <trkpt lat="43.89025" lon="4.68362">
        <ele>16.1</ele>
      </trkpt>
      <trkpt lat="43.89015" lon="4.68346">
        <ele>16.1</ele>
      </trkpt>
      <trkpt lat="43.89001" lon="4.68327">
        <ele>16.1</ele>
      </trkpt>
      <trkpt lat="43.88995" lon="4.68314">
        <ele>16.1</ele>
      </trkpt>
      <trkpt lat="43.88988" lon="4.68296">
        <ele>16.2</ele>
      </trkpt>
      <trkpt lat="43.8896" lon="4.68193">
        <ele>16.8</ele>
      </trkpt>
      <trkpt lat="43.88931" lon="4.6809">
        <ele>15.5</ele>
      </trkpt>
      <trkpt lat="43.88916" lon="4.68033">
        <ele>15.0</ele>
      </trkpt>
      <trkpt lat="43.88916" lon="4.68033">
        <ele>15.0</ele>
      </trkpt>
      <trkpt lat="43.88918" lon="4.68031">
        <ele>15.0</ele>
      </trkpt>
      <trkpt lat="43.88921" lon="4.68027">
        <ele>15.1</ele>
      </trkpt>
      <trkpt lat="43.88922" lon="4.68021">
        <ele>15.1</ele>
      </trkpt>
      <trkpt lat="43.88928" lon="4.68022">
        <ele>15.2</ele>
      </trkpt>
      <trkpt lat="43.88946" lon="4.68019">
        <ele>15.5</ele>
      </trkpt>
      <trkpt lat="43.8897" lon="4.68019">
        <ele>15.9</ele>
      </trkpt>
      <trkpt lat="43.89" lon="4.68016">
        <ele>16.4</ele>
      </trkpt>
      <trkpt lat="43.89039" lon="4.68017">
        <ele>16.7</ele>
      </trkpt>
      <trkpt lat="43.89084" lon="4.68024">
        <ele>17.4</ele>
      </trkpt>
      <trkpt lat="43.89114" lon="4.68031">
        <ele>17.4</ele>
      </trkpt>
      <trkpt lat="43.89113" lon="4.68013">
        <ele>16.4</ele>
      </trkpt>
      <trkpt lat="43.89107" lon="4.67962">
        <ele>15.1</ele>
      </trkpt>
      <trkpt lat="43.89097" lon="4.67866">
        <ele>12.8</ele>
      </trkpt>
      <trkpt lat="43.89093" lon="4.67837">
        <ele>12.1</ele>
      </trkpt>
      <trkpt lat="43.89089" lon="4.67822">
        <ele>11.9</ele>
      </trkpt>
      <trkpt lat="43.89087" lon="4.67816">
        <ele>11.8</ele>
      </trkpt>
      <trkpt lat="43.89081" lon="4.67802">
        <ele>11.7</ele>
      </trkpt>
      <trkpt lat="43.8903" lon="4.67728">
        <ele>12.7</ele>
      </trkpt>
      <trkpt lat="43.8898" lon="4.67653">
        <ele>12.1</ele>
      </trkpt>
      <trkpt lat="43.88982" lon="4.67635">
        <ele>12.3</ele>
      </trkpt>
      <trkpt lat="43.8899" lon="4.67533">
        <ele>12.4</ele>
      </trkpt>
      <trkpt lat="43.88987" lon="4.6752">
        <ele>12.3</ele>
      </trkpt>
      <trkpt lat="43.88986" lon="4.67403">
        <ele>12.0</ele>
      </trkpt>
      <trkpt lat="43.88984" lon="4.67377">
        <ele>12.0</ele>
      </trkpt>
      <trkpt lat="43.88983" lon="4.67329">
        <ele>12.0</ele>
      </trkpt>
      <trkpt lat="43.88983" lon="4.67309">
        <ele>11.9</ele>
      </trkpt>
      <trkpt lat="43.88986" lon="4.67287">
        <ele>11.9</ele>
      </trkpt>
      <trkpt lat="43.88992" lon="4.67238">
        <ele>11.9</ele>
      </trkpt>
      <trkpt lat="43.88993" lon="4.67231">
        <ele>11.9</ele>
      </trkpt>
      <trkpt lat="43.88997" lon="4.67205">
        <ele>12.0</ele>
      </trkpt>
      <trkpt lat="43.89013" lon="4.67103">
        <ele>11.7</ele>
      </trkpt>
      <trkpt lat="43.89024" lon="4.67007">
        <ele>11.4</ele>
      </trkpt>
      <trkpt lat="43.89026" lon="4.66976">
        <ele>12.0</ele>
      </trkpt>
      <trkpt lat="43.89027" lon="4.66919">
        <ele>13.3</ele>
      </trkpt>
      <trkpt lat="43.89026" lon="4.66862">
        <ele>13.4</ele>
      </trkpt>
      <trkpt lat="43.89028" lon="4.66834">
        <ele>13.3</ele>
      </trkpt>
      <trkpt lat="43.8903" lon="4.66802">
        <ele>12.4</ele>
      </trkpt>
      <trkpt lat="43.89036" lon="4.66754">
        <ele>11.1</ele>
      </trkpt>
      <trkpt lat="43.89045" lon="4.66708">
        <ele>10.8</ele>
      </trkpt>
      <trkpt lat="43.89046" lon="4.66699">
        <ele>10.7</ele>
      </trkpt>
      <trkpt lat="43.89047" lon="4.66688">
        <ele>10.7</ele>
      </trkpt>
      <trkpt lat="43.89049" lon="4.66675">
        <ele>10.6</ele>
      </trkpt>
      <trkpt lat="43.89052" lon="4.6663">
        <ele>11.1</ele>
      </trkpt>
      <trkpt lat="43.89054" lon="4.66555">
        <ele>11.9</ele>
      </trkpt>
      <trkpt lat="43.89063" lon="4.66471">
        <ele>11.9</ele>
      </trkpt>
      <trkpt lat="43.89071" lon="4.66387">
        <ele>11.4</ele>
      </trkpt>
      <trkpt lat="43.89077" lon="4.66339">
        <ele>11.9</ele>
      </trkpt>
      <trkpt lat="43.89081" lon="4.66313">
        <ele>11.7</ele>
      </trkpt>
      <trkpt lat="43.89084" lon="4.66295">
        <ele>11.5</ele>
      </trkpt>
      <trkpt lat="43.89094" lon="4.66254">
        <ele>11.2</ele>
      </trkpt>
      <trkpt lat="43.89111" lon="4.6619">
        <ele>11.8</ele>
      </trkpt>
      <trkpt lat="43.89128" lon="4.66127">
        <ele>12.0</ele>
      </trkpt>
      <trkpt lat="43.89134" lon="4.66092">
        <ele>12.0</ele>
      </trkpt>
      <trkpt lat="43.89137" lon="4.66048">
        <ele>11.8</ele>
      </trkpt>
      <trkpt lat="43.89139" lon="4.66001">
        <ele>11.7</ele>
      </trkpt>
      <trkpt lat="43.89138" lon="4.65954">
        <ele>11.5</ele>
      </trkpt>
      <trkpt lat="43.89135" lon="4.65909">
        <ele>11.2</ele>
      </trkpt>
      <trkpt lat="43.89126" lon="4.65811">
        <ele>10.6</ele>
      </trkpt>
      <trkpt lat="43.89108" lon="4.6571">
        <ele>10.9</ele>
      </trkpt>
      <trkpt lat="43.89105" lon="4.65686">
        <ele>10.8</ele>
      </trkpt>
      <trkpt lat="43.89105" lon="4.65665">
        <ele>10.8</ele>
      </trkpt>
      <trkpt lat="43.89113" lon="4.65557">
        <ele>11.4</ele>
      </trkpt>
      <trkpt lat="43.89121" lon="4.65448">
        <ele>10.9</ele>
      </trkpt>
      <trkpt lat="43.89127" lon="4.65339">
        <ele>10.5</ele>
      </trkpt>
      <trkpt lat="43.89134" lon="4.65231">
        <ele>11.8</ele>
      </trkpt>
      <trkpt lat="43.89134" lon="4.65223">
        <ele>11.9</ele>
      </trkpt>
      <trkpt lat="43.89146" lon="4.65179">
        <ele>11.9</ele>
      </trkpt>
      <trkpt lat="43.8915" lon="4.65144">
        <ele>11.9</ele>
      </trkpt>
      <trkpt lat="43.89159" lon="4.65034">
        <ele>11.4</ele>
      </trkpt>
      <trkpt lat="43.89162" lon="4.6497">
        <ele>11.0</ele>
      </trkpt>
      <trkpt lat="43.89162" lon="4.64936">
        <ele>11.0</ele>
      </trkpt>
      <trkpt lat="43.89158" lon="4.64899">
        <ele>10.9</ele>
      </trkpt>
      <trkpt lat="43.89155" lon="4.64884">
        <ele>10.7</ele>
      </trkpt>
      <trkpt lat="43.89145" lon="4.64852">
        <ele>10.5</ele>
      </trkpt>
      <trkpt lat="43.89128" lon="4.64792">
        <ele>10.2</ele>
      </trkpt>
      <trkpt lat="43.891" lon="4.64684">
        <ele>10.3</ele>
      </trkpt>
      <trkpt lat="43.89087" lon="4.64624">
        <ele>10.1</ele>
      </trkpt>
      <trkpt lat="43.89079" lon="4.64581">
        <ele>10.0</ele>
      </trkpt>
      <trkpt lat="43.89075" lon="4.64575">
        <ele>10.0</ele>
      </trkpt>
      <trkpt lat="43.89077" lon="4.64561">
        <ele>10.0</ele>
      </trkpt>
      <trkpt lat="43.89074" lon="4.64539">
        <ele>10.1</ele>
      </trkpt>
      <trkpt lat="43.89066" lon="4.64506">
        <ele>10.4</ele>
      </trkpt>
      <trkpt lat="43.89045" lon="4.64426">
        <ele>11.4</ele>
      </trkpt>
      <trkpt lat="43.89038" lon="4.64395">
        <ele>11.4</ele>
      </trkpt>
      <trkpt lat="43.89034" lon="4.64369">
        <ele>11.4</ele>
      </trkpt>
      <trkpt lat="43.89031" lon="4.6434">
        <ele>11.3</ele>
      </trkpt>
      <trkpt lat="43.89027" lon="4.64281">
        <ele>10.3</ele>
      </trkpt>
      <trkpt lat="43.89023" lon="4.64255">
        <ele>9.8</ele>
      </trkpt>
      <trkpt lat="43.89016" lon="4.64226">
        <ele>9.6</ele>
      </trkpt>
      <trkpt lat="43.8901" lon="4.64204">
        <ele>9.4</ele>
      </trkpt>
      <trkpt lat="43.89003" lon="4.64182">
        <ele>9.2</ele>
      </trkpt>
      <trkpt lat="43.88982" lon="4.64123">
        <ele>9.3</ele>
      </trkpt>
      <trkpt lat="43.88975" lon="4.64092">
        <ele>9.6</ele>
      </trkpt>
      <trkpt lat="43.88973" lon="4.64078">
        <ele>9.6</ele>
      </trkpt>
      <trkpt lat="43.88973" lon="4.64058">
        <ele>9.2</ele>
      </trkpt>
      <trkpt lat="43.88978" lon="4.63985">
        <ele>8.6</ele>
      </trkpt>
      <trkpt lat="43.88981" lon="4.63939">
        <ele>9.5</ele>
      </trkpt>
      <trkpt lat="43.88982" lon="4.63891">
        <ele>10.6</ele>
      </trkpt>
      <trkpt lat="43.88982" lon="4.6386">
        <ele>11.4</ele>
      </trkpt>
      <trkpt lat="43.8898" lon="4.63824">
        <ele>12.0</ele>
      </trkpt>
      <trkpt lat="43.88978" lon="4.63793">
        <ele>11.9</ele>
      </trkpt>
      <trkpt lat="43.88973" lon="4.6375">
        <ele>11.7</ele>
      </trkpt>
      <trkpt lat="43.88966" lon="4.63674">
        <ele>10.1</ele>
      </trkpt>
      <trkpt lat="43.88962" lon="4.6365">
        <ele>9.9</ele>
      </trkpt>
      <trkpt lat="43.88947" lon="4.63593">
        <ele>9.7</ele>
      </trkpt>
      <trkpt lat="43.8894" lon="4.63555">
        <ele>10.0</ele>
      </trkpt>
      <trkpt lat="43.88933" lon="4.63508">
        <ele>10.5</ele>
      </trkpt>
      <trkpt lat="43.88929" lon="4.6348">
        <ele>10.5</ele>
      </trkpt>
      <trkpt lat="43.88927" lon="4.63439">
        <ele>10.1</ele>
      </trkpt>
      <trkpt lat="43.88926" lon="4.63369">
        <ele>11.0</ele>
      </trkpt>
      <trkpt lat="43.88925" lon="4.6336">
        <ele>11.2</ele>
      </trkpt>
      <trkpt lat="43.88919" lon="4.63363">
        <ele>11.2</ele>
      </trkpt>
      <trkpt lat="43.88912" lon="4.63364">
        <ele>11.3</ele>
      </trkpt>
      <trkpt lat="43.88839" lon="4.63359">
        <ele>12.0</ele>
      </trkpt>
      <trkpt lat="43.88766" lon="4.63355">
        <ele>11.4</ele>
      </trkpt>
      <trkpt lat="43.88708" lon="4.63354">
        <ele>11.0</ele>
      </trkpt>
      <trkpt lat="43.8865" lon="4.63354">
        <ele>11.0</ele>
      </trkpt>
      <trkpt lat="43.886" lon="4.63352">
        <ele>11.6</ele>
      </trkpt>
      <trkpt lat="43.88551" lon="4.63351">
        <ele>11.5</ele>
      </trkpt>
      <trkpt lat="43.88497" lon="4.63351">
        <ele>11.0</ele>
      </trkpt>
      <trkpt lat="43.88444" lon="4.63351">
        <ele>11.0</ele>
      </trkpt>
      <trkpt lat="43.88365" lon="4.63348">
        <ele>11.0</ele>
      </trkpt>
      <trkpt lat="43.88286" lon="4.63346">
        <ele>10.9</ele>
      </trkpt>
      <trkpt lat="43.88208" lon="4.63344">
        <ele>9.9</ele>
      </trkpt>
      <trkpt lat="43.88199" lon="4.63342">
        <ele>9.7</ele>
      </trkpt>
      <trkpt lat="43.88159" lon="4.63243">
        <ele>10.3</ele>
      </trkpt>
      <trkpt lat="43.88118" lon="4.63143">
        <ele>12.5</ele>
      </trkpt>
      <trkpt lat="43.88078" lon="4.63043">
        <ele>12.4</ele>
      </trkpt>
      <trkpt lat="43.88037" lon="4.62944">
        <ele>11.5</ele>
      </trkpt>
      <trkpt lat="43.87997" lon="4.62844">
        <ele>11.1</ele>
      </trkpt>
      <trkpt lat="43.87978" lon="4.62787">
        <ele>11.0</ele>
      </trkpt>
      <trkpt lat="43.8795" lon="4.62682">
        <ele>11.5</ele>
      </trkpt>
      <trkpt lat="43.87922" lon="4.62578">
        <ele>11.8</ele>
      </trkpt>
      <trkpt lat="43.87902" lon="4.62497">
        <ele>10.0</ele>
      </trkpt>
      <trkpt lat="43.87883" lon="4.62417">
        <ele>10.0</ele>
      </trkpt>
      <trkpt lat="43.8788" lon="4.62391">
        <ele>10.3</ele>
      </trkpt>
      <trkpt lat="43.87877" lon="4.62303">
        <ele>10.8</ele>
      </trkpt>
      <trkpt lat="43.87874" lon="4.62237">
        <ele>10.7</ele>
      </trkpt>
      <trkpt lat="43.87872" lon="4.62171">
        <ele>11.4</ele>
      </trkpt>
      <trkpt lat="43.87863" lon="4.62093">
        <ele>11.0</ele>
      </trkpt>
      <trkpt lat="43.87859" lon="4.6207">
        <ele>11.1</ele>
      </trkpt>
      <trkpt lat="43.8785" lon="4.62032">
        <ele>11.5</ele>
      </trkpt>
      <trkpt lat="43.8784" lon="4.62">
        <ele>11.9</ele>
      </trkpt>
      <trkpt lat="43.87836" lon="4.62">
        <ele>12.0</ele>
      </trkpt>
      <trkpt lat="43.8783" lon="4.61997">
        <ele>11.9</ele>
      </trkpt>
      <trkpt lat="43.87824" lon="4.6199">
        <ele>11.8</ele>
      </trkpt>
      <trkpt lat="43.8779" lon="4.61905">
        <ele>10.9</ele>
      </trkpt>
      <trkpt lat="43.87757" lon="4.61821">
        <ele>10.5</ele>
      </trkpt>
      <trkpt lat="43.87714" lon="4.61713">
        <ele>12.1</ele>
      </trkpt>
      <trkpt lat="43.8767" lon="4.61605">
        <ele>11.8</ele>
      </trkpt>
      <trkpt lat="43.87627" lon="4.61496">
        <ele>11.5</ele>
      </trkpt>
      <trkpt lat="43.87612" lon="4.61468">
        <ele>11.3</ele>
      </trkpt>
      <trkpt lat="43.8755" lon="4.61395">
        <ele>10.5</ele>
      </trkpt>
      <trkpt lat="43.87488" lon="4.61323">
        <ele>12.1</ele>
      </trkpt>
      <trkpt lat="43.87454" lon="4.61285">
        <ele>11.9</ele>
      </trkpt>
      <trkpt lat="43.87396" lon="4.61216">
        <ele>12.1</ele>
      </trkpt>
      <trkpt lat="43.87389" lon="4.6121">
        <ele>12.1</ele>
      </trkpt>
      <trkpt lat="43.87373" lon="4.612">
        <ele>11.9</ele>
      </trkpt>
      <trkpt lat="43.87364" lon="4.61191">
        <ele>11.9</ele>
      </trkpt>
      <trkpt lat="43.8736" lon="4.61185">
        <ele>11.8</ele>
      </trkpt>
      <trkpt lat="43.87357" lon="4.61177">
        <ele>11.9</ele>
      </trkpt>
      <trkpt lat="43.87351" lon="4.61159">
        <ele>12.0</ele>
      </trkpt>
      <trkpt lat="43.87343" lon="4.61138">
        <ele>12.0</ele>
      </trkpt>
      <trkpt lat="43.87337" lon="4.61127">
        <ele>12.1</ele>
      </trkpt>
      <trkpt lat="43.87287" lon="4.61065">
        <ele>12.1</ele>
      </trkpt>
      <trkpt lat="43.87237" lon="4.61003">
        <ele>11.7</ele>
      </trkpt>
      <trkpt lat="43.87187" lon="4.60941">
        <ele>11.7</ele>
      </trkpt>
      <trkpt lat="43.87174" lon="4.60928">
        <ele>11.8</ele>
      </trkpt>
      <trkpt lat="43.87122" lon="4.60893">
        <ele>11.3</ele>
      </trkpt>
      <trkpt lat="43.87111" lon="4.60889">
        <ele>11.1</ele>
      </trkpt>
      <trkpt lat="43.8711" lon="4.60858">
        <ele>11.6</ele>
      </trkpt>
      <trkpt lat="43.87124" lon="4.60762">
        <ele>12.5</ele>
      </trkpt>
      <trkpt lat="43.87061" lon="4.60676">
        <ele>9.8</ele>
      </trkpt>
      <trkpt lat="43.86997" lon="4.6059">
        <ele>11.9</ele>
      </trkpt>
      <trkpt lat="43.86934" lon="4.60504">
        <ele>11.0</ele>
      </trkpt>
      <trkpt lat="43.86872" lon="4.60418">
        <ele>11.1</ele>
      </trkpt>
      <trkpt lat="43.86811" lon="4.60332">
        <ele>11.5</ele>
      </trkpt>
      <trkpt lat="43.86808" lon="4.60325">
        <ele>11.6</ele>
      </trkpt>
      <trkpt lat="43.86802" lon="4.60307">
        <ele>11.6</ele>
      </trkpt>
      <trkpt lat="43.86762" lon="4.60239">
        <ele>11.9</ele>
      </trkpt>
      <trkpt lat="43.86756" lon="4.60225">
        <ele>11.9</ele>
      </trkpt>
      <trkpt lat="43.86751" lon="4.60195">
        <ele>12.0</ele>
      </trkpt>
      <trkpt lat="43.86746" lon="4.60155">
        <ele>11.8</ele>
      </trkpt>
      <trkpt lat="43.86743" lon="4.60068">
        <ele>10.9</ele>
      </trkpt>
      <trkpt lat="43.86744" lon="4.60038">
        <ele>11.0</ele>
      </trkpt>
      <trkpt lat="43.86749" lon="4.60003">
        <ele>11.0</ele>
      </trkpt>
      <trkpt lat="43.86767" lon="4.59911">
        <ele>11.7</ele>
      </trkpt>
      <trkpt lat="43.86786" lon="4.5984">
        <ele>11.0</ele>
      </trkpt>
      <trkpt lat="43.86788" lon="4.59831">
        <ele>11.0</ele>
      </trkpt>
      <trkpt lat="43.8679" lon="4.59819">
        <ele>10.9</ele>
      </trkpt>
      <trkpt lat="43.8679" lon="4.59786">
        <ele>10.7</ele>
      </trkpt>
      <trkpt lat="43.86793" lon="4.59747">
        <ele>10.6</ele>
      </trkpt>
      <trkpt lat="43.86796" lon="4.59715">
        <ele>10.9</ele>
      </trkpt>
      <trkpt lat="43.868" lon="4.59687">
        <ele>11.2</ele>
      </trkpt>
      <trkpt lat="43.86808" lon="4.59656">
        <ele>11.3</ele>
      </trkpt>
      <trkpt lat="43.86819" lon="4.5963">
        <ele>11.1</ele>
      </trkpt>
      <trkpt lat="43.86828" lon="4.59613">
        <ele>11.0</ele>
      </trkpt>
      <trkpt lat="43.86834" lon="4.59603">
        <ele>11.0</ele>
      </trkpt>
      <trkpt lat="43.86834" lon="4.59603">
        <ele>11.0</ele>
      </trkpt>
      <trkpt lat="43.86871" lon="4.59574">
        <ele>10.4</ele>
      </trkpt>
      <trkpt lat="43.86892" lon="4.59552">
        <ele>9.9</ele>
      </trkpt>
      <trkpt lat="43.86934" lon="4.59503">
        <ele>9.4</ele>
      </trkpt>
      <trkpt lat="43.86975" lon="4.59453">
        <ele>11.1</ele>
      </trkpt>
      <trkpt lat="43.87029" lon="4.5937">
        <ele>12.4</ele>
      </trkpt>
      <trkpt lat="43.87083" lon="4.59286">
        <ele>12.6</ele>
      </trkpt>
      <trkpt lat="43.87096" lon="4.59275">
        <ele>12.7</ele>
      </trkpt>
      <trkpt lat="43.87111" lon="4.59268">
        <ele>12.7</ele>
      </trkpt>
      <trkpt lat="43.87151" lon="4.59206">
        <ele>13.3</ele>
      </trkpt>
      <trkpt lat="43.87191" lon="4.59154">
        <ele>12.7</ele>
      </trkpt>
      <trkpt lat="43.87198" lon="4.59148">
        <ele>12.6</ele>
      </trkpt>
      <trkpt lat="43.87216" lon="4.59144">
        <ele>12.2</ele>
      </trkpt>
      <trkpt lat="43.87232" lon="4.59142">
        <ele>11.8</ele>
      </trkpt>
      <trkpt lat="43.87277" lon="4.59146">
        <ele>11.6</ele>
      </trkpt>
      <trkpt lat="43.8729" lon="4.59145">
        <ele>11.8</ele>
      </trkpt>
      <trkpt lat="43.87296" lon="4.59142">
        <ele>11.9</ele>
      </trkpt>
      <trkpt lat="43.87303" lon="4.59132">
        <ele>12.5</ele>
      </trkpt>
      <trkpt lat="43.87325" lon="4.59094">
        <ele>15.0</ele>
      </trkpt>
      <trkpt lat="43.87331" lon="4.59081">
        <ele>15.9</ele>
      </trkpt>
      <trkpt lat="43.87265" lon="4.59076">
        <ele>12.9</ele>
      </trkpt>
      <trkpt lat="43.87248" lon="4.59071">
        <ele>12.4</ele>
      </trkpt>
      <trkpt lat="43.87231" lon="4.59062">
        <ele>13.2</ele>
      </trkpt>
      <trkpt lat="43.87217" lon="4.5905">
        <ele>14.0</ele>
      </trkpt>
      <trkpt lat="43.87206" lon="4.59034">
        <ele>14.8</ele>
      </trkpt>
      <trkpt lat="43.87197" lon="4.59017">
        <ele>15.5</ele>
      </trkpt>
      <trkpt lat="43.87181" lon="4.58974">
        <ele>15.3</ele>
      </trkpt>
      <trkpt lat="43.87156" lon="4.58896">
        <ele>13.1</ele>
      </trkpt>
      <trkpt lat="43.87131" lon="4.58817">
        <ele>13.9</ele>
      </trkpt>
      <trkpt lat="43.87112" lon="4.58765">
        <ele>15.2</ele>
      </trkpt>
      <trkpt lat="43.87104" lon="4.58757">
        <ele>15.5</ele>
      </trkpt>
      <trkpt lat="43.87097" lon="4.58756">
        <ele>15.6</ele>
      </trkpt>
      <trkpt lat="43.87074" lon="4.58756">
        <ele>15.7</ele>
      </trkpt>
      <trkpt lat="43.86989" lon="4.58759">
        <ele>14.7</ele>
      </trkpt>
      <trkpt lat="43.86963" lon="4.58756">
        <ele>14.5</ele>
      </trkpt>
      <trkpt lat="43.86915" lon="4.58749">
        <ele>14.0</ele>
      </trkpt>
      <trkpt lat="43.86891" lon="4.58742">
        <ele>14.1</ele>
      </trkpt>
      <trkpt lat="43.86879" lon="4.58738">
        <ele>14.2</ele>
      </trkpt>
      <trkpt lat="43.8687" lon="4.58734">
        <ele>14.2</ele>
      </trkpt>
      <trkpt lat="43.86817" lon="4.5871">
        <ele>14.1</ele>
      </trkpt>
      <trkpt lat="43.868" lon="4.58707">
        <ele>14.2</ele>
      </trkpt>
      <trkpt lat="43.86786" lon="4.58705">
        <ele>14.3</ele>
      </trkpt>
      <trkpt lat="43.86777" lon="4.58697">
        <ele>14.4</ele>
      </trkpt>
      <trkpt lat="43.86773" lon="4.58689">
        <ele>14.5</ele>
      </trkpt>
      <trkpt lat="43.86772" lon="4.58683">
        <ele>14.6</ele>
      </trkpt>
      <trkpt lat="43.8677" lon="4.58678">
        <ele>14.7</ele>
      </trkpt>
      <trkpt lat="43.86767" lon="4.58673">
        <ele>14.7</ele>
      </trkpt>
      <trkpt lat="43.86763" lon="4.5867">
        <ele>14.8</ele>
      </trkpt>
      <trkpt lat="43.86759" lon="4.58668">
        <ele>14.9</ele>
      </trkpt>
      <trkpt lat="43.86752" lon="4.58669">
        <ele>14.9</ele>
      </trkpt>
      <trkpt lat="43.86746" lon="4.58666">
        <ele>14.9</ele>
      </trkpt>
      <trkpt lat="43.86739" lon="4.58659">
        <ele>14.6</ele>
      </trkpt>
      <trkpt lat="43.86732" lon="4.58647">
        <ele>14.3</ele>
      </trkpt>
      <trkpt lat="43.86725" lon="4.5863">
        <ele>14.0</ele>
      </trkpt>
      <trkpt lat="43.86705" lon="4.58541">
        <ele>14.1</ele>
      </trkpt>
      <trkpt lat="43.86673" lon="4.58459">
        <ele>14.8</ele>
      </trkpt>
      <trkpt lat="43.86648" lon="4.58404">
        <ele>15.2</ele>
      </trkpt>
      <trkpt lat="43.86642" lon="4.58392">
        <ele>15.3</ele>
      </trkpt>
      <trkpt lat="43.86599" lon="4.58315">
        <ele>16.0</ele>
      </trkpt>
      <trkpt lat="43.86544" lon="4.58238">
        <ele>16.4</ele>
      </trkpt>
      <trkpt lat="43.8649" lon="4.58162">
        <ele>19.4</ele>
      </trkpt>
      <trkpt lat="43.86483" lon="4.58155">
        <ele>19.8</ele>
      </trkpt>
      <trkpt lat="43.86473" lon="4.58151">
        <ele>20.1</ele>
      </trkpt>
      <trkpt lat="43.86455" lon="4.58139">
        <ele>20.7</ele>
      </trkpt>
      <trkpt lat="43.86445" lon="4.5813">
        <ele>21.1</ele>
      </trkpt>
      <trkpt lat="43.8644" lon="4.58122">
        <ele>21.3</ele>
      </trkpt>
      <trkpt lat="43.86371" lon="4.58188">
        <ele>20.8</ele>
      </trkpt>
      <trkpt lat="43.86301" lon="4.58254">
        <ele>21.3</ele>
      </trkpt>
      <trkpt lat="43.86231" lon="4.5832">
        <ele>21.5</ele>
      </trkpt>
      <trkpt lat="43.86162" lon="4.58386">
        <ele>21.6</ele>
      </trkpt>
      <trkpt lat="43.86092" lon="4.58452">
        <ele>23.0</ele>
      </trkpt>
      <trkpt lat="43.86022" lon="4.58518">
        <ele>21.9</ele>
      </trkpt>
      <trkpt lat="43.85953" lon="4.58584">
        <ele>21.1</ele>
      </trkpt>
      <trkpt lat="43.85883" lon="4.5865">
        <ele>20.2</ele>
      </trkpt>
      <trkpt lat="43.85883" lon="4.5865">
        <ele>20.2</ele>
      </trkpt>
      <trkpt lat="43.85882" lon="4.58657">
        <ele>20.0</ele>
      </trkpt>
      <trkpt lat="43.8589" lon="4.58692">
        <ele>18.7</ele>
      </trkpt>
      <trkpt lat="43.85894" lon="4.58707">
        <ele>18.1</ele>
      </trkpt>
      <trkpt lat="43.85894" lon="4.58719">
        <ele>17.7</ele>
      </trkpt>
      <trkpt lat="43.85892" lon="4.58736">
        <ele>17.1</ele>
      </trkpt>
      <trkpt lat="43.85887" lon="4.58747">
        <ele>16.8</ele>
      </trkpt>
      <trkpt lat="43.85883" lon="4.5875">
        <ele>16.8</ele>
      </trkpt>
      <trkpt lat="43.85871" lon="4.58754">
        <ele>17.0</ele>
      </trkpt>
      <trkpt lat="43.85827" lon="4.58767">
        <ele>17.6</ele>
      </trkpt>
      <trkpt lat="43.85818" lon="4.58766">
        <ele>17.6</ele>
      </trkpt>
      <trkpt lat="43.8581" lon="4.58761">
        <ele>17.7</ele>
      </trkpt>
      <trkpt lat="43.85794" lon="4.58745">
        <ele>18.2</ele>
      </trkpt>
      <trkpt lat="43.85788" lon="4.58743">
        <ele>18.3</ele>
      </trkpt>
      <trkpt lat="43.85782" lon="4.58746">
        <ele>18.2</ele>
      </trkpt>
      <trkpt lat="43.85741" lon="4.58785">
        <ele>17.4</ele>
      </trkpt>
      <trkpt lat="43.857" lon="4.58823">
        <ele>17.0</ele>
      </trkpt>
      <trkpt lat="43.85643" lon="4.58876">
        <ele>16.8</ele>
      </trkpt>
      <trkpt lat="43.85587" lon="4.58928">
        <ele>16.8</ele>
      </trkpt>
      <trkpt lat="43.85523" lon="4.5899">
        <ele>17.5</ele>
      </trkpt>
      <trkpt lat="43.85459" lon="4.59051">
        <ele>17.3</ele>
      </trkpt>
      <trkpt lat="43.85395" lon="4.59113">
        <ele>16.9</ele>
      </trkpt>
      <trkpt lat="43.85331" lon="4.59173">
        <ele>16.9</ele>
      </trkpt>
      <trkpt lat="43.85267" lon="4.59232">
        <ele>17.5</ele>
      </trkpt>
      <trkpt lat="43.85226" lon="4.59271">
        <ele>18.3</ele>
      </trkpt>
      <trkpt lat="43.85185" lon="4.59309">
        <ele>18.9</ele>
      </trkpt>
      <trkpt lat="43.85166" lon="4.59327">
        <ele>19.1</ele>
      </trkpt>
      <trkpt lat="43.8515" lon="4.59344">
        <ele>19.1</ele>
      </trkpt>
      <trkpt lat="43.85127" lon="4.59372">
        <ele>19.0</ele>
      </trkpt>
      <trkpt lat="43.85098" lon="4.59411">
        <ele>19.4</ele>
      </trkpt>
      <trkpt lat="43.85049" lon="4.59495">
        <ele>21.1</ele>
      </trkpt>
      <trkpt lat="43.85024" lon="4.59546">
        <ele>21.5</ele>
      </trkpt>
      <trkpt lat="43.85011" lon="4.59579">
        <ele>21.4</ele>
      </trkpt>
      <trkpt lat="43.84988" lon="4.59645">
        <ele>19.9</ele>
      </trkpt>
      <trkpt lat="43.84971" lon="4.59711">
        <ele>18.0</ele>
      </trkpt>
      <trkpt lat="43.84961" lon="4.5976">
        <ele>16.8</ele>
      </trkpt>
      <trkpt lat="43.84957" lon="4.59799">
        <ele>16.8</ele>
      </trkpt>
      <trkpt lat="43.8495" lon="4.59852">
        <ele>16.6</ele>
      </trkpt>
      <trkpt lat="43.84937" lon="4.59964">
        <ele>16.4</ele>
      </trkpt>
      <trkpt lat="43.84923" lon="4.60075">
        <ele>17.7</ele>
      </trkpt>
      <trkpt lat="43.8491" lon="4.60187">
        <ele>16.9</ele>
      </trkpt>
      <trkpt lat="43.84906" lon="4.60217">
        <ele>16.4</ele>
      </trkpt>
      <trkpt lat="43.84904" lon="4.60233">
        <ele>16.2</ele>
      </trkpt>
      <trkpt lat="43.84899" lon="4.60267">
        <ele>16.0</ele>
      </trkpt>
      <trkpt lat="43.84887" lon="4.60319">
        <ele>16.5</ele>
      </trkpt>
      <trkpt lat="43.84876" lon="4.60349">
        <ele>16.9</ele>
      </trkpt>
      <trkpt lat="43.84855" lon="4.60403">
        <ele>17.3</ele>
      </trkpt>
      <trkpt lat="43.84833" lon="4.60444">
        <ele>17.7</ele>
      </trkpt>
      <trkpt lat="43.84809" lon="4.6048">
        <ele>18.0</ele>
      </trkpt>
      <trkpt lat="43.84797" lon="4.60496">
        <ele>18.0</ele>
      </trkpt>
      <trkpt lat="43.84778" lon="4.60517">
        <ele>17.7</ele>
      </trkpt>
      <trkpt lat="43.84727" lon="4.60567">
        <ele>18.5</ele>
      </trkpt>
      <trkpt lat="43.8466" lon="4.60627">
        <ele>20.4</ele>
      </trkpt>
      <trkpt lat="43.84594" lon="4.60687">
        <ele>18.9</ele>
      </trkpt>
      <trkpt lat="43.8457" lon="4.60709">
        <ele>17.8</ele>
      </trkpt>
      <trkpt lat="43.8457" lon="4.60709">
        <ele>17.8</ele>
      </trkpt>
      <trkpt lat="43.84562" lon="4.60715">
        <ele>17.5</ele>
      </trkpt>
      <trkpt lat="43.84558" lon="4.6072">
        <ele>17.1</ele>
      </trkpt>
      <trkpt lat="43.84558" lon="4.6072">
        <ele>17.1</ele>
      </trkpt>
      <trkpt lat="43.84544" lon="4.60732">
        <ele>16.5</ele>
      </trkpt>
      <trkpt lat="43.84538" lon="4.60737">
        <ele>16.2</ele>
      </trkpt>
      <trkpt lat="43.845" lon="4.60787">
        <ele>15.1</ele>
      </trkpt>
      <trkpt lat="43.84482" lon="4.60816">
        <ele>15.7</ele>
      </trkpt>
      <trkpt lat="43.84456" lon="4.60875">
        <ele>17.4</ele>
      </trkpt>
      <trkpt lat="43.8444" lon="4.60928">
        <ele>19.4</ele>
      </trkpt>
      <trkpt lat="43.84426" lon="4.61007">
        <ele>22.9</ele>
      </trkpt>
      <trkpt lat="43.84411" lon="4.61083">
        <ele>24.4</ele>
      </trkpt>
      <trkpt lat="43.84395" lon="4.61143">
        <ele>24.8</ele>
      </trkpt>
      <trkpt lat="43.84369" lon="4.61215">
        <ele>24.7</ele>
      </trkpt>
      <trkpt lat="43.84341" lon="4.6129">
        <ele>22.8</ele>
      </trkpt>
      <trkpt lat="43.84313" lon="4.61365">
        <ele>20.2</ele>
      </trkpt>
      <trkpt lat="43.8428" lon="4.61454">
        <ele>19.1</ele>
      </trkpt>
      <trkpt lat="43.84247" lon="4.61543">
        <ele>20.1</ele>
      </trkpt>
      <trkpt lat="43.84215" lon="4.61632">
        <ele>21.4</ele>
      </trkpt>
      <trkpt lat="43.84182" lon="4.61717">
        <ele>26.3</ele>
      </trkpt>
      <trkpt lat="43.84171" lon="4.61744">
        <ele>29.8</ele>
      </trkpt>
      <trkpt lat="43.84146" lon="4.618">
        <ele>34.1</ele>
      </trkpt>
      <trkpt lat="43.84114" lon="4.61841">
        <ele>41.0</ele>
      </trkpt>
      <trkpt lat="43.84063" lon="4.61877">
        <ele>41.1</ele>
      </trkpt>
      <trkpt lat="43.84022" lon="4.619">
        <ele>33.9</ele>
      </trkpt>
      <trkpt lat="43.83976" lon="4.61918">
        <ele>29.4</ele>
      </trkpt>
      <trkpt lat="43.8393" lon="4.61937">
        <ele>27.1</ele>
      </trkpt>
      <trkpt lat="43.83889" lon="4.61952">
        <ele>23.1</ele>
      </trkpt>
      <trkpt lat="43.83855" lon="4.61953">
        <ele>21.1</ele>
      </trkpt>
      <trkpt lat="43.83832" lon="4.61952">
        <ele>20.0</ele>
      </trkpt>
      <trkpt lat="43.83819" lon="4.61951">
        <ele>19.6</ele>
      </trkpt>
      <trkpt lat="43.83803" lon="4.61948">
        <ele>19.3</ele>
      </trkpt>
      <trkpt lat="43.8377" lon="4.61936">
        <ele>18.9</ele>
      </trkpt>
      <trkpt lat="43.83756" lon="4.6193">
        <ele>18.6</ele>
      </trkpt>
      <trkpt lat="43.83744" lon="4.61923">
        <ele>18.7</ele>
      </trkpt>
      <trkpt lat="43.83689" lon="4.61882">
        <ele>21.1</ele>
      </trkpt>
      <trkpt lat="43.83634" lon="4.61839">
        <ele>22.9</ele>
      </trkpt>
      <trkpt lat="43.8361" lon="4.61821">
        <ele>23.5</ele>
      </trkpt>
      <trkpt lat="43.83558" lon="4.61799">
        <ele>23.6</ele>
      </trkpt>
      <trkpt lat="43.83491" lon="4.61785">
        <ele>23.8</ele>
      </trkpt>
      <trkpt lat="43.83423" lon="4.6177">
        <ele>22.8</ele>
      </trkpt>
      <trkpt lat="43.83356" lon="4.61756">
        <ele>23.7</ele>
      </trkpt>
      <trkpt lat="43.8327" lon="4.61736">
        <ele>23.9</ele>
      </trkpt>
      <trkpt lat="43.83231" lon="4.6173">
        <ele>23.5</ele>
      </trkpt>
      <trkpt lat="43.83204" lon="4.61731">
        <ele>22.8</ele>
      </trkpt>
      <trkpt lat="43.83181" lon="4.61737">
        <ele>21.9</ele>
      </trkpt>
      <trkpt lat="43.83172" lon="4.6174">
        <ele>21.6</ele>
      </trkpt>
      <trkpt lat="43.83154" lon="4.61745">
        <ele>21.2</ele>
      </trkpt>
      <trkpt lat="43.83123" lon="4.61758">
        <ele>20.7</ele>
      </trkpt>
      <trkpt lat="43.83106" lon="4.6177">
        <ele>20.1</ele>
      </trkpt>
      <trkpt lat="43.83096" lon="4.61777">
        <ele>19.8</ele>
      </trkpt>
      <trkpt lat="43.83096" lon="4.61777">
        <ele>19.8</ele>
      </trkpt>
      <trkpt lat="43.83064" lon="4.61805">
        <ele>21.1</ele>
      </trkpt>
      <trkpt lat="43.83064" lon="4.61805">
        <ele>21.1</ele>
      </trkpt>
      <trkpt lat="43.83055" lon="4.61814">
        <ele>22.1</ele>
      </trkpt>
      <trkpt lat="43.83011" lon="4.61873">
        <ele>23.9</ele>
      </trkpt>
      <trkpt lat="43.82968" lon="4.61931">
        <ele>21.0</ele>
      </trkpt>
      <trkpt lat="43.82961" lon="4.6194">
        <ele>20.6</ele>
      </trkpt>
      <trkpt lat="43.82939" lon="4.6197">
        <ele>19.0</ele>
      </trkpt>
      <trkpt lat="43.82883" lon="4.62019">
        <ele>19.8</ele>
      </trkpt>
      <trkpt lat="43.82826" lon="4.62064">
        <ele>20.6</ele>
      </trkpt>
      <trkpt lat="43.82781" lon="4.6211">
        <ele>17.5</ele>
      </trkpt>
      <trkpt lat="43.82761" lon="4.6214">
        <ele>15.7</ele>
      </trkpt>
      <trkpt lat="43.82742" lon="4.62178">
        <ele>15.0</ele>
      </trkpt>
      <trkpt lat="43.82719" lon="4.62235">
        <ele>17.3</ele>
      </trkpt>
      <trkpt lat="43.82706" lon="4.6229">
        <ele>18.6</ele>
      </trkpt>
      <trkpt lat="43.82677" lon="4.62396">
        <ele>18.9</ele>
      </trkpt>
      <trkpt lat="43.82671" lon="4.6242">
        <ele>19.0</ele>
      </trkpt>
      <trkpt lat="43.82658" lon="4.6246">
        <ele>21.5</ele>
      </trkpt>
      <trkpt lat="43.82642" lon="4.62494">
        <ele>25.3</ele>
      </trkpt>
      <trkpt lat="43.82619" lon="4.62537">
        <ele>24.0</ele>
      </trkpt>
      <trkpt lat="43.82593" lon="4.62571">
        <ele>21.4</ele>
      </trkpt>
      <trkpt lat="43.82557" lon="4.62605">
        <ele>20.6</ele>
      </trkpt>
      <trkpt lat="43.82533" lon="4.62623">
        <ele>20.5</ele>
      </trkpt>
      <trkpt lat="43.82507" lon="4.62638">
        <ele>20.3</ele>
      </trkpt>
      <trkpt lat="43.82459" lon="4.62659">
        <ele>18.5</ele>
      </trkpt>
      <trkpt lat="43.82412" lon="4.62679">
        <ele>17.8</ele>
      </trkpt>
      <trkpt lat="43.82353" lon="4.62707">
        <ele>16.9</ele>
      </trkpt>
      <trkpt lat="43.82294" lon="4.62734">
        <ele>17.3</ele>
      </trkpt>
      <trkpt lat="43.82284" lon="4.62732">
        <ele>18.1</ele>
      </trkpt>
      <trkpt lat="43.82284" lon="4.62732">
        <ele>18.1</ele>
      </trkpt>
      <trkpt lat="43.82277" lon="4.62727">
        <ele>19.1</ele>
      </trkpt>
      <trkpt lat="43.82273" lon="4.62722">
        <ele>20.0</ele>
      </trkpt>
      <trkpt lat="43.82265" lon="4.62725">
        <ele>20.0</ele>
      </trkpt>
      <trkpt lat="43.82262" lon="4.62729">
        <ele>19.6</ele>
      </trkpt>
      <trkpt lat="43.82256" lon="4.62735">
        <ele>19.0</ele>
      </trkpt>
      <trkpt lat="43.82254" lon="4.62741">
        <ele>18.2</ele>
      </trkpt>
      <trkpt lat="43.82254" lon="4.62749">
        <ele>17.0</ele>
      </trkpt>
      <trkpt lat="43.82251" lon="4.62755">
        <ele>16.5</ele>
      </trkpt>
      <trkpt lat="43.82251" lon="4.62755">
        <ele>16.5</ele>
      </trkpt>
      <trkpt lat="43.8224" lon="4.6276">
        <ele>17.0</ele>
      </trkpt>
      <trkpt lat="43.82216" lon="4.62766">
        <ele>18.4</ele>
      </trkpt>
      <trkpt lat="43.82203" lon="4.62769">
        <ele>19.1</ele>
      </trkpt>
      <trkpt lat="43.82123" lon="4.62789">
        <ele>23.2</ele>
      </trkpt>
      <trkpt lat="43.82043" lon="4.6281">
        <ele>21.8</ele>
      </trkpt>
      <trkpt lat="43.82036" lon="4.62817">
        <ele>20.2</ele>
      </trkpt>
      <trkpt lat="43.82036" lon="4.62817">
        <ele>20.2</ele>
      </trkpt>
      <trkpt lat="43.82033" lon="4.62822">
        <ele>19.1</ele>
      </trkpt>
      <trkpt lat="43.82038" lon="4.62824">
        <ele>18.6</ele>
      </trkpt>
      <trkpt lat="43.82043" lon="4.6283">
        <ele>17.2</ele>
      </trkpt>
      <trkpt lat="43.82047" lon="4.62836">
        <ele>16.2</ele>
      </trkpt>
      <trkpt lat="43.82049" lon="4.62842">
        <ele>15.7</ele>
      </trkpt>
      <trkpt lat="43.8205" lon="4.62852">
        <ele>14.9</ele>
      </trkpt>
      <trkpt lat="43.82043" lon="4.62855">
        <ele>14.7</ele>
      </trkpt>
      <trkpt lat="43.82037" lon="4.62862">
        <ele>14.1</ele>
      </trkpt>
      <trkpt lat="43.82033" lon="4.62871">
        <ele>13.3</ele>
      </trkpt>
      <trkpt lat="43.82032" lon="4.62882">
        <ele>12.4</ele>
      </trkpt>
      <trkpt lat="43.82034" lon="4.62891">
        <ele>11.6</ele>
      </trkpt>
      <trkpt lat="43.82037" lon="4.62899">
        <ele>11.0</ele>
      </trkpt>
      <trkpt lat="43.82042" lon="4.62904">
        <ele>10.6</ele>
      </trkpt>
      <trkpt lat="43.82045" lon="4.62907">
        <ele>10.3</ele>
      </trkpt>
      <trkpt lat="43.82047" lon="4.6293">
        <ele>9.7</ele>
      </trkpt>
      <trkpt lat="43.82024" lon="4.62994">
        <ele>10.6</ele>
      </trkpt>
      <trkpt lat="43.8201" lon="4.63035">
        <ele>10.8</ele>
      </trkpt>
      <trkpt lat="43.82003" lon="4.63054">
        <ele>10.9</ele>
      </trkpt>
      <trkpt lat="43.81992" lon="4.6309">
        <ele>11.2</ele>
      </trkpt>
      <trkpt lat="43.81962" lon="4.63206">
        <ele>14.5</ele>
      </trkpt>
      <trkpt lat="43.81935" lon="4.63306">
        <ele>13.3</ele>
      </trkpt>
      <trkpt lat="43.81905" lon="4.63397">
        <ele>12.3</ele>
      </trkpt>
      <trkpt lat="43.81886" lon="4.63458">
        <ele>12.8</ele>
      </trkpt>
      <trkpt lat="43.81863" lon="4.6354">
        <ele>14.8</ele>
      </trkpt>
      <trkpt lat="43.81846" lon="4.63601">
        <ele>16.2</ele>
      </trkpt>
      <trkpt lat="43.81828" lon="4.63661">
        <ele>13.5</ele>
      </trkpt>
      <trkpt lat="43.81816" lon="4.63701">
        <ele>14.1</ele>
      </trkpt>
      <trkpt lat="43.81811" lon="4.63726">
        <ele>14.0</ele>
      </trkpt>
      <trkpt lat="43.81808" lon="4.63756">
        <ele>13.4</ele>
      </trkpt>
      <trkpt lat="43.81807" lon="4.63788">
        <ele>12.9</ele>
      </trkpt>
      <trkpt lat="43.81804" lon="4.63805">
        <ele>12.8</ele>
      </trkpt>
      <trkpt lat="43.81797" lon="4.63829">
        <ele>12.8</ele>
      </trkpt>
      <trkpt lat="43.81789" lon="4.6385">
        <ele>12.8</ele>
      </trkpt>
      <trkpt lat="43.81783" lon="4.6386">
        <ele>12.8</ele>
      </trkpt>
      <trkpt lat="43.8178" lon="4.63866">
        <ele>12.7</ele>
      </trkpt>
      <trkpt lat="43.81755" lon="4.63904">
        <ele>11.7</ele>
      </trkpt>
      <trkpt lat="43.8173" lon="4.63939">
        <ele>12.4</ele>
      </trkpt>
      <trkpt lat="43.81718" lon="4.6396">
        <ele>12.8</ele>
      </trkpt>
      <trkpt lat="43.81701" lon="4.63978">
        <ele>13.5</ele>
      </trkpt>
      <trkpt lat="43.81685" lon="4.63993">
        <ele>14.0</ele>
      </trkpt>
      <trkpt lat="43.81676" lon="4.63998">
        <ele>14.4</ele>
      </trkpt>
      <trkpt lat="43.81636" lon="4.64031">
        <ele>15.5</ele>
      </trkpt>
      <trkpt lat="43.81626" lon="4.64041">
        <ele>15.3</ele>
      </trkpt>
      <trkpt lat="43.81617" lon="4.64055">
        <ele>14.4</ele>
      </trkpt>
      <trkpt lat="43.81615" lon="4.64063">
        <ele>13.7</ele>
      </trkpt>
      <trkpt lat="43.81613" lon="4.64074">
        <ele>12.6</ele>
      </trkpt>
      <trkpt lat="43.81613" lon="4.64109">
        <ele>11.2</ele>
      </trkpt>
      <trkpt lat="43.81614" lon="4.64121">
        <ele>10.9</ele>
      </trkpt>
      <trkpt lat="43.81611" lon="4.6414">
        <ele>10.5</ele>
      </trkpt>
      <trkpt lat="43.81604" lon="4.64156">
        <ele>10.0</ele>
      </trkpt>
      <trkpt lat="43.81591" lon="4.64175">
        <ele>9.4</ele>
      </trkpt>
      <trkpt lat="43.81587" lon="4.64176">
        <ele>9.2</ele>
      </trkpt>
      <trkpt lat="43.81536" lon="4.64193">
        <ele>11.6</ele>
      </trkpt>
      <trkpt lat="43.81515" lon="4.64199">
        <ele>12.4</ele>
      </trkpt>
      <trkpt lat="43.81437" lon="4.64225">
        <ele>12.7</ele>
      </trkpt>
      <trkpt lat="43.81352" lon="4.64261">
        <ele>15.0</ele>
      </trkpt>
      <trkpt lat="43.81327" lon="4.64275">
        <ele>15.1</ele>
      </trkpt>
      <trkpt lat="43.81274" lon="4.64303">
        <ele>13.6</ele>
      </trkpt>
      <trkpt lat="43.81305" lon="4.64352">
        <ele>11.6</ele>
      </trkpt>
      <trkpt lat="43.81337" lon="4.64402">
        <ele>10.3</ele>
      </trkpt>
      <trkpt lat="43.81388" lon="4.6448">
        <ele>12.0</ele>
      </trkpt>
      <trkpt lat="43.8144" lon="4.64559">
        <ele>10.9</ele>
      </trkpt>
      <trkpt lat="43.81422" lon="4.64582">
        <ele>10.8</ele>
      </trkpt>
      <trkpt lat="43.81355" lon="4.64659">
        <ele>11.0</ele>
      </trkpt>
      <trkpt lat="43.81341" lon="4.64671">
        <ele>11.4</ele>
      </trkpt>
      <trkpt lat="43.81334" lon="4.64675">
        <ele>11.5</ele>
      </trkpt>
      <trkpt lat="43.81322" lon="4.64675">
        <ele>11.8</ele>
      </trkpt>
      <trkpt lat="43.81313" lon="4.6467">
        <ele>12.3</ele>
      </trkpt>
      <trkpt lat="43.81307" lon="4.64667">
        <ele>12.6</ele>
      </trkpt>
      <trkpt lat="43.81306" lon="4.64673">
        <ele>12.3</ele>
      </trkpt>
      <trkpt lat="43.81301" lon="4.64685">
        <ele>11.8</ele>
      </trkpt>
      <trkpt lat="43.81284" lon="4.64696">
        <ele>11.8</ele>
      </trkpt>
      <trkpt lat="43.81246" lon="4.64703">
        <ele>12.8</ele>
      </trkpt>
      <trkpt lat="43.81182" lon="4.6472">
        <ele>14.5</ele>
      </trkpt>
      <trkpt lat="43.81107" lon="4.64721">
        <ele>12.6</ele>
      </trkpt>
      <trkpt lat="43.81032" lon="4.64722">
        <ele>12.7</ele>
      </trkpt>
      <trkpt lat="43.80958" lon="4.64723">
        <ele>13.3</ele>
      </trkpt>
      <trkpt lat="43.80912" lon="4.64725">
        <ele>13.2</ele>
      </trkpt>
      <trkpt lat="43.80866" lon="4.64727">
        <ele>12.4</ele>
      </trkpt>
      <trkpt lat="43.8086" lon="4.64729">
        <ele>12.2</ele>
      </trkpt>
      <trkpt lat="43.80857" lon="4.64733">
        <ele>12.1</ele>
      </trkpt>
      <trkpt lat="43.80844" lon="4.6475">
        <ele>11.3</ele>
      </trkpt>
      <trkpt lat="43.80842" lon="4.64713">
        <ele>12.4</ele>
      </trkpt>
      <trkpt lat="43.80841" lon="4.64689">
        <ele>13.2</ele>
      </trkpt>
      <trkpt lat="43.80842" lon="4.64686">
        <ele>13.4</ele>
      </trkpt>
      <trkpt lat="43.80843" lon="4.64679">
        <ele>13.6</ele>
      </trkpt>
      <trkpt lat="43.80843" lon="4.64679">
        <ele>13.6</ele>
      </trkpt>
      <trkpt lat="43.80842" lon="4.64677">
        <ele>13.7</ele>
      </trkpt>
      <trkpt lat="43.80842" lon="4.64674">
        <ele>13.8</ele>
      </trkpt>
      <trkpt lat="43.8084" lon="4.64669">
        <ele>13.9</ele>
      </trkpt>
      <trkpt lat="43.80825" lon="4.64676">
        <ele>14.1</ele>
      </trkpt>
      <trkpt lat="43.80807" lon="4.64697">
        <ele>14.3</ele>
      </trkpt>
      <trkpt lat="43.80767" lon="4.64744">
        <ele>13.7</ele>
      </trkpt>
      <trkpt lat="43.80741" lon="4.64775">
        <ele>13.1</ele>
      </trkpt>
      <trkpt lat="43.80736" lon="4.64779">
        <ele>13.1</ele>
      </trkpt>
      <trkpt lat="43.8073" lon="4.64781">
        <ele>13.1</ele>
      </trkpt>
      <trkpt lat="43.80693" lon="4.64797">
        <ele>13.4</ele>
      </trkpt>
      <trkpt lat="43.80684" lon="4.64803">
        <ele>13.3</ele>
      </trkpt>
      <trkpt lat="43.80665" lon="4.64811">
        <ele>13.3</ele>
      </trkpt>
      <trkpt lat="43.80662" lon="4.64812">
        <ele>13.2</ele>
      </trkpt>
      <trkpt lat="43.80659" lon="4.64814">
        <ele>13.0</ele>
      </trkpt>
      <trkpt lat="43.80635" lon="4.64823">
        <ele>12.1</ele>
      </trkpt>
      <trkpt lat="43.80601" lon="4.64836">
        <ele>11.1</ele>
      </trkpt>
      <trkpt lat="43.80572" lon="4.64847">
        <ele>10.0</ele>
      </trkpt>
      <trkpt lat="43.80567" lon="4.64847">
        <ele>9.9</ele>
      </trkpt>
      <trkpt lat="43.8056" lon="4.64848">
        <ele>9.7</ele>
      </trkpt>
      <trkpt lat="43.80507" lon="4.6487">
        <ele>8.2</ele>
      </trkpt>
      <trkpt lat="43.80505" lon="4.6487">
        <ele>8.2</ele>
      </trkpt>
      <trkpt lat="43.8051" lon="4.64834">
        <ele>9.2</ele>
      </trkpt>
      <trkpt lat="43.80526" lon="4.64727">
        <ele>10.3</ele>
      </trkpt>
      <trkpt lat="43.80531" lon="4.64692">
        <ele>10.2</ele>
      </trkpt>
      <trkpt lat="43.80529" lon="4.64685">
        <ele>10.0</ele>
      </trkpt>
      <trkpt lat="43.80524" lon="4.64678">
        <ele>9.6</ele>
      </trkpt>
      <trkpt lat="43.80533" lon="4.64659">
        <ele>9.8</ele>
      </trkpt>
      <trkpt lat="43.80534" lon="4.64656">
        <ele>9.8</ele>
      </trkpt>
      <trkpt lat="43.80534" lon="4.64652">
        <ele>9.7</ele>
      </trkpt>
      <trkpt lat="43.80535" lon="4.64648">
        <ele>9.7</ele>
      </trkpt>
      <trkpt lat="43.80536" lon="4.6464">
        <ele>9.5</ele>
      </trkpt>
      <trkpt lat="43.80534" lon="4.64634">
        <ele>9.3</ele>
      </trkpt>
      <trkpt lat="43.80538" lon="4.6461">
        <ele>8.9</ele>
      </trkpt>
      <trkpt lat="43.80543" lon="4.64571">
        <ele>8.6</ele>
      </trkpt>
      <trkpt lat="43.80554" lon="4.64494">
        <ele>9.2</ele>
      </trkpt>
      <trkpt lat="43.80558" lon="4.64485">
        <ele>9.0</ele>
      </trkpt>
      <trkpt lat="43.80564" lon="4.64449">
        <ele>8.1</ele>
      </trkpt>
      <trkpt lat="43.80568" lon="4.64443">
        <ele>8.0</ele>
      </trkpt>
      <trkpt lat="43.80572" lon="4.64419">
        <ele>7.2</ele>
      </trkpt>
      <trkpt lat="43.80585" lon="4.6433">
        <ele>7.1</ele>
      </trkpt>
      <trkpt lat="43.80595" lon="4.6426">
        <ele>7.1</ele>
      </trkpt>
      <trkpt lat="43.80604" lon="4.64191">
        <ele>7.4</ele>
      </trkpt>
      <trkpt lat="43.80604" lon="4.64185">
        <ele>7.4</ele>
      </trkpt>
      <trkpt lat="43.80603" lon="4.64175">
        <ele>7.2</ele>
      </trkpt>
      <trkpt lat="43.80603" lon="4.6417">
        <ele>7.2</ele>
      </trkpt>
      <trkpt lat="43.80613" lon="4.64102">
        <ele>8.3</ele>
      </trkpt>
      <trkpt lat="43.80623" lon="4.64029">
        <ele>8.6</ele>
      </trkpt>
      <trkpt lat="43.80633" lon="4.63963">
        <ele>8.3</ele>
      </trkpt>
      <trkpt lat="43.80642" lon="4.63897">
        <ele>7.9</ele>
      </trkpt>
      <trkpt lat="43.80646" lon="4.63879">
        <ele>7.8</ele>
      </trkpt>
      <trkpt lat="43.80642" lon="4.63878">
        <ele>7.7</ele>
      </trkpt>
      <trkpt lat="43.80647" lon="4.63858">
        <ele>7.5</ele>
      </trkpt>
      <trkpt lat="43.80652" lon="4.63852">
        <ele>7.5</ele>
      </trkpt>
      <trkpt lat="43.80652" lon="4.63847">
        <ele>7.4</ele>
      </trkpt>
      <trkpt lat="43.8065" lon="4.63832">
        <ele>7.2</ele>
      </trkpt>
      <trkpt lat="43.80649" lon="4.63825">
        <ele>7.0</ele>
      </trkpt>
      <trkpt lat="43.80647" lon="4.63817">
        <ele>6.8</ele>
      </trkpt>
      <trkpt lat="43.80641" lon="4.63816">
        <ele>6.9</ele>
      </trkpt>
      <trkpt lat="43.80641" lon="4.63811">
        <ele>6.8</ele>
      </trkpt>
      <trkpt lat="43.80636" lon="4.6381">
        <ele>6.8</ele>
      </trkpt>
      <trkpt lat="43.80623" lon="4.63808">
        <ele>6.9</ele>
      </trkpt>
      <trkpt lat="43.80614" lon="4.63808">
        <ele>7.0</ele>
      </trkpt>
      <trkpt lat="43.80608" lon="4.63807">
        <ele>7.1</ele>
      </trkpt>
      <trkpt lat="43.806" lon="4.63809">
        <ele>7.2</ele>
      </trkpt>
      <trkpt lat="43.80595" lon="4.63809">
        <ele>7.3</ele>
      </trkpt>
      <trkpt lat="43.80591" lon="4.63807">
        <ele>7.3</ele>
      </trkpt>
      <trkpt lat="43.80588" lon="4.63806">
        <ele>7.3</ele>
      </trkpt>
      <trkpt lat="43.80584" lon="4.63807">
        <ele>7.4</ele>
      </trkpt>
      <trkpt lat="43.80581" lon="4.6381">
        <ele>7.5</ele>
      </trkpt>
      <trkpt lat="43.80576" lon="4.63813">
        <ele>7.6</ele>
      </trkpt>
      <trkpt lat="43.8057" lon="4.63814">
        <ele>7.7</ele>
      </trkpt>
      <trkpt lat="43.80562" lon="4.63813">
        <ele>7.8</ele>
      </trkpt>
      <trkpt lat="43.80553" lon="4.63803">
        <ele>7.6</ele>
      </trkpt>
      <trkpt lat="43.80545" lon="4.63791">
        <ele>7.4</ele>
      </trkpt>
      <trkpt lat="43.80538" lon="4.63776">
        <ele>7.2</ele>
      </trkpt>
      <trkpt lat="43.80544" lon="4.6377">
        <ele>7.0</ele>
      </trkpt>
      <trkpt lat="43.80546" lon="4.6377">
        <ele>6.9</ele>
      </trkpt>
      <trkpt lat="43.80549" lon="4.63772">
        <ele>6.9</ele>
      </trkpt>
      <trkpt lat="43.8056" lon="4.63784">
        <ele>7.1</ele>
      </trkpt>
      <trkpt lat="43.80563" lon="4.63783">
        <ele>7.0</ele>
      </trkpt>
      <trkpt lat="43.80586" lon="4.63781">
        <ele>6.7</ele>
      </trkpt>
      <trkpt lat="43.80591" lon="4.63778">
        <ele>6.6</ele>
      </trkpt>
      <trkpt lat="43.80595" lon="4.63775">
        <ele>6.5</ele>
      </trkpt>
      <trkpt lat="43.806" lon="4.63767">
        <ele>6.2</ele>
      </trkpt>
      <trkpt lat="43.80603" lon="4.63758">
        <ele>6.0</ele>
      </trkpt>
      <trkpt lat="43.80605" lon="4.63747">
        <ele>5.8</ele>
      </trkpt>
      <trkpt lat="43.80611" lon="4.63702">
        <ele>6.1</ele>
      </trkpt>
      <trkpt lat="43.80625" lon="4.63603">
        <ele>6.1</ele>
      </trkpt>
      <trkpt lat="43.80639" lon="4.63509">
        <ele>6.3</ele>
      </trkpt>
      <trkpt lat="43.80654" lon="4.63414">
        <ele>6.3</ele>
      </trkpt>
      <trkpt lat="43.80661" lon="4.63398">
        <ele>6.3</ele>
      </trkpt>
      <trkpt lat="43.8067" lon="4.6333">
        <ele>7.0</ele>
      </trkpt>
      <trkpt lat="43.80679" lon="4.63261">
        <ele>7.3</ele>
      </trkpt>
      <trkpt lat="43.80681" lon="4.63201">
        <ele>7.7</ele>
      </trkpt>
      <trkpt lat="43.80684" lon="4.63155">
        <ele>7.9</ele>
      </trkpt>
      <trkpt lat="43.80687" lon="4.63123">
        <ele>7.7</ele>
      </trkpt>
      <trkpt lat="43.80688" lon="4.63061">
        <ele>7.6</ele>
      </trkpt>
      <trkpt lat="43.80684" lon="4.63014">
        <ele>7.6</ele>
      </trkpt>
      <trkpt lat="43.80679" lon="4.6297">
        <ele>7.4</ele>
      </trkpt>
      <trkpt lat="43.80677" lon="4.62959">
        <ele>7.4</ele>
      </trkpt>
      <trkpt lat="43.80667" lon="4.62926">
        <ele>7.0</ele>
      </trkpt>
      <trkpt lat="43.80647" lon="4.62836">
        <ele>8.4</ele>
      </trkpt>
      <trkpt lat="43.80641" lon="4.62805">
        <ele>8.6</ele>
      </trkpt>
      <trkpt lat="43.80639" lon="4.62791">
        <ele>8.7</ele>
      </trkpt>
      <trkpt lat="43.80637" lon="4.62744">
        <ele>8.6</ele>
      </trkpt>
      <trkpt lat="43.80629" lon="4.62713">
        <ele>8.3</ele>
      </trkpt>
      <trkpt lat="43.80625" lon="4.6271">
        <ele>8.3</ele>
      </trkpt>
      <trkpt lat="43.80622" lon="4.62706">
        <ele>8.2</ele>
      </trkpt>
      <trkpt lat="43.80618" lon="4.62701">
        <ele>8.1</ele>
      </trkpt>
      <trkpt lat="43.8061" lon="4.62683">
        <ele>7.8</ele>
      </trkpt>
      <trkpt lat="43.80577" lon="4.62603">
        <ele>7.7</ele>
      </trkpt>
      <trkpt lat="43.80557" lon="4.62563">
        <ele>7.8</ele>
      </trkpt>
      <trkpt lat="43.8052" lon="4.62492">
        <ele>6.8</ele>
      </trkpt>
      <trkpt lat="43.80497" lon="4.62455">
        <ele>6.6</ele>
      </trkpt>
      <trkpt lat="43.80477" lon="4.62415">
        <ele>7.4</ele>
      </trkpt>
      <trkpt lat="43.80429" lon="4.62328">
        <ele>12.8</ele>
      </trkpt>
      <trkpt lat="43.80381" lon="4.62241">
        <ele>12.6</ele>
      </trkpt>
      <trkpt lat="43.80332" lon="4.62154">
        <ele>13.7</ele>
      </trkpt>
      <trkpt lat="43.80284" lon="4.62067">
        <ele>14.1</ele>
      </trkpt>
      <trkpt lat="43.80262" lon="4.62032">
        <ele>12.1</ele>
      </trkpt>
      <trkpt lat="43.8022" lon="4.61955">
        <ele>10.4</ele>
      </trkpt>
      <trkpt lat="43.80178" lon="4.61879">
        <ele>7.0</ele>
      </trkpt>
      <trkpt lat="43.80152" lon="4.61834">
        <ele>5.0</ele>
      </trkpt>
      <trkpt lat="43.80115" lon="4.61769">
        <ele>3.2</ele>
      </trkpt>
      <trkpt lat="43.80079" lon="4.61703">
        <ele>3.6</ele>
      </trkpt>
      <trkpt lat="43.80042" lon="4.61637">
        <ele>4.7</ele>
      </trkpt>
      <trkpt lat="43.8003" lon="4.61625">
        <ele>4.7</ele>
      </trkpt>
      <trkpt lat="43.80011" lon="4.61599">
        <ele>4.4</ele>
      </trkpt>
      <trkpt lat="43.79993" lon="4.6158">
        <ele>4.2</ele>
      </trkpt>
      <trkpt lat="43.80004" lon="4.61569">
        <ele>4.4</ele>
      </trkpt>
      <trkpt lat="43.80029" lon="4.61543">
        <ele>5.3</ele>
      </trkpt>
      <trkpt lat="43.80035" lon="4.61536">
        <ele>5.5</ele>
      </trkpt>
      <trkpt lat="43.8002" lon="4.61521">
        <ele>5.6</ele>
      </trkpt>
      <trkpt lat="43.80006" lon="4.61504">
        <ele>5.9</ele>
      </trkpt>
      <trkpt lat="43.79961" lon="4.61422">
        <ele>6.5</ele>
      </trkpt>
      <trkpt lat="43.79916" lon="4.6134">
        <ele>6.0</ele>
      </trkpt>
      <trkpt lat="43.79877" lon="4.61273">
        <ele>6.2</ele>
      </trkpt>
      <trkpt lat="43.79847" lon="4.61216">
        <ele>6.0</ele>
      </trkpt>
      <trkpt lat="43.79815" lon="4.61158">
        <ele>5.1</ele>
      </trkpt>
      <trkpt lat="43.79782" lon="4.611">
        <ele>5.8</ele>
      </trkpt>
      <trkpt lat="43.79742" lon="4.61027">
        <ele>4.0</ele>
      </trkpt>
      <trkpt lat="43.79711" lon="4.60972">
        <ele>4.0</ele>
      </trkpt>
      <trkpt lat="43.79659" lon="4.60879">
        <ele>4.1</ele>
      </trkpt>
      <trkpt lat="43.79607" lon="4.60785">
        <ele>3.4</ele>
      </trkpt>
      <trkpt lat="43.79579" lon="4.60736">
        <ele>3.4</ele>
      </trkpt>
      <trkpt lat="43.79551" lon="4.60687">
        <ele>5.0</ele>
      </trkpt>
      <trkpt lat="43.79521" lon="4.60632">
        <ele>5.9</ele>
      </trkpt>
      <trkpt lat="43.79491" lon="4.60578">
        <ele>5.8</ele>
      </trkpt>
      <trkpt lat="43.79452" lon="4.60508">
        <ele>4.1</ele>
      </trkpt>
      <trkpt lat="43.79412" lon="4.60439">
        <ele>4.8</ele>
      </trkpt>
      <trkpt lat="43.79359" lon="4.60342">
        <ele>6.0</ele>
      </trkpt>
      <trkpt lat="43.79305" lon="4.60245">
        <ele>4.3</ele>
      </trkpt>
      <trkpt lat="43.79251" lon="4.60149">
        <ele>3.0</ele>
      </trkpt>
      <trkpt lat="43.79198" lon="4.60052">
        <ele>3.6</ele>
      </trkpt>
      <trkpt lat="43.79144" lon="4.59956">
        <ele>3.9</ele>
      </trkpt>
      <trkpt lat="43.7909" lon="4.59859">
        <ele>5.3</ele>
      </trkpt>
      <trkpt lat="43.79064" lon="4.59814">
        <ele>6.0</ele>
      </trkpt>
      <trkpt lat="43.79041" lon="4.59771">
        <ele>5.8</ele>
      </trkpt>
      <trkpt lat="43.79014" lon="4.59724">
        <ele>5.8</ele>
      </trkpt>
      <trkpt lat="43.78982" lon="4.59667">
        <ele>5.8</ele>
      </trkpt>
      <trkpt lat="43.78951" lon="4.5961">
        <ele>5.9</ele>
      </trkpt>
      <trkpt lat="43.78911" lon="4.59538">
        <ele>6.4</ele>
      </trkpt>
      <trkpt lat="43.78871" lon="4.59466">
        <ele>5.2</ele>
      </trkpt>
      <trkpt lat="43.7884" lon="4.59412">
        <ele>4.0</ele>
      </trkpt>
      <trkpt lat="43.78809" lon="4.59358">
        <ele>3.9</ele>
      </trkpt>
      <trkpt lat="43.78762" lon="4.59272">
        <ele>4.0</ele>
      </trkpt>
      <trkpt lat="43.78714" lon="4.59187">
        <ele>4.9</ele>
      </trkpt>
      <trkpt lat="43.78667" lon="4.59102">
        <ele>4.2</ele>
      </trkpt>
      <trkpt lat="43.7862" lon="4.59017">
        <ele>3.4</ele>
      </trkpt>
      <trkpt lat="43.78573" lon="4.58932">
        <ele>3.8</ele>
      </trkpt>
      <trkpt lat="43.78531" lon="4.58857">
        <ele>3.8</ele>
      </trkpt>
      <trkpt lat="43.78489" lon="4.58782">
        <ele>3.9</ele>
      </trkpt>
      <trkpt lat="43.78446" lon="4.58708">
        <ele>3.6</ele>
      </trkpt>
      <trkpt lat="43.78412" lon="4.58645">
        <ele>4.1</ele>
      </trkpt>
      <trkpt lat="43.78377" lon="4.58581">
        <ele>4.9</ele>
      </trkpt>
      <trkpt lat="43.78332" lon="4.58502">
        <ele>4.1</ele>
      </trkpt>
      <trkpt lat="43.78287" lon="4.58422">
        <ele>4.1</ele>
      </trkpt>
      <trkpt lat="43.78242" lon="4.58342">
        <ele>4.9</ele>
      </trkpt>
      <trkpt lat="43.78197" lon="4.58262">
        <ele>4.1</ele>
      </trkpt>
      <trkpt lat="43.78152" lon="4.58182">
        <ele>3.8</ele>
      </trkpt>
      <trkpt lat="43.7811" lon="4.58106">
        <ele>4.1</ele>
      </trkpt>
      <trkpt lat="43.78069" lon="4.58031">
        <ele>4.1</ele>
      </trkpt>
      <trkpt lat="43.78021" lon="4.57945">
        <ele>4.1</ele>
      </trkpt>
      <trkpt lat="43.77973" lon="4.57859">
        <ele>4.7</ele>
      </trkpt>
      <trkpt lat="43.77925" lon="4.57774">
        <ele>3.9</ele>
      </trkpt>
      <trkpt lat="43.77877" lon="4.57688">
        <ele>4.4</ele>
      </trkpt>
      <trkpt lat="43.77845" lon="4.5763">
        <ele>4.9</ele>
      </trkpt>
      <trkpt lat="43.77797" lon="4.57545">
        <ele>4.8</ele>
      </trkpt>
      <trkpt lat="43.77749" lon="4.5746">
        <ele>4.5</ele>
      </trkpt>
      <trkpt lat="43.77724" lon="4.57414">
        <ele>3.6</ele>
      </trkpt>
      <trkpt lat="43.77711" lon="4.57392">
        <ele>2.9</ele>
      </trkpt>
      <trkpt lat="43.77694" lon="4.57371">
        <ele>2.4</ele>
      </trkpt>
      <trkpt lat="43.77676" lon="4.5734">
        <ele>2.0</ele>
      </trkpt>
      <trkpt lat="43.7767" lon="4.57327">
        <ele>2.0</ele>
      </trkpt>
      <trkpt lat="43.77659" lon="4.57296">
        <ele>1.9</ele>
      </trkpt>
      <trkpt lat="43.77648" lon="4.57275">
        <ele>1.9</ele>
      </trkpt>
      <trkpt lat="43.77593" lon="4.57182">
        <ele>2.2</ele>
      </trkpt>
      <trkpt lat="43.77577" lon="4.57153">
        <ele>2.4</ele>
      </trkpt>
      <trkpt lat="43.77569" lon="4.57138">
        <ele>2.8</ele>
      </trkpt>
      <trkpt lat="43.77546" lon="4.571">
        <ele>3.7</ele>
      </trkpt>
      <trkpt lat="43.77506" lon="4.57027">
        <ele>4.0</ele>
      </trkpt>
      <trkpt lat="43.77466" lon="4.56954">
        <ele>3.5</ele>
      </trkpt>
      <trkpt lat="43.7745" lon="4.56927">
        <ele>3.4</ele>
      </trkpt>
      <trkpt lat="43.77448" lon="4.56921">
        <ele>3.3</ele>
      </trkpt>
      <trkpt lat="43.77446" lon="4.56915">
        <ele>3.3</ele>
      </trkpt>
      <trkpt lat="43.77439" lon="4.56909">
        <ele>3.4</ele>
      </trkpt>
      <trkpt lat="43.77399" lon="4.56836">
        <ele>3.2</ele>
      </trkpt>
      <trkpt lat="43.7736" lon="4.56763">
        <ele>3.1</ele>
      </trkpt>
      <trkpt lat="43.77314" lon="4.56679">
        <ele>4.0</ele>
      </trkpt>
      <trkpt lat="43.77267" lon="4.56595">
        <ele>3.1</ele>
      </trkpt>
      <trkpt lat="43.77223" lon="4.56517">
        <ele>3.9</ele>
      </trkpt>
      <trkpt lat="43.77178" lon="4.5644">
        <ele>3.3</ele>
      </trkpt>
      <trkpt lat="43.77147" lon="4.56384">
        <ele>2.8</ele>
      </trkpt>
      <trkpt lat="43.77117" lon="4.56327">
        <ele>2.6</ele>
      </trkpt>
      <trkpt lat="43.77085" lon="4.56272">
        <ele>3.0</ele>
      </trkpt>
      <trkpt lat="43.77053" lon="4.56217">
        <ele>2.5</ele>
      </trkpt>
      <trkpt lat="43.77005" lon="4.56143">
        <ele>1.4</ele>
      </trkpt>
      <trkpt lat="43.7695" lon="4.56055">
        <ele>2.8</ele>
      </trkpt>
      <trkpt lat="43.76896" lon="4.55967">
        <ele>3.8</ele>
      </trkpt>
      <trkpt lat="43.76841" lon="4.55879">
        <ele>4.9</ele>
      </trkpt>
      <trkpt lat="43.76811" lon="4.55832">
        <ele>4.7</ele>
      </trkpt>
      <trkpt lat="43.76782" lon="4.55786">
        <ele>4.2</ele>
      </trkpt>
      <trkpt lat="43.76762" lon="4.55757">
        <ele>4.0</ele>
      </trkpt>
      <trkpt lat="43.76707" lon="4.55672">
        <ele>4.9</ele>
      </trkpt>
      <trkpt lat="43.76676" lon="4.55622">
        <ele>5.2</ele>
      </trkpt>
      <trkpt lat="43.76645" lon="4.55573">
        <ele>5.0</ele>
      </trkpt>
      <trkpt lat="43.76595" lon="4.55496">
        <ele>5.8</ele>
      </trkpt>
      <trkpt lat="43.7655" lon="4.55429">
        <ele>4.6</ele>
      </trkpt>
      <trkpt lat="43.76521" lon="4.55381">
        <ele>4.5</ele>
      </trkpt>
      <trkpt lat="43.76492" lon="4.55334">
        <ele>4.8</ele>
      </trkpt>
      <trkpt lat="43.76459" lon="4.55283">
        <ele>4.0</ele>
      </trkpt>
      <trkpt lat="43.76418" lon="4.55218">
        <ele>4.4</ele>
      </trkpt>
      <trkpt lat="43.76378" lon="4.55152">
        <ele>4.7</ele>
      </trkpt>
      <trkpt lat="43.7633" lon="4.55077">
        <ele>3.9</ele>
      </trkpt>
      <trkpt lat="43.76283" lon="4.55002">
        <ele>4.8</ele>
      </trkpt>
      <trkpt lat="43.76235" lon="4.54926">
        <ele>5.4</ele>
      </trkpt>
      <trkpt lat="43.76188" lon="4.54851">
        <ele>3.9</ele>
      </trkpt>
      <trkpt lat="43.7614" lon="4.54776">
        <ele>3.8</ele>
      </trkpt>
      <trkpt lat="43.76107" lon="4.54725">
        <ele>4.1</ele>
      </trkpt>
      <trkpt lat="43.76074" lon="4.54674">
        <ele>4.2</ele>
      </trkpt>
      <trkpt lat="43.76019" lon="4.54587">
        <ele>4.1</ele>
      </trkpt>
      <trkpt lat="43.75965" lon="4.545">
        <ele>5.3</ele>
      </trkpt>
      <trkpt lat="43.75947" lon="4.54467">
        <ele>4.6</ele>
      </trkpt>
      <trkpt lat="43.75902" lon="4.54397">
        <ele>2.8</ele>
      </trkpt>
      <trkpt lat="43.75858" lon="4.54326">
        <ele>4.0</ele>
      </trkpt>
      <trkpt lat="43.75821" lon="4.54272">
        <ele>3.3</ele>
      </trkpt>
      <trkpt lat="43.75782" lon="4.54212">
        <ele>2.2</ele>
      </trkpt>
      <trkpt lat="43.75744" lon="4.54151">
        <ele>2.1</ele>
      </trkpt>
      <trkpt lat="43.75702" lon="4.54082">
        <ele>3.1</ele>
      </trkpt>
      <trkpt lat="43.7566" lon="4.54012">
        <ele>2.3</ele>
      </trkpt>
      <trkpt lat="43.75625" lon="4.53956">
        <ele>2.2</ele>
      </trkpt>
      <trkpt lat="43.7559" lon="4.53901">
        <ele>1.6</ele>
      </trkpt>
      <trkpt lat="43.75544" lon="4.5383">
        <ele>1.0</ele>
      </trkpt>
      <trkpt lat="43.75497" lon="4.53759">
        <ele>1.1</ele>
      </trkpt>
      <trkpt lat="43.75451" lon="4.53688">
        <ele>1.9</ele>
      </trkpt>
      <trkpt lat="43.75401" lon="4.53607">
        <ele>1.2</ele>
      </trkpt>
      <trkpt lat="43.7535" lon="4.53527">
        <ele>0.9</ele>
      </trkpt>
      <trkpt lat="43.75311" lon="4.53465">
        <ele>1.4</ele>
      </trkpt>
      <trkpt lat="43.75272" lon="4.53404">
        <ele>2.2</ele>
      </trkpt>
      <trkpt lat="43.75222" lon="4.53325">
        <ele>2.3</ele>
      </trkpt>
      <trkpt lat="43.75173" lon="4.53247">
        <ele>2.0</ele>
      </trkpt>
      <trkpt lat="43.75123" lon="4.53168">
        <ele>2.5</ele>
      </trkpt>
      <trkpt lat="43.75084" lon="4.53108">
        <ele>2.0</ele>
      </trkpt>
      <trkpt lat="43.75046" lon="4.53047">
        <ele>2.7</ele>
      </trkpt>
      <trkpt lat="43.75006" lon="4.52985">
        <ele>2.8</ele>
      </trkpt>
      <trkpt lat="43.74966" lon="4.52922">
        <ele>2.4</ele>
      </trkpt>
      <trkpt lat="43.74927" lon="4.52859">
        <ele>2.3</ele>
      </trkpt>
      <trkpt lat="43.749" lon="4.52817">
        <ele>2.0</ele>
      </trkpt>
      <trkpt lat="43.74883" lon="4.52781">
        <ele>1.8</ele>
      </trkpt>
      <trkpt lat="43.74877" lon="4.52771">
        <ele>1.7</ele>
      </trkpt>
      <trkpt lat="43.74859" lon="4.52752">
        <ele>1.7</ele>
      </trkpt>
      <trkpt lat="43.74824" lon="4.52699">
        <ele>1.7</ele>
      </trkpt>
      <trkpt lat="43.74789" lon="4.52645">
        <ele>2.6</ele>
      </trkpt>
      <trkpt lat="43.74734" lon="4.52557">
        <ele>2.6</ele>
      </trkpt>
      <trkpt lat="43.74679" lon="4.5247">
        <ele>2.5</ele>
      </trkpt>
      <trkpt lat="43.74663" lon="4.52444">
        <ele>2.3</ele>
      </trkpt>
      <trkpt lat="43.74641" lon="4.5241">
        <ele>2.3</ele>
      </trkpt>
      <trkpt lat="43.74603" lon="4.5235">
        <ele>2.6</ele>
      </trkpt>
      <trkpt lat="43.74562" lon="4.52291">
        <ele>2.7</ele>
      </trkpt>
      <trkpt lat="43.74555" lon="4.52278">
        <ele>2.7</ele>
      </trkpt>
      <trkpt lat="43.74549" lon="4.52259">
        <ele>2.5</ele>
      </trkpt>
      <trkpt lat="43.74541" lon="4.52244">
        <ele>2.6</ele>
      </trkpt>
      <trkpt lat="43.74534" lon="4.52233">
        <ele>2.8</ele>
      </trkpt>
      <trkpt lat="43.74506" lon="4.52201">
        <ele>3.1</ele>
      </trkpt>
      <trkpt lat="43.74481" lon="4.52157">
        <ele>3.0</ele>
      </trkpt>
      <trkpt lat="43.74478" lon="4.52157">
        <ele>3.0</ele>
      </trkpt>
      <trkpt lat="43.74471" lon="4.5214">
        <ele>3.0</ele>
      </trkpt>
      <trkpt lat="43.74468" lon="4.52139">
        <ele>3.0</ele>
      </trkpt>
      <trkpt lat="43.74463" lon="4.52128">
        <ele>3.0</ele>
      </trkpt>
      <trkpt lat="43.74466" lon="4.52123">
        <ele>3.0</ele>
      </trkpt>
      <trkpt lat="43.74453" lon="4.5209">
        <ele>3.0</ele>
      </trkpt>
      <trkpt lat="43.74451" lon="4.52073">
        <ele>2.9</ele>
      </trkpt>
      <trkpt lat="43.74443" lon="4.5205">
        <ele>2.6</ele>
      </trkpt>
      <trkpt lat="43.74438" lon="4.52018">
        <ele>2.2</ele>
      </trkpt>
      <trkpt lat="43.74438" lon="4.51993">
        <ele>1.9</ele>
      </trkpt>
      <trkpt lat="43.74415" lon="4.51877">
        <ele>1.0</ele>
      </trkpt>
      <trkpt lat="43.744" lon="4.51803">
        <ele>1.6</ele>
      </trkpt>
      <trkpt lat="43.74385" lon="4.51728">
        <ele>2.2</ele>
      </trkpt>
      <trkpt lat="43.74386" lon="4.5171">
        <ele>2.1</ele>
      </trkpt>
      <trkpt lat="43.74384" lon="4.51703">
        <ele>2.0</ele>
      </trkpt>
      <trkpt lat="43.74381" lon="4.51699">
        <ele>2.1</ele>
      </trkpt>
      <trkpt lat="43.74379" lon="4.51697">
        <ele>2.1</ele>
      </trkpt>
      <trkpt lat="43.74365" lon="4.51667">
        <ele>2.2</ele>
      </trkpt>
      <trkpt lat="43.74359" lon="4.51643">
        <ele>2.1</ele>
      </trkpt>
      <trkpt lat="43.7434" lon="4.51557">
        <ele>2.1</ele>
      </trkpt>
      <trkpt lat="43.74321" lon="4.5147">
        <ele>3.6</ele>
      </trkpt>
      <trkpt lat="43.74302" lon="4.51384">
        <ele>3.6</ele>
      </trkpt>
      <trkpt lat="43.74282" lon="4.51284">
        <ele>2.3</ele>
      </trkpt>
      <trkpt lat="43.74262" lon="4.51185">
        <ele>1.9</ele>
      </trkpt>
      <trkpt lat="43.74243" lon="4.51086">
        <ele>2.8</ele>
      </trkpt>
      <trkpt lat="43.74225" lon="4.51003">
        <ele>1.1</ele>
      </trkpt>
      <trkpt lat="43.74208" lon="4.50921">
        <ele>2.4</ele>
      </trkpt>
      <trkpt lat="43.74189" lon="4.50839">
        <ele>3.0</ele>
      </trkpt>
      <trkpt lat="43.74175" lon="4.50766">
        <ele>3.1</ele>
      </trkpt>
      <trkpt lat="43.74161" lon="4.50693">
        <ele>2.9</ele>
      </trkpt>
      <trkpt lat="43.74136" lon="4.5058">
        <ele>1.1</ele>
      </trkpt>
      <trkpt lat="43.74114" lon="4.50474">
        <ele>2.3</ele>
      </trkpt>
      <trkpt lat="43.7409" lon="4.50359">
        <ele>2.6</ele>
      </trkpt>
      <trkpt lat="43.74067" lon="4.50244">
        <ele>2.2</ele>
      </trkpt>
      <trkpt lat="43.74053" lon="4.5018">
        <ele>2.4</ele>
      </trkpt>
      <trkpt lat="43.74039" lon="4.50116">
        <ele>2.5</ele>
      </trkpt>
      <trkpt lat="43.74027" lon="4.50052">
        <ele>2.4</ele>
      </trkpt>
      <trkpt lat="43.74008" lon="4.49962">
        <ele>2.1</ele>
      </trkpt>
      <trkpt lat="43.73989" lon="4.49871">
        <ele>1.9</ele>
      </trkpt>
      <trkpt lat="43.73969" lon="4.4978">
        <ele>2.8</ele>
      </trkpt>
      <trkpt lat="43.73946" lon="4.49665">
        <ele>1.7</ele>
      </trkpt>
      <trkpt lat="43.73922" lon="4.4955">
        <ele>1.9</ele>
      </trkpt>
      <trkpt lat="43.73898" lon="4.49435">
        <ele>2.0</ele>
      </trkpt>
      <trkpt lat="43.73875" lon="4.4932">
        <ele>1.8</ele>
      </trkpt>
      <trkpt lat="43.73855" lon="4.49231">
        <ele>0.9</ele>
      </trkpt>
      <trkpt lat="43.73836" lon="4.49142">
        <ele>1.3</ele>
      </trkpt>
      <trkpt lat="43.73816" lon="4.49043">
        <ele>1.8</ele>
      </trkpt>
      <trkpt lat="43.73795" lon="4.48944">
        <ele>0.9</ele>
      </trkpt>
      <trkpt lat="43.73773" lon="4.48836">
        <ele>0.7</ele>
      </trkpt>
      <trkpt lat="43.7375" lon="4.48728">
        <ele>3.5</ele>
      </trkpt>
      <trkpt lat="43.73727" lon="4.4862">
        <ele>0.8</ele>
      </trkpt>
      <trkpt lat="43.73705" lon="4.48512">
        <ele>1.0</ele>
      </trkpt>
      <trkpt lat="43.73682" lon="4.48404">
        <ele>1.8</ele>
      </trkpt>
      <trkpt lat="43.73659" lon="4.48296">
        <ele>1.9</ele>
      </trkpt>
      <trkpt lat="43.73637" lon="4.48188">
        <ele>1.6</ele>
      </trkpt>
      <trkpt lat="43.73621" lon="4.48108">
        <ele>1.5</ele>
      </trkpt>
      <trkpt lat="43.73614" lon="4.48082">
        <ele>1.6</ele>
      </trkpt>
      <trkpt lat="43.73612" lon="4.48069">
        <ele>1.8</ele>
      </trkpt>
      <trkpt lat="43.73601" lon="4.48015">
        <ele>2.6</ele>
      </trkpt>
      <trkpt lat="43.73602" lon="4.48002">
        <ele>2.8</ele>
      </trkpt>
      <trkpt lat="43.73596" lon="4.4799">
        <ele>2.9</ele>
      </trkpt>
      <trkpt lat="43.73594" lon="4.47981">
        <ele>3.1</ele>
      </trkpt>
      <trkpt lat="43.73595" lon="4.47974">
        <ele>3.1</ele>
      </trkpt>
      <trkpt lat="43.73594" lon="4.47968">
        <ele>3.2</ele>
      </trkpt>
      <trkpt lat="43.73577" lon="4.47898">
        <ele>3.7</ele>
      </trkpt>
      <trkpt lat="43.73546" lon="4.47824">
        <ele>2.9</ele>
      </trkpt>
      <trkpt lat="43.73522" lon="4.47779">
        <ele>2.3</ele>
      </trkpt>
      <trkpt lat="43.73478" lon="4.47716">
        <ele>1.4</ele>
      </trkpt>
      <trkpt lat="43.73423" lon="4.47662">
        <ele>1.0</ele>
      </trkpt>
      <trkpt lat="43.73359" lon="4.47614">
        <ele>1.0</ele>
      </trkpt>
      <trkpt lat="43.73301" lon="4.47578">
        <ele>1.5</ele>
      </trkpt>
      <trkpt lat="43.73243" lon="4.47541">
        <ele>2.5</ele>
      </trkpt>
      <trkpt lat="43.73194" lon="4.4751">
        <ele>2.3</ele>
      </trkpt>
      <trkpt lat="43.73172" lon="4.475">
        <ele>2.1</ele>
      </trkpt>
      <trkpt lat="43.73164" lon="4.47488">
        <ele>1.9</ele>
      </trkpt>
      <trkpt lat="43.73149" lon="4.47471">
        <ele>1.8</ele>
      </trkpt>
      <trkpt lat="43.73074" lon="4.47429">
        <ele>2.8</ele>
      </trkpt>
      <trkpt lat="43.73" lon="4.47381">
        <ele>1.1</ele>
      </trkpt>
      <trkpt lat="43.72925" lon="4.47333">
        <ele>1.8</ele>
      </trkpt>
      <trkpt lat="43.72863" lon="4.47289">
        <ele>1.8</ele>
      </trkpt>
      <trkpt lat="43.72826" lon="4.47266">
        <ele>1.9</ele>
      </trkpt>
      <trkpt lat="43.72757" lon="4.47222">
        <ele>0.7</ele>
      </trkpt>
      <trkpt lat="43.72689" lon="4.47178">
        <ele>1.4</ele>
      </trkpt>
      <trkpt lat="43.7262" lon="4.47134">
        <ele>1.6</ele>
      </trkpt>
      <trkpt lat="43.72551" lon="4.4709">
        <ele>1.4</ele>
      </trkpt>
      <trkpt lat="43.72483" lon="4.47046">
        <ele>2.1</ele>
      </trkpt>
      <trkpt lat="43.72407" lon="4.46997">
        <ele>2.9</ele>
      </trkpt>
      <trkpt lat="43.72331" lon="4.46947">
        <ele>2.6</ele>
      </trkpt>
      <trkpt lat="43.72264" lon="4.46906">
        <ele>2.3</ele>
      </trkpt>
      <trkpt lat="43.72198" lon="4.46865">
        <ele>2.4</ele>
      </trkpt>
      <trkpt lat="43.72131" lon="4.46824">
        <ele>2.3</ele>
      </trkpt>
      <trkpt lat="43.72064" lon="4.46783">
        <ele>1.6</ele>
      </trkpt>
      <trkpt lat="43.72023" lon="4.46753">
        <ele>2.0</ele>
      </trkpt>
      <trkpt lat="43.71987" lon="4.46729">
        <ele>2.0</ele>
      </trkpt>
      <trkpt lat="43.71954" lon="4.46711">
        <ele>1.7</ele>
      </trkpt>
      <trkpt lat="43.71887" lon="4.46686">
        <ele>1.4</ele>
      </trkpt>
      <trkpt lat="43.71834" lon="4.46668">
        <ele>2.0</ele>
      </trkpt>
      <trkpt lat="43.71782" lon="4.46651">
        <ele>1.5</ele>
      </trkpt>
      <trkpt lat="43.71725" lon="4.46634">
        <ele>1.7</ele>
      </trkpt>
      <trkpt lat="43.71681" lon="4.4663">
        <ele>3.0</ele>
      </trkpt>
      <trkpt lat="43.71652" lon="4.46624">
        <ele>3.2</ele>
      </trkpt>
      <trkpt lat="43.71597" lon="4.46608">
        <ele>2.0</ele>
      </trkpt>
      <trkpt lat="43.71541" lon="4.46592">
        <ele>1.0</ele>
      </trkpt>
      <trkpt lat="43.71525" lon="4.46587">
        <ele>0.6</ele>
      </trkpt>
      <trkpt lat="43.71472" lon="4.46572">
        <ele>0.0</ele>
      </trkpt>
      <trkpt lat="43.7143" lon="4.46559">
        <ele>0.0</ele>
      </trkpt>
      <trkpt lat="43.71391" lon="4.46551">
        <ele>0.3</ele>
      </trkpt>
      <trkpt lat="43.71365" lon="4.46542">
        <ele>0.6</ele>
      </trkpt>
      <trkpt lat="43.71309" lon="4.46523">
        <ele>1.2</ele>
      </trkpt>
      <trkpt lat="43.7126" lon="4.46505">
        <ele>1.8</ele>
      </trkpt>
      <trkpt lat="43.71211" lon="4.46487">
        <ele>2.1</ele>
      </trkpt>
      <trkpt lat="43.71151" lon="4.46465">
        <ele>2.3</ele>
      </trkpt>
      <trkpt lat="43.71092" lon="4.46442">
        <ele>2.4</ele>
      </trkpt>
      <trkpt lat="43.71047" lon="4.46425">
        <ele>2.8</ele>
      </trkpt>
      <trkpt lat="43.71003" lon="4.46407">
        <ele>2.9</ele>
      </trkpt>
      <trkpt lat="43.70952" lon="4.46388">
        <ele>1.9</ele>
      </trkpt>
      <trkpt lat="43.70901" lon="4.46369">
        <ele>1.6</ele>
      </trkpt>
      <trkpt lat="43.7086" lon="4.46349">
        <ele>1.8</ele>
      </trkpt>
      <trkpt lat="43.70815" lon="4.4633">
        <ele>2.0</ele>
      </trkpt>
      <trkpt lat="43.70771" lon="4.46312">
        <ele>2.0</ele>
      </trkpt>
      <trkpt lat="43.70717" lon="4.46291">
        <ele>1.8</ele>
      </trkpt>
      <trkpt lat="43.70662" lon="4.46269">
        <ele>1.3</ele>
      </trkpt>
      <trkpt lat="43.7059" lon="4.46241">
        <ele>1.9</ele>
      </trkpt>
      <trkpt lat="43.70518" lon="4.46214">
        <ele>1.7</ele>
      </trkpt>
      <trkpt lat="43.70446" lon="4.46186">
        <ele>1.4</ele>
      </trkpt>
      <trkpt lat="43.70398" lon="4.4617">
        <ele>1.1</ele>
      </trkpt>
      <trkpt lat="43.70373" lon="4.46156">
        <ele>0.9</ele>
      </trkpt>
      <trkpt lat="43.70351" lon="4.46149">
        <ele>0.8</ele>
      </trkpt>
      <trkpt lat="43.70313" lon="4.46135">
        <ele>0.9</ele>
      </trkpt>
      <trkpt lat="43.7023" lon="4.46096">
        <ele>1.3</ele>
      </trkpt>
      <trkpt lat="43.70161" lon="4.46053">
        <ele>1.6</ele>
      </trkpt>
      <trkpt lat="43.70118" lon="4.46024">
        <ele>2.0</ele>
      </trkpt>
      <trkpt lat="43.70075" lon="4.45996">
        <ele>3.0</ele>
      </trkpt>
      <trkpt lat="43.7" lon="4.45934">
        <ele>5.4</ele>
      </trkpt>
      <trkpt lat="43.69952" lon="4.45885">
        <ele>5.3</ele>
      </trkpt>
      <trkpt lat="43.69929" lon="4.45878">
        <ele>5.1</ele>
      </trkpt>
      <trkpt lat="43.69918" lon="4.45868">
        <ele>5.2</ele>
      </trkpt>
      <trkpt lat="43.69882" lon="4.45827">
        <ele>3.9</ele>
      </trkpt>
      <trkpt lat="43.69814" lon="4.45764">
        <ele>3.7</ele>
      </trkpt>
      <trkpt lat="43.69746" lon="4.45701">
        <ele>6.1</ele>
      </trkpt>
      <trkpt lat="43.69678" lon="4.45638">
        <ele>5.7</ele>
      </trkpt>
      <trkpt lat="43.6961" lon="4.45576">
        <ele>5.1</ele>
      </trkpt>
      <trkpt lat="43.69542" lon="4.45513">
        <ele>5.1</ele>
      </trkpt>
      <trkpt lat="43.69474" lon="4.4545">
        <ele>4.7</ele>
      </trkpt>
      <trkpt lat="43.69406" lon="4.45387">
        <ele>4.2</ele>
      </trkpt>
      <trkpt lat="43.69353" lon="4.45338">
        <ele>3.8</ele>
      </trkpt>
      <trkpt lat="43.69301" lon="4.45288">
        <ele>2.3</ele>
      </trkpt>
      <trkpt lat="43.69242" lon="4.45229">
        <ele>2.4</ele>
      </trkpt>
      <trkpt lat="43.69208" lon="4.45199">
        <ele>3.0</ele>
      </trkpt>
      <trkpt lat="43.69184" lon="4.4518">
        <ele>3.6</ele>
      </trkpt>
      <trkpt lat="43.69142" lon="4.45142">
        <ele>3.3</ele>
      </trkpt>
      <trkpt lat="43.691" lon="4.45103">
        <ele>1.8</ele>
      </trkpt>
      <trkpt lat="43.69051" lon="4.45054">
        <ele>1.2</ele>
      </trkpt>
      <trkpt lat="43.69002" lon="4.45006">
        <ele>1.0</ele>
      </trkpt>
      <trkpt lat="43.68962" lon="4.44967">
        <ele>1.2</ele>
      </trkpt>
      <trkpt lat="43.68922" lon="4.44928">
        <ele>1.1</ele>
      </trkpt>
      <trkpt lat="43.68858" lon="4.44871">
        <ele>1.7</ele>
      </trkpt>
      <trkpt lat="43.68828" lon="4.44852">
        <ele>2.0</ele>
      </trkpt>
      <trkpt lat="43.6881" lon="4.44839">
        <ele>2.0</ele>
      </trkpt>
      <trkpt lat="43.68777" lon="4.4481">
        <ele>1.9</ele>
      </trkpt>
      <trkpt lat="43.68723" lon="4.44759">
        <ele>2.3</ele>
      </trkpt>
      <trkpt lat="43.68669" lon="4.44708">
        <ele>2.5</ele>
      </trkpt>
      <trkpt lat="43.68619" lon="4.44662">
        <ele>1.5</ele>
      </trkpt>
      <trkpt lat="43.68569" lon="4.44616">
        <ele>1.3</ele>
      </trkpt>
      <trkpt lat="43.68502" lon="4.44553">
        <ele>0.4</ele>
      </trkpt>
      <trkpt lat="43.68436" lon="4.4449">
        <ele>1.1</ele>
      </trkpt>
      <trkpt lat="43.68363" lon="4.44423">
        <ele>2.6</ele>
      </trkpt>
      <trkpt lat="43.68347" lon="4.44405">
        <ele>2.9</ele>
      </trkpt>
      <trkpt lat="43.68299" lon="4.44369">
        <ele>2.8</ele>
      </trkpt>
      <trkpt lat="43.68267" lon="4.44336">
        <ele>2.2</ele>
      </trkpt>
      <trkpt lat="43.68232" lon="4.44304">
        <ele>2.2</ele>
      </trkpt>
      <trkpt lat="43.68173" lon="4.44249">
        <ele>2.9</ele>
      </trkpt>
      <trkpt lat="43.68114" lon="4.44195">
        <ele>3.4</ele>
      </trkpt>
      <trkpt lat="43.68055" lon="4.4414">
        <ele>3.6</ele>
      </trkpt>
      <trkpt lat="43.68016" lon="4.44106">
        <ele>3.6</ele>
      </trkpt>
      <trkpt lat="43.67964" lon="4.44056">
        <ele>3.1</ele>
      </trkpt>
      <trkpt lat="43.67921" lon="4.44016">
        <ele>2.2</ele>
      </trkpt>
      <trkpt lat="43.67878" lon="4.43976">
        <ele>1.8</ele>
      </trkpt>
      <trkpt lat="43.67847" lon="4.43943">
        <ele>1.9</ele>
      </trkpt>
      <trkpt lat="43.67811" lon="4.43908">
        <ele>2.6</ele>
      </trkpt>
      <trkpt lat="43.67802" lon="4.439">
        <ele>2.9</ele>
      </trkpt>
      <trkpt lat="43.67782" lon="4.43886">
        <ele>3.4</ele>
      </trkpt>
      <trkpt lat="43.67731" lon="4.4384">
        <ele>3.8</ele>
      </trkpt>
      <trkpt lat="43.67678" lon="4.43789">
        <ele>3.6</ele>
      </trkpt>
      <trkpt lat="43.67616" lon="4.43728">
        <ele>3.4</ele>
      </trkpt>
      <trkpt lat="43.67602" lon="4.43718">
        <ele>3.2</ele>
      </trkpt>
      <trkpt lat="43.67587" lon="4.43704">
        <ele>3.0</ele>
      </trkpt>
      <trkpt lat="43.67571" lon="4.43688">
        <ele>2.8</ele>
      </trkpt>
      <trkpt lat="43.67566" lon="4.4368">
        <ele>2.7</ele>
      </trkpt>
      <trkpt lat="43.67561" lon="4.43654">
        <ele>2.8</ele>
      </trkpt>
      <trkpt lat="43.67558" lon="4.43644">
        <ele>2.9</ele>
      </trkpt>
      <trkpt lat="43.67501" lon="4.43593">
        <ele>2.8</ele>
      </trkpt>
      <trkpt lat="43.67445" lon="4.43543">
        <ele>4.3</ele>
      </trkpt>
      <trkpt lat="43.67388" lon="4.43486">
        <ele>4.5</ele>
      </trkpt>
      <trkpt lat="43.6733" lon="4.43432">
        <ele>4.6</ele>
      </trkpt>
      <trkpt lat="43.67323" lon="4.43442">
        <ele>4.2</ele>
      </trkpt>
      <trkpt lat="43.6731" lon="4.4343">
        <ele>4.2</ele>
      </trkpt>
      <trkpt lat="43.6731" lon="4.43425">
        <ele>4.3</ele>
      </trkpt>
      <trkpt lat="43.67303" lon="4.43426">
        <ele>4.1</ele>
      </trkpt>
      <trkpt lat="43.67296" lon="4.43426">
        <ele>4.0</ele>
      </trkpt>
      <trkpt lat="43.6729" lon="4.43422">
        <ele>3.9</ele>
      </trkpt>
      <trkpt lat="43.67246" lon="4.43382">
        <ele>3.8</ele>
      </trkpt>
      <trkpt lat="43.67186" lon="4.43328">
        <ele>4.4</ele>
      </trkpt>
      <trkpt lat="43.67126" lon="4.43275">
        <ele>5.1</ele>
      </trkpt>
      <trkpt lat="43.67116" lon="4.43276">
        <ele>4.8</ele>
      </trkpt>
      <trkpt lat="43.67105" lon="4.43264">
        <ele>4.6</ele>
      </trkpt>
      <trkpt lat="43.67081" lon="4.43232">
        <ele>4.3</ele>
      </trkpt>
      <trkpt lat="43.67067" lon="4.43216">
        <ele>4.1</ele>
      </trkpt>
      <trkpt lat="43.67046" lon="4.43205">
        <ele>3.5</ele>
      </trkpt>
      <trkpt lat="43.66991" lon="4.43154">
        <ele>2.3</ele>
      </trkpt>
      <trkpt lat="43.66936" lon="4.43102">
        <ele>4.1</ele>
      </trkpt>
      <trkpt lat="43.66909" lon="4.43082">
        <ele>4.7</ele>
      </trkpt>
      <trkpt lat="43.66887" lon="4.4306">
        <ele>3.7</ele>
      </trkpt>
      <trkpt lat="43.66873" lon="4.43049">
        <ele>3.3</ele>
      </trkpt>
      <trkpt lat="43.6686" lon="4.43035">
        <ele>3.0</ele>
      </trkpt>
      <trkpt lat="43.66852" lon="4.43032">
        <ele>2.9</ele>
      </trkpt>
      <trkpt lat="43.66844" lon="4.43026">
        <ele>2.8</ele>
      </trkpt>
      <trkpt lat="43.6684" lon="4.43019">
        <ele>2.8</ele>
      </trkpt>
      <trkpt lat="43.66833" lon="4.42978">
        <ele>3.5</ele>
      </trkpt>
      <trkpt lat="43.66825" lon="4.42969">
        <ele>3.7</ele>
      </trkpt>
      <trkpt lat="43.66816" lon="4.42961">
        <ele>3.9</ele>
      </trkpt>
      <trkpt lat="43.66801" lon="4.42951">
        <ele>3.9</ele>
      </trkpt>
      <trkpt lat="43.66787" lon="4.42948">
        <ele>3.8</ele>
      </trkpt>
      <trkpt lat="43.66754" lon="4.42933">
        <ele>3.3</ele>
      </trkpt>
      <trkpt lat="43.66687" lon="4.42897">
        <ele>3.5</ele>
      </trkpt>
      <trkpt lat="43.66658" lon="4.42887">
        <ele>3.2</ele>
      </trkpt>
      <trkpt lat="43.66625" lon="4.42872">
        <ele>2.5</ele>
      </trkpt>
      <trkpt lat="43.66598" lon="4.42865">
        <ele>2.1</ele>
      </trkpt>
      <trkpt lat="43.66572" lon="4.42851">
        <ele>1.9</ele>
      </trkpt>
      <trkpt lat="43.66557" lon="4.42847">
        <ele>1.7</ele>
      </trkpt>
      <trkpt lat="43.66494" lon="4.42824">
        <ele>1.4</ele>
      </trkpt>
      <trkpt lat="43.66478" lon="4.42815">
        <ele>1.8</ele>
      </trkpt>
      <trkpt lat="43.66468" lon="4.42811">
        <ele>2.0</ele>
      </trkpt>
      <trkpt lat="43.66448" lon="4.42812">
        <ele>2.1</ele>
      </trkpt>
      <trkpt lat="43.66427" lon="4.42807">
        <ele>2.3</ele>
      </trkpt>
      <trkpt lat="43.66403" lon="4.42799">
        <ele>2.3</ele>
      </trkpt>
      <trkpt lat="43.66362" lon="4.42779">
        <ele>1.8</ele>
      </trkpt>
      <trkpt lat="43.66313" lon="4.42758">
        <ele>1.3</ele>
      </trkpt>
      <trkpt lat="43.66264" lon="4.42738">
        <ele>2.0</ele>
      </trkpt>
      <trkpt lat="43.66207" lon="4.42709">
        <ele>2.7</ele>
      </trkpt>
      <trkpt lat="43.66174" lon="4.42697">
        <ele>3.2</ele>
      </trkpt>
      <trkpt lat="43.66106" lon="4.42671">
        <ele>2.5</ele>
      </trkpt>
      <trkpt lat="43.66047" lon="4.42647">
        <ele>2.9</ele>
      </trkpt>
      <trkpt lat="43.65994" lon="4.42634">
        <ele>3.7</ele>
      </trkpt>
      <trkpt lat="43.65964" lon="4.42626">
        <ele>3.1</ele>
      </trkpt>
      <trkpt lat="43.65929" lon="4.4261">
        <ele>2.3</ele>
      </trkpt>
      <trkpt lat="43.65884" lon="4.42581">
        <ele>2.4</ele>
      </trkpt>
      <trkpt lat="43.65858" lon="4.42572">
        <ele>2.7</ele>
      </trkpt>
      <trkpt lat="43.65841" lon="4.42568">
        <ele>2.8</ele>
      </trkpt>
      <trkpt lat="43.65813" lon="4.42559">
        <ele>2.6</ele>
      </trkpt>
      <trkpt lat="43.6579" lon="4.42548">
        <ele>2.5</ele>
      </trkpt>
      <trkpt lat="43.65767" lon="4.42542">
        <ele>2.5</ele>
      </trkpt>
      <trkpt lat="43.65739" lon="4.42529">
        <ele>2.5</ele>
      </trkpt>
      <trkpt lat="43.65692" lon="4.42507">
        <ele>2.2</ele>
      </trkpt>
      <trkpt lat="43.65666" lon="4.42498">
        <ele>2.0</ele>
      </trkpt>
      <trkpt lat="43.65637" lon="4.42484">
        <ele>2.5</ele>
      </trkpt>
      <trkpt lat="43.656" lon="4.42469">
        <ele>2.9</ele>
      </trkpt>
      <trkpt lat="43.65563" lon="4.42452">
        <ele>2.9</ele>
      </trkpt>
      <trkpt lat="43.65493" lon="4.42422">
        <ele>2.8</ele>
      </trkpt>
      <trkpt lat="43.65423" lon="4.42394">
        <ele>1.4</ele>
      </trkpt>
      <trkpt lat="43.65374" lon="4.42371">
        <ele>1.5</ele>
      </trkpt>
      <trkpt lat="43.65336" lon="4.4236">
        <ele>1.3</ele>
      </trkpt>
      <trkpt lat="43.65284" lon="4.42337">
        <ele>0.4</ele>
      </trkpt>
      <trkpt lat="43.65232" lon="4.42314">
        <ele>-0.2</ele>
      </trkpt>
      <trkpt lat="43.65175" lon="4.42291">
        <ele>-0.4</ele>
      </trkpt>
      <trkpt lat="43.65118" lon="4.42268">
        <ele>0.2</ele>
      </trkpt>
      <trkpt lat="43.65058" lon="4.42242">
        <ele>1.0</ele>
      </trkpt>
      <trkpt lat="43.64998" lon="4.42216">
        <ele>0.6</ele>
      </trkpt>
      <trkpt lat="43.64916" lon="4.42179">
        <ele>-0.1</ele>
      </trkpt>
      <trkpt lat="43.64833" lon="4.42143">
        <ele>0.3</ele>
      </trkpt>
      <trkpt lat="43.64772" lon="4.42117">
        <ele>-0.3</ele>
      </trkpt>
      <trkpt lat="43.64712" lon="4.42092">
        <ele>0.0</ele>
      </trkpt>
      <trkpt lat="43.64651" lon="4.42066">
        <ele>0.7</ele>
      </trkpt>
      <trkpt lat="43.64591" lon="4.42039">
        <ele>0.9</ele>
      </trkpt>
      <trkpt lat="43.64531" lon="4.42012">
        <ele>1.5</ele>
      </trkpt>
      <trkpt lat="43.64467" lon="4.41979">
        <ele>1.6</ele>
      </trkpt>
      <trkpt lat="43.64413" lon="4.41946">
        <ele>1.0</ele>
      </trkpt>
      <trkpt lat="43.64374" lon="4.41914">
        <ele>1.5</ele>
      </trkpt>
      <trkpt lat="43.64322" lon="4.41857">
        <ele>1.1</ele>
      </trkpt>
      <trkpt lat="43.6427" lon="4.41801">
        <ele>0.1</ele>
      </trkpt>
      <trkpt lat="43.64212" lon="4.41735">
        <ele>0.6</ele>
      </trkpt>
      <trkpt lat="43.64154" lon="4.4167">
        <ele>1.8</ele>
      </trkpt>
      <trkpt lat="43.64096" lon="4.41605">
        <ele>1.8</ele>
      </trkpt>
      <trkpt lat="43.64038" lon="4.41539">
        <ele>2.3</ele>
      </trkpt>
      <trkpt lat="43.64" lon="4.41495">
        <ele>3.9</ele>
      </trkpt>
      <trkpt lat="43.63937" lon="4.41424">
        <ele>3.7</ele>
      </trkpt>
      <trkpt lat="43.63892" lon="4.41372">
        <ele>2.7</ele>
      </trkpt>
      <trkpt lat="43.63848" lon="4.4132">
        <ele>1.7</ele>
      </trkpt>
      <trkpt lat="43.63791" lon="4.41253">
        <ele>1.5</ele>
      </trkpt>
      <trkpt lat="43.63776" lon="4.41231">
        <ele>1.8</ele>
      </trkpt>
      <trkpt lat="43.63762" lon="4.4121">
        <ele>1.7</ele>
      </trkpt>
      <trkpt lat="43.63734" lon="4.4116">
        <ele>1.1</ele>
      </trkpt>
      <trkpt lat="43.63708" lon="4.41107">
        <ele>0.8</ele>
      </trkpt>
      <trkpt lat="43.63682" lon="4.41044">
        <ele>1.5</ele>
      </trkpt>
      <trkpt lat="43.63663" lon="4.40985">
        <ele>1.6</ele>
      </trkpt>
      <trkpt lat="43.63649" lon="4.40934">
        <ele>0.5</ele>
      </trkpt>
      <trkpt lat="43.63637" lon="4.40869">
        <ele>0.7</ele>
      </trkpt>
      <trkpt lat="43.63629" lon="4.40805">
        <ele>1.0</ele>
      </trkpt>
      <trkpt lat="43.63621" lon="4.4074">
        <ele>0.9</ele>
      </trkpt>
      <trkpt lat="43.63616" lon="4.40675">
        <ele>0.5</ele>
      </trkpt>
      <trkpt lat="43.63617" lon="4.40599">
        <ele>0.9</ele>
      </trkpt>
      <trkpt lat="43.63618" lon="4.40523">
        <ele>0.7</ele>
      </trkpt>
      <trkpt lat="43.63621" lon="4.40507">
        <ele>0.6</ele>
      </trkpt>
      <trkpt lat="43.63628" lon="4.40485">
        <ele>0.4</ele>
      </trkpt>
      <trkpt lat="43.63629" lon="4.40473">
        <ele>0.3</ele>
      </trkpt>
      <trkpt lat="43.63633" lon="4.4046">
        <ele>0.2</ele>
      </trkpt>
      <trkpt lat="43.63633" lon="4.40435">
        <ele>0.1</ele>
      </trkpt>
      <trkpt lat="43.63633" lon="4.40391">
        <ele>0.0</ele>
      </trkpt>
      <trkpt lat="43.63637" lon="4.40321">
        <ele>-0.1</ele>
      </trkpt>
      <trkpt lat="43.63641" lon="4.40251">
        <ele>-0.3</ele>
      </trkpt>
      <trkpt lat="43.6365" lon="4.40134">
        <ele>0.0</ele>
      </trkpt>
      <trkpt lat="43.63659" lon="4.40018">
        <ele>0.0</ele>
      </trkpt>
      <trkpt lat="43.63668" lon="4.39901">
        <ele>0.2</ele>
      </trkpt>
      <trkpt lat="43.63673" lon="4.39812">
        <ele>1.0</ele>
      </trkpt>
      <trkpt lat="43.6368" lon="4.39709">
        <ele>0.9</ele>
      </trkpt>
      <trkpt lat="43.63688" lon="4.39605">
        <ele>0.4</ele>
      </trkpt>
      <trkpt lat="43.63695" lon="4.39501">
        <ele>1.0</ele>
      </trkpt>
      <trkpt lat="43.63703" lon="4.39398">
        <ele>0.7</ele>
      </trkpt>
      <trkpt lat="43.6371" lon="4.39294">
        <ele>0.8</ele>
      </trkpt>
      <trkpt lat="43.63718" lon="4.3919">
        <ele>0.4</ele>
      </trkpt>
      <trkpt lat="43.63724" lon="4.39148">
        <ele>0.4</ele>
      </trkpt>
      <trkpt lat="43.63731" lon="4.39109">
        <ele>0.6</ele>
      </trkpt>
      <trkpt lat="43.63744" lon="4.3906">
        <ele>0.4</ele>
      </trkpt>
      <trkpt lat="43.63752" lon="4.39036">
        <ele>-0.1</ele>
      </trkpt>
      <trkpt lat="43.63759" lon="4.39022">
        <ele>-0.5</ele>
      </trkpt>
      <trkpt lat="43.63768" lon="4.39001">
        <ele>-1.0</ele>
      </trkpt>
      <trkpt lat="43.63809" lon="4.3894">
        <ele>-1.2</ele>
      </trkpt>
      <trkpt lat="43.63849" lon="4.38896">
        <ele>-0.8</ele>
      </trkpt>
      <trkpt lat="43.63909" lon="4.38846">
        <ele>0.7</ele>
      </trkpt>
      <trkpt lat="43.63969" lon="4.38797">
        <ele>0.8</ele>
      </trkpt>
      <trkpt lat="43.64029" lon="4.38747">
        <ele>1.0</ele>
      </trkpt>
      <trkpt lat="43.64089" lon="4.38698">
        <ele>0.4</ele>
      </trkpt>
      <trkpt lat="43.64146" lon="4.38649">
        <ele>0.9</ele>
      </trkpt>
      <trkpt lat="43.64203" lon="4.38601">
        <ele>1.3</ele>
      </trkpt>
      <trkpt lat="43.64262" lon="4.38552">
        <ele>0.7</ele>
      </trkpt>
      <trkpt lat="43.64322" lon="4.38504">
        <ele>0.9</ele>
      </trkpt>
      <trkpt lat="43.64366" lon="4.38466">
        <ele>0.6</ele>
      </trkpt>
      <trkpt lat="43.6441" lon="4.38429">
        <ele>0.1</ele>
      </trkpt>
      <trkpt lat="43.64483" lon="4.38369">
        <ele>0.9</ele>
      </trkpt>
      <trkpt lat="43.64555" lon="4.38308">
        <ele>0.4</ele>
      </trkpt>
      <trkpt lat="43.64628" lon="4.38248">
        <ele>1.5</ele>
      </trkpt>
      <trkpt lat="43.647" lon="4.38188">
        <ele>0.3</ele>
      </trkpt>
      <trkpt lat="43.64773" lon="4.38128">
        <ele>-0.1</ele>
      </trkpt>
      <trkpt lat="43.64846" lon="4.38067">
        <ele>0.2</ele>
      </trkpt>
      <trkpt lat="43.64878" lon="4.38039">
        <ele>0.8</ele>
      </trkpt>
      <trkpt lat="43.64905" lon="4.38013">
        <ele>1.6</ele>
      </trkpt>
      <trkpt lat="43.64928" lon="4.37989">
        <ele>1.7</ele>
      </trkpt>
      <trkpt lat="43.64954" lon="4.37958">
        <ele>1.3</ele>
      </trkpt>
      <trkpt lat="43.64977" lon="4.37927">
        <ele>1.0</ele>
      </trkpt>
      <trkpt lat="43.65002" lon="4.37889">
        <ele>1.0</ele>
      </trkpt>
      <trkpt lat="43.65018" lon="4.37862">
        <ele>0.8</ele>
      </trkpt>
      <trkpt lat="43.65047" lon="4.37806">
        <ele>0.3</ele>
      </trkpt>
      <trkpt lat="43.65065" lon="4.37765">
        <ele>-0.4</ele>
      </trkpt>
      <trkpt lat="43.65069" lon="4.37753">
        <ele>-0.6</ele>
      </trkpt>
      <trkpt lat="43.65091" lon="4.37678">
        <ele>-1.0</ele>
      </trkpt>
      <trkpt lat="43.65104" lon="4.37621">
        <ele>-1.0</ele>
      </trkpt>
      <trkpt lat="43.65111" lon="4.37563">
        <ele>-0.8</ele>
      </trkpt>
      <trkpt lat="43.65116" lon="4.37464">
        <ele>-0.2</ele>
      </trkpt>
      <trkpt lat="43.65115" lon="4.37376">
        <ele>0.0</ele>
      </trkpt>
      <trkpt lat="43.65111" lon="4.37323">
        <ele>0.0</ele>
      </trkpt>
      <trkpt lat="43.65102" lon="4.37259">
        <ele>0.5</ele>
      </trkpt>
      <trkpt lat="43.65084" lon="4.37158">
        <ele>0.0</ele>
      </trkpt>
      <trkpt lat="43.65067" lon="4.37057">
        <ele>0.3</ele>
      </trkpt>
      <trkpt lat="43.65049" lon="4.36956">
        <ele>0.4</ele>
      </trkpt>
      <trkpt lat="43.65033" lon="4.36867">
        <ele>-0.4</ele>
      </trkpt>
      <trkpt lat="43.65018" lon="4.36778">
        <ele>-0.3</ele>
      </trkpt>
      <trkpt lat="43.65002" lon="4.36689">
        <ele>0.7</ele>
      </trkpt>
      <trkpt lat="43.64984" lon="4.36586">
        <ele>0.0</ele>
      </trkpt>
      <trkpt lat="43.64966" lon="4.36484">
        <ele>-0.1</ele>
      </trkpt>
      <trkpt lat="43.64948" lon="4.36381">
        <ele>-0.8</ele>
      </trkpt>
      <trkpt lat="43.6493" lon="4.36278">
        <ele>-1.2</ele>
      </trkpt>
      <trkpt lat="43.64912" lon="4.36175">
        <ele>-0.9</ele>
      </trkpt>
      <trkpt lat="43.64902" lon="4.36114">
        <ele>-0.9</ele>
      </trkpt>
      <trkpt lat="43.64892" lon="4.36053">
        <ele>-1.4</ele>
      </trkpt>
      <trkpt lat="43.64875" lon="4.35961">
        <ele>-1.5</ele>
      </trkpt>
      <trkpt lat="43.64856" lon="4.35852">
        <ele>-0.8</ele>
      </trkpt>
      <trkpt lat="43.64837" lon="4.35744">
        <ele>-1.0</ele>
      </trkpt>
      <trkpt lat="43.64818" lon="4.35635">
        <ele>-0.4</ele>
      </trkpt>
      <trkpt lat="43.64799" lon="4.35526">
        <ele>-0.6</ele>
      </trkpt>
      <trkpt lat="43.6478" lon="4.35418">
        <ele>-1.3</ele>
      </trkpt>
      <trkpt lat="43.64761" lon="4.35309">
        <ele>-1.2</ele>
      </trkpt>
      <trkpt lat="43.64764" lon="4.35257">
        <ele>-1.0</ele>
      </trkpt>
      <trkpt lat="43.64745" lon="4.35145">
        <ele>0.7</ele>
      </trkpt>
      <trkpt lat="43.64726" lon="4.35032">
        <ele>-0.4</ele>
      </trkpt>
      <trkpt lat="43.6472" lon="4.35007">
        <ele>-0.6</ele>
      </trkpt>
      <trkpt lat="43.64699" lon="4.34958">
        <ele>-0.7</ele>
      </trkpt>
      <trkpt lat="43.64692" lon="4.34924">
        <ele>-0.9</ele>
      </trkpt>
      <trkpt lat="43.6469" lon="4.34916">
        <ele>-1.0</ele>
      </trkpt>
      <trkpt lat="43.64686" lon="4.34893">
        <ele>-0.8</ele>
      </trkpt>
      <trkpt lat="43.64682" lon="4.34866">
        <ele>-0.5</ele>
      </trkpt>
      <trkpt lat="43.64681" lon="4.34844">
        <ele>-0.3</ele>
      </trkpt>
      <trkpt lat="43.64681" lon="4.34819">
        <ele>-0.3</ele>
      </trkpt>
      <trkpt lat="43.64678" lon="4.3481">
        <ele>-0.3</ele>
      </trkpt>
      <trkpt lat="43.64671" lon="4.3479">
        <ele>-0.5</ele>
      </trkpt>
      <trkpt lat="43.64661" lon="4.34752">
        <ele>-1.0</ele>
      </trkpt>
      <trkpt lat="43.64661" lon="4.34752">
        <ele>-1.0</ele>
      </trkpt>
      <trkpt lat="43.64643" lon="4.34642">
        <ele>-0.6</ele>
      </trkpt>
      <trkpt lat="43.64624" lon="4.34532">
        <ele>0.0</ele>
      </trkpt>
      <trkpt lat="43.64606" lon="4.34421">
        <ele>-0.2</ele>
      </trkpt>
      <trkpt lat="43.64588" lon="4.34317">
        <ele>-0.1</ele>
      </trkpt>
      <trkpt lat="43.64569" lon="4.34213">
        <ele>0.4</ele>
      </trkpt>
      <trkpt lat="43.64551" lon="4.34108">
        <ele>0.0</ele>
      </trkpt>
      <trkpt lat="43.64532" lon="4.34004">
        <ele>-1.2</ele>
      </trkpt>
      <trkpt lat="43.64514" lon="4.339">
        <ele>-0.7</ele>
      </trkpt>
      <trkpt lat="43.64495" lon="4.33795">
        <ele>-0.5</ele>
      </trkpt>
      <trkpt lat="43.64477" lon="4.33691">
        <ele>-1.5</ele>
      </trkpt>
      <trkpt lat="43.64456" lon="4.33571">
        <ele>-0.6</ele>
      </trkpt>
      <trkpt lat="43.64436" lon="4.3345">
        <ele>0.1</ele>
      </trkpt>
      <trkpt lat="43.64416" lon="4.3333">
        <ele>0.0</ele>
      </trkpt>
      <trkpt lat="43.64396" lon="4.33209">
        <ele>0.1</ele>
      </trkpt>
      <trkpt lat="43.64376" lon="4.33089">
        <ele>0.5</ele>
      </trkpt>
      <trkpt lat="43.64357" lon="4.32987">
        <ele>-0.4</ele>
      </trkpt>
      <trkpt lat="43.64338" lon="4.32885">
        <ele>-0.3</ele>
      </trkpt>
      <trkpt lat="43.64319" lon="4.32783">
        <ele>-0.3</ele>
      </trkpt>
      <trkpt lat="43.643" lon="4.32681">
        <ele>0.2</ele>
      </trkpt>
      <trkpt lat="43.64285" lon="4.32599">
        <ele>0.1</ele>
      </trkpt>
      <trkpt lat="43.6427" lon="4.32516">
        <ele>-0.8</ele>
      </trkpt>
      <trkpt lat="43.64266" lon="4.32466">
        <ele>-0.6</ele>
      </trkpt>
      <trkpt lat="43.64257" lon="4.32435">
        <ele>-0.2</ele>
      </trkpt>
      <trkpt lat="43.6424" lon="4.32334">
        <ele>-1.0</ele>
      </trkpt>
      <trkpt lat="43.64223" lon="4.32233">
        <ele>0.5</ele>
      </trkpt>
      <trkpt lat="43.64206" lon="4.32131">
        <ele>-0.6</ele>
      </trkpt>
      <trkpt lat="43.6419" lon="4.3203">
        <ele>-1.0</ele>
      </trkpt>
      <trkpt lat="43.64171" lon="4.31929">
        <ele>0.0</ele>
      </trkpt>
      <trkpt lat="43.64153" lon="4.31828">
        <ele>-1.1</ele>
      </trkpt>
      <trkpt lat="43.64134" lon="4.31727">
        <ele>-2.1</ele>
      </trkpt>
      <trkpt lat="43.64116" lon="4.31626">
        <ele>-2.5</ele>
      </trkpt>
      <trkpt lat="43.64097" lon="4.31516">
        <ele>-2.2</ele>
      </trkpt>
      <trkpt lat="43.64078" lon="4.31405">
        <ele>-2.5</ele>
      </trkpt>
      <trkpt lat="43.64059" lon="4.31294">
        <ele>0.0</ele>
      </trkpt>
      <trkpt lat="43.6404" lon="4.31183">
        <ele>0.5</ele>
      </trkpt>
      <trkpt lat="43.64021" lon="4.31072">
        <ele>0.5</ele>
      </trkpt>
      <trkpt lat="43.64002" lon="4.30961">
        <ele>-0.5</ele>
      </trkpt>
      <trkpt lat="43.63983" lon="4.3085">
        <ele>-0.8</ele>
      </trkpt>
      <trkpt lat="43.63964" lon="4.30738">
        <ele>0.6</ele>
      </trkpt>
      <trkpt lat="43.63944" lon="4.30625">
        <ele>0.2</ele>
      </trkpt>
      <trkpt lat="43.63925" lon="4.30513">
        <ele>0.0</ele>
      </trkpt>
      <trkpt lat="43.63905" lon="4.30401">
        <ele>-0.7</ele>
      </trkpt>
      <trkpt lat="43.63885" lon="4.30289">
        <ele>0.3</ele>
      </trkpt>
      <trkpt lat="43.63866" lon="4.30177">
        <ele>-0.8</ele>
      </trkpt>
      <trkpt lat="43.63846" lon="4.30065">
        <ele>1.1</ele>
      </trkpt>
      <trkpt lat="43.63834" lon="4.29987">
        <ele>1.7</ele>
      </trkpt>
      <trkpt lat="43.63834" lon="4.29987">
        <ele>1.7</ele>
      </trkpt>
      <trkpt lat="43.638196" lon="4.299011">
        <ele>0.6</ele>
      </trkpt>
      <trkpt lat="43.63818" lon="4.29891">
        <ele>0.5</ele>
      </trkpt>
      <trkpt lat="43.63815" lon="4.29858">
        <ele>0.9</ele>
      </trkpt>
      <trkpt lat="43.63816" lon="4.29852">
        <ele>1.0</ele>
      </trkpt>
      <trkpt lat="43.63821" lon="4.29847">
        <ele>1.0</ele>
      </trkpt>
      <trkpt lat="43.63839" lon="4.29841">
        <ele>1.0</ele>
      </trkpt>
      <trkpt lat="43.63866" lon="4.29833">
        <ele>1.4</ele>
      </trkpt>
      <trkpt lat="43.6387" lon="4.29828">
        <ele>1.3</ele>
      </trkpt>
      <trkpt lat="43.63885" lon="4.29826">
        <ele>1.5</ele>
      </trkpt>
      <trkpt lat="43.6394" lon="4.29814">
        <ele>1.7</ele>
      </trkpt>
      <trkpt lat="43.63995" lon="4.29802">
        <ele>2.0</ele>
      </trkpt>
      <trkpt lat="43.64006" lon="4.29801">
        <ele>1.9</ele>
      </trkpt>
      <trkpt lat="43.64071" lon="4.2979">
        <ele>1.2</ele>
      </trkpt>
      <trkpt lat="43.64135" lon="4.29778">
        <ele>2.7</ele>
      </trkpt>
      <trkpt lat="43.642" lon="4.29767">
        <ele>4.2</ele>
      </trkpt>
      <trkpt lat="43.64208" lon="4.29764">
        <ele>4.3</ele>
      </trkpt>
      <trkpt lat="43.64208" lon="4.29766">
        <ele>4.3</ele>
      </trkpt>
    </trkseg>
  </trk>
</gpx>
