<?xml version="1.0" encoding="UTF-8"?>
<gpx xmlns:gpxdata="http://www.cluetrust.com/XML/GPXDATA/1/0" xmlns:xsi="http://www.w3.org/2001/XMLSchema-instance" xmlns="http://www.topografix.com/GPX/1/1" version="1.1" creator="http://ridewithgps.com/" xsi:schemaLocation="http://www.topografix.com/GPX/1/1 http://www.topografix.com/GPX/1/1/gpx.xsd http://www.cluetrust.com/XML/GPXDATA/1/0 http://www.cluetrust.com/Schemas/gpxdata10.xsd">
  <metadata>
    <name>Jour 17 - Belleville-en-Beaujolais @ Givors (Alternatif))</name>
    <link href="https://ridewithgps.com/routes/56281487">
      <text>Jour 17 - Belleville-en-Beaujolais @ Givors (Alternatif))</text>
    </link>
    <time>2026-07-23T05:51:22Z</time>
  </metadata>
  <wpt lat="45.79829745913392" lon="4.831270374136466">
    <name>L'Atelier Vélo</name>
    <cmt>bike_shop</cmt>
    <sym>Dot</sym>
    <type>gear</type>
  </wpt>
  <trk>
    <name>Jour 17 - Belleville-en-Beaujolais @ Givors (Alternatif))</name>
    <trkseg>
      <trkpt lat="46.10706" lon="4.75429">
        <ele>173.9</ele>
      </trkpt>
      <trkpt lat="46.10696" lon="4.7544">
        <ele>173.9</ele>
      </trkpt>
      <trkpt lat="46.10654" lon="4.75493">
        <ele>173.8</ele>
      </trkpt>
      <trkpt lat="46.10611" lon="4.75547">
        <ele>173.3</ele>
      </trkpt>
      <trkpt lat="46.10556" lon="4.75616">
        <ele>174.0</ele>
      </trkpt>
      <trkpt lat="46.10518" lon="4.75666">
        <ele>172.4</ele>
      </trkpt>
      <trkpt lat="46.10481" lon="4.75714">
        <ele>171.5</ele>
      </trkpt>
      <trkpt lat="46.10444" lon="4.75762">
        <ele>171.6</ele>
      </trkpt>
      <trkpt lat="46.1042" lon="4.75792">
        <ele>172.5</ele>
      </trkpt>
      <trkpt lat="46.10407" lon="4.75801">
        <ele>173.1</ele>
      </trkpt>
      <trkpt lat="46.10401" lon="4.75804">
        <ele>173.4</ele>
      </trkpt>
      <trkpt lat="46.10397" lon="4.75803">
        <ele>173.5</ele>
      </trkpt>
      <trkpt lat="46.10394" lon="4.75805">
        <ele>173.6</ele>
      </trkpt>
      <trkpt lat="46.10391" lon="4.75807">
        <ele>173.8</ele>
      </trkpt>
      <trkpt lat="46.10389" lon="4.75811">
        <ele>174.0</ele>
      </trkpt>
      <trkpt lat="46.10387" lon="4.75816">
        <ele>174.2</ele>
      </trkpt>
      <trkpt lat="46.10387" lon="4.75822">
        <ele>174.4</ele>
      </trkpt>
      <trkpt lat="46.10388" lon="4.75827">
        <ele>174.5</ele>
      </trkpt>
      <trkpt lat="46.10387" lon="4.75845">
        <ele>174.8</ele>
      </trkpt>
      <trkpt lat="46.10385" lon="4.75853">
        <ele>174.9</ele>
      </trkpt>
      <trkpt lat="46.10356" lon="4.75939">
        <ele>175.7</ele>
      </trkpt>
      <trkpt lat="46.10327" lon="4.76025">
        <ele>175.5</ele>
      </trkpt>
      <trkpt lat="46.10314" lon="4.76054">
        <ele>173.5</ele>
      </trkpt>
      <trkpt lat="46.10292" lon="4.76104">
        <ele>170.2</ele>
      </trkpt>
      <trkpt lat="46.10285" lon="4.76121">
        <ele>169.3</ele>
      </trkpt>
      <trkpt lat="46.10252" lon="4.76191">
        <ele>166.1</ele>
      </trkpt>
      <trkpt lat="46.10204" lon="4.76298">
        <ele>166.0</ele>
      </trkpt>
      <trkpt lat="46.10192" lon="4.76324">
        <ele>166.0</ele>
      </trkpt>
      <trkpt lat="46.10171" lon="4.76303">
        <ele>166.0</ele>
      </trkpt>
      <trkpt lat="46.10162" lon="4.76293">
        <ele>166.2</ele>
      </trkpt>
      <trkpt lat="46.10159" lon="4.76288">
        <ele>166.2</ele>
      </trkpt>
      <trkpt lat="46.10158" lon="4.76285">
        <ele>166.3</ele>
      </trkpt>
      <trkpt lat="46.10136" lon="4.76276">
        <ele>166.7</ele>
      </trkpt>
      <trkpt lat="46.10128" lon="4.76272">
        <ele>166.7</ele>
      </trkpt>
      <trkpt lat="46.10099" lon="4.76245">
        <ele>166.0</ele>
      </trkpt>
      <trkpt lat="46.10057" lon="4.76195">
        <ele>167.4</ele>
      </trkpt>
      <trkpt lat="46.10015" lon="4.76144">
        <ele>168.4</ele>
      </trkpt>
      <trkpt lat="46.09974" lon="4.761">
        <ele>168.1</ele>
      </trkpt>
      <trkpt lat="46.09932" lon="4.76056">
        <ele>169.8</ele>
      </trkpt>
      <trkpt lat="46.09892" lon="4.76005">
        <ele>170.0</ele>
      </trkpt>
      <trkpt lat="46.09852" lon="4.75955">
        <ele>170.4</ele>
      </trkpt>
      <trkpt lat="46.09812" lon="4.75911">
        <ele>171.4</ele>
      </trkpt>
      <trkpt lat="46.09771" lon="4.75867">
        <ele>170.4</ele>
      </trkpt>
      <trkpt lat="46.09728" lon="4.75827">
        <ele>170.7</ele>
      </trkpt>
      <trkpt lat="46.09685" lon="4.75788">
        <ele>170.0</ele>
      </trkpt>
      <trkpt lat="46.09624" lon="4.75742">
        <ele>169.6</ele>
      </trkpt>
      <trkpt lat="46.09553" lon="4.75697">
        <ele>168.5</ele>
      </trkpt>
      <trkpt lat="46.09483" lon="4.75659">
        <ele>170.5</ele>
      </trkpt>
      <trkpt lat="46.09412" lon="4.75621">
        <ele>173.5</ele>
      </trkpt>
      <trkpt lat="46.09353" lon="4.75589">
        <ele>173.1</ele>
      </trkpt>
      <trkpt lat="46.09294" lon="4.75557">
        <ele>172.8</ele>
      </trkpt>
      <trkpt lat="46.09234" lon="4.75531">
        <ele>174.4</ele>
      </trkpt>
      <trkpt lat="46.09174" lon="4.75505">
        <ele>174.9</ele>
      </trkpt>
      <trkpt lat="46.09114" lon="4.75479">
        <ele>172.4</ele>
      </trkpt>
      <trkpt lat="46.09037" lon="4.75448">
        <ele>172.4</ele>
      </trkpt>
      <trkpt lat="46.0896" lon="4.75417">
        <ele>173.0</ele>
      </trkpt>
      <trkpt lat="46.08885" lon="4.75382">
        <ele>171.5</ele>
      </trkpt>
      <trkpt lat="46.08809" lon="4.75346">
        <ele>173.0</ele>
      </trkpt>
      <trkpt lat="46.08752" lon="4.75336">
        <ele>174.0</ele>
      </trkpt>
      <trkpt lat="46.08697" lon="4.75319">
        <ele>172.6</ele>
      </trkpt>
      <trkpt lat="46.08612" lon="4.75304">
        <ele>172.9</ele>
      </trkpt>
      <trkpt lat="46.08612" lon="4.75304">
        <ele>172.9</ele>
      </trkpt>
      <trkpt lat="46.08567" lon="4.75299">
        <ele>172.9</ele>
      </trkpt>
      <trkpt lat="46.0855" lon="4.75296">
        <ele>172.4</ele>
      </trkpt>
      <trkpt lat="46.08519" lon="4.75294">
        <ele>171.9</ele>
      </trkpt>
      <trkpt lat="46.08484" lon="4.75295">
        <ele>171.7</ele>
      </trkpt>
      <trkpt lat="46.08421" lon="4.75301">
        <ele>171.6</ele>
      </trkpt>
      <trkpt lat="46.08421" lon="4.75301">
        <ele>171.6</ele>
      </trkpt>
      <trkpt lat="46.08337" lon="4.75308">
        <ele>171.6</ele>
      </trkpt>
      <trkpt lat="46.08328" lon="4.75314">
        <ele>172.2</ele>
      </trkpt>
      <trkpt lat="46.08328" lon="4.75314">
        <ele>172.2</ele>
      </trkpt>
      <trkpt lat="46.08302" lon="4.75315">
        <ele>172.5</ele>
      </trkpt>
      <trkpt lat="46.08286" lon="4.75321">
        <ele>173.3</ele>
      </trkpt>
      <trkpt lat="46.08267" lon="4.75337">
        <ele>174.7</ele>
      </trkpt>
      <trkpt lat="46.08252" lon="4.75354">
        <ele>174.5</ele>
      </trkpt>
      <trkpt lat="46.0822" lon="4.75404">
        <ele>170.7</ele>
      </trkpt>
      <trkpt lat="46.08188" lon="4.75455">
        <ele>170.8</ele>
      </trkpt>
      <trkpt lat="46.08178" lon="4.75466">
        <ele>171.2</ele>
      </trkpt>
      <trkpt lat="46.08173" lon="4.7547">
        <ele>171.4</ele>
      </trkpt>
      <trkpt lat="46.08173" lon="4.7547">
        <ele>171.4</ele>
      </trkpt>
      <trkpt lat="46.08156" lon="4.75483">
        <ele>171.6</ele>
      </trkpt>
      <trkpt lat="46.0811" lon="4.75532">
        <ele>170.8</ele>
      </trkpt>
      <trkpt lat="46.08077" lon="4.75569">
        <ele>172.1</ele>
      </trkpt>
      <trkpt lat="46.08047" lon="4.75603">
        <ele>171.8</ele>
      </trkpt>
      <trkpt lat="46.08047" lon="4.75603">
        <ele>171.8</ele>
      </trkpt>
      <trkpt lat="46.08014" lon="4.75642">
        <ele>173.4</ele>
      </trkpt>
      <trkpt lat="46.0801" lon="4.75648">
        <ele>174.0</ele>
      </trkpt>
      <trkpt lat="46.07977" lon="4.75681">
        <ele>173.7</ele>
      </trkpt>
      <trkpt lat="46.07972" lon="4.75685">
        <ele>173.3</ele>
      </trkpt>
      <trkpt lat="46.07968" lon="4.75693">
        <ele>173.2</ele>
      </trkpt>
      <trkpt lat="46.07956" lon="4.75706">
        <ele>172.7</ele>
      </trkpt>
      <trkpt lat="46.07889" lon="4.7577">
        <ele>171.4</ele>
      </trkpt>
      <trkpt lat="46.07889" lon="4.7577">
        <ele>171.4</ele>
      </trkpt>
      <trkpt lat="46.07884" lon="4.75775">
        <ele>171.3</ele>
      </trkpt>
      <trkpt lat="46.07823" lon="4.7583">
        <ele>171.9</ele>
      </trkpt>
      <trkpt lat="46.07818" lon="4.75838">
        <ele>171.9</ele>
      </trkpt>
      <trkpt lat="46.07817" lon="4.75842">
        <ele>172.0</ele>
      </trkpt>
      <trkpt lat="46.07762" lon="4.75894">
        <ele>172.3</ele>
      </trkpt>
      <trkpt lat="46.07719" lon="4.7593">
        <ele>171.7</ele>
      </trkpt>
      <trkpt lat="46.07719" lon="4.7593">
        <ele>171.7</ele>
      </trkpt>
      <trkpt lat="46.07696" lon="4.75949">
        <ele>171.0</ele>
      </trkpt>
      <trkpt lat="46.0764" lon="4.75986">
        <ele>170.5</ele>
      </trkpt>
      <trkpt lat="46.07638" lon="4.75988">
        <ele>170.5</ele>
      </trkpt>
      <trkpt lat="46.07558" lon="4.76046">
        <ele>169.6</ele>
      </trkpt>
      <trkpt lat="46.07543" lon="4.76053">
        <ele>169.9</ele>
      </trkpt>
      <trkpt lat="46.0747" lon="4.7608">
        <ele>172.1</ele>
      </trkpt>
      <trkpt lat="46.07397" lon="4.76108">
        <ele>172.6</ele>
      </trkpt>
      <trkpt lat="46.07324" lon="4.76136">
        <ele>171.2</ele>
      </trkpt>
      <trkpt lat="46.07267" lon="4.7616">
        <ele>168.5</ele>
      </trkpt>
      <trkpt lat="46.0721" lon="4.76184">
        <ele>167.8</ele>
      </trkpt>
      <trkpt lat="46.07157" lon="4.76213">
        <ele>167.5</ele>
      </trkpt>
      <trkpt lat="46.07103" lon="4.76243">
        <ele>167.9</ele>
      </trkpt>
      <trkpt lat="46.07055" lon="4.76264">
        <ele>168.7</ele>
      </trkpt>
      <trkpt lat="46.07007" lon="4.76286">
        <ele>169.8</ele>
      </trkpt>
      <trkpt lat="46.06989" lon="4.76298">
        <ele>170.0</ele>
      </trkpt>
      <trkpt lat="46.06967" lon="4.76309">
        <ele>170.1</ele>
      </trkpt>
      <trkpt lat="46.06915" lon="4.76327">
        <ele>170.6</ele>
      </trkpt>
      <trkpt lat="46.06885" lon="4.76333">
        <ele>170.6</ele>
      </trkpt>
      <trkpt lat="46.0682" lon="4.76354">
        <ele>170.1</ele>
      </trkpt>
      <trkpt lat="46.06799" lon="4.7636">
        <ele>170.4</ele>
      </trkpt>
      <trkpt lat="46.0677" lon="4.76386">
        <ele>171.4</ele>
      </trkpt>
      <trkpt lat="46.0676" lon="4.76385">
        <ele>171.6</ele>
      </trkpt>
      <trkpt lat="46.06695" lon="4.76387">
        <ele>171.7</ele>
      </trkpt>
      <trkpt lat="46.0663" lon="4.76389">
        <ele>170.6</ele>
      </trkpt>
      <trkpt lat="46.06583" lon="4.76378">
        <ele>169.5</ele>
      </trkpt>
      <trkpt lat="46.06535" lon="4.76366">
        <ele>170.8</ele>
      </trkpt>
      <trkpt lat="46.0648" lon="4.76343">
        <ele>171.7</ele>
      </trkpt>
      <trkpt lat="46.0648" lon="4.76343">
        <ele>171.7</ele>
      </trkpt>
      <trkpt lat="46.06469" lon="4.76338">
        <ele>171.6</ele>
      </trkpt>
      <trkpt lat="46.06441" lon="4.76329">
        <ele>171.3</ele>
      </trkpt>
      <trkpt lat="46.06385" lon="4.76314">
        <ele>170.4</ele>
      </trkpt>
      <trkpt lat="46.06352" lon="4.763">
        <ele>169.8</ele>
      </trkpt>
      <trkpt lat="46.06282" lon="4.76259">
        <ele>169.6</ele>
      </trkpt>
      <trkpt lat="46.06233" lon="4.76226">
        <ele>169.0</ele>
      </trkpt>
      <trkpt lat="46.06184" lon="4.76193">
        <ele>168.3</ele>
      </trkpt>
      <trkpt lat="46.06128" lon="4.76145">
        <ele>169.2</ele>
      </trkpt>
      <trkpt lat="46.06086" lon="4.76106">
        <ele>171.6</ele>
      </trkpt>
      <trkpt lat="46.06073" lon="4.76098">
        <ele>171.5</ele>
      </trkpt>
      <trkpt lat="46.06009" lon="4.76044">
        <ele>168.2</ele>
      </trkpt>
      <trkpt lat="46.05952" lon="4.75985">
        <ele>168.5</ele>
      </trkpt>
      <trkpt lat="46.05906" lon="4.7593">
        <ele>169.2</ele>
      </trkpt>
      <trkpt lat="46.05847" lon="4.75855">
        <ele>168.6</ele>
      </trkpt>
      <trkpt lat="46.05809" lon="4.75804">
        <ele>168.0</ele>
      </trkpt>
      <trkpt lat="46.05772" lon="4.75753">
        <ele>166.8</ele>
      </trkpt>
      <trkpt lat="46.05738" lon="4.75711">
        <ele>167.2</ele>
      </trkpt>
      <trkpt lat="46.05703" lon="4.75668">
        <ele>168.1</ele>
      </trkpt>
      <trkpt lat="46.05682" lon="4.75645">
        <ele>168.4</ele>
      </trkpt>
      <trkpt lat="46.05672" lon="4.75639">
        <ele>168.5</ele>
      </trkpt>
      <trkpt lat="46.05624" lon="4.75566">
        <ele>168.7</ele>
      </trkpt>
      <trkpt lat="46.05576" lon="4.75494">
        <ele>168.8</ele>
      </trkpt>
      <trkpt lat="46.05535" lon="4.75429">
        <ele>167.9</ele>
      </trkpt>
      <trkpt lat="46.05535" lon="4.75429">
        <ele>167.9</ele>
      </trkpt>
      <trkpt lat="46.05518" lon="4.75403">
        <ele>168.0</ele>
      </trkpt>
      <trkpt lat="46.05481" lon="4.75355">
        <ele>167.5</ele>
      </trkpt>
      <trkpt lat="46.05444" lon="4.75307">
        <ele>168.5</ele>
      </trkpt>
      <trkpt lat="46.05422" lon="4.75288">
        <ele>168.8</ele>
      </trkpt>
      <trkpt lat="46.05414" lon="4.75277">
        <ele>168.9</ele>
      </trkpt>
      <trkpt lat="46.05413" lon="4.75272">
        <ele>169.0</ele>
      </trkpt>
      <trkpt lat="46.05408" lon="4.75256">
        <ele>169.1</ele>
      </trkpt>
      <trkpt lat="46.05381" lon="4.7517">
        <ele>170.0</ele>
      </trkpt>
      <trkpt lat="46.05359" lon="4.75108">
        <ele>169.1</ele>
      </trkpt>
      <trkpt lat="46.05338" lon="4.75046">
        <ele>169.8</ele>
      </trkpt>
      <trkpt lat="46.05321" lon="4.74977">
        <ele>169.0</ele>
      </trkpt>
      <trkpt lat="46.053" lon="4.74915">
        <ele>167.2</ele>
      </trkpt>
      <trkpt lat="46.0526" lon="4.74821">
        <ele>168.1</ele>
      </trkpt>
      <trkpt lat="46.0522" lon="4.74727">
        <ele>169.4</ele>
      </trkpt>
      <trkpt lat="46.0518" lon="4.74633">
        <ele>168.9</ele>
      </trkpt>
      <trkpt lat="46.0514" lon="4.74539">
        <ele>168.2</ele>
      </trkpt>
      <trkpt lat="46.05096" lon="4.7445">
        <ele>168.5</ele>
      </trkpt>
      <trkpt lat="46.05066" lon="4.74394">
        <ele>168.6</ele>
      </trkpt>
      <trkpt lat="46.05036" lon="4.74339">
        <ele>168.9</ele>
      </trkpt>
      <trkpt lat="46.04991" lon="4.74284">
        <ele>168.1</ele>
      </trkpt>
      <trkpt lat="46.04974" lon="4.74267">
        <ele>167.4</ele>
      </trkpt>
      <trkpt lat="46.04918" lon="4.74216">
        <ele>167.2</ele>
      </trkpt>
      <trkpt lat="46.04863" lon="4.74166">
        <ele>168.6</ele>
      </trkpt>
      <trkpt lat="46.04838" lon="4.74144">
        <ele>168.7</ele>
      </trkpt>
      <trkpt lat="46.04795" lon="4.74119">
        <ele>168.8</ele>
      </trkpt>
      <trkpt lat="46.04752" lon="4.74094">
        <ele>170.6</ele>
      </trkpt>
      <trkpt lat="46.04733" lon="4.74087">
        <ele>171.1</ele>
      </trkpt>
      <trkpt lat="46.04717" lon="4.74086">
        <ele>171.3</ele>
      </trkpt>
      <trkpt lat="46.04717" lon="4.74086">
        <ele>171.3</ele>
      </trkpt>
      <trkpt lat="46.04689" lon="4.74083">
        <ele>171.7</ele>
      </trkpt>
      <trkpt lat="46.04636" lon="4.74079">
        <ele>170.6</ele>
      </trkpt>
      <trkpt lat="46.04611" lon="4.74083">
        <ele>170.0</ele>
      </trkpt>
      <trkpt lat="46.0455" lon="4.741">
        <ele>169.4</ele>
      </trkpt>
      <trkpt lat="46.04498" lon="4.74121">
        <ele>169.9</ele>
      </trkpt>
      <trkpt lat="46.04424" lon="4.74167">
        <ele>167.3</ele>
      </trkpt>
      <trkpt lat="46.0435" lon="4.74214">
        <ele>167.3</ele>
      </trkpt>
      <trkpt lat="46.04299" lon="4.74256">
        <ele>167.3</ele>
      </trkpt>
      <trkpt lat="46.04249" lon="4.74298">
        <ele>167.1</ele>
      </trkpt>
      <trkpt lat="46.04189" lon="4.74358">
        <ele>167.6</ele>
      </trkpt>
      <trkpt lat="46.04183" lon="4.74369">
        <ele>167.7</ele>
      </trkpt>
      <trkpt lat="46.04179" lon="4.74387">
        <ele>167.9</ele>
      </trkpt>
      <trkpt lat="46.04176" lon="4.74393">
        <ele>167.9</ele>
      </trkpt>
      <trkpt lat="46.04172" lon="4.74396">
        <ele>167.9</ele>
      </trkpt>
      <trkpt lat="46.04158" lon="4.74401">
        <ele>167.7</ele>
      </trkpt>
      <trkpt lat="46.04144" lon="4.74409">
        <ele>167.6</ele>
      </trkpt>
      <trkpt lat="46.04097" lon="4.74446">
        <ele>167.7</ele>
      </trkpt>
      <trkpt lat="46.0405" lon="4.74484">
        <ele>168.4</ele>
      </trkpt>
      <trkpt lat="46.04028" lon="4.74505">
        <ele>169.4</ele>
      </trkpt>
      <trkpt lat="46.03983" lon="4.74528">
        <ele>170.1</ele>
      </trkpt>
      <trkpt lat="46.03938" lon="4.74551">
        <ele>170.5</ele>
      </trkpt>
      <trkpt lat="46.03867" lon="4.74587">
        <ele>170.2</ele>
      </trkpt>
      <trkpt lat="46.03799" lon="4.74617">
        <ele>168.8</ele>
      </trkpt>
      <trkpt lat="46.03773" lon="4.74625">
        <ele>168.8</ele>
      </trkpt>
      <trkpt lat="46.03752" lon="4.74637">
        <ele>169.2</ele>
      </trkpt>
      <trkpt lat="46.03714" lon="4.74668">
        <ele>171.5</ele>
      </trkpt>
      <trkpt lat="46.03684" lon="4.74686">
        <ele>172.3</ele>
      </trkpt>
      <trkpt lat="46.03647" lon="4.74698">
        <ele>171.6</ele>
      </trkpt>
      <trkpt lat="46.03624" lon="4.74706">
        <ele>170.6</ele>
      </trkpt>
      <trkpt lat="46.03601" lon="4.74725">
        <ele>170.3</ele>
      </trkpt>
      <trkpt lat="46.03549" lon="4.74754">
        <ele>170.6</ele>
      </trkpt>
      <trkpt lat="46.03503" lon="4.74775">
        <ele>169.7</ele>
      </trkpt>
      <trkpt lat="46.03459" lon="4.74792">
        <ele>169.0</ele>
      </trkpt>
      <trkpt lat="46.03391" lon="4.74822">
        <ele>170.6</ele>
      </trkpt>
      <trkpt lat="46.03364" lon="4.74822">
        <ele>171.7</ele>
      </trkpt>
      <trkpt lat="46.03341" lon="4.7483">
        <ele>173.3</ele>
      </trkpt>
      <trkpt lat="46.03321" lon="4.74832">
        <ele>173.7</ele>
      </trkpt>
      <trkpt lat="46.03283" lon="4.74821">
        <ele>172.3</ele>
      </trkpt>
      <trkpt lat="46.03269" lon="4.74813">
        <ele>171.5</ele>
      </trkpt>
      <trkpt lat="46.0326" lon="4.74809">
        <ele>171.0</ele>
      </trkpt>
      <trkpt lat="46.0325" lon="4.74809">
        <ele>171.0</ele>
      </trkpt>
      <trkpt lat="46.03238" lon="4.74813">
        <ele>170.7</ele>
      </trkpt>
      <trkpt lat="46.03227" lon="4.74822">
        <ele>170.9</ele>
      </trkpt>
      <trkpt lat="46.03193" lon="4.74844">
        <ele>169.8</ele>
      </trkpt>
      <trkpt lat="46.03158" lon="4.74862">
        <ele>168.5</ele>
      </trkpt>
      <trkpt lat="46.03147" lon="4.74865">
        <ele>168.3</ele>
      </trkpt>
      <trkpt lat="46.03067" lon="4.74878">
        <ele>167.1</ele>
      </trkpt>
      <trkpt lat="46.02988" lon="4.74892">
        <ele>167.6</ele>
      </trkpt>
      <trkpt lat="46.02956" lon="4.74896">
        <ele>167.2</ele>
      </trkpt>
      <trkpt lat="46.02933" lon="4.74903">
        <ele>167.0</ele>
      </trkpt>
      <trkpt lat="46.02896" lon="4.7491">
        <ele>167.4</ele>
      </trkpt>
      <trkpt lat="46.02885" lon="4.74911">
        <ele>167.7</ele>
      </trkpt>
      <trkpt lat="46.02809" lon="4.74905">
        <ele>170.6</ele>
      </trkpt>
      <trkpt lat="46.02792" lon="4.74902">
        <ele>171.2</ele>
      </trkpt>
      <trkpt lat="46.0278" lon="4.749">
        <ele>171.7</ele>
      </trkpt>
      <trkpt lat="46.02775" lon="4.749">
        <ele>171.9</ele>
      </trkpt>
      <trkpt lat="46.02759" lon="4.74891">
        <ele>172.6</ele>
      </trkpt>
      <trkpt lat="46.02698" lon="4.7485">
        <ele>169.6</ele>
      </trkpt>
      <trkpt lat="46.02639" lon="4.7483">
        <ele>168.3</ele>
      </trkpt>
      <trkpt lat="46.02581" lon="4.74809">
        <ele>169.3</ele>
      </trkpt>
      <trkpt lat="46.02522" lon="4.74789">
        <ele>168.7</ele>
      </trkpt>
      <trkpt lat="46.02482" lon="4.74776">
        <ele>168.5</ele>
      </trkpt>
      <trkpt lat="46.02454" lon="4.74756">
        <ele>168.6</ele>
      </trkpt>
      <trkpt lat="46.02402" lon="4.7474">
        <ele>168.9</ele>
      </trkpt>
      <trkpt lat="46.02358" lon="4.74721">
        <ele>169.2</ele>
      </trkpt>
      <trkpt lat="46.02315" lon="4.74701">
        <ele>169.6</ele>
      </trkpt>
      <trkpt lat="46.02267" lon="4.74677">
        <ele>170.4</ele>
      </trkpt>
      <trkpt lat="46.0219" lon="4.74636">
        <ele>170.2</ele>
      </trkpt>
      <trkpt lat="46.02108" lon="4.74603">
        <ele>170.8</ele>
      </trkpt>
      <trkpt lat="46.02066" lon="4.7459">
        <ele>171.4</ele>
      </trkpt>
      <trkpt lat="46.02027" lon="4.74582">
        <ele>172.3</ele>
      </trkpt>
      <trkpt lat="46.01956" lon="4.74574">
        <ele>172.0</ele>
      </trkpt>
      <trkpt lat="46.01904" lon="4.74574">
        <ele>171.2</ele>
      </trkpt>
      <trkpt lat="46.01852" lon="4.74575">
        <ele>170.4</ele>
      </trkpt>
      <trkpt lat="46.0181" lon="4.74584">
        <ele>170.0</ele>
      </trkpt>
      <trkpt lat="46.01773" lon="4.74595">
        <ele>170.8</ele>
      </trkpt>
      <trkpt lat="46.01722" lon="4.74612">
        <ele>172.5</ele>
      </trkpt>
      <trkpt lat="46.01653" lon="4.74646">
        <ele>173.5</ele>
      </trkpt>
      <trkpt lat="46.01582" lon="4.74683">
        <ele>170.5</ele>
      </trkpt>
      <trkpt lat="46.01528" lon="4.74721">
        <ele>169.4</ele>
      </trkpt>
      <trkpt lat="46.01476" lon="4.74755">
        <ele>171.2</ele>
      </trkpt>
      <trkpt lat="46.01443" lon="4.7478">
        <ele>170.8</ele>
      </trkpt>
      <trkpt lat="46.01406" lon="4.74816">
        <ele>169.5</ele>
      </trkpt>
      <trkpt lat="46.01357" lon="4.7488">
        <ele>169.2</ele>
      </trkpt>
      <trkpt lat="46.01334" lon="4.74897">
        <ele>169.8</ele>
      </trkpt>
      <trkpt lat="46.01306" lon="4.74912">
        <ele>169.9</ele>
      </trkpt>
      <trkpt lat="46.01261" lon="4.7494">
        <ele>169.6</ele>
      </trkpt>
      <trkpt lat="46.01261" lon="4.7494">
        <ele>169.6</ele>
      </trkpt>
      <trkpt lat="46.01217" lon="4.74968">
        <ele>169.3</ele>
      </trkpt>
      <trkpt lat="46.01168" lon="4.74996">
        <ele>169.4</ele>
      </trkpt>
      <trkpt lat="46.01163" lon="4.74998">
        <ele>169.5</ele>
      </trkpt>
      <trkpt lat="46.01162" lon="4.74998">
        <ele>169.5</ele>
      </trkpt>
      <trkpt lat="46.0116" lon="4.74999">
        <ele>169.5</ele>
      </trkpt>
      <trkpt lat="46.01159" lon="4.74999">
        <ele>169.5</ele>
      </trkpt>
      <trkpt lat="46.0108" lon="4.7503">
        <ele>169.8</ele>
      </trkpt>
      <trkpt lat="46.01035" lon="4.75048">
        <ele>172.3</ele>
      </trkpt>
      <trkpt lat="46.00994" lon="4.75061">
        <ele>174.1</ele>
      </trkpt>
      <trkpt lat="46.00983" lon="4.75062">
        <ele>173.8</ele>
      </trkpt>
      <trkpt lat="46.00975" lon="4.75062">
        <ele>173.6</ele>
      </trkpt>
      <trkpt lat="46.00914" lon="4.75079">
        <ele>173.6</ele>
      </trkpt>
      <trkpt lat="46.00883" lon="4.75087">
        <ele>173.8</ele>
      </trkpt>
      <trkpt lat="46.00852" lon="4.7509">
        <ele>173.6</ele>
      </trkpt>
      <trkpt lat="46.00807" lon="4.75086">
        <ele>173.6</ele>
      </trkpt>
      <trkpt lat="46.00789" lon="4.75081">
        <ele>173.3</ele>
      </trkpt>
      <trkpt lat="46.00789" lon="4.75081">
        <ele>173.3</ele>
      </trkpt>
      <trkpt lat="46.0074" lon="4.75069">
        <ele>172.9</ele>
      </trkpt>
      <trkpt lat="46.0074" lon="4.75069">
        <ele>172.9</ele>
      </trkpt>
      <trkpt lat="46.00706" lon="4.75068">
        <ele>173.8</ele>
      </trkpt>
      <trkpt lat="46.00625" lon="4.75071">
        <ele>175.4</ele>
      </trkpt>
      <trkpt lat="46.00545" lon="4.75075">
        <ele>174.7</ele>
      </trkpt>
      <trkpt lat="46.00495" lon="4.75074">
        <ele>173.1</ele>
      </trkpt>
      <trkpt lat="46.00444" lon="4.75073">
        <ele>172.4</ele>
      </trkpt>
      <trkpt lat="46.00395" lon="4.75065">
        <ele>171.7</ele>
      </trkpt>
      <trkpt lat="46.00377" lon="4.75067">
        <ele>172.0</ele>
      </trkpt>
      <trkpt lat="46.00368" lon="4.75064">
        <ele>171.8</ele>
      </trkpt>
      <trkpt lat="46.00324" lon="4.75039">
        <ele>170.2</ele>
      </trkpt>
      <trkpt lat="46.0028" lon="4.75014">
        <ele>170.6</ele>
      </trkpt>
      <trkpt lat="46.0028" lon="4.75014">
        <ele>170.6</ele>
      </trkpt>
      <trkpt lat="46.00253" lon="4.74999">
        <ele>171.7</ele>
      </trkpt>
      <trkpt lat="46.00239" lon="4.74994">
        <ele>171.4</ele>
      </trkpt>
      <trkpt lat="46.0024" lon="4.74985">
        <ele>170.8</ele>
      </trkpt>
      <trkpt lat="46.00211" lon="4.74975">
        <ele>169.9</ele>
      </trkpt>
      <trkpt lat="46.00205" lon="4.74974">
        <ele>169.8</ele>
      </trkpt>
      <trkpt lat="46.00195" lon="4.74977">
        <ele>169.9</ele>
      </trkpt>
      <trkpt lat="46.0018" lon="4.74994">
        <ele>170.8</ele>
      </trkpt>
      <trkpt lat="46.00171" lon="4.75001">
        <ele>171.1</ele>
      </trkpt>
      <trkpt lat="46.00157" lon="4.75003">
        <ele>171.1</ele>
      </trkpt>
      <trkpt lat="46.00129" lon="4.75009">
        <ele>171.3</ele>
      </trkpt>
      <trkpt lat="46.00129" lon="4.75009">
        <ele>171.3</ele>
      </trkpt>
      <trkpt lat="46.00099" lon="4.75017">
        <ele>171.5</ele>
      </trkpt>
      <trkpt lat="46.00033" lon="4.75022">
        <ele>172.0</ele>
      </trkpt>
      <trkpt lat="45.99978" lon="4.7504">
        <ele>171.3</ele>
      </trkpt>
      <trkpt lat="45.99978" lon="4.7504">
        <ele>171.3</ele>
      </trkpt>
      <trkpt lat="45.99928" lon="4.75062">
        <ele>169.5</ele>
      </trkpt>
      <trkpt lat="45.99878" lon="4.75083">
        <ele>171.4</ele>
      </trkpt>
      <trkpt lat="45.99875" lon="4.75088">
        <ele>171.6</ele>
      </trkpt>
      <trkpt lat="45.99871" lon="4.75104">
        <ele>171.8</ele>
      </trkpt>
      <trkpt lat="45.99825" lon="4.75117">
        <ele>172.9</ele>
      </trkpt>
      <trkpt lat="45.9978" lon="4.7513">
        <ele>174.2</ele>
      </trkpt>
      <trkpt lat="45.99722" lon="4.75145">
        <ele>173.4</ele>
      </trkpt>
      <trkpt lat="45.99664" lon="4.75159">
        <ele>172.0</ele>
      </trkpt>
      <trkpt lat="45.99664" lon="4.75159">
        <ele>172.0</ele>
      </trkpt>
      <trkpt lat="45.9965" lon="4.75161">
        <ele>172.4</ele>
      </trkpt>
      <trkpt lat="45.99643" lon="4.7516">
        <ele>172.6</ele>
      </trkpt>
      <trkpt lat="45.99634" lon="4.75155">
        <ele>172.6</ele>
      </trkpt>
      <trkpt lat="45.99622" lon="4.75146">
        <ele>172.3</ele>
      </trkpt>
      <trkpt lat="45.99614" lon="4.75141">
        <ele>172.0</ele>
      </trkpt>
      <trkpt lat="45.99589" lon="4.7514">
        <ele>172.1</ele>
      </trkpt>
      <trkpt lat="45.99578" lon="4.75144">
        <ele>172.3</ele>
      </trkpt>
      <trkpt lat="45.99571" lon="4.7515">
        <ele>172.5</ele>
      </trkpt>
      <trkpt lat="45.99565" lon="4.75164">
        <ele>173.4</ele>
      </trkpt>
      <trkpt lat="45.99562" lon="4.75176">
        <ele>173.3</ele>
      </trkpt>
      <trkpt lat="45.99556" lon="4.75185">
        <ele>172.7</ele>
      </trkpt>
      <trkpt lat="45.99537" lon="4.75189">
        <ele>171.6</ele>
      </trkpt>
      <trkpt lat="45.99537" lon="4.75189">
        <ele>171.6</ele>
      </trkpt>
      <trkpt lat="45.99521" lon="4.75192">
        <ele>170.7</ele>
      </trkpt>
      <trkpt lat="45.99485" lon="4.75207">
        <ele>170.0</ele>
      </trkpt>
      <trkpt lat="45.99452" lon="4.75212">
        <ele>170.1</ele>
      </trkpt>
      <trkpt lat="45.99414" lon="4.75222">
        <ele>170.3</ele>
      </trkpt>
      <trkpt lat="45.99341" lon="4.75226">
        <ele>169.1</ele>
      </trkpt>
      <trkpt lat="45.99324" lon="4.75218">
        <ele>168.9</ele>
      </trkpt>
      <trkpt lat="45.99298" lon="4.75217">
        <ele>168.5</ele>
      </trkpt>
      <trkpt lat="45.99247" lon="4.75218">
        <ele>167.9</ele>
      </trkpt>
      <trkpt lat="45.99182" lon="4.75201">
        <ele>168.2</ele>
      </trkpt>
      <trkpt lat="45.99169" lon="4.752">
        <ele>168.4</ele>
      </trkpt>
      <trkpt lat="45.99169" lon="4.752">
        <ele>168.4</ele>
      </trkpt>
      <trkpt lat="45.9911" lon="4.75193">
        <ele>167.4</ele>
      </trkpt>
      <trkpt lat="45.99059" lon="4.75192">
        <ele>166.8</ele>
      </trkpt>
      <trkpt lat="45.99008" lon="4.7519">
        <ele>166.4</ele>
      </trkpt>
      <trkpt lat="45.98972" lon="4.7519">
        <ele>166.4</ele>
      </trkpt>
      <trkpt lat="45.98925" lon="4.75194">
        <ele>166.6</ele>
      </trkpt>
      <trkpt lat="45.98906" lon="4.75203">
        <ele>167.3</ele>
      </trkpt>
      <trkpt lat="45.9886" lon="4.75209">
        <ele>168.2</ele>
      </trkpt>
      <trkpt lat="45.98814" lon="4.75215">
        <ele>168.3</ele>
      </trkpt>
      <trkpt lat="45.98806" lon="4.75216">
        <ele>168.3</ele>
      </trkpt>
      <trkpt lat="45.98806" lon="4.75216">
        <ele>168.3</ele>
      </trkpt>
      <trkpt lat="45.98789" lon="4.75218">
        <ele>168.1</ele>
      </trkpt>
      <trkpt lat="45.98781" lon="4.75217">
        <ele>168.0</ele>
      </trkpt>
      <trkpt lat="45.98774" lon="4.75216">
        <ele>167.9</ele>
      </trkpt>
      <trkpt lat="45.98771" lon="4.75216">
        <ele>167.8</ele>
      </trkpt>
      <trkpt lat="45.98763" lon="4.75213">
        <ele>167.7</ele>
      </trkpt>
      <trkpt lat="45.98758" lon="4.75208">
        <ele>167.6</ele>
      </trkpt>
      <trkpt lat="45.98732" lon="4.75195">
        <ele>167.8</ele>
      </trkpt>
      <trkpt lat="45.98722" lon="4.75191">
        <ele>168.1</ele>
      </trkpt>
      <trkpt lat="45.98705" lon="4.75187">
        <ele>168.5</ele>
      </trkpt>
      <trkpt lat="45.98681" lon="4.75188">
        <ele>169.1</ele>
      </trkpt>
      <trkpt lat="45.98659" lon="4.75191">
        <ele>169.9</ele>
      </trkpt>
      <trkpt lat="45.98617" lon="4.75191">
        <ele>171.6</ele>
      </trkpt>
      <trkpt lat="45.98617" lon="4.75191">
        <ele>171.6</ele>
      </trkpt>
      <trkpt lat="45.98611" lon="4.75191">
        <ele>171.9</ele>
      </trkpt>
      <trkpt lat="45.98603" lon="4.75189">
        <ele>172.2</ele>
      </trkpt>
      <trkpt lat="45.98597" lon="4.75183">
        <ele>172.4</ele>
      </trkpt>
      <trkpt lat="45.98596" lon="4.75188">
        <ele>172.5</ele>
      </trkpt>
      <trkpt lat="45.98627" lon="4.75221">
        <ele>171.6</ele>
      </trkpt>
      <trkpt lat="45.986" lon="4.75223">
        <ele>172.5</ele>
      </trkpt>
      <trkpt lat="45.986" lon="4.75223">
        <ele>172.5</ele>
      </trkpt>
      <trkpt lat="45.98533" lon="4.75226">
        <ele>173.0</ele>
      </trkpt>
      <trkpt lat="45.98523" lon="4.75249">
        <ele>173.0</ele>
      </trkpt>
      <trkpt lat="45.98529" lon="4.75274">
        <ele>173.1</ele>
      </trkpt>
      <trkpt lat="45.98525" lon="4.75275">
        <ele>173.1</ele>
      </trkpt>
      <trkpt lat="45.98526" lon="4.75282">
        <ele>173.1</ele>
      </trkpt>
      <trkpt lat="45.98524" lon="4.75287">
        <ele>173.1</ele>
      </trkpt>
      <trkpt lat="45.98522" lon="4.75289">
        <ele>173.1</ele>
      </trkpt>
      <trkpt lat="45.98517" lon="4.75294">
        <ele>173.1</ele>
      </trkpt>
      <trkpt lat="45.98513" lon="4.75299">
        <ele>173.1</ele>
      </trkpt>
      <trkpt lat="45.98507" lon="4.75305">
        <ele>173.1</ele>
      </trkpt>
      <trkpt lat="45.98504" lon="4.75306">
        <ele>173.0</ele>
      </trkpt>
      <trkpt lat="45.98497" lon="4.75306">
        <ele>173.0</ele>
      </trkpt>
      <trkpt lat="45.98471" lon="4.75301">
        <ele>173.1</ele>
      </trkpt>
      <trkpt lat="45.98471" lon="4.75301">
        <ele>173.1</ele>
      </trkpt>
      <trkpt lat="45.98464" lon="4.753">
        <ele>173.2</ele>
      </trkpt>
      <trkpt lat="45.98459" lon="4.75301">
        <ele>173.2</ele>
      </trkpt>
      <trkpt lat="45.98455" lon="4.75298">
        <ele>173.2</ele>
      </trkpt>
      <trkpt lat="45.98452" lon="4.75292">
        <ele>173.3</ele>
      </trkpt>
      <trkpt lat="45.98452" lon="4.75292">
        <ele>173.3</ele>
      </trkpt>
      <trkpt lat="45.98439" lon="4.75291">
        <ele>173.4</ele>
      </trkpt>
      <trkpt lat="45.98437" lon="4.75295">
        <ele>173.3</ele>
      </trkpt>
      <trkpt lat="45.98434" lon="4.75298">
        <ele>173.3</ele>
      </trkpt>
      <trkpt lat="45.98432" lon="4.75299">
        <ele>173.3</ele>
      </trkpt>
      <trkpt lat="45.98432" lon="4.75299">
        <ele>173.3</ele>
      </trkpt>
      <trkpt lat="45.98403" lon="4.75298">
        <ele>173.3</ele>
      </trkpt>
      <trkpt lat="45.98403" lon="4.75298">
        <ele>173.3</ele>
      </trkpt>
      <trkpt lat="45.98372" lon="4.75303">
        <ele>173.0</ele>
      </trkpt>
      <trkpt lat="45.98326" lon="4.75318">
        <ele>172.9</ele>
      </trkpt>
      <trkpt lat="45.98284" lon="4.75331">
        <ele>173.5</ele>
      </trkpt>
      <trkpt lat="45.98276" lon="4.75332">
        <ele>173.7</ele>
      </trkpt>
      <trkpt lat="45.98266" lon="4.75332">
        <ele>173.8</ele>
      </trkpt>
      <trkpt lat="45.98249" lon="4.75327">
        <ele>173.9</ele>
      </trkpt>
      <trkpt lat="45.98225" lon="4.75316">
        <ele>173.4</ele>
      </trkpt>
      <trkpt lat="45.98207" lon="4.75311">
        <ele>173.0</ele>
      </trkpt>
      <trkpt lat="45.98197" lon="4.75311">
        <ele>172.9</ele>
      </trkpt>
      <trkpt lat="45.9818" lon="4.75316">
        <ele>173.2</ele>
      </trkpt>
      <trkpt lat="45.98161" lon="4.75327">
        <ele>173.8</ele>
      </trkpt>
      <trkpt lat="45.98161" lon="4.75327">
        <ele>173.8</ele>
      </trkpt>
      <trkpt lat="45.98141" lon="4.75337">
        <ele>172.3</ele>
      </trkpt>
      <trkpt lat="45.98138" lon="4.75337">
        <ele>172.0</ele>
      </trkpt>
      <trkpt lat="45.98132" lon="4.75329">
        <ele>171.0</ele>
      </trkpt>
      <trkpt lat="45.98123" lon="4.75329">
        <ele>170.1</ele>
      </trkpt>
      <trkpt lat="45.98098" lon="4.75346">
        <ele>168.5</ele>
      </trkpt>
      <trkpt lat="45.98098" lon="4.75346">
        <ele>168.5</ele>
      </trkpt>
      <trkpt lat="45.98078" lon="4.75357">
        <ele>167.9</ele>
      </trkpt>
      <trkpt lat="45.98066" lon="4.75364">
        <ele>168.3</ele>
      </trkpt>
      <trkpt lat="45.98048" lon="4.75373">
        <ele>168.5</ele>
      </trkpt>
      <trkpt lat="45.98026" lon="4.75388">
        <ele>168.8</ele>
      </trkpt>
      <trkpt lat="45.97974" lon="4.75417">
        <ele>168.1</ele>
      </trkpt>
      <trkpt lat="45.97922" lon="4.75446">
        <ele>167.2</ele>
      </trkpt>
      <trkpt lat="45.9787" lon="4.7548">
        <ele>167.0</ele>
      </trkpt>
      <trkpt lat="45.97833" lon="4.75502">
        <ele>166.1</ele>
      </trkpt>
      <trkpt lat="45.97793" lon="4.75529">
        <ele>167.2</ele>
      </trkpt>
      <trkpt lat="45.97736" lon="4.75562">
        <ele>169.2</ele>
      </trkpt>
      <trkpt lat="45.97711" lon="4.75575">
        <ele>170.4</ele>
      </trkpt>
      <trkpt lat="45.97694" lon="4.75582">
        <ele>171.3</ele>
      </trkpt>
      <trkpt lat="45.97694" lon="4.75582">
        <ele>171.3</ele>
      </trkpt>
      <trkpt lat="45.97669" lon="4.75593">
        <ele>171.6</ele>
      </trkpt>
      <trkpt lat="45.97657" lon="4.75596">
        <ele>171.0</ele>
      </trkpt>
      <trkpt lat="45.97641" lon="4.75608">
        <ele>170.0</ele>
      </trkpt>
      <trkpt lat="45.97633" lon="4.75611">
        <ele>169.7</ele>
      </trkpt>
      <trkpt lat="45.97618" lon="4.75613">
        <ele>169.1</ele>
      </trkpt>
      <trkpt lat="45.97599" lon="4.75623">
        <ele>168.8</ele>
      </trkpt>
      <trkpt lat="45.97585" lon="4.75627">
        <ele>168.7</ele>
      </trkpt>
      <trkpt lat="45.97566" lon="4.75638">
        <ele>169.1</ele>
      </trkpt>
      <trkpt lat="45.97546" lon="4.75643">
        <ele>169.3</ele>
      </trkpt>
      <trkpt lat="45.97531" lon="4.75645">
        <ele>169.2</ele>
      </trkpt>
      <trkpt lat="45.97508" lon="4.75656">
        <ele>169.6</ele>
      </trkpt>
      <trkpt lat="45.97484" lon="4.75664">
        <ele>169.7</ele>
      </trkpt>
      <trkpt lat="45.97458" lon="4.75666">
        <ele>169.5</ele>
      </trkpt>
      <trkpt lat="45.974" lon="4.75669">
        <ele>170.5</ele>
      </trkpt>
      <trkpt lat="45.97343" lon="4.75671">
        <ele>175.3</ele>
      </trkpt>
      <trkpt lat="45.97338" lon="4.7567">
        <ele>175.7</ele>
      </trkpt>
      <trkpt lat="45.97338" lon="4.7567">
        <ele>175.7</ele>
      </trkpt>
      <trkpt lat="45.97278" lon="4.7566">
        <ele>174.0</ele>
      </trkpt>
      <trkpt lat="45.97247" lon="4.75651">
        <ele>172.6</ele>
      </trkpt>
      <trkpt lat="45.97163" lon="4.75621">
        <ele>175.0</ele>
      </trkpt>
      <trkpt lat="45.97125" lon="4.75599">
        <ele>175.0</ele>
      </trkpt>
      <trkpt lat="45.97097" lon="4.75575">
        <ele>173.8</ele>
      </trkpt>
      <trkpt lat="45.97097" lon="4.75575">
        <ele>173.8</ele>
      </trkpt>
      <trkpt lat="45.97083" lon="4.75566">
        <ele>173.1</ele>
      </trkpt>
      <trkpt lat="45.97062" lon="4.75561">
        <ele>173.5</ele>
      </trkpt>
      <trkpt lat="45.97037" lon="4.75556">
        <ele>173.9</ele>
      </trkpt>
      <trkpt lat="45.97021" lon="4.75543">
        <ele>172.6</ele>
      </trkpt>
      <trkpt lat="45.97015" lon="4.7554">
        <ele>172.3</ele>
      </trkpt>
      <trkpt lat="45.96973" lon="4.75527">
        <ele>172.2</ele>
      </trkpt>
      <trkpt lat="45.96896" lon="4.755">
        <ele>173.3</ele>
      </trkpt>
      <trkpt lat="45.96863" lon="4.75485">
        <ele>172.3</ele>
      </trkpt>
      <trkpt lat="45.96815" lon="4.75468">
        <ele>172.5</ele>
      </trkpt>
      <trkpt lat="45.96778" lon="4.75449">
        <ele>172.3</ele>
      </trkpt>
      <trkpt lat="45.96751" lon="4.75437">
        <ele>171.4</ele>
      </trkpt>
      <trkpt lat="45.96736" lon="4.75429">
        <ele>171.4</ele>
      </trkpt>
      <trkpt lat="45.96719" lon="4.75418">
        <ele>170.7</ele>
      </trkpt>
      <trkpt lat="45.96676" lon="4.7539">
        <ele>172.1</ele>
      </trkpt>
      <trkpt lat="45.96616" lon="4.75343">
        <ele>173.7</ele>
      </trkpt>
      <trkpt lat="45.96538" lon="4.75278">
        <ele>172.8</ele>
      </trkpt>
      <trkpt lat="45.96489" lon="4.75236">
        <ele>170.6</ele>
      </trkpt>
      <trkpt lat="45.96439" lon="4.75194">
        <ele>170.2</ele>
      </trkpt>
      <trkpt lat="45.96427" lon="4.75187">
        <ele>169.5</ele>
      </trkpt>
      <trkpt lat="45.96405" lon="4.75169">
        <ele>167.2</ele>
      </trkpt>
      <trkpt lat="45.96374" lon="4.75141">
        <ele>167.8</ele>
      </trkpt>
      <trkpt lat="45.9635" lon="4.75117">
        <ele>167.6</ele>
      </trkpt>
      <trkpt lat="45.96324" lon="4.75093">
        <ele>167.2</ele>
      </trkpt>
      <trkpt lat="45.96311" lon="4.75083">
        <ele>167.3</ele>
      </trkpt>
      <trkpt lat="45.96294" lon="4.75071">
        <ele>168.0</ele>
      </trkpt>
      <trkpt lat="45.96275" lon="4.75056">
        <ele>168.4</ele>
      </trkpt>
      <trkpt lat="45.96253" lon="4.75037">
        <ele>168.1</ele>
      </trkpt>
      <trkpt lat="45.96253" lon="4.75037">
        <ele>168.1</ele>
      </trkpt>
      <trkpt lat="45.96213" lon="4.74996">
        <ele>168.5</ele>
      </trkpt>
      <trkpt lat="45.96184" lon="4.74977">
        <ele>169.4</ele>
      </trkpt>
      <trkpt lat="45.96163" lon="4.74956">
        <ele>169.2</ele>
      </trkpt>
      <trkpt lat="45.96114" lon="4.74898">
        <ele>169.9</ele>
      </trkpt>
      <trkpt lat="45.96101" lon="4.7488">
        <ele>169.5</ele>
      </trkpt>
      <trkpt lat="45.96086" lon="4.74861">
        <ele>168.6</ele>
      </trkpt>
      <trkpt lat="45.96064" lon="4.7484">
        <ele>169.4</ele>
      </trkpt>
      <trkpt lat="45.96057" lon="4.74831">
        <ele>169.7</ele>
      </trkpt>
      <trkpt lat="45.96046" lon="4.7481">
        <ele>169.9</ele>
      </trkpt>
      <trkpt lat="45.96028" lon="4.74784">
        <ele>169.3</ele>
      </trkpt>
      <trkpt lat="45.95989" lon="4.74743">
        <ele>167.6</ele>
      </trkpt>
      <trkpt lat="45.95974" lon="4.74722">
        <ele>169.4</ele>
      </trkpt>
      <trkpt lat="45.95936" lon="4.74662">
        <ele>171.1</ele>
      </trkpt>
      <trkpt lat="45.95911" lon="4.7462">
        <ele>169.7</ele>
      </trkpt>
      <trkpt lat="45.95877" lon="4.74557">
        <ele>170.6</ele>
      </trkpt>
      <trkpt lat="45.95843" lon="4.74494">
        <ele>172.1</ele>
      </trkpt>
      <trkpt lat="45.95792" lon="4.74403">
        <ele>173.7</ele>
      </trkpt>
      <trkpt lat="45.95741" lon="4.74312">
        <ele>173.0</ele>
      </trkpt>
      <trkpt lat="45.95708" lon="4.74249">
        <ele>172.0</ele>
      </trkpt>
      <trkpt lat="45.95661" lon="4.74172">
        <ele>173.8</ele>
      </trkpt>
      <trkpt lat="45.95614" lon="4.74095">
        <ele>172.2</ele>
      </trkpt>
      <trkpt lat="45.95594" lon="4.74063">
        <ele>171.7</ele>
      </trkpt>
      <trkpt lat="45.95594" lon="4.74063">
        <ele>171.7</ele>
      </trkpt>
      <trkpt lat="45.95538" lon="4.73973">
        <ele>171.2</ele>
      </trkpt>
      <trkpt lat="45.95509" lon="4.73929">
        <ele>171.2</ele>
      </trkpt>
      <trkpt lat="45.95466" lon="4.73867">
        <ele>171.1</ele>
      </trkpt>
      <trkpt lat="45.95423" lon="4.73805">
        <ele>171.2</ele>
      </trkpt>
      <trkpt lat="45.9538" lon="4.73743">
        <ele>173.1</ele>
      </trkpt>
      <trkpt lat="45.95339" lon="4.73682">
        <ele>171.0</ele>
      </trkpt>
      <trkpt lat="45.95298" lon="4.73621">
        <ele>171.7</ele>
      </trkpt>
      <trkpt lat="45.95249" lon="4.73568">
        <ele>171.3</ele>
      </trkpt>
      <trkpt lat="45.9524" lon="4.7356">
        <ele>171.7</ele>
      </trkpt>
      <trkpt lat="45.95208" lon="4.7351">
        <ele>169.9</ele>
      </trkpt>
      <trkpt lat="45.95185" lon="4.73469">
        <ele>170.4</ele>
      </trkpt>
      <trkpt lat="45.95148" lon="4.73412">
        <ele>170.6</ele>
      </trkpt>
      <trkpt lat="45.9513" lon="4.73388">
        <ele>170.7</ele>
      </trkpt>
      <trkpt lat="45.95103" lon="4.73356">
        <ele>170.1</ele>
      </trkpt>
      <trkpt lat="45.95073" lon="4.73322">
        <ele>169.5</ele>
      </trkpt>
      <trkpt lat="45.95012" lon="4.73257">
        <ele>169.2</ele>
      </trkpt>
      <trkpt lat="45.94975" lon="4.7322">
        <ele>168.8</ele>
      </trkpt>
      <trkpt lat="45.9494" lon="4.73189">
        <ele>168.4</ele>
      </trkpt>
      <trkpt lat="45.949" lon="4.73159">
        <ele>168.4</ele>
      </trkpt>
      <trkpt lat="45.94831" lon="4.7311">
        <ele>170.4</ele>
      </trkpt>
      <trkpt lat="45.94759" lon="4.7307">
        <ele>171.9</ele>
      </trkpt>
      <trkpt lat="45.94704" lon="4.73043">
        <ele>171.1</ele>
      </trkpt>
      <trkpt lat="45.94661" lon="4.73026">
        <ele>171.3</ele>
      </trkpt>
      <trkpt lat="45.94661" lon="4.73026">
        <ele>171.3</ele>
      </trkpt>
      <trkpt lat="45.94653" lon="4.73023">
        <ele>171.3</ele>
      </trkpt>
      <trkpt lat="45.94601" lon="4.73015">
        <ele>171.2</ele>
      </trkpt>
      <trkpt lat="45.94548" lon="4.73007">
        <ele>171.1</ele>
      </trkpt>
      <trkpt lat="45.94462" lon="4.73014">
        <ele>169.0</ele>
      </trkpt>
      <trkpt lat="45.94452" lon="4.73014">
        <ele>168.5</ele>
      </trkpt>
      <trkpt lat="45.94447" lon="4.73016">
        <ele>168.3</ele>
      </trkpt>
      <trkpt lat="45.94443" lon="4.73019">
        <ele>168.1</ele>
      </trkpt>
      <trkpt lat="45.9442" lon="4.73048">
        <ele>167.9</ele>
      </trkpt>
      <trkpt lat="45.94394" lon="4.73075">
        <ele>168.0</ele>
      </trkpt>
      <trkpt lat="45.94355" lon="4.73109">
        <ele>168.2</ele>
      </trkpt>
      <trkpt lat="45.94298" lon="4.73156">
        <ele>168.1</ele>
      </trkpt>
      <trkpt lat="45.9424" lon="4.73203">
        <ele>168.4</ele>
      </trkpt>
      <trkpt lat="45.94183" lon="4.7325">
        <ele>170.6</ele>
      </trkpt>
      <trkpt lat="45.94154" lon="4.7328">
        <ele>170.6</ele>
      </trkpt>
      <trkpt lat="45.9413" lon="4.73313">
        <ele>171.2</ele>
      </trkpt>
      <trkpt lat="45.94083" lon="4.73386">
        <ele>172.9</ele>
      </trkpt>
      <trkpt lat="45.94083" lon="4.73386">
        <ele>172.9</ele>
      </trkpt>
      <trkpt lat="45.94054" lon="4.73432">
        <ele>171.7</ele>
      </trkpt>
      <trkpt lat="45.94021" lon="4.73491">
        <ele>170.0</ele>
      </trkpt>
      <trkpt lat="45.94001" lon="4.73533">
        <ele>168.5</ele>
      </trkpt>
      <trkpt lat="45.93989" lon="4.73564">
        <ele>168.4</ele>
      </trkpt>
      <trkpt lat="45.93977" lon="4.736">
        <ele>168.9</ele>
      </trkpt>
      <trkpt lat="45.93961" lon="4.73675">
        <ele>172.0</ele>
      </trkpt>
      <trkpt lat="45.9395" lon="4.73761">
        <ele>171.8</ele>
      </trkpt>
      <trkpt lat="45.9394" lon="4.73863">
        <ele>171.3</ele>
      </trkpt>
      <trkpt lat="45.93932" lon="4.73927">
        <ele>171.4</ele>
      </trkpt>
      <trkpt lat="45.93925" lon="4.73992">
        <ele>171.8</ele>
      </trkpt>
      <trkpt lat="45.9392" lon="4.74042">
        <ele>171.0</ele>
      </trkpt>
      <trkpt lat="45.93912" lon="4.74147">
        <ele>168.6</ele>
      </trkpt>
      <trkpt lat="45.93904" lon="4.74251">
        <ele>169.8</ele>
      </trkpt>
      <trkpt lat="45.93902" lon="4.74371">
        <ele>170.7</ele>
      </trkpt>
      <trkpt lat="45.93908" lon="4.74433">
        <ele>171.1</ele>
      </trkpt>
      <trkpt lat="45.93908" lon="4.74475">
        <ele>170.7</ele>
      </trkpt>
      <trkpt lat="45.93907" lon="4.74509">
        <ele>170.3</ele>
      </trkpt>
      <trkpt lat="45.93901" lon="4.74561">
        <ele>169.9</ele>
      </trkpt>
      <trkpt lat="45.93883" lon="4.74633">
        <ele>170.1</ele>
      </trkpt>
      <trkpt lat="45.93859" lon="4.74704">
        <ele>169.5</ele>
      </trkpt>
      <trkpt lat="45.93834" lon="4.74761">
        <ele>168.0</ele>
      </trkpt>
      <trkpt lat="45.93834" lon="4.74761">
        <ele>168.0</ele>
      </trkpt>
      <trkpt lat="45.93824" lon="4.74785">
        <ele>167.8</ele>
      </trkpt>
      <trkpt lat="45.93783" lon="4.74859">
        <ele>167.8</ele>
      </trkpt>
      <trkpt lat="45.93742" lon="4.74933">
        <ele>170.2</ele>
      </trkpt>
      <trkpt lat="45.93703" lon="4.75021">
        <ele>167.2</ele>
      </trkpt>
      <trkpt lat="45.93664" lon="4.75109">
        <ele>167.9</ele>
      </trkpt>
      <trkpt lat="45.93633" lon="4.75184">
        <ele>168.1</ele>
      </trkpt>
      <trkpt lat="45.93613" lon="4.75251">
        <ele>166.7</ele>
      </trkpt>
      <trkpt lat="45.936" lon="4.75315">
        <ele>169.1</ele>
      </trkpt>
      <trkpt lat="45.93583" lon="4.75419">
        <ele>168.0</ele>
      </trkpt>
      <trkpt lat="45.93566" lon="4.75523">
        <ele>169.6</ele>
      </trkpt>
      <trkpt lat="45.93548" lon="4.75627">
        <ele>170.1</ele>
      </trkpt>
      <trkpt lat="45.93531" lon="4.75731">
        <ele>169.0</ele>
      </trkpt>
      <trkpt lat="45.93523" lon="4.75791">
        <ele>168.1</ele>
      </trkpt>
      <trkpt lat="45.93525" lon="4.75833">
        <ele>168.1</ele>
      </trkpt>
      <trkpt lat="45.93529" lon="4.75863">
        <ele>168.1</ele>
      </trkpt>
      <trkpt lat="45.93556" lon="4.75953">
        <ele>169.3</ele>
      </trkpt>
      <trkpt lat="45.93582" lon="4.76027">
        <ele>171.3</ele>
      </trkpt>
      <trkpt lat="45.93609" lon="4.76102">
        <ele>169.5</ele>
      </trkpt>
      <trkpt lat="45.93641" lon="4.76197">
        <ele>169.6</ele>
      </trkpt>
      <trkpt lat="45.93641" lon="4.76197">
        <ele>169.6</ele>
      </trkpt>
      <trkpt lat="45.93677" lon="4.76301">
        <ele>169.9</ele>
      </trkpt>
      <trkpt lat="45.93712" lon="4.76405">
        <ele>168.8</ele>
      </trkpt>
      <trkpt lat="45.93747" lon="4.7651">
        <ele>169.7</ele>
      </trkpt>
      <trkpt lat="45.93779" lon="4.766">
        <ele>169.3</ele>
      </trkpt>
      <trkpt lat="45.93792" lon="4.76634">
        <ele>169.1</ele>
      </trkpt>
      <trkpt lat="45.93811" lon="4.76677">
        <ele>169.8</ele>
      </trkpt>
      <trkpt lat="45.93853" lon="4.76748">
        <ele>172.7</ele>
      </trkpt>
      <trkpt lat="45.93895" lon="4.76814">
        <ele>171.4</ele>
      </trkpt>
      <trkpt lat="45.93938" lon="4.76877">
        <ele>172.2</ele>
      </trkpt>
      <trkpt lat="45.93939" lon="4.76894">
        <ele>172.1</ele>
      </trkpt>
      <trkpt lat="45.93943" lon="4.76907">
        <ele>172.0</ele>
      </trkpt>
      <trkpt lat="45.93944" lon="4.76932">
        <ele>171.2</ele>
      </trkpt>
      <trkpt lat="45.93946" lon="4.76948">
        <ele>170.4</ele>
      </trkpt>
      <trkpt lat="45.93956" lon="4.76985">
        <ele>169.0</ele>
      </trkpt>
      <trkpt lat="45.9397" lon="4.77032">
        <ele>169.4</ele>
      </trkpt>
      <trkpt lat="45.93986" lon="4.77091">
        <ele>171.0</ele>
      </trkpt>
      <trkpt lat="45.93991" lon="4.77113">
        <ele>171.4</ele>
      </trkpt>
      <trkpt lat="45.93999" lon="4.77161">
        <ele>171.9</ele>
      </trkpt>
      <trkpt lat="45.93998" lon="4.77196">
        <ele>171.2</ele>
      </trkpt>
      <trkpt lat="45.94001" lon="4.77202">
        <ele>171.2</ele>
      </trkpt>
      <trkpt lat="45.94003" lon="4.77208">
        <ele>171.3</ele>
      </trkpt>
      <trkpt lat="45.94" lon="4.77236">
        <ele>170.3</ele>
      </trkpt>
      <trkpt lat="45.94006" lon="4.77233">
        <ele>171.1</ele>
      </trkpt>
      <trkpt lat="45.94008" lon="4.77207">
        <ele>171.8</ele>
      </trkpt>
      <trkpt lat="45.94009" lon="4.77202">
        <ele>172.0</ele>
      </trkpt>
      <trkpt lat="45.94014" lon="4.77197">
        <ele>172.6</ele>
      </trkpt>
      <trkpt lat="45.94018" lon="4.772">
        <ele>172.9</ele>
      </trkpt>
      <trkpt lat="45.94019" lon="4.77206">
        <ele>173.0</ele>
      </trkpt>
      <trkpt lat="45.94017" lon="4.77231">
        <ele>172.5</ele>
      </trkpt>
      <trkpt lat="45.94012" lon="4.7723">
        <ele>172.4</ele>
      </trkpt>
      <trkpt lat="45.9401" lon="4.77254">
        <ele>172.2</ele>
      </trkpt>
      <trkpt lat="45.93992" lon="4.7725">
        <ele>171.9</ele>
      </trkpt>
      <trkpt lat="45.93992" lon="4.7725">
        <ele>171.9</ele>
      </trkpt>
      <trkpt lat="45.93911" lon="4.77232">
        <ele>170.8</ele>
      </trkpt>
      <trkpt lat="45.9383" lon="4.77213">
        <ele>169.7</ele>
      </trkpt>
      <trkpt lat="45.9383" lon="4.77213">
        <ele>169.7</ele>
      </trkpt>
      <trkpt lat="45.93806" lon="4.77203">
        <ele>169.4</ele>
      </trkpt>
      <trkpt lat="45.93786" lon="4.77243">
        <ele>170.7</ele>
      </trkpt>
      <trkpt lat="45.93769" lon="4.77282">
        <ele>169.8</ele>
      </trkpt>
      <trkpt lat="45.93769" lon="4.77282">
        <ele>169.8</ele>
      </trkpt>
      <trkpt lat="45.9373" lon="4.77372">
        <ele>168.4</ele>
      </trkpt>
      <trkpt lat="45.93714" lon="4.77406">
        <ele>168.8</ele>
      </trkpt>
      <trkpt lat="45.93693" lon="4.77425">
        <ele>169.3</ele>
      </trkpt>
      <trkpt lat="45.93683" lon="4.77432">
        <ele>169.6</ele>
      </trkpt>
      <trkpt lat="45.93672" lon="4.77439">
        <ele>169.9</ele>
      </trkpt>
      <trkpt lat="45.9366" lon="4.77445">
        <ele>170.0</ele>
      </trkpt>
      <trkpt lat="45.93617" lon="4.77449">
        <ele>169.8</ele>
      </trkpt>
      <trkpt lat="45.93571" lon="4.77447">
        <ele>169.6</ele>
      </trkpt>
      <trkpt lat="45.93551" lon="4.77449">
        <ele>169.5</ele>
      </trkpt>
      <trkpt lat="45.93523" lon="4.77447">
        <ele>169.4</ele>
      </trkpt>
      <trkpt lat="45.93497" lon="4.77448">
        <ele>169.3</ele>
      </trkpt>
      <trkpt lat="45.93473" lon="4.77453">
        <ele>169.3</ele>
      </trkpt>
      <trkpt lat="45.93452" lon="4.7746">
        <ele>169.3</ele>
      </trkpt>
      <trkpt lat="45.93368" lon="4.77496">
        <ele>169.6</ele>
      </trkpt>
      <trkpt lat="45.93328" lon="4.77506">
        <ele>169.9</ele>
      </trkpt>
      <trkpt lat="45.93328" lon="4.77506">
        <ele>169.9</ele>
      </trkpt>
      <trkpt lat="45.933" lon="4.77514">
        <ele>169.9</ele>
      </trkpt>
      <trkpt lat="45.93266" lon="4.77518">
        <ele>170.0</ele>
      </trkpt>
      <trkpt lat="45.93238" lon="4.77518">
        <ele>170.0</ele>
      </trkpt>
      <trkpt lat="45.93213" lon="4.77514">
        <ele>169.9</ele>
      </trkpt>
      <trkpt lat="45.93174" lon="4.77497">
        <ele>170.0</ele>
      </trkpt>
      <trkpt lat="45.93153" lon="4.77489">
        <ele>170.1</ele>
      </trkpt>
      <trkpt lat="45.93137" lon="4.77487">
        <ele>170.1</ele>
      </trkpt>
      <trkpt lat="45.93122" lon="4.77489">
        <ele>170.1</ele>
      </trkpt>
      <trkpt lat="45.9311" lon="4.77492">
        <ele>170.0</ele>
      </trkpt>
      <trkpt lat="45.93101" lon="4.77496">
        <ele>170.0</ele>
      </trkpt>
      <trkpt lat="45.93086" lon="4.77508">
        <ele>170.0</ele>
      </trkpt>
      <trkpt lat="45.93062" lon="4.77536">
        <ele>170.4</ele>
      </trkpt>
      <trkpt lat="45.93043" lon="4.77553">
        <ele>170.8</ele>
      </trkpt>
      <trkpt lat="45.93033" lon="4.77557">
        <ele>171.0</ele>
      </trkpt>
      <trkpt lat="45.93003" lon="4.77558">
        <ele>171.6</ele>
      </trkpt>
      <trkpt lat="45.92997" lon="4.77561">
        <ele>171.7</ele>
      </trkpt>
      <trkpt lat="45.92931" lon="4.77572">
        <ele>171.8</ele>
      </trkpt>
      <trkpt lat="45.92884" lon="4.77581">
        <ele>172.0</ele>
      </trkpt>
      <trkpt lat="45.92838" lon="4.7759">
        <ele>171.9</ele>
      </trkpt>
      <trkpt lat="45.92782" lon="4.77603">
        <ele>171.0</ele>
      </trkpt>
      <trkpt lat="45.92726" lon="4.77616">
        <ele>169.9</ele>
      </trkpt>
      <trkpt lat="45.927" lon="4.77621">
        <ele>169.5</ele>
      </trkpt>
      <trkpt lat="45.92686" lon="4.77622">
        <ele>169.3</ele>
      </trkpt>
      <trkpt lat="45.92686" lon="4.77622">
        <ele>169.3</ele>
      </trkpt>
      <trkpt lat="45.92662" lon="4.7762">
        <ele>169.0</ele>
      </trkpt>
      <trkpt lat="45.92609" lon="4.77611">
        <ele>167.9</ele>
      </trkpt>
      <trkpt lat="45.92556" lon="4.77602">
        <ele>167.6</ele>
      </trkpt>
      <trkpt lat="45.92506" lon="4.77594">
        <ele>168.1</ele>
      </trkpt>
      <trkpt lat="45.92457" lon="4.77587">
        <ele>168.5</ele>
      </trkpt>
      <trkpt lat="45.92386" lon="4.7757">
        <ele>168.7</ele>
      </trkpt>
      <trkpt lat="45.92314" lon="4.77552">
        <ele>168.1</ele>
      </trkpt>
      <trkpt lat="45.92296" lon="4.77549">
        <ele>168.1</ele>
      </trkpt>
      <trkpt lat="45.92273" lon="4.77547">
        <ele>168.1</ele>
      </trkpt>
      <trkpt lat="45.92248" lon="4.77547">
        <ele>168.1</ele>
      </trkpt>
      <trkpt lat="45.9221" lon="4.7755">
        <ele>167.9</ele>
      </trkpt>
      <trkpt lat="45.92131" lon="4.77566">
        <ele>167.5</ele>
      </trkpt>
      <trkpt lat="45.92052" lon="4.77581">
        <ele>167.7</ele>
      </trkpt>
      <trkpt lat="45.92019" lon="4.77586">
        <ele>168.5</ele>
      </trkpt>
      <trkpt lat="45.91986" lon="4.77587">
        <ele>169.1</ele>
      </trkpt>
      <trkpt lat="45.91965" lon="4.77583">
        <ele>169.4</ele>
      </trkpt>
      <trkpt lat="45.91948" lon="4.77577">
        <ele>169.6</ele>
      </trkpt>
      <trkpt lat="45.91905" lon="4.77556">
        <ele>169.5</ele>
      </trkpt>
      <trkpt lat="45.9186" lon="4.77528">
        <ele>169.4</ele>
      </trkpt>
      <trkpt lat="45.91811" lon="4.77499">
        <ele>169.3</ele>
      </trkpt>
      <trkpt lat="45.91792" lon="4.77491">
        <ele>169.4</ele>
      </trkpt>
      <trkpt lat="45.91783" lon="4.77488">
        <ele>169.5</ele>
      </trkpt>
      <trkpt lat="45.91783" lon="4.77488">
        <ele>169.5</ele>
      </trkpt>
      <trkpt lat="45.91772" lon="4.77485">
        <ele>169.7</ele>
      </trkpt>
      <trkpt lat="45.91744" lon="4.77482">
        <ele>170.0</ele>
      </trkpt>
      <trkpt lat="45.91713" lon="4.77477">
        <ele>170.2</ele>
      </trkpt>
      <trkpt lat="45.91712" lon="4.77472">
        <ele>170.3</ele>
      </trkpt>
      <trkpt lat="45.91709" lon="4.77468">
        <ele>170.4</ele>
      </trkpt>
      <trkpt lat="45.91705" lon="4.77465">
        <ele>170.5</ele>
      </trkpt>
      <trkpt lat="45.91701" lon="4.77464">
        <ele>170.5</ele>
      </trkpt>
      <trkpt lat="45.91697" lon="4.77464">
        <ele>170.5</ele>
      </trkpt>
      <trkpt lat="45.91693" lon="4.77466">
        <ele>170.6</ele>
      </trkpt>
      <trkpt lat="45.91689" lon="4.77469">
        <ele>170.5</ele>
      </trkpt>
      <trkpt lat="45.91687" lon="4.77474">
        <ele>170.5</ele>
      </trkpt>
      <trkpt lat="45.91685" lon="4.7748">
        <ele>170.4</ele>
      </trkpt>
      <trkpt lat="45.91685" lon="4.7749">
        <ele>170.2</ele>
      </trkpt>
      <trkpt lat="45.91686" lon="4.77495">
        <ele>170.1</ele>
      </trkpt>
      <trkpt lat="45.91689" lon="4.775">
        <ele>170.0</ele>
      </trkpt>
      <trkpt lat="45.91692" lon="4.77503">
        <ele>170.0</ele>
      </trkpt>
      <trkpt lat="45.91679" lon="4.77573">
        <ele>169.0</ele>
      </trkpt>
      <trkpt lat="45.91665" lon="4.77643">
        <ele>169.1</ele>
      </trkpt>
      <trkpt lat="45.9166" lon="4.77686">
        <ele>169.1</ele>
      </trkpt>
      <trkpt lat="45.91646" lon="4.77744">
        <ele>169.5</ele>
      </trkpt>
      <trkpt lat="45.91633" lon="4.77786">
        <ele>171.0</ele>
      </trkpt>
      <trkpt lat="45.91618" lon="4.77825">
        <ele>172.9</ele>
      </trkpt>
      <trkpt lat="45.91595" lon="4.77879">
        <ele>173.7</ele>
      </trkpt>
      <trkpt lat="45.91595" lon="4.77879">
        <ele>173.7</ele>
      </trkpt>
      <trkpt lat="45.91546" lon="4.77984">
        <ele>174.6</ele>
      </trkpt>
      <trkpt lat="45.91497" lon="4.78089">
        <ele>177.0</ele>
      </trkpt>
      <trkpt lat="45.91448" lon="4.78194">
        <ele>177.0</ele>
      </trkpt>
      <trkpt lat="45.91399" lon="4.78299">
        <ele>176.8</ele>
      </trkpt>
      <trkpt lat="45.9135" lon="4.78405">
        <ele>176.2</ele>
      </trkpt>
      <trkpt lat="45.91301" lon="4.7851">
        <ele>175.4</ele>
      </trkpt>
      <trkpt lat="45.91252" lon="4.78615">
        <ele>176.3</ele>
      </trkpt>
      <trkpt lat="45.91203" lon="4.7872">
        <ele>177.1</ele>
      </trkpt>
      <trkpt lat="45.91174" lon="4.78775">
        <ele>177.2</ele>
      </trkpt>
      <trkpt lat="45.91146" lon="4.7883">
        <ele>176.1</ele>
      </trkpt>
      <trkpt lat="45.91105" lon="4.78904">
        <ele>176.6</ele>
      </trkpt>
      <trkpt lat="45.91064" lon="4.78979">
        <ele>176.9</ele>
      </trkpt>
      <trkpt lat="45.91023" lon="4.79053">
        <ele>176.5</ele>
      </trkpt>
      <trkpt lat="45.90985" lon="4.79122">
        <ele>177.2</ele>
      </trkpt>
      <trkpt lat="45.90947" lon="4.79192">
        <ele>176.5</ele>
      </trkpt>
      <trkpt lat="45.9091" lon="4.79261">
        <ele>175.9</ele>
      </trkpt>
      <trkpt lat="45.90881" lon="4.79307">
        <ele>175.6</ele>
      </trkpt>
      <trkpt lat="45.90845" lon="4.79359">
        <ele>175.2</ele>
      </trkpt>
      <trkpt lat="45.90833" lon="4.79375">
        <ele>175.0</ele>
      </trkpt>
      <trkpt lat="45.90811" lon="4.79398">
        <ele>174.7</ele>
      </trkpt>
      <trkpt lat="45.90791" lon="4.79417">
        <ele>174.5</ele>
      </trkpt>
      <trkpt lat="45.90774" lon="4.79429">
        <ele>174.3</ele>
      </trkpt>
      <trkpt lat="45.90743" lon="4.79449">
        <ele>174.0</ele>
      </trkpt>
      <trkpt lat="45.90678" lon="4.79486">
        <ele>173.7</ele>
      </trkpt>
      <trkpt lat="45.90613" lon="4.79523">
        <ele>175.1</ele>
      </trkpt>
      <trkpt lat="45.90568" lon="4.79554">
        <ele>174.7</ele>
      </trkpt>
      <trkpt lat="45.90522" lon="4.7959">
        <ele>175.1</ele>
      </trkpt>
      <trkpt lat="45.90477" lon="4.79632">
        <ele>175.2</ele>
      </trkpt>
      <trkpt lat="45.90451" lon="4.79662">
        <ele>174.6</ele>
      </trkpt>
      <trkpt lat="45.90425" lon="4.79694">
        <ele>174.3</ele>
      </trkpt>
      <trkpt lat="45.90425" lon="4.79694">
        <ele>174.3</ele>
      </trkpt>
      <trkpt lat="45.90394" lon="4.79732">
        <ele>174.5</ele>
      </trkpt>
      <trkpt lat="45.90352" lon="4.79787">
        <ele>173.6</ele>
      </trkpt>
      <trkpt lat="45.90309" lon="4.79841">
        <ele>172.5</ele>
      </trkpt>
      <trkpt lat="45.90272" lon="4.79885">
        <ele>173.2</ele>
      </trkpt>
      <trkpt lat="45.9024" lon="4.79912">
        <ele>173.2</ele>
      </trkpt>
      <trkpt lat="45.90206" lon="4.7993">
        <ele>174.1</ele>
      </trkpt>
      <trkpt lat="45.90138" lon="4.79961">
        <ele>174.2</ele>
      </trkpt>
      <trkpt lat="45.9007" lon="4.79993">
        <ele>172.1</ele>
      </trkpt>
      <trkpt lat="45.90014" lon="4.80017">
        <ele>170.8</ele>
      </trkpt>
      <trkpt lat="45.89942" lon="4.80043">
        <ele>170.5</ele>
      </trkpt>
      <trkpt lat="45.89888" lon="4.80066">
        <ele>170.3</ele>
      </trkpt>
      <trkpt lat="45.8984" lon="4.80086">
        <ele>169.9</ele>
      </trkpt>
      <trkpt lat="45.89793" lon="4.80106">
        <ele>169.1</ele>
      </trkpt>
      <trkpt lat="45.8971" lon="4.80142">
        <ele>171.4</ele>
      </trkpt>
      <trkpt lat="45.89627" lon="4.80179">
        <ele>172.3</ele>
      </trkpt>
      <trkpt lat="45.89579" lon="4.80199">
        <ele>171.8</ele>
      </trkpt>
      <trkpt lat="45.89531" lon="4.80219">
        <ele>173.2</ele>
      </trkpt>
      <trkpt lat="45.89462" lon="4.80251">
        <ele>175.1</ele>
      </trkpt>
      <trkpt lat="45.89434" lon="4.80265">
        <ele>176.5</ele>
      </trkpt>
      <trkpt lat="45.89394" lon="4.80288">
        <ele>176.3</ele>
      </trkpt>
      <trkpt lat="45.8934" lon="4.80334">
        <ele>174.7</ele>
      </trkpt>
      <trkpt lat="45.89274" lon="4.80394">
        <ele>173.7</ele>
      </trkpt>
      <trkpt lat="45.89208" lon="4.80455">
        <ele>173.7</ele>
      </trkpt>
      <trkpt lat="45.89159" lon="4.80495">
        <ele>173.6</ele>
      </trkpt>
      <trkpt lat="45.89143" lon="4.80505">
        <ele>173.6</ele>
      </trkpt>
      <trkpt lat="45.89103" lon="4.80523">
        <ele>173.7</ele>
      </trkpt>
      <trkpt lat="45.89055" lon="4.80541">
        <ele>172.9</ele>
      </trkpt>
      <trkpt lat="45.89008" lon="4.80559">
        <ele>171.9</ele>
      </trkpt>
      <trkpt lat="45.88979" lon="4.80569">
        <ele>171.3</ele>
      </trkpt>
      <trkpt lat="45.88947" lon="4.80567">
        <ele>171.6</ele>
      </trkpt>
      <trkpt lat="45.88943" lon="4.80564">
        <ele>171.8</ele>
      </trkpt>
      <trkpt lat="45.88938" lon="4.80565">
        <ele>171.8</ele>
      </trkpt>
      <trkpt lat="45.88935" lon="4.8057">
        <ele>171.5</ele>
      </trkpt>
      <trkpt lat="45.88934" lon="4.80574">
        <ele>171.3</ele>
      </trkpt>
      <trkpt lat="45.88921" lon="4.80589">
        <ele>170.8</ele>
      </trkpt>
      <trkpt lat="45.88885" lon="4.80613">
        <ele>172.1</ele>
      </trkpt>
      <trkpt lat="45.88819" lon="4.80667">
        <ele>173.2</ele>
      </trkpt>
      <trkpt lat="45.88768" lon="4.80724">
        <ele>170.8</ele>
      </trkpt>
      <trkpt lat="45.88717" lon="4.8078">
        <ele>170.3</ele>
      </trkpt>
      <trkpt lat="45.88678" lon="4.80828">
        <ele>170.8</ele>
      </trkpt>
      <trkpt lat="45.88616" lon="4.80897">
        <ele>170.3</ele>
      </trkpt>
      <trkpt lat="45.88554" lon="4.80966">
        <ele>168.8</ele>
      </trkpt>
      <trkpt lat="45.88499" lon="4.81036">
        <ele>167.6</ele>
      </trkpt>
      <trkpt lat="45.88448" lon="4.81106">
        <ele>168.2</ele>
      </trkpt>
      <trkpt lat="45.88407" lon="4.81169">
        <ele>170.1</ele>
      </trkpt>
      <trkpt lat="45.88376" lon="4.81222">
        <ele>170.1</ele>
      </trkpt>
      <trkpt lat="45.88345" lon="4.81276">
        <ele>171.1</ele>
      </trkpt>
      <trkpt lat="45.88301" lon="4.81364">
        <ele>169.4</ele>
      </trkpt>
      <trkpt lat="45.88268" lon="4.8144">
        <ele>165.6</ele>
      </trkpt>
      <trkpt lat="45.88234" lon="4.81515">
        <ele>168.9</ele>
      </trkpt>
      <trkpt lat="45.88199" lon="4.816">
        <ele>171.4</ele>
      </trkpt>
      <trkpt lat="45.88164" lon="4.81684">
        <ele>171.4</ele>
      </trkpt>
      <trkpt lat="45.88129" lon="4.81768">
        <ele>167.3</ele>
      </trkpt>
      <trkpt lat="45.88123" lon="4.81783">
        <ele>167.3</ele>
      </trkpt>
      <trkpt lat="45.88123" lon="4.81783">
        <ele>167.3</ele>
      </trkpt>
      <trkpt lat="45.88099" lon="4.81852">
        <ele>166.3</ele>
      </trkpt>
      <trkpt lat="45.88074" lon="4.81921">
        <ele>165.8</ele>
      </trkpt>
      <trkpt lat="45.88051" lon="4.81982">
        <ele>168.0</ele>
      </trkpt>
      <trkpt lat="45.88027" lon="4.82043">
        <ele>169.4</ele>
      </trkpt>
      <trkpt lat="45.88012" lon="4.82064">
        <ele>169.9</ele>
      </trkpt>
      <trkpt lat="45.8801" lon="4.82066">
        <ele>169.9</ele>
      </trkpt>
      <trkpt lat="45.8801" lon="4.82066">
        <ele>169.9</ele>
      </trkpt>
      <trkpt lat="45.88002" lon="4.82072">
        <ele>170.3</ele>
      </trkpt>
      <trkpt lat="45.87999" lon="4.8207">
        <ele>170.5</ele>
      </trkpt>
      <trkpt lat="45.87995" lon="4.82069">
        <ele>170.8</ele>
      </trkpt>
      <trkpt lat="45.87992" lon="4.82069">
        <ele>171.0</ele>
      </trkpt>
      <trkpt lat="45.87988" lon="4.82071">
        <ele>171.1</ele>
      </trkpt>
      <trkpt lat="45.87985" lon="4.82075">
        <ele>171.2</ele>
      </trkpt>
      <trkpt lat="45.87983" lon="4.8208">
        <ele>171.1</ele>
      </trkpt>
      <trkpt lat="45.87983" lon="4.82086">
        <ele>171.0</ele>
      </trkpt>
      <trkpt lat="45.87983" lon="4.82091">
        <ele>170.9</ele>
      </trkpt>
      <trkpt lat="45.87971" lon="4.8212">
        <ele>171.1</ele>
      </trkpt>
      <trkpt lat="45.87967" lon="4.82139">
        <ele>171.0</ele>
      </trkpt>
      <trkpt lat="45.87964" lon="4.8216">
        <ele>170.8</ele>
      </trkpt>
      <trkpt lat="45.87961" lon="4.82199">
        <ele>169.9</ele>
      </trkpt>
      <trkpt lat="45.87959" lon="4.82216">
        <ele>169.5</ele>
      </trkpt>
      <trkpt lat="45.87959" lon="4.82216">
        <ele>169.5</ele>
      </trkpt>
      <trkpt lat="45.87951" lon="4.82294">
        <ele>168.5</ele>
      </trkpt>
      <trkpt lat="45.87942" lon="4.82372">
        <ele>167.5</ele>
      </trkpt>
      <trkpt lat="45.87929" lon="4.82463">
        <ele>167.2</ele>
      </trkpt>
      <trkpt lat="45.87912" lon="4.82541">
        <ele>166.8</ele>
      </trkpt>
      <trkpt lat="45.87901" lon="4.82587">
        <ele>166.0</ele>
      </trkpt>
      <trkpt lat="45.87885" lon="4.82659">
        <ele>167.6</ele>
      </trkpt>
      <trkpt lat="45.8788" lon="4.82689">
        <ele>168.3</ele>
      </trkpt>
      <trkpt lat="45.87879" lon="4.82716">
        <ele>168.7</ele>
      </trkpt>
      <trkpt lat="45.87879" lon="4.82743">
        <ele>169.0</ele>
      </trkpt>
      <trkpt lat="45.87887" lon="4.82844">
        <ele>168.2</ele>
      </trkpt>
      <trkpt lat="45.8789" lon="4.8292">
        <ele>167.5</ele>
      </trkpt>
      <trkpt lat="45.87888" lon="4.82959">
        <ele>167.6</ele>
      </trkpt>
      <trkpt lat="45.87879" lon="4.83043">
        <ele>168.6</ele>
      </trkpt>
      <trkpt lat="45.87869" lon="4.83127">
        <ele>170.1</ele>
      </trkpt>
      <trkpt lat="45.87869" lon="4.83127">
        <ele>170.1</ele>
      </trkpt>
      <trkpt lat="45.87867" lon="4.83148">
        <ele>170.4</ele>
      </trkpt>
      <trkpt lat="45.87857" lon="4.83199">
        <ele>170.6</ele>
      </trkpt>
      <trkpt lat="45.87852" lon="4.83225">
        <ele>170.4</ele>
      </trkpt>
      <trkpt lat="45.87834" lon="4.83297">
        <ele>167.6</ele>
      </trkpt>
      <trkpt lat="45.87827" lon="4.83318">
        <ele>166.5</ele>
      </trkpt>
      <trkpt lat="45.87816" lon="4.8335">
        <ele>166.3</ele>
      </trkpt>
      <trkpt lat="45.87786" lon="4.83418">
        <ele>169.0</ele>
      </trkpt>
      <trkpt lat="45.87775" lon="4.8344">
        <ele>170.1</ele>
      </trkpt>
      <trkpt lat="45.87763" lon="4.83459">
        <ele>171.3</ele>
      </trkpt>
      <trkpt lat="45.87733" lon="4.83497">
        <ele>172.6</ele>
      </trkpt>
      <trkpt lat="45.87733" lon="4.83497">
        <ele>172.6</ele>
      </trkpt>
      <trkpt lat="45.87723" lon="4.83509">
        <ele>171.6</ele>
      </trkpt>
      <trkpt lat="45.87698" lon="4.83537">
        <ele>168.8</ele>
      </trkpt>
      <trkpt lat="45.87688" lon="4.83541">
        <ele>168.3</ele>
      </trkpt>
      <trkpt lat="45.87687" lon="4.83537">
        <ele>168.6</ele>
      </trkpt>
      <trkpt lat="45.87685" lon="4.83533">
        <ele>168.9</ele>
      </trkpt>
      <trkpt lat="45.87679" lon="4.83529">
        <ele>169.1</ele>
      </trkpt>
      <trkpt lat="45.87676" lon="4.83529">
        <ele>169.1</ele>
      </trkpt>
      <trkpt lat="45.87672" lon="4.83532">
        <ele>168.8</ele>
      </trkpt>
      <trkpt lat="45.8767" lon="4.83536">
        <ele>168.5</ele>
      </trkpt>
      <trkpt lat="45.87669" lon="4.83543">
        <ele>167.9</ele>
      </trkpt>
      <trkpt lat="45.87663" lon="4.83542">
        <ele>168.0</ele>
      </trkpt>
      <trkpt lat="45.87665" lon="4.8353">
        <ele>168.8</ele>
      </trkpt>
      <trkpt lat="45.87665" lon="4.8353">
        <ele>168.8</ele>
      </trkpt>
      <trkpt lat="45.87664" lon="4.83526">
        <ele>169.1</ele>
      </trkpt>
      <trkpt lat="45.87663" lon="4.83522">
        <ele>169.4</ele>
      </trkpt>
      <trkpt lat="45.87659" lon="4.83528">
        <ele>168.9</ele>
      </trkpt>
      <trkpt lat="45.87654" lon="4.83532">
        <ele>168.6</ele>
      </trkpt>
      <trkpt lat="45.87647" lon="4.83533">
        <ele>168.5</ele>
      </trkpt>
      <trkpt lat="45.87637" lon="4.83531">
        <ele>168.5</ele>
      </trkpt>
      <trkpt lat="45.87637" lon="4.83531">
        <ele>168.5</ele>
      </trkpt>
      <trkpt lat="45.87625" lon="4.83529">
        <ele>168.6</ele>
      </trkpt>
      <trkpt lat="45.87623" lon="4.83531">
        <ele>168.4</ele>
      </trkpt>
      <trkpt lat="45.87586" lon="4.83525">
        <ele>168.5</ele>
      </trkpt>
      <trkpt lat="45.87553" lon="4.8351">
        <ele>170.4</ele>
      </trkpt>
      <trkpt lat="45.87526" lon="4.83501">
        <ele>172.0</ele>
      </trkpt>
      <trkpt lat="45.87501" lon="4.835">
        <ele>173.0</ele>
      </trkpt>
      <trkpt lat="45.87501" lon="4.835">
        <ele>173.0</ele>
      </trkpt>
      <trkpt lat="45.87436" lon="4.83498">
        <ele>172.3</ele>
      </trkpt>
      <trkpt lat="45.87366" lon="4.835">
        <ele>171.4</ele>
      </trkpt>
      <trkpt lat="45.8735" lon="4.83498">
        <ele>171.2</ele>
      </trkpt>
      <trkpt lat="45.87306" lon="4.83492">
        <ele>169.9</ele>
      </trkpt>
      <trkpt lat="45.8722" lon="4.83476">
        <ele>169.6</ele>
      </trkpt>
      <trkpt lat="45.87134" lon="4.83461">
        <ele>170.9</ele>
      </trkpt>
      <trkpt lat="45.87134" lon="4.83461">
        <ele>170.9</ele>
      </trkpt>
      <trkpt lat="45.87111" lon="4.83459">
        <ele>170.3</ele>
      </trkpt>
      <trkpt lat="45.87081" lon="4.8346">
        <ele>169.4</ele>
      </trkpt>
      <trkpt lat="45.87006" lon="4.83459">
        <ele>171.3</ele>
      </trkpt>
      <trkpt lat="45.86931" lon="4.83457">
        <ele>170.7</ele>
      </trkpt>
      <trkpt lat="45.86866" lon="4.83451">
        <ele>169.6</ele>
      </trkpt>
      <trkpt lat="45.868" lon="4.83444">
        <ele>170.1</ele>
      </trkpt>
      <trkpt lat="45.86727" lon="4.83438">
        <ele>171.6</ele>
      </trkpt>
      <trkpt lat="45.86659" lon="4.8343">
        <ele>171.5</ele>
      </trkpt>
      <trkpt lat="45.86592" lon="4.83422">
        <ele>171.8</ele>
      </trkpt>
      <trkpt lat="45.86592" lon="4.83422">
        <ele>171.8</ele>
      </trkpt>
      <trkpt lat="45.86555" lon="4.83425">
        <ele>172.1</ele>
      </trkpt>
      <trkpt lat="45.86552" lon="4.83425">
        <ele>172.1</ele>
      </trkpt>
      <trkpt lat="45.86547" lon="4.83428">
        <ele>172.1</ele>
      </trkpt>
      <trkpt lat="45.86511" lon="4.83439">
        <ele>172.3</ele>
      </trkpt>
      <trkpt lat="45.86475" lon="4.83454">
        <ele>171.6</ele>
      </trkpt>
      <trkpt lat="45.86468" lon="4.8346">
        <ele>171.4</ele>
      </trkpt>
      <trkpt lat="45.86445" lon="4.83465">
        <ele>171.0</ele>
      </trkpt>
      <trkpt lat="45.86439" lon="4.83466">
        <ele>170.9</ele>
      </trkpt>
      <trkpt lat="45.86412" lon="4.83463">
        <ele>170.5</ele>
      </trkpt>
      <trkpt lat="45.86403" lon="4.83465">
        <ele>170.4</ele>
      </trkpt>
      <trkpt lat="45.86392" lon="4.83469">
        <ele>170.3</ele>
      </trkpt>
      <trkpt lat="45.86388" lon="4.83469">
        <ele>170.2</ele>
      </trkpt>
      <trkpt lat="45.8638" lon="4.83465">
        <ele>170.1</ele>
      </trkpt>
      <trkpt lat="45.86373" lon="4.83455">
        <ele>170.0</ele>
      </trkpt>
      <trkpt lat="45.86365" lon="4.83456">
        <ele>169.9</ele>
      </trkpt>
      <trkpt lat="45.86362" lon="4.83472">
        <ele>169.8</ele>
      </trkpt>
      <trkpt lat="45.86359" lon="4.83475">
        <ele>169.7</ele>
      </trkpt>
      <trkpt lat="45.86357" lon="4.8348">
        <ele>169.7</ele>
      </trkpt>
      <trkpt lat="45.86356" lon="4.83486">
        <ele>169.6</ele>
      </trkpt>
      <trkpt lat="45.86346" lon="4.83498">
        <ele>169.3</ele>
      </trkpt>
      <trkpt lat="45.8635" lon="4.83511">
        <ele>169.5</ele>
      </trkpt>
      <trkpt lat="45.86352" lon="4.83525">
        <ele>169.7</ele>
      </trkpt>
      <trkpt lat="45.86352" lon="4.83531">
        <ele>169.7</ele>
      </trkpt>
      <trkpt lat="45.86333" lon="4.83534">
        <ele>169.4</ele>
      </trkpt>
      <trkpt lat="45.86333" lon="4.83534">
        <ele>169.4</ele>
      </trkpt>
      <trkpt lat="45.8632" lon="4.83535">
        <ele>169.7</ele>
      </trkpt>
      <trkpt lat="45.86306" lon="4.83535">
        <ele>170.1</ele>
      </trkpt>
      <trkpt lat="45.86286" lon="4.83537">
        <ele>170.6</ele>
      </trkpt>
      <trkpt lat="45.86263" lon="4.83536">
        <ele>171.1</ele>
      </trkpt>
      <trkpt lat="45.86179" lon="4.8353">
        <ele>168.7</ele>
      </trkpt>
      <trkpt lat="45.86096" lon="4.83524">
        <ele>170.0</ele>
      </trkpt>
      <trkpt lat="45.86012" lon="4.83518">
        <ele>170.4</ele>
      </trkpt>
      <trkpt lat="45.85976" lon="4.83519">
        <ele>170.5</ele>
      </trkpt>
      <trkpt lat="45.85937" lon="4.83521">
        <ele>170.7</ele>
      </trkpt>
      <trkpt lat="45.85869" lon="4.83517">
        <ele>171.0</ele>
      </trkpt>
      <trkpt lat="45.8581" lon="4.8351">
        <ele>171.1</ele>
      </trkpt>
      <trkpt lat="45.85752" lon="4.83504">
        <ele>171.0</ele>
      </trkpt>
      <trkpt lat="45.85694" lon="4.83494">
        <ele>169.7</ele>
      </trkpt>
      <trkpt lat="45.85655" lon="4.83485">
        <ele>169.6</ele>
      </trkpt>
      <trkpt lat="45.85575" lon="4.83459">
        <ele>170.8</ele>
      </trkpt>
      <trkpt lat="45.85575" lon="4.83459">
        <ele>170.8</ele>
      </trkpt>
      <trkpt lat="45.85505" lon="4.83436">
        <ele>169.8</ele>
      </trkpt>
      <trkpt lat="45.85435" lon="4.83414">
        <ele>170.8</ele>
      </trkpt>
      <trkpt lat="45.85369" lon="4.83395">
        <ele>170.4</ele>
      </trkpt>
      <trkpt lat="45.85302" lon="4.83376">
        <ele>170.0</ele>
      </trkpt>
      <trkpt lat="45.85236" lon="4.83358">
        <ele>170.0</ele>
      </trkpt>
      <trkpt lat="45.85229" lon="4.83358">
        <ele>170.0</ele>
      </trkpt>
      <trkpt lat="45.85209" lon="4.83352">
        <ele>170.0</ele>
      </trkpt>
      <trkpt lat="45.85203" lon="4.83348">
        <ele>170.0</ele>
      </trkpt>
      <trkpt lat="45.85161" lon="4.83336">
        <ele>170.1</ele>
      </trkpt>
      <trkpt lat="45.85149" lon="4.83331">
        <ele>170.2</ele>
      </trkpt>
      <trkpt lat="45.85143" lon="4.8333">
        <ele>170.3</ele>
      </trkpt>
      <trkpt lat="45.85062" lon="4.83298">
        <ele>171.0</ele>
      </trkpt>
      <trkpt lat="45.84992" lon="4.83265">
        <ele>170.4</ele>
      </trkpt>
      <trkpt lat="45.84977" lon="4.83259">
        <ele>170.0</ele>
      </trkpt>
      <trkpt lat="45.84917" lon="4.83233">
        <ele>168.2</ele>
      </trkpt>
      <trkpt lat="45.84899" lon="4.83221">
        <ele>168.1</ele>
      </trkpt>
      <trkpt lat="45.84873" lon="4.83212">
        <ele>167.9</ele>
      </trkpt>
      <trkpt lat="45.84858" lon="4.83208">
        <ele>167.8</ele>
      </trkpt>
      <trkpt lat="45.84779" lon="4.83189">
        <ele>168.1</ele>
      </trkpt>
      <trkpt lat="45.8476" lon="4.83185">
        <ele>168.2</ele>
      </trkpt>
      <trkpt lat="45.8474" lon="4.83183">
        <ele>168.4</ele>
      </trkpt>
      <trkpt lat="45.84722" lon="4.83184">
        <ele>168.7</ele>
      </trkpt>
      <trkpt lat="45.84705" lon="4.83188">
        <ele>169.1</ele>
      </trkpt>
      <trkpt lat="45.84692" lon="4.83192">
        <ele>169.3</ele>
      </trkpt>
      <trkpt lat="45.84621" lon="4.83229">
        <ele>169.3</ele>
      </trkpt>
      <trkpt lat="45.84612" lon="4.83233">
        <ele>169.2</ele>
      </trkpt>
      <trkpt lat="45.84584" lon="4.8324">
        <ele>169.1</ele>
      </trkpt>
      <trkpt lat="45.84579" lon="4.83245">
        <ele>169.1</ele>
      </trkpt>
      <trkpt lat="45.84566" lon="4.83246">
        <ele>169.1</ele>
      </trkpt>
      <trkpt lat="45.84563" lon="4.83244">
        <ele>169.1</ele>
      </trkpt>
      <trkpt lat="45.84541" lon="4.83244">
        <ele>169.1</ele>
      </trkpt>
      <trkpt lat="45.84521" lon="4.83241">
        <ele>169.2</ele>
      </trkpt>
      <trkpt lat="45.84469" lon="4.83227">
        <ele>170.1</ele>
      </trkpt>
      <trkpt lat="45.84469" lon="4.83227">
        <ele>170.1</ele>
      </trkpt>
      <trkpt lat="45.84469" lon="4.83227">
        <ele>170.1</ele>
      </trkpt>
      <trkpt lat="45.84404" lon="4.83211">
        <ele>171.2</ele>
      </trkpt>
      <trkpt lat="45.8434" lon="4.83194">
        <ele>171.3</ele>
      </trkpt>
      <trkpt lat="45.84275" lon="4.83177">
        <ele>169.7</ele>
      </trkpt>
      <trkpt lat="45.84205" lon="4.83153">
        <ele>168.7</ele>
      </trkpt>
      <trkpt lat="45.84136" lon="4.83129">
        <ele>169.3</ele>
      </trkpt>
      <trkpt lat="45.84084" lon="4.83115">
        <ele>171.2</ele>
      </trkpt>
      <trkpt lat="45.84055" lon="4.83111">
        <ele>171.8</ele>
      </trkpt>
      <trkpt lat="45.84053" lon="4.83113">
        <ele>171.8</ele>
      </trkpt>
      <trkpt lat="45.84034" lon="4.8311">
        <ele>172.1</ele>
      </trkpt>
      <trkpt lat="45.8403" lon="4.83108">
        <ele>172.2</ele>
      </trkpt>
      <trkpt lat="45.84014" lon="4.83106">
        <ele>172.5</ele>
      </trkpt>
      <trkpt lat="45.83962" lon="4.83107">
        <ele>171.5</ele>
      </trkpt>
      <trkpt lat="45.83883" lon="4.83116">
        <ele>170.5</ele>
      </trkpt>
      <trkpt lat="45.83836" lon="4.83128">
        <ele>171.7</ele>
      </trkpt>
      <trkpt lat="45.83805" lon="4.8314">
        <ele>171.9</ele>
      </trkpt>
      <trkpt lat="45.83769" lon="4.83159">
        <ele>171.8</ele>
      </trkpt>
      <trkpt lat="45.83734" lon="4.83181">
        <ele>171.8</ele>
      </trkpt>
      <trkpt lat="45.83691" lon="4.83219">
        <ele>171.6</ele>
      </trkpt>
      <trkpt lat="45.83618" lon="4.83275">
        <ele>173.5</ele>
      </trkpt>
      <trkpt lat="45.83568" lon="4.83315">
        <ele>177.0</ele>
      </trkpt>
      <trkpt lat="45.83546" lon="4.83337">
        <ele>179.5</ele>
      </trkpt>
      <trkpt lat="45.83518" lon="4.83373">
        <ele>180.1</ele>
      </trkpt>
      <trkpt lat="45.83488" lon="4.83424">
        <ele>178.2</ele>
      </trkpt>
      <trkpt lat="45.8347" lon="4.83459">
        <ele>181.5</ele>
      </trkpt>
      <trkpt lat="45.83454" lon="4.83497">
        <ele>183.1</ele>
      </trkpt>
      <trkpt lat="45.8344" lon="4.83533">
        <ele>181.6</ele>
      </trkpt>
      <trkpt lat="45.83417" lon="4.83592">
        <ele>177.7</ele>
      </trkpt>
      <trkpt lat="45.83402" lon="4.83639">
        <ele>179.3</ele>
      </trkpt>
      <trkpt lat="45.83382" lon="4.83704">
        <ele>182.4</ele>
      </trkpt>
      <trkpt lat="45.83356" lon="4.83791">
        <ele>182.2</ele>
      </trkpt>
      <trkpt lat="45.83337" lon="4.83862">
        <ele>176.7</ele>
      </trkpt>
      <trkpt lat="45.83311" lon="4.83966">
        <ele>177.3</ele>
      </trkpt>
      <trkpt lat="45.8329" lon="4.84058">
        <ele>175.8</ele>
      </trkpt>
      <trkpt lat="45.83269" lon="4.84151">
        <ele>174.8</ele>
      </trkpt>
      <trkpt lat="45.83248" lon="4.84244">
        <ele>175.7</ele>
      </trkpt>
      <trkpt lat="45.83227" lon="4.84336">
        <ele>176.7</ele>
      </trkpt>
      <trkpt lat="45.83217" lon="4.84383">
        <ele>173.0</ele>
      </trkpt>
      <trkpt lat="45.83217" lon="4.84383">
        <ele>173.0</ele>
      </trkpt>
      <trkpt lat="45.83204" lon="4.84454">
        <ele>170.3</ele>
      </trkpt>
      <trkpt lat="45.83199" lon="4.84455">
        <ele>170.9</ele>
      </trkpt>
      <trkpt lat="45.83187" lon="4.84521">
        <ele>170.5</ele>
      </trkpt>
      <trkpt lat="45.83178" lon="4.84557">
        <ele>170.1</ele>
      </trkpt>
      <trkpt lat="45.83163" lon="4.84606">
        <ele>169.0</ele>
      </trkpt>
      <trkpt lat="45.83145" lon="4.84647">
        <ele>168.7</ele>
      </trkpt>
      <trkpt lat="45.83128" lon="4.84678">
        <ele>169.4</ele>
      </trkpt>
      <trkpt lat="45.83113" lon="4.84694">
        <ele>170.8</ele>
      </trkpt>
      <trkpt lat="45.83098" lon="4.84706">
        <ele>172.1</ele>
      </trkpt>
      <trkpt lat="45.83091" lon="4.84705">
        <ele>172.8</ele>
      </trkpt>
      <trkpt lat="45.83085" lon="4.84707">
        <ele>173.4</ele>
      </trkpt>
      <trkpt lat="45.8308" lon="4.84714">
        <ele>173.3</ele>
      </trkpt>
      <trkpt lat="45.83077" lon="4.84724">
        <ele>172.9</ele>
      </trkpt>
      <trkpt lat="45.83077" lon="4.84728">
        <ele>172.8</ele>
      </trkpt>
      <trkpt lat="45.83079" lon="4.84737">
        <ele>172.4</ele>
      </trkpt>
      <trkpt lat="45.83075" lon="4.8475">
        <ele>171.9</ele>
      </trkpt>
      <trkpt lat="45.83077" lon="4.84751">
        <ele>171.9</ele>
      </trkpt>
      <trkpt lat="45.83081" lon="4.84756">
        <ele>171.9</ele>
      </trkpt>
      <trkpt lat="45.83086" lon="4.84763">
        <ele>171.6</ele>
      </trkpt>
      <trkpt lat="45.8308" lon="4.84771">
        <ele>171.7</ele>
      </trkpt>
      <trkpt lat="45.83052" lon="4.84832">
        <ele>170.3</ele>
      </trkpt>
      <trkpt lat="45.83029" lon="4.84875">
        <ele>168.0</ele>
      </trkpt>
      <trkpt lat="45.82982" lon="4.84944">
        <ele>166.6</ele>
      </trkpt>
      <trkpt lat="45.82945" lon="4.84991">
        <ele>166.5</ele>
      </trkpt>
      <trkpt lat="45.82915" lon="4.85028">
        <ele>166.4</ele>
      </trkpt>
      <trkpt lat="45.82876" lon="4.85072">
        <ele>168.1</ele>
      </trkpt>
      <trkpt lat="45.82834" lon="4.85116">
        <ele>168.6</ele>
      </trkpt>
      <trkpt lat="45.82804" lon="4.85142">
        <ele>169.2</ele>
      </trkpt>
      <trkpt lat="45.82738" lon="4.85195">
        <ele>170.7</ele>
      </trkpt>
      <trkpt lat="45.82696" lon="4.85226">
        <ele>170.3</ele>
      </trkpt>
      <trkpt lat="45.82655" lon="4.85258">
        <ele>170.8</ele>
      </trkpt>
      <trkpt lat="45.82635" lon="4.85272">
        <ele>170.6</ele>
      </trkpt>
      <trkpt lat="45.82632" lon="4.85276">
        <ele>170.5</ele>
      </trkpt>
      <trkpt lat="45.82611" lon="4.85292">
        <ele>170.7</ele>
      </trkpt>
      <trkpt lat="45.82607" lon="4.85293">
        <ele>170.8</ele>
      </trkpt>
      <trkpt lat="45.82564" lon="4.85322">
        <ele>171.8</ele>
      </trkpt>
      <trkpt lat="45.82522" lon="4.8535">
        <ele>171.0</ele>
      </trkpt>
      <trkpt lat="45.82476" lon="4.85378">
        <ele>170.5</ele>
      </trkpt>
      <trkpt lat="45.82431" lon="4.85402">
        <ele>172.4</ele>
      </trkpt>
      <trkpt lat="45.82386" lon="4.85425">
        <ele>171.9</ele>
      </trkpt>
      <trkpt lat="45.82386" lon="4.85425">
        <ele>171.9</ele>
      </trkpt>
      <trkpt lat="45.82353" lon="4.85441">
        <ele>170.1</ele>
      </trkpt>
      <trkpt lat="45.82317" lon="4.85455">
        <ele>169.1</ele>
      </trkpt>
      <trkpt lat="45.82265" lon="4.8547">
        <ele>169.8</ele>
      </trkpt>
      <trkpt lat="45.82206" lon="4.85482">
        <ele>169.9</ele>
      </trkpt>
      <trkpt lat="45.82164" lon="4.85486">
        <ele>169.3</ele>
      </trkpt>
      <trkpt lat="45.82107" lon="4.85486">
        <ele>166.0</ele>
      </trkpt>
      <trkpt lat="45.82059" lon="4.85481">
        <ele>165.7</ele>
      </trkpt>
      <trkpt lat="45.82036" lon="4.85477">
        <ele>166.4</ele>
      </trkpt>
      <trkpt lat="45.81988" lon="4.85466">
        <ele>167.2</ele>
      </trkpt>
      <trkpt lat="45.81968" lon="4.8546">
        <ele>167.2</ele>
      </trkpt>
      <trkpt lat="45.81943" lon="4.85449">
        <ele>167.7</ele>
      </trkpt>
      <trkpt lat="45.81903" lon="4.85429">
        <ele>169.0</ele>
      </trkpt>
      <trkpt lat="45.81863" lon="4.854">
        <ele>168.7</ele>
      </trkpt>
      <trkpt lat="45.81841" lon="4.85382">
        <ele>168.5</ele>
      </trkpt>
      <trkpt lat="45.81819" lon="4.85362">
        <ele>168.0</ele>
      </trkpt>
      <trkpt lat="45.81799" lon="4.8534">
        <ele>167.3</ele>
      </trkpt>
      <trkpt lat="45.81778" lon="4.85314">
        <ele>167.1</ele>
      </trkpt>
      <trkpt lat="45.81759" lon="4.85289">
        <ele>167.8</ele>
      </trkpt>
      <trkpt lat="45.81741" lon="4.8526">
        <ele>168.9</ele>
      </trkpt>
      <trkpt lat="45.81725" lon="4.85234">
        <ele>168.0</ele>
      </trkpt>
      <trkpt lat="45.81696" lon="4.85178">
        <ele>164.7</ele>
      </trkpt>
      <trkpt lat="45.8168" lon="4.85143">
        <ele>164.7</ele>
      </trkpt>
      <trkpt lat="45.81655" lon="4.85082">
        <ele>166.7</ele>
      </trkpt>
      <trkpt lat="45.8162" lon="4.84993">
        <ele>168.1</ele>
      </trkpt>
      <trkpt lat="45.81585" lon="4.84905">
        <ele>169.8</ele>
      </trkpt>
      <trkpt lat="45.81587" lon="4.84896">
        <ele>169.7</ele>
      </trkpt>
      <trkpt lat="45.81561" lon="4.84838">
        <ele>168.0</ele>
      </trkpt>
      <trkpt lat="45.81539" lon="4.84783">
        <ele>167.2</ele>
      </trkpt>
      <trkpt lat="45.81528" lon="4.84742">
        <ele>167.1</ele>
      </trkpt>
      <trkpt lat="45.81528" lon="4.84742">
        <ele>167.1</ele>
      </trkpt>
      <trkpt lat="45.8152" lon="4.84716">
        <ele>167.9</ele>
      </trkpt>
      <trkpt lat="45.81521" lon="4.84703">
        <ele>168.7</ele>
      </trkpt>
      <trkpt lat="45.81516" lon="4.84687">
        <ele>169.3</ele>
      </trkpt>
      <trkpt lat="45.81501" lon="4.84648">
        <ele>170.0</ele>
      </trkpt>
      <trkpt lat="45.81494" lon="4.84637">
        <ele>169.6</ele>
      </trkpt>
      <trkpt lat="45.81495" lon="4.84634">
        <ele>169.7</ele>
      </trkpt>
      <trkpt lat="45.81495" lon="4.84627">
        <ele>169.7</ele>
      </trkpt>
      <trkpt lat="45.81492" lon="4.84621">
        <ele>169.5</ele>
      </trkpt>
      <trkpt lat="45.81488" lon="4.84618">
        <ele>169.3</ele>
      </trkpt>
      <trkpt lat="45.8148" lon="4.84606">
        <ele>168.8</ele>
      </trkpt>
      <trkpt lat="45.8147" lon="4.84593">
        <ele>168.2</ele>
      </trkpt>
      <trkpt lat="45.8146" lon="4.84583">
        <ele>167.6</ele>
      </trkpt>
      <trkpt lat="45.81449" lon="4.84569">
        <ele>167.3</ele>
      </trkpt>
      <trkpt lat="45.81384" lon="4.84494">
        <ele>167.6</ele>
      </trkpt>
      <trkpt lat="45.81333" lon="4.84431">
        <ele>169.9</ele>
      </trkpt>
      <trkpt lat="45.81282" lon="4.84369">
        <ele>167.7</ele>
      </trkpt>
      <trkpt lat="45.81255" lon="4.84339">
        <ele>165.5</ele>
      </trkpt>
      <trkpt lat="45.8123" lon="4.84315">
        <ele>166.9</ele>
      </trkpt>
      <trkpt lat="45.8119" lon="4.84282">
        <ele>169.7</ele>
      </trkpt>
      <trkpt lat="45.8115" lon="4.84254">
        <ele>171.5</ele>
      </trkpt>
      <trkpt lat="45.81127" lon="4.84241">
        <ele>172.4</ele>
      </trkpt>
      <trkpt lat="45.81085" lon="4.84221">
        <ele>173.8</ele>
      </trkpt>
      <trkpt lat="45.81046" lon="4.84207">
        <ele>174.1</ele>
      </trkpt>
      <trkpt lat="45.81019" lon="4.842">
        <ele>174.4</ele>
      </trkpt>
      <trkpt lat="45.80975" lon="4.84193">
        <ele>175.3</ele>
      </trkpt>
      <trkpt lat="45.80952" lon="4.84191">
        <ele>175.6</ele>
      </trkpt>
      <trkpt lat="45.80883" lon="4.8419">
        <ele>175.8</ele>
      </trkpt>
      <trkpt lat="45.80839" lon="4.84188">
        <ele>176.2</ele>
      </trkpt>
      <trkpt lat="45.80793" lon="4.84183">
        <ele>175.1</ele>
      </trkpt>
      <trkpt lat="45.80749" lon="4.84174">
        <ele>174.1</ele>
      </trkpt>
      <trkpt lat="45.80697" lon="4.84159">
        <ele>174.6</ele>
      </trkpt>
      <trkpt lat="45.8066" lon="4.84146">
        <ele>174.9</ele>
      </trkpt>
      <trkpt lat="45.80616" lon="4.84127">
        <ele>174.4</ele>
      </trkpt>
      <trkpt lat="45.80565" lon="4.84098">
        <ele>175.1</ele>
      </trkpt>
      <trkpt lat="45.80513" lon="4.8407">
        <ele>174.5</ele>
      </trkpt>
      <trkpt lat="45.80473" lon="4.84049">
        <ele>174.2</ele>
      </trkpt>
      <trkpt lat="45.80466" lon="4.8404">
        <ele>174.8</ele>
      </trkpt>
      <trkpt lat="45.80434" lon="4.84021">
        <ele>173.8</ele>
      </trkpt>
      <trkpt lat="45.80384" lon="4.83986">
        <ele>175.9</ele>
      </trkpt>
      <trkpt lat="45.80356" lon="4.83962">
        <ele>178.3</ele>
      </trkpt>
      <trkpt lat="45.80307" lon="4.83909">
        <ele>181.1</ele>
      </trkpt>
      <trkpt lat="45.80259" lon="4.83854">
        <ele>182.3</ele>
      </trkpt>
      <trkpt lat="45.80246" lon="4.8384">
        <ele>182.2</ele>
      </trkpt>
      <trkpt lat="45.80233" lon="4.83832">
        <ele>181.8</ele>
      </trkpt>
      <trkpt lat="45.8022" lon="4.83828">
        <ele>181.1</ele>
      </trkpt>
      <trkpt lat="45.80203" lon="4.83828">
        <ele>179.9</ele>
      </trkpt>
      <trkpt lat="45.80178" lon="4.83833">
        <ele>177.8</ele>
      </trkpt>
      <trkpt lat="45.8016" lon="4.83835">
        <ele>176.7</ele>
      </trkpt>
      <trkpt lat="45.80152" lon="4.83832">
        <ele>176.4</ele>
      </trkpt>
      <trkpt lat="45.80136" lon="4.83823">
        <ele>175.9</ele>
      </trkpt>
      <trkpt lat="45.80117" lon="4.83806">
        <ele>175.1</ele>
      </trkpt>
      <trkpt lat="45.80095" lon="4.83784">
        <ele>173.5</ele>
      </trkpt>
      <trkpt lat="45.80077" lon="4.83763">
        <ele>172.1</ele>
      </trkpt>
      <trkpt lat="45.80042" lon="4.83715">
        <ele>173.3</ele>
      </trkpt>
      <trkpt lat="45.80033" lon="4.837">
        <ele>173.7</ele>
      </trkpt>
      <trkpt lat="45.80009" lon="4.83655">
        <ele>175.0</ele>
      </trkpt>
      <trkpt lat="45.79991" lon="4.83616">
        <ele>175.7</ele>
      </trkpt>
      <trkpt lat="45.7997" lon="4.83565">
        <ele>174.6</ele>
      </trkpt>
      <trkpt lat="45.79956" lon="4.83522">
        <ele>174.2</ele>
      </trkpt>
      <trkpt lat="45.79937" lon="4.83456">
        <ele>173.5</ele>
      </trkpt>
      <trkpt lat="45.79918" lon="4.8339">
        <ele>171.8</ele>
      </trkpt>
      <trkpt lat="45.79899" lon="4.83329">
        <ele>171.4</ele>
      </trkpt>
      <trkpt lat="45.79879" lon="4.83263">
        <ele>170.8</ele>
      </trkpt>
      <trkpt lat="45.7986" lon="4.83197">
        <ele>171.7</ele>
      </trkpt>
      <trkpt lat="45.798297" lon="4.83127">
        <ele>171.6</ele>
      </trkpt>
      <trkpt lat="45.79828" lon="4.83123">
        <ele>171.6</ele>
      </trkpt>
      <trkpt lat="45.79798" lon="4.83047">
        <ele>170.1</ele>
      </trkpt>
      <trkpt lat="45.79799" lon="4.83037">
        <ele>170.4</ele>
      </trkpt>
      <trkpt lat="45.79798" lon="4.83023">
        <ele>170.4</ele>
      </trkpt>
      <trkpt lat="45.79796" lon="4.83014">
        <ele>170.3</ele>
      </trkpt>
      <trkpt lat="45.79786" lon="4.82991">
        <ele>169.8</ele>
      </trkpt>
      <trkpt lat="45.7976" lon="4.82961">
        <ele>168.8</ele>
      </trkpt>
      <trkpt lat="45.79761" lon="4.82966">
        <ele>168.6</ele>
      </trkpt>
      <trkpt lat="45.79768" lon="4.82981">
        <ele>168.3</ele>
      </trkpt>
      <trkpt lat="45.79768" lon="4.82981">
        <ele>168.3</ele>
      </trkpt>
      <trkpt lat="45.79777" lon="4.82999">
        <ele>168.3</ele>
      </trkpt>
      <trkpt lat="45.79773" lon="4.82999">
        <ele>167.8</ele>
      </trkpt>
      <trkpt lat="45.79745" lon="4.8294">
        <ele>169.1</ele>
      </trkpt>
      <trkpt lat="45.79698" lon="4.82851">
        <ele>166.7</ele>
      </trkpt>
      <trkpt lat="45.79694" lon="4.82849">
        <ele>166.4</ele>
      </trkpt>
      <trkpt lat="45.79689" lon="4.82839">
        <ele>166.1</ele>
      </trkpt>
      <trkpt lat="45.79689" lon="4.82834">
        <ele>166.1</ele>
      </trkpt>
      <trkpt lat="45.79656" lon="4.8277">
        <ele>167.0</ele>
      </trkpt>
      <trkpt lat="45.79655" lon="4.82768">
        <ele>167.0</ele>
      </trkpt>
      <trkpt lat="45.79652" lon="4.82767">
        <ele>167.0</ele>
      </trkpt>
      <trkpt lat="45.79648" lon="4.82758">
        <ele>167.1</ele>
      </trkpt>
      <trkpt lat="45.79648" lon="4.82754">
        <ele>167.2</ele>
      </trkpt>
      <trkpt lat="45.79629" lon="4.82718">
        <ele>167.3</ele>
      </trkpt>
      <trkpt lat="45.79627" lon="4.82717">
        <ele>167.2</ele>
      </trkpt>
      <trkpt lat="45.79623" lon="4.82711">
        <ele>167.1</ele>
      </trkpt>
      <trkpt lat="45.79623" lon="4.82707">
        <ele>167.2</ele>
      </trkpt>
      <trkpt lat="45.79608" lon="4.82677">
        <ele>166.7</ele>
      </trkpt>
      <trkpt lat="45.79606" lon="4.82677">
        <ele>166.5</ele>
      </trkpt>
      <trkpt lat="45.79603" lon="4.82671">
        <ele>166.4</ele>
      </trkpt>
      <trkpt lat="45.79603" lon="4.82668">
        <ele>166.4</ele>
      </trkpt>
      <trkpt lat="45.79552" lon="4.82569">
        <ele>168.9</ele>
      </trkpt>
      <trkpt lat="45.7955" lon="4.82569">
        <ele>168.7</ele>
      </trkpt>
      <trkpt lat="45.79526" lon="4.82522">
        <ele>167.1</ele>
      </trkpt>
      <trkpt lat="45.79506" lon="4.82487">
        <ele>166.2</ele>
      </trkpt>
      <trkpt lat="45.79506" lon="4.82483">
        <ele>166.5</ele>
      </trkpt>
      <trkpt lat="45.79461" lon="4.82399">
        <ele>167.9</ele>
      </trkpt>
      <trkpt lat="45.79411" lon="4.82308">
        <ele>167.8</ele>
      </trkpt>
      <trkpt lat="45.79408" lon="4.82308">
        <ele>167.7</ele>
      </trkpt>
      <trkpt lat="45.79404" lon="4.823">
        <ele>168.4</ele>
      </trkpt>
      <trkpt lat="45.79404" lon="4.82295">
        <ele>168.9</ele>
      </trkpt>
      <trkpt lat="45.79356" lon="4.82211">
        <ele>169.6</ele>
      </trkpt>
      <trkpt lat="45.79336" lon="4.82182">
        <ele>169.3</ele>
      </trkpt>
      <trkpt lat="45.79298" lon="4.82135">
        <ele>168.5</ele>
      </trkpt>
      <trkpt lat="45.79296" lon="4.82134">
        <ele>168.4</ele>
      </trkpt>
      <trkpt lat="45.79292" lon="4.8213">
        <ele>168.2</ele>
      </trkpt>
      <trkpt lat="45.79292" lon="4.82126">
        <ele>168.3</ele>
      </trkpt>
      <trkpt lat="45.79278" lon="4.82109">
        <ele>167.4</ele>
      </trkpt>
      <trkpt lat="45.79266" lon="4.82095">
        <ele>166.5</ele>
      </trkpt>
      <trkpt lat="45.79263" lon="4.82094">
        <ele>166.2</ele>
      </trkpt>
      <trkpt lat="45.79259" lon="4.82089">
        <ele>165.8</ele>
      </trkpt>
      <trkpt lat="45.79258" lon="4.82086">
        <ele>165.8</ele>
      </trkpt>
      <trkpt lat="45.79196" lon="4.82007">
        <ele>166.9</ele>
      </trkpt>
      <trkpt lat="45.79135" lon="4.81929">
        <ele>168.2</ele>
      </trkpt>
      <trkpt lat="45.79082" lon="4.81859">
        <ele>167.0</ele>
      </trkpt>
      <trkpt lat="45.79037" lon="4.81794">
        <ele>167.4</ele>
      </trkpt>
      <trkpt lat="45.78976" lon="4.81708">
        <ele>168.6</ele>
      </trkpt>
      <trkpt lat="45.78916" lon="4.81622">
        <ele>170.0</ele>
      </trkpt>
      <trkpt lat="45.78869" lon="4.81568">
        <ele>171.9</ele>
      </trkpt>
      <trkpt lat="45.78815" lon="4.81513">
        <ele>171.7</ele>
      </trkpt>
      <trkpt lat="45.78802" lon="4.81501">
        <ele>172.1</ele>
      </trkpt>
      <trkpt lat="45.78733" lon="4.81444">
        <ele>171.4</ele>
      </trkpt>
      <trkpt lat="45.78675" lon="4.81407">
        <ele>170.7</ele>
      </trkpt>
      <trkpt lat="45.78618" lon="4.81369">
        <ele>167.8</ele>
      </trkpt>
      <trkpt lat="45.7856" lon="4.81332">
        <ele>167.2</ele>
      </trkpt>
      <trkpt lat="45.78502" lon="4.81291">
        <ele>167.6</ele>
      </trkpt>
      <trkpt lat="45.78436" lon="4.81237">
        <ele>172.4</ele>
      </trkpt>
      <trkpt lat="45.7837" lon="4.81183">
        <ele>173.4</ele>
      </trkpt>
      <trkpt lat="45.78304" lon="4.81129">
        <ele>172.7</ele>
      </trkpt>
      <trkpt lat="45.78298" lon="4.81127">
        <ele>172.2</ele>
      </trkpt>
      <trkpt lat="45.78295" lon="4.81128">
        <ele>171.9</ele>
      </trkpt>
      <trkpt lat="45.78262" lon="4.81102">
        <ele>170.5</ele>
      </trkpt>
      <trkpt lat="45.7826" lon="4.811">
        <ele>170.5</ele>
      </trkpt>
      <trkpt lat="45.78258" lon="4.8109">
        <ele>171.0</ele>
      </trkpt>
      <trkpt lat="45.78248" lon="4.81081">
        <ele>170.8</ele>
      </trkpt>
      <trkpt lat="45.78193" lon="4.81035">
        <ele>166.5</ele>
      </trkpt>
      <trkpt lat="45.78137" lon="4.8099">
        <ele>165.4</ele>
      </trkpt>
      <trkpt lat="45.78082" lon="4.80944">
        <ele>168.4</ele>
      </trkpt>
      <trkpt lat="45.78028" lon="4.80905">
        <ele>173.5</ele>
      </trkpt>
      <trkpt lat="45.77996" lon="4.80889">
        <ele>175.3</ele>
      </trkpt>
      <trkpt lat="45.77971" lon="4.80871">
        <ele>174.0</ele>
      </trkpt>
      <trkpt lat="45.77971" lon="4.80871">
        <ele>174.0</ele>
      </trkpt>
      <trkpt lat="45.77971" lon="4.80871">
        <ele>174.0</ele>
      </trkpt>
      <trkpt lat="45.77924" lon="4.8084">
        <ele>173.6</ele>
      </trkpt>
      <trkpt lat="45.77854" lon="4.808">
        <ele>170.5</ele>
      </trkpt>
      <trkpt lat="45.77785" lon="4.80787">
        <ele>169.5</ele>
      </trkpt>
      <trkpt lat="45.77716" lon="4.80773">
        <ele>169.3</ele>
      </trkpt>
      <trkpt lat="45.77702" lon="4.80773">
        <ele>169.3</ele>
      </trkpt>
      <trkpt lat="45.77685" lon="4.80776">
        <ele>169.1</ele>
      </trkpt>
      <trkpt lat="45.77679" lon="4.80779">
        <ele>168.9</ele>
      </trkpt>
      <trkpt lat="45.77679" lon="4.80779">
        <ele>168.9</ele>
      </trkpt>
      <trkpt lat="45.77611" lon="4.80807">
        <ele>169.8</ele>
      </trkpt>
      <trkpt lat="45.77542" lon="4.80836">
        <ele>170.8</ele>
      </trkpt>
      <trkpt lat="45.77512" lon="4.8085">
        <ele>169.8</ele>
      </trkpt>
      <trkpt lat="45.77505" lon="4.80857">
        <ele>169.3</ele>
      </trkpt>
      <trkpt lat="45.77504" lon="4.8086">
        <ele>169.1</ele>
      </trkpt>
      <trkpt lat="45.77503" lon="4.80864">
        <ele>168.8</ele>
      </trkpt>
      <trkpt lat="45.77498" lon="4.80864">
        <ele>168.9</ele>
      </trkpt>
      <trkpt lat="45.77498" lon="4.80864">
        <ele>168.9</ele>
      </trkpt>
      <trkpt lat="45.77491" lon="4.80863">
        <ele>169.5</ele>
      </trkpt>
      <trkpt lat="45.77486" lon="4.80864">
        <ele>169.8</ele>
      </trkpt>
      <trkpt lat="45.77486" lon="4.80859">
        <ele>170.1</ele>
      </trkpt>
      <trkpt lat="45.77485" lon="4.80836">
        <ele>171.7</ele>
      </trkpt>
      <trkpt lat="45.77484" lon="4.8083">
        <ele>172.1</ele>
      </trkpt>
      <trkpt lat="45.77476" lon="4.80836">
        <ele>172.3</ele>
      </trkpt>
      <trkpt lat="45.77476" lon="4.80836">
        <ele>172.3</ele>
      </trkpt>
      <trkpt lat="45.77447" lon="4.80856">
        <ele>172.9</ele>
      </trkpt>
      <trkpt lat="45.77407" lon="4.8089">
        <ele>173.6</ele>
      </trkpt>
      <trkpt lat="45.77402" lon="4.80894">
        <ele>173.6</ele>
      </trkpt>
      <trkpt lat="45.77399" lon="4.80895">
        <ele>173.7</ele>
      </trkpt>
      <trkpt lat="45.77399" lon="4.80895">
        <ele>173.7</ele>
      </trkpt>
      <trkpt lat="45.77392" lon="4.80894">
        <ele>174.0</ele>
      </trkpt>
      <trkpt lat="45.77386" lon="4.80885">
        <ele>174.6</ele>
      </trkpt>
      <trkpt lat="45.77375" lon="4.80874">
        <ele>175.3</ele>
      </trkpt>
      <trkpt lat="45.77365" lon="4.80897">
        <ele>175.0</ele>
      </trkpt>
      <trkpt lat="45.77344" lon="4.80946">
        <ele>174.6</ele>
      </trkpt>
      <trkpt lat="45.77339" lon="4.80954">
        <ele>174.7</ele>
      </trkpt>
      <trkpt lat="45.77343" lon="4.80981">
        <ele>173.5</ele>
      </trkpt>
      <trkpt lat="45.7732" lon="4.81007">
        <ele>175.2</ele>
      </trkpt>
      <trkpt lat="45.7727" lon="4.81063">
        <ele>173.6</ele>
      </trkpt>
      <trkpt lat="45.77221" lon="4.8112">
        <ele>172.2</ele>
      </trkpt>
      <trkpt lat="45.77221" lon="4.8112">
        <ele>172.2</ele>
      </trkpt>
      <trkpt lat="45.77221" lon="4.8112">
        <ele>172.2</ele>
      </trkpt>
      <trkpt lat="45.77199" lon="4.81145">
        <ele>172.5</ele>
      </trkpt>
      <trkpt lat="45.77181" lon="4.81159">
        <ele>173.2</ele>
      </trkpt>
      <trkpt lat="45.77105" lon="4.81195">
        <ele>171.4</ele>
      </trkpt>
      <trkpt lat="45.77029" lon="4.81232">
        <ele>167.3</ele>
      </trkpt>
      <trkpt lat="45.77014" lon="4.81242">
        <ele>166.0</ele>
      </trkpt>
      <trkpt lat="45.77006" lon="4.81252">
        <ele>165.0</ele>
      </trkpt>
      <trkpt lat="45.77004" lon="4.81256">
        <ele>165.0</ele>
      </trkpt>
      <trkpt lat="45.76989" lon="4.81261">
        <ele>165.0</ele>
      </trkpt>
      <trkpt lat="45.76989" lon="4.81261">
        <ele>165.0</ele>
      </trkpt>
      <trkpt lat="45.76972" lon="4.81266">
        <ele>165.0</ele>
      </trkpt>
      <trkpt lat="45.76903" lon="4.81276">
        <ele>165.7</ele>
      </trkpt>
      <trkpt lat="45.76896" lon="4.81275">
        <ele>166.0</ele>
      </trkpt>
      <trkpt lat="45.76873" lon="4.81279">
        <ele>167.0</ele>
      </trkpt>
      <trkpt lat="45.76854" lon="4.81285">
        <ele>167.6</ele>
      </trkpt>
      <trkpt lat="45.76834" lon="4.81296">
        <ele>167.7</ele>
      </trkpt>
      <trkpt lat="45.76825" lon="4.81302">
        <ele>168.2</ele>
      </trkpt>
      <trkpt lat="45.76814" lon="4.81311">
        <ele>168.9</ele>
      </trkpt>
      <trkpt lat="45.76799" lon="4.81326">
        <ele>169.6</ele>
      </trkpt>
      <trkpt lat="45.76783" lon="4.81346">
        <ele>170.1</ele>
      </trkpt>
      <trkpt lat="45.76769" lon="4.81368">
        <ele>169.5</ele>
      </trkpt>
      <trkpt lat="45.76763" lon="4.81381">
        <ele>168.6</ele>
      </trkpt>
      <trkpt lat="45.7674" lon="4.81444">
        <ele>167.3</ele>
      </trkpt>
      <trkpt lat="45.76717" lon="4.81507">
        <ele>173.3</ele>
      </trkpt>
      <trkpt lat="45.76717" lon="4.81507">
        <ele>173.3</ele>
      </trkpt>
      <trkpt lat="45.76689" lon="4.81588">
        <ele>180.2</ele>
      </trkpt>
      <trkpt lat="45.76685" lon="4.81602">
        <ele>180.9</ele>
      </trkpt>
      <trkpt lat="45.76669" lon="4.81687">
        <ele>178.2</ele>
      </trkpt>
      <trkpt lat="45.76653" lon="4.81773">
        <ele>169.7</ele>
      </trkpt>
      <trkpt lat="45.76649" lon="4.81813">
        <ele>170.0</ele>
      </trkpt>
      <trkpt lat="45.76647" lon="4.8186">
        <ele>169.7</ele>
      </trkpt>
      <trkpt lat="45.76648" lon="4.81886">
        <ele>169.3</ele>
      </trkpt>
      <trkpt lat="45.76651" lon="4.81919">
        <ele>168.4</ele>
      </trkpt>
      <trkpt lat="45.76655" lon="4.81946">
        <ele>167.7</ele>
      </trkpt>
      <trkpt lat="45.7666" lon="4.81971">
        <ele>166.6</ele>
      </trkpt>
      <trkpt lat="45.76666" lon="4.81998">
        <ele>165.2</ele>
      </trkpt>
      <trkpt lat="45.76688" lon="4.82083">
        <ele>166.0</ele>
      </trkpt>
      <trkpt lat="45.76688" lon="4.82083">
        <ele>166.0</ele>
      </trkpt>
      <trkpt lat="45.76713" lon="4.82179">
        <ele>179.4</ele>
      </trkpt>
      <trkpt lat="45.76733" lon="4.82245">
        <ele>173.0</ele>
      </trkpt>
      <trkpt lat="45.76736" lon="4.82259">
        <ele>171.7</ele>
      </trkpt>
      <trkpt lat="45.76738" lon="4.82284">
        <ele>170.6</ele>
      </trkpt>
      <trkpt lat="45.7674" lon="4.82367">
        <ele>169.0</ele>
      </trkpt>
      <trkpt lat="45.76743" lon="4.82449">
        <ele>167.1</ele>
      </trkpt>
      <trkpt lat="45.76743" lon="4.82449">
        <ele>167.1</ele>
      </trkpt>
      <trkpt lat="45.76746" lon="4.82533">
        <ele>166.0</ele>
      </trkpt>
      <trkpt lat="45.7675" lon="4.82618">
        <ele>165.0</ele>
      </trkpt>
      <trkpt lat="45.7675" lon="4.8263">
        <ele>165.0</ele>
      </trkpt>
      <trkpt lat="45.76738" lon="4.82689">
        <ele>166.7</ele>
      </trkpt>
      <trkpt lat="45.76732" lon="4.82709">
        <ele>167.6</ele>
      </trkpt>
      <trkpt lat="45.76726" lon="4.82729">
        <ele>168.5</ele>
      </trkpt>
      <trkpt lat="45.76719" lon="4.82747">
        <ele>169.5</ele>
      </trkpt>
      <trkpt lat="45.76711" lon="4.82764">
        <ele>170.5</ele>
      </trkpt>
      <trkpt lat="45.76691" lon="4.82794">
        <ele>172.7</ele>
      </trkpt>
      <trkpt lat="45.76657" lon="4.82843">
        <ele>174.7</ele>
      </trkpt>
      <trkpt lat="45.76638" lon="4.82869">
        <ele>173.6</ele>
      </trkpt>
      <trkpt lat="45.76635" lon="4.8288">
        <ele>172.7</ele>
      </trkpt>
      <trkpt lat="45.76627" lon="4.82886">
        <ele>172.9</ele>
      </trkpt>
      <trkpt lat="45.7662" lon="4.82887">
        <ele>173.6</ele>
      </trkpt>
      <trkpt lat="45.76566" lon="4.82906">
        <ele>175.0</ele>
      </trkpt>
      <trkpt lat="45.76566" lon="4.82906">
        <ele>175.0</ele>
      </trkpt>
      <trkpt lat="45.76548" lon="4.82912">
        <ele>173.7</ele>
      </trkpt>
      <trkpt lat="45.76533" lon="4.82914">
        <ele>172.8</ele>
      </trkpt>
      <trkpt lat="45.76489" lon="4.82915">
        <ele>171.4</ele>
      </trkpt>
      <trkpt lat="45.76481" lon="4.82917">
        <ele>171.4</ele>
      </trkpt>
      <trkpt lat="45.76468" lon="4.82924">
        <ele>171.1</ele>
      </trkpt>
      <trkpt lat="45.76457" lon="4.82936">
        <ele>170.3</ele>
      </trkpt>
      <trkpt lat="45.76449" lon="4.8294">
        <ele>170.0</ele>
      </trkpt>
      <trkpt lat="45.76439" lon="4.82942">
        <ele>170.0</ele>
      </trkpt>
      <trkpt lat="45.76396" lon="4.82943">
        <ele>170.1</ele>
      </trkpt>
      <trkpt lat="45.76396" lon="4.82943">
        <ele>170.1</ele>
      </trkpt>
      <trkpt lat="45.76345" lon="4.82944">
        <ele>169.8</ele>
      </trkpt>
      <trkpt lat="45.76343" lon="4.82946">
        <ele>169.6</ele>
      </trkpt>
      <trkpt lat="45.7634" lon="4.82951">
        <ele>169.1</ele>
      </trkpt>
      <trkpt lat="45.76335" lon="4.82954">
        <ele>168.9</ele>
      </trkpt>
      <trkpt lat="45.7632" lon="4.82953">
        <ele>168.8</ele>
      </trkpt>
      <trkpt lat="45.76318" lon="4.82951">
        <ele>168.9</ele>
      </trkpt>
      <trkpt lat="45.76315" lon="4.82945">
        <ele>169.3</ele>
      </trkpt>
      <trkpt lat="45.76314" lon="4.82944">
        <ele>169.4</ele>
      </trkpt>
      <trkpt lat="45.76311" lon="4.82943">
        <ele>169.4</ele>
      </trkpt>
      <trkpt lat="45.76291" lon="4.82939">
        <ele>169.4</ele>
      </trkpt>
      <trkpt lat="45.7624" lon="4.82921">
        <ele>169.4</ele>
      </trkpt>
      <trkpt lat="45.76224" lon="4.82913">
        <ele>169.4</ele>
      </trkpt>
      <trkpt lat="45.76191" lon="4.82891">
        <ele>170.0</ele>
      </trkpt>
      <trkpt lat="45.7614" lon="4.82873">
        <ele>170.1</ele>
      </trkpt>
      <trkpt lat="45.7614" lon="4.82873">
        <ele>170.1</ele>
      </trkpt>
      <trkpt lat="45.76053" lon="4.82842">
        <ele>168.7</ele>
      </trkpt>
      <trkpt lat="45.76038" lon="4.82835">
        <ele>167.7</ele>
      </trkpt>
      <trkpt lat="45.76014" lon="4.82821">
        <ele>167.7</ele>
      </trkpt>
      <trkpt lat="45.76014" lon="4.82821">
        <ele>167.7</ele>
      </trkpt>
      <trkpt lat="45.75991" lon="4.82807">
        <ele>168.6</ele>
      </trkpt>
      <trkpt lat="45.75986" lon="4.82806">
        <ele>168.5</ele>
      </trkpt>
      <trkpt lat="45.7598" lon="4.82803">
        <ele>168.8</ele>
      </trkpt>
      <trkpt lat="45.75977" lon="4.82804">
        <ele>168.5</ele>
      </trkpt>
      <trkpt lat="45.75958" lon="4.8279">
        <ele>169.4</ele>
      </trkpt>
      <trkpt lat="45.75955" lon="4.82785">
        <ele>169.8</ele>
      </trkpt>
      <trkpt lat="45.75933" lon="4.82762">
        <ele>170.5</ele>
      </trkpt>
      <trkpt lat="45.7593" lon="4.82759">
        <ele>170.5</ele>
      </trkpt>
      <trkpt lat="45.75927" lon="4.82754">
        <ele>170.6</ele>
      </trkpt>
      <trkpt lat="45.75886" lon="4.82714">
        <ele>171.0</ele>
      </trkpt>
      <trkpt lat="45.75871" lon="4.82698">
        <ele>171.3</ele>
      </trkpt>
      <trkpt lat="45.75869" lon="4.82696">
        <ele>171.3</ele>
      </trkpt>
      <trkpt lat="45.75859" lon="4.82694">
        <ele>170.8</ele>
      </trkpt>
      <trkpt lat="45.7582" lon="4.82654">
        <ele>170.8</ele>
      </trkpt>
      <trkpt lat="45.75782" lon="4.82615">
        <ele>169.6</ele>
      </trkpt>
      <trkpt lat="45.75782" lon="4.82615">
        <ele>169.6</ele>
      </trkpt>
      <trkpt lat="45.75742" lon="4.82574">
        <ele>168.8</ele>
      </trkpt>
      <trkpt lat="45.7573" lon="4.82564">
        <ele>169.6</ele>
      </trkpt>
      <trkpt lat="45.75702" lon="4.82536">
        <ele>173.0</ele>
      </trkpt>
      <trkpt lat="45.75698" lon="4.82531">
        <ele>173.7</ele>
      </trkpt>
      <trkpt lat="45.75685" lon="4.82521">
        <ele>175.3</ele>
      </trkpt>
      <trkpt lat="45.75674" lon="4.82515">
        <ele>176.4</ele>
      </trkpt>
      <trkpt lat="45.75634" lon="4.82485">
        <ele>174.2</ele>
      </trkpt>
      <trkpt lat="45.75626" lon="4.82478">
        <ele>173.0</ele>
      </trkpt>
      <trkpt lat="45.75616" lon="4.82468">
        <ele>171.4</ele>
      </trkpt>
      <trkpt lat="45.75601" lon="4.82457">
        <ele>168.6</ele>
      </trkpt>
      <trkpt lat="45.75593" lon="4.82454">
        <ele>167.0</ele>
      </trkpt>
      <trkpt lat="45.75571" lon="4.82444">
        <ele>165.0</ele>
      </trkpt>
      <trkpt lat="45.75566" lon="4.82441">
        <ele>165.0</ele>
      </trkpt>
      <trkpt lat="45.75562" lon="4.82433">
        <ele>165.0</ele>
      </trkpt>
      <trkpt lat="45.75476" lon="4.82396">
        <ele>168.8</ele>
      </trkpt>
      <trkpt lat="45.75476" lon="4.82396">
        <ele>168.8</ele>
      </trkpt>
      <trkpt lat="45.75418" lon="4.82371">
        <ele>170.0</ele>
      </trkpt>
      <trkpt lat="45.75408" lon="4.8237">
        <ele>169.5</ele>
      </trkpt>
      <trkpt lat="45.75379" lon="4.82359">
        <ele>168.4</ele>
      </trkpt>
      <trkpt lat="45.75373" lon="4.82355">
        <ele>168.2</ele>
      </trkpt>
      <trkpt lat="45.75356" lon="4.82347">
        <ele>167.0</ele>
      </trkpt>
      <trkpt lat="45.75332" lon="4.82323">
        <ele>166.7</ele>
      </trkpt>
      <trkpt lat="45.75332" lon="4.82323">
        <ele>166.7</ele>
      </trkpt>
      <trkpt lat="45.75282" lon="4.82275">
        <ele>171.3</ele>
      </trkpt>
      <trkpt lat="45.75233" lon="4.82227">
        <ele>171.2</ele>
      </trkpt>
      <trkpt lat="45.75183" lon="4.82178">
        <ele>170.5</ele>
      </trkpt>
      <trkpt lat="45.75181" lon="4.82175">
        <ele>170.5</ele>
      </trkpt>
      <trkpt lat="45.75176" lon="4.82174">
        <ele>170.2</ele>
      </trkpt>
      <trkpt lat="45.7517" lon="4.82157">
        <ele>170.8</ele>
      </trkpt>
      <trkpt lat="45.75158" lon="4.82138">
        <ele>171.0</ele>
      </trkpt>
      <trkpt lat="45.75135" lon="4.82097">
        <ele>170.7</ele>
      </trkpt>
      <trkpt lat="45.75121" lon="4.82069">
        <ele>170.2</ele>
      </trkpt>
      <trkpt lat="45.75115" lon="4.8206">
        <ele>169.9</ele>
      </trkpt>
      <trkpt lat="45.75088" lon="4.82002">
        <ele>169.5</ele>
      </trkpt>
      <trkpt lat="45.75088" lon="4.82002">
        <ele>169.5</ele>
      </trkpt>
      <trkpt lat="45.75065" lon="4.81955">
        <ele>170.6</ele>
      </trkpt>
      <trkpt lat="45.75049" lon="4.81921">
        <ele>170.7</ele>
      </trkpt>
      <trkpt lat="45.7501" lon="4.81839">
        <ele>169.4</ele>
      </trkpt>
      <trkpt lat="45.74971" lon="4.81758">
        <ele>174.9</ele>
      </trkpt>
      <trkpt lat="45.74954" lon="4.81734">
        <ele>175.0</ele>
      </trkpt>
      <trkpt lat="45.74895" lon="4.81662">
        <ele>173.6</ele>
      </trkpt>
      <trkpt lat="45.74836" lon="4.81589">
        <ele>178.6</ele>
      </trkpt>
      <trkpt lat="45.74819" lon="4.81571">
        <ele>180.2</ele>
      </trkpt>
      <trkpt lat="45.74769" lon="4.81526">
        <ele>180.2</ele>
      </trkpt>
      <trkpt lat="45.74709" lon="4.81474">
        <ele>182.2</ele>
      </trkpt>
      <trkpt lat="45.74648" lon="4.81422">
        <ele>182.4</ele>
      </trkpt>
      <trkpt lat="45.74587" lon="4.8137">
        <ele>185.4</ele>
      </trkpt>
      <trkpt lat="45.7453" lon="4.8134">
        <ele>176.6</ele>
      </trkpt>
      <trkpt lat="45.74483" lon="4.81319">
        <ele>172.8</ele>
      </trkpt>
      <trkpt lat="45.74451" lon="4.81307">
        <ele>177.6</ele>
      </trkpt>
      <trkpt lat="45.7442" lon="4.81297">
        <ele>180.1</ele>
      </trkpt>
      <trkpt lat="45.7442" lon="4.81297">
        <ele>180.1</ele>
      </trkpt>
      <trkpt lat="45.74345" lon="4.81279">
        <ele>177.6</ele>
      </trkpt>
      <trkpt lat="45.74269" lon="4.81261">
        <ele>168.4</ele>
      </trkpt>
      <trkpt lat="45.74202" lon="4.81246">
        <ele>166.5</ele>
      </trkpt>
      <trkpt lat="45.74135" lon="4.81232">
        <ele>170.8</ele>
      </trkpt>
      <trkpt lat="45.74069" lon="4.81217">
        <ele>174.2</ele>
      </trkpt>
      <trkpt lat="45.74002" lon="4.81203">
        <ele>175.8</ele>
      </trkpt>
      <trkpt lat="45.73972" lon="4.81198">
        <ele>177.1</ele>
      </trkpt>
      <trkpt lat="45.73914" lon="4.8119">
        <ele>179.4</ele>
      </trkpt>
      <trkpt lat="45.73857" lon="4.81187">
        <ele>180.7</ele>
      </trkpt>
      <trkpt lat="45.73777" lon="4.81189">
        <ele>180.4</ele>
      </trkpt>
      <trkpt lat="45.73737" lon="4.81192">
        <ele>180.0</ele>
      </trkpt>
      <trkpt lat="45.73674" lon="4.81203">
        <ele>178.8</ele>
      </trkpt>
      <trkpt lat="45.736" lon="4.81221">
        <ele>172.9</ele>
      </trkpt>
      <trkpt lat="45.73527" lon="4.81239">
        <ele>172.5</ele>
      </trkpt>
      <trkpt lat="45.73453" lon="4.81257">
        <ele>172.4</ele>
      </trkpt>
      <trkpt lat="45.7338" lon="4.81275">
        <ele>172.8</ele>
      </trkpt>
      <trkpt lat="45.7338" lon="4.81275">
        <ele>172.8</ele>
      </trkpt>
      <trkpt lat="45.73306" lon="4.81294">
        <ele>175.9</ele>
      </trkpt>
      <trkpt lat="45.73232" lon="4.81313">
        <ele>184.8</ele>
      </trkpt>
      <trkpt lat="45.73198" lon="4.81326">
        <ele>187.7</ele>
      </trkpt>
      <trkpt lat="45.7314" lon="4.81355">
        <ele>187.2</ele>
      </trkpt>
      <trkpt lat="45.73128" lon="4.81367">
        <ele>185.1</ele>
      </trkpt>
      <trkpt lat="45.73118" lon="4.81381">
        <ele>182.5</ele>
      </trkpt>
      <trkpt lat="45.73081" lon="4.81452">
        <ele>172.9</ele>
      </trkpt>
      <trkpt lat="45.73071" lon="4.81465">
        <ele>172.6</ele>
      </trkpt>
      <trkpt lat="45.73055" lon="4.81479">
        <ele>172.9</ele>
      </trkpt>
      <trkpt lat="45.73055" lon="4.81479">
        <ele>172.9</ele>
      </trkpt>
      <trkpt lat="45.73031" lon="4.815">
        <ele>173.2</ele>
      </trkpt>
      <trkpt lat="45.73014" lon="4.81508">
        <ele>174.7</ele>
      </trkpt>
      <trkpt lat="45.72976" lon="4.81524">
        <ele>176.0</ele>
      </trkpt>
      <trkpt lat="45.72969" lon="4.81526">
        <ele>176.2</ele>
      </trkpt>
      <trkpt lat="45.72949" lon="4.81534">
        <ele>176.6</ele>
      </trkpt>
      <trkpt lat="45.72949" lon="4.81534">
        <ele>176.6</ele>
      </trkpt>
      <trkpt lat="45.72943" lon="4.81539">
        <ele>176.2</ele>
      </trkpt>
      <trkpt lat="45.72936" lon="4.81547">
        <ele>175.5</ele>
      </trkpt>
      <trkpt lat="45.72923" lon="4.8156">
        <ele>174.4</ele>
      </trkpt>
      <trkpt lat="45.72916" lon="4.81566">
        <ele>173.9</ele>
      </trkpt>
      <trkpt lat="45.72915" lon="4.81565">
        <ele>174.1</ele>
      </trkpt>
      <trkpt lat="45.72912" lon="4.81564">
        <ele>174.3</ele>
      </trkpt>
      <trkpt lat="45.72906" lon="4.81566">
        <ele>174.1</ele>
      </trkpt>
      <trkpt lat="45.72906" lon="4.81566">
        <ele>174.1</ele>
      </trkpt>
      <trkpt lat="45.72902" lon="4.81568">
        <ele>173.8</ele>
      </trkpt>
      <trkpt lat="45.729" lon="4.81572">
        <ele>173.2</ele>
      </trkpt>
      <trkpt lat="45.72898" lon="4.81573">
        <ele>173.0</ele>
      </trkpt>
      <trkpt lat="45.72892" lon="4.81572">
        <ele>173.3</ele>
      </trkpt>
      <trkpt lat="45.7285" lon="4.81587">
        <ele>171.5</ele>
      </trkpt>
      <trkpt lat="45.72843" lon="4.81588">
        <ele>171.4</ele>
      </trkpt>
      <trkpt lat="45.72829" lon="4.81596">
        <ele>170.6</ele>
      </trkpt>
      <trkpt lat="45.72791" lon="4.81607">
        <ele>167.9</ele>
      </trkpt>
      <trkpt lat="45.72791" lon="4.81607">
        <ele>167.9</ele>
      </trkpt>
      <trkpt lat="45.72763" lon="4.81615">
        <ele>166.3</ele>
      </trkpt>
      <trkpt lat="45.72749" lon="4.81617">
        <ele>165.8</ele>
      </trkpt>
      <trkpt lat="45.7274" lon="4.81616">
        <ele>165.8</ele>
      </trkpt>
      <trkpt lat="45.72734" lon="4.81611">
        <ele>166.0</ele>
      </trkpt>
      <trkpt lat="45.72731" lon="4.8161">
        <ele>166.0</ele>
      </trkpt>
      <trkpt lat="45.72729" lon="4.81611">
        <ele>166.0</ele>
      </trkpt>
      <trkpt lat="45.72718" lon="4.81622">
        <ele>165.6</ele>
      </trkpt>
      <trkpt lat="45.72716" lon="4.81624">
        <ele>165.5</ele>
      </trkpt>
      <trkpt lat="45.72691" lon="4.8163">
        <ele>165.3</ele>
      </trkpt>
      <trkpt lat="45.72682" lon="4.81629">
        <ele>165.4</ele>
      </trkpt>
      <trkpt lat="45.72671" lon="4.8163">
        <ele>165.3</ele>
      </trkpt>
      <trkpt lat="45.72635" lon="4.81637">
        <ele>165.6</ele>
      </trkpt>
      <trkpt lat="45.72618" lon="4.81643">
        <ele>165.7</ele>
      </trkpt>
      <trkpt lat="45.72618" lon="4.81643">
        <ele>165.7</ele>
      </trkpt>
      <trkpt lat="45.72598" lon="4.81654">
        <ele>165.9</ele>
      </trkpt>
      <trkpt lat="45.72558" lon="4.81667">
        <ele>166.3</ele>
      </trkpt>
      <trkpt lat="45.72544" lon="4.81673">
        <ele>166.2</ele>
      </trkpt>
      <trkpt lat="45.72536" lon="4.81679">
        <ele>166.0</ele>
      </trkpt>
      <trkpt lat="45.72531" lon="4.81681">
        <ele>166.0</ele>
      </trkpt>
      <trkpt lat="45.72467" lon="4.81697">
        <ele>165.8</ele>
      </trkpt>
      <trkpt lat="45.72462" lon="4.817">
        <ele>165.7</ele>
      </trkpt>
      <trkpt lat="45.72385" lon="4.81717">
        <ele>164.9</ele>
      </trkpt>
      <trkpt lat="45.72307" lon="4.81735">
        <ele>164.2</ele>
      </trkpt>
      <trkpt lat="45.7223" lon="4.81752">
        <ele>164.4</ele>
      </trkpt>
      <trkpt lat="45.7223" lon="4.81752">
        <ele>164.4</ele>
      </trkpt>
      <trkpt lat="45.72155" lon="4.81769">
        <ele>165.4</ele>
      </trkpt>
      <trkpt lat="45.7208" lon="4.81786">
        <ele>165.2</ele>
      </trkpt>
      <trkpt lat="45.72004" lon="4.81802">
        <ele>163.2</ele>
      </trkpt>
      <trkpt lat="45.7199" lon="4.81807">
        <ele>162.9</ele>
      </trkpt>
      <trkpt lat="45.71922" lon="4.81823">
        <ele>162.4</ele>
      </trkpt>
      <trkpt lat="45.71906" lon="4.81826">
        <ele>162.9</ele>
      </trkpt>
      <trkpt lat="45.71897" lon="4.81827">
        <ele>163.4</ele>
      </trkpt>
      <trkpt lat="45.71895" lon="4.81825">
        <ele>163.5</ele>
      </trkpt>
      <trkpt lat="45.71888" lon="4.81825">
        <ele>163.9</ele>
      </trkpt>
      <trkpt lat="45.71879" lon="4.8181">
        <ele>164.7</ele>
      </trkpt>
      <trkpt lat="45.71872" lon="4.81787">
        <ele>165.5</ele>
      </trkpt>
      <trkpt lat="45.71855" lon="4.81672">
        <ele>166.3</ele>
      </trkpt>
      <trkpt lat="45.71838" lon="4.81556">
        <ele>167.7</ele>
      </trkpt>
      <trkpt lat="45.71838" lon="4.81556">
        <ele>167.7</ele>
      </trkpt>
      <trkpt lat="45.71828" lon="4.81487">
        <ele>166.7</ele>
      </trkpt>
      <trkpt lat="45.7183" lon="4.81482">
        <ele>166.7</ele>
      </trkpt>
      <trkpt lat="45.71829" lon="4.81476">
        <ele>166.7</ele>
      </trkpt>
      <trkpt lat="45.71829" lon="4.8147">
        <ele>166.6</ele>
      </trkpt>
      <trkpt lat="45.71824" lon="4.81458">
        <ele>166.4</ele>
      </trkpt>
      <trkpt lat="45.71813" lon="4.81389">
        <ele>166.5</ele>
      </trkpt>
      <trkpt lat="45.71802" lon="4.8132">
        <ele>166.9</ele>
      </trkpt>
      <trkpt lat="45.718" lon="4.81298">
        <ele>166.7</ele>
      </trkpt>
      <trkpt lat="45.71794" lon="4.81228">
        <ele>166.9</ele>
      </trkpt>
      <trkpt lat="45.71789" lon="4.81158">
        <ele>169.4</ele>
      </trkpt>
      <trkpt lat="45.71789" lon="4.81158">
        <ele>169.4</ele>
      </trkpt>
      <trkpt lat="45.71788" lon="4.81145">
        <ele>170.1</ele>
      </trkpt>
      <trkpt lat="45.7179" lon="4.81105">
        <ele>172.6</ele>
      </trkpt>
      <trkpt lat="45.71792" lon="4.81088">
        <ele>173.7</ele>
      </trkpt>
      <trkpt lat="45.71798" lon="4.81081">
        <ele>174.3</ele>
      </trkpt>
      <trkpt lat="45.71797" lon="4.81073">
        <ele>174.0</ele>
      </trkpt>
      <trkpt lat="45.71796" lon="4.81006">
        <ele>172.6</ele>
      </trkpt>
      <trkpt lat="45.71798" lon="4.80989">
        <ele>172.6</ele>
      </trkpt>
      <trkpt lat="45.71787" lon="4.80984">
        <ele>172.6</ele>
      </trkpt>
      <trkpt lat="45.71753" lon="4.80971">
        <ele>172.7</ele>
      </trkpt>
      <trkpt lat="45.71734" lon="4.80963">
        <ele>172.8</ele>
      </trkpt>
      <trkpt lat="45.71722" lon="4.80961">
        <ele>173.2</ele>
      </trkpt>
      <trkpt lat="45.7167" lon="4.80964">
        <ele>175.4</ele>
      </trkpt>
      <trkpt lat="45.71619" lon="4.80967">
        <ele>177.5</ele>
      </trkpt>
      <trkpt lat="45.71606" lon="4.80963">
        <ele>178.1</ele>
      </trkpt>
      <trkpt lat="45.71598" lon="4.80955">
        <ele>178.4</ele>
      </trkpt>
      <trkpt lat="45.71598" lon="4.80955">
        <ele>178.4</ele>
      </trkpt>
      <trkpt lat="45.71551" lon="4.80875">
        <ele>181.8</ele>
      </trkpt>
      <trkpt lat="45.71513" lon="4.80809">
        <ele>184.5</ele>
      </trkpt>
      <trkpt lat="45.71472" lon="4.8074">
        <ele>186.0</ele>
      </trkpt>
      <trkpt lat="45.71432" lon="4.80671">
        <ele>188.9</ele>
      </trkpt>
      <trkpt lat="45.71395" lon="4.80606">
        <ele>192.2</ele>
      </trkpt>
      <trkpt lat="45.71345" lon="4.8052">
        <ele>193.1</ele>
      </trkpt>
      <trkpt lat="45.71289" lon="4.80423">
        <ele>195.8</ele>
      </trkpt>
      <trkpt lat="45.71281" lon="4.80407">
        <ele>196.0</ele>
      </trkpt>
      <trkpt lat="45.71236" lon="4.80328">
        <ele>196.4</ele>
      </trkpt>
      <trkpt lat="45.71195" lon="4.80259">
        <ele>195.9</ele>
      </trkpt>
      <trkpt lat="45.71155" lon="4.8019">
        <ele>196.4</ele>
      </trkpt>
      <trkpt lat="45.71115" lon="4.80121">
        <ele>200.6</ele>
      </trkpt>
      <trkpt lat="45.71115" lon="4.80121">
        <ele>200.6</ele>
      </trkpt>
      <trkpt lat="45.71079" lon="4.80063">
        <ele>206.2</ele>
      </trkpt>
      <trkpt lat="45.71046" lon="4.80019">
        <ele>208.8</ele>
      </trkpt>
      <trkpt lat="45.71012" lon="4.79974">
        <ele>212.3</ele>
      </trkpt>
      <trkpt lat="45.71004" lon="4.79965">
        <ele>213.0</ele>
      </trkpt>
      <trkpt lat="45.70955" lon="4.79922">
        <ele>217.1</ele>
      </trkpt>
      <trkpt lat="45.70925" lon="4.79903">
        <ele>219.0</ele>
      </trkpt>
      <trkpt lat="45.70893" lon="4.79887">
        <ele>222.0</ele>
      </trkpt>
      <trkpt lat="45.70845" lon="4.79867">
        <ele>225.6</ele>
      </trkpt>
      <trkpt lat="45.70798" lon="4.79847">
        <ele>229.5</ele>
      </trkpt>
      <trkpt lat="45.70714" lon="4.79814">
        <ele>235.1</ele>
      </trkpt>
      <trkpt lat="45.70631" lon="4.79782">
        <ele>237.2</ele>
      </trkpt>
      <trkpt lat="45.70631" lon="4.79782">
        <ele>237.2</ele>
      </trkpt>
      <trkpt lat="45.70549" lon="4.79751">
        <ele>237.8</ele>
      </trkpt>
      <trkpt lat="45.70467" lon="4.79719">
        <ele>241.2</ele>
      </trkpt>
      <trkpt lat="45.70393" lon="4.7969">
        <ele>245.8</ele>
      </trkpt>
      <trkpt lat="45.70318" lon="4.79661">
        <ele>249.0</ele>
      </trkpt>
      <trkpt lat="45.70244" lon="4.79632">
        <ele>248.1</ele>
      </trkpt>
      <trkpt lat="45.7017" lon="4.79603">
        <ele>247.7</ele>
      </trkpt>
      <trkpt lat="45.70159" lon="4.79599">
        <ele>247.9</ele>
      </trkpt>
      <trkpt lat="45.70161" lon="4.79592">
        <ele>247.6</ele>
      </trkpt>
      <trkpt lat="45.70154" lon="4.79588">
        <ele>247.8</ele>
      </trkpt>
      <trkpt lat="45.70145" lon="4.79569">
        <ele>248.3</ele>
      </trkpt>
      <trkpt lat="45.70144" lon="4.79562">
        <ele>248.4</ele>
      </trkpt>
      <trkpt lat="45.70154" lon="4.79472">
        <ele>250.3</ele>
      </trkpt>
      <trkpt lat="45.70164" lon="4.79382">
        <ele>255.3</ele>
      </trkpt>
      <trkpt lat="45.70166" lon="4.79362">
        <ele>256.3</ele>
      </trkpt>
      <trkpt lat="45.70164" lon="4.7933">
        <ele>258.2</ele>
      </trkpt>
      <trkpt lat="45.7016" lon="4.79293">
        <ele>258.4</ele>
      </trkpt>
      <trkpt lat="45.70149" lon="4.79249">
        <ele>258.9</ele>
      </trkpt>
      <trkpt lat="45.70128" lon="4.79192">
        <ele>259.9</ele>
      </trkpt>
      <trkpt lat="45.70128" lon="4.79192">
        <ele>259.9</ele>
      </trkpt>
      <trkpt lat="45.70109" lon="4.79143">
        <ele>260.4</ele>
      </trkpt>
      <trkpt lat="45.701" lon="4.79151">
        <ele>260.5</ele>
      </trkpt>
      <trkpt lat="45.70094" lon="4.79135">
        <ele>260.5</ele>
      </trkpt>
      <trkpt lat="45.70085" lon="4.79117">
        <ele>260.4</ele>
      </trkpt>
      <trkpt lat="45.70084" lon="4.79113">
        <ele>260.4</ele>
      </trkpt>
      <trkpt lat="45.70075" lon="4.79082">
        <ele>259.7</ele>
      </trkpt>
      <trkpt lat="45.70069" lon="4.79066">
        <ele>259.3</ele>
      </trkpt>
      <trkpt lat="45.70061" lon="4.79053">
        <ele>259.0</ele>
      </trkpt>
      <trkpt lat="45.70018" lon="4.7901">
        <ele>258.1</ele>
      </trkpt>
      <trkpt lat="45.69975" lon="4.78966">
        <ele>258.9</ele>
      </trkpt>
      <trkpt lat="45.6995" lon="4.78938">
        <ele>260.1</ele>
      </trkpt>
      <trkpt lat="45.69927" lon="4.78905">
        <ele>261.6</ele>
      </trkpt>
      <trkpt lat="45.69899" lon="4.78855">
        <ele>260.8</ele>
      </trkpt>
      <trkpt lat="45.69852" lon="4.78769">
        <ele>259.4</ele>
      </trkpt>
      <trkpt lat="45.69831" lon="4.78743">
        <ele>259.7</ele>
      </trkpt>
      <trkpt lat="45.69814" lon="4.78729">
        <ele>260.6</ele>
      </trkpt>
      <trkpt lat="45.69802" lon="4.78721">
        <ele>261.0</ele>
      </trkpt>
      <trkpt lat="45.69785" lon="4.78711">
        <ele>261.2</ele>
      </trkpt>
      <trkpt lat="45.69735" lon="4.78692">
        <ele>260.3</ele>
      </trkpt>
      <trkpt lat="45.69694" lon="4.78676">
        <ele>258.6</ele>
      </trkpt>
      <trkpt lat="45.69639" lon="4.78651">
        <ele>256.2</ele>
      </trkpt>
      <trkpt lat="45.69611" lon="4.78638">
        <ele>254.9</ele>
      </trkpt>
      <trkpt lat="45.69611" lon="4.78638">
        <ele>254.9</ele>
      </trkpt>
      <trkpt lat="45.69579" lon="4.78625">
        <ele>253.4</ele>
      </trkpt>
      <trkpt lat="45.6956" lon="4.78618">
        <ele>253.5</ele>
      </trkpt>
      <trkpt lat="45.69543" lon="4.78611">
        <ele>253.7</ele>
      </trkpt>
      <trkpt lat="45.69527" lon="4.78606">
        <ele>253.8</ele>
      </trkpt>
      <trkpt lat="45.69499" lon="4.78605">
        <ele>253.7</ele>
      </trkpt>
      <trkpt lat="45.69499" lon="4.78605">
        <ele>253.7</ele>
      </trkpt>
      <trkpt lat="45.69451" lon="4.78603">
        <ele>251.7</ele>
      </trkpt>
      <trkpt lat="45.69451" lon="4.78603">
        <ele>251.7</ele>
      </trkpt>
      <trkpt lat="45.69424" lon="4.78596">
        <ele>250.9</ele>
      </trkpt>
      <trkpt lat="45.69407" lon="4.7859">
        <ele>250.2</ele>
      </trkpt>
      <trkpt lat="45.6939" lon="4.78581">
        <ele>249.6</ele>
      </trkpt>
      <trkpt lat="45.6933" lon="4.7855">
        <ele>248.1</ele>
      </trkpt>
      <trkpt lat="45.6933" lon="4.7855">
        <ele>248.1</ele>
      </trkpt>
      <trkpt lat="45.69264" lon="4.78517">
        <ele>244.1</ele>
      </trkpt>
      <trkpt lat="45.69264" lon="4.78517">
        <ele>244.1</ele>
      </trkpt>
      <trkpt lat="45.69209" lon="4.78491">
        <ele>239.7</ele>
      </trkpt>
      <trkpt lat="45.69209" lon="4.78491">
        <ele>239.7</ele>
      </trkpt>
      <trkpt lat="45.69174" lon="4.78477">
        <ele>237.2</ele>
      </trkpt>
      <trkpt lat="45.69174" lon="4.78477">
        <ele>237.2</ele>
      </trkpt>
      <trkpt lat="45.69126" lon="4.78456">
        <ele>236.1</ele>
      </trkpt>
      <trkpt lat="45.69126" lon="4.78456">
        <ele>236.1</ele>
      </trkpt>
      <trkpt lat="45.691" lon="4.78447">
        <ele>235.1</ele>
      </trkpt>
      <trkpt lat="45.69084" lon="4.78444">
        <ele>234.1</ele>
      </trkpt>
      <trkpt lat="45.69072" lon="4.78444">
        <ele>233.5</ele>
      </trkpt>
      <trkpt lat="45.69064" lon="4.78446">
        <ele>232.8</ele>
      </trkpt>
      <trkpt lat="45.6906" lon="4.7845">
        <ele>232.2</ele>
      </trkpt>
      <trkpt lat="45.69057" lon="4.78456">
        <ele>231.5</ele>
      </trkpt>
      <trkpt lat="45.69057" lon="4.78456">
        <ele>231.5</ele>
      </trkpt>
      <trkpt lat="45.69052" lon="4.78463">
        <ele>230.5</ele>
      </trkpt>
      <trkpt lat="45.69048" lon="4.78466">
        <ele>230.1</ele>
      </trkpt>
      <trkpt lat="45.69044" lon="4.78467">
        <ele>229.8</ele>
      </trkpt>
      <trkpt lat="45.69038" lon="4.78466">
        <ele>229.6</ele>
      </trkpt>
      <trkpt lat="45.6903" lon="4.7846">
        <ele>229.8</ele>
      </trkpt>
      <trkpt lat="45.69024" lon="4.78451">
        <ele>230.3</ele>
      </trkpt>
      <trkpt lat="45.69021" lon="4.78442">
        <ele>231.0</ele>
      </trkpt>
      <trkpt lat="45.69011" lon="4.78431">
        <ele>231.4</ele>
      </trkpt>
      <trkpt lat="45.69003" lon="4.78424">
        <ele>231.6</ele>
      </trkpt>
      <trkpt lat="45.6899" lon="4.78416">
        <ele>231.9</ele>
      </trkpt>
      <trkpt lat="45.6899" lon="4.78416">
        <ele>231.9</ele>
      </trkpt>
      <trkpt lat="45.68983" lon="4.78413">
        <ele>232.1</ele>
      </trkpt>
      <trkpt lat="45.68966" lon="4.7841">
        <ele>232.2</ele>
      </trkpt>
      <trkpt lat="45.68956" lon="4.78411">
        <ele>231.8</ele>
      </trkpt>
      <trkpt lat="45.68943" lon="4.78414">
        <ele>231.1</ele>
      </trkpt>
      <trkpt lat="45.68927" lon="4.78424">
        <ele>229.6</ele>
      </trkpt>
      <trkpt lat="45.68927" lon="4.78424">
        <ele>229.6</ele>
      </trkpt>
      <trkpt lat="45.68915" lon="4.78435">
        <ele>228.3</ele>
      </trkpt>
      <trkpt lat="45.68907" lon="4.78447">
        <ele>227.5</ele>
      </trkpt>
      <trkpt lat="45.68899" lon="4.78461">
        <ele>226.3</ele>
      </trkpt>
      <trkpt lat="45.68891" lon="4.78478">
        <ele>224.6</ele>
      </trkpt>
      <trkpt lat="45.68891" lon="4.78478">
        <ele>224.6</ele>
      </trkpt>
      <trkpt lat="45.68856" lon="4.78551">
        <ele>219.7</ele>
      </trkpt>
      <trkpt lat="45.68856" lon="4.78551">
        <ele>219.7</ele>
      </trkpt>
      <trkpt lat="45.6884" lon="4.78585">
        <ele>218.1</ele>
      </trkpt>
      <trkpt lat="45.6883" lon="4.78605">
        <ele>217.9</ele>
      </trkpt>
      <trkpt lat="45.6883" lon="4.78605">
        <ele>217.9</ele>
      </trkpt>
      <trkpt lat="45.68823" lon="4.7862">
        <ele>217.8</ele>
      </trkpt>
      <trkpt lat="45.68858" lon="4.78643">
        <ele>218.1</ele>
      </trkpt>
      <trkpt lat="45.68866" lon="4.78654">
        <ele>218.1</ele>
      </trkpt>
      <trkpt lat="45.68886" lon="4.78673">
        <ele>217.8</ele>
      </trkpt>
      <trkpt lat="45.68892" lon="4.78681">
        <ele>217.6</ele>
      </trkpt>
      <trkpt lat="45.68894" lon="4.78686">
        <ele>217.5</ele>
      </trkpt>
      <trkpt lat="45.68893" lon="4.78691">
        <ele>217.3</ele>
      </trkpt>
      <trkpt lat="45.68871" lon="4.7876">
        <ele>215.9</ele>
      </trkpt>
      <trkpt lat="45.68803" lon="4.78708">
        <ele>216.1</ele>
      </trkpt>
      <trkpt lat="45.68803" lon="4.78708">
        <ele>216.1</ele>
      </trkpt>
      <trkpt lat="45.68793" lon="4.78699">
        <ele>216.2</ele>
      </trkpt>
      <trkpt lat="45.68789" lon="4.78693">
        <ele>216.3</ele>
      </trkpt>
      <trkpt lat="45.68781" lon="4.78675">
        <ele>216.6</ele>
      </trkpt>
      <trkpt lat="45.68781" lon="4.78675">
        <ele>216.6</ele>
      </trkpt>
      <trkpt lat="45.68779" lon="4.78665">
        <ele>216.7</ele>
      </trkpt>
      <trkpt lat="45.68771" lon="4.78669">
        <ele>216.5</ele>
      </trkpt>
      <trkpt lat="45.68764" lon="4.7867">
        <ele>216.3</ele>
      </trkpt>
      <trkpt lat="45.68764" lon="4.7867">
        <ele>216.3</ele>
      </trkpt>
      <trkpt lat="45.68761" lon="4.7867">
        <ele>216.2</ele>
      </trkpt>
      <trkpt lat="45.68755" lon="4.78668">
        <ele>216.1</ele>
      </trkpt>
      <trkpt lat="45.68734" lon="4.78657">
        <ele>215.6</ele>
      </trkpt>
      <trkpt lat="45.68702" lon="4.78634">
        <ele>215.1</ele>
      </trkpt>
      <trkpt lat="45.68696" lon="4.78623">
        <ele>215.3</ele>
      </trkpt>
      <trkpt lat="45.68677" lon="4.78609">
        <ele>215.3</ele>
      </trkpt>
      <trkpt lat="45.68666" lon="4.78595">
        <ele>215.5</ele>
      </trkpt>
      <trkpt lat="45.68643" lon="4.78572">
        <ele>215.9</ele>
      </trkpt>
      <trkpt lat="45.68643" lon="4.78572">
        <ele>215.9</ele>
      </trkpt>
      <trkpt lat="45.68638" lon="4.78567">
        <ele>216.1</ele>
      </trkpt>
      <trkpt lat="45.6863" lon="4.78563">
        <ele>216.1</ele>
      </trkpt>
      <trkpt lat="45.68574" lon="4.78502">
        <ele>219.4</ele>
      </trkpt>
      <trkpt lat="45.68569" lon="4.78499">
        <ele>219.4</ele>
      </trkpt>
      <trkpt lat="45.68565" lon="4.78495">
        <ele>219.6</ele>
      </trkpt>
      <trkpt lat="45.68559" lon="4.78494">
        <ele>219.4</ele>
      </trkpt>
      <trkpt lat="45.68538" lon="4.78472">
        <ele>220.1</ele>
      </trkpt>
      <trkpt lat="45.68538" lon="4.78472">
        <ele>220.1</ele>
      </trkpt>
      <trkpt lat="45.68486" lon="4.78417">
        <ele>219.5</ele>
      </trkpt>
      <trkpt lat="45.68435" lon="4.78362">
        <ele>219.1</ele>
      </trkpt>
      <trkpt lat="45.68383" lon="4.78307">
        <ele>218.5</ele>
      </trkpt>
      <trkpt lat="45.68378" lon="4.78299">
        <ele>218.6</ele>
      </trkpt>
      <trkpt lat="45.68378" lon="4.78299">
        <ele>218.6</ele>
      </trkpt>
      <trkpt lat="45.68336" lon="4.78253">
        <ele>219.8</ele>
      </trkpt>
      <trkpt lat="45.68295" lon="4.78206">
        <ele>220.8</ele>
      </trkpt>
      <trkpt lat="45.68284" lon="4.78193">
        <ele>220.7</ele>
      </trkpt>
      <trkpt lat="45.68274" lon="4.78177">
        <ele>220.6</ele>
      </trkpt>
      <trkpt lat="45.68274" lon="4.78177">
        <ele>220.6</ele>
      </trkpt>
      <trkpt lat="45.68251" lon="4.78141">
        <ele>220.0</ele>
      </trkpt>
      <trkpt lat="45.68232" lon="4.78103">
        <ele>220.3</ele>
      </trkpt>
      <trkpt lat="45.68208" lon="4.7805">
        <ele>221.1</ele>
      </trkpt>
      <trkpt lat="45.68178" lon="4.77977">
        <ele>222.6</ele>
      </trkpt>
      <trkpt lat="45.68178" lon="4.77977">
        <ele>222.6</ele>
      </trkpt>
      <trkpt lat="45.68142" lon="4.77888">
        <ele>224.3</ele>
      </trkpt>
      <trkpt lat="45.68105" lon="4.77799">
        <ele>226.5</ele>
      </trkpt>
      <trkpt lat="45.68068" lon="4.77709">
        <ele>227.3</ele>
      </trkpt>
      <trkpt lat="45.68068" lon="4.77709">
        <ele>227.3</ele>
      </trkpt>
      <trkpt lat="45.68046" lon="4.77655">
        <ele>227.2</ele>
      </trkpt>
      <trkpt lat="45.68043" lon="4.77648">
        <ele>227.1</ele>
      </trkpt>
      <trkpt lat="45.68042" lon="4.77636">
        <ele>227.0</ele>
      </trkpt>
      <trkpt lat="45.68042" lon="4.77636">
        <ele>227.0</ele>
      </trkpt>
      <trkpt lat="45.68044" lon="4.77631">
        <ele>227.2</ele>
      </trkpt>
      <trkpt lat="45.68045" lon="4.77626">
        <ele>227.2</ele>
      </trkpt>
      <trkpt lat="45.68045" lon="4.77621">
        <ele>227.2</ele>
      </trkpt>
      <trkpt lat="45.68044" lon="4.77616">
        <ele>227.2</ele>
      </trkpt>
      <trkpt lat="45.68042" lon="4.77612">
        <ele>227.0</ele>
      </trkpt>
      <trkpt lat="45.68038" lon="4.77607">
        <ele>226.7</ele>
      </trkpt>
      <trkpt lat="45.68033" lon="4.77606">
        <ele>226.3</ele>
      </trkpt>
      <trkpt lat="45.68027" lon="4.77607">
        <ele>225.8</ele>
      </trkpt>
      <trkpt lat="45.68012" lon="4.77599">
        <ele>224.4</ele>
      </trkpt>
      <trkpt lat="45.68008" lon="4.77593">
        <ele>224.0</ele>
      </trkpt>
      <trkpt lat="45.67965" lon="4.77521">
        <ele>218.6</ele>
      </trkpt>
      <trkpt lat="45.67928" lon="4.77432">
        <ele>213.9</ele>
      </trkpt>
      <trkpt lat="45.67888" lon="4.77332">
        <ele>210.6</ele>
      </trkpt>
      <trkpt lat="45.67888" lon="4.77332">
        <ele>210.6</ele>
      </trkpt>
      <trkpt lat="45.67877" lon="4.77308">
        <ele>209.8</ele>
      </trkpt>
      <trkpt lat="45.67872" lon="4.773">
        <ele>209.5</ele>
      </trkpt>
      <trkpt lat="45.6787" lon="4.77293">
        <ele>209.4</ele>
      </trkpt>
      <trkpt lat="45.6787" lon="4.77287">
        <ele>209.3</ele>
      </trkpt>
      <trkpt lat="45.67869" lon="4.77284">
        <ele>209.3</ele>
      </trkpt>
      <trkpt lat="45.67867" lon="4.77279">
        <ele>209.2</ele>
      </trkpt>
      <trkpt lat="45.67864" lon="4.77276">
        <ele>209.1</ele>
      </trkpt>
      <trkpt lat="45.67853" lon="4.77247">
        <ele>209.0</ele>
      </trkpt>
      <trkpt lat="45.6783" lon="4.77187">
        <ele>209.0</ele>
      </trkpt>
      <trkpt lat="45.6783" lon="4.77187">
        <ele>209.0</ele>
      </trkpt>
      <trkpt lat="45.67805" lon="4.77124">
        <ele>208.7</ele>
      </trkpt>
      <trkpt lat="45.6778" lon="4.77061">
        <ele>208.9</ele>
      </trkpt>
      <trkpt lat="45.67769" lon="4.77028">
        <ele>208.5</ele>
      </trkpt>
      <trkpt lat="45.67766" lon="4.77017">
        <ele>208.3</ele>
      </trkpt>
      <trkpt lat="45.67766" lon="4.77007">
        <ele>208.1</ele>
      </trkpt>
      <trkpt lat="45.67766" lon="4.77007">
        <ele>208.1</ele>
      </trkpt>
      <trkpt lat="45.6777" lon="4.77">
        <ele>208.0</ele>
      </trkpt>
      <trkpt lat="45.67771" lon="4.76992">
        <ele>208.0</ele>
      </trkpt>
      <trkpt lat="45.67772" lon="4.76985">
        <ele>207.9</ele>
      </trkpt>
      <trkpt lat="45.67771" lon="4.76977">
        <ele>207.9</ele>
      </trkpt>
      <trkpt lat="45.67769" lon="4.7697">
        <ele>207.8</ele>
      </trkpt>
      <trkpt lat="45.67766" lon="4.76964">
        <ele>207.7</ele>
      </trkpt>
      <trkpt lat="45.67761" lon="4.76959">
        <ele>207.6</ele>
      </trkpt>
      <trkpt lat="45.67755" lon="4.76955">
        <ele>207.5</ele>
      </trkpt>
      <trkpt lat="45.67746" lon="4.76955">
        <ele>207.5</ele>
      </trkpt>
      <trkpt lat="45.67733" lon="4.76938">
        <ele>207.3</ele>
      </trkpt>
      <trkpt lat="45.67718" lon="4.76901">
        <ele>207.7</ele>
      </trkpt>
      <trkpt lat="45.67705" lon="4.76876">
        <ele>208.6</ele>
      </trkpt>
      <trkpt lat="45.67702" lon="4.76869">
        <ele>208.9</ele>
      </trkpt>
      <trkpt lat="45.67702" lon="4.76869">
        <ele>208.9</ele>
      </trkpt>
      <trkpt lat="45.6766" lon="4.76764">
        <ele>209.7</ele>
      </trkpt>
      <trkpt lat="45.67618" lon="4.7666">
        <ele>212.9</ele>
      </trkpt>
      <trkpt lat="45.67576" lon="4.76555">
        <ele>212.7</ele>
      </trkpt>
      <trkpt lat="45.67564" lon="4.7653">
        <ele>212.5</ele>
      </trkpt>
      <trkpt lat="45.67552" lon="4.765">
        <ele>212.6</ele>
      </trkpt>
      <trkpt lat="45.67537" lon="4.76457">
        <ele>213.0</ele>
      </trkpt>
      <trkpt lat="45.67537" lon="4.76457">
        <ele>213.0</ele>
      </trkpt>
      <trkpt lat="45.67537" lon="4.76455">
        <ele>213.0</ele>
      </trkpt>
      <trkpt lat="45.67536" lon="4.7645">
        <ele>213.0</ele>
      </trkpt>
      <trkpt lat="45.67533" lon="4.76446">
        <ele>213.0</ele>
      </trkpt>
      <trkpt lat="45.67531" lon="4.76445">
        <ele>213.0</ele>
      </trkpt>
      <trkpt lat="45.67527" lon="4.76446">
        <ele>213.0</ele>
      </trkpt>
      <trkpt lat="45.67524" lon="4.7645">
        <ele>212.9</ele>
      </trkpt>
      <trkpt lat="45.67523" lon="4.76454">
        <ele>212.8</ele>
      </trkpt>
      <trkpt lat="45.67508" lon="4.76478">
        <ele>212.4</ele>
      </trkpt>
      <trkpt lat="45.67453" lon="4.7655">
        <ele>208.6</ele>
      </trkpt>
      <trkpt lat="45.67453" lon="4.7655">
        <ele>208.6</ele>
      </trkpt>
      <trkpt lat="45.67444" lon="4.76563">
        <ele>208.1</ele>
      </trkpt>
      <trkpt lat="45.67435" lon="4.76552">
        <ele>208.0</ele>
      </trkpt>
      <trkpt lat="45.67435" lon="4.76552">
        <ele>208.0</ele>
      </trkpt>
      <trkpt lat="45.67415" lon="4.76523">
        <ele>207.7</ele>
      </trkpt>
      <trkpt lat="45.67382" lon="4.76469">
        <ele>208.2</ele>
      </trkpt>
      <trkpt lat="45.6733" lon="4.76418">
        <ele>208.0</ele>
      </trkpt>
      <trkpt lat="45.6733" lon="4.76418">
        <ele>208.0</ele>
      </trkpt>
      <trkpt lat="45.67299" lon="4.76387">
        <ele>208.2</ele>
      </trkpt>
      <trkpt lat="45.6725" lon="4.7633">
        <ele>208.0</ele>
      </trkpt>
      <trkpt lat="45.67211" lon="4.76297">
        <ele>206.9</ele>
      </trkpt>
      <trkpt lat="45.67204" lon="4.76288">
        <ele>206.6</ele>
      </trkpt>
      <trkpt lat="45.67183" lon="4.7627">
        <ele>205.8</ele>
      </trkpt>
      <trkpt lat="45.6716" lon="4.76256">
        <ele>205.1</ele>
      </trkpt>
      <trkpt lat="45.67147" lon="4.76251">
        <ele>205.0</ele>
      </trkpt>
      <trkpt lat="45.67147" lon="4.76251">
        <ele>205.0</ele>
      </trkpt>
      <trkpt lat="45.67119" lon="4.7624">
        <ele>204.9</ele>
      </trkpt>
      <trkpt lat="45.67078" lon="4.76226">
        <ele>204.7</ele>
      </trkpt>
      <trkpt lat="45.67055" lon="4.76225">
        <ele>204.8</ele>
      </trkpt>
      <trkpt lat="45.67045" lon="4.76228">
        <ele>204.9</ele>
      </trkpt>
      <trkpt lat="45.67045" lon="4.76228">
        <ele>204.9</ele>
      </trkpt>
      <trkpt lat="45.67036" lon="4.76226">
        <ele>204.9</ele>
      </trkpt>
      <trkpt lat="45.67027" lon="4.76229">
        <ele>204.9</ele>
      </trkpt>
      <trkpt lat="45.67019" lon="4.76235">
        <ele>205.0</ele>
      </trkpt>
      <trkpt lat="45.66973" lon="4.763">
        <ele>205.6</ele>
      </trkpt>
      <trkpt lat="45.6693" lon="4.76376">
        <ele>206.3</ele>
      </trkpt>
      <trkpt lat="45.66902" lon="4.76414">
        <ele>206.4</ele>
      </trkpt>
      <trkpt lat="45.66887" lon="4.76416">
        <ele>206.7</ele>
      </trkpt>
      <trkpt lat="45.66884" lon="4.76413">
        <ele>206.8</ele>
      </trkpt>
      <trkpt lat="45.66884" lon="4.76413">
        <ele>206.8</ele>
      </trkpt>
      <trkpt lat="45.66875" lon="4.76407">
        <ele>207.1</ele>
      </trkpt>
      <trkpt lat="45.66836" lon="4.76353">
        <ele>208.0</ele>
      </trkpt>
      <trkpt lat="45.66796" lon="4.76299">
        <ele>206.4</ele>
      </trkpt>
      <trkpt lat="45.66754" lon="4.76259">
        <ele>205.9</ele>
      </trkpt>
      <trkpt lat="45.66712" lon="4.76218">
        <ele>205.1</ele>
      </trkpt>
      <trkpt lat="45.66664" lon="4.76179">
        <ele>204.0</ele>
      </trkpt>
      <trkpt lat="45.66653" lon="4.76178">
        <ele>204.0</ele>
      </trkpt>
      <trkpt lat="45.66624" lon="4.76181">
        <ele>204.1</ele>
      </trkpt>
      <trkpt lat="45.66615" lon="4.76186">
        <ele>204.1</ele>
      </trkpt>
      <trkpt lat="45.66609" lon="4.76194">
        <ele>204.2</ele>
      </trkpt>
      <trkpt lat="45.66603" lon="4.76208">
        <ele>204.4</ele>
      </trkpt>
      <trkpt lat="45.66594" lon="4.76215">
        <ele>204.5</ele>
      </trkpt>
      <trkpt lat="45.6659" lon="4.76214">
        <ele>204.5</ele>
      </trkpt>
      <trkpt lat="45.6659" lon="4.76214">
        <ele>204.5</ele>
      </trkpt>
      <trkpt lat="45.66577" lon="4.76212">
        <ele>204.4</ele>
      </trkpt>
      <trkpt lat="45.66562" lon="4.76212">
        <ele>204.0</ele>
      </trkpt>
      <trkpt lat="45.66554" lon="4.76211">
        <ele>203.8</ele>
      </trkpt>
      <trkpt lat="45.66545" lon="4.76217">
        <ele>203.6</ele>
      </trkpt>
      <trkpt lat="45.66528" lon="4.76252">
        <ele>203.0</ele>
      </trkpt>
      <trkpt lat="45.6651" lon="4.7627">
        <ele>202.6</ele>
      </trkpt>
      <trkpt lat="45.66493" lon="4.76282">
        <ele>202.3</ele>
      </trkpt>
      <trkpt lat="45.66467" lon="4.76297">
        <ele>202.1</ele>
      </trkpt>
      <trkpt lat="45.66438" lon="4.76309">
        <ele>201.7</ele>
      </trkpt>
      <trkpt lat="45.66414" lon="4.76315">
        <ele>201.3</ele>
      </trkpt>
      <trkpt lat="45.66393" lon="4.76321">
        <ele>201.6</ele>
      </trkpt>
      <trkpt lat="45.66347" lon="4.76334">
        <ele>202.7</ele>
      </trkpt>
      <trkpt lat="45.66338" lon="4.76318">
        <ele>202.7</ele>
      </trkpt>
      <trkpt lat="45.66334" lon="4.76313">
        <ele>202.7</ele>
      </trkpt>
      <trkpt lat="45.66331" lon="4.76314">
        <ele>202.8</ele>
      </trkpt>
      <trkpt lat="45.66325" lon="4.76319">
        <ele>202.8</ele>
      </trkpt>
      <trkpt lat="45.66315" lon="4.76326">
        <ele>202.9</ele>
      </trkpt>
      <trkpt lat="45.66295" lon="4.76335">
        <ele>203.0</ele>
      </trkpt>
      <trkpt lat="45.66271" lon="4.76344">
        <ele>203.0</ele>
      </trkpt>
      <trkpt lat="45.66236" lon="4.76354">
        <ele>202.6</ele>
      </trkpt>
      <trkpt lat="45.66178" lon="4.76369">
        <ele>201.1</ele>
      </trkpt>
      <trkpt lat="45.66178" lon="4.76369">
        <ele>201.1</ele>
      </trkpt>
      <trkpt lat="45.66107" lon="4.76386">
        <ele>200.3</ele>
      </trkpt>
      <trkpt lat="45.66079" lon="4.76395">
        <ele>200.5</ele>
      </trkpt>
      <trkpt lat="45.66075" lon="4.76398">
        <ele>200.5</ele>
      </trkpt>
      <trkpt lat="45.66067" lon="4.76401">
        <ele>200.6</ele>
      </trkpt>
      <trkpt lat="45.66064" lon="4.76401">
        <ele>200.6</ele>
      </trkpt>
      <trkpt lat="45.66047" lon="4.76404">
        <ele>200.7</ele>
      </trkpt>
      <trkpt lat="45.65987" lon="4.76427">
        <ele>201.2</ele>
      </trkpt>
      <trkpt lat="45.65938" lon="4.76448">
        <ele>201.8</ele>
      </trkpt>
      <trkpt lat="45.65921" lon="4.76461">
        <ele>202.1</ele>
      </trkpt>
      <trkpt lat="45.65902" lon="4.76476">
        <ele>202.2</ele>
      </trkpt>
      <trkpt lat="45.65892" lon="4.76481">
        <ele>202.2</ele>
      </trkpt>
      <trkpt lat="45.65875" lon="4.76485">
        <ele>202.1</ele>
      </trkpt>
      <trkpt lat="45.65843" lon="4.765">
        <ele>202.1</ele>
      </trkpt>
      <trkpt lat="45.65826" lon="4.76511">
        <ele>202.2</ele>
      </trkpt>
      <trkpt lat="45.65816" lon="4.76517">
        <ele>202.2</ele>
      </trkpt>
      <trkpt lat="45.65811" lon="4.76519">
        <ele>202.2</ele>
      </trkpt>
      <trkpt lat="45.65802" lon="4.76517">
        <ele>202.0</ele>
      </trkpt>
      <trkpt lat="45.65779" lon="4.76448">
        <ele>200.3</ele>
      </trkpt>
      <trkpt lat="45.65771" lon="4.7642">
        <ele>199.7</ele>
      </trkpt>
      <trkpt lat="45.65758" lon="4.76343">
        <ele>198.1</ele>
      </trkpt>
      <trkpt lat="45.65745" lon="4.76266">
        <ele>198.7</ele>
      </trkpt>
      <trkpt lat="45.65733" lon="4.762">
        <ele>198.1</ele>
      </trkpt>
      <trkpt lat="45.65727" lon="4.76175">
        <ele>197.8</ele>
      </trkpt>
      <trkpt lat="45.6572" lon="4.76152">
        <ele>198.1</ele>
      </trkpt>
      <trkpt lat="45.65709" lon="4.76124">
        <ele>198.8</ele>
      </trkpt>
      <trkpt lat="45.65685" lon="4.76085">
        <ele>199.4</ele>
      </trkpt>
      <trkpt lat="45.65685" lon="4.76085">
        <ele>199.4</ele>
      </trkpt>
      <trkpt lat="45.65679" lon="4.76075">
        <ele>199.8</ele>
      </trkpt>
      <trkpt lat="45.65665" lon="4.76038">
        <ele>201.7</ele>
      </trkpt>
      <trkpt lat="45.65665" lon="4.7603">
        <ele>202.2</ele>
      </trkpt>
      <trkpt lat="45.65663" lon="4.76025">
        <ele>202.5</ele>
      </trkpt>
      <trkpt lat="45.65661" lon="4.76022">
        <ele>202.6</ele>
      </trkpt>
      <trkpt lat="45.65658" lon="4.7602">
        <ele>202.7</ele>
      </trkpt>
      <trkpt lat="45.65655" lon="4.76019">
        <ele>202.7</ele>
      </trkpt>
      <trkpt lat="45.65652" lon="4.76019">
        <ele>202.6</ele>
      </trkpt>
      <trkpt lat="45.65647" lon="4.76023">
        <ele>202.3</ele>
      </trkpt>
      <trkpt lat="45.65646" lon="4.76026">
        <ele>202.2</ele>
      </trkpt>
      <trkpt lat="45.65644" lon="4.76034">
        <ele>201.7</ele>
      </trkpt>
      <trkpt lat="45.65645" lon="4.76039">
        <ele>201.5</ele>
      </trkpt>
      <trkpt lat="45.65636" lon="4.76054">
        <ele>200.7</ele>
      </trkpt>
      <trkpt lat="45.65619" lon="4.7607">
        <ele>200.1</ele>
      </trkpt>
      <trkpt lat="45.65604" lon="4.76081">
        <ele>199.8</ele>
      </trkpt>
      <trkpt lat="45.65602" lon="4.76076">
        <ele>200.0</ele>
      </trkpt>
      <trkpt lat="45.65581" lon="4.76091">
        <ele>200.0</ele>
      </trkpt>
      <trkpt lat="45.65581" lon="4.76091">
        <ele>200.0</ele>
      </trkpt>
      <trkpt lat="45.65558" lon="4.76101">
        <ele>200.8</ele>
      </trkpt>
      <trkpt lat="45.65545" lon="4.76104">
        <ele>201.2</ele>
      </trkpt>
      <trkpt lat="45.65525" lon="4.76103">
        <ele>202.0</ele>
      </trkpt>
      <trkpt lat="45.65522" lon="4.76097">
        <ele>202.2</ele>
      </trkpt>
      <trkpt lat="45.65451" lon="4.76033">
        <ele>202.1</ele>
      </trkpt>
      <trkpt lat="45.65413" lon="4.75996">
        <ele>202.0</ele>
      </trkpt>
      <trkpt lat="45.65375" lon="4.75959">
        <ele>202.0</ele>
      </trkpt>
      <trkpt lat="45.65332" lon="4.75927">
        <ele>201.3</ele>
      </trkpt>
      <trkpt lat="45.65295" lon="4.75906">
        <ele>201.5</ele>
      </trkpt>
      <trkpt lat="45.6525" lon="4.75888">
        <ele>201.7</ele>
      </trkpt>
      <trkpt lat="45.65235" lon="4.75884">
        <ele>201.7</ele>
      </trkpt>
      <trkpt lat="45.65235" lon="4.75884">
        <ele>201.7</ele>
      </trkpt>
      <trkpt lat="45.65188" lon="4.75874">
        <ele>201.9</ele>
      </trkpt>
      <trkpt lat="45.65183" lon="4.75984">
        <ele>203.8</ele>
      </trkpt>
      <trkpt lat="45.65177" lon="4.75984">
        <ele>203.8</ele>
      </trkpt>
      <trkpt lat="45.65146" lon="4.75971">
        <ele>203.7</ele>
      </trkpt>
      <trkpt lat="45.65115" lon="4.75955">
        <ele>203.8</ele>
      </trkpt>
      <trkpt lat="45.65071" lon="4.75926">
        <ele>203.9</ele>
      </trkpt>
      <trkpt lat="45.65027" lon="4.75897">
        <ele>203.4</ele>
      </trkpt>
      <trkpt lat="45.65001" lon="4.75883">
        <ele>203.4</ele>
      </trkpt>
      <trkpt lat="45.65001" lon="4.75883">
        <ele>203.4</ele>
      </trkpt>
      <trkpt lat="45.6497" lon="4.75865">
        <ele>203.3</ele>
      </trkpt>
      <trkpt lat="45.64919" lon="4.75819">
        <ele>202.9</ele>
      </trkpt>
      <trkpt lat="45.64875" lon="4.75787">
        <ele>202.7</ele>
      </trkpt>
      <trkpt lat="45.64831" lon="4.75755">
        <ele>202.9</ele>
      </trkpt>
      <trkpt lat="45.64803" lon="4.7574">
        <ele>201.8</ele>
      </trkpt>
      <trkpt lat="45.64777" lon="4.75722">
        <ele>201.0</ele>
      </trkpt>
      <trkpt lat="45.64737" lon="4.75677">
        <ele>200.9</ele>
      </trkpt>
      <trkpt lat="45.64701" lon="4.7563">
        <ele>202.3</ele>
      </trkpt>
      <trkpt lat="45.64695" lon="4.75622">
        <ele>202.6</ele>
      </trkpt>
      <trkpt lat="45.64659" lon="4.75682">
        <ele>200.9</ele>
      </trkpt>
      <trkpt lat="45.64608" lon="4.75682">
        <ele>201.3</ele>
      </trkpt>
      <trkpt lat="45.64558" lon="4.75681">
        <ele>200.6</ele>
      </trkpt>
      <trkpt lat="45.64472" lon="4.75651">
        <ele>200.1</ele>
      </trkpt>
      <trkpt lat="45.64387" lon="4.7562">
        <ele>200.1</ele>
      </trkpt>
      <trkpt lat="45.64387" lon="4.7562">
        <ele>200.1</ele>
      </trkpt>
      <trkpt lat="45.64349" lon="4.75607">
        <ele>200.2</ele>
      </trkpt>
      <trkpt lat="45.64304" lon="4.75618">
        <ele>197.2</ele>
      </trkpt>
      <trkpt lat="45.64258" lon="4.7563">
        <ele>192.9</ele>
      </trkpt>
      <trkpt lat="45.64243" lon="4.7564">
        <ele>191.0</ele>
      </trkpt>
      <trkpt lat="45.64229" lon="4.75641">
        <ele>190.4</ele>
      </trkpt>
      <trkpt lat="45.64151" lon="4.75619">
        <ele>189.9</ele>
      </trkpt>
      <trkpt lat="45.64143" lon="4.75614">
        <ele>190.0</ele>
      </trkpt>
      <trkpt lat="45.6414" lon="4.75611">
        <ele>190.1</ele>
      </trkpt>
      <trkpt lat="45.6414" lon="4.75611">
        <ele>190.1</ele>
      </trkpt>
      <trkpt lat="45.64126" lon="4.75593">
        <ele>190.5</ele>
      </trkpt>
      <trkpt lat="45.64117" lon="4.75586">
        <ele>190.3</ele>
      </trkpt>
      <trkpt lat="45.6411" lon="4.75587">
        <ele>189.7</ele>
      </trkpt>
      <trkpt lat="45.64107" lon="4.75582">
        <ele>189.7</ele>
      </trkpt>
      <trkpt lat="45.64088" lon="4.75546">
        <ele>189.3</ele>
      </trkpt>
      <trkpt lat="45.64082" lon="4.75523">
        <ele>189.5</ele>
      </trkpt>
      <trkpt lat="45.64079" lon="4.75514">
        <ele>189.8</ele>
      </trkpt>
      <trkpt lat="45.64076" lon="4.75483">
        <ele>190.0</ele>
      </trkpt>
      <trkpt lat="45.64077" lon="4.75475">
        <ele>189.8</ele>
      </trkpt>
      <trkpt lat="45.64094" lon="4.75452">
        <ele>190.4</ele>
      </trkpt>
      <trkpt lat="45.64088" lon="4.75443">
        <ele>189.8</ele>
      </trkpt>
      <trkpt lat="45.64064" lon="4.75476">
        <ele>190.1</ele>
      </trkpt>
      <trkpt lat="45.64045" lon="4.75495">
        <ele>190.8</ele>
      </trkpt>
      <trkpt lat="45.64023" lon="4.75528">
        <ele>190.5</ele>
      </trkpt>
      <trkpt lat="45.64014" lon="4.75536">
        <ele>190.4</ele>
      </trkpt>
      <trkpt lat="45.64008" lon="4.75537">
        <ele>190.5</ele>
      </trkpt>
      <trkpt lat="45.64003" lon="4.7554">
        <ele>190.5</ele>
      </trkpt>
      <trkpt lat="45.63999" lon="4.75545">
        <ele>190.4</ele>
      </trkpt>
      <trkpt lat="45.63996" lon="4.75554">
        <ele>190.2</ele>
      </trkpt>
      <trkpt lat="45.63997" lon="4.75565">
        <ele>189.8</ele>
      </trkpt>
      <trkpt lat="45.63969" lon="4.75601">
        <ele>188.9</ele>
      </trkpt>
      <trkpt lat="45.63943" lon="4.75615">
        <ele>188.6</ele>
      </trkpt>
      <trkpt lat="45.63943" lon="4.75615">
        <ele>188.6</ele>
      </trkpt>
      <trkpt lat="45.63908" lon="4.75625">
        <ele>188.6</ele>
      </trkpt>
      <trkpt lat="45.63864" lon="4.75629">
        <ele>188.7</ele>
      </trkpt>
      <trkpt lat="45.63812" lon="4.75627">
        <ele>189.6</ele>
      </trkpt>
      <trkpt lat="45.63761" lon="4.75626">
        <ele>190.3</ele>
      </trkpt>
      <trkpt lat="45.63702" lon="4.75623">
        <ele>189.3</ele>
      </trkpt>
      <trkpt lat="45.63644" lon="4.7562">
        <ele>188.0</ele>
      </trkpt>
      <trkpt lat="45.63578" lon="4.75603">
        <ele>188.0</ele>
      </trkpt>
      <trkpt lat="45.63512" lon="4.75586">
        <ele>188.0</ele>
      </trkpt>
      <trkpt lat="45.63444" lon="4.75581">
        <ele>187.6</ele>
      </trkpt>
      <trkpt lat="45.63385" lon="4.75598">
        <ele>187.3</ele>
      </trkpt>
      <trkpt lat="45.63327" lon="4.75626">
        <ele>186.9</ele>
      </trkpt>
      <trkpt lat="45.63269" lon="4.75654">
        <ele>184.2</ele>
      </trkpt>
      <trkpt lat="45.63187" lon="4.75692">
        <ele>185.1</ele>
      </trkpt>
      <trkpt lat="45.63105" lon="4.7573">
        <ele>188.9</ele>
      </trkpt>
      <trkpt lat="45.63028" lon="4.75769">
        <ele>186.6</ele>
      </trkpt>
      <trkpt lat="45.62989" lon="4.75797">
        <ele>185.1</ele>
      </trkpt>
      <trkpt lat="45.62989" lon="4.75797">
        <ele>185.1</ele>
      </trkpt>
      <trkpt lat="45.6296" lon="4.75818">
        <ele>184.2</ele>
      </trkpt>
      <trkpt lat="45.62884" lon="4.75879">
        <ele>185.5</ele>
      </trkpt>
      <trkpt lat="45.62814" lon="4.75936">
        <ele>186.2</ele>
      </trkpt>
      <trkpt lat="45.62744" lon="4.75993">
        <ele>182.8</ele>
      </trkpt>
      <trkpt lat="45.62674" lon="4.7605">
        <ele>186.8</ele>
      </trkpt>
      <trkpt lat="45.62604" lon="4.76107">
        <ele>183.1</ele>
      </trkpt>
      <trkpt lat="45.62534" lon="4.76165">
        <ele>180.2</ele>
      </trkpt>
      <trkpt lat="45.62513" lon="4.76184">
        <ele>180.0</ele>
      </trkpt>
      <trkpt lat="45.62513" lon="4.76184">
        <ele>180.0</ele>
      </trkpt>
      <trkpt lat="45.62476" lon="4.76218">
        <ele>178.8</ele>
      </trkpt>
      <trkpt lat="45.62434" lon="4.76263">
        <ele>176.6</ele>
      </trkpt>
      <trkpt lat="45.62392" lon="4.76308">
        <ele>179.4</ele>
      </trkpt>
      <trkpt lat="45.62334" lon="4.7637">
        <ele>180.8</ele>
      </trkpt>
      <trkpt lat="45.62276" lon="4.76433">
        <ele>184.6</ele>
      </trkpt>
      <trkpt lat="45.62219" lon="4.76496">
        <ele>183.2</ele>
      </trkpt>
      <trkpt lat="45.62161" lon="4.76559">
        <ele>180.4</ele>
      </trkpt>
      <trkpt lat="45.62119" lon="4.76595">
        <ele>180.0</ele>
      </trkpt>
      <trkpt lat="45.62058" lon="4.76634">
        <ele>180.7</ele>
      </trkpt>
      <trkpt lat="45.62015" lon="4.76657">
        <ele>182.0</ele>
      </trkpt>
      <trkpt lat="45.61941" lon="4.76693">
        <ele>181.2</ele>
      </trkpt>
      <trkpt lat="45.61868" lon="4.76729">
        <ele>176.1</ele>
      </trkpt>
      <trkpt lat="45.61868" lon="4.76729">
        <ele>176.1</ele>
      </trkpt>
      <trkpt lat="45.61834" lon="4.76745">
        <ele>173.5</ele>
      </trkpt>
      <trkpt lat="45.61805" lon="4.76749">
        <ele>173.8</ele>
      </trkpt>
      <trkpt lat="45.61795" lon="4.76753">
        <ele>173.8</ele>
      </trkpt>
      <trkpt lat="45.61785" lon="4.76759">
        <ele>173.7</ele>
      </trkpt>
      <trkpt lat="45.61765" lon="4.76782">
        <ele>172.8</ele>
      </trkpt>
      <trkpt lat="45.61752" lon="4.7679">
        <ele>172.6</ele>
      </trkpt>
      <trkpt lat="45.61738" lon="4.76796">
        <ele>172.9</ele>
      </trkpt>
      <trkpt lat="45.61728" lon="4.76797">
        <ele>173.4</ele>
      </trkpt>
      <trkpt lat="45.6171" lon="4.76794">
        <ele>174.7</ele>
      </trkpt>
      <trkpt lat="45.61704" lon="4.76794">
        <ele>175.1</ele>
      </trkpt>
      <trkpt lat="45.6169" lon="4.76803">
        <ele>175.0</ele>
      </trkpt>
      <trkpt lat="45.61684" lon="4.76808">
        <ele>174.9</ele>
      </trkpt>
      <trkpt lat="45.61665" lon="4.76821">
        <ele>174.5</ele>
      </trkpt>
      <trkpt lat="45.61648" lon="4.76829">
        <ele>175.1</ele>
      </trkpt>
      <trkpt lat="45.61625" lon="4.76843">
        <ele>175.6</ele>
      </trkpt>
      <trkpt lat="45.61619" lon="4.76851">
        <ele>175.2</ele>
      </trkpt>
      <trkpt lat="45.61548" lon="4.76887">
        <ele>173.7</ele>
      </trkpt>
      <trkpt lat="45.61478" lon="4.76922">
        <ele>170.5</ele>
      </trkpt>
      <trkpt lat="45.61408" lon="4.76957">
        <ele>170.6</ele>
      </trkpt>
      <trkpt lat="45.61361" lon="4.7698">
        <ele>171.1</ele>
      </trkpt>
      <trkpt lat="45.61314" lon="4.77003">
        <ele>170.8</ele>
      </trkpt>
      <trkpt lat="45.61309" lon="4.76999">
        <ele>171.3</ele>
      </trkpt>
      <trkpt lat="45.61303" lon="4.76999">
        <ele>171.6</ele>
      </trkpt>
      <trkpt lat="45.61228" lon="4.77034">
        <ele>170.8</ele>
      </trkpt>
      <trkpt lat="45.61153" lon="4.77069">
        <ele>167.0</ele>
      </trkpt>
      <trkpt lat="45.61144" lon="4.77088">
        <ele>165.2</ele>
      </trkpt>
      <trkpt lat="45.61084" lon="4.77118">
        <ele>165.2</ele>
      </trkpt>
      <trkpt lat="45.61024" lon="4.77148">
        <ele>164.5</ele>
      </trkpt>
      <trkpt lat="45.61024" lon="4.77148">
        <ele>164.5</ele>
      </trkpt>
      <trkpt lat="45.60982" lon="4.77168">
        <ele>163.9</ele>
      </trkpt>
      <trkpt lat="45.60911" lon="4.77204">
        <ele>165.2</ele>
      </trkpt>
      <trkpt lat="45.60827" lon="4.77245">
        <ele>164.9</ele>
      </trkpt>
      <trkpt lat="45.60787" lon="4.77256">
        <ele>163.9</ele>
      </trkpt>
      <trkpt lat="45.6076" lon="4.77258">
        <ele>163.2</ele>
      </trkpt>
      <trkpt lat="45.60724" lon="4.77254">
        <ele>163.0</ele>
      </trkpt>
      <trkpt lat="45.60699" lon="4.77247">
        <ele>163.0</ele>
      </trkpt>
      <trkpt lat="45.60639" lon="4.77222">
        <ele>162.9</ele>
      </trkpt>
      <trkpt lat="45.6058" lon="4.77198">
        <ele>162.4</ele>
      </trkpt>
      <trkpt lat="45.6052" lon="4.77173">
        <ele>162.7</ele>
      </trkpt>
      <trkpt lat="45.6052" lon="4.77173">
        <ele>162.7</ele>
      </trkpt>
      <trkpt lat="45.60453" lon="4.77146">
        <ele>163.0</ele>
      </trkpt>
      <trkpt lat="45.60387" lon="4.77118">
        <ele>162.3</ele>
      </trkpt>
      <trkpt lat="45.6032" lon="4.77091">
        <ele>161.1</ele>
      </trkpt>
      <trkpt lat="45.60307" lon="4.77085">
        <ele>160.9</ele>
      </trkpt>
      <trkpt lat="45.60249" lon="4.77059">
        <ele>160.0</ele>
      </trkpt>
      <trkpt lat="45.60191" lon="4.77033">
        <ele>159.6</ele>
      </trkpt>
      <trkpt lat="45.60158" lon="4.7702">
        <ele>159.3</ele>
      </trkpt>
      <trkpt lat="45.60092" lon="4.76993">
        <ele>159.8</ele>
      </trkpt>
      <trkpt lat="45.60026" lon="4.76966">
        <ele>159.3</ele>
      </trkpt>
      <trkpt lat="45.59959" lon="4.76938">
        <ele>160.2</ele>
      </trkpt>
      <trkpt lat="45.59959" lon="4.76938">
        <ele>160.2</ele>
      </trkpt>
      <trkpt lat="45.59903" lon="4.76916">
        <ele>160.8</ele>
      </trkpt>
      <trkpt lat="45.59884" lon="4.76911">
        <ele>160.6</ele>
      </trkpt>
      <trkpt lat="45.59854" lon="4.76915">
        <ele>160.2</ele>
      </trkpt>
      <trkpt lat="45.59782" lon="4.76928">
        <ele>159.4</ele>
      </trkpt>
      <trkpt lat="45.59711" lon="4.76941">
        <ele>159.6</ele>
      </trkpt>
      <trkpt lat="45.5964" lon="4.76954">
        <ele>159.2</ele>
      </trkpt>
      <trkpt lat="45.5964" lon="4.76954">
        <ele>159.2</ele>
      </trkpt>
      <trkpt lat="45.59588" lon="4.76963">
        <ele>156.7</ele>
      </trkpt>
      <trkpt lat="45.59536" lon="4.76973">
        <ele>157.5</ele>
      </trkpt>
      <trkpt lat="45.5949" lon="4.76982">
        <ele>158.7</ele>
      </trkpt>
      <trkpt lat="45.59444" lon="4.76991">
        <ele>159.6</ele>
      </trkpt>
      <trkpt lat="45.5942" lon="4.76995">
        <ele>160.0</ele>
      </trkpt>
      <trkpt lat="45.59342" lon="4.77009">
        <ele>159.0</ele>
      </trkpt>
      <trkpt lat="45.59263" lon="4.77023">
        <ele>159.0</ele>
      </trkpt>
      <trkpt lat="45.59263" lon="4.77023">
        <ele>159.0</ele>
      </trkpt>
      <trkpt lat="45.5918" lon="4.77038">
        <ele>158.5</ele>
      </trkpt>
      <trkpt lat="45.59153" lon="4.77034">
        <ele>158.4</ele>
      </trkpt>
      <trkpt lat="45.59147" lon="4.77034">
        <ele>158.4</ele>
      </trkpt>
      <trkpt lat="45.5909" lon="4.7705">
        <ele>158.6</ele>
      </trkpt>
      <trkpt lat="45.59093" lon="4.77082">
        <ele>159.0</ele>
      </trkpt>
      <trkpt lat="45.59098" lon="4.77149">
        <ele>159.0</ele>
      </trkpt>
      <trkpt lat="45.59103" lon="4.77216">
        <ele>158.7</ele>
      </trkpt>
      <trkpt lat="45.59103" lon="4.77242">
        <ele>158.5</ele>
      </trkpt>
      <trkpt lat="45.59103" lon="4.77242">
        <ele>158.5</ele>
      </trkpt>
      <trkpt lat="45.59104" lon="4.77256">
        <ele>158.5</ele>
      </trkpt>
      <trkpt lat="45.59103" lon="4.77264">
        <ele>158.5</ele>
      </trkpt>
      <trkpt lat="45.59101" lon="4.77274">
        <ele>158.4</ele>
      </trkpt>
      <trkpt lat="45.59093" lon="4.77292">
        <ele>158.2</ele>
      </trkpt>
      <trkpt lat="45.59079" lon="4.77307">
        <ele>158.0</ele>
      </trkpt>
      <trkpt lat="45.59083" lon="4.77319">
        <ele>158.0</ele>
      </trkpt>
      <trkpt lat="45.59089" lon="4.77349">
        <ele>158.3</ele>
      </trkpt>
      <trkpt lat="45.59091" lon="4.77387">
        <ele>158.7</ele>
      </trkpt>
      <trkpt lat="45.59091" lon="4.77387">
        <ele>158.7</ele>
      </trkpt>
      <trkpt lat="45.59092" lon="4.77416">
        <ele>159.0</ele>
      </trkpt>
      <trkpt lat="45.59089" lon="4.77436">
        <ele>159.0</ele>
      </trkpt>
      <trkpt lat="45.59078" lon="4.77438">
        <ele>159.0</ele>
      </trkpt>
      <trkpt lat="45.59039" lon="4.77477">
        <ele>159.0</ele>
      </trkpt>
      <trkpt lat="45.59033" lon="4.77486">
        <ele>159.0</ele>
      </trkpt>
      <trkpt lat="45.59029" lon="4.77496">
        <ele>159.0</ele>
      </trkpt>
      <trkpt lat="45.59025" lon="4.77509">
        <ele>158.8</ele>
      </trkpt>
      <trkpt lat="45.59012" lon="4.77565">
        <ele>157.4</ele>
      </trkpt>
      <trkpt lat="45.59009" lon="4.77572">
        <ele>157.3</ele>
      </trkpt>
      <trkpt lat="45.59003" lon="4.77578">
        <ele>157.1</ele>
      </trkpt>
      <trkpt lat="45.58997" lon="4.77581">
        <ele>157.1</ele>
      </trkpt>
      <trkpt lat="45.58991" lon="4.77581">
        <ele>157.3</ele>
      </trkpt>
      <trkpt lat="45.58969" lon="4.77572">
        <ele>158.1</ele>
      </trkpt>
      <trkpt lat="45.58958" lon="4.77554">
        <ele>158.9</ele>
      </trkpt>
      <trkpt lat="45.58954" lon="4.77542">
        <ele>159.4</ele>
      </trkpt>
      <trkpt lat="45.58952" lon="4.77534">
        <ele>159.7</ele>
      </trkpt>
      <trkpt lat="45.58945" lon="4.77541">
        <ele>159.7</ele>
      </trkpt>
      <trkpt lat="45.58945" lon="4.77541">
        <ele>159.7</ele>
      </trkpt>
      <trkpt lat="45.58939" lon="4.77537">
        <ele>160.0</ele>
      </trkpt>
      <trkpt lat="45.58873" lon="4.77512">
        <ele>158.9</ele>
      </trkpt>
      <trkpt lat="45.58873" lon="4.77512">
        <ele>158.9</ele>
      </trkpt>
      <trkpt lat="45.58821" lon="4.77492">
        <ele>157.6</ele>
      </trkpt>
      <trkpt lat="45.58767" lon="4.77473">
        <ele>159.0</ele>
      </trkpt>
      <trkpt lat="45.58712" lon="4.77449">
        <ele>158.6</ele>
      </trkpt>
      <trkpt lat="45.58702" lon="4.77444">
        <ele>158.5</ele>
      </trkpt>
      <trkpt lat="45.58667" lon="4.77433">
        <ele>158.3</ele>
      </trkpt>
      <trkpt lat="45.58667" lon="4.77433">
        <ele>158.3</ele>
      </trkpt>
      <trkpt lat="45.58659" lon="4.7743">
        <ele>158.2</ele>
      </trkpt>
      <trkpt lat="45.58654" lon="4.77429">
        <ele>158.2</ele>
      </trkpt>
      <trkpt lat="45.58646" lon="4.77432">
        <ele>158.1</ele>
      </trkpt>
      <trkpt lat="45.5862" lon="4.77456">
        <ele>158.0</ele>
      </trkpt>
      <trkpt lat="45.58607" lon="4.77455">
        <ele>158.4</ele>
      </trkpt>
      <trkpt lat="45.58597" lon="4.77451">
        <ele>158.9</ele>
      </trkpt>
      <trkpt lat="45.58591" lon="4.77458">
        <ele>158.8</ele>
      </trkpt>
      <trkpt lat="45.58585" lon="4.77468">
        <ele>158.5</ele>
      </trkpt>
      <trkpt lat="45.58538" lon="4.77519">
        <ele>156.7</ele>
      </trkpt>
    </trkseg>
  </trk>
</gpx>
