<?xml version="1.0" encoding="UTF-8"?>
<gpx xmlns:gpxdata="http://www.cluetrust.com/XML/GPXDATA/1/0" xmlns:xsi="http://www.w3.org/2001/XMLSchema-instance" xmlns="http://www.topografix.com/GPX/1/1" version="1.1" creator="http://ridewithgps.com/" xsi:schemaLocation="http://www.topografix.com/GPX/1/1 http://www.topografix.com/GPX/1/1/gpx.xsd http://www.cluetrust.com/XML/GPXDATA/1/0 http://www.cluetrust.com/Schemas/gpxdata10.xsd">
  <metadata>
    <name>Jour 14 - Marsannay-la-Côte @ Chagny</name>
    <link href="https://ridewithgps.com/routes/56269293">
      <text>Jour 14 - Marsannay-la-Côte @ Chagny</text>
    </link>
    <time>2026-07-22T10:50:10Z</time>
  </metadata>
  <trk>
    <name>Jour 14 - Marsannay-la-Côte @ Chagny</name>
    <trkseg>
      <trkpt lat="47.27064" lon="4.98936">
        <ele>275.5</ele>
      </trkpt>
      <trkpt lat="47.27072" lon="4.98892">
        <ele>276.3</ele>
      </trkpt>
      <trkpt lat="47.27082" lon="4.98895">
        <ele>276.3</ele>
      </trkpt>
      <trkpt lat="47.27118" lon="4.98905">
        <ele>275.8</ele>
      </trkpt>
      <trkpt lat="47.27116" lon="4.98878">
        <ele>276.3</ele>
      </trkpt>
      <trkpt lat="47.27107" lon="4.98874">
        <ele>276.4</ele>
      </trkpt>
      <trkpt lat="47.27086" lon="4.98862">
        <ele>276.6</ele>
      </trkpt>
      <trkpt lat="47.27075" lon="4.98854">
        <ele>278.1</ele>
      </trkpt>
      <trkpt lat="47.27049" lon="4.98831">
        <ele>278.5</ele>
      </trkpt>
      <trkpt lat="47.27031" lon="4.98813">
        <ele>278.9</ele>
      </trkpt>
      <trkpt lat="47.27012" lon="4.98795">
        <ele>279.2</ele>
      </trkpt>
      <trkpt lat="47.27006" lon="4.98789">
        <ele>279.5</ele>
      </trkpt>
      <trkpt lat="47.26977" lon="4.98761">
        <ele>279.4</ele>
      </trkpt>
      <trkpt lat="47.26973" lon="4.98792">
        <ele>279.4</ele>
      </trkpt>
      <trkpt lat="47.26972" lon="4.98805">
        <ele>278.8</ele>
      </trkpt>
      <trkpt lat="47.26968" lon="4.9883">
        <ele>278.6</ele>
      </trkpt>
      <trkpt lat="47.26962" lon="4.98888">
        <ele>278.0</ele>
      </trkpt>
      <trkpt lat="47.26953" lon="4.98927">
        <ele>277.5</ele>
      </trkpt>
      <trkpt lat="47.26949" lon="4.98945">
        <ele>276.7</ele>
      </trkpt>
      <trkpt lat="47.26939" lon="4.98994">
        <ele>276.2</ele>
      </trkpt>
      <trkpt lat="47.26932" lon="4.9903">
        <ele>275.2</ele>
      </trkpt>
      <trkpt lat="47.26926" lon="4.99067">
        <ele>274.6</ele>
      </trkpt>
      <trkpt lat="47.26893" lon="4.99052">
        <ele>274.2</ele>
      </trkpt>
      <trkpt lat="47.26885" lon="4.99047">
        <ele>274.1</ele>
      </trkpt>
      <trkpt lat="47.26778" lon="4.9898">
        <ele>274.3</ele>
      </trkpt>
      <trkpt lat="47.26753" lon="4.98964">
        <ele>274.7</ele>
      </trkpt>
      <trkpt lat="47.26738" lon="4.98955">
        <ele>274.7</ele>
      </trkpt>
      <trkpt lat="47.26722" lon="4.98946">
        <ele>274.7</ele>
      </trkpt>
      <trkpt lat="47.26705" lon="4.98935">
        <ele>274.7</ele>
      </trkpt>
      <trkpt lat="47.26689" lon="4.98926">
        <ele>274.4</ele>
      </trkpt>
      <trkpt lat="47.26687" lon="4.98925">
        <ele>274.2</ele>
      </trkpt>
      <trkpt lat="47.26653" lon="4.98905">
        <ele>273.9</ele>
      </trkpt>
      <trkpt lat="47.26634" lon="4.98895">
        <ele>273.4</ele>
      </trkpt>
      <trkpt lat="47.2659" lon="4.98868">
        <ele>272.8</ele>
      </trkpt>
      <trkpt lat="47.26567" lon="4.98853">
        <ele>272.5</ele>
      </trkpt>
      <trkpt lat="47.26551" lon="4.9884">
        <ele>272.1</ele>
      </trkpt>
      <trkpt lat="47.26543" lon="4.98834">
        <ele>272.0</ele>
      </trkpt>
      <trkpt lat="47.26539" lon="4.98831">
        <ele>271.9</ele>
      </trkpt>
      <trkpt lat="47.26534" lon="4.98827">
        <ele>271.8</ele>
      </trkpt>
      <trkpt lat="47.26528" lon="4.98824">
        <ele>271.8</ele>
      </trkpt>
      <trkpt lat="47.26448" lon="4.9879">
        <ele>272.1</ele>
      </trkpt>
      <trkpt lat="47.26373" lon="4.98756">
        <ele>272.2</ele>
      </trkpt>
      <trkpt lat="47.26301" lon="4.98728">
        <ele>272.4</ele>
      </trkpt>
      <trkpt lat="47.26293" lon="4.98726">
        <ele>272.9</ele>
      </trkpt>
      <trkpt lat="47.26217" lon="4.98715">
        <ele>273.3</ele>
      </trkpt>
      <trkpt lat="47.26185" lon="4.98707">
        <ele>273.3</ele>
      </trkpt>
      <trkpt lat="47.26166" lon="4.98701">
        <ele>273.3</ele>
      </trkpt>
      <trkpt lat="47.26153" lon="4.98696">
        <ele>273.7</ele>
      </trkpt>
      <trkpt lat="47.26142" lon="4.98691">
        <ele>273.8</ele>
      </trkpt>
      <trkpt lat="47.26079" lon="4.98649">
        <ele>274.0</ele>
      </trkpt>
      <trkpt lat="47.26062" lon="4.98641">
        <ele>274.0</ele>
      </trkpt>
      <trkpt lat="47.26052" lon="4.98638">
        <ele>273.9</ele>
      </trkpt>
      <trkpt lat="47.26038" lon="4.98641">
        <ele>273.4</ele>
      </trkpt>
      <trkpt lat="47.2598" lon="4.98649">
        <ele>272.8</ele>
      </trkpt>
      <trkpt lat="47.25949" lon="4.98656">
        <ele>272.2</ele>
      </trkpt>
      <trkpt lat="47.25923" lon="4.98654">
        <ele>271.8</ele>
      </trkpt>
      <trkpt lat="47.25905" lon="4.9865">
        <ele>271.2</ele>
      </trkpt>
      <trkpt lat="47.25869" lon="4.98632">
        <ele>270.4</ele>
      </trkpt>
      <trkpt lat="47.25825" lon="4.98607">
        <ele>269.7</ele>
      </trkpt>
      <trkpt lat="47.25776" lon="4.9858">
        <ele>268.9</ele>
      </trkpt>
      <trkpt lat="47.25766" lon="4.98575">
        <ele>268.3</ele>
      </trkpt>
      <trkpt lat="47.25763" lon="4.98526">
        <ele>267.9</ele>
      </trkpt>
      <trkpt lat="47.25755" lon="4.98516">
        <ele>267.8</ele>
      </trkpt>
      <trkpt lat="47.25746" lon="4.98508">
        <ele>267.7</ele>
      </trkpt>
      <trkpt lat="47.25735" lon="4.98498">
        <ele>267.6</ele>
      </trkpt>
      <trkpt lat="47.25718" lon="4.98481">
        <ele>267.4</ele>
      </trkpt>
      <trkpt lat="47.25709" lon="4.98474">
        <ele>267.4</ele>
      </trkpt>
      <trkpt lat="47.25694" lon="4.98463">
        <ele>267.6</ele>
      </trkpt>
      <trkpt lat="47.25685" lon="4.98458">
        <ele>267.8</ele>
      </trkpt>
      <trkpt lat="47.25677" lon="4.98455">
        <ele>268.0</ele>
      </trkpt>
      <trkpt lat="47.25667" lon="4.98455">
        <ele>268.2</ele>
      </trkpt>
      <trkpt lat="47.2566" lon="4.98459">
        <ele>268.3</ele>
      </trkpt>
      <trkpt lat="47.25652" lon="4.9847">
        <ele>268.1</ele>
      </trkpt>
      <trkpt lat="47.25644" lon="4.98499">
        <ele>267.8</ele>
      </trkpt>
      <trkpt lat="47.25634" lon="4.98539">
        <ele>267.7</ele>
      </trkpt>
      <trkpt lat="47.25629" lon="4.98549">
        <ele>267.5</ele>
      </trkpt>
      <trkpt lat="47.25619" lon="4.98555">
        <ele>267.2</ele>
      </trkpt>
      <trkpt lat="47.25611" lon="4.98556">
        <ele>267.1</ele>
      </trkpt>
      <trkpt lat="47.256" lon="4.98555">
        <ele>267.3</ele>
      </trkpt>
      <trkpt lat="47.25579" lon="4.98552">
        <ele>267.4</ele>
      </trkpt>
      <trkpt lat="47.25561" lon="4.98548">
        <ele>267.7</ele>
      </trkpt>
      <trkpt lat="47.25515" lon="4.98538">
        <ele>268.3</ele>
      </trkpt>
      <trkpt lat="47.25462" lon="4.98523">
        <ele>269.1</ele>
      </trkpt>
      <trkpt lat="47.25423" lon="4.98511">
        <ele>269.8</ele>
      </trkpt>
      <trkpt lat="47.2536" lon="4.98488">
        <ele>270.7</ele>
      </trkpt>
      <trkpt lat="47.25292" lon="4.98471">
        <ele>271.6</ele>
      </trkpt>
      <trkpt lat="47.25278" lon="4.98466">
        <ele>272.4</ele>
      </trkpt>
      <trkpt lat="47.25161" lon="4.98422">
        <ele>272.6</ele>
      </trkpt>
      <trkpt lat="47.25141" lon="4.98413">
        <ele>272.7</ele>
      </trkpt>
      <trkpt lat="47.25094" lon="4.98408">
        <ele>272.3</ele>
      </trkpt>
      <trkpt lat="47.25028" lon="4.98387">
        <ele>271.7</ele>
      </trkpt>
      <trkpt lat="47.24875" lon="4.98316">
        <ele>271.1</ele>
      </trkpt>
      <trkpt lat="47.24793" lon="4.98276">
        <ele>270.6</ele>
      </trkpt>
      <trkpt lat="47.24774" lon="4.98268">
        <ele>270.5</ele>
      </trkpt>
      <trkpt lat="47.24765" lon="4.98264">
        <ele>270.7</ele>
      </trkpt>
      <trkpt lat="47.24748" lon="4.9826">
        <ele>270.9</ele>
      </trkpt>
      <trkpt lat="47.2473" lon="4.98257">
        <ele>271.2</ele>
      </trkpt>
      <trkpt lat="47.24681" lon="4.98247">
        <ele>272.0</ele>
      </trkpt>
      <trkpt lat="47.24633" lon="4.98227">
        <ele>272.6</ele>
      </trkpt>
      <trkpt lat="47.24619" lon="4.98218">
        <ele>273.2</ele>
      </trkpt>
      <trkpt lat="47.24596" lon="4.98207">
        <ele>273.9</ele>
      </trkpt>
      <trkpt lat="47.24521" lon="4.98176">
        <ele>274.4</ele>
      </trkpt>
      <trkpt lat="47.24506" lon="4.9817">
        <ele>274.2</ele>
      </trkpt>
      <trkpt lat="47.24502" lon="4.98169">
        <ele>274.2</ele>
      </trkpt>
      <trkpt lat="47.24485" lon="4.98163">
        <ele>273.9</ele>
      </trkpt>
      <trkpt lat="47.24476" lon="4.98158">
        <ele>273.6</ele>
      </trkpt>
      <trkpt lat="47.24467" lon="4.98155">
        <ele>273.0</ele>
      </trkpt>
      <trkpt lat="47.24459" lon="4.98153">
        <ele>272.7</ele>
      </trkpt>
      <trkpt lat="47.24434" lon="4.98151">
        <ele>272.5</ele>
      </trkpt>
      <trkpt lat="47.24427" lon="4.98148">
        <ele>272.2</ele>
      </trkpt>
      <trkpt lat="47.244" lon="4.98138">
        <ele>271.8</ele>
      </trkpt>
      <trkpt lat="47.24375" lon="4.98128">
        <ele>271.5</ele>
      </trkpt>
      <trkpt lat="47.24326" lon="4.98109">
        <ele>270.9</ele>
      </trkpt>
      <trkpt lat="47.24303" lon="4.98099">
        <ele>270.1</ele>
      </trkpt>
      <trkpt lat="47.24257" lon="4.98077">
        <ele>269.6</ele>
      </trkpt>
      <trkpt lat="47.24249" lon="4.98073">
        <ele>269.0</ele>
      </trkpt>
      <trkpt lat="47.24239" lon="4.98068">
        <ele>268.8</ele>
      </trkpt>
      <trkpt lat="47.24153" lon="4.98028">
        <ele>268.8</ele>
      </trkpt>
      <trkpt lat="47.23991" lon="4.97971">
        <ele>268.7</ele>
      </trkpt>
      <trkpt lat="47.23962" lon="4.9796">
        <ele>268.2</ele>
      </trkpt>
      <trkpt lat="47.23938" lon="4.97949">
        <ele>267.8</ele>
      </trkpt>
      <trkpt lat="47.23869" lon="4.97902">
        <ele>267.0</ele>
      </trkpt>
      <trkpt lat="47.23851" lon="4.97889">
        <ele>266.6</ele>
      </trkpt>
      <trkpt lat="47.23839" lon="4.97883">
        <ele>267.0</ele>
      </trkpt>
      <trkpt lat="47.23778" lon="4.97849">
        <ele>267.8</ele>
      </trkpt>
      <trkpt lat="47.23746" lon="4.9783">
        <ele>268.6</ele>
      </trkpt>
      <trkpt lat="47.2373" lon="4.97819">
        <ele>269.4</ele>
      </trkpt>
      <trkpt lat="47.23712" lon="4.97808">
        <ele>269.8</ele>
      </trkpt>
      <trkpt lat="47.23677" lon="4.9779">
        <ele>269.7</ele>
      </trkpt>
      <trkpt lat="47.23648" lon="4.97773">
        <ele>269.3</ele>
      </trkpt>
      <trkpt lat="47.23633" lon="4.97759">
        <ele>269.1</ele>
      </trkpt>
      <trkpt lat="47.23638" lon="4.97749">
        <ele>268.9</ele>
      </trkpt>
      <trkpt lat="47.23641" lon="4.97739">
        <ele>269.2</ele>
      </trkpt>
      <trkpt lat="47.23645" lon="4.97724">
        <ele>269.5</ele>
      </trkpt>
      <trkpt lat="47.23656" lon="4.97679">
        <ele>270.2</ele>
      </trkpt>
      <trkpt lat="47.2367" lon="4.97621">
        <ele>270.8</ele>
      </trkpt>
      <trkpt lat="47.23677" lon="4.97565">
        <ele>271.7</ele>
      </trkpt>
      <trkpt lat="47.23679" lon="4.9755">
        <ele>272.1</ele>
      </trkpt>
      <trkpt lat="47.23687" lon="4.97511">
        <ele>272.5</ele>
      </trkpt>
      <trkpt lat="47.23691" lon="4.97496">
        <ele>272.8</ele>
      </trkpt>
      <trkpt lat="47.23696" lon="4.97489">
        <ele>273.8</ele>
      </trkpt>
      <trkpt lat="47.23705" lon="4.97487">
        <ele>274.5</ele>
      </trkpt>
      <trkpt lat="47.23776" lon="4.97516">
        <ele>275.4</ele>
      </trkpt>
      <trkpt lat="47.23785" lon="4.9752">
        <ele>276.2</ele>
      </trkpt>
      <trkpt lat="47.23793" lon="4.97519">
        <ele>277.0</ele>
      </trkpt>
      <trkpt lat="47.23801" lon="4.97516">
        <ele>277.1</ele>
      </trkpt>
      <trkpt lat="47.23805" lon="4.97512">
        <ele>278.5</ele>
      </trkpt>
      <trkpt lat="47.23809" lon="4.97506">
        <ele>280.1</ele>
      </trkpt>
      <trkpt lat="47.23814" lon="4.97499">
        <ele>280.3</ele>
      </trkpt>
      <trkpt lat="47.23819" lon="4.97489">
        <ele>280.6</ele>
      </trkpt>
      <trkpt lat="47.23823" lon="4.97478">
        <ele>282.1</ele>
      </trkpt>
      <trkpt lat="47.23828" lon="4.97461">
        <ele>282.3</ele>
      </trkpt>
      <trkpt lat="47.23842" lon="4.97412">
        <ele>283.2</ele>
      </trkpt>
      <trkpt lat="47.23846" lon="4.97397">
        <ele>285.3</ele>
      </trkpt>
      <trkpt lat="47.23876" lon="4.97286">
        <ele>287.2</ele>
      </trkpt>
      <trkpt lat="47.23882" lon="4.9726">
        <ele>290.2</ele>
      </trkpt>
      <trkpt lat="47.23884" lon="4.97252">
        <ele>292.9</ele>
      </trkpt>
      <trkpt lat="47.239" lon="4.9719">
        <ele>294.7</ele>
      </trkpt>
      <trkpt lat="47.23907" lon="4.97165">
        <ele>296.3</ele>
      </trkpt>
      <trkpt lat="47.23907" lon="4.97162">
        <ele>298.8</ele>
      </trkpt>
      <trkpt lat="47.23912" lon="4.97143">
        <ele>298.8</ele>
      </trkpt>
      <trkpt lat="47.23918" lon="4.97122">
        <ele>299.1</ele>
      </trkpt>
      <trkpt lat="47.23921" lon="4.97109">
        <ele>299.9</ele>
      </trkpt>
      <trkpt lat="47.23921" lon="4.97107">
        <ele>300.7</ele>
      </trkpt>
      <trkpt lat="47.23924" lon="4.97081">
        <ele>300.7</ele>
      </trkpt>
      <trkpt lat="47.23915" lon="4.97073">
        <ele>300.8</ele>
      </trkpt>
      <trkpt lat="47.23902" lon="4.97063">
        <ele>300.6</ele>
      </trkpt>
      <trkpt lat="47.23882" lon="4.97049">
        <ele>299.8</ele>
      </trkpt>
      <trkpt lat="47.23837" lon="4.97021">
        <ele>299.4</ele>
      </trkpt>
      <trkpt lat="47.23833" lon="4.9702">
        <ele>298.3</ele>
      </trkpt>
      <trkpt lat="47.23817" lon="4.97016">
        <ele>296.6</ele>
      </trkpt>
      <trkpt lat="47.23777" lon="4.97016">
        <ele>295.0</ele>
      </trkpt>
      <trkpt lat="47.2376" lon="4.97015">
        <ele>294.0</ele>
      </trkpt>
      <trkpt lat="47.23734" lon="4.97011">
        <ele>292.9</ele>
      </trkpt>
      <trkpt lat="47.23616" lon="4.9697">
        <ele>292.6</ele>
      </trkpt>
      <trkpt lat="47.23419" lon="4.969">
        <ele>292.6</ele>
      </trkpt>
      <trkpt lat="47.23396" lon="4.96891">
        <ele>292.9</ele>
      </trkpt>
      <trkpt lat="47.23385" lon="4.96886">
        <ele>293.1</ele>
      </trkpt>
      <trkpt lat="47.23362" lon="4.96874">
        <ele>293.4</ele>
      </trkpt>
      <trkpt lat="47.23339" lon="4.96861">
        <ele>293.9</ele>
      </trkpt>
      <trkpt lat="47.23275" lon="4.96822">
        <ele>294.5</ele>
      </trkpt>
      <trkpt lat="47.23258" lon="4.96813">
        <ele>294.9</ele>
      </trkpt>
      <trkpt lat="47.2325" lon="4.96809">
        <ele>294.9</ele>
      </trkpt>
      <trkpt lat="47.23242" lon="4.96805">
        <ele>295.1</ele>
      </trkpt>
      <trkpt lat="47.23239" lon="4.96797">
        <ele>295.1</ele>
      </trkpt>
      <trkpt lat="47.23231" lon="4.96789">
        <ele>295.3</ele>
      </trkpt>
      <trkpt lat="47.23213" lon="4.96772">
        <ele>295.5</ele>
      </trkpt>
      <trkpt lat="47.23201" lon="4.96761">
        <ele>295.9</ele>
      </trkpt>
      <trkpt lat="47.23189" lon="4.96752">
        <ele>296.1</ele>
      </trkpt>
      <trkpt lat="47.23181" lon="4.96747">
        <ele>296.2</ele>
      </trkpt>
      <trkpt lat="47.23173" lon="4.96742">
        <ele>296.0</ele>
      </trkpt>
      <trkpt lat="47.23149" lon="4.96731">
        <ele>295.7</ele>
      </trkpt>
      <trkpt lat="47.23125" lon="4.96719">
        <ele>295.4</ele>
      </trkpt>
      <trkpt lat="47.23106" lon="4.9671">
        <ele>294.8</ele>
      </trkpt>
      <trkpt lat="47.23088" lon="4.967">
        <ele>294.5</ele>
      </trkpt>
      <trkpt lat="47.23072" lon="4.96688">
        <ele>295.3</ele>
      </trkpt>
      <trkpt lat="47.23078" lon="4.96668">
        <ele>297.5</ele>
      </trkpt>
      <trkpt lat="47.23086" lon="4.96637">
        <ele>299.4</ele>
      </trkpt>
      <trkpt lat="47.23092" lon="4.96615">
        <ele>301.2</ele>
      </trkpt>
      <trkpt lat="47.23093" lon="4.96606">
        <ele>302.6</ele>
      </trkpt>
      <trkpt lat="47.23093" lon="4.966">
        <ele>303.0</ele>
      </trkpt>
      <trkpt lat="47.23091" lon="4.96593">
        <ele>303.3</ele>
      </trkpt>
      <trkpt lat="47.23089" lon="4.96588">
        <ele>303.6</ele>
      </trkpt>
      <trkpt lat="47.23084" lon="4.9658">
        <ele>303.8</ele>
      </trkpt>
      <trkpt lat="47.23079" lon="4.96572">
        <ele>305.0</ele>
      </trkpt>
      <trkpt lat="47.2307" lon="4.96561">
        <ele>306.2</ele>
      </trkpt>
      <trkpt lat="47.23067" lon="4.96555">
        <ele>306.7</ele>
      </trkpt>
      <trkpt lat="47.23066" lon="4.96547">
        <ele>307.1</ele>
      </trkpt>
      <trkpt lat="47.23065" lon="4.96537">
        <ele>307.4</ele>
      </trkpt>
      <trkpt lat="47.23067" lon="4.96528">
        <ele>307.1</ele>
      </trkpt>
      <trkpt lat="47.23041" lon="4.96517">
        <ele>306.2</ele>
      </trkpt>
      <trkpt lat="47.2303" lon="4.9651">
        <ele>304.9</ele>
      </trkpt>
      <trkpt lat="47.23006" lon="4.9649">
        <ele>303.5</ele>
      </trkpt>
      <trkpt lat="47.22995" lon="4.96484">
        <ele>302.4</ele>
      </trkpt>
      <trkpt lat="47.22979" lon="4.9648">
        <ele>300.8</ele>
      </trkpt>
      <trkpt lat="47.22957" lon="4.96479">
        <ele>299.6</ele>
      </trkpt>
      <trkpt lat="47.22927" lon="4.96486">
        <ele>298.2</ele>
      </trkpt>
      <trkpt lat="47.22912" lon="4.96491">
        <ele>296.8</ele>
      </trkpt>
      <trkpt lat="47.22902" lon="4.96494">
        <ele>295.5</ele>
      </trkpt>
      <trkpt lat="47.22887" lon="4.96498">
        <ele>294.0</ele>
      </trkpt>
      <trkpt lat="47.22877" lon="4.96506">
        <ele>292.6</ele>
      </trkpt>
      <trkpt lat="47.22865" lon="4.9651">
        <ele>291.6</ele>
      </trkpt>
      <trkpt lat="47.22833" lon="4.96503">
        <ele>290.5</ele>
      </trkpt>
      <trkpt lat="47.22831" lon="4.96503">
        <ele>289.6</ele>
      </trkpt>
      <trkpt lat="47.22806" lon="4.96509">
        <ele>289.7</ele>
      </trkpt>
      <trkpt lat="47.22788" lon="4.96505">
        <ele>289.7</ele>
      </trkpt>
      <trkpt lat="47.22781" lon="4.96494">
        <ele>289.4</ele>
      </trkpt>
      <trkpt lat="47.22772" lon="4.96488">
        <ele>290.0</ele>
      </trkpt>
      <trkpt lat="47.22764" lon="4.96489">
        <ele>290.5</ele>
      </trkpt>
      <trkpt lat="47.22736" lon="4.96493">
        <ele>289.5</ele>
      </trkpt>
      <trkpt lat="47.22728" lon="4.96492">
        <ele>288.8</ele>
      </trkpt>
      <trkpt lat="47.22677" lon="4.96499">
        <ele>288.5</ele>
      </trkpt>
      <trkpt lat="47.2267" lon="4.96503">
        <ele>287.3</ele>
      </trkpt>
      <trkpt lat="47.22665" lon="4.96507">
        <ele>286.3</ele>
      </trkpt>
      <trkpt lat="47.22658" lon="4.96516">
        <ele>286.2</ele>
      </trkpt>
      <trkpt lat="47.2265" lon="4.96536">
        <ele>286.0</ele>
      </trkpt>
      <trkpt lat="47.22645" lon="4.96551">
        <ele>285.6</ele>
      </trkpt>
      <trkpt lat="47.22631" lon="4.96591">
        <ele>285.3</ele>
      </trkpt>
      <trkpt lat="47.22629" lon="4.96607">
        <ele>284.6</ele>
      </trkpt>
      <trkpt lat="47.22628" lon="4.9663">
        <ele>284.0</ele>
      </trkpt>
      <trkpt lat="47.2263" lon="4.96659">
        <ele>283.4</ele>
      </trkpt>
      <trkpt lat="47.22638" lon="4.96718">
        <ele>283.2</ele>
      </trkpt>
      <trkpt lat="47.22643" lon="4.96768">
        <ele>282.8</ele>
      </trkpt>
      <trkpt lat="47.22651" lon="4.9681">
        <ele>282.8</ele>
      </trkpt>
      <trkpt lat="47.22653" lon="4.96827">
        <ele>282.6</ele>
      </trkpt>
      <trkpt lat="47.22652" lon="4.96841">
        <ele>282.3</ele>
      </trkpt>
      <trkpt lat="47.22649" lon="4.96872">
        <ele>282.0</ele>
      </trkpt>
      <trkpt lat="47.22646" lon="4.96912">
        <ele>282.0</ele>
      </trkpt>
      <trkpt lat="47.22635" lon="4.96914">
        <ele>282.0</ele>
      </trkpt>
      <trkpt lat="47.22608" lon="4.96916">
        <ele>281.9</ele>
      </trkpt>
      <trkpt lat="47.226" lon="4.96921">
        <ele>281.7</ele>
      </trkpt>
      <trkpt lat="47.22596" lon="4.96955">
        <ele>281.4</ele>
      </trkpt>
      <trkpt lat="47.22587" lon="4.97012">
        <ele>280.9</ele>
      </trkpt>
      <trkpt lat="47.22583" lon="4.97012">
        <ele>280.5</ele>
      </trkpt>
      <trkpt lat="47.22571" lon="4.97019">
        <ele>279.9</ele>
      </trkpt>
      <trkpt lat="47.22543" lon="4.97029">
        <ele>279.5</ele>
      </trkpt>
      <trkpt lat="47.22498" lon="4.97064">
        <ele>279.1</ele>
      </trkpt>
      <trkpt lat="47.22492" lon="4.97069">
        <ele>278.7</ele>
      </trkpt>
      <trkpt lat="47.2249" lon="4.97074">
        <ele>278.2</ele>
      </trkpt>
      <trkpt lat="47.22471" lon="4.97071">
        <ele>278.0</ele>
      </trkpt>
      <trkpt lat="47.22464" lon="4.97067">
        <ele>277.9</ele>
      </trkpt>
      <trkpt lat="47.22459" lon="4.97062">
        <ele>277.8</ele>
      </trkpt>
      <trkpt lat="47.2246" lon="4.97061">
        <ele>277.7</ele>
      </trkpt>
      <trkpt lat="47.2246" lon="4.97057">
        <ele>277.9</ele>
      </trkpt>
      <trkpt lat="47.22459" lon="4.97054">
        <ele>278.1</ele>
      </trkpt>
      <trkpt lat="47.22458" lon="4.97052">
        <ele>278.3</ele>
      </trkpt>
      <trkpt lat="47.22455" lon="4.9705">
        <ele>278.6</ele>
      </trkpt>
      <trkpt lat="47.22453" lon="4.9705">
        <ele>278.9</ele>
      </trkpt>
      <trkpt lat="47.22451" lon="4.97035">
        <ele>278.9</ele>
      </trkpt>
      <trkpt lat="47.22448" lon="4.9702">
        <ele>279.0</ele>
      </trkpt>
      <trkpt lat="47.22438" lon="4.97005">
        <ele>279.8</ele>
      </trkpt>
      <trkpt lat="47.22431" lon="4.96998">
        <ele>280.1</ele>
      </trkpt>
      <trkpt lat="47.22424" lon="4.96991">
        <ele>280.5</ele>
      </trkpt>
      <trkpt lat="47.22407" lon="4.96974">
        <ele>281.1</ele>
      </trkpt>
      <trkpt lat="47.22394" lon="4.96966">
        <ele>281.4</ele>
      </trkpt>
      <trkpt lat="47.22391" lon="4.96965">
        <ele>281.2</ele>
      </trkpt>
      <trkpt lat="47.22387" lon="4.96932">
        <ele>281.3</ele>
      </trkpt>
      <trkpt lat="47.22388" lon="4.96875">
        <ele>281.5</ele>
      </trkpt>
      <trkpt lat="47.22391" lon="4.96828">
        <ele>281.5</ele>
      </trkpt>
      <trkpt lat="47.22394" lon="4.96786">
        <ele>281.7</ele>
      </trkpt>
      <trkpt lat="47.22386" lon="4.96782">
        <ele>281.5</ele>
      </trkpt>
      <trkpt lat="47.22371" lon="4.9677">
        <ele>281.6</ele>
      </trkpt>
      <trkpt lat="47.22346" lon="4.96742">
        <ele>282.2</ele>
      </trkpt>
      <trkpt lat="47.22288" lon="4.96693">
        <ele>283.4</ele>
      </trkpt>
      <trkpt lat="47.22231" lon="4.96645">
        <ele>284.6</ele>
      </trkpt>
      <trkpt lat="47.22198" lon="4.96612">
        <ele>286.0</ele>
      </trkpt>
      <trkpt lat="47.22193" lon="4.96605">
        <ele>286.9</ele>
      </trkpt>
      <trkpt lat="47.22153" lon="4.96619">
        <ele>287.2</ele>
      </trkpt>
      <trkpt lat="47.22141" lon="4.96627">
        <ele>286.3</ele>
      </trkpt>
      <trkpt lat="47.22117" lon="4.96662">
        <ele>284.8</ele>
      </trkpt>
      <trkpt lat="47.22089" lon="4.96697">
        <ele>283.6</ele>
      </trkpt>
      <trkpt lat="47.22078" lon="4.96714">
        <ele>282.1</ele>
      </trkpt>
      <trkpt lat="47.22068" lon="4.96731">
        <ele>280.5</ele>
      </trkpt>
      <trkpt lat="47.22056" lon="4.96754">
        <ele>279.4</ele>
      </trkpt>
      <trkpt lat="47.22045" lon="4.96779">
        <ele>278.8</ele>
      </trkpt>
      <trkpt lat="47.22037" lon="4.96799">
        <ele>277.9</ele>
      </trkpt>
      <trkpt lat="47.22032" lon="4.96806">
        <ele>277.3</ele>
      </trkpt>
      <trkpt lat="47.22028" lon="4.9681">
        <ele>277.1</ele>
      </trkpt>
      <trkpt lat="47.22019" lon="4.96813">
        <ele>276.8</ele>
      </trkpt>
      <trkpt lat="47.22012" lon="4.96814">
        <ele>276.6</ele>
      </trkpt>
      <trkpt lat="47.2198" lon="4.96809">
        <ele>276.3</ele>
      </trkpt>
      <trkpt lat="47.21954" lon="4.96802">
        <ele>276.2</ele>
      </trkpt>
      <trkpt lat="47.21879" lon="4.96768">
        <ele>275.8</ele>
      </trkpt>
      <trkpt lat="47.21864" lon="4.96763">
        <ele>275.3</ele>
      </trkpt>
      <trkpt lat="47.21852" lon="4.96764">
        <ele>274.9</ele>
      </trkpt>
      <trkpt lat="47.21827" lon="4.96774">
        <ele>274.6</ele>
      </trkpt>
      <trkpt lat="47.21824" lon="4.96775">
        <ele>274.3</ele>
      </trkpt>
      <trkpt lat="47.21816" lon="4.9678">
        <ele>273.4</ele>
      </trkpt>
      <trkpt lat="47.21813" lon="4.96786">
        <ele>272.6</ele>
      </trkpt>
      <trkpt lat="47.21801" lon="4.96838">
        <ele>271.8</ele>
      </trkpt>
      <trkpt lat="47.21785" lon="4.96835">
        <ele>271.5</ele>
      </trkpt>
      <trkpt lat="47.2177" lon="4.96832">
        <ele>270.8</ele>
      </trkpt>
      <trkpt lat="47.21757" lon="4.96829">
        <ele>271.7</ele>
      </trkpt>
      <trkpt lat="47.2171" lon="4.96812">
        <ele>272.5</ele>
      </trkpt>
      <trkpt lat="47.21643" lon="4.96786">
        <ele>273.1</ele>
      </trkpt>
      <trkpt lat="47.21594" lon="4.96767">
        <ele>273.2</ele>
      </trkpt>
      <trkpt lat="47.2157" lon="4.96759">
        <ele>274.2</ele>
      </trkpt>
      <trkpt lat="47.21546" lon="4.96747">
        <ele>274.0</ele>
      </trkpt>
      <trkpt lat="47.2154" lon="4.96743">
        <ele>273.7</ele>
      </trkpt>
      <trkpt lat="47.21513" lon="4.96729">
        <ele>273.3</ele>
      </trkpt>
      <trkpt lat="47.21503" lon="4.96724">
        <ele>272.8</ele>
      </trkpt>
      <trkpt lat="47.21491" lon="4.96719">
        <ele>271.7</ele>
      </trkpt>
      <trkpt lat="47.21472" lon="4.96714">
        <ele>271.5</ele>
      </trkpt>
      <trkpt lat="47.21464" lon="4.96712">
        <ele>271.0</ele>
      </trkpt>
      <trkpt lat="47.21458" lon="4.96712">
        <ele>270.3</ele>
      </trkpt>
      <trkpt lat="47.21445" lon="4.96715">
        <ele>270.2</ele>
      </trkpt>
      <trkpt lat="47.21432" lon="4.96719">
        <ele>271.0</ele>
      </trkpt>
      <trkpt lat="47.21407" lon="4.96726">
        <ele>270.8</ele>
      </trkpt>
      <trkpt lat="47.21393" lon="4.96728">
        <ele>271.5</ele>
      </trkpt>
      <trkpt lat="47.21382" lon="4.96726">
        <ele>272.8</ele>
      </trkpt>
      <trkpt lat="47.21372" lon="4.96724">
        <ele>273.2</ele>
      </trkpt>
      <trkpt lat="47.21371" lon="4.96723">
        <ele>273.3</ele>
      </trkpt>
      <trkpt lat="47.21354" lon="4.96716">
        <ele>273.4</ele>
      </trkpt>
      <trkpt lat="47.21307" lon="4.96692">
        <ele>273.6</ele>
      </trkpt>
      <trkpt lat="47.21255" lon="4.96666">
        <ele>273.3</ele>
      </trkpt>
      <trkpt lat="47.21228" lon="4.96653">
        <ele>273.7</ele>
      </trkpt>
      <trkpt lat="47.21211" lon="4.96647">
        <ele>273.7</ele>
      </trkpt>
      <trkpt lat="47.21194" lon="4.96643">
        <ele>274.3</ele>
      </trkpt>
      <trkpt lat="47.21157" lon="4.96635">
        <ele>274.9</ele>
      </trkpt>
      <trkpt lat="47.21141" lon="4.96631">
        <ele>276.0</ele>
      </trkpt>
      <trkpt lat="47.21116" lon="4.96622">
        <ele>277.3</ele>
      </trkpt>
      <trkpt lat="47.21048" lon="4.96595">
        <ele>278.6</ele>
      </trkpt>
      <trkpt lat="47.21009" lon="4.96578">
        <ele>279.4</ele>
      </trkpt>
      <trkpt lat="47.20985" lon="4.96565">
        <ele>279.9</ele>
      </trkpt>
      <trkpt lat="47.20967" lon="4.96553">
        <ele>280.4</ele>
      </trkpt>
      <trkpt lat="47.20943" lon="4.96536">
        <ele>280.4</ele>
      </trkpt>
      <trkpt lat="47.20928" lon="4.96527">
        <ele>280.3</ele>
      </trkpt>
      <trkpt lat="47.20916" lon="4.96524">
        <ele>280.5</ele>
      </trkpt>
      <trkpt lat="47.20906" lon="4.96522">
        <ele>280.3</ele>
      </trkpt>
      <trkpt lat="47.20893" lon="4.96522">
        <ele>279.9</ele>
      </trkpt>
      <trkpt lat="47.20878" lon="4.96523">
        <ele>279.5</ele>
      </trkpt>
      <trkpt lat="47.20822" lon="4.96529">
        <ele>278.7</ele>
      </trkpt>
      <trkpt lat="47.20771" lon="4.96533">
        <ele>277.5</ele>
      </trkpt>
      <trkpt lat="47.20746" lon="4.96535">
        <ele>276.2</ele>
      </trkpt>
      <trkpt lat="47.20724" lon="4.96537">
        <ele>275.0</ele>
      </trkpt>
      <trkpt lat="47.20696" lon="4.96542">
        <ele>273.8</ele>
      </trkpt>
      <trkpt lat="47.20692" lon="4.96543">
        <ele>273.0</ele>
      </trkpt>
      <trkpt lat="47.20676" lon="4.96546">
        <ele>272.3</ele>
      </trkpt>
      <trkpt lat="47.20665" lon="4.96551">
        <ele>271.7</ele>
      </trkpt>
      <trkpt lat="47.20653" lon="4.96557">
        <ele>271.2</ele>
      </trkpt>
      <trkpt lat="47.20638" lon="4.96566">
        <ele>270.5</ele>
      </trkpt>
      <trkpt lat="47.20625" lon="4.96573">
        <ele>269.8</ele>
      </trkpt>
      <trkpt lat="47.20613" lon="4.96575">
        <ele>269.6</ele>
      </trkpt>
      <trkpt lat="47.20601" lon="4.96575">
        <ele>269.2</ele>
      </trkpt>
      <trkpt lat="47.20566" lon="4.96572">
        <ele>268.7</ele>
      </trkpt>
      <trkpt lat="47.20524" lon="4.96569">
        <ele>268.6</ele>
      </trkpt>
      <trkpt lat="47.20491" lon="4.96566">
        <ele>268.4</ele>
      </trkpt>
      <trkpt lat="47.20473" lon="4.96564">
        <ele>268.1</ele>
      </trkpt>
      <trkpt lat="47.20459" lon="4.96561">
        <ele>268.1</ele>
      </trkpt>
      <trkpt lat="47.20442" lon="4.96555">
        <ele>268.1</ele>
      </trkpt>
      <trkpt lat="47.20423" lon="4.96545">
        <ele>268.4</ele>
      </trkpt>
      <trkpt lat="47.20412" lon="4.96541">
        <ele>268.7</ele>
      </trkpt>
      <trkpt lat="47.20398" lon="4.96537">
        <ele>268.9</ele>
      </trkpt>
      <trkpt lat="47.20382" lon="4.96533">
        <ele>268.9</ele>
      </trkpt>
      <trkpt lat="47.2034" lon="4.96524">
        <ele>269.1</ele>
      </trkpt>
      <trkpt lat="47.20299" lon="4.96515">
        <ele>269.0</ele>
      </trkpt>
      <trkpt lat="47.20277" lon="4.96511">
        <ele>269.5</ele>
      </trkpt>
      <trkpt lat="47.20257" lon="4.96504">
        <ele>269.9</ele>
      </trkpt>
      <trkpt lat="47.20234" lon="4.96494">
        <ele>270.3</ele>
      </trkpt>
      <trkpt lat="47.20194" lon="4.96476">
        <ele>271.2</ele>
      </trkpt>
      <trkpt lat="47.20188" lon="4.96473">
        <ele>272.1</ele>
      </trkpt>
      <trkpt lat="47.20142" lon="4.96454">
        <ele>272.3</ele>
      </trkpt>
      <trkpt lat="47.2012" lon="4.96445">
        <ele>272.7</ele>
      </trkpt>
      <trkpt lat="47.201" lon="4.96437">
        <ele>273.7</ele>
      </trkpt>
      <trkpt lat="47.20081" lon="4.96429">
        <ele>274.0</ele>
      </trkpt>
      <trkpt lat="47.20025" lon="4.96407">
        <ele>274.4</ele>
      </trkpt>
      <trkpt lat="47.20019" lon="4.96404">
        <ele>275.0</ele>
      </trkpt>
      <trkpt lat="47.20002" lon="4.96395">
        <ele>275.5</ele>
      </trkpt>
      <trkpt lat="47.19983" lon="4.96383">
        <ele>275.6</ele>
      </trkpt>
      <trkpt lat="47.19974" lon="4.96373">
        <ele>275.8</ele>
      </trkpt>
      <trkpt lat="47.19967" lon="4.96364">
        <ele>276.9</ele>
      </trkpt>
      <trkpt lat="47.19959" lon="4.96351">
        <ele>277.5</ele>
      </trkpt>
      <trkpt lat="47.19946" lon="4.96328">
        <ele>278.8</ele>
      </trkpt>
      <trkpt lat="47.19933" lon="4.96308">
        <ele>279.6</ele>
      </trkpt>
      <trkpt lat="47.19929" lon="4.96302">
        <ele>280.6</ele>
      </trkpt>
      <trkpt lat="47.19921" lon="4.96284">
        <ele>280.5</ele>
      </trkpt>
      <trkpt lat="47.19919" lon="4.96278">
        <ele>281.1</ele>
      </trkpt>
      <trkpt lat="47.19915" lon="4.96265">
        <ele>280.9</ele>
      </trkpt>
      <trkpt lat="47.1991" lon="4.9625">
        <ele>281.2</ele>
      </trkpt>
      <trkpt lat="47.19904" lon="4.96238">
        <ele>281.3</ele>
      </trkpt>
      <trkpt lat="47.19898" lon="4.9623">
        <ele>281.2</ele>
      </trkpt>
      <trkpt lat="47.19892" lon="4.96224">
        <ele>280.7</ele>
      </trkpt>
      <trkpt lat="47.19886" lon="4.96221">
        <ele>280.8</ele>
      </trkpt>
      <trkpt lat="47.19878" lon="4.9622">
        <ele>280.5</ele>
      </trkpt>
      <trkpt lat="47.19868" lon="4.9622">
        <ele>280.3</ele>
      </trkpt>
      <trkpt lat="47.19862" lon="4.96225">
        <ele>280.1</ele>
      </trkpt>
      <trkpt lat="47.19855" lon="4.96229">
        <ele>280.3</ele>
      </trkpt>
      <trkpt lat="47.19848" lon="4.96238">
        <ele>280.2</ele>
      </trkpt>
      <trkpt lat="47.19845" lon="4.96241">
        <ele>279.9</ele>
      </trkpt>
      <trkpt lat="47.19844" lon="4.96241">
        <ele>279.6</ele>
      </trkpt>
      <trkpt lat="47.19837" lon="4.96247">
        <ele>279.7</ele>
      </trkpt>
      <trkpt lat="47.19828" lon="4.96248">
        <ele>279.6</ele>
      </trkpt>
      <trkpt lat="47.19814" lon="4.96244">
        <ele>279.2</ele>
      </trkpt>
      <trkpt lat="47.19801" lon="4.96238">
        <ele>278.5</ele>
      </trkpt>
      <trkpt lat="47.19789" lon="4.96232">
        <ele>277.9</ele>
      </trkpt>
      <trkpt lat="47.19763" lon="4.96224">
        <ele>277.0</ele>
      </trkpt>
      <trkpt lat="47.1976" lon="4.96222">
        <ele>276.3</ele>
      </trkpt>
      <trkpt lat="47.19756" lon="4.96221">
        <ele>275.9</ele>
      </trkpt>
      <trkpt lat="47.19748" lon="4.96217">
        <ele>275.4</ele>
      </trkpt>
      <trkpt lat="47.19739" lon="4.96213">
        <ele>274.8</ele>
      </trkpt>
      <trkpt lat="47.19731" lon="4.96211">
        <ele>274.2</ele>
      </trkpt>
      <trkpt lat="47.19726" lon="4.96211">
        <ele>273.4</ele>
      </trkpt>
      <trkpt lat="47.19711" lon="4.9621">
        <ele>272.3</ele>
      </trkpt>
      <trkpt lat="47.19697" lon="4.9621">
        <ele>272.0</ele>
      </trkpt>
      <trkpt lat="47.1968" lon="4.9621">
        <ele>271.5</ele>
      </trkpt>
      <trkpt lat="47.19673" lon="4.96211">
        <ele>270.7</ele>
      </trkpt>
      <trkpt lat="47.19653" lon="4.96209">
        <ele>269.9</ele>
      </trkpt>
      <trkpt lat="47.19623" lon="4.96199">
        <ele>269.1</ele>
      </trkpt>
      <trkpt lat="47.19582" lon="4.96186">
        <ele>268.3</ele>
      </trkpt>
      <trkpt lat="47.1957" lon="4.96182">
        <ele>267.7</ele>
      </trkpt>
      <trkpt lat="47.19561" lon="4.96181">
        <ele>267.1</ele>
      </trkpt>
      <trkpt lat="47.19555" lon="4.96182">
        <ele>266.8</ele>
      </trkpt>
      <trkpt lat="47.19549" lon="4.96178">
        <ele>266.7</ele>
      </trkpt>
      <trkpt lat="47.19543" lon="4.96172">
        <ele>266.6</ele>
      </trkpt>
      <trkpt lat="47.19515" lon="4.96152">
        <ele>266.2</ele>
      </trkpt>
      <trkpt lat="47.19489" lon="4.96132">
        <ele>265.7</ele>
      </trkpt>
      <trkpt lat="47.19468" lon="4.96115">
        <ele>265.1</ele>
      </trkpt>
      <trkpt lat="47.19453" lon="4.96106">
        <ele>264.4</ele>
      </trkpt>
      <trkpt lat="47.19435" lon="4.96092">
        <ele>263.9</ele>
      </trkpt>
      <trkpt lat="47.19408" lon="4.96077">
        <ele>263.8</ele>
      </trkpt>
      <trkpt lat="47.19367" lon="4.96053">
        <ele>264.1</ele>
      </trkpt>
      <trkpt lat="47.19347" lon="4.96039">
        <ele>264.5</ele>
      </trkpt>
      <trkpt lat="47.19302" lon="4.96005">
        <ele>264.8</ele>
      </trkpt>
      <trkpt lat="47.19299" lon="4.96008">
        <ele>265.3</ele>
      </trkpt>
      <trkpt lat="47.19294" lon="4.96008">
        <ele>265.6</ele>
      </trkpt>
      <trkpt lat="47.19281" lon="4.96001">
        <ele>265.9</ele>
      </trkpt>
      <trkpt lat="47.19264" lon="4.95996">
        <ele>266.3</ele>
      </trkpt>
      <trkpt lat="47.19239" lon="4.95997">
        <ele>267.2</ele>
      </trkpt>
      <trkpt lat="47.19229" lon="4.95997">
        <ele>267.8</ele>
      </trkpt>
      <trkpt lat="47.1922" lon="4.95995">
        <ele>268.5</ele>
      </trkpt>
      <trkpt lat="47.19197" lon="4.95989">
        <ele>268.6</ele>
      </trkpt>
      <trkpt lat="47.19171" lon="4.95981">
        <ele>268.9</ele>
      </trkpt>
      <trkpt lat="47.19154" lon="4.95978">
        <ele>268.7</ele>
      </trkpt>
      <trkpt lat="47.19145" lon="4.95979">
        <ele>268.3</ele>
      </trkpt>
      <trkpt lat="47.19136" lon="4.95982">
        <ele>267.9</ele>
      </trkpt>
      <trkpt lat="47.19127" lon="4.95987">
        <ele>267.7</ele>
      </trkpt>
      <trkpt lat="47.19079" lon="4.96024">
        <ele>267.3</ele>
      </trkpt>
      <trkpt lat="47.19052" lon="4.96044">
        <ele>267.0</ele>
      </trkpt>
      <trkpt lat="47.19036" lon="4.96052">
        <ele>266.9</ele>
      </trkpt>
      <trkpt lat="47.19023" lon="4.96054">
        <ele>266.7</ele>
      </trkpt>
      <trkpt lat="47.19003" lon="4.9606">
        <ele>266.8</ele>
      </trkpt>
      <trkpt lat="47.18989" lon="4.96059">
        <ele>266.5</ele>
      </trkpt>
      <trkpt lat="47.18973" lon="4.96058">
        <ele>266.4</ele>
      </trkpt>
      <trkpt lat="47.18937" lon="4.96053">
        <ele>266.1</ele>
      </trkpt>
      <trkpt lat="47.18896" lon="4.9605">
        <ele>265.9</ele>
      </trkpt>
      <trkpt lat="47.18877" lon="4.96049">
        <ele>265.5</ele>
      </trkpt>
      <trkpt lat="47.18844" lon="4.9605">
        <ele>265.3</ele>
      </trkpt>
      <trkpt lat="47.1883" lon="4.96049">
        <ele>264.9</ele>
      </trkpt>
      <trkpt lat="47.18818" lon="4.96047">
        <ele>264.5</ele>
      </trkpt>
      <trkpt lat="47.18738" lon="4.96028">
        <ele>264.1</ele>
      </trkpt>
      <trkpt lat="47.18719" lon="4.96024">
        <ele>263.7</ele>
      </trkpt>
      <trkpt lat="47.18708" lon="4.96024">
        <ele>263.2</ele>
      </trkpt>
      <trkpt lat="47.187" lon="4.96024">
        <ele>262.9</ele>
      </trkpt>
      <trkpt lat="47.1865" lon="4.96025">
        <ele>262.6</ele>
      </trkpt>
      <trkpt lat="47.18642" lon="4.96023">
        <ele>262.3</ele>
      </trkpt>
      <trkpt lat="47.18637" lon="4.96022">
        <ele>262.1</ele>
      </trkpt>
      <trkpt lat="47.18628" lon="4.96022">
        <ele>261.9</ele>
      </trkpt>
      <trkpt lat="47.18623" lon="4.96009">
        <ele>261.8</ele>
      </trkpt>
      <trkpt lat="47.18619" lon="4.96003">
        <ele>261.6</ele>
      </trkpt>
      <trkpt lat="47.18615" lon="4.95998">
        <ele>261.2</ele>
      </trkpt>
      <trkpt lat="47.18598" lon="4.95985">
        <ele>260.9</ele>
      </trkpt>
      <trkpt lat="47.18578" lon="4.95974">
        <ele>260.7</ele>
      </trkpt>
      <trkpt lat="47.18548" lon="4.95962">
        <ele>260.8</ele>
      </trkpt>
      <trkpt lat="47.18534" lon="4.95956">
        <ele>261.2</ele>
      </trkpt>
      <trkpt lat="47.18521" lon="4.95949">
        <ele>261.9</ele>
      </trkpt>
      <trkpt lat="47.1848" lon="4.95924">
        <ele>262.6</ele>
      </trkpt>
      <trkpt lat="47.1845" lon="4.95909">
        <ele>263.1</ele>
      </trkpt>
      <trkpt lat="47.18408" lon="4.95897">
        <ele>263.4</ele>
      </trkpt>
      <trkpt lat="47.18383" lon="4.9589">
        <ele>263.4</ele>
      </trkpt>
      <trkpt lat="47.18366" lon="4.95884">
        <ele>263.4</ele>
      </trkpt>
      <trkpt lat="47.18353" lon="4.95878">
        <ele>264.0</ele>
      </trkpt>
      <trkpt lat="47.1829" lon="4.95846">
        <ele>264.8</ele>
      </trkpt>
      <trkpt lat="47.18249" lon="4.95827">
        <ele>265.4</ele>
      </trkpt>
      <trkpt lat="47.18232" lon="4.95818">
        <ele>266.2</ele>
      </trkpt>
      <trkpt lat="47.18226" lon="4.95814">
        <ele>266.9</ele>
      </trkpt>
      <trkpt lat="47.18223" lon="4.9581">
        <ele>267.7</ele>
      </trkpt>
      <trkpt lat="47.18208" lon="4.95798">
        <ele>268.1</ele>
      </trkpt>
      <trkpt lat="47.18178" lon="4.95776">
        <ele>268.8</ele>
      </trkpt>
      <trkpt lat="47.18169" lon="4.95772">
        <ele>270.1</ele>
      </trkpt>
      <trkpt lat="47.1815" lon="4.95755">
        <ele>270.5</ele>
      </trkpt>
      <trkpt lat="47.1812" lon="4.95736">
        <ele>271.1</ele>
      </trkpt>
      <trkpt lat="47.1807" lon="4.95705">
        <ele>271.9</ele>
      </trkpt>
      <trkpt lat="47.18031" lon="4.9568">
        <ele>272.7</ele>
      </trkpt>
      <trkpt lat="47.18013" lon="4.95667">
        <ele>273.1</ele>
      </trkpt>
      <trkpt lat="47.17998" lon="4.95651">
        <ele>273.7</ele>
      </trkpt>
      <trkpt lat="47.17986" lon="4.9564">
        <ele>273.4</ele>
      </trkpt>
      <trkpt lat="47.17966" lon="4.9563">
        <ele>272.8</ele>
      </trkpt>
      <trkpt lat="47.1793" lon="4.95621">
        <ele>271.7</ele>
      </trkpt>
      <trkpt lat="47.17912" lon="4.95617">
        <ele>270.3</ele>
      </trkpt>
      <trkpt lat="47.17897" lon="4.9561">
        <ele>269.1</ele>
      </trkpt>
      <trkpt lat="47.17876" lon="4.956">
        <ele>266.6</ele>
      </trkpt>
      <trkpt lat="47.1784" lon="4.95573">
        <ele>264.4</ele>
      </trkpt>
      <trkpt lat="47.17822" lon="4.9556">
        <ele>263.2</ele>
      </trkpt>
      <trkpt lat="47.17797" lon="4.95548">
        <ele>262.2</ele>
      </trkpt>
      <trkpt lat="47.1775" lon="4.95526">
        <ele>261.1</ele>
      </trkpt>
      <trkpt lat="47.17725" lon="4.95517">
        <ele>261.7</ele>
      </trkpt>
      <trkpt lat="47.1771" lon="4.95506">
        <ele>263.0</ele>
      </trkpt>
      <trkpt lat="47.177" lon="4.95496">
        <ele>263.3</ele>
      </trkpt>
      <trkpt lat="47.17695" lon="4.95492">
        <ele>263.5</ele>
      </trkpt>
      <trkpt lat="47.17691" lon="4.9549">
        <ele>264.4</ele>
      </trkpt>
      <trkpt lat="47.17687" lon="4.95488">
        <ele>264.5</ele>
      </trkpt>
      <trkpt lat="47.17676" lon="4.95485">
        <ele>263.8</ele>
      </trkpt>
      <trkpt lat="47.17656" lon="4.95488">
        <ele>263.1</ele>
      </trkpt>
      <trkpt lat="47.17642" lon="4.95493">
        <ele>262.3</ele>
      </trkpt>
      <trkpt lat="47.17629" lon="4.955">
        <ele>261.0</ele>
      </trkpt>
      <trkpt lat="47.17588" lon="4.95471">
        <ele>260.2</ele>
      </trkpt>
      <trkpt lat="47.17573" lon="4.9546">
        <ele>259.6</ele>
      </trkpt>
      <trkpt lat="47.17561" lon="4.95446">
        <ele>259.4</ele>
      </trkpt>
      <trkpt lat="47.17534" lon="4.95412">
        <ele>259.4</ele>
      </trkpt>
      <trkpt lat="47.17513" lon="4.95389">
        <ele>259.8</ele>
      </trkpt>
      <trkpt lat="47.1749" lon="4.95366">
        <ele>259.8</ele>
      </trkpt>
      <trkpt lat="47.17481" lon="4.95362">
        <ele>259.9</ele>
      </trkpt>
      <trkpt lat="47.17468" lon="4.95361">
        <ele>259.6</ele>
      </trkpt>
      <trkpt lat="47.17457" lon="4.95361">
        <ele>260.1</ele>
      </trkpt>
      <trkpt lat="47.17437" lon="4.95358">
        <ele>260.5</ele>
      </trkpt>
      <trkpt lat="47.17397" lon="4.95354">
        <ele>261.0</ele>
      </trkpt>
      <trkpt lat="47.1739" lon="4.95352">
        <ele>261.9</ele>
      </trkpt>
      <trkpt lat="47.17383" lon="4.95347">
        <ele>263.3</ele>
      </trkpt>
      <trkpt lat="47.17367" lon="4.95332">
        <ele>263.9</ele>
      </trkpt>
      <trkpt lat="47.17352" lon="4.95324">
        <ele>264.6</ele>
      </trkpt>
      <trkpt lat="47.17338" lon="4.95319">
        <ele>265.3</ele>
      </trkpt>
      <trkpt lat="47.1733" lon="4.95313">
        <ele>265.7</ele>
      </trkpt>
      <trkpt lat="47.17326" lon="4.95306">
        <ele>265.7</ele>
      </trkpt>
      <trkpt lat="47.17306" lon="4.95296">
        <ele>265.5</ele>
      </trkpt>
      <trkpt lat="47.17287" lon="4.95295">
        <ele>265.4</ele>
      </trkpt>
      <trkpt lat="47.17268" lon="4.95292">
        <ele>265.2</ele>
      </trkpt>
      <trkpt lat="47.17244" lon="4.95289">
        <ele>264.9</ele>
      </trkpt>
      <trkpt lat="47.172" lon="4.95276">
        <ele>264.5</ele>
      </trkpt>
      <trkpt lat="47.17164" lon="4.9527">
        <ele>264.2</ele>
      </trkpt>
      <trkpt lat="47.17129" lon="4.95265">
        <ele>264.1</ele>
      </trkpt>
      <trkpt lat="47.17107" lon="4.95264">
        <ele>263.7</ele>
      </trkpt>
      <trkpt lat="47.17094" lon="4.95264">
        <ele>263.5</ele>
      </trkpt>
      <trkpt lat="47.17082" lon="4.95266">
        <ele>263.2</ele>
      </trkpt>
      <trkpt lat="47.17068" lon="4.95266">
        <ele>263.0</ele>
      </trkpt>
      <trkpt lat="47.17054" lon="4.95264">
        <ele>262.6</ele>
      </trkpt>
      <trkpt lat="47.1704" lon="4.9526">
        <ele>262.2</ele>
      </trkpt>
      <trkpt lat="47.17021" lon="4.95252">
        <ele>261.6</ele>
      </trkpt>
      <trkpt lat="47.16993" lon="4.95238">
        <ele>260.9</ele>
      </trkpt>
      <trkpt lat="47.16962" lon="4.95229">
        <ele>260.1</ele>
      </trkpt>
      <trkpt lat="47.16928" lon="4.9522">
        <ele>259.7</ele>
      </trkpt>
      <trkpt lat="47.16901" lon="4.95211">
        <ele>259.5</ele>
      </trkpt>
      <trkpt lat="47.16853" lon="4.95196">
        <ele>259.5</ele>
      </trkpt>
      <trkpt lat="47.16801" lon="4.95178">
        <ele>260.1</ele>
      </trkpt>
      <trkpt lat="47.16774" lon="4.95175">
        <ele>260.8</ele>
      </trkpt>
      <trkpt lat="47.16719" lon="4.95172">
        <ele>261.2</ele>
      </trkpt>
      <trkpt lat="47.16659" lon="4.95167">
        <ele>261.7</ele>
      </trkpt>
      <trkpt lat="47.16625" lon="4.95164">
        <ele>262.0</ele>
      </trkpt>
      <trkpt lat="47.16609" lon="4.95165">
        <ele>262.1</ele>
      </trkpt>
      <trkpt lat="47.16575" lon="4.95174">
        <ele>262.0</ele>
      </trkpt>
      <trkpt lat="47.16561" lon="4.95175">
        <ele>262.2</ele>
      </trkpt>
      <trkpt lat="47.16549" lon="4.95175">
        <ele>261.7</ele>
      </trkpt>
      <trkpt lat="47.16539" lon="4.95174">
        <ele>261.1</ele>
      </trkpt>
      <trkpt lat="47.16494" lon="4.95167">
        <ele>260.8</ele>
      </trkpt>
      <trkpt lat="47.16464" lon="4.95161">
        <ele>260.8</ele>
      </trkpt>
      <trkpt lat="47.16453" lon="4.95158">
        <ele>260.8</ele>
      </trkpt>
      <trkpt lat="47.1642" lon="4.95153">
        <ele>261.3</ele>
      </trkpt>
      <trkpt lat="47.16427" lon="4.95092">
        <ele>261.8</ele>
      </trkpt>
      <trkpt lat="47.1643" lon="4.9507">
        <ele>262.2</ele>
      </trkpt>
      <trkpt lat="47.16435" lon="4.95046">
        <ele>262.3</ele>
      </trkpt>
      <trkpt lat="47.16441" lon="4.9503">
        <ele>262.6</ele>
      </trkpt>
      <trkpt lat="47.16435" lon="4.95026">
        <ele>262.7</ele>
      </trkpt>
      <trkpt lat="47.16421" lon="4.95024">
        <ele>263.4</ele>
      </trkpt>
      <trkpt lat="47.16409" lon="4.95023">
        <ele>263.7</ele>
      </trkpt>
      <trkpt lat="47.16398" lon="4.95022">
        <ele>264.0</ele>
      </trkpt>
      <trkpt lat="47.16393" lon="4.95023">
        <ele>263.8</ele>
      </trkpt>
      <trkpt lat="47.16389" lon="4.95027">
        <ele>263.9</ele>
      </trkpt>
      <trkpt lat="47.1638" lon="4.95048">
        <ele>263.5</ele>
      </trkpt>
      <trkpt lat="47.16371" lon="4.95058">
        <ele>263.0</ele>
      </trkpt>
      <trkpt lat="47.1635" lon="4.9507">
        <ele>262.4</ele>
      </trkpt>
      <trkpt lat="47.16329" lon="4.95076">
        <ele>262.0</ele>
      </trkpt>
      <trkpt lat="47.16306" lon="4.95079">
        <ele>261.5</ele>
      </trkpt>
      <trkpt lat="47.16285" lon="4.95076">
        <ele>261.1</ele>
      </trkpt>
      <trkpt lat="47.16256" lon="4.95069">
        <ele>261.0</ele>
      </trkpt>
      <trkpt lat="47.1624" lon="4.95068">
        <ele>261.0</ele>
      </trkpt>
      <trkpt lat="47.16228" lon="4.95069">
        <ele>260.9</ele>
      </trkpt>
      <trkpt lat="47.16218" lon="4.95072">
        <ele>260.6</ele>
      </trkpt>
      <trkpt lat="47.16206" lon="4.95079">
        <ele>260.1</ele>
      </trkpt>
      <trkpt lat="47.16191" lon="4.95084">
        <ele>259.7</ele>
      </trkpt>
      <trkpt lat="47.16181" lon="4.95087">
        <ele>259.3</ele>
      </trkpt>
      <trkpt lat="47.16166" lon="4.95087">
        <ele>258.8</ele>
      </trkpt>
      <trkpt lat="47.16139" lon="4.95081">
        <ele>258.2</ele>
      </trkpt>
      <trkpt lat="47.16095" lon="4.95071">
        <ele>257.5</ele>
      </trkpt>
      <trkpt lat="47.16087" lon="4.95107">
        <ele>256.3</ele>
      </trkpt>
      <trkpt lat="47.16081" lon="4.95134">
        <ele>255.2</ele>
      </trkpt>
      <trkpt lat="47.16073" lon="4.95153">
        <ele>253.9</ele>
      </trkpt>
      <trkpt lat="47.16068" lon="4.95162">
        <ele>252.9</ele>
      </trkpt>
      <trkpt lat="47.16054" lon="4.9518">
        <ele>252.0</ele>
      </trkpt>
      <trkpt lat="47.16051" lon="4.95188">
        <ele>251.5</ele>
      </trkpt>
      <trkpt lat="47.16046" lon="4.95204">
        <ele>251.0</ele>
      </trkpt>
      <trkpt lat="47.16036" lon="4.95257">
        <ele>250.5</ele>
      </trkpt>
      <trkpt lat="47.16013" lon="4.95244">
        <ele>250.0</ele>
      </trkpt>
      <trkpt lat="47.16004" lon="4.95239">
        <ele>249.3</ele>
      </trkpt>
      <trkpt lat="47.15996" lon="4.95237">
        <ele>248.6</ele>
      </trkpt>
      <trkpt lat="47.15966" lon="4.95231">
        <ele>247.8</ele>
      </trkpt>
      <trkpt lat="47.15918" lon="4.95223">
        <ele>247.5</ele>
      </trkpt>
      <trkpt lat="47.15909" lon="4.95218">
        <ele>247.6</ele>
      </trkpt>
      <trkpt lat="47.15899" lon="4.95209">
        <ele>247.7</ele>
      </trkpt>
      <trkpt lat="47.15892" lon="4.95197">
        <ele>248.4</ele>
      </trkpt>
      <trkpt lat="47.15879" lon="4.95173">
        <ele>249.0</ele>
      </trkpt>
      <trkpt lat="47.15868" lon="4.95149">
        <ele>249.5</ele>
      </trkpt>
      <trkpt lat="47.15861" lon="4.95132">
        <ele>249.6</ele>
      </trkpt>
      <trkpt lat="47.15855" lon="4.95124">
        <ele>250.7</ele>
      </trkpt>
      <trkpt lat="47.15849" lon="4.95118">
        <ele>251.0</ele>
      </trkpt>
      <trkpt lat="47.15836" lon="4.95112">
        <ele>251.4</ele>
      </trkpt>
      <trkpt lat="47.15822" lon="4.95108">
        <ele>252.2</ele>
      </trkpt>
      <trkpt lat="47.15798" lon="4.95104">
        <ele>252.9</ele>
      </trkpt>
      <trkpt lat="47.1578" lon="4.951">
        <ele>252.9</ele>
      </trkpt>
      <trkpt lat="47.15744" lon="4.95087">
        <ele>253.1</ele>
      </trkpt>
      <trkpt lat="47.15682" lon="4.95063">
        <ele>252.8</ele>
      </trkpt>
      <trkpt lat="47.15663" lon="4.95055">
        <ele>252.1</ele>
      </trkpt>
      <trkpt lat="47.15621" lon="4.95029">
        <ele>251.4</ele>
      </trkpt>
      <trkpt lat="47.15587" lon="4.95007">
        <ele>250.6</ele>
      </trkpt>
      <trkpt lat="47.15564" lon="4.94997">
        <ele>249.9</ele>
      </trkpt>
      <trkpt lat="47.15529" lon="4.94987">
        <ele>249.4</ele>
      </trkpt>
      <trkpt lat="47.155" lon="4.94975">
        <ele>249.2</ele>
      </trkpt>
      <trkpt lat="47.1549" lon="4.94972">
        <ele>249.0</ele>
      </trkpt>
      <trkpt lat="47.15481" lon="4.9497">
        <ele>248.8</ele>
      </trkpt>
      <trkpt lat="47.15471" lon="4.94969">
        <ele>248.3</ele>
      </trkpt>
      <trkpt lat="47.15454" lon="4.94971">
        <ele>248.1</ele>
      </trkpt>
      <trkpt lat="47.15434" lon="4.94973">
        <ele>247.7</ele>
      </trkpt>
      <trkpt lat="47.15421" lon="4.94974">
        <ele>247.5</ele>
      </trkpt>
      <trkpt lat="47.15412" lon="4.94972">
        <ele>247.2</ele>
      </trkpt>
      <trkpt lat="47.15399" lon="4.94969">
        <ele>247.3</ele>
      </trkpt>
      <trkpt lat="47.15386" lon="4.94963">
        <ele>247.8</ele>
      </trkpt>
      <trkpt lat="47.15373" lon="4.94956">
        <ele>248.2</ele>
      </trkpt>
      <trkpt lat="47.15339" lon="4.94945">
        <ele>248.7</ele>
      </trkpt>
      <trkpt lat="47.15324" lon="4.94939">
        <ele>249.3</ele>
      </trkpt>
      <trkpt lat="47.15311" lon="4.94932">
        <ele>250.1</ele>
      </trkpt>
      <trkpt lat="47.15282" lon="4.94912">
        <ele>250.2</ele>
      </trkpt>
      <trkpt lat="47.15261" lon="4.94901">
        <ele>250.8</ele>
      </trkpt>
      <trkpt lat="47.15246" lon="4.94895">
        <ele>250.9</ele>
      </trkpt>
      <trkpt lat="47.15235" lon="4.94893">
        <ele>251.3</ele>
      </trkpt>
      <trkpt lat="47.15222" lon="4.94892">
        <ele>251.2</ele>
      </trkpt>
      <trkpt lat="47.15203" lon="4.94894">
        <ele>251.3</ele>
      </trkpt>
      <trkpt lat="47.15192" lon="4.94894">
        <ele>251.5</ele>
      </trkpt>
      <trkpt lat="47.15184" lon="4.94893">
        <ele>251.7</ele>
      </trkpt>
      <trkpt lat="47.15168" lon="4.94888">
        <ele>252.3</ele>
      </trkpt>
      <trkpt lat="47.15154" lon="4.9488">
        <ele>253.2</ele>
      </trkpt>
      <trkpt lat="47.1513" lon="4.94865">
        <ele>254.2</ele>
      </trkpt>
      <trkpt lat="47.15095" lon="4.94847">
        <ele>255.0</ele>
      </trkpt>
      <trkpt lat="47.15066" lon="4.94834">
        <ele>255.8</ele>
      </trkpt>
      <trkpt lat="47.15036" lon="4.9482">
        <ele>256.2</ele>
      </trkpt>
      <trkpt lat="47.15021" lon="4.94812">
        <ele>256.2</ele>
      </trkpt>
      <trkpt lat="47.15009" lon="4.94804">
        <ele>256.2</ele>
      </trkpt>
      <trkpt lat="47.14998" lon="4.94794">
        <ele>256.2</ele>
      </trkpt>
      <trkpt lat="47.14987" lon="4.94783">
        <ele>256.2</ele>
      </trkpt>
      <trkpt lat="47.14972" lon="4.94764">
        <ele>256.0</ele>
      </trkpt>
      <trkpt lat="47.14966" lon="4.94757">
        <ele>255.9</ele>
      </trkpt>
      <trkpt lat="47.14928" lon="4.94725">
        <ele>255.8</ele>
      </trkpt>
      <trkpt lat="47.1492" lon="4.94716">
        <ele>255.4</ele>
      </trkpt>
      <trkpt lat="47.14911" lon="4.94707">
        <ele>255.0</ele>
      </trkpt>
      <trkpt lat="47.14872" lon="4.94663">
        <ele>254.6</ele>
      </trkpt>
      <trkpt lat="47.14848" lon="4.94636">
        <ele>254.2</ele>
      </trkpt>
      <trkpt lat="47.14827" lon="4.94616">
        <ele>253.7</ele>
      </trkpt>
      <trkpt lat="47.14815" lon="4.94607">
        <ele>253.4</ele>
      </trkpt>
      <trkpt lat="47.1479" lon="4.94593">
        <ele>253.1</ele>
      </trkpt>
      <trkpt lat="47.14778" lon="4.94584">
        <ele>252.9</ele>
      </trkpt>
      <trkpt lat="47.14767" lon="4.94573">
        <ele>252.7</ele>
      </trkpt>
      <trkpt lat="47.14746" lon="4.94548">
        <ele>252.4</ele>
      </trkpt>
      <trkpt lat="47.1473" lon="4.94534">
        <ele>252.1</ele>
      </trkpt>
      <trkpt lat="47.14697" lon="4.94511">
        <ele>251.7</ele>
      </trkpt>
      <trkpt lat="47.1467" lon="4.94491">
        <ele>251.2</ele>
      </trkpt>
      <trkpt lat="47.14656" lon="4.9448">
        <ele>250.7</ele>
      </trkpt>
      <trkpt lat="47.14648" lon="4.94472">
        <ele>249.8</ele>
      </trkpt>
      <trkpt lat="47.14609" lon="4.94423">
        <ele>248.9</ele>
      </trkpt>
      <trkpt lat="47.14562" lon="4.94374">
        <ele>248.0</ele>
      </trkpt>
      <trkpt lat="47.14521" lon="4.94331">
        <ele>247.5</ele>
      </trkpt>
      <trkpt lat="47.14519" lon="4.94336">
        <ele>246.8</ele>
      </trkpt>
      <trkpt lat="47.14513" lon="4.94346">
        <ele>246.8</ele>
      </trkpt>
      <trkpt lat="47.14492" lon="4.94383">
        <ele>246.9</ele>
      </trkpt>
      <trkpt lat="47.14457" lon="4.94446">
        <ele>246.9</ele>
      </trkpt>
      <trkpt lat="47.14447" lon="4.94466">
        <ele>246.5</ele>
      </trkpt>
      <trkpt lat="47.14417" lon="4.94519">
        <ele>246.5</ele>
      </trkpt>
      <trkpt lat="47.14407" lon="4.94536">
        <ele>246.1</ele>
      </trkpt>
      <trkpt lat="47.14391" lon="4.94561">
        <ele>245.7</ele>
      </trkpt>
      <trkpt lat="47.14354" lon="4.94619">
        <ele>245.4</ele>
      </trkpt>
      <trkpt lat="47.14351" lon="4.94623">
        <ele>245.4</ele>
      </trkpt>
      <trkpt lat="47.14349" lon="4.94627">
        <ele>245.3</ele>
      </trkpt>
      <trkpt lat="47.14326" lon="4.9466">
        <ele>245.2</ele>
      </trkpt>
      <trkpt lat="47.1432" lon="4.94669">
        <ele>245.2</ele>
      </trkpt>
      <trkpt lat="47.14313" lon="4.94678">
        <ele>245.1</ele>
      </trkpt>
      <trkpt lat="47.14308" lon="4.94685">
        <ele>245.0</ele>
      </trkpt>
      <trkpt lat="47.14299" lon="4.9469">
        <ele>244.8</ele>
      </trkpt>
      <trkpt lat="47.14291" lon="4.94691">
        <ele>244.6</ele>
      </trkpt>
      <trkpt lat="47.14285" lon="4.94691">
        <ele>244.5</ele>
      </trkpt>
      <trkpt lat="47.14279" lon="4.9469">
        <ele>244.3</ele>
      </trkpt>
      <trkpt lat="47.14274" lon="4.94688">
        <ele>244.3</ele>
      </trkpt>
      <trkpt lat="47.14265" lon="4.94682">
        <ele>244.4</ele>
      </trkpt>
      <trkpt lat="47.14245" lon="4.9466">
        <ele>244.6</ele>
      </trkpt>
      <trkpt lat="47.14223" lon="4.94639">
        <ele>244.8</ele>
      </trkpt>
      <trkpt lat="47.14195" lon="4.94613">
        <ele>244.9</ele>
      </trkpt>
      <trkpt lat="47.1419" lon="4.94608">
        <ele>245.3</ele>
      </trkpt>
      <trkpt lat="47.14187" lon="4.94605">
        <ele>245.5</ele>
      </trkpt>
      <trkpt lat="47.14228" lon="4.94511">
        <ele>245.6</ele>
      </trkpt>
      <trkpt lat="47.14224" lon="4.94508">
        <ele>245.6</ele>
      </trkpt>
      <trkpt lat="47.14199" lon="4.94488">
        <ele>245.7</ele>
      </trkpt>
      <trkpt lat="47.14176" lon="4.94475">
        <ele>245.7</ele>
      </trkpt>
      <trkpt lat="47.14167" lon="4.94469">
        <ele>245.6</ele>
      </trkpt>
      <trkpt lat="47.14155" lon="4.94462">
        <ele>245.4</ele>
      </trkpt>
      <trkpt lat="47.14131" lon="4.94445">
        <ele>245.3</ele>
      </trkpt>
      <trkpt lat="47.14103" lon="4.9442">
        <ele>244.8</ele>
      </trkpt>
      <trkpt lat="47.14093" lon="4.94413">
        <ele>244.5</ele>
      </trkpt>
      <trkpt lat="47.14087" lon="4.94405">
        <ele>244.3</ele>
      </trkpt>
      <trkpt lat="47.14076" lon="4.9441">
        <ele>244.0</ele>
      </trkpt>
      <trkpt lat="47.14072" lon="4.94412">
        <ele>243.8</ele>
      </trkpt>
      <trkpt lat="47.14068" lon="4.94413">
        <ele>244.1</ele>
      </trkpt>
      <trkpt lat="47.14056" lon="4.94415">
        <ele>244.0</ele>
      </trkpt>
      <trkpt lat="47.14042" lon="4.94414">
        <ele>244.0</ele>
      </trkpt>
      <trkpt lat="47.14034" lon="4.94412">
        <ele>244.3</ele>
      </trkpt>
      <trkpt lat="47.14029" lon="4.94408">
        <ele>244.4</ele>
      </trkpt>
      <trkpt lat="47.14028" lon="4.9439">
        <ele>244.5</ele>
      </trkpt>
      <trkpt lat="47.14026" lon="4.94375">
        <ele>244.6</ele>
      </trkpt>
      <trkpt lat="47.14026" lon="4.94368">
        <ele>244.7</ele>
      </trkpt>
      <trkpt lat="47.14026" lon="4.9436">
        <ele>244.7</ele>
      </trkpt>
      <trkpt lat="47.14023" lon="4.94339">
        <ele>244.9</ele>
      </trkpt>
      <trkpt lat="47.14017" lon="4.94318">
        <ele>245.1</ele>
      </trkpt>
      <trkpt lat="47.1401" lon="4.94309">
        <ele>245.2</ele>
      </trkpt>
      <trkpt lat="47.13974" lon="4.94296">
        <ele>245.3</ele>
      </trkpt>
      <trkpt lat="47.13945" lon="4.94287">
        <ele>245.6</ele>
      </trkpt>
      <trkpt lat="47.13932" lon="4.94284">
        <ele>245.6</ele>
      </trkpt>
      <trkpt lat="47.13926" lon="4.94285">
        <ele>245.5</ele>
      </trkpt>
      <trkpt lat="47.13922" lon="4.94286">
        <ele>245.7</ele>
      </trkpt>
      <trkpt lat="47.13905" lon="4.94299">
        <ele>245.6</ele>
      </trkpt>
      <trkpt lat="47.13894" lon="4.94273">
        <ele>245.1</ele>
      </trkpt>
      <trkpt lat="47.1387" lon="4.9429">
        <ele>244.9</ele>
      </trkpt>
      <trkpt lat="47.13849" lon="4.943">
        <ele>244.9</ele>
      </trkpt>
      <trkpt lat="47.13841" lon="4.94306">
        <ele>244.6</ele>
      </trkpt>
      <trkpt lat="47.13808" lon="4.94342">
        <ele>244.5</ele>
      </trkpt>
      <trkpt lat="47.13801" lon="4.94349">
        <ele>244.6</ele>
      </trkpt>
      <trkpt lat="47.13745" lon="4.94386">
        <ele>244.6</ele>
      </trkpt>
      <trkpt lat="47.13721" lon="4.94397">
        <ele>244.6</ele>
      </trkpt>
      <trkpt lat="47.1371" lon="4.94402">
        <ele>244.8</ele>
      </trkpt>
      <trkpt lat="47.13704" lon="4.94407">
        <ele>245.1</ele>
      </trkpt>
      <trkpt lat="47.13667" lon="4.94458">
        <ele>245.3</ele>
      </trkpt>
      <trkpt lat="47.13665" lon="4.94461">
        <ele>245.5</ele>
      </trkpt>
      <trkpt lat="47.13662" lon="4.94463">
        <ele>245.6</ele>
      </trkpt>
      <trkpt lat="47.13588" lon="4.9447">
        <ele>245.7</ele>
      </trkpt>
      <trkpt lat="47.13577" lon="4.94473">
        <ele>245.8</ele>
      </trkpt>
      <trkpt lat="47.13574" lon="4.94473">
        <ele>246.0</ele>
      </trkpt>
      <trkpt lat="47.13572" lon="4.94432">
        <ele>246.2</ele>
      </trkpt>
      <trkpt lat="47.13568" lon="4.94432">
        <ele>246.3</ele>
      </trkpt>
      <trkpt lat="47.13563" lon="4.94433">
        <ele>246.3</ele>
      </trkpt>
      <trkpt lat="47.13528" lon="4.94437">
        <ele>246.7</ele>
      </trkpt>
      <trkpt lat="47.13518" lon="4.94436">
        <ele>246.8</ele>
      </trkpt>
      <trkpt lat="47.13511" lon="4.94434">
        <ele>247.0</ele>
      </trkpt>
      <trkpt lat="47.13506" lon="4.94431">
        <ele>247.0</ele>
      </trkpt>
      <trkpt lat="47.13504" lon="4.94429">
        <ele>247.5</ele>
      </trkpt>
      <trkpt lat="47.1349" lon="4.94418">
        <ele>247.4</ele>
      </trkpt>
      <trkpt lat="47.13482" lon="4.94412">
        <ele>248.3</ele>
      </trkpt>
      <trkpt lat="47.13472" lon="4.94407">
        <ele>248.9</ele>
      </trkpt>
      <trkpt lat="47.13458" lon="4.94402">
        <ele>249.6</ele>
      </trkpt>
      <trkpt lat="47.13444" lon="4.94399">
        <ele>249.6</ele>
      </trkpt>
      <trkpt lat="47.13425" lon="4.94399">
        <ele>249.4</ele>
      </trkpt>
      <trkpt lat="47.13395" lon="4.94406">
        <ele>248.5</ele>
      </trkpt>
      <trkpt lat="47.13383" lon="4.94407">
        <ele>247.9</ele>
      </trkpt>
      <trkpt lat="47.13356" lon="4.94403">
        <ele>247.0</ele>
      </trkpt>
      <trkpt lat="47.13339" lon="4.94405">
        <ele>246.3</ele>
      </trkpt>
      <trkpt lat="47.13275" lon="4.9442">
        <ele>246.1</ele>
      </trkpt>
      <trkpt lat="47.13261" lon="4.94418">
        <ele>245.8</ele>
      </trkpt>
      <trkpt lat="47.13233" lon="4.94402">
        <ele>245.4</ele>
      </trkpt>
      <trkpt lat="47.13207" lon="4.9439">
        <ele>245.6</ele>
      </trkpt>
      <trkpt lat="47.13191" lon="4.94383">
        <ele>245.9</ele>
      </trkpt>
      <trkpt lat="47.13145" lon="4.94372">
        <ele>245.9</ele>
      </trkpt>
      <trkpt lat="47.13121" lon="4.94368">
        <ele>245.7</ele>
      </trkpt>
      <trkpt lat="47.13057" lon="4.94375">
        <ele>245.6</ele>
      </trkpt>
      <trkpt lat="47.13014" lon="4.94367">
        <ele>245.3</ele>
      </trkpt>
      <trkpt lat="47.13004" lon="4.94365">
        <ele>244.8</ele>
      </trkpt>
      <trkpt lat="47.12964" lon="4.94351">
        <ele>244.5</ele>
      </trkpt>
      <trkpt lat="47.12961" lon="4.9435">
        <ele>244.3</ele>
      </trkpt>
      <trkpt lat="47.12938" lon="4.94326">
        <ele>244.0</ele>
      </trkpt>
      <trkpt lat="47.12898" lon="4.94293">
        <ele>243.7</ele>
      </trkpt>
      <trkpt lat="47.12877" lon="4.9428">
        <ele>243.8</ele>
      </trkpt>
      <trkpt lat="47.12848" lon="4.94269">
        <ele>243.6</ele>
      </trkpt>
      <trkpt lat="47.12819" lon="4.94251">
        <ele>243.5</ele>
      </trkpt>
      <trkpt lat="47.12802" lon="4.94245">
        <ele>243.5</ele>
      </trkpt>
      <trkpt lat="47.12784" lon="4.94242">
        <ele>243.4</ele>
      </trkpt>
      <trkpt lat="47.12761" lon="4.94237">
        <ele>243.0</ele>
      </trkpt>
      <trkpt lat="47.12737" lon="4.94223">
        <ele>242.9</ele>
      </trkpt>
      <trkpt lat="47.1271" lon="4.9421">
        <ele>243.2</ele>
      </trkpt>
      <trkpt lat="47.12689" lon="4.94207">
        <ele>243.3</ele>
      </trkpt>
      <trkpt lat="47.12623" lon="4.94166">
        <ele>243.9</ele>
      </trkpt>
      <trkpt lat="47.12607" lon="4.94157">
        <ele>244.5</ele>
      </trkpt>
      <trkpt lat="47.12596" lon="4.94143">
        <ele>245.5</ele>
      </trkpt>
      <trkpt lat="47.12577" lon="4.94115">
        <ele>245.8</ele>
      </trkpt>
      <trkpt lat="47.12568" lon="4.94102">
        <ele>246.5</ele>
      </trkpt>
      <trkpt lat="47.12549" lon="4.94088">
        <ele>247.0</ele>
      </trkpt>
      <trkpt lat="47.12513" lon="4.94072">
        <ele>247.5</ele>
      </trkpt>
      <trkpt lat="47.12483" lon="4.94057">
        <ele>247.6</ele>
      </trkpt>
      <trkpt lat="47.1245" lon="4.94039">
        <ele>248.7</ele>
      </trkpt>
      <trkpt lat="47.1246" lon="4.93994">
        <ele>249.8</ele>
      </trkpt>
      <trkpt lat="47.12477" lon="4.93932">
        <ele>251.4</ele>
      </trkpt>
      <trkpt lat="47.12484" lon="4.93903">
        <ele>253.2</ele>
      </trkpt>
      <trkpt lat="47.12522" lon="4.93822">
        <ele>254.6</ele>
      </trkpt>
      <trkpt lat="47.12491" lon="4.93804">
        <ele>255.3</ele>
      </trkpt>
      <trkpt lat="47.12455" lon="4.93787">
        <ele>255.8</ele>
      </trkpt>
      <trkpt lat="47.1244" lon="4.93773">
        <ele>255.7</ele>
      </trkpt>
      <trkpt lat="47.12432" lon="4.93758">
        <ele>255.4</ele>
      </trkpt>
      <trkpt lat="47.12418" lon="4.93732">
        <ele>256.1</ele>
      </trkpt>
      <trkpt lat="47.12393" lon="4.93702">
        <ele>256.4</ele>
      </trkpt>
      <trkpt lat="47.12374" lon="4.93678">
        <ele>256.3</ele>
      </trkpt>
      <trkpt lat="47.12356" lon="4.93668">
        <ele>256.3</ele>
      </trkpt>
      <trkpt lat="47.12323" lon="4.93655">
        <ele>256.4</ele>
      </trkpt>
      <trkpt lat="47.12265" lon="4.93637">
        <ele>255.9</ele>
      </trkpt>
      <trkpt lat="47.12242" lon="4.93625">
        <ele>255.9</ele>
      </trkpt>
      <trkpt lat="47.12228" lon="4.93619">
        <ele>257.0</ele>
      </trkpt>
      <trkpt lat="47.12201" lon="4.93619">
        <ele>256.9</ele>
      </trkpt>
      <trkpt lat="47.12176" lon="4.93609">
        <ele>257.0</ele>
      </trkpt>
      <trkpt lat="47.12153" lon="4.93597">
        <ele>257.8</ele>
      </trkpt>
      <trkpt lat="47.12111" lon="4.93589">
        <ele>258.6</ele>
      </trkpt>
      <trkpt lat="47.12051" lon="4.93565">
        <ele>258.8</ele>
      </trkpt>
      <trkpt lat="47.12043" lon="4.93562">
        <ele>260.5</ele>
      </trkpt>
      <trkpt lat="47.12032" lon="4.93555">
        <ele>262.6</ele>
      </trkpt>
      <trkpt lat="47.1195" lon="4.93494">
        <ele>264.1</ele>
      </trkpt>
      <trkpt lat="47.11915" lon="4.93438">
        <ele>265.7</ele>
      </trkpt>
      <trkpt lat="47.11896" lon="4.93408">
        <ele>267.1</ele>
      </trkpt>
      <trkpt lat="47.11884" lon="4.9339">
        <ele>267.9</ele>
      </trkpt>
      <trkpt lat="47.11877" lon="4.93379">
        <ele>268.2</ele>
      </trkpt>
      <trkpt lat="47.11859" lon="4.93355">
        <ele>268.2</ele>
      </trkpt>
      <trkpt lat="47.11842" lon="4.93337">
        <ele>268.0</ele>
      </trkpt>
      <trkpt lat="47.11812" lon="4.93312">
        <ele>267.6</ele>
      </trkpt>
      <trkpt lat="47.11798" lon="4.93303">
        <ele>267.8</ele>
      </trkpt>
      <trkpt lat="47.11781" lon="4.9329">
        <ele>267.0</ele>
      </trkpt>
      <trkpt lat="47.11755" lon="4.93277">
        <ele>266.5</ele>
      </trkpt>
      <trkpt lat="47.11742" lon="4.93281">
        <ele>265.8</ele>
      </trkpt>
      <trkpt lat="47.11731" lon="4.93284">
        <ele>265.1</ele>
      </trkpt>
      <trkpt lat="47.11709" lon="4.93292">
        <ele>263.7</ele>
      </trkpt>
      <trkpt lat="47.11687" lon="4.93294">
        <ele>263.2</ele>
      </trkpt>
      <trkpt lat="47.11671" lon="4.93287">
        <ele>262.5</ele>
      </trkpt>
      <trkpt lat="47.11642" lon="4.93264">
        <ele>261.9</ele>
      </trkpt>
      <trkpt lat="47.11581" lon="4.93212">
        <ele>262.5</ele>
      </trkpt>
      <trkpt lat="47.1157" lon="4.93201">
        <ele>263.5</ele>
      </trkpt>
      <trkpt lat="47.11561" lon="4.93185">
        <ele>264.7</ele>
      </trkpt>
      <trkpt lat="47.11541" lon="4.93153">
        <ele>265.6</ele>
      </trkpt>
      <trkpt lat="47.11527" lon="4.93133">
        <ele>266.8</ele>
      </trkpt>
      <trkpt lat="47.11514" lon="4.93121">
        <ele>266.7</ele>
      </trkpt>
      <trkpt lat="47.11507" lon="4.9312">
        <ele>266.0</ele>
      </trkpt>
      <trkpt lat="47.11496" lon="4.93117">
        <ele>265.1</ele>
      </trkpt>
      <trkpt lat="47.11477" lon="4.93113">
        <ele>264.0</ele>
      </trkpt>
      <trkpt lat="47.11475" lon="4.93112">
        <ele>262.2</ele>
      </trkpt>
      <trkpt lat="47.11422" lon="4.93094">
        <ele>260.8</ele>
      </trkpt>
      <trkpt lat="47.11404" lon="4.93082">
        <ele>259.5</ele>
      </trkpt>
      <trkpt lat="47.11388" lon="4.93066">
        <ele>257.8</ele>
      </trkpt>
      <trkpt lat="47.11367" lon="4.9305">
        <ele>256.6</ele>
      </trkpt>
      <trkpt lat="47.11344" lon="4.93034">
        <ele>256.0</ele>
      </trkpt>
      <trkpt lat="47.11307" lon="4.92998">
        <ele>254.8</ele>
      </trkpt>
      <trkpt lat="47.11284" lon="4.92982">
        <ele>253.1</ele>
      </trkpt>
      <trkpt lat="47.1127" lon="4.92979">
        <ele>251.5</ele>
      </trkpt>
      <trkpt lat="47.11234" lon="4.92976">
        <ele>249.3</ele>
      </trkpt>
      <trkpt lat="47.11229" lon="4.92975">
        <ele>246.9</ele>
      </trkpt>
      <trkpt lat="47.11206" lon="4.92968">
        <ele>244.6</ele>
      </trkpt>
      <trkpt lat="47.11193" lon="4.92967">
        <ele>243.0</ele>
      </trkpt>
      <trkpt lat="47.11181" lon="4.92965">
        <ele>242.2</ele>
      </trkpt>
      <trkpt lat="47.11179" lon="4.92939">
        <ele>244.5</ele>
      </trkpt>
      <trkpt lat="47.11125" lon="4.92832">
        <ele>247.9</ele>
      </trkpt>
      <trkpt lat="47.11083" lon="4.92708">
        <ele>251.2</ele>
      </trkpt>
      <trkpt lat="47.11008" lon="4.92603">
        <ele>255.0</ele>
      </trkpt>
      <trkpt lat="47.1099" lon="4.92582">
        <ele>257.6</ele>
      </trkpt>
      <trkpt lat="47.10976" lon="4.92565">
        <ele>257.6</ele>
      </trkpt>
      <trkpt lat="47.10935" lon="4.92512">
        <ele>256.6</ele>
      </trkpt>
      <trkpt lat="47.10929" lon="4.92505">
        <ele>255.9</ele>
      </trkpt>
      <trkpt lat="47.10907" lon="4.9248">
        <ele>254.7</ele>
      </trkpt>
      <trkpt lat="47.10873" lon="4.92431">
        <ele>254.2</ele>
      </trkpt>
      <trkpt lat="47.1084" lon="4.92365">
        <ele>253.7</ele>
      </trkpt>
      <trkpt lat="47.10822" lon="4.92333">
        <ele>253.3</ele>
      </trkpt>
      <trkpt lat="47.10803" lon="4.92304">
        <ele>253.2</ele>
      </trkpt>
      <trkpt lat="47.10791" lon="4.92289">
        <ele>252.9</ele>
      </trkpt>
      <trkpt lat="47.10774" lon="4.92272">
        <ele>252.6</ele>
      </trkpt>
      <trkpt lat="47.10763" lon="4.92266">
        <ele>251.9</ele>
      </trkpt>
      <trkpt lat="47.10744" lon="4.92257">
        <ele>251.3</ele>
      </trkpt>
      <trkpt lat="47.10709" lon="4.9223">
        <ele>250.6</ele>
      </trkpt>
      <trkpt lat="47.10679" lon="4.92203">
        <ele>249.9</ele>
      </trkpt>
      <trkpt lat="47.10657" lon="4.92185">
        <ele>248.9</ele>
      </trkpt>
      <trkpt lat="47.10636" lon="4.92178">
        <ele>248.1</ele>
      </trkpt>
      <trkpt lat="47.1051" lon="4.9219">
        <ele>247.2</ele>
      </trkpt>
      <trkpt lat="47.10505" lon="4.92191">
        <ele>246.4</ele>
      </trkpt>
      <trkpt lat="47.10479" lon="4.92193">
        <ele>245.4</ele>
      </trkpt>
      <trkpt lat="47.10439" lon="4.92195">
        <ele>244.9</ele>
      </trkpt>
      <trkpt lat="47.10428" lon="4.92198">
        <ele>244.5</ele>
      </trkpt>
      <trkpt lat="47.10425" lon="4.92194">
        <ele>244.2</ele>
      </trkpt>
      <trkpt lat="47.10414" lon="4.9216">
        <ele>243.8</ele>
      </trkpt>
      <trkpt lat="47.10409" lon="4.92164">
        <ele>243.6</ele>
      </trkpt>
      <trkpt lat="47.10403" lon="4.92168">
        <ele>244.3</ele>
      </trkpt>
      <trkpt lat="47.10403" lon="4.92177">
        <ele>244.0</ele>
      </trkpt>
      <trkpt lat="47.10402" lon="4.92184">
        <ele>243.7</ele>
      </trkpt>
      <trkpt lat="47.10402" lon="4.92195">
        <ele>243.5</ele>
      </trkpt>
      <trkpt lat="47.10402" lon="4.92199">
        <ele>243.2</ele>
      </trkpt>
      <trkpt lat="47.10396" lon="4.92201">
        <ele>242.2</ele>
      </trkpt>
      <trkpt lat="47.1039" lon="4.92203">
        <ele>242.0</ele>
      </trkpt>
      <trkpt lat="47.10383" lon="4.92204">
        <ele>241.9</ele>
      </trkpt>
      <trkpt lat="47.10378" lon="4.92203">
        <ele>241.7</ele>
      </trkpt>
      <trkpt lat="47.10373" lon="4.92202">
        <ele>241.6</ele>
      </trkpt>
      <trkpt lat="47.10355" lon="4.92194">
        <ele>241.6</ele>
      </trkpt>
      <trkpt lat="47.10324" lon="4.92178">
        <ele>241.5</ele>
      </trkpt>
      <trkpt lat="47.10323" lon="4.92178">
        <ele>241.5</ele>
      </trkpt>
      <trkpt lat="47.10311" lon="4.92172">
        <ele>241.3</ele>
      </trkpt>
      <trkpt lat="47.103" lon="4.92165">
        <ele>241.1</ele>
      </trkpt>
      <trkpt lat="47.10294" lon="4.9216">
        <ele>240.7</ele>
      </trkpt>
      <trkpt lat="47.10285" lon="4.92151">
        <ele>240.4</ele>
      </trkpt>
      <trkpt lat="47.10253" lon="4.92116">
        <ele>239.8</ele>
      </trkpt>
      <trkpt lat="47.10243" lon="4.92109">
        <ele>239.1</ele>
      </trkpt>
      <trkpt lat="47.10236" lon="4.92103">
        <ele>238.6</ele>
      </trkpt>
      <trkpt lat="47.10228" lon="4.921">
        <ele>238.4</ele>
      </trkpt>
      <trkpt lat="47.10222" lon="4.921">
        <ele>237.7</ele>
      </trkpt>
      <trkpt lat="47.10211" lon="4.921">
        <ele>237.4</ele>
      </trkpt>
      <trkpt lat="47.10164" lon="4.92099">
        <ele>236.8</ele>
      </trkpt>
      <trkpt lat="47.1013" lon="4.92096">
        <ele>236.3</ele>
      </trkpt>
      <trkpt lat="47.10121" lon="4.92096">
        <ele>235.7</ele>
      </trkpt>
      <trkpt lat="47.10107" lon="4.92096">
        <ele>234.9</ele>
      </trkpt>
      <trkpt lat="47.10099" lon="4.92095">
        <ele>234.6</ele>
      </trkpt>
      <trkpt lat="47.10094" lon="4.92093">
        <ele>234.1</ele>
      </trkpt>
      <trkpt lat="47.10073" lon="4.9208">
        <ele>233.6</ele>
      </trkpt>
      <trkpt lat="47.10066" lon="4.92079">
        <ele>233.3</ele>
      </trkpt>
      <trkpt lat="47.10059" lon="4.9208">
        <ele>233.3</ele>
      </trkpt>
      <trkpt lat="47.10049" lon="4.92083">
        <ele>233.4</ele>
      </trkpt>
      <trkpt lat="47.10042" lon="4.92092">
        <ele>233.5</ele>
      </trkpt>
      <trkpt lat="47.10017" lon="4.92133">
        <ele>233.2</ele>
      </trkpt>
      <trkpt lat="47.10004" lon="4.9216">
        <ele>232.7</ele>
      </trkpt>
      <trkpt lat="47.0999" lon="4.92186">
        <ele>232.3</ele>
      </trkpt>
      <trkpt lat="47.09986" lon="4.92192">
        <ele>231.6</ele>
      </trkpt>
      <trkpt lat="47.09983" lon="4.92197">
        <ele>231.2</ele>
      </trkpt>
      <trkpt lat="47.09975" lon="4.92199">
        <ele>231.2</ele>
      </trkpt>
      <trkpt lat="47.09927" lon="4.92207">
        <ele>231.3</ele>
      </trkpt>
      <trkpt lat="47.09913" lon="4.92208">
        <ele>231.3</ele>
      </trkpt>
      <trkpt lat="47.09914" lon="4.92204">
        <ele>231.2</ele>
      </trkpt>
      <trkpt lat="47.09913" lon="4.92199">
        <ele>231.3</ele>
      </trkpt>
      <trkpt lat="47.09911" lon="4.92195">
        <ele>231.4</ele>
      </trkpt>
      <trkpt lat="47.09904" lon="4.92189">
        <ele>231.6</ele>
      </trkpt>
      <trkpt lat="47.09877" lon="4.92169">
        <ele>231.7</ele>
      </trkpt>
      <trkpt lat="47.09798" lon="4.92115">
        <ele>232.2</ele>
      </trkpt>
      <trkpt lat="47.09787" lon="4.92107">
        <ele>232.7</ele>
      </trkpt>
      <trkpt lat="47.09688" lon="4.92039">
        <ele>233.1</ele>
      </trkpt>
      <trkpt lat="47.0962" lon="4.91997">
        <ele>233.4</ele>
      </trkpt>
      <trkpt lat="47.09585" lon="4.91972">
        <ele>233.8</ele>
      </trkpt>
      <trkpt lat="47.09569" lon="4.91958">
        <ele>234.1</ele>
      </trkpt>
      <trkpt lat="47.09554" lon="4.91941">
        <ele>234.6</ele>
      </trkpt>
      <trkpt lat="47.09519" lon="4.9189">
        <ele>235.4</ele>
      </trkpt>
      <trkpt lat="47.09458" lon="4.91807">
        <ele>236.1</ele>
      </trkpt>
      <trkpt lat="47.09389" lon="4.91723">
        <ele>236.8</ele>
      </trkpt>
      <trkpt lat="47.09338" lon="4.91662">
        <ele>237.2</ele>
      </trkpt>
      <trkpt lat="47.0931" lon="4.91625">
        <ele>236.8</ele>
      </trkpt>
      <trkpt lat="47.09289" lon="4.91589">
        <ele>236.3</ele>
      </trkpt>
      <trkpt lat="47.0926" lon="4.91519">
        <ele>235.9</ele>
      </trkpt>
      <trkpt lat="47.09237" lon="4.91468">
        <ele>235.5</ele>
      </trkpt>
      <trkpt lat="47.0921" lon="4.91445">
        <ele>235.2</ele>
      </trkpt>
      <trkpt lat="47.09147" lon="4.91397">
        <ele>235.0</ele>
      </trkpt>
      <trkpt lat="47.09114" lon="4.91375">
        <ele>234.9</ele>
      </trkpt>
      <trkpt lat="47.09084" lon="4.9136">
        <ele>234.7</ele>
      </trkpt>
      <trkpt lat="47.0903" lon="4.91339">
        <ele>234.6</ele>
      </trkpt>
      <trkpt lat="47.09023" lon="4.91335">
        <ele>234.5</ele>
      </trkpt>
      <trkpt lat="47.09019" lon="4.91332">
        <ele>234.6</ele>
      </trkpt>
      <trkpt lat="47.09016" lon="4.91331">
        <ele>234.5</ele>
      </trkpt>
      <trkpt lat="47.08964" lon="4.91301">
        <ele>234.4</ele>
      </trkpt>
      <trkpt lat="47.08916" lon="4.91272">
        <ele>234.3</ele>
      </trkpt>
      <trkpt lat="47.08869" lon="4.91249">
        <ele>234.0</ele>
      </trkpt>
      <trkpt lat="47.08845" lon="4.91235">
        <ele>233.6</ele>
      </trkpt>
      <trkpt lat="47.08834" lon="4.91224">
        <ele>233.8</ele>
      </trkpt>
      <trkpt lat="47.08802" lon="4.91188">
        <ele>233.6</ele>
      </trkpt>
      <trkpt lat="47.08778" lon="4.91153">
        <ele>233.4</ele>
      </trkpt>
      <trkpt lat="47.08739" lon="4.91096">
        <ele>233.7</ele>
      </trkpt>
      <trkpt lat="47.08714" lon="4.91057">
        <ele>234.2</ele>
      </trkpt>
      <trkpt lat="47.0869" lon="4.9101">
        <ele>234.3</ele>
      </trkpt>
      <trkpt lat="47.0867" lon="4.90962">
        <ele>235.0</ele>
      </trkpt>
      <trkpt lat="47.08636" lon="4.90896">
        <ele>235.7</ele>
      </trkpt>
      <trkpt lat="47.0863" lon="4.90887">
        <ele>236.2</ele>
      </trkpt>
      <trkpt lat="47.08628" lon="4.90884">
        <ele>236.5</ele>
      </trkpt>
      <trkpt lat="47.08625" lon="4.9088">
        <ele>236.7</ele>
      </trkpt>
      <trkpt lat="47.08624" lon="4.90877">
        <ele>236.7</ele>
      </trkpt>
      <trkpt lat="47.08619" lon="4.9087">
        <ele>236.7</ele>
      </trkpt>
      <trkpt lat="47.08587" lon="4.90815">
        <ele>236.6</ele>
      </trkpt>
      <trkpt lat="47.08579" lon="4.90804">
        <ele>236.3</ele>
      </trkpt>
      <trkpt lat="47.08544" lon="4.90765">
        <ele>235.9</ele>
      </trkpt>
      <trkpt lat="47.08488" lon="4.9072">
        <ele>235.6</ele>
      </trkpt>
      <trkpt lat="47.08462" lon="4.907">
        <ele>235.4</ele>
      </trkpt>
      <trkpt lat="47.08443" lon="4.90684">
        <ele>235.2</ele>
      </trkpt>
      <trkpt lat="47.08419" lon="4.90667">
        <ele>235.4</ele>
      </trkpt>
      <trkpt lat="47.08375" lon="4.90644">
        <ele>235.6</ele>
      </trkpt>
      <trkpt lat="47.08372" lon="4.90642">
        <ele>235.8</ele>
      </trkpt>
      <trkpt lat="47.08369" lon="4.90641">
        <ele>235.8</ele>
      </trkpt>
      <trkpt lat="47.08347" lon="4.90623">
        <ele>236.1</ele>
      </trkpt>
      <trkpt lat="47.08328" lon="4.90605">
        <ele>236.2</ele>
      </trkpt>
      <trkpt lat="47.08306" lon="4.90578">
        <ele>236.5</ele>
      </trkpt>
      <trkpt lat="47.08258" lon="4.90501">
        <ele>236.8</ele>
      </trkpt>
      <trkpt lat="47.08212" lon="4.9041">
        <ele>237.1</ele>
      </trkpt>
      <trkpt lat="47.08113" lon="4.902">
        <ele>237.0</ele>
      </trkpt>
      <trkpt lat="47.08094" lon="4.90154">
        <ele>236.5</ele>
      </trkpt>
      <trkpt lat="47.08069" lon="4.90087">
        <ele>235.8</ele>
      </trkpt>
      <trkpt lat="47.08039" lon="4.90014">
        <ele>234.4</ele>
      </trkpt>
      <trkpt lat="47.08017" lon="4.89961">
        <ele>232.8</ele>
      </trkpt>
      <trkpt lat="47.07979" lon="4.89855">
        <ele>231.3</ele>
      </trkpt>
      <trkpt lat="47.07946" lon="4.89781">
        <ele>229.9</ele>
      </trkpt>
      <trkpt lat="47.07925" lon="4.89743">
        <ele>228.5</ele>
      </trkpt>
      <trkpt lat="47.07899" lon="4.89712">
        <ele>227.5</ele>
      </trkpt>
      <trkpt lat="47.07875" lon="4.89659">
        <ele>226.9</ele>
      </trkpt>
      <trkpt lat="47.07842" lon="4.89547">
        <ele>226.7</ele>
      </trkpt>
      <trkpt lat="47.0781" lon="4.8941">
        <ele>226.7</ele>
      </trkpt>
      <trkpt lat="47.07803" lon="4.8937">
        <ele>226.8</ele>
      </trkpt>
      <trkpt lat="47.0779" lon="4.89332">
        <ele>227.2</ele>
      </trkpt>
      <trkpt lat="47.07765" lon="4.89276">
        <ele>227.5</ele>
      </trkpt>
      <trkpt lat="47.07731" lon="4.89208">
        <ele>227.6</ele>
      </trkpt>
      <trkpt lat="47.07714" lon="4.8917">
        <ele>227.7</ele>
      </trkpt>
      <trkpt lat="47.07697" lon="4.8912">
        <ele>227.8</ele>
      </trkpt>
      <trkpt lat="47.07688" lon="4.891">
        <ele>227.7</ele>
      </trkpt>
      <trkpt lat="47.07686" lon="4.89097">
        <ele>227.7</ele>
      </trkpt>
      <trkpt lat="47.07676" lon="4.8906">
        <ele>227.7</ele>
      </trkpt>
      <trkpt lat="47.07669" lon="4.89021">
        <ele>227.8</ele>
      </trkpt>
      <trkpt lat="47.07663" lon="4.88956">
        <ele>227.7</ele>
      </trkpt>
      <trkpt lat="47.07654" lon="4.88901">
        <ele>227.5</ele>
      </trkpt>
      <trkpt lat="47.0764" lon="4.88854">
        <ele>226.9</ele>
      </trkpt>
      <trkpt lat="47.07614" lon="4.88781">
        <ele>226.3</ele>
      </trkpt>
      <trkpt lat="47.07589" lon="4.88692">
        <ele>225.4</ele>
      </trkpt>
      <trkpt lat="47.07577" lon="4.88647">
        <ele>224.6</ele>
      </trkpt>
      <trkpt lat="47.07563" lon="4.88596">
        <ele>224.2</ele>
      </trkpt>
      <trkpt lat="47.07561" lon="4.88583">
        <ele>224.2</ele>
      </trkpt>
      <trkpt lat="47.0755" lon="4.88535">
        <ele>224.3</ele>
      </trkpt>
      <trkpt lat="47.07541" lon="4.88497">
        <ele>224.3</ele>
      </trkpt>
      <trkpt lat="47.07518" lon="4.88408">
        <ele>224.5</ele>
      </trkpt>
      <trkpt lat="47.07491" lon="4.8833">
        <ele>224.5</ele>
      </trkpt>
      <trkpt lat="47.07469" lon="4.88274">
        <ele>224.6</ele>
      </trkpt>
      <trkpt lat="47.07445" lon="4.88211">
        <ele>224.4</ele>
      </trkpt>
      <trkpt lat="47.0741" lon="4.88112">
        <ele>224.3</ele>
      </trkpt>
      <trkpt lat="47.07408" lon="4.88107">
        <ele>224.2</ele>
      </trkpt>
      <trkpt lat="47.07399" lon="4.88081">
        <ele>224.1</ele>
      </trkpt>
      <trkpt lat="47.07391" lon="4.88056">
        <ele>223.7</ele>
      </trkpt>
      <trkpt lat="47.07384" lon="4.88037">
        <ele>223.3</ele>
      </trkpt>
      <trkpt lat="47.07374" lon="4.88007">
        <ele>223.3</ele>
      </trkpt>
      <trkpt lat="47.07371" lon="4.87999">
        <ele>223.0</ele>
      </trkpt>
      <trkpt lat="47.07365" lon="4.87983">
        <ele>223.0</ele>
      </trkpt>
      <trkpt lat="47.07353" lon="4.87946">
        <ele>222.7</ele>
      </trkpt>
      <trkpt lat="47.0735" lon="4.87939">
        <ele>222.5</ele>
      </trkpt>
      <trkpt lat="47.07339" lon="4.87906">
        <ele>222.1</ele>
      </trkpt>
      <trkpt lat="47.07328" lon="4.87877">
        <ele>221.9</ele>
      </trkpt>
      <trkpt lat="47.07323" lon="4.87863">
        <ele>221.6</ele>
      </trkpt>
      <trkpt lat="47.07328" lon="4.87856">
        <ele>221.6</ele>
      </trkpt>
      <trkpt lat="47.07334" lon="4.87848">
        <ele>221.8</ele>
      </trkpt>
      <trkpt lat="47.07338" lon="4.87844">
        <ele>222.1</ele>
      </trkpt>
      <trkpt lat="47.07341" lon="4.87839">
        <ele>222.2</ele>
      </trkpt>
      <trkpt lat="47.07348" lon="4.87847">
        <ele>222.1</ele>
      </trkpt>
      <trkpt lat="47.07355" lon="4.87836">
        <ele>223.0</ele>
      </trkpt>
      <trkpt lat="47.07398" lon="4.8777">
        <ele>223.6</ele>
      </trkpt>
      <trkpt lat="47.07449" lon="4.87686">
        <ele>225.1</ele>
      </trkpt>
      <trkpt lat="47.07451" lon="4.87682">
        <ele>226.7</ele>
      </trkpt>
      <trkpt lat="47.07488" lon="4.87616">
        <ele>229.5</ele>
      </trkpt>
      <trkpt lat="47.07502" lon="4.87584">
        <ele>231.5</ele>
      </trkpt>
      <trkpt lat="47.0752" lon="4.87543">
        <ele>233.7</ele>
      </trkpt>
      <trkpt lat="47.07521" lon="4.87536">
        <ele>235.1</ele>
      </trkpt>
      <trkpt lat="47.07521" lon="4.8753">
        <ele>236.7</ele>
      </trkpt>
      <trkpt lat="47.0752" lon="4.87519">
        <ele>237.2</ele>
      </trkpt>
      <trkpt lat="47.07519" lon="4.87511">
        <ele>237.5</ele>
      </trkpt>
      <trkpt lat="47.07517" lon="4.87501">
        <ele>238.1</ele>
      </trkpt>
      <trkpt lat="47.07514" lon="4.87493">
        <ele>238.5</ele>
      </trkpt>
      <trkpt lat="47.07504" lon="4.87474">
        <ele>238.8</ele>
      </trkpt>
      <trkpt lat="47.07503" lon="4.87471">
        <ele>239.7</ele>
      </trkpt>
      <trkpt lat="47.07502" lon="4.87467">
        <ele>240.6</ele>
      </trkpt>
      <trkpt lat="47.07502" lon="4.87461">
        <ele>241.6</ele>
      </trkpt>
      <trkpt lat="47.07504" lon="4.87455">
        <ele>242.7</ele>
      </trkpt>
      <trkpt lat="47.07514" lon="4.87422">
        <ele>243.9</ele>
      </trkpt>
      <trkpt lat="47.07515" lon="4.87416">
        <ele>244.6</ele>
      </trkpt>
      <trkpt lat="47.07515" lon="4.8741">
        <ele>245.6</ele>
      </trkpt>
      <trkpt lat="47.07514" lon="4.87405">
        <ele>246.2</ele>
      </trkpt>
      <trkpt lat="47.07512" lon="4.874">
        <ele>247.1</ele>
      </trkpt>
      <trkpt lat="47.07497" lon="4.87371">
        <ele>248.2</ele>
      </trkpt>
      <trkpt lat="47.07478" lon="4.87328">
        <ele>249.3</ele>
      </trkpt>
      <trkpt lat="47.07464" lon="4.87295">
        <ele>250.0</ele>
      </trkpt>
      <trkpt lat="47.07461" lon="4.87286">
        <ele>250.6</ele>
      </trkpt>
      <trkpt lat="47.07458" lon="4.87284">
        <ele>250.7</ele>
      </trkpt>
      <trkpt lat="47.07454" lon="4.87283">
        <ele>250.7</ele>
      </trkpt>
      <trkpt lat="47.07438" lon="4.87268">
        <ele>250.4</ele>
      </trkpt>
      <trkpt lat="47.07419" lon="4.87254">
        <ele>250.1</ele>
      </trkpt>
      <trkpt lat="47.07408" lon="4.87247">
        <ele>249.7</ele>
      </trkpt>
      <trkpt lat="47.07394" lon="4.8724">
        <ele>249.3</ele>
      </trkpt>
      <trkpt lat="47.07386" lon="4.87234">
        <ele>248.9</ele>
      </trkpt>
      <trkpt lat="47.07379" lon="4.87227">
        <ele>248.8</ele>
      </trkpt>
      <trkpt lat="47.07353" lon="4.87192">
        <ele>248.6</ele>
      </trkpt>
      <trkpt lat="47.07327" lon="4.87155">
        <ele>248.6</ele>
      </trkpt>
      <trkpt lat="47.07322" lon="4.87149">
        <ele>248.9</ele>
      </trkpt>
      <trkpt lat="47.07303" lon="4.87118">
        <ele>248.9</ele>
      </trkpt>
      <trkpt lat="47.07295" lon="4.87104">
        <ele>249.0</ele>
      </trkpt>
      <trkpt lat="47.07289" lon="4.87089">
        <ele>249.1</ele>
      </trkpt>
      <trkpt lat="47.07285" lon="4.87081">
        <ele>249.1</ele>
      </trkpt>
      <trkpt lat="47.07281" lon="4.87073">
        <ele>249.0</ele>
      </trkpt>
      <trkpt lat="47.07265" lon="4.87048">
        <ele>249.0</ele>
      </trkpt>
      <trkpt lat="47.07258" lon="4.87033">
        <ele>249.1</ele>
      </trkpt>
      <trkpt lat="47.07253" lon="4.87024">
        <ele>249.2</ele>
      </trkpt>
      <trkpt lat="47.07247" lon="4.87008">
        <ele>249.3</ele>
      </trkpt>
      <trkpt lat="47.07243" lon="4.87">
        <ele>249.5</ele>
      </trkpt>
      <trkpt lat="47.07225" lon="4.86974">
        <ele>249.7</ele>
      </trkpt>
      <trkpt lat="47.07208" lon="4.86949">
        <ele>249.9</ele>
      </trkpt>
      <trkpt lat="47.07191" lon="4.86925">
        <ele>250.2</ele>
      </trkpt>
      <trkpt lat="47.07168" lon="4.86892">
        <ele>250.5</ele>
      </trkpt>
      <trkpt lat="47.07155" lon="4.86875">
        <ele>250.7</ele>
      </trkpt>
      <trkpt lat="47.0715" lon="4.86869">
        <ele>250.7</ele>
      </trkpt>
      <trkpt lat="47.07141" lon="4.86858">
        <ele>250.5</ele>
      </trkpt>
      <trkpt lat="47.07101" lon="4.8681">
        <ele>250.3</ele>
      </trkpt>
      <trkpt lat="47.07078" lon="4.8678">
        <ele>250.0</ele>
      </trkpt>
      <trkpt lat="47.0707" lon="4.86768">
        <ele>249.9</ele>
      </trkpt>
      <trkpt lat="47.07068" lon="4.86763">
        <ele>250.1</ele>
      </trkpt>
      <trkpt lat="47.07068" lon="4.86755">
        <ele>250.4</ele>
      </trkpt>
      <trkpt lat="47.07067" lon="4.86727">
        <ele>250.6</ele>
      </trkpt>
      <trkpt lat="47.07066" lon="4.86715">
        <ele>251.1</ele>
      </trkpt>
      <trkpt lat="47.07064" lon="4.86707">
        <ele>251.7</ele>
      </trkpt>
      <trkpt lat="47.07059" lon="4.86688">
        <ele>252.2</ele>
      </trkpt>
      <trkpt lat="47.07052" lon="4.86654">
        <ele>252.6</ele>
      </trkpt>
      <trkpt lat="47.07049" lon="4.8664">
        <ele>253.2</ele>
      </trkpt>
      <trkpt lat="47.07046" lon="4.8663">
        <ele>253.7</ele>
      </trkpt>
      <trkpt lat="47.0704" lon="4.86622">
        <ele>254.2</ele>
      </trkpt>
      <trkpt lat="47.07022" lon="4.86595">
        <ele>254.7</ele>
      </trkpt>
      <trkpt lat="47.07004" lon="4.86563">
        <ele>255.3</ele>
      </trkpt>
      <trkpt lat="47.06972" lon="4.86505">
        <ele>255.8</ele>
      </trkpt>
      <trkpt lat="47.06962" lon="4.86489">
        <ele>256.2</ele>
      </trkpt>
      <trkpt lat="47.06956" lon="4.86474">
        <ele>256.7</ele>
      </trkpt>
      <trkpt lat="47.06956" lon="4.86458">
        <ele>257.1</ele>
      </trkpt>
      <trkpt lat="47.06955" lon="4.86433">
        <ele>257.5</ele>
      </trkpt>
      <trkpt lat="47.06954" lon="4.86427">
        <ele>257.8</ele>
      </trkpt>
      <trkpt lat="47.06951" lon="4.86422">
        <ele>258.1</ele>
      </trkpt>
      <trkpt lat="47.06946" lon="4.86414">
        <ele>258.1</ele>
      </trkpt>
      <trkpt lat="47.06921" lon="4.86383">
        <ele>258.5</ele>
      </trkpt>
      <trkpt lat="47.06868" lon="4.86317">
        <ele>259.9</ele>
      </trkpt>
      <trkpt lat="47.06833" lon="4.86267">
        <ele>261.3</ele>
      </trkpt>
      <trkpt lat="47.06815" lon="4.86245">
        <ele>261.6</ele>
      </trkpt>
      <trkpt lat="47.06786" lon="4.86215">
        <ele>261.3</ele>
      </trkpt>
      <trkpt lat="47.06776" lon="4.86206">
        <ele>260.6</ele>
      </trkpt>
      <trkpt lat="47.06754" lon="4.86191">
        <ele>258.9</ele>
      </trkpt>
      <trkpt lat="47.06747" lon="4.86186">
        <ele>256.8</ele>
      </trkpt>
      <trkpt lat="47.06737" lon="4.86176">
        <ele>255.9</ele>
      </trkpt>
      <trkpt lat="47.0673" lon="4.86167">
        <ele>255.4</ele>
      </trkpt>
      <trkpt lat="47.06722" lon="4.86158">
        <ele>254.9</ele>
      </trkpt>
      <trkpt lat="47.06714" lon="4.86147">
        <ele>254.4</ele>
      </trkpt>
      <trkpt lat="47.067" lon="4.86126">
        <ele>254.3</ele>
      </trkpt>
      <trkpt lat="47.06698" lon="4.86123">
        <ele>254.4</ele>
      </trkpt>
      <trkpt lat="47.06685" lon="4.86103">
        <ele>254.4</ele>
      </trkpt>
      <trkpt lat="47.06679" lon="4.86095">
        <ele>254.7</ele>
      </trkpt>
      <trkpt lat="47.06674" lon="4.86088">
        <ele>254.9</ele>
      </trkpt>
      <trkpt lat="47.06657" lon="4.86063">
        <ele>255.1</ele>
      </trkpt>
      <trkpt lat="47.06646" lon="4.86051">
        <ele>255.1</ele>
      </trkpt>
      <trkpt lat="47.06645" lon="4.86046">
        <ele>255.4</ele>
      </trkpt>
      <trkpt lat="47.0665" lon="4.86028">
        <ele>255.3</ele>
      </trkpt>
      <trkpt lat="47.06641" lon="4.8602">
        <ele>254.9</ele>
      </trkpt>
      <trkpt lat="47.06629" lon="4.86011">
        <ele>254.3</ele>
      </trkpt>
      <trkpt lat="47.06616" lon="4.86">
        <ele>253.9</ele>
      </trkpt>
      <trkpt lat="47.06612" lon="4.85995">
        <ele>253.6</ele>
      </trkpt>
      <trkpt lat="47.0661" lon="4.85988">
        <ele>253.2</ele>
      </trkpt>
      <trkpt lat="47.06613" lon="4.85975">
        <ele>252.9</ele>
      </trkpt>
      <trkpt lat="47.06595" lon="4.8596">
        <ele>252.8</ele>
      </trkpt>
      <trkpt lat="47.06592" lon="4.85951">
        <ele>252.6</ele>
      </trkpt>
      <trkpt lat="47.06587" lon="4.85967">
        <ele>251.4</ele>
      </trkpt>
      <trkpt lat="47.0658" lon="4.86002">
        <ele>249.9</ele>
      </trkpt>
      <trkpt lat="47.0657" lon="4.86038">
        <ele>248.8</ele>
      </trkpt>
      <trkpt lat="47.06561" lon="4.8607">
        <ele>246.9</ele>
      </trkpt>
      <trkpt lat="47.06561" lon="4.86072">
        <ele>245.3</ele>
      </trkpt>
      <trkpt lat="47.0653" lon="4.8616">
        <ele>244.3</ele>
      </trkpt>
      <trkpt lat="47.06518" lon="4.86201">
        <ele>243.7</ele>
      </trkpt>
      <trkpt lat="47.06488" lon="4.86156">
        <ele>243.0</ele>
      </trkpt>
      <trkpt lat="47.06448" lon="4.86107">
        <ele>241.8</ele>
      </trkpt>
      <trkpt lat="47.06409" lon="4.8606">
        <ele>240.5</ele>
      </trkpt>
      <trkpt lat="47.064" lon="4.85996">
        <ele>239.5</ele>
      </trkpt>
      <trkpt lat="47.06399" lon="4.85949">
        <ele>238.6</ele>
      </trkpt>
      <trkpt lat="47.06399" lon="4.85933">
        <ele>239.2</ele>
      </trkpt>
      <trkpt lat="47.06399" lon="4.8593">
        <ele>240.7</ele>
      </trkpt>
      <trkpt lat="47.06419" lon="4.85868">
        <ele>242.1</ele>
      </trkpt>
      <trkpt lat="47.06423" lon="4.85853">
        <ele>243.8</ele>
      </trkpt>
      <trkpt lat="47.06427" lon="4.85837">
        <ele>245.1</ele>
      </trkpt>
      <trkpt lat="47.06429" lon="4.85821">
        <ele>246.2</ele>
      </trkpt>
      <trkpt lat="47.0643" lon="4.85806">
        <ele>247.0</ele>
      </trkpt>
      <trkpt lat="47.06429" lon="4.8579">
        <ele>247.5</ele>
      </trkpt>
      <trkpt lat="47.06429" lon="4.85781">
        <ele>247.0</ele>
      </trkpt>
      <trkpt lat="47.06428" lon="4.85772">
        <ele>247.1</ele>
      </trkpt>
      <trkpt lat="47.06425" lon="4.85756">
        <ele>245.5</ele>
      </trkpt>
      <trkpt lat="47.06421" lon="4.8574">
        <ele>244.4</ele>
      </trkpt>
      <trkpt lat="47.0641" lon="4.85703">
        <ele>243.7</ele>
      </trkpt>
      <trkpt lat="47.06417" lon="4.85698">
        <ele>243.7</ele>
      </trkpt>
      <trkpt lat="47.06425" lon="4.85688">
        <ele>243.4</ele>
      </trkpt>
      <trkpt lat="47.06448" lon="4.85654">
        <ele>243.6</ele>
      </trkpt>
      <trkpt lat="47.06471" lon="4.85616">
        <ele>243.7</ele>
      </trkpt>
      <trkpt lat="47.06481" lon="4.85599">
        <ele>243.8</ele>
      </trkpt>
      <trkpt lat="47.0649" lon="4.85585">
        <ele>243.7</ele>
      </trkpt>
      <trkpt lat="47.06495" lon="4.85578">
        <ele>243.8</ele>
      </trkpt>
      <trkpt lat="47.06499" lon="4.85573">
        <ele>243.7</ele>
      </trkpt>
      <trkpt lat="47.06506" lon="4.85566">
        <ele>243.8</ele>
      </trkpt>
      <trkpt lat="47.06522" lon="4.85551">
        <ele>243.9</ele>
      </trkpt>
      <trkpt lat="47.06529" lon="4.85545">
        <ele>244.0</ele>
      </trkpt>
      <trkpt lat="47.06537" lon="4.85536">
        <ele>244.0</ele>
      </trkpt>
      <trkpt lat="47.06546" lon="4.85526">
        <ele>244.3</ele>
      </trkpt>
      <trkpt lat="47.06563" lon="4.85505">
        <ele>244.6</ele>
      </trkpt>
      <trkpt lat="47.06595" lon="4.85464">
        <ele>244.7</ele>
      </trkpt>
      <trkpt lat="47.06605" lon="4.85451">
        <ele>244.9</ele>
      </trkpt>
      <trkpt lat="47.06609" lon="4.85445">
        <ele>245.2</ele>
      </trkpt>
      <trkpt lat="47.06613" lon="4.85439">
        <ele>245.3</ele>
      </trkpt>
      <trkpt lat="47.06617" lon="4.85431">
        <ele>245.3</ele>
      </trkpt>
      <trkpt lat="47.0662" lon="4.85423">
        <ele>245.5</ele>
      </trkpt>
      <trkpt lat="47.06622" lon="4.85416">
        <ele>245.6</ele>
      </trkpt>
      <trkpt lat="47.06625" lon="4.85407">
        <ele>245.6</ele>
      </trkpt>
      <trkpt lat="47.06627" lon="4.85396">
        <ele>246.0</ele>
      </trkpt>
      <trkpt lat="47.0663" lon="4.85381">
        <ele>246.3</ele>
      </trkpt>
      <trkpt lat="47.06633" lon="4.85367">
        <ele>246.5</ele>
      </trkpt>
      <trkpt lat="47.06636" lon="4.85352">
        <ele>246.9</ele>
      </trkpt>
      <trkpt lat="47.0664" lon="4.85336">
        <ele>247.3</ele>
      </trkpt>
      <trkpt lat="47.06645" lon="4.85323">
        <ele>247.5</ele>
      </trkpt>
      <trkpt lat="47.06649" lon="4.85314">
        <ele>247.7</ele>
      </trkpt>
      <trkpt lat="47.06662" lon="4.85284">
        <ele>248.0</ele>
      </trkpt>
      <trkpt lat="47.06667" lon="4.85273">
        <ele>248.2</ele>
      </trkpt>
      <trkpt lat="47.0667" lon="4.85265">
        <ele>248.5</ele>
      </trkpt>
      <trkpt lat="47.06672" lon="4.85258">
        <ele>248.6</ele>
      </trkpt>
      <trkpt lat="47.06675" lon="4.85256">
        <ele>248.8</ele>
      </trkpt>
      <trkpt lat="47.0668" lon="4.85253">
        <ele>248.9</ele>
      </trkpt>
      <trkpt lat="47.0669" lon="4.85251">
        <ele>249.1</ele>
      </trkpt>
      <trkpt lat="47.0671" lon="4.85247">
        <ele>249.4</ele>
      </trkpt>
      <trkpt lat="47.06728" lon="4.85242">
        <ele>249.7</ele>
      </trkpt>
      <trkpt lat="47.06747" lon="4.85235">
        <ele>249.9</ele>
      </trkpt>
      <trkpt lat="47.06763" lon="4.85231">
        <ele>250.1</ele>
      </trkpt>
      <trkpt lat="47.06771" lon="4.85228">
        <ele>250.2</ele>
      </trkpt>
      <trkpt lat="47.06776" lon="4.85226">
        <ele>250.3</ele>
      </trkpt>
      <trkpt lat="47.06779" lon="4.85224">
        <ele>250.4</ele>
      </trkpt>
      <trkpt lat="47.06784" lon="4.85221">
        <ele>250.2</ele>
      </trkpt>
      <trkpt lat="47.06788" lon="4.85217">
        <ele>250.3</ele>
      </trkpt>
      <trkpt lat="47.06792" lon="4.85213">
        <ele>250.4</ele>
      </trkpt>
      <trkpt lat="47.06804" lon="4.85202">
        <ele>250.5</ele>
      </trkpt>
      <trkpt lat="47.06808" lon="4.85199">
        <ele>250.6</ele>
      </trkpt>
      <trkpt lat="47.06812" lon="4.85197">
        <ele>250.8</ele>
      </trkpt>
      <trkpt lat="47.06815" lon="4.85195">
        <ele>250.9</ele>
      </trkpt>
      <trkpt lat="47.06822" lon="4.85192">
        <ele>250.6</ele>
      </trkpt>
      <trkpt lat="47.06832" lon="4.85188">
        <ele>250.5</ele>
      </trkpt>
      <trkpt lat="47.06849" lon="4.85183">
        <ele>250.4</ele>
      </trkpt>
      <trkpt lat="47.06862" lon="4.8518">
        <ele>250.6</ele>
      </trkpt>
      <trkpt lat="47.06868" lon="4.85178">
        <ele>250.1</ele>
      </trkpt>
      <trkpt lat="47.06873" lon="4.85177">
        <ele>250.0</ele>
      </trkpt>
      <trkpt lat="47.06882" lon="4.85172">
        <ele>250.5</ele>
      </trkpt>
      <trkpt lat="47.0689" lon="4.85168">
        <ele>250.5</ele>
      </trkpt>
      <trkpt lat="47.06898" lon="4.85164">
        <ele>250.6</ele>
      </trkpt>
      <trkpt lat="47.06942" lon="4.85137">
        <ele>251.1</ele>
      </trkpt>
      <trkpt lat="47.06954" lon="4.85132">
        <ele>251.6</ele>
      </trkpt>
      <trkpt lat="47.0699" lon="4.85114">
        <ele>251.4</ele>
      </trkpt>
      <trkpt lat="47.07025" lon="4.85096">
        <ele>251.7</ele>
      </trkpt>
      <trkpt lat="47.0703" lon="4.85093">
        <ele>252.2</ele>
      </trkpt>
      <trkpt lat="47.07037" lon="4.85089">
        <ele>252.5</ele>
      </trkpt>
      <trkpt lat="47.07042" lon="4.85085">
        <ele>252.9</ele>
      </trkpt>
      <trkpt lat="47.07048" lon="4.8508">
        <ele>253.4</ele>
      </trkpt>
      <trkpt lat="47.07078" lon="4.85056">
        <ele>254.1</ele>
      </trkpt>
      <trkpt lat="47.07106" lon="4.85032">
        <ele>254.3</ele>
      </trkpt>
      <trkpt lat="47.07139" lon="4.84999">
        <ele>254.8</ele>
      </trkpt>
      <trkpt lat="47.07162" lon="4.8498">
        <ele>255.0</ele>
      </trkpt>
      <trkpt lat="47.07171" lon="4.84973">
        <ele>255.2</ele>
      </trkpt>
      <trkpt lat="47.07175" lon="4.84971">
        <ele>255.6</ele>
      </trkpt>
      <trkpt lat="47.07179" lon="4.84971">
        <ele>255.6</ele>
      </trkpt>
      <trkpt lat="47.07182" lon="4.84972">
        <ele>255.6</ele>
      </trkpt>
      <trkpt lat="47.07203" lon="4.84989">
        <ele>256.2</ele>
      </trkpt>
      <trkpt lat="47.07206" lon="4.84991">
        <ele>256.8</ele>
      </trkpt>
      <trkpt lat="47.07209" lon="4.84992">
        <ele>256.6</ele>
      </trkpt>
      <trkpt lat="47.07214" lon="4.8499">
        <ele>257.5</ele>
      </trkpt>
      <trkpt lat="47.07234" lon="4.84979">
        <ele>258.2</ele>
      </trkpt>
      <trkpt lat="47.0725" lon="4.84972">
        <ele>259.5</ele>
      </trkpt>
      <trkpt lat="47.07257" lon="4.8497">
        <ele>260.7</ele>
      </trkpt>
      <trkpt lat="47.07265" lon="4.84967">
        <ele>261.7</ele>
      </trkpt>
      <trkpt lat="47.07269" lon="4.84967">
        <ele>262.5</ele>
      </trkpt>
      <trkpt lat="47.07279" lon="4.84974">
        <ele>263.3</ele>
      </trkpt>
      <trkpt lat="47.073" lon="4.84988">
        <ele>264.3</ele>
      </trkpt>
      <trkpt lat="47.07305" lon="4.84991">
        <ele>265.1</ele>
      </trkpt>
      <trkpt lat="47.07333" lon="4.85001">
        <ele>265.2</ele>
      </trkpt>
      <trkpt lat="47.07345" lon="4.84999">
        <ele>265.9</ele>
      </trkpt>
      <trkpt lat="47.0737" lon="4.84995">
        <ele>266.4</ele>
      </trkpt>
      <trkpt lat="47.07377" lon="4.84993">
        <ele>265.0</ele>
      </trkpt>
      <trkpt lat="47.07387" lon="4.8499">
        <ele>264.7</ele>
      </trkpt>
      <trkpt lat="47.07396" lon="4.84988">
        <ele>265.4</ele>
      </trkpt>
      <trkpt lat="47.07406" lon="4.84986">
        <ele>264.8</ele>
      </trkpt>
      <trkpt lat="47.07434" lon="4.84983">
        <ele>264.3</ele>
      </trkpt>
      <trkpt lat="47.07466" lon="4.84978">
        <ele>264.6</ele>
      </trkpt>
      <trkpt lat="47.07478" lon="4.84975">
        <ele>264.0</ele>
      </trkpt>
      <trkpt lat="47.07491" lon="4.8497">
        <ele>263.8</ele>
      </trkpt>
      <trkpt lat="47.07517" lon="4.84959">
        <ele>263.9</ele>
      </trkpt>
      <trkpt lat="47.07534" lon="4.84946">
        <ele>264.2</ele>
      </trkpt>
      <trkpt lat="47.07537" lon="4.84941">
        <ele>264.0</ele>
      </trkpt>
      <trkpt lat="47.07525" lon="4.84935">
        <ele>263.7</ele>
      </trkpt>
      <trkpt lat="47.07498" lon="4.84923">
        <ele>263.6</ele>
      </trkpt>
      <trkpt lat="47.07441" lon="4.84906">
        <ele>263.2</ele>
      </trkpt>
      <trkpt lat="47.07429" lon="4.84902">
        <ele>262.7</ele>
      </trkpt>
      <trkpt lat="47.07416" lon="4.84897">
        <ele>262.4</ele>
      </trkpt>
      <trkpt lat="47.07393" lon="4.84884">
        <ele>262.2</ele>
      </trkpt>
      <trkpt lat="47.07381" lon="4.84877">
        <ele>261.6</ele>
      </trkpt>
      <trkpt lat="47.07365" lon="4.84868">
        <ele>261.2</ele>
      </trkpt>
      <trkpt lat="47.07351" lon="4.84861">
        <ele>261.0</ele>
      </trkpt>
      <trkpt lat="47.07338" lon="4.84856">
        <ele>260.8</ele>
      </trkpt>
      <trkpt lat="47.07336" lon="4.84855">
        <ele>260.6</ele>
      </trkpt>
      <trkpt lat="47.07314" lon="4.84846">
        <ele>261.1</ele>
      </trkpt>
      <trkpt lat="47.07242" lon="4.84823">
        <ele>261.3</ele>
      </trkpt>
      <trkpt lat="47.07233" lon="4.84821">
        <ele>261.1</ele>
      </trkpt>
      <trkpt lat="47.07223" lon="4.84819">
        <ele>261.3</ele>
      </trkpt>
      <trkpt lat="47.0721" lon="4.84818">
        <ele>262.6</ele>
      </trkpt>
      <trkpt lat="47.07191" lon="4.84819">
        <ele>263.5</ele>
      </trkpt>
      <trkpt lat="47.07118" lon="4.84823">
        <ele>265.1</ele>
      </trkpt>
      <trkpt lat="47.07094" lon="4.84791">
        <ele>267.0</ele>
      </trkpt>
      <trkpt lat="47.07091" lon="4.84787">
        <ele>268.6</ele>
      </trkpt>
      <trkpt lat="47.07089" lon="4.84781">
        <ele>269.1</ele>
      </trkpt>
      <trkpt lat="47.07088" lon="4.84778">
        <ele>269.3</ele>
      </trkpt>
      <trkpt lat="47.07084" lon="4.84774">
        <ele>269.3</ele>
      </trkpt>
      <trkpt lat="47.07076" lon="4.84767">
        <ele>269.2</ele>
      </trkpt>
      <trkpt lat="47.07063" lon="4.84757">
        <ele>269.3</ele>
      </trkpt>
      <trkpt lat="47.07053" lon="4.8475">
        <ele>269.9</ele>
      </trkpt>
      <trkpt lat="47.07042" lon="4.84742">
        <ele>270.3</ele>
      </trkpt>
      <trkpt lat="47.07031" lon="4.84735">
        <ele>270.8</ele>
      </trkpt>
      <trkpt lat="47.06995" lon="4.84715">
        <ele>271.8</ele>
      </trkpt>
      <trkpt lat="47.06983" lon="4.84706">
        <ele>272.6</ele>
      </trkpt>
      <trkpt lat="47.06975" lon="4.84699">
        <ele>272.8</ele>
      </trkpt>
      <trkpt lat="47.06971" lon="4.84694">
        <ele>273.2</ele>
      </trkpt>
      <trkpt lat="47.06969" lon="4.84691">
        <ele>273.7</ele>
      </trkpt>
      <trkpt lat="47.06961" lon="4.84679">
        <ele>274.3</ele>
      </trkpt>
      <trkpt lat="47.06956" lon="4.84671">
        <ele>274.7</ele>
      </trkpt>
      <trkpt lat="47.06951" lon="4.84662">
        <ele>275.5</ele>
      </trkpt>
      <trkpt lat="47.06938" lon="4.84647">
        <ele>276.5</ele>
      </trkpt>
      <trkpt lat="47.06927" lon="4.84636">
        <ele>277.9</ele>
      </trkpt>
      <trkpt lat="47.06904" lon="4.84608">
        <ele>278.5</ele>
      </trkpt>
      <trkpt lat="47.06871" lon="4.84566">
        <ele>279.4</ele>
      </trkpt>
      <trkpt lat="47.06863" lon="4.84558">
        <ele>279.7</ele>
      </trkpt>
      <trkpt lat="47.06859" lon="4.84554">
        <ele>280.0</ele>
      </trkpt>
      <trkpt lat="47.06851" lon="4.84549">
        <ele>280.0</ele>
      </trkpt>
      <trkpt lat="47.06835" lon="4.84538">
        <ele>280.0</ele>
      </trkpt>
      <trkpt lat="47.06818" lon="4.84528">
        <ele>280.0</ele>
      </trkpt>
      <trkpt lat="47.06813" lon="4.84525">
        <ele>280.2</ele>
      </trkpt>
      <trkpt lat="47.06808" lon="4.84522">
        <ele>280.1</ele>
      </trkpt>
      <trkpt lat="47.06797" lon="4.84514">
        <ele>279.9</ele>
      </trkpt>
      <trkpt lat="47.06776" lon="4.84496">
        <ele>280.1</ele>
      </trkpt>
      <trkpt lat="47.06764" lon="4.84486">
        <ele>280.0</ele>
      </trkpt>
      <trkpt lat="47.06753" lon="4.84474">
        <ele>280.8</ele>
      </trkpt>
      <trkpt lat="47.06739" lon="4.8446">
        <ele>281.5</ele>
      </trkpt>
      <trkpt lat="47.06731" lon="4.8445">
        <ele>282.1</ele>
      </trkpt>
      <trkpt lat="47.06719" lon="4.84435">
        <ele>282.4</ele>
      </trkpt>
      <trkpt lat="47.06708" lon="4.84421">
        <ele>283.3</ele>
      </trkpt>
      <trkpt lat="47.06703" lon="4.84416">
        <ele>283.3</ele>
      </trkpt>
      <trkpt lat="47.06697" lon="4.84409">
        <ele>283.6</ele>
      </trkpt>
      <trkpt lat="47.06689" lon="4.84403">
        <ele>283.6</ele>
      </trkpt>
      <trkpt lat="47.06675" lon="4.84392">
        <ele>283.6</ele>
      </trkpt>
      <trkpt lat="47.06665" lon="4.84383">
        <ele>283.3</ele>
      </trkpt>
      <trkpt lat="47.06633" lon="4.84354">
        <ele>283.1</ele>
      </trkpt>
      <trkpt lat="47.06623" lon="4.84347">
        <ele>282.8</ele>
      </trkpt>
      <trkpt lat="47.0662" lon="4.84345">
        <ele>282.6</ele>
      </trkpt>
      <trkpt lat="47.06615" lon="4.84343">
        <ele>282.3</ele>
      </trkpt>
      <trkpt lat="47.06607" lon="4.84339">
        <ele>282.0</ele>
      </trkpt>
      <trkpt lat="47.06599" lon="4.84336">
        <ele>281.8</ele>
      </trkpt>
      <trkpt lat="47.06594" lon="4.84333">
        <ele>281.4</ele>
      </trkpt>
      <trkpt lat="47.06583" lon="4.84327">
        <ele>281.0</ele>
      </trkpt>
      <trkpt lat="47.06576" lon="4.84323">
        <ele>280.7</ele>
      </trkpt>
      <trkpt lat="47.0657" lon="4.84321">
        <ele>280.2</ele>
      </trkpt>
      <trkpt lat="47.06566" lon="4.8432">
        <ele>279.5</ele>
      </trkpt>
      <trkpt lat="47.06549" lon="4.84317">
        <ele>278.7</ele>
      </trkpt>
      <trkpt lat="47.06527" lon="4.84314">
        <ele>278.0</ele>
      </trkpt>
      <trkpt lat="47.06519" lon="4.84314">
        <ele>277.0</ele>
      </trkpt>
      <trkpt lat="47.06511" lon="4.84314">
        <ele>276.4</ele>
      </trkpt>
      <trkpt lat="47.06505" lon="4.84313">
        <ele>275.9</ele>
      </trkpt>
      <trkpt lat="47.06501" lon="4.84312">
        <ele>275.6</ele>
      </trkpt>
      <trkpt lat="47.06497" lon="4.84311">
        <ele>275.2</ele>
      </trkpt>
      <trkpt lat="47.06491" lon="4.84309">
        <ele>275.0</ele>
      </trkpt>
      <trkpt lat="47.06486" lon="4.84305">
        <ele>274.8</ele>
      </trkpt>
      <trkpt lat="47.06482" lon="4.843">
        <ele>274.5</ele>
      </trkpt>
      <trkpt lat="47.06477" lon="4.84293">
        <ele>274.2</ele>
      </trkpt>
      <trkpt lat="47.0647" lon="4.84283">
        <ele>273.8</ele>
      </trkpt>
      <trkpt lat="47.06452" lon="4.84253">
        <ele>273.6</ele>
      </trkpt>
      <trkpt lat="47.06445" lon="4.84241">
        <ele>273.2</ele>
      </trkpt>
      <trkpt lat="47.06434" lon="4.84224">
        <ele>272.7</ele>
      </trkpt>
      <trkpt lat="47.06423" lon="4.84204">
        <ele>272.4</ele>
      </trkpt>
      <trkpt lat="47.0642" lon="4.84198">
        <ele>272.4</ele>
      </trkpt>
      <trkpt lat="47.06416" lon="4.84189">
        <ele>272.3</ele>
      </trkpt>
      <trkpt lat="47.06411" lon="4.84177">
        <ele>272.3</ele>
      </trkpt>
      <trkpt lat="47.06409" lon="4.84174">
        <ele>272.4</ele>
      </trkpt>
      <trkpt lat="47.06407" lon="4.84172">
        <ele>272.3</ele>
      </trkpt>
      <trkpt lat="47.06405" lon="4.84172">
        <ele>272.3</ele>
      </trkpt>
      <trkpt lat="47.06404" lon="4.84161">
        <ele>272.2</ele>
      </trkpt>
      <trkpt lat="47.06399" lon="4.84106">
        <ele>272.3</ele>
      </trkpt>
      <trkpt lat="47.06395" lon="4.84061">
        <ele>272.2</ele>
      </trkpt>
      <trkpt lat="47.06392" lon="4.84038">
        <ele>272.5</ele>
      </trkpt>
      <trkpt lat="47.06388" lon="4.84017">
        <ele>272.5</ele>
      </trkpt>
      <trkpt lat="47.06383" lon="4.83996">
        <ele>272.6</ele>
      </trkpt>
      <trkpt lat="47.06378" lon="4.83974">
        <ele>272.2</ele>
      </trkpt>
      <trkpt lat="47.06375" lon="4.83964">
        <ele>271.8</ele>
      </trkpt>
      <trkpt lat="47.06373" lon="4.83952">
        <ele>271.3</ele>
      </trkpt>
      <trkpt lat="47.06372" lon="4.8394">
        <ele>271.0</ele>
      </trkpt>
      <trkpt lat="47.06371" lon="4.83929">
        <ele>270.3</ele>
      </trkpt>
      <trkpt lat="47.06371" lon="4.8392">
        <ele>270.0</ele>
      </trkpt>
      <trkpt lat="47.06372" lon="4.83909">
        <ele>270.6</ele>
      </trkpt>
      <trkpt lat="47.06374" lon="4.83897">
        <ele>271.3</ele>
      </trkpt>
      <trkpt lat="47.06377" lon="4.83885">
        <ele>271.8</ele>
      </trkpt>
      <trkpt lat="47.06382" lon="4.83869">
        <ele>272.6</ele>
      </trkpt>
      <trkpt lat="47.06394" lon="4.83838">
        <ele>273.8</ele>
      </trkpt>
      <trkpt lat="47.06399" lon="4.83827">
        <ele>273.8</ele>
      </trkpt>
      <trkpt lat="47.0641" lon="4.83797">
        <ele>273.8</ele>
      </trkpt>
      <trkpt lat="47.06415" lon="4.83783">
        <ele>274.2</ele>
      </trkpt>
      <trkpt lat="47.06418" lon="4.83773">
        <ele>274.5</ele>
      </trkpt>
      <trkpt lat="47.06421" lon="4.83763">
        <ele>274.1</ele>
      </trkpt>
      <trkpt lat="47.06423" lon="4.8375">
        <ele>274.5</ele>
      </trkpt>
      <trkpt lat="47.06425" lon="4.83736">
        <ele>275.3</ele>
      </trkpt>
      <trkpt lat="47.0643" lon="4.83705">
        <ele>275.2</ele>
      </trkpt>
      <trkpt lat="47.06434" lon="4.83672">
        <ele>275.5</ele>
      </trkpt>
      <trkpt lat="47.0644" lon="4.83609">
        <ele>275.9</ele>
      </trkpt>
      <trkpt lat="47.06443" lon="4.83577">
        <ele>275.4</ele>
      </trkpt>
      <trkpt lat="47.06445" lon="4.83545">
        <ele>274.5</ele>
      </trkpt>
      <trkpt lat="47.0645" lon="4.83482">
        <ele>273.9</ele>
      </trkpt>
      <trkpt lat="47.06451" lon="4.83467">
        <ele>273.0</ele>
      </trkpt>
      <trkpt lat="47.06451" lon="4.83449">
        <ele>272.5</ele>
      </trkpt>
      <trkpt lat="47.0645" lon="4.83433">
        <ele>272.6</ele>
      </trkpt>
      <trkpt lat="47.0645" lon="4.83423">
        <ele>272.2</ele>
      </trkpt>
      <trkpt lat="47.06451" lon="4.83413">
        <ele>272.2</ele>
      </trkpt>
      <trkpt lat="47.06452" lon="4.83404">
        <ele>272.3</ele>
      </trkpt>
      <trkpt lat="47.06454" lon="4.83392">
        <ele>272.0</ele>
      </trkpt>
      <trkpt lat="47.06457" lon="4.83372">
        <ele>272.2</ele>
      </trkpt>
      <trkpt lat="47.06458" lon="4.83358">
        <ele>272.5</ele>
      </trkpt>
      <trkpt lat="47.0646" lon="4.83345">
        <ele>273.0</ele>
      </trkpt>
      <trkpt lat="47.06461" lon="4.8332">
        <ele>273.1</ele>
      </trkpt>
      <trkpt lat="47.06463" lon="4.83298">
        <ele>273.6</ele>
      </trkpt>
      <trkpt lat="47.06461" lon="4.83272">
        <ele>273.7</ele>
      </trkpt>
      <trkpt lat="47.06462" lon="4.83257">
        <ele>273.6</ele>
      </trkpt>
      <trkpt lat="47.06463" lon="4.83245">
        <ele>273.5</ele>
      </trkpt>
      <trkpt lat="47.06465" lon="4.8323">
        <ele>273.2</ele>
      </trkpt>
      <trkpt lat="47.06468" lon="4.83211">
        <ele>273.0</ele>
      </trkpt>
      <trkpt lat="47.06469" lon="4.83199">
        <ele>272.8</ele>
      </trkpt>
      <trkpt lat="47.06469" lon="4.83184">
        <ele>273.0</ele>
      </trkpt>
      <trkpt lat="47.06467" lon="4.83171">
        <ele>272.7</ele>
      </trkpt>
      <trkpt lat="47.06461" lon="4.83142">
        <ele>272.7</ele>
      </trkpt>
      <trkpt lat="47.06457" lon="4.83121">
        <ele>272.7</ele>
      </trkpt>
      <trkpt lat="47.06454" lon="4.83099">
        <ele>272.4</ele>
      </trkpt>
      <trkpt lat="47.06454" lon="4.83085">
        <ele>272.3</ele>
      </trkpt>
      <trkpt lat="47.06454" lon="4.83071">
        <ele>273.5</ele>
      </trkpt>
      <trkpt lat="47.06456" lon="4.83059">
        <ele>274.2</ele>
      </trkpt>
      <trkpt lat="47.0646" lon="4.83039">
        <ele>275.1</ele>
      </trkpt>
      <trkpt lat="47.06462" lon="4.83024">
        <ele>276.2</ele>
      </trkpt>
      <trkpt lat="47.06465" lon="4.82981">
        <ele>277.6</ele>
      </trkpt>
      <trkpt lat="47.06472" lon="4.82946">
        <ele>278.3</ele>
      </trkpt>
      <trkpt lat="47.06474" lon="4.82931">
        <ele>279.1</ele>
      </trkpt>
      <trkpt lat="47.06475" lon="4.82917">
        <ele>280.2</ele>
      </trkpt>
      <trkpt lat="47.06475" lon="4.82899">
        <ele>281.0</ele>
      </trkpt>
      <trkpt lat="47.06478" lon="4.82827">
        <ele>280.9</ele>
      </trkpt>
      <trkpt lat="47.06479" lon="4.82752">
        <ele>280.2</ele>
      </trkpt>
      <trkpt lat="47.06484" lon="4.82687">
        <ele>282.0</ele>
      </trkpt>
      <trkpt lat="47.06486" lon="4.82612">
        <ele>281.4</ele>
      </trkpt>
      <trkpt lat="47.06487" lon="4.82578">
        <ele>281.2</ele>
      </trkpt>
      <trkpt lat="47.06486" lon="4.82555">
        <ele>281.7</ele>
      </trkpt>
      <trkpt lat="47.06485" lon="4.82544">
        <ele>282.0</ele>
      </trkpt>
      <trkpt lat="47.06484" lon="4.82535">
        <ele>280.7</ele>
      </trkpt>
      <trkpt lat="47.06478" lon="4.82511">
        <ele>281.1</ele>
      </trkpt>
      <trkpt lat="47.06472" lon="4.82489">
        <ele>280.2</ele>
      </trkpt>
      <trkpt lat="47.06465" lon="4.82451">
        <ele>278.6</ele>
      </trkpt>
      <trkpt lat="47.0645" lon="4.82369">
        <ele>277.8</ele>
      </trkpt>
      <trkpt lat="47.06446" lon="4.82354">
        <ele>275.5</ele>
      </trkpt>
      <trkpt lat="47.06442" lon="4.82338">
        <ele>273.0</ele>
      </trkpt>
      <trkpt lat="47.06374" lon="4.82131">
        <ele>271.6</ele>
      </trkpt>
      <trkpt lat="47.06371" lon="4.8211">
        <ele>270.7</ele>
      </trkpt>
      <trkpt lat="47.06371" lon="4.821">
        <ele>269.6</ele>
      </trkpt>
      <trkpt lat="47.06371" lon="4.8209">
        <ele>269.5</ele>
      </trkpt>
      <trkpt lat="47.06372" lon="4.82083">
        <ele>269.7</ele>
      </trkpt>
      <trkpt lat="47.06371" lon="4.82077">
        <ele>269.5</ele>
      </trkpt>
      <trkpt lat="47.06368" lon="4.82071">
        <ele>269.3</ele>
      </trkpt>
      <trkpt lat="47.06339" lon="4.82044">
        <ele>268.4</ele>
      </trkpt>
      <trkpt lat="47.0632" lon="4.82033">
        <ele>267.6</ele>
      </trkpt>
      <trkpt lat="47.06288" lon="4.82011">
        <ele>266.5</ele>
      </trkpt>
      <trkpt lat="47.06291" lon="4.81999">
        <ele>265.8</ele>
      </trkpt>
      <trkpt lat="47.0629" lon="4.81976">
        <ele>265.1</ele>
      </trkpt>
      <trkpt lat="47.06284" lon="4.81973">
        <ele>265.5</ele>
      </trkpt>
      <trkpt lat="47.0629" lon="4.81884">
        <ele>265.4</ele>
      </trkpt>
      <trkpt lat="47.06292" lon="4.8188">
        <ele>265.4</ele>
      </trkpt>
      <trkpt lat="47.06289" lon="4.81874">
        <ele>265.3</ele>
      </trkpt>
      <trkpt lat="47.06262" lon="4.8187">
        <ele>265.3</ele>
      </trkpt>
      <trkpt lat="47.06256" lon="4.8187">
        <ele>264.5</ele>
      </trkpt>
      <trkpt lat="47.06245" lon="4.81877">
        <ele>263.9</ele>
      </trkpt>
      <trkpt lat="47.06236" lon="4.81884">
        <ele>264.1</ele>
      </trkpt>
      <trkpt lat="47.06225" lon="4.81893">
        <ele>263.6</ele>
      </trkpt>
      <trkpt lat="47.06213" lon="4.81909">
        <ele>262.9</ele>
      </trkpt>
      <trkpt lat="47.06196" lon="4.81959">
        <ele>262.8</ele>
      </trkpt>
      <trkpt lat="47.06184" lon="4.82018">
        <ele>262.8</ele>
      </trkpt>
      <trkpt lat="47.06169" lon="4.82085">
        <ele>262.1</ele>
      </trkpt>
      <trkpt lat="47.0616" lon="4.82113">
        <ele>261.7</ele>
      </trkpt>
      <trkpt lat="47.06153" lon="4.82138">
        <ele>261.2</ele>
      </trkpt>
      <trkpt lat="47.06141" lon="4.82187">
        <ele>260.6</ele>
      </trkpt>
      <trkpt lat="47.06086" lon="4.82168">
        <ele>259.8</ele>
      </trkpt>
      <trkpt lat="47.06078" lon="4.82165">
        <ele>259.2</ele>
      </trkpt>
      <trkpt lat="47.06073" lon="4.82164">
        <ele>259.1</ele>
      </trkpt>
      <trkpt lat="47.06071" lon="4.82168">
        <ele>259.3</ele>
      </trkpt>
      <trkpt lat="47.06013" lon="4.82349">
        <ele>259.4</ele>
      </trkpt>
      <trkpt lat="47.05972" lon="4.82331">
        <ele>259.6</ele>
      </trkpt>
      <trkpt lat="47.05968" lon="4.8233">
        <ele>262.1</ele>
      </trkpt>
      <trkpt lat="47.05966" lon="4.82333">
        <ele>263.4</ele>
      </trkpt>
      <trkpt lat="47.05952" lon="4.82362">
        <ele>265.2</ele>
      </trkpt>
      <trkpt lat="47.05938" lon="4.82388">
        <ele>267.5</ele>
      </trkpt>
      <trkpt lat="47.05908" lon="4.82441">
        <ele>270.6</ele>
      </trkpt>
      <trkpt lat="47.05886" lon="4.82476">
        <ele>271.6</ele>
      </trkpt>
      <trkpt lat="47.05865" lon="4.8251">
        <ele>271.6</ele>
      </trkpt>
      <trkpt lat="47.0586" lon="4.8252">
        <ele>271.2</ele>
      </trkpt>
      <trkpt lat="47.05855" lon="4.82532">
        <ele>270.7</ele>
      </trkpt>
      <trkpt lat="47.05804" lon="4.82699">
        <ele>269.8</ele>
      </trkpt>
      <trkpt lat="47.05799" lon="4.82714">
        <ele>269.1</ele>
      </trkpt>
      <trkpt lat="47.05794" lon="4.8273">
        <ele>270.6</ele>
      </trkpt>
      <trkpt lat="47.05783" lon="4.82758">
        <ele>270.3</ele>
      </trkpt>
      <trkpt lat="47.05778" lon="4.82771">
        <ele>269.8</ele>
      </trkpt>
      <trkpt lat="47.05772" lon="4.82782">
        <ele>271.4</ele>
      </trkpt>
      <trkpt lat="47.05765" lon="4.82796">
        <ele>270.0</ele>
      </trkpt>
      <trkpt lat="47.05754" lon="4.82813">
        <ele>268.5</ele>
      </trkpt>
      <trkpt lat="47.05741" lon="4.82836">
        <ele>271.5</ele>
      </trkpt>
      <trkpt lat="47.05719" lon="4.82869">
        <ele>271.3</ele>
      </trkpt>
      <trkpt lat="47.057" lon="4.82897">
        <ele>271.9</ele>
      </trkpt>
      <trkpt lat="47.0569" lon="4.82911">
        <ele>273.4</ele>
      </trkpt>
      <trkpt lat="47.0568" lon="4.82925">
        <ele>274.0</ele>
      </trkpt>
      <trkpt lat="47.05661" lon="4.82946">
        <ele>271.7</ele>
      </trkpt>
      <trkpt lat="47.05651" lon="4.82955">
        <ele>272.1</ele>
      </trkpt>
      <trkpt lat="47.05643" lon="4.82963">
        <ele>269.0</ele>
      </trkpt>
      <trkpt lat="47.05635" lon="4.82969">
        <ele>269.2</ele>
      </trkpt>
      <trkpt lat="47.05628" lon="4.82976">
        <ele>267.7</ele>
      </trkpt>
      <trkpt lat="47.0562" lon="4.82982">
        <ele>265.9</ele>
      </trkpt>
      <trkpt lat="47.05606" lon="4.82992">
        <ele>265.9</ele>
      </trkpt>
      <trkpt lat="47.05599" lon="4.82998">
        <ele>265.9</ele>
      </trkpt>
      <trkpt lat="47.0559" lon="4.83006">
        <ele>263.6</ele>
      </trkpt>
      <trkpt lat="47.05585" lon="4.83013">
        <ele>263.7</ele>
      </trkpt>
      <trkpt lat="47.05562" lon="4.83039">
        <ele>263.9</ele>
      </trkpt>
      <trkpt lat="47.0553" lon="4.83076">
        <ele>263.8</ele>
      </trkpt>
      <trkpt lat="47.05522" lon="4.83087">
        <ele>263.7</ele>
      </trkpt>
      <trkpt lat="47.05507" lon="4.83107">
        <ele>263.3</ele>
      </trkpt>
      <trkpt lat="47.05503" lon="4.83112">
        <ele>263.6</ele>
      </trkpt>
      <trkpt lat="47.05496" lon="4.83119">
        <ele>264.0</ele>
      </trkpt>
      <trkpt lat="47.0548" lon="4.83132">
        <ele>263.9</ele>
      </trkpt>
      <trkpt lat="47.05472" lon="4.83138">
        <ele>263.8</ele>
      </trkpt>
      <trkpt lat="47.05457" lon="4.83146">
        <ele>265.0</ele>
      </trkpt>
      <trkpt lat="47.05448" lon="4.83149">
        <ele>264.8</ele>
      </trkpt>
      <trkpt lat="47.05428" lon="4.83157">
        <ele>264.1</ele>
      </trkpt>
      <trkpt lat="47.05419" lon="4.83162">
        <ele>263.6</ele>
      </trkpt>
      <trkpt lat="47.05405" lon="4.83169">
        <ele>262.7</ele>
      </trkpt>
      <trkpt lat="47.05391" lon="4.83177">
        <ele>262.1</ele>
      </trkpt>
      <trkpt lat="47.05379" lon="4.83183">
        <ele>262.2</ele>
      </trkpt>
      <trkpt lat="47.0536" lon="4.83191">
        <ele>263.5</ele>
      </trkpt>
      <trkpt lat="47.05354" lon="4.83193">
        <ele>264.0</ele>
      </trkpt>
      <trkpt lat="47.05343" lon="4.83195">
        <ele>264.7</ele>
      </trkpt>
      <trkpt lat="47.05336" lon="4.83196">
        <ele>264.2</ele>
      </trkpt>
      <trkpt lat="47.0533" lon="4.83199">
        <ele>263.9</ele>
      </trkpt>
      <trkpt lat="47.05304" lon="4.83215">
        <ele>262.7</ele>
      </trkpt>
      <trkpt lat="47.05298" lon="4.83218">
        <ele>262.3</ele>
      </trkpt>
      <trkpt lat="47.05293" lon="4.83219">
        <ele>261.9</ele>
      </trkpt>
      <trkpt lat="47.05288" lon="4.8322">
        <ele>262.0</ele>
      </trkpt>
      <trkpt lat="47.05274" lon="4.83221">
        <ele>262.1</ele>
      </trkpt>
      <trkpt lat="47.05269" lon="4.83222">
        <ele>262.8</ele>
      </trkpt>
      <trkpt lat="47.05264" lon="4.83223">
        <ele>263.0</ele>
      </trkpt>
      <trkpt lat="47.05259" lon="4.83226">
        <ele>263.2</ele>
      </trkpt>
      <trkpt lat="47.05253" lon="4.8323">
        <ele>263.4</ele>
      </trkpt>
      <trkpt lat="47.05242" lon="4.8324">
        <ele>263.6</ele>
      </trkpt>
      <trkpt lat="47.05235" lon="4.83244">
        <ele>262.9</ele>
      </trkpt>
      <trkpt lat="47.05228" lon="4.83248">
        <ele>263.0</ele>
      </trkpt>
      <trkpt lat="47.05217" lon="4.83253">
        <ele>263.0</ele>
      </trkpt>
      <trkpt lat="47.05206" lon="4.83256">
        <ele>263.3</ele>
      </trkpt>
      <trkpt lat="47.05195" lon="4.8326">
        <ele>262.9</ele>
      </trkpt>
      <trkpt lat="47.05169" lon="4.83272">
        <ele>262.2</ele>
      </trkpt>
      <trkpt lat="47.05131" lon="4.83289">
        <ele>259.2</ele>
      </trkpt>
      <trkpt lat="47.05061" lon="4.83326">
        <ele>256.4</ele>
      </trkpt>
      <trkpt lat="47.04896" lon="4.83412">
        <ele>253.2</ele>
      </trkpt>
      <trkpt lat="47.04846" lon="4.83386">
        <ele>251.0</ele>
      </trkpt>
      <trkpt lat="47.04835" lon="4.8338">
        <ele>249.6</ele>
      </trkpt>
      <trkpt lat="47.04825" lon="4.83373">
        <ele>249.7</ele>
      </trkpt>
      <trkpt lat="47.04813" lon="4.83364">
        <ele>249.8</ele>
      </trkpt>
      <trkpt lat="47.04784" lon="4.83342">
        <ele>250.0</ele>
      </trkpt>
      <trkpt lat="47.04781" lon="4.83341">
        <ele>250.1</ele>
      </trkpt>
      <trkpt lat="47.04779" lon="4.83341">
        <ele>249.9</ele>
      </trkpt>
      <trkpt lat="47.04777" lon="4.83341">
        <ele>249.6</ele>
      </trkpt>
      <trkpt lat="47.04775" lon="4.83342">
        <ele>249.3</ele>
      </trkpt>
      <trkpt lat="47.04773" lon="4.83344">
        <ele>248.9</ele>
      </trkpt>
      <trkpt lat="47.04765" lon="4.83358">
        <ele>248.6</ele>
      </trkpt>
      <trkpt lat="47.04758" lon="4.8337">
        <ele>248.3</ele>
      </trkpt>
      <trkpt lat="47.04751" lon="4.83383">
        <ele>247.1</ele>
      </trkpt>
      <trkpt lat="47.04742" lon="4.83404">
        <ele>245.9</ele>
      </trkpt>
      <trkpt lat="47.04707" lon="4.83486">
        <ele>244.6</ele>
      </trkpt>
      <trkpt lat="47.04682" lon="4.83545">
        <ele>243.2</ele>
      </trkpt>
      <trkpt lat="47.04665" lon="4.83586">
        <ele>241.7</ele>
      </trkpt>
      <trkpt lat="47.04648" lon="4.83627">
        <ele>241.0</ele>
      </trkpt>
      <trkpt lat="47.0464" lon="4.83648">
        <ele>240.1</ele>
      </trkpt>
      <trkpt lat="47.04629" lon="4.83673">
        <ele>239.4</ele>
      </trkpt>
      <trkpt lat="47.04598" lon="4.83747">
        <ele>238.8</ele>
      </trkpt>
      <trkpt lat="47.04582" lon="4.83787">
        <ele>238.3</ele>
      </trkpt>
      <trkpt lat="47.04573" lon="4.83812">
        <ele>238.6</ele>
      </trkpt>
      <trkpt lat="47.04559" lon="4.83855">
        <ele>239.3</ele>
      </trkpt>
      <trkpt lat="47.04547" lon="4.8389">
        <ele>240.0</ele>
      </trkpt>
      <trkpt lat="47.04543" lon="4.83905">
        <ele>240.6</ele>
      </trkpt>
      <trkpt lat="47.04536" lon="4.83928">
        <ele>241.3</ele>
      </trkpt>
      <trkpt lat="47.04533" lon="4.83939">
        <ele>241.2</ele>
      </trkpt>
      <trkpt lat="47.04532" lon="4.83944">
        <ele>240.9</ele>
      </trkpt>
      <trkpt lat="47.04531" lon="4.83949">
        <ele>240.5</ele>
      </trkpt>
      <trkpt lat="47.0453" lon="4.83953">
        <ele>239.6</ele>
      </trkpt>
      <trkpt lat="47.04509" lon="4.83954">
        <ele>239.2</ele>
      </trkpt>
      <trkpt lat="47.04461" lon="4.83955">
        <ele>238.4</ele>
      </trkpt>
      <trkpt lat="47.04398" lon="4.83955">
        <ele>237.3</ele>
      </trkpt>
      <trkpt lat="47.04367" lon="4.83955">
        <ele>236.7</ele>
      </trkpt>
      <trkpt lat="47.04351" lon="4.83956">
        <ele>236.4</ele>
      </trkpt>
      <trkpt lat="47.04335" lon="4.83958">
        <ele>235.9</ele>
      </trkpt>
      <trkpt lat="47.04321" lon="4.8396">
        <ele>235.4</ele>
      </trkpt>
      <trkpt lat="47.04307" lon="4.83963">
        <ele>235.1</ele>
      </trkpt>
      <trkpt lat="47.04292" lon="4.83966">
        <ele>234.6</ele>
      </trkpt>
      <trkpt lat="47.04277" lon="4.8397">
        <ele>234.4</ele>
      </trkpt>
      <trkpt lat="47.04247" lon="4.83977">
        <ele>234.0</ele>
      </trkpt>
      <trkpt lat="47.0422" lon="4.83981">
        <ele>233.9</ele>
      </trkpt>
      <trkpt lat="47.04218" lon="4.83981">
        <ele>233.7</ele>
      </trkpt>
      <trkpt lat="47.04213" lon="4.83983">
        <ele>233.7</ele>
      </trkpt>
      <trkpt lat="47.04207" lon="4.83985">
        <ele>233.6</ele>
      </trkpt>
      <trkpt lat="47.04203" lon="4.83986">
        <ele>233.6</ele>
      </trkpt>
      <trkpt lat="47.04203" lon="4.83982">
        <ele>233.8</ele>
      </trkpt>
      <trkpt lat="47.04203" lon="4.83975">
        <ele>234.3</ele>
      </trkpt>
      <trkpt lat="47.04276" lon="4.8395">
        <ele>234.8</ele>
      </trkpt>
      <trkpt lat="47.04295" lon="4.83941">
        <ele>235.2</ele>
      </trkpt>
      <trkpt lat="47.04304" lon="4.83937">
        <ele>235.6</ele>
      </trkpt>
      <trkpt lat="47.0431" lon="4.83936">
        <ele>236.1</ele>
      </trkpt>
      <trkpt lat="47.04317" lon="4.83934">
        <ele>236.3</ele>
      </trkpt>
      <trkpt lat="47.04327" lon="4.83933">
        <ele>236.6</ele>
      </trkpt>
      <trkpt lat="47.0434" lon="4.83932">
        <ele>237.0</ele>
      </trkpt>
      <trkpt lat="47.04346" lon="4.8393">
        <ele>237.5</ele>
      </trkpt>
      <trkpt lat="47.04351" lon="4.83928">
        <ele>237.6</ele>
      </trkpt>
      <trkpt lat="47.04355" lon="4.83922">
        <ele>237.5</ele>
      </trkpt>
      <trkpt lat="47.04358" lon="4.83914">
        <ele>237.4</ele>
      </trkpt>
      <trkpt lat="47.04362" lon="4.83887">
        <ele>237.2</ele>
      </trkpt>
      <trkpt lat="47.04364" lon="4.83875">
        <ele>236.8</ele>
      </trkpt>
      <trkpt lat="47.0436" lon="4.83873">
        <ele>236.3</ele>
      </trkpt>
      <trkpt lat="47.04353" lon="4.83868">
        <ele>236.0</ele>
      </trkpt>
      <trkpt lat="47.04344" lon="4.83865">
        <ele>235.6</ele>
      </trkpt>
      <trkpt lat="47.04301" lon="4.8385">
        <ele>235.2</ele>
      </trkpt>
      <trkpt lat="47.04247" lon="4.83833">
        <ele>234.8</ele>
      </trkpt>
      <trkpt lat="47.04242" lon="4.83832">
        <ele>234.5</ele>
      </trkpt>
      <trkpt lat="47.04232" lon="4.83829">
        <ele>234.4</ele>
      </trkpt>
      <trkpt lat="47.0422" lon="4.83826">
        <ele>234.3</ele>
      </trkpt>
      <trkpt lat="47.04194" lon="4.83823">
        <ele>234.2</ele>
      </trkpt>
      <trkpt lat="47.04194" lon="4.83817">
        <ele>234.1</ele>
      </trkpt>
      <trkpt lat="47.04195" lon="4.83807">
        <ele>234.7</ele>
      </trkpt>
      <trkpt lat="47.04201" lon="4.83698">
        <ele>234.9</ele>
      </trkpt>
      <trkpt lat="47.04205" lon="4.83622">
        <ele>235.2</ele>
      </trkpt>
      <trkpt lat="47.04206" lon="4.83614">
        <ele>235.6</ele>
      </trkpt>
      <trkpt lat="47.04207" lon="4.83607">
        <ele>235.7</ele>
      </trkpt>
      <trkpt lat="47.0422" lon="4.83559">
        <ele>235.0</ele>
      </trkpt>
      <trkpt lat="47.04227" lon="4.83538">
        <ele>234.4</ele>
      </trkpt>
      <trkpt lat="47.04231" lon="4.83525">
        <ele>233.8</ele>
      </trkpt>
      <trkpt lat="47.04235" lon="4.83513">
        <ele>233.2</ele>
      </trkpt>
      <trkpt lat="47.04242" lon="4.83498">
        <ele>233.0</ele>
      </trkpt>
      <trkpt lat="47.04245" lon="4.83489">
        <ele>233.0</ele>
      </trkpt>
      <trkpt lat="47.04246" lon="4.83481">
        <ele>232.9</ele>
      </trkpt>
      <trkpt lat="47.04261" lon="4.83371">
        <ele>232.7</ele>
      </trkpt>
      <trkpt lat="47.04268" lon="4.83315">
        <ele>232.3</ele>
      </trkpt>
      <trkpt lat="47.04277" lon="4.83249">
        <ele>231.9</ele>
      </trkpt>
      <trkpt lat="47.04296" lon="4.83103">
        <ele>231.5</ele>
      </trkpt>
      <trkpt lat="47.04297" lon="4.83094">
        <ele>231.2</ele>
      </trkpt>
      <trkpt lat="47.04297" lon="4.8309">
        <ele>231.0</ele>
      </trkpt>
      <trkpt lat="47.04297" lon="4.83085">
        <ele>231.1</ele>
      </trkpt>
      <trkpt lat="47.04295" lon="4.8308">
        <ele>230.9</ele>
      </trkpt>
      <trkpt lat="47.04292" lon="4.83076">
        <ele>230.7</ele>
      </trkpt>
      <trkpt lat="47.04289" lon="4.83074">
        <ele>230.7</ele>
      </trkpt>
      <trkpt lat="47.04284" lon="4.83074">
        <ele>230.7</ele>
      </trkpt>
      <trkpt lat="47.04274" lon="4.83075">
        <ele>230.5</ele>
      </trkpt>
      <trkpt lat="47.04264" lon="4.83076">
        <ele>230.4</ele>
      </trkpt>
      <trkpt lat="47.04243" lon="4.83082">
        <ele>230.2</ele>
      </trkpt>
      <trkpt lat="47.04236" lon="4.83083">
        <ele>229.9</ele>
      </trkpt>
      <trkpt lat="47.04232" lon="4.83082">
        <ele>229.6</ele>
      </trkpt>
      <trkpt lat="47.04229" lon="4.8308">
        <ele>229.4</ele>
      </trkpt>
      <trkpt lat="47.04224" lon="4.83075">
        <ele>229.4</ele>
      </trkpt>
      <trkpt lat="47.04222" lon="4.83072">
        <ele>229.4</ele>
      </trkpt>
      <trkpt lat="47.04218" lon="4.83071">
        <ele>229.4</ele>
      </trkpt>
      <trkpt lat="47.04215" lon="4.83071">
        <ele>229.3</ele>
      </trkpt>
      <trkpt lat="47.04131" lon="4.83095">
        <ele>229.2</ele>
      </trkpt>
      <trkpt lat="47.04123" lon="4.83097">
        <ele>229.1</ele>
      </trkpt>
      <trkpt lat="47.04114" lon="4.83098">
        <ele>229.0</ele>
      </trkpt>
      <trkpt lat="47.04091" lon="4.83099">
        <ele>229.1</ele>
      </trkpt>
      <trkpt lat="47.04065" lon="4.83099">
        <ele>228.9</ele>
      </trkpt>
      <trkpt lat="47.04014" lon="4.83098">
        <ele>228.7</ele>
      </trkpt>
      <trkpt lat="47.0398" lon="4.83097">
        <ele>228.4</ele>
      </trkpt>
      <trkpt lat="47.03939" lon="4.83096">
        <ele>228.2</ele>
      </trkpt>
      <trkpt lat="47.03835" lon="4.83077">
        <ele>227.8</ele>
      </trkpt>
      <trkpt lat="47.03767" lon="4.83058">
        <ele>226.9</ele>
      </trkpt>
      <trkpt lat="47.03766" lon="4.83061">
        <ele>226.9</ele>
      </trkpt>
      <trkpt lat="47.03763" lon="4.83066">
        <ele>226.8</ele>
      </trkpt>
      <trkpt lat="47.03761" lon="4.8307">
        <ele>226.8</ele>
      </trkpt>
      <trkpt lat="47.03679" lon="4.83044">
        <ele>225.8</ele>
      </trkpt>
      <trkpt lat="47.03617" lon="4.8303">
        <ele>225.8</ele>
      </trkpt>
      <trkpt lat="47.03602" lon="4.83035">
        <ele>225.8</ele>
      </trkpt>
      <trkpt lat="47.03594" lon="4.83036">
        <ele>225.6</ele>
      </trkpt>
      <trkpt lat="47.03598" lon="4.83021">
        <ele>225.5</ele>
      </trkpt>
      <trkpt lat="47.03605" lon="4.82995">
        <ele>225.2</ele>
      </trkpt>
      <trkpt lat="47.03614" lon="4.82969">
        <ele>225.1</ele>
      </trkpt>
      <trkpt lat="47.03621" lon="4.82953">
        <ele>224.9</ele>
      </trkpt>
      <trkpt lat="47.03629" lon="4.82936">
        <ele>225.0</ele>
      </trkpt>
      <trkpt lat="47.03648" lon="4.82903">
        <ele>225.4</ele>
      </trkpt>
      <trkpt lat="47.03688" lon="4.82837">
        <ele>225.9</ele>
      </trkpt>
      <trkpt lat="47.0372" lon="4.82789">
        <ele>226.3</ele>
      </trkpt>
      <trkpt lat="47.03718" lon="4.82785">
        <ele>226.9</ele>
      </trkpt>
      <trkpt lat="47.03713" lon="4.82777">
        <ele>227.2</ele>
      </trkpt>
      <trkpt lat="47.037" lon="4.82772">
        <ele>227.1</ele>
      </trkpt>
      <trkpt lat="47.03676" lon="4.82765">
        <ele>226.9</ele>
      </trkpt>
      <trkpt lat="47.03642" lon="4.8276">
        <ele>226.6</ele>
      </trkpt>
      <trkpt lat="47.03613" lon="4.82767">
        <ele>226.3</ele>
      </trkpt>
      <trkpt lat="47.03591" lon="4.82758">
        <ele>225.7</ele>
      </trkpt>
      <trkpt lat="47.03534" lon="4.82776">
        <ele>225.4</ele>
      </trkpt>
      <trkpt lat="47.03493" lon="4.82765">
        <ele>225.1</ele>
      </trkpt>
      <trkpt lat="47.03419" lon="4.82748">
        <ele>224.7</ele>
      </trkpt>
      <trkpt lat="47.03381" lon="4.82749">
        <ele>224.3</ele>
      </trkpt>
      <trkpt lat="47.0334" lon="4.8275">
        <ele>224.0</ele>
      </trkpt>
      <trkpt lat="47.03315" lon="4.82753">
        <ele>224.1</ele>
      </trkpt>
      <trkpt lat="47.03263" lon="4.82742">
        <ele>224.2</ele>
      </trkpt>
      <trkpt lat="47.03243" lon="4.82737">
        <ele>224.6</ele>
      </trkpt>
      <trkpt lat="47.03229" lon="4.82749">
        <ele>224.9</ele>
      </trkpt>
      <trkpt lat="47.03208" lon="4.82776">
        <ele>225.3</ele>
      </trkpt>
      <trkpt lat="47.03202" lon="4.82781">
        <ele>224.9</ele>
      </trkpt>
      <trkpt lat="47.03168" lon="4.82745">
        <ele>224.6</ele>
      </trkpt>
      <trkpt lat="47.03163" lon="4.8273">
        <ele>224.0</ele>
      </trkpt>
      <trkpt lat="47.03165" lon="4.82678">
        <ele>223.6</ele>
      </trkpt>
      <trkpt lat="47.03164" lon="4.82671">
        <ele>223.3</ele>
      </trkpt>
      <trkpt lat="47.03164" lon="4.82667">
        <ele>223.5</ele>
      </trkpt>
      <trkpt lat="47.03163" lon="4.8266">
        <ele>223.6</ele>
      </trkpt>
      <trkpt lat="47.03162" lon="4.82656">
        <ele>223.6</ele>
      </trkpt>
      <trkpt lat="47.03161" lon="4.82652">
        <ele>223.6</ele>
      </trkpt>
      <trkpt lat="47.03158" lon="4.8265">
        <ele>223.5</ele>
      </trkpt>
      <trkpt lat="47.03156" lon="4.82648">
        <ele>223.7</ele>
      </trkpt>
      <trkpt lat="47.03153" lon="4.82647">
        <ele>223.8</ele>
      </trkpt>
      <trkpt lat="47.03151" lon="4.82647">
        <ele>223.8</ele>
      </trkpt>
      <trkpt lat="47.03142" lon="4.82647">
        <ele>224.1</ele>
      </trkpt>
      <trkpt lat="47.03128" lon="4.82648">
        <ele>224.4</ele>
      </trkpt>
      <trkpt lat="47.03117" lon="4.8265">
        <ele>224.5</ele>
      </trkpt>
      <trkpt lat="47.03109" lon="4.82651">
        <ele>224.3</ele>
      </trkpt>
      <trkpt lat="47.03095" lon="4.82655">
        <ele>223.9</ele>
      </trkpt>
      <trkpt lat="47.03089" lon="4.82656">
        <ele>223.6</ele>
      </trkpt>
      <trkpt lat="47.03074" lon="4.82658">
        <ele>223.3</ele>
      </trkpt>
      <trkpt lat="47.03056" lon="4.82659">
        <ele>222.6</ele>
      </trkpt>
      <trkpt lat="47.03056" lon="4.82658">
        <ele>222.8</ele>
      </trkpt>
      <trkpt lat="47.03045" lon="4.82658">
        <ele>223.4</ele>
      </trkpt>
      <trkpt lat="47.03037" lon="4.82656">
        <ele>223.7</ele>
      </trkpt>
      <trkpt lat="47.03024" lon="4.82654">
        <ele>223.9</ele>
      </trkpt>
      <trkpt lat="47.03002" lon="4.8265">
        <ele>224.4</ele>
      </trkpt>
      <trkpt lat="47.02996" lon="4.82649">
        <ele>224.5</ele>
      </trkpt>
      <trkpt lat="47.02992" lon="4.82649">
        <ele>224.6</ele>
      </trkpt>
      <trkpt lat="47.02989" lon="4.8265">
        <ele>224.6</ele>
      </trkpt>
      <trkpt lat="47.02986" lon="4.82651">
        <ele>224.7</ele>
      </trkpt>
      <trkpt lat="47.02984" lon="4.82653">
        <ele>224.6</ele>
      </trkpt>
      <trkpt lat="47.02981" lon="4.82655">
        <ele>224.5</ele>
      </trkpt>
      <trkpt lat="47.02978" lon="4.82658">
        <ele>224.2</ele>
      </trkpt>
      <trkpt lat="47.02977" lon="4.82662">
        <ele>223.9</ele>
      </trkpt>
      <trkpt lat="47.02975" lon="4.82667">
        <ele>223.6</ele>
      </trkpt>
      <trkpt lat="47.02969" lon="4.82678">
        <ele>223.6</ele>
      </trkpt>
      <trkpt lat="47.02964" lon="4.82683">
        <ele>223.3</ele>
      </trkpt>
      <trkpt lat="47.02951" lon="4.82691">
        <ele>224.4</ele>
      </trkpt>
      <trkpt lat="47.02938" lon="4.82701">
        <ele>225.3</ele>
      </trkpt>
      <trkpt lat="47.02913" lon="4.82735">
        <ele>225.7</ele>
      </trkpt>
      <trkpt lat="47.02901" lon="4.82744">
        <ele>225.6</ele>
      </trkpt>
      <trkpt lat="47.02883" lon="4.82765">
        <ele>225.7</ele>
      </trkpt>
      <trkpt lat="47.0288" lon="4.82784">
        <ele>223.8</ele>
      </trkpt>
      <trkpt lat="47.02839" lon="4.82848">
        <ele>222.1</ele>
      </trkpt>
      <trkpt lat="47.02831" lon="4.82879">
        <ele>222.0</ele>
      </trkpt>
      <trkpt lat="47.02826" lon="4.829">
        <ele>221.7</ele>
      </trkpt>
      <trkpt lat="47.02816" lon="4.829">
        <ele>220.7</ele>
      </trkpt>
      <trkpt lat="47.02804" lon="4.829">
        <ele>220.1</ele>
      </trkpt>
      <trkpt lat="47.02761" lon="4.82912">
        <ele>220.0</ele>
      </trkpt>
      <trkpt lat="47.02738" lon="4.82916">
        <ele>219.4</ele>
      </trkpt>
      <trkpt lat="47.02706" lon="4.82916">
        <ele>219.3</ele>
      </trkpt>
      <trkpt lat="47.02676" lon="4.82904">
        <ele>219.7</ele>
      </trkpt>
      <trkpt lat="47.02669" lon="4.82892">
        <ele>220.3</ele>
      </trkpt>
      <trkpt lat="47.02654" lon="4.82868">
        <ele>220.2</ele>
      </trkpt>
      <trkpt lat="47.02647" lon="4.82857">
        <ele>220.2</ele>
      </trkpt>
      <trkpt lat="47.02643" lon="4.82853">
        <ele>220.2</ele>
      </trkpt>
      <trkpt lat="47.02637" lon="4.82848">
        <ele>220.2</ele>
      </trkpt>
      <trkpt lat="47.0262" lon="4.82832">
        <ele>220.1</ele>
      </trkpt>
      <trkpt lat="47.02618" lon="4.82831">
        <ele>219.8</ele>
      </trkpt>
      <trkpt lat="47.02606" lon="4.8282">
        <ele>219.3</ele>
      </trkpt>
      <trkpt lat="47.02593" lon="4.82809">
        <ele>219.8</ele>
      </trkpt>
      <trkpt lat="47.02586" lon="4.82803">
        <ele>220.2</ele>
      </trkpt>
      <trkpt lat="47.02503" lon="4.82733">
        <ele>220.8</ele>
      </trkpt>
      <trkpt lat="47.02501" lon="4.82731">
        <ele>221.5</ele>
      </trkpt>
      <trkpt lat="47.02494" lon="4.82729">
        <ele>222.1</ele>
      </trkpt>
      <trkpt lat="47.02489" lon="4.82724">
        <ele>222.3</ele>
      </trkpt>
      <trkpt lat="47.02487" lon="4.82723">
        <ele>222.8</ele>
      </trkpt>
      <trkpt lat="47.02416" lon="4.82657">
        <ele>223.2</ele>
      </trkpt>
      <trkpt lat="47.02334" lon="4.82587">
        <ele>223.7</ele>
      </trkpt>
      <trkpt lat="47.02327" lon="4.82579">
        <ele>224.4</ele>
      </trkpt>
      <trkpt lat="47.02329" lon="4.82483">
        <ele>224.9</ele>
      </trkpt>
      <trkpt lat="47.02304" lon="4.82443">
        <ele>225.1</ele>
      </trkpt>
      <trkpt lat="47.02291" lon="4.82411">
        <ele>225.2</ele>
      </trkpt>
      <trkpt lat="47.02284" lon="4.82375">
        <ele>225.4</ele>
      </trkpt>
      <trkpt lat="47.0228" lon="4.82357">
        <ele>225.5</ele>
      </trkpt>
      <trkpt lat="47.02274" lon="4.82321">
        <ele>225.9</ele>
      </trkpt>
      <trkpt lat="47.02262" lon="4.82263">
        <ele>226.2</ele>
      </trkpt>
      <trkpt lat="47.02229" lon="4.82179">
        <ele>227.2</ele>
      </trkpt>
      <trkpt lat="47.02206" lon="4.8215">
        <ele>228.1</ele>
      </trkpt>
      <trkpt lat="47.0211" lon="4.82019">
        <ele>229.0</ele>
      </trkpt>
      <trkpt lat="47.02102" lon="4.82004">
        <ele>229.6</ele>
      </trkpt>
      <trkpt lat="47.02034" lon="4.81869">
        <ele>230.0</ele>
      </trkpt>
      <trkpt lat="47.02006" lon="4.8183">
        <ele>229.9</ele>
      </trkpt>
      <trkpt lat="47.01969" lon="4.81792">
        <ele>230.0</ele>
      </trkpt>
      <trkpt lat="47.01938" lon="4.81751">
        <ele>229.9</ele>
      </trkpt>
      <trkpt lat="47.01918" lon="4.8172">
        <ele>229.9</ele>
      </trkpt>
      <trkpt lat="47.01911" lon="4.81688">
        <ele>230.0</ele>
      </trkpt>
      <trkpt lat="47.01899" lon="4.81646">
        <ele>230.2</ele>
      </trkpt>
      <trkpt lat="47.01896" lon="4.81629">
        <ele>230.3</ele>
      </trkpt>
      <trkpt lat="47.01891" lon="4.81612">
        <ele>230.4</ele>
      </trkpt>
      <trkpt lat="47.01847" lon="4.81547">
        <ele>230.5</ele>
      </trkpt>
      <trkpt lat="47.01839" lon="4.81529">
        <ele>230.7</ele>
      </trkpt>
      <trkpt lat="47.01835" lon="4.81511">
        <ele>230.9</ele>
      </trkpt>
      <trkpt lat="47.01832" lon="4.81467">
        <ele>231.1</ele>
      </trkpt>
      <trkpt lat="47.01827" lon="4.81436">
        <ele>231.4</ele>
      </trkpt>
      <trkpt lat="47.01818" lon="4.81405">
        <ele>231.8</ele>
      </trkpt>
      <trkpt lat="47.01803" lon="4.81368">
        <ele>232.3</ele>
      </trkpt>
      <trkpt lat="47.01788" lon="4.81339">
        <ele>232.6</ele>
      </trkpt>
      <trkpt lat="47.01772" lon="4.81316">
        <ele>233.2</ele>
      </trkpt>
      <trkpt lat="47.01765" lon="4.81305">
        <ele>233.8</ele>
      </trkpt>
      <trkpt lat="47.01722" lon="4.81243">
        <ele>234.4</ele>
      </trkpt>
      <trkpt lat="47.01712" lon="4.81224">
        <ele>234.8</ele>
      </trkpt>
      <trkpt lat="47.01706" lon="4.8121">
        <ele>235.5</ele>
      </trkpt>
      <trkpt lat="47.01704" lon="4.81193">
        <ele>236.1</ele>
      </trkpt>
      <trkpt lat="47.01701" lon="4.81164">
        <ele>236.6</ele>
      </trkpt>
      <trkpt lat="47.017" lon="4.81143">
        <ele>237.1</ele>
      </trkpt>
      <trkpt lat="47.01695" lon="4.81116">
        <ele>237.6</ele>
      </trkpt>
      <trkpt lat="47.01689" lon="4.81097">
        <ele>238.2</ele>
      </trkpt>
      <trkpt lat="47.01687" lon="4.81091">
        <ele>238.8</ele>
      </trkpt>
      <trkpt lat="47.01678" lon="4.81066">
        <ele>239.4</ele>
      </trkpt>
      <trkpt lat="47.01669" lon="4.81022">
        <ele>240.1</ele>
      </trkpt>
      <trkpt lat="47.01656" lon="4.80983">
        <ele>240.8</ele>
      </trkpt>
      <trkpt lat="47.01652" lon="4.80971">
        <ele>241.3</ele>
      </trkpt>
      <trkpt lat="47.01646" lon="4.80951">
        <ele>241.8</ele>
      </trkpt>
      <trkpt lat="47.01631" lon="4.80917">
        <ele>242.5</ele>
      </trkpt>
      <trkpt lat="47.01625" lon="4.80899">
        <ele>242.9</ele>
      </trkpt>
      <trkpt lat="47.01618" lon="4.80874">
        <ele>243.5</ele>
      </trkpt>
      <trkpt lat="47.01613" lon="4.80863">
        <ele>243.9</ele>
      </trkpt>
      <trkpt lat="47.01567" lon="4.80813">
        <ele>244.2</ele>
      </trkpt>
      <trkpt lat="47.01538" lon="4.80784">
        <ele>244.6</ele>
      </trkpt>
      <trkpt lat="47.01523" lon="4.80767">
        <ele>245.0</ele>
      </trkpt>
      <trkpt lat="47.01513" lon="4.80753">
        <ele>245.1</ele>
      </trkpt>
      <trkpt lat="47.01508" lon="4.80744">
        <ele>245.2</ele>
      </trkpt>
      <trkpt lat="47.01503" lon="4.80733">
        <ele>245.3</ele>
      </trkpt>
      <trkpt lat="47.01499" lon="4.80719">
        <ele>245.5</ele>
      </trkpt>
      <trkpt lat="47.0149" lon="4.80689">
        <ele>245.8</ele>
      </trkpt>
      <trkpt lat="47.01484" lon="4.80669">
        <ele>246.1</ele>
      </trkpt>
      <trkpt lat="47.01475" lon="4.80637">
        <ele>246.5</ele>
      </trkpt>
      <trkpt lat="47.01466" lon="4.8061">
        <ele>247.0</ele>
      </trkpt>
      <trkpt lat="47.01462" lon="4.80593">
        <ele>247.4</ele>
      </trkpt>
      <trkpt lat="47.01458" lon="4.80573">
        <ele>247.7</ele>
      </trkpt>
      <trkpt lat="47.01453" lon="4.8055">
        <ele>248.0</ele>
      </trkpt>
      <trkpt lat="47.01451" lon="4.80542">
        <ele>248.1</ele>
      </trkpt>
      <trkpt lat="47.01448" lon="4.80532">
        <ele>248.2</ele>
      </trkpt>
      <trkpt lat="47.01445" lon="4.80521">
        <ele>248.3</ele>
      </trkpt>
      <trkpt lat="47.01442" lon="4.80513">
        <ele>248.3</ele>
      </trkpt>
      <trkpt lat="47.01436" lon="4.80501">
        <ele>248.3</ele>
      </trkpt>
      <trkpt lat="47.01432" lon="4.80491">
        <ele>248.2</ele>
      </trkpt>
      <trkpt lat="47.01429" lon="4.80482">
        <ele>248.1</ele>
      </trkpt>
      <trkpt lat="47.01427" lon="4.80471">
        <ele>248.1</ele>
      </trkpt>
      <trkpt lat="47.01425" lon="4.80458">
        <ele>248.1</ele>
      </trkpt>
      <trkpt lat="47.01424" lon="4.80446">
        <ele>248.1</ele>
      </trkpt>
      <trkpt lat="47.01423" lon="4.8043">
        <ele>248.4</ele>
      </trkpt>
      <trkpt lat="47.01422" lon="4.80413">
        <ele>248.5</ele>
      </trkpt>
      <trkpt lat="47.01422" lon="4.80402">
        <ele>248.6</ele>
      </trkpt>
      <trkpt lat="47.01421" lon="4.80388">
        <ele>248.8</ele>
      </trkpt>
      <trkpt lat="47.01421" lon="4.80371">
        <ele>248.9</ele>
      </trkpt>
      <trkpt lat="47.0142" lon="4.80358">
        <ele>248.9</ele>
      </trkpt>
      <trkpt lat="47.01418" lon="4.80348">
        <ele>249.2</ele>
      </trkpt>
      <trkpt lat="47.01416" lon="4.80338">
        <ele>249.2</ele>
      </trkpt>
      <trkpt lat="47.01412" lon="4.8032">
        <ele>249.3</ele>
      </trkpt>
      <trkpt lat="47.01404" lon="4.80298">
        <ele>249.7</ele>
      </trkpt>
      <trkpt lat="47.01391" lon="4.80251">
        <ele>250.0</ele>
      </trkpt>
      <trkpt lat="47.01375" lon="4.80204">
        <ele>250.3</ele>
      </trkpt>
      <trkpt lat="47.01367" lon="4.80175">
        <ele>250.7</ele>
      </trkpt>
      <trkpt lat="47.01362" lon="4.8015">
        <ele>251.1</ele>
      </trkpt>
      <trkpt lat="47.01358" lon="4.80134">
        <ele>251.4</ele>
      </trkpt>
      <trkpt lat="47.01354" lon="4.8012">
        <ele>251.5</ele>
      </trkpt>
      <trkpt lat="47.01351" lon="4.80109">
        <ele>251.6</ele>
      </trkpt>
      <trkpt lat="47.01348" lon="4.801">
        <ele>251.7</ele>
      </trkpt>
      <trkpt lat="47.01345" lon="4.80094">
        <ele>251.7</ele>
      </trkpt>
      <trkpt lat="47.01339" lon="4.80081">
        <ele>251.6</ele>
      </trkpt>
      <trkpt lat="47.01334" lon="4.80069">
        <ele>251.8</ele>
      </trkpt>
      <trkpt lat="47.0133" lon="4.80056">
        <ele>252.0</ele>
      </trkpt>
      <trkpt lat="47.01326" lon="4.80043">
        <ele>252.3</ele>
      </trkpt>
      <trkpt lat="47.01321" lon="4.80019">
        <ele>252.7</ele>
      </trkpt>
      <trkpt lat="47.01318" lon="4.80009">
        <ele>253.0</ele>
      </trkpt>
      <trkpt lat="47.01316" lon="4.80004">
        <ele>253.1</ele>
      </trkpt>
      <trkpt lat="47.01312" lon="4.79996">
        <ele>253.3</ele>
      </trkpt>
      <trkpt lat="47.01309" lon="4.79991">
        <ele>253.3</ele>
      </trkpt>
      <trkpt lat="47.01303" lon="4.79983">
        <ele>253.3</ele>
      </trkpt>
      <trkpt lat="47.01298" lon="4.79974">
        <ele>253.4</ele>
      </trkpt>
      <trkpt lat="47.01293" lon="4.79968">
        <ele>253.5</ele>
      </trkpt>
      <trkpt lat="47.0129" lon="4.79964">
        <ele>253.6</ele>
      </trkpt>
      <trkpt lat="47.01288" lon="4.79959">
        <ele>253.7</ele>
      </trkpt>
      <trkpt lat="47.01287" lon="4.79953">
        <ele>253.8</ele>
      </trkpt>
      <trkpt lat="47.01287" lon="4.79949">
        <ele>254.0</ele>
      </trkpt>
      <trkpt lat="47.01287" lon="4.79944">
        <ele>254.3</ele>
      </trkpt>
      <trkpt lat="47.01288" lon="4.79939">
        <ele>254.5</ele>
      </trkpt>
      <trkpt lat="47.01291" lon="4.7993">
        <ele>254.9</ele>
      </trkpt>
      <trkpt lat="47.01292" lon="4.79924">
        <ele>255.2</ele>
      </trkpt>
      <trkpt lat="47.01293" lon="4.79916">
        <ele>255.6</ele>
      </trkpt>
      <trkpt lat="47.01294" lon="4.79911">
        <ele>255.9</ele>
      </trkpt>
      <trkpt lat="47.01294" lon="4.79905">
        <ele>256.3</ele>
      </trkpt>
      <trkpt lat="47.01294" lon="4.79897">
        <ele>256.5</ele>
      </trkpt>
      <trkpt lat="47.01293" lon="4.79892">
        <ele>256.7</ele>
      </trkpt>
      <trkpt lat="47.0129" lon="4.79887">
        <ele>256.9</ele>
      </trkpt>
      <trkpt lat="47.01285" lon="4.7988">
        <ele>257.1</ele>
      </trkpt>
      <trkpt lat="47.01279" lon="4.79871">
        <ele>256.7</ele>
      </trkpt>
      <trkpt lat="47.0127" lon="4.79857">
        <ele>256.5</ele>
      </trkpt>
      <trkpt lat="47.01261" lon="4.79841">
        <ele>256.3</ele>
      </trkpt>
      <trkpt lat="47.01254" lon="4.79829">
        <ele>256.1</ele>
      </trkpt>
      <trkpt lat="47.01253" lon="4.79826">
        <ele>256.0</ele>
      </trkpt>
      <trkpt lat="47.0125" lon="4.7982">
        <ele>256.0</ele>
      </trkpt>
      <trkpt lat="47.01247" lon="4.79813">
        <ele>256.0</ele>
      </trkpt>
      <trkpt lat="47.01244" lon="4.79804">
        <ele>255.9</ele>
      </trkpt>
      <trkpt lat="47.01237" lon="4.7979">
        <ele>255.7</ele>
      </trkpt>
      <trkpt lat="47.01228" lon="4.79777">
        <ele>255.2</ele>
      </trkpt>
      <trkpt lat="47.01224" lon="4.79772">
        <ele>254.9</ele>
      </trkpt>
      <trkpt lat="47.01219" lon="4.7977">
        <ele>254.4</ele>
      </trkpt>
      <trkpt lat="47.0119" lon="4.79736">
        <ele>253.9</ele>
      </trkpt>
      <trkpt lat="47.01187" lon="4.79733">
        <ele>253.4</ele>
      </trkpt>
      <trkpt lat="47.01183" lon="4.79728">
        <ele>253.1</ele>
      </trkpt>
      <trkpt lat="47.01181" lon="4.79722">
        <ele>252.8</ele>
      </trkpt>
      <trkpt lat="47.01176" lon="4.79708">
        <ele>252.5</ele>
      </trkpt>
      <trkpt lat="47.01173" lon="4.79704">
        <ele>252.3</ele>
      </trkpt>
      <trkpt lat="47.0117" lon="4.797">
        <ele>252.0</ele>
      </trkpt>
      <trkpt lat="47.01153" lon="4.79686">
        <ele>251.7</ele>
      </trkpt>
      <trkpt lat="47.01129" lon="4.79665">
        <ele>251.4</ele>
      </trkpt>
      <trkpt lat="47.01108" lon="4.79648">
        <ele>251.2</ele>
      </trkpt>
      <trkpt lat="47.01096" lon="4.79638">
        <ele>251.2</ele>
      </trkpt>
      <trkpt lat="47.01052" lon="4.79591">
        <ele>251.2</ele>
      </trkpt>
      <trkpt lat="47.01046" lon="4.79585">
        <ele>251.3</ele>
      </trkpt>
      <trkpt lat="47.01045" lon="4.7958">
        <ele>251.6</ele>
      </trkpt>
      <trkpt lat="47.01044" lon="4.79575">
        <ele>251.7</ele>
      </trkpt>
      <trkpt lat="47.01036" lon="4.79556">
        <ele>251.9</ele>
      </trkpt>
      <trkpt lat="47.01033" lon="4.7955">
        <ele>252.2</ele>
      </trkpt>
      <trkpt lat="47.01028" lon="4.79542">
        <ele>252.2</ele>
      </trkpt>
      <trkpt lat="47.01015" lon="4.79523">
        <ele>252.1</ele>
      </trkpt>
      <trkpt lat="47.01003" lon="4.79507">
        <ele>251.7</ele>
      </trkpt>
      <trkpt lat="47.00994" lon="4.79496">
        <ele>251.4</ele>
      </trkpt>
      <trkpt lat="47.00985" lon="4.79487">
        <ele>251.0</ele>
      </trkpt>
      <trkpt lat="47.00981" lon="4.79484">
        <ele>250.8</ele>
      </trkpt>
      <trkpt lat="47.0098" lon="4.79486">
        <ele>250.6</ele>
      </trkpt>
      <trkpt lat="47.00979" lon="4.79485">
        <ele>250.5</ele>
      </trkpt>
      <trkpt lat="47.00976" lon="4.79481">
        <ele>250.3</ele>
      </trkpt>
      <trkpt lat="47.00968" lon="4.7947">
        <ele>250.1</ele>
      </trkpt>
      <trkpt lat="47.00947" lon="4.79441">
        <ele>249.7</ele>
      </trkpt>
      <trkpt lat="47.00943" lon="4.7944">
        <ele>249.4</ele>
      </trkpt>
      <trkpt lat="47.00929" lon="4.79447">
        <ele>249.2</ele>
      </trkpt>
      <trkpt lat="47.00922" lon="4.79438">
        <ele>249.2</ele>
      </trkpt>
      <trkpt lat="47.00916" lon="4.7943">
        <ele>249.9</ele>
      </trkpt>
      <trkpt lat="47.00896" lon="4.79408">
        <ele>250.5</ele>
      </trkpt>
      <trkpt lat="47.00853" lon="4.79351">
        <ele>250.7</ele>
      </trkpt>
      <trkpt lat="47.00829" lon="4.79331">
        <ele>251.0</ele>
      </trkpt>
      <trkpt lat="47.00812" lon="4.79318">
        <ele>251.2</ele>
      </trkpt>
      <trkpt lat="47.00805" lon="4.79311">
        <ele>250.7</ele>
      </trkpt>
      <trkpt lat="47.00799" lon="4.79301">
        <ele>250.9</ele>
      </trkpt>
      <trkpt lat="47.00795" lon="4.79294">
        <ele>251.5</ele>
      </trkpt>
      <trkpt lat="47.00789" lon="4.79272">
        <ele>252.1</ele>
      </trkpt>
      <trkpt lat="47.00778" lon="4.79245">
        <ele>252.8</ele>
      </trkpt>
      <trkpt lat="47.00764" lon="4.79215">
        <ele>253.6</ele>
      </trkpt>
      <trkpt lat="47.00746" lon="4.79165">
        <ele>254.1</ele>
      </trkpt>
      <trkpt lat="47.00736" lon="4.79144">
        <ele>255.5</ele>
      </trkpt>
      <trkpt lat="47.00713" lon="4.79103">
        <ele>257.2</ele>
      </trkpt>
      <trkpt lat="47.0068" lon="4.79026">
        <ele>258.6</ele>
      </trkpt>
      <trkpt lat="47.0067" lon="4.79">
        <ele>260.1</ele>
      </trkpt>
      <trkpt lat="47.00659" lon="4.78982">
        <ele>262.2</ele>
      </trkpt>
      <trkpt lat="47.00656" lon="4.78966">
        <ele>263.4</ele>
      </trkpt>
      <trkpt lat="47.00643" lon="4.78922">
        <ele>264.7</ele>
      </trkpt>
      <trkpt lat="47.00632" lon="4.78875">
        <ele>266.4</ele>
      </trkpt>
      <trkpt lat="47.00622" lon="4.78852">
        <ele>267.9</ele>
      </trkpt>
      <trkpt lat="47.00614" lon="4.78835">
        <ele>269.0</ele>
      </trkpt>
      <trkpt lat="47.00582" lon="4.78796">
        <ele>270.0</ele>
      </trkpt>
      <trkpt lat="47.00564" lon="4.78773">
        <ele>270.9</ele>
      </trkpt>
      <trkpt lat="47.00551" lon="4.78743">
        <ele>272.2</ele>
      </trkpt>
      <trkpt lat="47.00541" lon="4.78729">
        <ele>273.4</ele>
      </trkpt>
      <trkpt lat="47.00538" lon="4.78721">
        <ele>274.0</ele>
      </trkpt>
      <trkpt lat="47.00538" lon="4.78715">
        <ele>275.2</ele>
      </trkpt>
      <trkpt lat="47.00545" lon="4.78684">
        <ele>276.3</ele>
      </trkpt>
      <trkpt lat="47.00546" lon="4.78673">
        <ele>277.6</ele>
      </trkpt>
      <trkpt lat="47.00529" lon="4.78657">
        <ele>278.1</ele>
      </trkpt>
      <trkpt lat="47.00512" lon="4.78636">
        <ele>279.5</ele>
      </trkpt>
      <trkpt lat="47.00487" lon="4.78611">
        <ele>280.6</ele>
      </trkpt>
      <trkpt lat="47.0048" lon="4.78601">
        <ele>282.1</ele>
      </trkpt>
      <trkpt lat="47.00479" lon="4.78593">
        <ele>282.8</ele>
      </trkpt>
      <trkpt lat="47.00471" lon="4.78557">
        <ele>284.2</ele>
      </trkpt>
      <trkpt lat="47.0047" lon="4.78553">
        <ele>285.2</ele>
      </trkpt>
      <trkpt lat="47.00466" lon="4.78544">
        <ele>285.7</ele>
      </trkpt>
      <trkpt lat="47.00452" lon="4.78533">
        <ele>285.6</ele>
      </trkpt>
      <trkpt lat="47.00425" lon="4.78515">
        <ele>285.4</ele>
      </trkpt>
      <trkpt lat="47.00412" lon="4.78504">
        <ele>285.8</ele>
      </trkpt>
      <trkpt lat="47.00401" lon="4.7849">
        <ele>285.9</ele>
      </trkpt>
      <trkpt lat="47.00354" lon="4.78416">
        <ele>285.9</ele>
      </trkpt>
      <trkpt lat="47.00341" lon="4.78403">
        <ele>286.0</ele>
      </trkpt>
      <trkpt lat="47.0032" lon="4.78391">
        <ele>285.9</ele>
      </trkpt>
      <trkpt lat="47.00296" lon="4.78379">
        <ele>285.9</ele>
      </trkpt>
      <trkpt lat="47.00245" lon="4.78344">
        <ele>285.7</ele>
      </trkpt>
      <trkpt lat="47.00231" lon="4.7833">
        <ele>286.1</ele>
      </trkpt>
      <trkpt lat="47.00219" lon="4.78314">
        <ele>286.9</ele>
      </trkpt>
      <trkpt lat="47.0021" lon="4.78299">
        <ele>287.7</ele>
      </trkpt>
      <trkpt lat="47.002" lon="4.78283">
        <ele>288.1</ele>
      </trkpt>
      <trkpt lat="47.00193" lon="4.78271">
        <ele>289.0</ele>
      </trkpt>
      <trkpt lat="47.0019" lon="4.78265">
        <ele>289.6</ele>
      </trkpt>
      <trkpt lat="47.00181" lon="4.78255">
        <ele>289.9</ele>
      </trkpt>
      <trkpt lat="47.00176" lon="4.78249">
        <ele>290.1</ele>
      </trkpt>
      <trkpt lat="47.00168" lon="4.78239">
        <ele>290.3</ele>
      </trkpt>
      <trkpt lat="47.00162" lon="4.78231">
        <ele>290.4</ele>
      </trkpt>
      <trkpt lat="47.00156" lon="4.78224">
        <ele>290.2</ele>
      </trkpt>
      <trkpt lat="47.00148" lon="4.78214">
        <ele>290.3</ele>
      </trkpt>
      <trkpt lat="47.00136" lon="4.78197">
        <ele>290.5</ele>
      </trkpt>
      <trkpt lat="47.00129" lon="4.78187">
        <ele>290.7</ele>
      </trkpt>
      <trkpt lat="47.00136" lon="4.78176">
        <ele>290.8</ele>
      </trkpt>
      <trkpt lat="47.00136" lon="4.78157">
        <ele>291.4</ele>
      </trkpt>
      <trkpt lat="47.00137" lon="4.78151">
        <ele>292.1</ele>
      </trkpt>
      <trkpt lat="47.00146" lon="4.78127">
        <ele>292.9</ele>
      </trkpt>
      <trkpt lat="47.00153" lon="4.78109">
        <ele>293.4</ele>
      </trkpt>
      <trkpt lat="47.00158" lon="4.78101">
        <ele>293.9</ele>
      </trkpt>
      <trkpt lat="47.00126" lon="4.78089">
        <ele>293.7</ele>
      </trkpt>
      <trkpt lat="47.00119" lon="4.7809">
        <ele>292.9</ele>
      </trkpt>
      <trkpt lat="47.00102" lon="4.78089">
        <ele>291.4</ele>
      </trkpt>
      <trkpt lat="47.00075" lon="4.78087">
        <ele>290.4</ele>
      </trkpt>
      <trkpt lat="47.00026" lon="4.78078">
        <ele>288.4</ele>
      </trkpt>
      <trkpt lat="47.00009" lon="4.78073">
        <ele>287.8</ele>
      </trkpt>
      <trkpt lat="46.99998" lon="4.781">
        <ele>285.6</ele>
      </trkpt>
      <trkpt lat="46.99981" lon="4.78138">
        <ele>283.4</ele>
      </trkpt>
      <trkpt lat="46.99967" lon="4.78168">
        <ele>280.7</ele>
      </trkpt>
      <trkpt lat="46.99959" lon="4.78182">
        <ele>277.9</ele>
      </trkpt>
      <trkpt lat="46.99937" lon="4.7822">
        <ele>273.3</ele>
      </trkpt>
      <trkpt lat="46.99888" lon="4.78318">
        <ele>270.6</ele>
      </trkpt>
      <trkpt lat="46.99855" lon="4.78374">
        <ele>268.5</ele>
      </trkpt>
      <trkpt lat="46.99854" lon="4.78377">
        <ele>266.7</ele>
      </trkpt>
      <trkpt lat="46.99846" lon="4.78368">
        <ele>265.9</ele>
      </trkpt>
      <trkpt lat="46.99844" lon="4.78371">
        <ele>265.4</ele>
      </trkpt>
      <trkpt lat="46.99836" lon="4.78382">
        <ele>264.3</ele>
      </trkpt>
      <trkpt lat="46.99817" lon="4.78414">
        <ele>263.2</ele>
      </trkpt>
      <trkpt lat="46.99795" lon="4.78463">
        <ele>262.0</ele>
      </trkpt>
      <trkpt lat="46.99787" lon="4.78479">
        <ele>260.8</ele>
      </trkpt>
      <trkpt lat="46.99777" lon="4.78486">
        <ele>259.7</ele>
      </trkpt>
      <trkpt lat="46.99759" lon="4.78488">
        <ele>258.9</ele>
      </trkpt>
      <trkpt lat="46.99745" lon="4.78492">
        <ele>258.0</ele>
      </trkpt>
      <trkpt lat="46.99733" lon="4.78502">
        <ele>257.1</ele>
      </trkpt>
      <trkpt lat="46.99718" lon="4.78513">
        <ele>256.0</ele>
      </trkpt>
      <trkpt lat="46.99702" lon="4.78519">
        <ele>255.0</ele>
      </trkpt>
      <trkpt lat="46.99685" lon="4.78535">
        <ele>254.1</ele>
      </trkpt>
      <trkpt lat="46.99673" lon="4.78537">
        <ele>253.2</ele>
      </trkpt>
      <trkpt lat="46.99663" lon="4.78541">
        <ele>252.3</ele>
      </trkpt>
      <trkpt lat="46.9965" lon="4.78549">
        <ele>251.6</ele>
      </trkpt>
      <trkpt lat="46.9964" lon="4.78564">
        <ele>250.8</ele>
      </trkpt>
      <trkpt lat="46.99631" lon="4.78583">
        <ele>249.9</ele>
      </trkpt>
      <trkpt lat="46.99604" lon="4.78562">
        <ele>249.1</ele>
      </trkpt>
      <trkpt lat="46.99568" lon="4.7854">
        <ele>248.3</ele>
      </trkpt>
      <trkpt lat="46.99542" lon="4.78525">
        <ele>247.6</ele>
      </trkpt>
      <trkpt lat="46.9952" lon="4.78506">
        <ele>246.9</ele>
      </trkpt>
      <trkpt lat="46.99496" lon="4.78481">
        <ele>246.3</ele>
      </trkpt>
      <trkpt lat="46.99472" lon="4.78452">
        <ele>245.9</ele>
      </trkpt>
      <trkpt lat="46.99382" lon="4.78379">
        <ele>245.5</ele>
      </trkpt>
      <trkpt lat="46.99364" lon="4.78361">
        <ele>245.0</ele>
      </trkpt>
      <trkpt lat="46.99332" lon="4.78336">
        <ele>244.5</ele>
      </trkpt>
      <trkpt lat="46.9931" lon="4.78323">
        <ele>243.9</ele>
      </trkpt>
      <trkpt lat="46.99252" lon="4.78295">
        <ele>243.2</ele>
      </trkpt>
      <trkpt lat="46.99218" lon="4.78275">
        <ele>242.7</ele>
      </trkpt>
      <trkpt lat="46.99202" lon="4.78271">
        <ele>242.2</ele>
      </trkpt>
      <trkpt lat="46.99175" lon="4.78257">
        <ele>241.8</ele>
      </trkpt>
      <trkpt lat="46.9915" lon="4.78236">
        <ele>241.7</ele>
      </trkpt>
      <trkpt lat="46.99139" lon="4.78224">
        <ele>241.6</ele>
      </trkpt>
      <trkpt lat="46.99114" lon="4.78196">
        <ele>241.6</ele>
      </trkpt>
      <trkpt lat="46.9908" lon="4.78167">
        <ele>241.8</ele>
      </trkpt>
      <trkpt lat="46.99071" lon="4.78142">
        <ele>242.1</ele>
      </trkpt>
      <trkpt lat="46.99067" lon="4.78128">
        <ele>242.4</ele>
      </trkpt>
      <trkpt lat="46.99062" lon="4.78116">
        <ele>242.6</ele>
      </trkpt>
      <trkpt lat="46.99041" lon="4.78088">
        <ele>242.5</ele>
      </trkpt>
      <trkpt lat="46.99011" lon="4.78065">
        <ele>241.8</ele>
      </trkpt>
      <trkpt lat="46.98951" lon="4.78036">
        <ele>241.0</ele>
      </trkpt>
      <trkpt lat="46.98905" lon="4.78021">
        <ele>240.2</ele>
      </trkpt>
      <trkpt lat="46.98836" lon="4.7799">
        <ele>239.6</ele>
      </trkpt>
      <trkpt lat="46.98806" lon="4.77966">
        <ele>239.2</ele>
      </trkpt>
      <trkpt lat="46.98774" lon="4.77924">
        <ele>239.3</ele>
      </trkpt>
      <trkpt lat="46.98762" lon="4.77902">
        <ele>239.9</ele>
      </trkpt>
      <trkpt lat="46.98761" lon="4.77883">
        <ele>240.6</ele>
      </trkpt>
      <trkpt lat="46.98774" lon="4.7782">
        <ele>241.3</ele>
      </trkpt>
      <trkpt lat="46.98776" lon="4.77781">
        <ele>242.3</ele>
      </trkpt>
      <trkpt lat="46.98774" lon="4.77772">
        <ele>243.2</ele>
      </trkpt>
      <trkpt lat="46.9879" lon="4.77695">
        <ele>243.6</ele>
      </trkpt>
      <trkpt lat="46.98788" lon="4.77692">
        <ele>243.9</ele>
      </trkpt>
      <trkpt lat="46.98769" lon="4.77668">
        <ele>244.3</ele>
      </trkpt>
      <trkpt lat="46.98754" lon="4.77651">
        <ele>244.4</ele>
      </trkpt>
      <trkpt lat="46.98736" lon="4.77636">
        <ele>244.4</ele>
      </trkpt>
      <trkpt lat="46.98726" lon="4.77628">
        <ele>244.4</ele>
      </trkpt>
      <trkpt lat="46.98716" lon="4.77623">
        <ele>244.5</ele>
      </trkpt>
      <trkpt lat="46.98695" lon="4.77611">
        <ele>244.4</ele>
      </trkpt>
      <trkpt lat="46.98676" lon="4.77596">
        <ele>244.4</ele>
      </trkpt>
      <trkpt lat="46.98658" lon="4.77579">
        <ele>244.6</ele>
      </trkpt>
      <trkpt lat="46.98648" lon="4.77565">
        <ele>244.7</ele>
      </trkpt>
      <trkpt lat="46.98643" lon="4.77555">
        <ele>245.0</ele>
      </trkpt>
      <trkpt lat="46.9864" lon="4.77545">
        <ele>245.4</ele>
      </trkpt>
      <trkpt lat="46.98651" lon="4.77509">
        <ele>245.7</ele>
      </trkpt>
      <trkpt lat="46.98653" lon="4.77498">
        <ele>245.9</ele>
      </trkpt>
      <trkpt lat="46.98637" lon="4.77474">
        <ele>245.9</ele>
      </trkpt>
      <trkpt lat="46.98616" lon="4.77451">
        <ele>245.7</ele>
      </trkpt>
      <trkpt lat="46.9857" lon="4.7741">
        <ele>245.3</ele>
      </trkpt>
      <trkpt lat="46.98555" lon="4.7739">
        <ele>244.8</ele>
      </trkpt>
      <trkpt lat="46.98527" lon="4.77322">
        <ele>244.2</ele>
      </trkpt>
      <trkpt lat="46.98517" lon="4.7733">
        <ele>243.7</ele>
      </trkpt>
      <trkpt lat="46.98507" lon="4.77331">
        <ele>243.2</ele>
      </trkpt>
      <trkpt lat="46.98483" lon="4.77326">
        <ele>242.7</ele>
      </trkpt>
      <trkpt lat="46.98464" lon="4.77318">
        <ele>242.7</ele>
      </trkpt>
      <trkpt lat="46.98457" lon="4.77313">
        <ele>242.7</ele>
      </trkpt>
      <trkpt lat="46.98372" lon="4.77254">
        <ele>243.0</ele>
      </trkpt>
      <trkpt lat="46.98361" lon="4.77242">
        <ele>243.3</ele>
      </trkpt>
      <trkpt lat="46.98357" lon="4.77215">
        <ele>244.1</ele>
      </trkpt>
      <trkpt lat="46.98349" lon="4.77206">
        <ele>244.9</ele>
      </trkpt>
      <trkpt lat="46.98231" lon="4.77125">
        <ele>245.9</ele>
      </trkpt>
      <trkpt lat="46.98202" lon="4.77092">
        <ele>246.7</ele>
      </trkpt>
      <trkpt lat="46.98176" lon="4.77068">
        <ele>247.4</ele>
      </trkpt>
      <trkpt lat="46.98146" lon="4.77042">
        <ele>247.7</ele>
      </trkpt>
      <trkpt lat="46.98107" lon="4.77008">
        <ele>247.7</ele>
      </trkpt>
      <trkpt lat="46.98088" lon="4.76989">
        <ele>247.6</ele>
      </trkpt>
      <trkpt lat="46.98065" lon="4.7698">
        <ele>247.8</ele>
      </trkpt>
      <trkpt lat="46.98071" lon="4.76911">
        <ele>248.0</ele>
      </trkpt>
      <trkpt lat="46.98066" lon="4.76879">
        <ele>248.2</ele>
      </trkpt>
      <trkpt lat="46.98064" lon="4.76869">
        <ele>248.5</ele>
      </trkpt>
      <trkpt lat="46.98063" lon="4.76864">
        <ele>248.8</ele>
      </trkpt>
      <trkpt lat="46.98039" lon="4.76869">
        <ele>248.7</ele>
      </trkpt>
      <trkpt lat="46.98017" lon="4.76874">
        <ele>248.6</ele>
      </trkpt>
      <trkpt lat="46.9799" lon="4.76879">
        <ele>248.6</ele>
      </trkpt>
      <trkpt lat="46.97983" lon="4.76873">
        <ele>248.4</ele>
      </trkpt>
      <trkpt lat="46.97973" lon="4.76863">
        <ele>248.1</ele>
      </trkpt>
      <trkpt lat="46.97957" lon="4.76851">
        <ele>248.0</ele>
      </trkpt>
      <trkpt lat="46.9794" lon="4.76845">
        <ele>247.8</ele>
      </trkpt>
      <trkpt lat="46.97932" lon="4.76841">
        <ele>247.7</ele>
      </trkpt>
      <trkpt lat="46.97917" lon="4.76838">
        <ele>248.8</ele>
      </trkpt>
      <trkpt lat="46.97885" lon="4.7683">
        <ele>249.9</ele>
      </trkpt>
      <trkpt lat="46.9788" lon="4.76847">
        <ele>251.2</ele>
      </trkpt>
      <trkpt lat="46.97879" lon="4.76856">
        <ele>251.5</ele>
      </trkpt>
      <trkpt lat="46.97877" lon="4.76862">
        <ele>252.3</ele>
      </trkpt>
      <trkpt lat="46.97838" lon="4.76865">
        <ele>251.9</ele>
      </trkpt>
      <trkpt lat="46.97837" lon="4.76939">
        <ele>251.6</ele>
      </trkpt>
      <trkpt lat="46.97831" lon="4.76935">
        <ele>251.4</ele>
      </trkpt>
      <trkpt lat="46.97822" lon="4.76933">
        <ele>252.5</ele>
      </trkpt>
      <trkpt lat="46.9781" lon="4.76928">
        <ele>252.9</ele>
      </trkpt>
      <trkpt lat="46.97803" lon="4.7692">
        <ele>253.4</ele>
      </trkpt>
      <trkpt lat="46.978" lon="4.76917">
        <ele>253.5</ele>
      </trkpt>
      <trkpt lat="46.97795" lon="4.76914">
        <ele>253.6</ele>
      </trkpt>
      <trkpt lat="46.97783" lon="4.76907">
        <ele>253.0</ele>
      </trkpt>
      <trkpt lat="46.97771" lon="4.76901">
        <ele>252.5</ele>
      </trkpt>
      <trkpt lat="46.97761" lon="4.76894">
        <ele>250.3</ele>
      </trkpt>
      <trkpt lat="46.9775" lon="4.76886">
        <ele>247.6</ele>
      </trkpt>
      <trkpt lat="46.97727" lon="4.76876">
        <ele>244.7</ele>
      </trkpt>
      <trkpt lat="46.97677" lon="4.76868">
        <ele>241.8</ele>
      </trkpt>
      <trkpt lat="46.97666" lon="4.76864">
        <ele>238.5</ele>
      </trkpt>
      <trkpt lat="46.9765" lon="4.76853">
        <ele>237.2</ele>
      </trkpt>
      <trkpt lat="46.97598" lon="4.76807">
        <ele>236.8</ele>
      </trkpt>
      <trkpt lat="46.97589" lon="4.768">
        <ele>236.5</ele>
      </trkpt>
      <trkpt lat="46.97582" lon="4.76796">
        <ele>236.7</ele>
      </trkpt>
      <trkpt lat="46.97552" lon="4.76799">
        <ele>237.3</ele>
      </trkpt>
      <trkpt lat="46.97543" lon="4.76801">
        <ele>237.4</ele>
      </trkpt>
      <trkpt lat="46.97535" lon="4.76801">
        <ele>237.6</ele>
      </trkpt>
      <trkpt lat="46.97524" lon="4.76799">
        <ele>237.8</ele>
      </trkpt>
      <trkpt lat="46.97517" lon="4.76798">
        <ele>238.0</ele>
      </trkpt>
      <trkpt lat="46.97488" lon="4.76777">
        <ele>238.6</ele>
      </trkpt>
      <trkpt lat="46.97381" lon="4.76704">
        <ele>237.6</ele>
      </trkpt>
      <trkpt lat="46.97376" lon="4.76713">
        <ele>236.5</ele>
      </trkpt>
      <trkpt lat="46.97298" lon="4.76654">
        <ele>235.6</ele>
      </trkpt>
      <trkpt lat="46.97273" lon="4.76635">
        <ele>235.3</ele>
      </trkpt>
      <trkpt lat="46.97238" lon="4.76601">
        <ele>234.9</ele>
      </trkpt>
      <trkpt lat="46.97195" lon="4.76552">
        <ele>234.7</ele>
      </trkpt>
      <trkpt lat="46.97176" lon="4.76524">
        <ele>234.5</ele>
      </trkpt>
      <trkpt lat="46.97148" lon="4.76491">
        <ele>234.3</ele>
      </trkpt>
      <trkpt lat="46.97109" lon="4.76451">
        <ele>233.9</ele>
      </trkpt>
      <trkpt lat="46.97083" lon="4.76429">
        <ele>233.6</ele>
      </trkpt>
      <trkpt lat="46.97053" lon="4.76407">
        <ele>233.2</ele>
      </trkpt>
      <trkpt lat="46.97028" lon="4.76382">
        <ele>233.2</ele>
      </trkpt>
      <trkpt lat="46.9702" lon="4.76377">
        <ele>233.3</ele>
      </trkpt>
      <trkpt lat="46.97047" lon="4.76344">
        <ele>233.5</ele>
      </trkpt>
      <trkpt lat="46.97041" lon="4.76313">
        <ele>233.7</ele>
      </trkpt>
      <trkpt lat="46.97036" lon="4.76297">
        <ele>233.9</ele>
      </trkpt>
      <trkpt lat="46.97022" lon="4.76281">
        <ele>233.8</ele>
      </trkpt>
      <trkpt lat="46.9701" lon="4.76273">
        <ele>233.6</ele>
      </trkpt>
      <trkpt lat="46.96996" lon="4.76258">
        <ele>233.5</ele>
      </trkpt>
      <trkpt lat="46.96981" lon="4.76236">
        <ele>233.3</ele>
      </trkpt>
      <trkpt lat="46.96969" lon="4.7622">
        <ele>233.2</ele>
      </trkpt>
      <trkpt lat="46.96947" lon="4.76192">
        <ele>233.0</ele>
      </trkpt>
      <trkpt lat="46.96932" lon="4.76165">
        <ele>233.2</ele>
      </trkpt>
      <trkpt lat="46.96905" lon="4.76129">
        <ele>233.1</ele>
      </trkpt>
      <trkpt lat="46.96888" lon="4.76108">
        <ele>234.4</ele>
      </trkpt>
      <trkpt lat="46.96877" lon="4.76094">
        <ele>235.2</ele>
      </trkpt>
      <trkpt lat="46.9687" lon="4.76088">
        <ele>235.7</ele>
      </trkpt>
      <trkpt lat="46.96851" lon="4.76077">
        <ele>236.9</ele>
      </trkpt>
      <trkpt lat="46.9684" lon="4.76073">
        <ele>238.1</ele>
      </trkpt>
      <trkpt lat="46.96827" lon="4.76071">
        <ele>237.9</ele>
      </trkpt>
      <trkpt lat="46.96812" lon="4.76073">
        <ele>238.0</ele>
      </trkpt>
      <trkpt lat="46.96806" lon="4.76076">
        <ele>237.7</ele>
      </trkpt>
      <trkpt lat="46.96801" lon="4.76079">
        <ele>237.6</ele>
      </trkpt>
      <trkpt lat="46.96792" lon="4.7608">
        <ele>237.5</ele>
      </trkpt>
      <trkpt lat="46.96771" lon="4.76079">
        <ele>237.5</ele>
      </trkpt>
      <trkpt lat="46.96722" lon="4.76078">
        <ele>237.4</ele>
      </trkpt>
      <trkpt lat="46.96698" lon="4.76073">
        <ele>237.5</ele>
      </trkpt>
      <trkpt lat="46.96683" lon="4.76069">
        <ele>237.3</ele>
      </trkpt>
      <trkpt lat="46.96667" lon="4.76071">
        <ele>237.0</ele>
      </trkpt>
      <trkpt lat="46.96625" lon="4.76065">
        <ele>236.8</ele>
      </trkpt>
      <trkpt lat="46.9662" lon="4.76057">
        <ele>237.2</ele>
      </trkpt>
      <trkpt lat="46.96599" lon="4.76029">
        <ele>237.5</ele>
      </trkpt>
      <trkpt lat="46.96582" lon="4.75985">
        <ele>238.9</ele>
      </trkpt>
      <trkpt lat="46.96578" lon="4.75974">
        <ele>240.1</ele>
      </trkpt>
      <trkpt lat="46.96501" lon="4.75816">
        <ele>241.5</ele>
      </trkpt>
      <trkpt lat="46.96484" lon="4.75782">
        <ele>242.7</ele>
      </trkpt>
      <trkpt lat="46.96465" lon="4.75731">
        <ele>243.9</ele>
      </trkpt>
      <trkpt lat="46.9645" lon="4.75707">
        <ele>244.9</ele>
      </trkpt>
      <trkpt lat="46.96428" lon="4.75683">
        <ele>246.4</ele>
      </trkpt>
      <trkpt lat="46.96389" lon="4.75626">
        <ele>247.9</ele>
      </trkpt>
      <trkpt lat="46.96364" lon="4.75585">
        <ele>249.1</ele>
      </trkpt>
      <trkpt lat="46.96306" lon="4.75518">
        <ele>250.7</ele>
      </trkpt>
      <trkpt lat="46.96295" lon="4.75503">
        <ele>251.5</ele>
      </trkpt>
      <trkpt lat="46.96261" lon="4.75446">
        <ele>252.0</ele>
      </trkpt>
      <trkpt lat="46.9625" lon="4.75435">
        <ele>252.4</ele>
      </trkpt>
      <trkpt lat="46.96237" lon="4.75421">
        <ele>253.2</ele>
      </trkpt>
      <trkpt lat="46.96211" lon="4.75401">
        <ele>253.8</ele>
      </trkpt>
      <trkpt lat="46.9616" lon="4.75361">
        <ele>254.4</ele>
      </trkpt>
      <trkpt lat="46.96035" lon="4.7525">
        <ele>254.8</ele>
      </trkpt>
      <trkpt lat="46.95969" lon="4.75191">
        <ele>255.0</ele>
      </trkpt>
      <trkpt lat="46.95929" lon="4.75161">
        <ele>254.6</ele>
      </trkpt>
      <trkpt lat="46.95887" lon="4.75135">
        <ele>254.0</ele>
      </trkpt>
      <trkpt lat="46.95864" lon="4.75117">
        <ele>253.7</ele>
      </trkpt>
      <trkpt lat="46.95856" lon="4.75111">
        <ele>253.2</ele>
      </trkpt>
      <trkpt lat="46.95806" lon="4.75069">
        <ele>253.2</ele>
      </trkpt>
      <trkpt lat="46.95796" lon="4.75059">
        <ele>253.5</ele>
      </trkpt>
      <trkpt lat="46.95787" lon="4.75046">
        <ele>253.8</ele>
      </trkpt>
      <trkpt lat="46.95776" lon="4.75024">
        <ele>254.2</ele>
      </trkpt>
      <trkpt lat="46.95767" lon="4.75007">
        <ele>255.1</ele>
      </trkpt>
      <trkpt lat="46.95743" lon="4.74977">
        <ele>256.0</ele>
      </trkpt>
      <trkpt lat="46.95722" lon="4.74959">
        <ele>256.9</ele>
      </trkpt>
      <trkpt lat="46.95688" lon="4.74916">
        <ele>258.3</ele>
      </trkpt>
      <trkpt lat="46.95674" lon="4.74897">
        <ele>259.4</ele>
      </trkpt>
      <trkpt lat="46.95584" lon="4.74771">
        <ele>260.7</ele>
      </trkpt>
      <trkpt lat="46.95571" lon="4.74754">
        <ele>261.9</ele>
      </trkpt>
      <trkpt lat="46.95562" lon="4.74743">
        <ele>262.6</ele>
      </trkpt>
      <trkpt lat="46.95557" lon="4.74737">
        <ele>262.6</ele>
      </trkpt>
      <trkpt lat="46.95548" lon="4.74728">
        <ele>262.8</ele>
      </trkpt>
      <trkpt lat="46.95543" lon="4.74724">
        <ele>262.7</ele>
      </trkpt>
      <trkpt lat="46.9553" lon="4.74714">
        <ele>262.3</ele>
      </trkpt>
      <trkpt lat="46.95492" lon="4.74694">
        <ele>261.0</ele>
      </trkpt>
      <trkpt lat="46.95472" lon="4.74676">
        <ele>259.6</ele>
      </trkpt>
      <trkpt lat="46.95452" lon="4.74651">
        <ele>257.5</ele>
      </trkpt>
      <trkpt lat="46.95431" lon="4.74626">
        <ele>254.8</ele>
      </trkpt>
      <trkpt lat="46.95407" lon="4.74603">
        <ele>251.9</ele>
      </trkpt>
      <trkpt lat="46.95393" lon="4.74593">
        <ele>250.2</ele>
      </trkpt>
      <trkpt lat="46.95306" lon="4.74534">
        <ele>248.8</ele>
      </trkpt>
      <trkpt lat="46.95303" lon="4.74531">
        <ele>247.3</ele>
      </trkpt>
      <trkpt lat="46.95296" lon="4.74539">
        <ele>245.2</ele>
      </trkpt>
      <trkpt lat="46.9528" lon="4.74565">
        <ele>242.9</ele>
      </trkpt>
      <trkpt lat="46.95242" lon="4.74631">
        <ele>240.5</ele>
      </trkpt>
      <trkpt lat="46.95208" lon="4.74696">
        <ele>237.9</ele>
      </trkpt>
      <trkpt lat="46.952" lon="4.74711">
        <ele>235.5</ele>
      </trkpt>
      <trkpt lat="46.95182" lon="4.74768">
        <ele>234.0</ele>
      </trkpt>
      <trkpt lat="46.95158" lon="4.74831">
        <ele>232.7</ele>
      </trkpt>
      <trkpt lat="46.95139" lon="4.74881">
        <ele>231.3</ele>
      </trkpt>
      <trkpt lat="46.95092" lon="4.74994">
        <ele>230.0</ele>
      </trkpt>
      <trkpt lat="46.95054" lon="4.75086">
        <ele>228.9</ele>
      </trkpt>
      <trkpt lat="46.95038" lon="4.75141">
        <ele>228.1</ele>
      </trkpt>
      <trkpt lat="46.95034" lon="4.75148">
        <ele>227.7</ele>
      </trkpt>
      <trkpt lat="46.94992" lon="4.75128">
        <ele>227.6</ele>
      </trkpt>
      <trkpt lat="46.94963" lon="4.75126">
        <ele>227.6</ele>
      </trkpt>
      <trkpt lat="46.94953" lon="4.75133">
        <ele>227.6</ele>
      </trkpt>
      <trkpt lat="46.94941" lon="4.75143">
        <ele>227.8</ele>
      </trkpt>
      <trkpt lat="46.9494" lon="4.75145">
        <ele>228.1</ele>
      </trkpt>
      <trkpt lat="46.94919" lon="4.75192">
        <ele>228.4</ele>
      </trkpt>
      <trkpt lat="46.94916" lon="4.75196">
        <ele>228.8</ele>
      </trkpt>
      <trkpt lat="46.94897" lon="4.7523">
        <ele>228.8</ele>
      </trkpt>
      <trkpt lat="46.94893" lon="4.75238">
        <ele>228.8</ele>
      </trkpt>
      <trkpt lat="46.94881" lon="4.75263">
        <ele>229.4</ele>
      </trkpt>
      <trkpt lat="46.94874" lon="4.75268">
        <ele>229.8</ele>
      </trkpt>
      <trkpt lat="46.94843" lon="4.75348">
        <ele>230.3</ele>
      </trkpt>
      <trkpt lat="46.9484" lon="4.75353">
        <ele>231.1</ele>
      </trkpt>
      <trkpt lat="46.94836" lon="4.75356">
        <ele>231.6</ele>
      </trkpt>
      <trkpt lat="46.94833" lon="4.75356">
        <ele>231.5</ele>
      </trkpt>
      <trkpt lat="46.94814" lon="4.75346">
        <ele>231.9</ele>
      </trkpt>
      <trkpt lat="46.94773" lon="4.75324">
        <ele>231.9</ele>
      </trkpt>
      <trkpt lat="46.9476" lon="4.75314">
        <ele>232.2</ele>
      </trkpt>
      <trkpt lat="46.94744" lon="4.75303">
        <ele>232.6</ele>
      </trkpt>
      <trkpt lat="46.94723" lon="4.75296">
        <ele>233.4</ele>
      </trkpt>
      <trkpt lat="46.94722" lon="4.75295">
        <ele>233.7</ele>
      </trkpt>
      <trkpt lat="46.94702" lon="4.75287">
        <ele>234.1</ele>
      </trkpt>
      <trkpt lat="46.94686" lon="4.75281">
        <ele>234.4</ele>
      </trkpt>
      <trkpt lat="46.94671" lon="4.75278">
        <ele>234.2</ele>
      </trkpt>
      <trkpt lat="46.94653" lon="4.75271">
        <ele>233.6</ele>
      </trkpt>
      <trkpt lat="46.9464" lon="4.75266">
        <ele>233.2</ele>
      </trkpt>
      <trkpt lat="46.94632" lon="4.75265">
        <ele>232.9</ele>
      </trkpt>
      <trkpt lat="46.9462" lon="4.75264">
        <ele>232.6</ele>
      </trkpt>
      <trkpt lat="46.94601" lon="4.75258">
        <ele>232.2</ele>
      </trkpt>
      <trkpt lat="46.94591" lon="4.75255">
        <ele>231.6</ele>
      </trkpt>
      <trkpt lat="46.94563" lon="4.75245">
        <ele>231.0</ele>
      </trkpt>
      <trkpt lat="46.94551" lon="4.75246">
        <ele>230.5</ele>
      </trkpt>
      <trkpt lat="46.94551" lon="4.75242">
        <ele>229.9</ele>
      </trkpt>
      <trkpt lat="46.9455" lon="4.75238">
        <ele>229.6</ele>
      </trkpt>
      <trkpt lat="46.94548" lon="4.75235">
        <ele>229.6</ele>
      </trkpt>
      <trkpt lat="46.94546" lon="4.75232">
        <ele>229.7</ele>
      </trkpt>
      <trkpt lat="46.94543" lon="4.75232">
        <ele>230.0</ele>
      </trkpt>
      <trkpt lat="46.94546" lon="4.75221">
        <ele>230.3</ele>
      </trkpt>
      <trkpt lat="46.94551" lon="4.75202">
        <ele>230.9</ele>
      </trkpt>
      <trkpt lat="46.94557" lon="4.75176">
        <ele>231.8</ele>
      </trkpt>
      <trkpt lat="46.94559" lon="4.75101">
        <ele>232.7</ele>
      </trkpt>
      <trkpt lat="46.94564" lon="4.75064">
        <ele>233.3</ele>
      </trkpt>
      <trkpt lat="46.94575" lon="4.75004">
        <ele>234.1</ele>
      </trkpt>
      <trkpt lat="46.94576" lon="4.75">
        <ele>234.3</ele>
      </trkpt>
      <trkpt lat="46.9458" lon="4.74966">
        <ele>234.2</ele>
      </trkpt>
      <trkpt lat="46.94584" lon="4.74926">
        <ele>234.1</ele>
      </trkpt>
      <trkpt lat="46.94591" lon="4.74868">
        <ele>235.0</ele>
      </trkpt>
      <trkpt lat="46.94595" lon="4.74832">
        <ele>236.3</ele>
      </trkpt>
      <trkpt lat="46.94626" lon="4.7458">
        <ele>237.7</ele>
      </trkpt>
      <trkpt lat="46.94642" lon="4.74439">
        <ele>239.3</ele>
      </trkpt>
      <trkpt lat="46.94645" lon="4.74376">
        <ele>240.6</ele>
      </trkpt>
      <trkpt lat="46.94631" lon="4.74367">
        <ele>240.7</ele>
      </trkpt>
      <trkpt lat="46.94616" lon="4.7436">
        <ele>240.6</ele>
      </trkpt>
      <trkpt lat="46.94565" lon="4.74336">
        <ele>240.6</ele>
      </trkpt>
      <trkpt lat="46.94501" lon="4.74298">
        <ele>240.8</ele>
      </trkpt>
      <trkpt lat="46.94477" lon="4.7428">
        <ele>241.4</ele>
      </trkpt>
      <trkpt lat="46.94447" lon="4.74251">
        <ele>242.4</ele>
      </trkpt>
      <trkpt lat="46.94427" lon="4.7423">
        <ele>243.3</ele>
      </trkpt>
      <trkpt lat="46.94397" lon="4.74198">
        <ele>243.9</ele>
      </trkpt>
      <trkpt lat="46.94351" lon="4.74156">
        <ele>244.5</ele>
      </trkpt>
      <trkpt lat="46.94334" lon="4.7413">
        <ele>244.9</ele>
      </trkpt>
      <trkpt lat="46.94313" lon="4.74088">
        <ele>244.9</ele>
      </trkpt>
      <trkpt lat="46.94291" lon="4.74062">
        <ele>244.6</ele>
      </trkpt>
      <trkpt lat="46.94251" lon="4.74028">
        <ele>244.2</ele>
      </trkpt>
      <trkpt lat="46.94192" lon="4.73981">
        <ele>243.8</ele>
      </trkpt>
      <trkpt lat="46.94187" lon="4.73984">
        <ele>243.3</ele>
      </trkpt>
      <trkpt lat="46.94185" lon="4.73988">
        <ele>242.9</ele>
      </trkpt>
      <trkpt lat="46.94178" lon="4.74005">
        <ele>241.8</ele>
      </trkpt>
      <trkpt lat="46.94173" lon="4.74006">
        <ele>240.9</ele>
      </trkpt>
      <trkpt lat="46.94115" lon="4.73947">
        <ele>240.2</ele>
      </trkpt>
      <trkpt lat="46.94112" lon="4.7398">
        <ele>239.4</ele>
      </trkpt>
      <trkpt lat="46.94108" lon="4.74003">
        <ele>237.8</ele>
      </trkpt>
      <trkpt lat="46.941" lon="4.74026">
        <ele>237.0</ele>
      </trkpt>
      <trkpt lat="46.94067" lon="4.74109">
        <ele>236.5</ele>
      </trkpt>
      <trkpt lat="46.9402" lon="4.74208">
        <ele>235.5</ele>
      </trkpt>
      <trkpt lat="46.94019" lon="4.74211">
        <ele>234.0</ele>
      </trkpt>
      <trkpt lat="46.93987" lon="4.74273">
        <ele>233.7</ele>
      </trkpt>
      <trkpt lat="46.93925" lon="4.74452">
        <ele>233.4</ele>
      </trkpt>
      <trkpt lat="46.93906" lon="4.74508">
        <ele>232.1</ele>
      </trkpt>
      <trkpt lat="46.93884" lon="4.74563">
        <ele>231.1</ele>
      </trkpt>
      <trkpt lat="46.93861" lon="4.74542">
        <ele>230.8</ele>
      </trkpt>
      <trkpt lat="46.93844" lon="4.74525">
        <ele>230.8</ele>
      </trkpt>
      <trkpt lat="46.93801" lon="4.74472">
        <ele>230.8</ele>
      </trkpt>
      <trkpt lat="46.93788" lon="4.74451">
        <ele>231.0</ele>
      </trkpt>
      <trkpt lat="46.93779" lon="4.74438">
        <ele>231.8</ele>
      </trkpt>
      <trkpt lat="46.93769" lon="4.74428">
        <ele>231.5</ele>
      </trkpt>
      <trkpt lat="46.93749" lon="4.74419">
        <ele>230.7</ele>
      </trkpt>
      <trkpt lat="46.93731" lon="4.74408">
        <ele>230.0</ele>
      </trkpt>
      <trkpt lat="46.93721" lon="4.74398">
        <ele>229.6</ele>
      </trkpt>
      <trkpt lat="46.93725" lon="4.74368">
        <ele>229.0</ele>
      </trkpt>
      <trkpt lat="46.93752" lon="4.74273">
        <ele>229.5</ele>
      </trkpt>
      <trkpt lat="46.93758" lon="4.74238">
        <ele>229.9</ele>
      </trkpt>
      <trkpt lat="46.93759" lon="4.74203">
        <ele>230.4</ele>
      </trkpt>
      <trkpt lat="46.93759" lon="4.74194">
        <ele>231.0</ele>
      </trkpt>
      <trkpt lat="46.93765" lon="4.74138">
        <ele>231.5</ele>
      </trkpt>
      <trkpt lat="46.93782" lon="4.74073">
        <ele>231.9</ele>
      </trkpt>
      <trkpt lat="46.93798" lon="4.74014">
        <ele>232.3</ele>
      </trkpt>
      <trkpt lat="46.93832" lon="4.73915">
        <ele>233.2</ele>
      </trkpt>
      <trkpt lat="46.93846" lon="4.73867">
        <ele>233.6</ele>
      </trkpt>
      <trkpt lat="46.93865" lon="4.73776">
        <ele>234.2</ele>
      </trkpt>
      <trkpt lat="46.93875" lon="4.7375">
        <ele>234.7</ele>
      </trkpt>
      <trkpt lat="46.93879" lon="4.73738">
        <ele>235.1</ele>
      </trkpt>
      <trkpt lat="46.93879" lon="4.73731">
        <ele>235.2</ele>
      </trkpt>
      <trkpt lat="46.93877" lon="4.7368">
        <ele>235.9</ele>
      </trkpt>
      <trkpt lat="46.93808" lon="4.73565">
        <ele>236.5</ele>
      </trkpt>
      <trkpt lat="46.93809" lon="4.73461">
        <ele>237.5</ele>
      </trkpt>
      <trkpt lat="46.93804" lon="4.73369">
        <ele>238.9</ele>
      </trkpt>
      <trkpt lat="46.9381" lon="4.73331">
        <ele>239.9</ele>
      </trkpt>
      <trkpt lat="46.93811" lon="4.73317">
        <ele>240.9</ele>
      </trkpt>
      <trkpt lat="46.93799" lon="4.73294">
        <ele>241.7</ele>
      </trkpt>
      <trkpt lat="46.93788" lon="4.73271">
        <ele>242.9</ele>
      </trkpt>
      <trkpt lat="46.93777" lon="4.73257">
        <ele>244.4</ele>
      </trkpt>
      <trkpt lat="46.93809" lon="4.7316">
        <ele>246.1</ele>
      </trkpt>
      <trkpt lat="46.93818" lon="4.73129">
        <ele>247.9</ele>
      </trkpt>
      <trkpt lat="46.9382" lon="4.73118">
        <ele>249.6</ele>
      </trkpt>
      <trkpt lat="46.93823" lon="4.73097">
        <ele>250.4</ele>
      </trkpt>
      <trkpt lat="46.93823" lon="4.73086">
        <ele>251.3</ele>
      </trkpt>
      <trkpt lat="46.93824" lon="4.73052">
        <ele>251.9</ele>
      </trkpt>
      <trkpt lat="46.93824" lon="4.7303">
        <ele>252.4</ele>
      </trkpt>
      <trkpt lat="46.93823" lon="4.72994">
        <ele>252.7</ele>
      </trkpt>
      <trkpt lat="46.93815" lon="4.72977">
        <ele>253.5</ele>
      </trkpt>
      <trkpt lat="46.93802" lon="4.72968">
        <ele>253.6</ele>
      </trkpt>
      <trkpt lat="46.9378" lon="4.72953">
        <ele>253.9</ele>
      </trkpt>
      <trkpt lat="46.93761" lon="4.72939">
        <ele>254.1</ele>
      </trkpt>
      <trkpt lat="46.9372" lon="4.72912">
        <ele>254.1</ele>
      </trkpt>
      <trkpt lat="46.93714" lon="4.72908">
        <ele>254.0</ele>
      </trkpt>
      <trkpt lat="46.93687" lon="4.72882">
        <ele>253.8</ele>
      </trkpt>
      <trkpt lat="46.93673" lon="4.72854">
        <ele>253.9</ele>
      </trkpt>
      <trkpt lat="46.93671" lon="4.72851">
        <ele>253.9</ele>
      </trkpt>
      <trkpt lat="46.93653" lon="4.72802">
        <ele>254.2</ele>
      </trkpt>
      <trkpt lat="46.93629" lon="4.72747">
        <ele>255.3</ele>
      </trkpt>
      <trkpt lat="46.93627" lon="4.72742">
        <ele>256.2</ele>
      </trkpt>
      <trkpt lat="46.93604" lon="4.72692">
        <ele>256.4</ele>
      </trkpt>
      <trkpt lat="46.93587" lon="4.72666">
        <ele>256.8</ele>
      </trkpt>
      <trkpt lat="46.93577" lon="4.72653">
        <ele>257.0</ele>
      </trkpt>
      <trkpt lat="46.93571" lon="4.72646">
        <ele>256.6</ele>
      </trkpt>
      <trkpt lat="46.93552" lon="4.72613">
        <ele>256.2</ele>
      </trkpt>
      <trkpt lat="46.93551" lon="4.72609">
        <ele>256.8</ele>
      </trkpt>
      <trkpt lat="46.93548" lon="4.72594">
        <ele>258.7</ele>
      </trkpt>
      <trkpt lat="46.93546" lon="4.72573">
        <ele>260.8</ele>
      </trkpt>
      <trkpt lat="46.9355" lon="4.72531">
        <ele>262.9</ele>
      </trkpt>
      <trkpt lat="46.93551" lon="4.72511">
        <ele>264.8</ele>
      </trkpt>
      <trkpt lat="46.93549" lon="4.72509">
        <ele>266.6</ele>
      </trkpt>
      <trkpt lat="46.93541" lon="4.72499">
        <ele>266.6</ele>
      </trkpt>
      <trkpt lat="46.93531" lon="4.72489">
        <ele>266.9</ele>
      </trkpt>
      <trkpt lat="46.93514" lon="4.72466">
        <ele>267.0</ele>
      </trkpt>
      <trkpt lat="46.93511" lon="4.72459">
        <ele>267.3</ele>
      </trkpt>
      <trkpt lat="46.93504" lon="4.72444">
        <ele>267.0</ele>
      </trkpt>
      <trkpt lat="46.93496" lon="4.72427">
        <ele>267.0</ele>
      </trkpt>
      <trkpt lat="46.93483" lon="4.72393">
        <ele>266.7</ele>
      </trkpt>
      <trkpt lat="46.93473" lon="4.72379">
        <ele>266.5</ele>
      </trkpt>
      <trkpt lat="46.93467" lon="4.72375">
        <ele>266.2</ele>
      </trkpt>
      <trkpt lat="46.93464" lon="4.72375">
        <ele>265.5</ele>
      </trkpt>
      <trkpt lat="46.93462" lon="4.72377">
        <ele>265.1</ele>
      </trkpt>
      <trkpt lat="46.93443" lon="4.72403">
        <ele>264.1</ele>
      </trkpt>
      <trkpt lat="46.93437" lon="4.72416">
        <ele>263.2</ele>
      </trkpt>
      <trkpt lat="46.93432" lon="4.72457">
        <ele>261.7</ele>
      </trkpt>
      <trkpt lat="46.93431" lon="4.72479">
        <ele>260.9</ele>
      </trkpt>
      <trkpt lat="46.9343" lon="4.72487">
        <ele>259.0</ele>
      </trkpt>
      <trkpt lat="46.93428" lon="4.72528">
        <ele>256.9</ele>
      </trkpt>
      <trkpt lat="46.93419" lon="4.72564">
        <ele>253.6</ele>
      </trkpt>
      <trkpt lat="46.9341" lon="4.72594">
        <ele>249.6</ele>
      </trkpt>
      <trkpt lat="46.93382" lon="4.72685">
        <ele>245.7</ele>
      </trkpt>
      <trkpt lat="46.93337" lon="4.72782">
        <ele>242.7</ele>
      </trkpt>
      <trkpt lat="46.93281" lon="4.72711">
        <ele>239.8</ele>
      </trkpt>
      <trkpt lat="46.93259" lon="4.72739">
        <ele>237.7</ele>
      </trkpt>
      <trkpt lat="46.93232" lon="4.72791">
        <ele>236.8</ele>
      </trkpt>
      <trkpt lat="46.93207" lon="4.72828">
        <ele>235.0</ele>
      </trkpt>
      <trkpt lat="46.93198" lon="4.72843">
        <ele>233.2</ele>
      </trkpt>
      <trkpt lat="46.9313" lon="4.72898">
        <ele>231.9</ele>
      </trkpt>
      <trkpt lat="46.93125" lon="4.72903">
        <ele>230.7</ele>
      </trkpt>
      <trkpt lat="46.93109" lon="4.72926">
        <ele>229.1</ele>
      </trkpt>
      <trkpt lat="46.93104" lon="4.72934">
        <ele>228.2</ele>
      </trkpt>
      <trkpt lat="46.93028" lon="4.7308">
        <ele>227.2</ele>
      </trkpt>
      <trkpt lat="46.93022" lon="4.73088">
        <ele>226.4</ele>
      </trkpt>
      <trkpt lat="46.93017" lon="4.73093">
        <ele>225.6</ele>
      </trkpt>
      <trkpt lat="46.93008" lon="4.73099">
        <ele>225.5</ele>
      </trkpt>
      <trkpt lat="46.93006" lon="4.73101">
        <ele>225.4</ele>
      </trkpt>
      <trkpt lat="46.93004" lon="4.731">
        <ele>225.3</ele>
      </trkpt>
      <trkpt lat="46.92992" lon="4.73088">
        <ele>225.0</ele>
      </trkpt>
      <trkpt lat="46.92942" lon="4.73045">
        <ele>224.6</ele>
      </trkpt>
      <trkpt lat="46.92862" lon="4.72964">
        <ele>224.1</ele>
      </trkpt>
      <trkpt lat="46.92857" lon="4.7296">
        <ele>223.6</ele>
      </trkpt>
      <trkpt lat="46.92771" lon="4.7289">
        <ele>223.0</ele>
      </trkpt>
      <trkpt lat="46.92743" lon="4.72873">
        <ele>222.8</ele>
      </trkpt>
      <trkpt lat="46.92684" lon="4.7283">
        <ele>222.5</ele>
      </trkpt>
      <trkpt lat="46.92648" lon="4.72793">
        <ele>222.3</ele>
      </trkpt>
      <trkpt lat="46.92605" lon="4.72738">
        <ele>222.2</ele>
      </trkpt>
      <trkpt lat="46.92517" lon="4.72648">
        <ele>222.1</ele>
      </trkpt>
      <trkpt lat="46.92513" lon="4.72644">
        <ele>222.1</ele>
      </trkpt>
      <trkpt lat="46.92467" lon="4.72597">
        <ele>222.1</ele>
      </trkpt>
      <trkpt lat="46.92397" lon="4.72527">
        <ele>222.1</ele>
      </trkpt>
      <trkpt lat="46.92356" lon="4.72515">
        <ele>222.1</ele>
      </trkpt>
      <trkpt lat="46.92326" lon="4.7252">
        <ele>222.1</ele>
      </trkpt>
      <trkpt lat="46.92304" lon="4.72519">
        <ele>222.2</ele>
      </trkpt>
      <trkpt lat="46.92275" lon="4.72508">
        <ele>222.6</ele>
      </trkpt>
      <trkpt lat="46.92244" lon="4.72489">
        <ele>223.5</ele>
      </trkpt>
      <trkpt lat="46.92202" lon="4.72465">
        <ele>224.3</ele>
      </trkpt>
      <trkpt lat="46.92178" lon="4.72452">
        <ele>225.3</ele>
      </trkpt>
      <trkpt lat="46.92176" lon="4.72451">
        <ele>225.8</ele>
      </trkpt>
      <trkpt lat="46.92113" lon="4.72385">
        <ele>226.1</ele>
      </trkpt>
      <trkpt lat="46.92049" lon="4.72314">
        <ele>226.2</ele>
      </trkpt>
      <trkpt lat="46.92031" lon="4.72296">
        <ele>226.2</ele>
      </trkpt>
      <trkpt lat="46.92015" lon="4.72285">
        <ele>225.9</ele>
      </trkpt>
      <trkpt lat="46.92002" lon="4.72281">
        <ele>225.6</ele>
      </trkpt>
      <trkpt lat="46.91958" lon="4.72274">
        <ele>224.9</ele>
      </trkpt>
      <trkpt lat="46.91926" lon="4.72267">
        <ele>224.1</ele>
      </trkpt>
      <trkpt lat="46.91883" lon="4.72257">
        <ele>223.3</ele>
      </trkpt>
      <trkpt lat="46.91876" lon="4.72257">
        <ele>222.6</ele>
      </trkpt>
      <trkpt lat="46.91868" lon="4.72258">
        <ele>221.9</ele>
      </trkpt>
      <trkpt lat="46.91859" lon="4.7226">
        <ele>221.4</ele>
      </trkpt>
      <trkpt lat="46.91841" lon="4.72268">
        <ele>220.9</ele>
      </trkpt>
      <trkpt lat="46.91824" lon="4.72274">
        <ele>220.4</ele>
      </trkpt>
      <trkpt lat="46.91815" lon="4.72276">
        <ele>219.9</ele>
      </trkpt>
      <trkpt lat="46.91806" lon="4.72277">
        <ele>219.6</ele>
      </trkpt>
      <trkpt lat="46.91797" lon="4.72277">
        <ele>219.2</ele>
      </trkpt>
      <trkpt lat="46.91783" lon="4.72275">
        <ele>218.4</ele>
      </trkpt>
      <trkpt lat="46.91752" lon="4.72272">
        <ele>217.4</ele>
      </trkpt>
      <trkpt lat="46.91674" lon="4.72281">
        <ele>216.5</ele>
      </trkpt>
      <trkpt lat="46.9165" lon="4.72279">
        <ele>215.6</ele>
      </trkpt>
      <trkpt lat="46.91643" lon="4.72274">
        <ele>215.0</ele>
      </trkpt>
      <trkpt lat="46.91609" lon="4.72229">
        <ele>214.8</ele>
      </trkpt>
      <trkpt lat="46.91602" lon="4.72186">
        <ele>214.9</ele>
      </trkpt>
      <trkpt lat="46.9159" lon="4.72137">
        <ele>214.9</ele>
      </trkpt>
      <trkpt lat="46.91582" lon="4.72088">
        <ele>215.1</ele>
      </trkpt>
      <trkpt lat="46.91563" lon="4.72031">
        <ele>215.2</ele>
      </trkpt>
      <trkpt lat="46.91556" lon="4.71997">
        <ele>215.1</ele>
      </trkpt>
      <trkpt lat="46.91554" lon="4.7196">
        <ele>215.0</ele>
      </trkpt>
      <trkpt lat="46.91554" lon="4.7195">
        <ele>214.9</ele>
      </trkpt>
      <trkpt lat="46.91556" lon="4.71915">
        <ele>214.8</ele>
      </trkpt>
      <trkpt lat="46.91553" lon="4.71865">
        <ele>214.7</ele>
      </trkpt>
      <trkpt lat="46.91546" lon="4.7179">
        <ele>215.2</ele>
      </trkpt>
      <trkpt lat="46.91539" lon="4.71696">
        <ele>216.1</ele>
      </trkpt>
      <trkpt lat="46.91527" lon="4.71596">
        <ele>216.8</ele>
      </trkpt>
      <trkpt lat="46.91505" lon="4.71494">
        <ele>216.9</ele>
      </trkpt>
      <trkpt lat="46.91502" lon="4.71408">
        <ele>217.1</ele>
      </trkpt>
      <trkpt lat="46.91501" lon="4.71346">
        <ele>217.0</ele>
      </trkpt>
      <trkpt lat="46.915" lon="4.71324">
        <ele>216.1</ele>
      </trkpt>
      <trkpt lat="46.91496" lon="4.71296">
        <ele>216.1</ele>
      </trkpt>
      <trkpt lat="46.91489" lon="4.71274">
        <ele>216.7</ele>
      </trkpt>
      <trkpt lat="46.91453" lon="4.71191">
        <ele>217.7</ele>
      </trkpt>
      <trkpt lat="46.91434" lon="4.71143">
        <ele>218.7</ele>
      </trkpt>
      <trkpt lat="46.91417" lon="4.71093">
        <ele>220.1</ele>
      </trkpt>
      <trkpt lat="46.91416" lon="4.71088">
        <ele>221.2</ele>
      </trkpt>
      <trkpt lat="46.91406" lon="4.71035">
        <ele>222.8</ele>
      </trkpt>
      <trkpt lat="46.91403" lon="4.71007">
        <ele>223.8</ele>
      </trkpt>
      <trkpt lat="46.91403" lon="4.70974">
        <ele>224.8</ele>
      </trkpt>
      <trkpt lat="46.91407" lon="4.70967">
        <ele>225.7</ele>
      </trkpt>
      <trkpt lat="46.91398" lon="4.70923">
        <ele>226.3</ele>
      </trkpt>
      <trkpt lat="46.91396" lon="4.70917">
        <ele>226.7</ele>
      </trkpt>
      <trkpt lat="46.91402" lon="4.70912">
        <ele>227.6</ele>
      </trkpt>
      <trkpt lat="46.91406" lon="4.70897">
        <ele>228.5</ele>
      </trkpt>
      <trkpt lat="46.91413" lon="4.70838">
        <ele>229.5</ele>
      </trkpt>
      <trkpt lat="46.91411" lon="4.70801">
        <ele>230.4</ele>
      </trkpt>
      <trkpt lat="46.91404" lon="4.70754">
        <ele>231.2</ele>
      </trkpt>
      <trkpt lat="46.91387" lon="4.70673">
        <ele>232.0</ele>
      </trkpt>
      <trkpt lat="46.91374" lon="4.70588">
        <ele>232.7</ele>
      </trkpt>
      <trkpt lat="46.91378" lon="4.70531">
        <ele>233.5</ele>
      </trkpt>
      <trkpt lat="46.91394" lon="4.70443">
        <ele>234.0</ele>
      </trkpt>
      <trkpt lat="46.91397" lon="4.70417">
        <ele>234.4</ele>
      </trkpt>
      <trkpt lat="46.91399" lon="4.7031">
        <ele>234.0</ele>
      </trkpt>
      <trkpt lat="46.91391" lon="4.70226">
        <ele>233.8</ele>
      </trkpt>
      <trkpt lat="46.91374" lon="4.7015">
        <ele>232.2</ele>
      </trkpt>
      <trkpt lat="46.9137" lon="4.70134">
        <ele>230.5</ele>
      </trkpt>
      <trkpt lat="46.91229" lon="4.70089">
        <ele>228.6</ele>
      </trkpt>
      <trkpt lat="46.91165" lon="4.70073">
        <ele>227.1</ele>
      </trkpt>
      <trkpt lat="46.91152" lon="4.70072">
        <ele>225.5</ele>
      </trkpt>
      <trkpt lat="46.91142" lon="4.70059">
        <ele>224.9</ele>
      </trkpt>
      <trkpt lat="46.91142" lon="4.70043">
        <ele>224.7</ele>
      </trkpt>
      <trkpt lat="46.91139" lon="4.70027">
        <ele>224.6</ele>
      </trkpt>
      <trkpt lat="46.91136" lon="4.70015">
        <ele>224.6</ele>
      </trkpt>
      <trkpt lat="46.91134" lon="4.70008">
        <ele>223.9</ele>
      </trkpt>
      <trkpt lat="46.9113" lon="4.7">
        <ele>223.8</ele>
      </trkpt>
      <trkpt lat="46.91117" lon="4.69976">
        <ele>223.1</ele>
      </trkpt>
      <trkpt lat="46.911" lon="4.69952">
        <ele>222.1</ele>
      </trkpt>
      <trkpt lat="46.91083" lon="4.69921">
        <ele>221.5</ele>
      </trkpt>
      <trkpt lat="46.9106" lon="4.69883">
        <ele>221.1</ele>
      </trkpt>
      <trkpt lat="46.91053" lon="4.69865">
        <ele>219.9</ele>
      </trkpt>
      <trkpt lat="46.91047" lon="4.69847">
        <ele>219.8</ele>
      </trkpt>
      <trkpt lat="46.91039" lon="4.69817">
        <ele>219.8</ele>
      </trkpt>
      <trkpt lat="46.91034" lon="4.69788">
        <ele>219.5</ele>
      </trkpt>
      <trkpt lat="46.9103" lon="4.6977">
        <ele>219.5</ele>
      </trkpt>
      <trkpt lat="46.91022" lon="4.69754">
        <ele>219.4</ele>
      </trkpt>
      <trkpt lat="46.91" lon="4.69722">
        <ele>218.7</ele>
      </trkpt>
      <trkpt lat="46.90973" lon="4.6969">
        <ele>218.1</ele>
      </trkpt>
      <trkpt lat="46.90941" lon="4.69653">
        <ele>217.3</ele>
      </trkpt>
      <trkpt lat="46.9088" lon="4.69592">
        <ele>216.4</ele>
      </trkpt>
      <trkpt lat="46.90861" lon="4.69576">
        <ele>215.9</ele>
      </trkpt>
      <trkpt lat="46.90834" lon="4.69551">
        <ele>215.6</ele>
      </trkpt>
      <trkpt lat="46.90822" lon="4.69539">
        <ele>215.3</ele>
      </trkpt>
      <trkpt lat="46.90818" lon="4.69534">
        <ele>215.1</ele>
      </trkpt>
      <trkpt lat="46.90813" lon="4.69528">
        <ele>215.2</ele>
      </trkpt>
      <trkpt lat="46.90792" lon="4.6949">
        <ele>215.3</ele>
      </trkpt>
      <trkpt lat="46.90784" lon="4.69474">
        <ele>215.3</ele>
      </trkpt>
      <trkpt lat="46.9078" lon="4.6946">
        <ele>215.3</ele>
      </trkpt>
      <trkpt lat="46.90776" lon="4.69461">
        <ele>215.3</ele>
      </trkpt>
      <trkpt lat="46.90774" lon="4.69461">
        <ele>215.2</ele>
      </trkpt>
      <trkpt lat="46.90766" lon="4.69463">
        <ele>215.2</ele>
      </trkpt>
      <trkpt lat="46.90762" lon="4.69464">
        <ele>215.1</ele>
      </trkpt>
      <trkpt lat="46.90757" lon="4.69465">
        <ele>215.1</ele>
      </trkpt>
      <trkpt lat="46.90753" lon="4.69465">
        <ele>215.2</ele>
      </trkpt>
      <trkpt lat="46.90749" lon="4.69466">
        <ele>215.2</ele>
      </trkpt>
      <trkpt lat="46.90745" lon="4.69466">
        <ele>215.3</ele>
      </trkpt>
      <trkpt lat="46.90742" lon="4.69468">
        <ele>215.1</ele>
      </trkpt>
      <trkpt lat="46.90739" lon="4.6947">
        <ele>214.8</ele>
      </trkpt>
      <trkpt lat="46.90736" lon="4.69472">
        <ele>214.9</ele>
      </trkpt>
      <trkpt lat="46.9073" lon="4.69478">
        <ele>214.6</ele>
      </trkpt>
      <trkpt lat="46.90713" lon="4.69492">
        <ele>214.2</ele>
      </trkpt>
      <trkpt lat="46.90685" lon="4.69514">
        <ele>214.5</ele>
      </trkpt>
      <trkpt lat="46.90668" lon="4.69529">
        <ele>214.7</ele>
      </trkpt>
      <trkpt lat="46.90661" lon="4.69536">
        <ele>214.8</ele>
      </trkpt>
      <trkpt lat="46.90609" lon="4.69544">
        <ele>215.3</ele>
      </trkpt>
      <trkpt lat="46.90552" lon="4.69559">
        <ele>216.3</ele>
      </trkpt>
      <trkpt lat="46.9054" lon="4.69565">
        <ele>216.8</ele>
      </trkpt>
      <trkpt lat="46.90523" lon="4.69573">
        <ele>216.9</ele>
      </trkpt>
      <trkpt lat="46.90513" lon="4.69575">
        <ele>216.7</ele>
      </trkpt>
      <trkpt lat="46.90505" lon="4.69573">
        <ele>217.1</ele>
      </trkpt>
      <trkpt lat="46.90496" lon="4.69569">
        <ele>217.4</ele>
      </trkpt>
      <trkpt lat="46.90489" lon="4.69563">
        <ele>218.1</ele>
      </trkpt>
      <trkpt lat="46.90475" lon="4.69552">
        <ele>219.4</ele>
      </trkpt>
      <trkpt lat="46.90464" lon="4.69541">
        <ele>220.6</ele>
      </trkpt>
      <trkpt lat="46.9043" lon="4.69492">
        <ele>221.5</ele>
      </trkpt>
      <trkpt lat="46.90408" lon="4.69476">
        <ele>222.0</ele>
      </trkpt>
      <trkpt lat="46.90357" lon="4.69462">
        <ele>222.6</ele>
      </trkpt>
      <trkpt lat="46.90341" lon="4.69449">
        <ele>222.6</ele>
      </trkpt>
      <trkpt lat="46.90272" lon="4.69387">
        <ele>222.9</ele>
      </trkpt>
      <trkpt lat="46.90258" lon="4.69368">
        <ele>223.1</ele>
      </trkpt>
      <trkpt lat="46.90255" lon="4.69373">
        <ele>223.2</ele>
      </trkpt>
      <trkpt lat="46.90264" lon="4.69387">
        <ele>223.2</ele>
      </trkpt>
      <trkpt lat="46.90285" lon="4.69415">
        <ele>223.3</ele>
      </trkpt>
      <trkpt lat="46.90308" lon="4.69441">
        <ele>223.2</ele>
      </trkpt>
      <trkpt lat="46.90387" lon="4.69517">
        <ele>223.1</ele>
      </trkpt>
      <trkpt lat="46.90414" lon="4.69552">
        <ele>223.1</ele>
      </trkpt>
      <trkpt lat="46.90424" lon="4.69577">
        <ele>223.1</ele>
      </trkpt>
      <trkpt lat="46.90441" lon="4.69623">
        <ele>223.9</ele>
      </trkpt>
      <trkpt lat="46.90452" lon="4.69654">
        <ele>224.0</ele>
      </trkpt>
      <trkpt lat="46.90462" lon="4.69682">
        <ele>224.4</ele>
      </trkpt>
      <trkpt lat="46.90497" lon="4.69793">
        <ele>225.5</ele>
      </trkpt>
      <trkpt lat="46.90504" lon="4.69834">
        <ele>226.1</ele>
      </trkpt>
      <trkpt lat="46.9051" lon="4.69878">
        <ele>225.9</ele>
      </trkpt>
      <trkpt lat="46.90518" lon="4.69969">
        <ele>225.2</ele>
      </trkpt>
      <trkpt lat="46.9052" lon="4.70054">
        <ele>225.7</ele>
      </trkpt>
      <trkpt lat="46.90516" lon="4.70138">
        <ele>225.1</ele>
      </trkpt>
      <trkpt lat="46.90506" lon="4.70224">
        <ele>225.3</ele>
      </trkpt>
      <trkpt lat="46.90486" lon="4.70372">
        <ele>224.2</ele>
      </trkpt>
      <trkpt lat="46.90459" lon="4.70514">
        <ele>225.2</ele>
      </trkpt>
      <trkpt lat="46.90449" lon="4.70574">
        <ele>224.3</ele>
      </trkpt>
      <trkpt lat="46.90449" lon="4.70604">
        <ele>224.1</ele>
      </trkpt>
      <trkpt lat="46.90452" lon="4.70634">
        <ele>223.4</ele>
      </trkpt>
      <trkpt lat="46.90461" lon="4.70664">
        <ele>224.1</ele>
      </trkpt>
      <trkpt lat="46.9047" lon="4.70681">
        <ele>224.0</ele>
      </trkpt>
      <trkpt lat="46.90484" lon="4.70702">
        <ele>224.9</ele>
      </trkpt>
      <trkpt lat="46.90491" lon="4.70722">
        <ele>225.1</ele>
      </trkpt>
      <trkpt lat="46.90494" lon="4.70741">
        <ele>225.3</ele>
      </trkpt>
      <trkpt lat="46.90496" lon="4.70796">
        <ele>225.7</ele>
      </trkpt>
      <trkpt lat="46.90496" lon="4.708">
        <ele>226.3</ele>
      </trkpt>
      <trkpt lat="46.90499" lon="4.7085">
        <ele>224.8</ele>
      </trkpt>
      <trkpt lat="46.905" lon="4.7086">
        <ele>224.7</ele>
      </trkpt>
      <trkpt lat="46.90503" lon="4.70868">
        <ele>224.9</ele>
      </trkpt>
      <trkpt lat="46.90502" lon="4.70881">
        <ele>224.4</ele>
      </trkpt>
      <trkpt lat="46.90494" lon="4.70893">
        <ele>223.3</ele>
      </trkpt>
      <trkpt lat="46.90494" lon="4.70919">
        <ele>225.1</ele>
      </trkpt>
      <trkpt lat="46.90496" lon="4.70947">
        <ele>225.6</ele>
      </trkpt>
      <trkpt lat="46.90485" lon="4.70988">
        <ele>225.7</ele>
      </trkpt>
      <trkpt lat="46.90477" lon="4.71021">
        <ele>226.3</ele>
      </trkpt>
      <trkpt lat="46.90474" lon="4.71061">
        <ele>227.5</ele>
      </trkpt>
      <trkpt lat="46.90476" lon="4.71083">
        <ele>227.2</ele>
      </trkpt>
      <trkpt lat="46.9048" lon="4.71106">
        <ele>226.1</ele>
      </trkpt>
      <trkpt lat="46.90498" lon="4.71156">
        <ele>226.0</ele>
      </trkpt>
      <trkpt lat="46.90517" lon="4.71209">
        <ele>225.2</ele>
      </trkpt>
      <trkpt lat="46.90569" lon="4.71359">
        <ele>224.5</ele>
      </trkpt>
      <trkpt lat="46.90605" lon="4.71464">
        <ele>224.3</ele>
      </trkpt>
      <trkpt lat="46.90629" lon="4.71527">
        <ele>225.2</ele>
      </trkpt>
      <trkpt lat="46.90666" lon="4.7161">
        <ele>224.9</ele>
      </trkpt>
      <trkpt lat="46.90703" lon="4.71691">
        <ele>224.9</ele>
      </trkpt>
      <trkpt lat="46.90718" lon="4.71729">
        <ele>224.3</ele>
      </trkpt>
      <trkpt lat="46.90734" lon="4.71839">
        <ele>223.0</ele>
      </trkpt>
      <trkpt lat="46.90743" lon="4.71896">
        <ele>222.2</ele>
      </trkpt>
      <trkpt lat="46.90742" lon="4.71903">
        <ele>221.8</ele>
      </trkpt>
      <trkpt lat="46.90741" lon="4.71916">
        <ele>221.5</ele>
      </trkpt>
      <trkpt lat="46.90732" lon="4.71941">
        <ele>221.0</ele>
      </trkpt>
      <trkpt lat="46.90719" lon="4.71961">
        <ele>220.7</ele>
      </trkpt>
      <trkpt lat="46.90708" lon="4.71972">
        <ele>220.1</ele>
      </trkpt>
      <trkpt lat="46.90697" lon="4.71981">
        <ele>219.7</ele>
      </trkpt>
      <trkpt lat="46.90686" lon="4.7199">
        <ele>219.5</ele>
      </trkpt>
      <trkpt lat="46.90671" lon="4.71997">
        <ele>219.8</ele>
      </trkpt>
      <trkpt lat="46.90654" lon="4.72022">
        <ele>220.3</ele>
      </trkpt>
      <trkpt lat="46.90633" lon="4.72069">
        <ele>220.4</ele>
      </trkpt>
      <trkpt lat="46.90631" lon="4.72084">
        <ele>220.9</ele>
      </trkpt>
      <trkpt lat="46.90633" lon="4.72114">
        <ele>221.3</ele>
      </trkpt>
      <trkpt lat="46.90633" lon="4.72141">
        <ele>221.1</ele>
      </trkpt>
      <trkpt lat="46.90627" lon="4.7219">
        <ele>221.4</ele>
      </trkpt>
      <trkpt lat="46.90624" lon="4.72244">
        <ele>221.6</ele>
      </trkpt>
      <trkpt lat="46.90625" lon="4.72269">
        <ele>222.2</ele>
      </trkpt>
      <trkpt lat="46.90628" lon="4.7229">
        <ele>222.8</ele>
      </trkpt>
      <trkpt lat="46.90633" lon="4.72318">
        <ele>224.0</ele>
      </trkpt>
      <trkpt lat="46.9064" lon="4.72345">
        <ele>224.4</ele>
      </trkpt>
      <trkpt lat="46.90663" lon="4.7241">
        <ele>224.3</ele>
      </trkpt>
      <trkpt lat="46.90672" lon="4.72449">
        <ele>223.4</ele>
      </trkpt>
      <trkpt lat="46.90675" lon="4.72539">
        <ele>223.1</ele>
      </trkpt>
      <trkpt lat="46.90684" lon="4.72601">
        <ele>222.6</ele>
      </trkpt>
      <trkpt lat="46.90708" lon="4.72674">
        <ele>222.1</ele>
      </trkpt>
      <trkpt lat="46.90728" lon="4.72717">
        <ele>222.8</ele>
      </trkpt>
      <trkpt lat="46.90731" lon="4.72736">
        <ele>223.5</ele>
      </trkpt>
      <trkpt lat="46.90731" lon="4.72748">
        <ele>224.0</ele>
      </trkpt>
      <trkpt lat="46.90729" lon="4.72777">
        <ele>223.8</ele>
      </trkpt>
      <trkpt lat="46.90728" lon="4.72815">
        <ele>224.1</ele>
      </trkpt>
      <trkpt lat="46.9073" lon="4.72853">
        <ele>224.3</ele>
      </trkpt>
      <trkpt lat="46.90738" lon="4.7288">
        <ele>224.3</ele>
      </trkpt>
      <trkpt lat="46.90747" lon="4.72906">
        <ele>223.8</ele>
      </trkpt>
      <trkpt lat="46.90773" lon="4.72948">
        <ele>223.9</ele>
      </trkpt>
      <trkpt lat="46.90822" lon="4.73027">
        <ele>223.7</ele>
      </trkpt>
      <trkpt lat="46.90843" lon="4.73065">
        <ele>223.2</ele>
      </trkpt>
      <trkpt lat="46.90862" lon="4.73111">
        <ele>222.7</ele>
      </trkpt>
      <trkpt lat="46.90867" lon="4.73128">
        <ele>223.1</ele>
      </trkpt>
      <trkpt lat="46.90868" lon="4.73141">
        <ele>223.3</ele>
      </trkpt>
      <trkpt lat="46.90869" lon="4.73158">
        <ele>222.7</ele>
      </trkpt>
      <trkpt lat="46.90864" lon="4.73238">
        <ele>222.9</ele>
      </trkpt>
      <trkpt lat="46.90865" lon="4.73257">
        <ele>223.0</ele>
      </trkpt>
      <trkpt lat="46.90869" lon="4.73267">
        <ele>222.7</ele>
      </trkpt>
      <trkpt lat="46.90874" lon="4.73279">
        <ele>222.3</ele>
      </trkpt>
      <trkpt lat="46.90887" lon="4.73299">
        <ele>222.4</ele>
      </trkpt>
      <trkpt lat="46.90895" lon="4.73308">
        <ele>221.9</ele>
      </trkpt>
      <trkpt lat="46.90918" lon="4.73322">
        <ele>221.4</ele>
      </trkpt>
      <trkpt lat="46.90937" lon="4.73336">
        <ele>220.9</ele>
      </trkpt>
      <trkpt lat="46.90951" lon="4.73355">
        <ele>220.7</ele>
      </trkpt>
      <trkpt lat="46.90962" lon="4.73377">
        <ele>220.5</ele>
      </trkpt>
      <trkpt lat="46.90975" lon="4.73419">
        <ele>221.3</ele>
      </trkpt>
      <trkpt lat="46.91019" lon="4.73637">
        <ele>221.4</ele>
      </trkpt>
      <trkpt lat="46.91025" lon="4.73665">
        <ele>222.1</ele>
      </trkpt>
      <trkpt lat="46.91026" lon="4.73687">
        <ele>222.8</ele>
      </trkpt>
      <trkpt lat="46.91025" lon="4.73761">
        <ele>224.3</ele>
      </trkpt>
      <trkpt lat="46.91028" lon="4.73797">
        <ele>224.9</ele>
      </trkpt>
      <trkpt lat="46.91034" lon="4.73828">
        <ele>226.9</ele>
      </trkpt>
      <trkpt lat="46.9105" lon="4.73896">
        <ele>227.4</ele>
      </trkpt>
      <trkpt lat="46.91068" lon="4.73951">
        <ele>227.3</ele>
      </trkpt>
      <trkpt lat="46.91084" lon="4.74012">
        <ele>225.8</ele>
      </trkpt>
      <trkpt lat="46.911" lon="4.7407">
        <ele>224.3</ele>
      </trkpt>
      <trkpt lat="46.91104" lon="4.74099">
        <ele>221.9</ele>
      </trkpt>
      <trkpt lat="46.91106" lon="4.74129">
        <ele>219.9</ele>
      </trkpt>
      <trkpt lat="46.91105" lon="4.74156">
        <ele>218.5</ele>
      </trkpt>
      <trkpt lat="46.91103" lon="4.74168">
        <ele>218.1</ele>
      </trkpt>
      <trkpt lat="46.91098" lon="4.74183">
        <ele>219.0</ele>
      </trkpt>
      <trkpt lat="46.91083" lon="4.7422">
        <ele>219.5</ele>
      </trkpt>
      <trkpt lat="46.9107" lon="4.7425">
        <ele>221.3</ele>
      </trkpt>
      <trkpt lat="46.91064" lon="4.74262">
        <ele>221.5</ele>
      </trkpt>
      <trkpt lat="46.9104" lon="4.74291">
        <ele>222.3</ele>
      </trkpt>
      <trkpt lat="46.9102" lon="4.74313">
        <ele>220.2</ele>
      </trkpt>
      <trkpt lat="46.91009" lon="4.74323">
        <ele>219.9</ele>
      </trkpt>
      <trkpt lat="46.90993" lon="4.74335">
        <ele>219.2</ele>
      </trkpt>
      <trkpt lat="46.90983" lon="4.74341">
        <ele>219.6</ele>
      </trkpt>
      <trkpt lat="46.90957" lon="4.74351">
        <ele>219.2</ele>
      </trkpt>
      <trkpt lat="46.90925" lon="4.74364">
        <ele>220.7</ele>
      </trkpt>
      <trkpt lat="46.90895" lon="4.74377">
        <ele>220.9</ele>
      </trkpt>
      <trkpt lat="46.90884" lon="4.74384">
        <ele>220.9</ele>
      </trkpt>
      <trkpt lat="46.90869" lon="4.74396">
        <ele>221.4</ele>
      </trkpt>
      <trkpt lat="46.90853" lon="4.74415">
        <ele>221.7</ele>
      </trkpt>
      <trkpt lat="46.90842" lon="4.74433">
        <ele>222.0</ele>
      </trkpt>
      <trkpt lat="46.90815" lon="4.74492">
        <ele>222.1</ele>
      </trkpt>
      <trkpt lat="46.90802" lon="4.74511">
        <ele>221.9</ele>
      </trkpt>
      <trkpt lat="46.90784" lon="4.74533">
        <ele>222.2</ele>
      </trkpt>
      <trkpt lat="46.9076" lon="4.74557">
        <ele>222.7</ele>
      </trkpt>
      <trkpt lat="46.90711" lon="4.74607">
        <ele>222.6</ele>
      </trkpt>
      <trkpt lat="46.90681" lon="4.74643">
        <ele>222.5</ele>
      </trkpt>
      <trkpt lat="46.90678" lon="4.74647">
        <ele>223.1</ele>
      </trkpt>
      <trkpt lat="46.90686" lon="4.74663">
        <ele>220.2</ele>
      </trkpt>
      <trkpt lat="46.90695" lon="4.74701">
        <ele>219.8</ele>
      </trkpt>
      <trkpt lat="46.90709" lon="4.74765">
        <ele>217.7</ele>
      </trkpt>
      <trkpt lat="46.90712" lon="4.7477">
        <ele>217.3</ele>
      </trkpt>
      <trkpt lat="46.90717" lon="4.74774">
        <ele>216.9</ele>
      </trkpt>
      <trkpt lat="46.90722" lon="4.74776">
        <ele>216.7</ele>
      </trkpt>
      <trkpt lat="46.90734" lon="4.74776">
        <ele>216.2</ele>
      </trkpt>
      <trkpt lat="46.90741" lon="4.74773">
        <ele>216.2</ele>
      </trkpt>
      <trkpt lat="46.9075" lon="4.74766">
        <ele>216.2</ele>
      </trkpt>
      <trkpt lat="46.90816" lon="4.7469">
        <ele>214.5</ele>
      </trkpt>
      <trkpt lat="46.90821" lon="4.74687">
        <ele>214.3</ele>
      </trkpt>
      <trkpt lat="46.90825" lon="4.74686">
        <ele>214.0</ele>
      </trkpt>
      <trkpt lat="46.90829" lon="4.74687">
        <ele>213.6</ele>
      </trkpt>
      <trkpt lat="46.90836" lon="4.74693">
        <ele>212.9</ele>
      </trkpt>
      <trkpt lat="46.90866" lon="4.7473">
        <ele>210.0</ele>
      </trkpt>
      <trkpt lat="46.90885" lon="4.74751">
        <ele>208.5</ele>
      </trkpt>
      <trkpt lat="46.90877" lon="4.74775">
        <ele>208.9</ele>
      </trkpt>
      <trkpt lat="46.90864" lon="4.74834">
        <ele>209.5</ele>
      </trkpt>
      <trkpt lat="46.90861" lon="4.74853">
        <ele>209.7</ele>
      </trkpt>
      <trkpt lat="46.90861" lon="4.7486">
        <ele>209.8</ele>
      </trkpt>
      <trkpt lat="46.90862" lon="4.74871">
        <ele>209.8</ele>
      </trkpt>
      <trkpt lat="46.90871" lon="4.74917">
        <ele>209.6</ele>
      </trkpt>
      <trkpt lat="46.90883" lon="4.74967">
        <ele>209.6</ele>
      </trkpt>
      <trkpt lat="46.90886" lon="4.74975">
        <ele>209.5</ele>
      </trkpt>
    </trkseg>
  </trk>
</gpx>
